"DESCRIPTION","DURATION IN MS","NAME","PARENT SUITE","START TIME","STATUS","STOP TIME","SUB SUITE","SUITE","TEST CLASS","TEST METHOD"
"","2","test_rpc_node_is_synced[Test for Encointer, url: wss://encointer-kusama.dotters.network]","tests","Sat May 03 09:20:34 GMT 2025","passed","Sat May 03 09:20:34 GMT 2025","","test_substrate_node_is_synced","",""
"","78","test_rpc_method_is_available[Test for XX network, url: wss://xxnetwork-rpc.dwellir.com]","tests","Sat May 03 09:21:14 GMT 2025","passed","Sat May 03 09:21:14 GMT 2025","","test_rpc_methods_availability","",""
"","6","test_has_new_assets[Test for Curio]","tests","Sat May 03 09:19:20 GMT 2025","passed","Sat May 03 09:19:20 GMT 2025","TestAssets","test_check_new_assets","",""
"","0","test_chainId[Test for Subsocial]","tests","Sat May 03 09:18:20 GMT 2025","passed","Sat May 03 09:18:20 GMT 2025","TestChainId","test_network_parameters","",""
"","110","test_rpc_node_is_synced[Test for Kusama, url: wss://rpc-kusama-2.novasama-tech.org]","tests","Sat May 03 09:18:49 GMT 2025","passed","Sat May 03 09:18:49 GMT 2025","","test_substrate_node_is_synced","",""
"","0","test_can_create_connection[Test for Kintsugi, url: wss://api-kusama.interlay.io/parachain]","tests","Sat May 03 09:18:50 GMT 2025","passed","Sat May 03 09:18:50 GMT 2025","","test_nodes_availability","",""
"","222","test_rpc_node_is_synced[Test for DeepBrain, url: wss://info.dbcwallet.io]","tests","Sat May 03 09:21:42 GMT 2025","passed","Sat May 03 09:21:43 GMT 2025","","test_substrate_node_is_synced","",""
"","0","test_can_create_connection[Test for Hyperbridge Nexus, url: wss://nexus.ibp.network]","tests","Sat May 03 09:21:17 GMT 2025","passed","Sat May 03 09:21:17 GMT 2025","","test_nodes_availability","",""
"","7","test_has_new_assets[Test for Crust Polkadot Parachain]","tests","Sat May 03 09:18:58 GMT 2025","passed","Sat May 03 09:18:58 GMT 2025","TestAssets","test_check_new_assets","",""
"","0","test_rpc_node_is_synced[Test for KILT, url: wss://kilt-rpc.dwellir.com]","tests","Sat May 03 09:19:23 GMT 2025","broken","Sat May 03 09:19:23 GMT 2025","","test_substrate_node_is_synced","",""
"","94","test_rpc_method_is_available[Test for Moonbeam, url: wss://moonbeam.public.blastapi.io]","tests","Sat May 03 09:18:29 GMT 2025","passed","Sat May 03 09:18:29 GMT 2025","","test_rpc_methods_availability","",""
"","0","test_can_create_connection[Test for UNIQUE, url: wss://us-ws.unique.network/]","tests","Sat May 03 09:20:21 GMT 2025","passed","Sat May 03 09:20:21 GMT 2025","","test_nodes_availability","",""
"","67","test_rpc_method_is_available[Test for Centrifuge Parachain, url: wss://fullnode.centrifuge.io]","tests","Sat May 03 09:19:34 GMT 2025","passed","Sat May 03 09:19:34 GMT 2025","","test_rpc_methods_availability","",""
"","2","test_rpc_node_is_synced[Test for Kusama Coretime, url: wss://rpc-coretime-kusama.luckyfriday.io]","tests","Sat May 03 09:21:58 GMT 2025","passed","Sat May 03 09:21:58 GMT 2025","","test_substrate_node_is_synced","",""
"","75","test_rpc_method_is_available[Test for Creditcoin, url: wss://mainnet3.creditcoin.network]","tests","Sat May 03 09:21:37 GMT 2025","passed","Sat May 03 09:21:37 GMT 2025","","test_rpc_methods_availability","",""
"","0","test_can_create_connection[Test for Polkadot Collectives, url: wss://collectives.public.curie.radiumblock.co/ws]","tests","Sat May 03 09:20:48 GMT 2025","passed","Sat May 03 09:20:48 GMT 2025","","test_nodes_availability","",""
"","142","test_rpc_node_is_synced[Test for Shiden, url: wss://rpc.shiden.astar.network]","tests","Sat May 03 09:18:33 GMT 2025","passed","Sat May 03 09:18:33 GMT 2025","","test_substrate_node_is_synced","",""
"","1","test_chainId[Test for Crust Shadow]","tests","Sat May 03 09:18:25 GMT 2025","passed","Sat May 03 09:18:25 GMT 2025","TestChainId","test_network_parameters","",""
"","0","test_can_create_connection[Test for Mythos, url: wss://mythos.dotters.network]","tests","Sat May 03 09:21:08 GMT 2025","passed","Sat May 03 09:21:08 GMT 2025","","test_nodes_availability","",""
"","0","test_can_create_connection[Test for Westend (TESTNET), url: wss://rpc.ibp.network/westend]","tests","Sat May 03 09:18:31 GMT 2025","passed","Sat May 03 09:18:31 GMT 2025","","test_nodes_availability","",""
"","0","test_can_create_connection[Test for Kusama Asset Hub, url: wss://asset-hub-kusama.dotters.network]","tests","Sat May 03 09:17:58 GMT 2025","passed","Sat May 03 09:17:58 GMT 2025","","test_nodes_availability","",""
"","7","test_has_new_assets[Test for NeuroWeb]","tests","Sat May 03 09:18:20 GMT 2025","passed","Sat May 03 09:18:20 GMT 2025","TestAssets","test_check_new_assets","",""
"","3","test_rpc_node_is_synced[Test for Polkadot Coretime, url: wss://coretime-polkadot.dotters.network]","tests","Sat May 03 09:21:47 GMT 2025","passed","Sat May 03 09:21:47 GMT 2025","","test_substrate_node_is_synced","",""
"","32","test_rpc_node_is_synced[Test for Westend (TESTNET), url: wss://westend.public.curie.radiumblock.co/ws]","tests","Sat May 03 09:18:40 GMT 2025","passed","Sat May 03 09:18:40 GMT 2025","","test_substrate_node_is_synced","",""
"","70","test_rpc_method_is_available[Test for Moonbeam, url: wss://moonbeam.dotters.network]","tests","Sat May 03 09:18:21 GMT 2025","passed","Sat May 03 09:18:21 GMT 2025","","test_rpc_methods_availability","",""
"","83","test_rpc_node_is_synced[Test for Encointer, url: wss://api.kusama.encointer.org]","tests","Sat May 03 09:18:46 GMT 2025","passed","Sat May 03 09:18:46 GMT 2025","","test_substrate_node_is_synced","",""
"","0","test_address_prefix[Test for KILT]","tests","Sat May 03 09:18:19 GMT 2025","passed","Sat May 03 09:18:19 GMT 2025","TestNetworkPrefix","test_network_parameters","",""
"","1","test_can_create_connection[Test for Kusama, url: wss://rpc-kusama-1.novasama-tech.org]","tests","Sat May 03 09:18:37 GMT 2025","passed","Sat May 03 09:18:37 GMT 2025","","test_nodes_availability","",""
"","0","test_can_create_connection[Test for Kreivo, url: wss://kreivo.io/]","tests","Sat May 03 09:21:52 GMT 2025","broken","Sat May 03 09:21:52 GMT 2025","","test_nodes_availability","",""
"","0","test_chainId[Test for Curio]","tests","Sat May 03 09:19:08 GMT 2025","passed","Sat May 03 09:19:08 GMT 2025","TestChainId","test_network_parameters","",""
"","0","test_can_create_connection[Test for Bifrost Polkadot, url: wss://eu.bifrost-polkadot-rpc.liebi.com/ws]","tests","Sat May 03 09:19:55 GMT 2025","passed","Sat May 03 09:19:55 GMT 2025","","test_nodes_availability","",""
"","0","test_precision[Test for XX network]","tests","Sat May 03 09:19:00 GMT 2025","passed","Sat May 03 09:19:00 GMT 2025","TestPrecision","test_network_parameters","",""
"","1","test_address_prefix[Test for Interlay]","tests","Sat May 03 09:18:28 GMT 2025","passed","Sat May 03 09:18:28 GMT 2025","TestNetworkPrefix","test_network_parameters","",""
"","0","test_precision[Test for Moonriver]","tests","Sat May 03 09:18:13 GMT 2025","passed","Sat May 03 09:18:13 GMT 2025","TestPrecision","test_network_parameters","",""
"","84","test_rpc_method_is_available[Test for Karura, url: wss://karura-rpc.dwellir.com]","tests","Sat May 03 09:18:13 GMT 2025","passed","Sat May 03 09:18:13 GMT 2025","","test_rpc_methods_availability","",""
"","1","test_address_prefix[Test for Kintsugi]","tests","Sat May 03 09:18:23 GMT 2025","passed","Sat May 03 09:18:23 GMT 2025","TestNetworkPrefix","test_network_parameters","",""
"","0","test_can_create_connection[Test for DeepBrain, url: wss://info.dbcwallet.io]","tests","Sat May 03 09:21:30 GMT 2025","passed","Sat May 03 09:21:30 GMT 2025","","test_nodes_availability","",""
"","9","test_has_new_assets[Test for Polymesh]","tests","Sat May 03 09:18:56 GMT 2025","passed","Sat May 03 09:18:56 GMT 2025","TestAssets","test_check_new_assets","",""
"","1","test_precision[Test for Acala]","tests","Sat May 03 09:18:04 GMT 2025","passed","Sat May 03 09:18:04 GMT 2025","TestPrecision","test_network_parameters","",""
"","0","test_can_create_connection[Test for Bajun, url: wss://rpc-para.bajun.network]","tests","Sat May 03 09:20:36 GMT 2025","broken","Sat May 03 09:20:36 GMT 2025","","test_nodes_availability","",""
"","0","test_precision[Test for Parallel]","tests","Sat May 03 09:18:13 GMT 2025","passed","Sat May 03 09:18:13 GMT 2025","TestPrecision","test_network_parameters","",""
"","0","test_can_create_connection[Test for XX network, url: wss://xxnetwork-rpc.dwellir.com]","tests","Sat May 03 09:21:10 GMT 2025","passed","Sat May 03 09:21:10 GMT 2025","","test_nodes_availability","",""
"","2","test_rpc_node_is_synced[Test for Polkadot, url: wss://rpc.ibp.network/polkadot]","tests","Sat May 03 09:18:09 GMT 2025","passed","Sat May 03 09:18:09 GMT 2025","","test_substrate_node_is_synced","",""
"","0","test_can_create_connection[Test for Polkadot People, url: wss://polkadot-people-rpc.polkadot.io]","tests","Sat May 03 09:18:04 GMT 2025","passed","Sat May 03 09:18:04 GMT 2025","","test_nodes_availability","",""
"","3","test_rpc_node_is_synced[Test for Polkadot Coretime, url: wss://rpc-coretime-polkadot.luckyfriday.io]","tests","Sat May 03 09:21:44 GMT 2025","passed","Sat May 03 09:21:44 GMT 2025","","test_substrate_node_is_synced","",""
"","0","test_chainId[Test for Kabocha]","tests","Sat May 03 09:18:38 GMT 2025","broken","Sat May 03 09:18:38 GMT 2025","TestChainId","test_network_parameters","",""
"","0","test_chainId[Test for KILT]","tests","Sat May 03 09:18:11 GMT 2025","passed","Sat May 03 09:18:11 GMT 2025","TestChainId","test_network_parameters","",""
"","0","test_address_prefix[Test for Karura]","tests","Sat May 03 09:18:08 GMT 2025","passed","Sat May 03 09:18:08 GMT 2025","TestNetworkPrefix","test_network_parameters","",""
"","0","test_rpc_node_is_synced[Test for Kreivo, url: wss://kreivo.io/]","tests","Sat May 03 09:22:00 GMT 2025","broken","Sat May 03 09:22:00 GMT 2025","","test_substrate_node_is_synced","",""
"","0","test_address_prefix[Test for Mythos]","tests","Sat May 03 09:19:17 GMT 2025","passed","Sat May 03 09:19:17 GMT 2025","TestNetworkPrefix","test_network_parameters","",""
"","0","test_address_prefix[Test for Polkadot Collectives]","tests","Sat May 03 09:19:06 GMT 2025","passed","Sat May 03 09:19:06 GMT 2025","TestNetworkPrefix","test_network_parameters","",""
"","2","test_rpc_node_is_synced[Test for Polkadot Collectives, url: wss://sys.ibp.network/collectives-polkadot]","tests","Sat May 03 09:20:48 GMT 2025","passed","Sat May 03 09:20:48 GMT 2025","","test_substrate_node_is_synced","",""
"","1","test_chainId[Test for JAMTON]","tests","Sat May 03 09:19:29 GMT 2025","passed","Sat May 03 09:19:29 GMT 2025","TestChainId","test_network_parameters","",""
"","8","test_has_new_assets[Test for Enjin Relay]","tests","Sat May 03 09:19:10 GMT 2025","passed","Sat May 03 09:19:10 GMT 2025","TestAssets","test_check_new_assets","",""
"","2","test_rpc_node_is_synced[Test for Kusama Coretime, url: wss://sys.ibp.network/coretime-kusama]","tests","Sat May 03 09:21:49 GMT 2025","passed","Sat May 03 09:21:49 GMT 2025","","test_substrate_node_is_synced","",""
"","5","test_rpc_node_is_synced[Test for Moonbeam, url: wss://moonbeam.dotters.network]","tests","Sat May 03 09:18:19 GMT 2025","passed","Sat May 03 09:18:19 GMT 2025","","test_substrate_node_is_synced","",""
"","73","test_rpc_method_is_available[Test for UNIQUE, url: wss://eu-ws.unique.network/]","tests","Sat May 03 09:20:33 GMT 2025","passed","Sat May 03 09:20:33 GMT 2025","","test_rpc_methods_availability","",""
"","68","test_rpc_method_is_available[Test for Polkadot Collectives, url: wss://sys.ibp.network/collectives-polkadot]","tests","Sat May 03 09:20:53 GMT 2025","passed","Sat May 03 09:20:53 GMT 2025","","test_rpc_methods_availability","",""
"","76","test_rpc_method_is_available[Test for Avail, url: wss://mainnet-rpc.avail.so/ws]","tests","Sat May 03 09:21:38 GMT 2025","passed","Sat May 03 09:21:38 GMT 2025","","test_rpc_methods_availability","",""
"","1","test_can_create_connection[Test for Tangle, url: wss://tangle-mainnet-rpc.dwellir.com]","tests","Sat May 03 09:21:35 GMT 2025","passed","Sat May 03 09:21:35 GMT 2025","","test_nodes_availability","",""
"","0","test_address_prefix[Test for Cere]","tests","Sat May 03 09:20:17 GMT 2025","passed","Sat May 03 09:20:17 GMT 2025","TestNetworkPrefix","test_network_parameters","",""
"","119","test_rpc_method_is_available[Test for Polkadot, url: wss://1rpc.io/dot]","tests","Sat May 03 09:18:35 GMT 2025","passed","Sat May 03 09:18:35 GMT 2025","","test_rpc_methods_availability","",""
"","0","test_can_create_connection[Test for Bifrost Kusama, url: wss://bifrost-rpc.liebi.com/ws]","tests","Sat May 03 09:18:50 GMT 2025","passed","Sat May 03 09:18:50 GMT 2025","","test_nodes_availability","",""
"","0","test_chainId[Test for Parallel]","tests","Sat May 03 09:18:04 GMT 2025","passed","Sat May 03 09:18:04 GMT 2025","TestChainId","test_network_parameters","",""
"","7","test_has_new_assets[Test for Zeitgeist]","tests","Sat May 03 09:18:23 GMT 2025","passed","Sat May 03 09:18:23 GMT 2025","TestAssets","test_check_new_assets","",""
"","201","test_rpc_method_is_available[Test for Kusama, url: wss://rpc.ibp.network/kusama]","tests","Sat May 03 09:18:03 GMT 2025","passed","Sat May 03 09:18:03 GMT 2025","","test_rpc_methods_availability","",""
"","1","test_can_create_connection[Test for Moonriver, url: wss://wss.api.moonriver.moonbeam.network]","tests","Sat May 03 09:18:29 GMT 2025","passed","Sat May 03 09:18:29 GMT 2025","","test_nodes_availability","",""
"","0","test_can_create_connection[Test for Cere, url: wss://rpc.mainnet.cere.network/ws]","tests","Sat May 03 09:22:11 GMT 2025","passed","Sat May 03 09:22:11 GMT 2025","","test_nodes_availability","",""
"","5","test_has_new_assets[Test for Polkadot Coretime]","tests","Sat May 03 09:19:35 GMT 2025","passed","Sat May 03 09:19:35 GMT 2025","TestAssets","test_check_new_assets","",""
"","0","test_has_new_assets[Test for Bajun]","tests","Sat May 03 09:18:44 GMT 2025","broken","Sat May 03 09:18:44 GMT 2025","TestAssets","test_check_new_assets","",""
"","78","test_rpc_method_is_available[Test for Joystream, url: wss://rpc.joystream.org]","tests","Sat May 03 09:21:12 GMT 2025","passed","Sat May 03 09:21:12 GMT 2025","","test_rpc_methods_availability","",""
"","70","test_rpc_method_is_available[Test for Interlay, url: wss://api.interlay.io/parachain]","tests","Sat May 03 09:19:02 GMT 2025","passed","Sat May 03 09:19:02 GMT 2025","","test_rpc_methods_availability","",""
"","0","test_can_create_connection[Test for Polkadot, url: wss://polkadot.public.curie.radiumblock.co/ws]","tests","Sat May 03 09:18:24 GMT 2025","passed","Sat May 03 09:18:24 GMT 2025","","test_nodes_availability","",""
"","21","test_rpc_node_is_synced[Test for Moonbeam, url: wss://wss.api.moonbeam.network]","tests","Sat May 03 09:18:14 GMT 2025","passed","Sat May 03 09:18:14 GMT 2025","","test_substrate_node_is_synced","",""
"","73","test_rpc_method_is_available[Test for Kusama Coretime, url: wss://coretime-kusama-rpc.dwellir.com]","tests","Sat May 03 09:22:02 GMT 2025","passed","Sat May 03 09:22:02 GMT 2025","","test_rpc_methods_availability","",""
"","0","test_can_create_connection[Test for Crust Polkadot Parachain, url: wss://crust-parachain.crustapps.net]","tests","Sat May 03 09:20:01 GMT 2025","passed","Sat May 03 09:20:01 GMT 2025","","test_nodes_availability","",""
"","107","test_rpc_method_is_available[Test for Polkadex, url: wss://polkadex.public.curie.radiumblock.co/ws]","tests","Sat May 03 09:20:01 GMT 2025","passed","Sat May 03 09:20:01 GMT 2025","","test_rpc_methods_availability","",""
"","0","test_chainId[Test for Moonriver]","tests","Sat May 03 09:18:04 GMT 2025","passed","Sat May 03 09:18:04 GMT 2025","TestChainId","test_network_parameters","",""
"","0","test_can_create_connection[Test for Kusama Bridge Hub, url: wss://ksm-rpc.stakeworld.io/bridgehub]","tests","Sat May 03 09:20:36 GMT 2025","passed","Sat May 03 09:20:36 GMT 2025","","test_nodes_availability","",""
"","118","test_rpc_node_is_synced[Test for Kusama, url: wss://apps-kusama-rpc.polkadot.io]","tests","Sat May 03 09:18:09 GMT 2025","passed","Sat May 03 09:18:09 GMT 2025","","test_substrate_node_is_synced","",""
"","0","test_chainId[Test for Darwinia]","tests","Sat May 03 09:18:46 GMT 2025","passed","Sat May 03 09:18:46 GMT 2025","TestChainId","test_network_parameters","",""
"","1","test_can_create_connection[Test for Kusama, url: wss://rpc-kusama-2.novasama-tech.org]","tests","Sat May 03 09:18:43 GMT 2025","passed","Sat May 03 09:18:43 GMT 2025","","test_nodes_availability","",""
"","0","test_can_create_connection[Test for UNIQUE, url: wss://eu-ws.unique.network/]","tests","Sat May 03 09:20:20 GMT 2025","passed","Sat May 03 09:20:20 GMT 2025","","test_nodes_availability","",""
"","0","test_precision[Test for Subsocial]","tests","Sat May 03 09:18:30 GMT 2025","passed","Sat May 03 09:18:30 GMT 2025","TestPrecision","test_network_parameters","",""
"","0","test_chainId[Test for Shiden]","tests","Sat May 03 09:18:08 GMT 2025","passed","Sat May 03 09:18:08 GMT 2025","TestChainId","test_network_parameters","",""
"","179","test_rpc_node_is_synced[Test for Acala, url: wss://acala-rpc-2.aca-api.network/ws]","tests","Sat May 03 09:18:43 GMT 2025","passed","Sat May 03 09:18:43 GMT 2025","","test_substrate_node_is_synced","",""
"","0","test_can_create_connection[Test for Kabocha, url: wss://kabocha.jelliedowl.com]","tests","Sat May 03 09:19:56 GMT 2025","broken","Sat May 03 09:19:56 GMT 2025","","test_nodes_availability","",""
"","663","test_rpc_node_is_synced[Test for Ethereum, url: https://ethereum-rpc.publicnode.com]","tests","Sat May 03 09:17:56 GMT 2025","passed","Sat May 03 09:17:57 GMT 2025","TestETHNodesAvailability","test_eth_nodes_availability","",""
"","0","test_precision[Test for Westend (TESTNET)]","tests","Sat May 03 09:18:17 GMT 2025","passed","Sat May 03 09:18:17 GMT 2025","TestPrecision","test_network_parameters","",""
"","86","test_rpc_method_is_available[Test for Kusama, url: wss://rpc-kusama-1.novasama-tech.org]","tests","Sat May 03 09:18:44 GMT 2025","passed","Sat May 03 09:18:44 GMT 2025","","test_rpc_methods_availability","",""
"","1","test_can_create_connection[Test for Kreivo, url: wss://kreivo.kippu.rocks/]","tests","Sat May 03 09:21:15 GMT 2025","passed","Sat May 03 09:21:15 GMT 2025","","test_nodes_availability","",""
"","0","test_address_prefix[Test for Bajun]","tests","Sat May 03 09:18:48 GMT 2025","broken","Sat May 03 09:18:48 GMT 2025","TestNetworkPrefix","test_network_parameters","",""
"","1","test_can_create_connection[Test for Karura, url: wss://karura-rpc-3.aca-api.network/ws]","tests","Sat May 03 09:18:05 GMT 2025","passed","Sat May 03 09:18:05 GMT 2025","","test_nodes_availability","",""
"","0","test_can_create_connection[Test for Frequency, url: wss://0.rpc.frequency.xyz]","tests","Sat May 03 09:20:42 GMT 2025","passed","Sat May 03 09:20:42 GMT 2025","","test_nodes_availability","",""
"","1","test_can_create_connection[Test for Crust Shadow, url: wss://rpc2-shadow.crust.network/]","tests","Sat May 03 09:19:15 GMT 2025","passed","Sat May 03 09:19:15 GMT 2025","","test_nodes_availability","",""
"","128","test_rpc_method_is_available[Test for Acala, url: wss://acala-rpc.dwellir.com]","tests","Sat May 03 09:19:49 GMT 2025","passed","Sat May 03 09:19:49 GMT 2025","","test_rpc_methods_availability","",""
"","141","test_rpc_node_is_synced[Test for Ajuna, url: wss://rpc-para.ajuna.network]","tests","Sat May 03 09:20:15 GMT 2025","passed","Sat May 03 09:20:15 GMT 2025","","test_substrate_node_is_synced","",""
"","22","test_rpc_node_is_synced[Test for Moonriver, url: wss://wss.api.moonriver.moonbeam.network]","tests","Sat May 03 09:18:29 GMT 2025","passed","Sat May 03 09:18:29 GMT 2025","","test_substrate_node_is_synced","",""
"","7","test_has_new_assets[Test for KILT]","tests","Sat May 03 09:18:15 GMT 2025","passed","Sat May 03 09:18:15 GMT 2025","TestAssets","test_check_new_assets","",""
"","96","test_rpc_node_is_synced[Test for Kusama, url: wss://kusama-rpc.dwellir.com]","tests","Sat May 03 09:18:13 GMT 2025","passed","Sat May 03 09:18:13 GMT 2025","","test_substrate_node_is_synced","",""
"","1","test_can_create_connection[Test for Kusama, url: wss://apps-kusama-rpc.polkadot.io]","tests","Sat May 03 09:18:05 GMT 2025","passed","Sat May 03 09:18:05 GMT 2025","","test_nodes_availability","",""
"","0","test_can_create_connection[Test for Bifrost Polkadot, url: wss://bifrost-polkadot.ibp.network]","tests","Sat May 03 09:19:39 GMT 2025","passed","Sat May 03 09:19:39 GMT 2025","","test_nodes_availability","",""
"","98","test_rpc_node_is_synced[Test for Subsocial, url: wss://para.f3joule.space]","tests","Sat May 03 09:19:07 GMT 2025","passed","Sat May 03 09:19:07 GMT 2025","","test_substrate_node_is_synced","",""
"","86","test_rpc_method_is_available[Test for GIANT, url: wss://rpc-anchor-2-mainnet-az-ue1.giantprotocol.org:443]","tests","Sat May 03 09:20:40 GMT 2025","passed","Sat May 03 09:20:41 GMT 2025","","test_rpc_methods_availability","",""
"","100","test_rpc_node_is_synced[Test for Heima, url: wss://rpc.litentry-parachain.litentry.io]","tests","Sat May 03 09:20:10 GMT 2025","passed","Sat May 03 09:20:10 GMT 2025","","test_substrate_node_is_synced","",""
"","93","test_rpc_node_is_synced[Test for NeuroWeb, url: wss://parachain-rpc.origin-trail.network]","tests","Sat May 03 09:19:45 GMT 2025","passed","Sat May 03 09:19:45 GMT 2025","","test_substrate_node_is_synced","",""
"","0","test_precision[Test for Ajuna]","tests","Sat May 03 09:18:54 GMT 2025","passed","Sat May 03 09:18:54 GMT 2025","TestPrecision","test_network_parameters","",""
"","211","test_rpc_node_is_synced[Test for Bifrost Polkadot, url: wss://hk.p.bifrost-rpc.liebi.com/ws]","tests","Sat May 03 09:20:00 GMT 2025","passed","Sat May 03 09:20:00 GMT 2025","","test_substrate_node_is_synced","",""
"","6","test_rpc_node_is_synced[Test for Bifrost Kusama, url: wss://us.bifrost-rpc.liebi.com/ws]","tests","Sat May 03 09:18:55 GMT 2025","passed","Sat May 03 09:18:55 GMT 2025","","test_substrate_node_is_synced","",""
"","1","test_can_create_connection[Test for Kusama, url: wss://kusama.dotters.network]","tests","Sat May 03 09:18:00 GMT 2025","passed","Sat May 03 09:18:00 GMT 2025","","test_nodes_availability","",""
"","0","test_can_create_connection[Test for Kusama Coretime, url: wss://ksm-rpc.stakeworld.io/coretime]","tests","Sat May 03 09:21:43 GMT 2025","passed","Sat May 03 09:21:43 GMT 2025","","test_nodes_availability","",""
"","0","test_precision[Test for Kusama Bridge Hub]","tests","Sat May 03 09:19:05 GMT 2025","passed","Sat May 03 09:19:05 GMT 2025","TestPrecision","test_network_parameters","",""
"","76","test_rpc_method_is_available[Test for Humanode, url: wss://explorer-rpc-ws.mainnet.stages.humanode.io]","tests","Sat May 03 09:21:42 GMT 2025","passed","Sat May 03 09:21:42 GMT 2025","","test_rpc_methods_availability","",""
"","0","test_address_prefix[Test for Crust Shadow]","tests","Sat May 03 09:18:34 GMT 2025","passed","Sat May 03 09:18:34 GMT 2025","TestNetworkPrefix","test_network_parameters","",""
"","0","test_chainId[Test for Acala]","tests","Sat May 03 09:17:56 GMT 2025","passed","Sat May 03 09:17:56 GMT 2025","TestChainId","test_network_parameters","",""
"","1","test_can_create_connection[Test for Hydration, url: wss://rpc.hydradx.cloud]","tests","Sat May 03 09:19:40 GMT 2025","passed","Sat May 03 09:19:40 GMT 2025","","test_nodes_availability","",""
"","92","test_rpc_node_is_synced[Test for Energy Web X, url: wss://public-rpc.mainnet.energywebx.com/]","tests","Sat May 03 09:20:57 GMT 2025","passed","Sat May 03 09:20:57 GMT 2025","","test_substrate_node_is_synced","",""
"","101","test_rpc_method_is_available[Test for Energy Web X, url: wss://public-rpc.mainnet.energywebx.com/]","tests","Sat May 03 09:21:07 GMT 2025","passed","Sat May 03 09:21:07 GMT 2025","","test_rpc_methods_availability","",""
"","0","test_address_prefix[Test for Vara]","tests","Sat May 03 09:18:58 GMT 2025","passed","Sat May 03 09:18:58 GMT 2025","TestNetworkPrefix","test_network_parameters","",""
"","0","test_can_create_connection[Test for Westend (TESTNET), url: wss://westend.public.curie.radiumblock.co/ws]","tests","Sat May 03 09:18:40 GMT 2025","passed","Sat May 03 09:18:40 GMT 2025","","test_nodes_availability","",""
"","73","test_rpc_node_is_synced[Test for Creditcoin, url: wss://mainnet3.creditcoin.network]","tests","Sat May 03 09:21:33 GMT 2025","passed","Sat May 03 09:21:33 GMT 2025","","test_substrate_node_is_synced","",""
"","0","test_can_create_connection[Test for Polkadot People, url: wss://people-polkadot.dotters.network]","tests","Sat May 03 09:18:07 GMT 2025","passed","Sat May 03 09:18:07 GMT 2025","","test_nodes_availability","",""
"","69","test_rpc_method_is_available[Test for Kintsugi, url: wss://api-kusama.interlay.io/parachain]","tests","Sat May 03 09:18:57 GMT 2025","passed","Sat May 03 09:18:57 GMT 2025","","test_rpc_methods_availability","",""
"","0","test_precision[Test for Bifrost Kusama]","tests","Sat May 03 09:18:08 GMT 2025","passed","Sat May 03 09:18:08 GMT 2025","TestPrecision","test_network_parameters","",""
"","0","test_can_create_connection[Test for Acala, url: wss://acala-rpc-3.aca-api.network/ws]","tests","Sat May 03 09:18:46 GMT 2025","passed","Sat May 03 09:18:46 GMT 2025","","test_nodes_availability","",""
"","0","test_rpc_method_is_available[Test for Kreivo, url: wss://kreivo.io/]","tests","Sat May 03 09:22:05 GMT 2025","broken","Sat May 03 09:22:05 GMT 2025","","test_rpc_methods_availability","",""
"","94","test_rpc_method_is_available[Test for Avail, url: wss://avail-mainnet.public.blastapi.io/]","tests","Sat May 03 09:21:35 GMT 2025","passed","Sat May 03 09:21:35 GMT 2025","","test_rpc_methods_availability","",""
"","69","test_rpc_node_is_synced[Test for Karura, url: wss://karura-rpc-0.aca-api.network]","tests","Sat May 03 09:18:24 GMT 2025","passed","Sat May 03 09:18:24 GMT 2025","","test_substrate_node_is_synced","",""
"","8","test_has_new_assets[Test for Kusama Asset Hub]","tests","Sat May 03 09:18:12 GMT 2025","passed","Sat May 03 09:18:12 GMT 2025","TestAssets","test_check_new_assets","",""
"","0","test_can_create_connection[Test for QUARTZ, url: wss://asia-ws-quartz.unique.network]","tests","Sat May 03 09:19:42 GMT 2025","passed","Sat May 03 09:19:42 GMT 2025","","test_nodes_availability","",""
"","68","test_rpc_method_is_available[Test for Bifrost Kusama, url: wss://us.bifrost-rpc.liebi.com/ws]","tests","Sat May 03 09:19:09 GMT 2025","passed","Sat May 03 09:19:10 GMT 2025","","test_rpc_methods_availability","",""
"","1","test_can_create_connection[Test for Subsocial, url: wss://para.f3joule.space]","tests","Sat May 03 09:19:07 GMT 2025","passed","Sat May 03 09:19:07 GMT 2025","","test_nodes_availability","",""
"","0","test_can_create_connection[Test for Kusama People, url: wss://sys.ibp.network/people-kusama]","tests","Sat May 03 09:18:14 GMT 2025","passed","Sat May 03 09:18:14 GMT 2025","","test_nodes_availability","",""
"","82","test_rpc_method_is_available[Test for Pendulum, url: wss://rpc-pendulum.prd.pendulumchain.tech]","tests","Sat May 03 09:20:13 GMT 2025","passed","Sat May 03 09:20:13 GMT 2025","","test_rpc_methods_availability","",""
"","2","test_rpc_node_is_synced[Test for Mythos, url: wss://mythos.dotters.network]","tests","Sat May 03 09:21:23 GMT 2025","passed","Sat May 03 09:21:23 GMT 2025","","test_substrate_node_is_synced","",""
"","0","test_can_create_connection[Test for Basilisk, url: wss://basilisk-rpc.dwellir.com]","tests","Sat May 03 09:19:02 GMT 2025","passed","Sat May 03 09:19:02 GMT 2025","","test_nodes_availability","",""
"","0","test_address_prefix[Test for Polimec]","tests","Sat May 03 09:19:14 GMT 2025","passed","Sat May 03 09:19:14 GMT 2025","TestNetworkPrefix","test_network_parameters","",""
"","41","test_rpc_node_is_synced[Test for Pendulum, url: wss://rpc-pendulum.prd.pendulumchain.tech]","tests","Sat May 03 09:20:02 GMT 2025","passed","Sat May 03 09:20:02 GMT 2025","","test_substrate_node_is_synced","",""
"","0","test_address_prefix[Test for Ajuna]","tests","Sat May 03 09:18:53 GMT 2025","passed","Sat May 03 09:18:53 GMT 2025","TestNetworkPrefix","test_network_parameters","",""
"","86","test_rpc_method_is_available[Test for DeepBrain, url: wss://info.dbcwallet.io]","tests","Sat May 03 09:21:48 GMT 2025","passed","Sat May 03 09:21:48 GMT 2025","","test_rpc_methods_availability","",""
"","0","test_can_create_connection[Test for peaq, url: wss://peaq-rpc.dwellir.com]","tests","Sat May 03 09:21:27 GMT 2025","passed","Sat May 03 09:21:27 GMT 2025","","test_nodes_availability","",""
"","1","test_can_create_connection[Test for Kusama Coretime, url: wss://coretime-kusama.dotters.network]","tests","Sat May 03 09:21:41 GMT 2025","passed","Sat May 03 09:21:41 GMT 2025","","test_nodes_availability","",""
"","84","test_rpc_method_is_available[Test for Kusama Asset Hub, url: wss://asset-hub-kusama-rpc.dwellir.com]","tests","Sat May 03 09:18:07 GMT 2025","passed","Sat May 03 09:18:07 GMT 2025","","test_rpc_methods_availability","",""
"","133","test_rpc_node_is_synced[Test for XX network, url: wss://rpc-hetzner.xx.network]","tests","Sat May 03 09:19:51 GMT 2025","passed","Sat May 03 09:19:51 GMT 2025","","test_substrate_node_is_synced","",""
"","0","test_precision[Test for Interlay]","tests","Sat May 03 09:18:29 GMT 2025","passed","Sat May 03 09:18:29 GMT 2025","TestPrecision","test_network_parameters","",""
"","69","test_rpc_method_is_available[Test for Kusama Coretime, url: wss://coretime-kusama.dotters.network]","tests","Sat May 03 09:21:59 GMT 2025","passed","Sat May 03 09:21:59 GMT 2025","","test_rpc_methods_availability","",""
"","52","test_rpc_node_is_synced[Test for Moonbeam, url: wss://moonbeam.public.curie.radiumblock.co/ws]","tests","Sat May 03 09:18:23 GMT 2025","passed","Sat May 03 09:18:23 GMT 2025","","test_substrate_node_is_synced","",""
"","68","test_rpc_method_is_available[Test for Centrifuge Parachain, url: wss://rpc-centrifuge.luckyfriday.io]","tests","Sat May 03 09:19:37 GMT 2025","passed","Sat May 03 09:19:37 GMT 2025","","test_rpc_methods_availability","",""
"","61","test_rpc_node_is_synced[Test for Polkadot, url: wss://polkadot.public.curie.radiumblock.co/ws]","tests","Sat May 03 09:18:31 GMT 2025","passed","Sat May 03 09:18:31 GMT 2025","","test_substrate_node_is_synced","",""
"","8","test_has_new_assets[Test for Hydration]","tests","Sat May 03 09:18:19 GMT 2025","passed","Sat May 03 09:18:19 GMT 2025","TestAssets","test_check_new_assets","",""
"","1","test_chainId[Test for Polymesh]","tests","Sat May 03 09:18:51 GMT 2025","passed","Sat May 03 09:18:51 GMT 2025","TestChainId","test_network_parameters","",""
"","97","test_rpc_node_is_synced[Test for QUARTZ, url: wss://eu-ws-quartz.unique.network]","tests","Sat May 03 09:19:33 GMT 2025","passed","Sat May 03 09:19:34 GMT 2025","","test_substrate_node_is_synced","",""
"","7","test_has_new_assets[Test for Bifrost Polkadot]","tests","Sat May 03 09:18:23 GMT 2025","passed","Sat May 03 09:18:23 GMT 2025","TestAssets","test_check_new_assets","",""
"","5","test_has_new_assets[Test for GIANT]","tests","Sat May 03 09:18:56 GMT 2025","passed","Sat May 03 09:18:56 GMT 2025","TestAssets","test_check_new_assets","",""
"","1","test_precision[Test for Polkadot Collectives]","tests","Sat May 03 09:19:06 GMT 2025","passed","Sat May 03 09:19:06 GMT 2025","TestPrecision","test_network_parameters","",""
"","7","test_has_new_assets[Test for Shiden]","tests","Sat May 03 09:18:14 GMT 2025","passed","Sat May 03 09:18:14 GMT 2025","TestAssets","test_check_new_assets","",""
"","1","test_address_prefix[Test for Moonbeam]","tests","Sat May 03 09:18:10 GMT 2025","passed","Sat May 03 09:18:10 GMT 2025","TestNetworkPrefix","test_network_parameters","",""
"","5","test_rpc_node_is_synced[Test for Moonriver, url: wss://moonriver.public.blastapi.io]","tests","Sat May 03 09:18:33 GMT 2025","passed","Sat May 03 09:18:33 GMT 2025","","test_substrate_node_is_synced","",""
"","0","test_rpc_method_is_available[Test for Interlay, url: wss://interlay-rpc.dwellir.com]","tests","Sat May 03 09:19:13 GMT 2025","broken","Sat May 03 09:19:13 GMT 2025","","test_rpc_methods_availability","",""
"","0","test_chainId[Test for Humanode]","tests","Sat May 03 09:19:19 GMT 2025","passed","Sat May 03 09:19:19 GMT 2025","TestChainId","test_network_parameters","",""
"","3","test_rpc_node_is_synced[Test for Hyperbridge Nexus, url: wss://nexus.ibp.network]","tests","Sat May 03 09:21:23 GMT 2025","passed","Sat May 03 09:21:23 GMT 2025","","test_substrate_node_is_synced","",""
"","87","test_rpc_method_is_available[Test for Kusama, url: wss://kusama.public.curie.radiumblock.co/ws]","tests","Sat May 03 09:18:30 GMT 2025","passed","Sat May 03 09:18:31 GMT 2025","","test_rpc_methods_availability","",""
"","90","test_rpc_node_is_synced[Test for Altair, url: wss://fullnode.altair.centrifuge.io]","tests","Sat May 03 09:19:07 GMT 2025","passed","Sat May 03 09:19:07 GMT 2025","","test_substrate_node_is_synced","",""
"","0","test_precision[Test for DeepBrain]","tests","Sat May 03 09:19:36 GMT 2025","passed","Sat May 03 09:19:36 GMT 2025","TestPrecision","test_network_parameters","",""
"","6","test_has_new_assets[Test for Polkadex]","tests","Sat May 03 09:18:38 GMT 2025","passed","Sat May 03 09:18:38 GMT 2025","TestAssets","test_check_new_assets","",""
"","106","test_rpc_node_is_synced[Test for Interlay, url: wss://api.interlay.io/parachain]","tests","Sat May 03 09:19:00 GMT 2025","passed","Sat May 03 09:19:00 GMT 2025","","test_substrate_node_is_synced","",""
"","95","test_rpc_node_is_synced[Test for Enjin Matrix, url: wss://enjin-matrix-rpc-1.dwellir.com]","tests","Sat May 03 09:21:07 GMT 2025","passed","Sat May 03 09:21:07 GMT 2025","","test_substrate_node_is_synced","",""
"","0","test_rpc_method_is_available[Test for InvArch, url: wss://invarch.ibp.network]","tests","Sat May 03 09:21:18 GMT 2025","broken","Sat May 03 09:21:18 GMT 2025","","test_rpc_methods_availability","",""
"","90","test_rpc_node_is_synced[Test for Centrifuge Parachain, url: wss://fullnode.centrifuge.io]","tests","Sat May 03 09:19:27 GMT 2025","passed","Sat May 03 09:19:28 GMT 2025","","test_substrate_node_is_synced","",""
"","90","test_rpc_method_is_available[Test for Astar, url: wss://rpc.astar.network]","tests","Sat May 03 09:19:55 GMT 2025","passed","Sat May 03 09:19:55 GMT 2025","","test_rpc_methods_availability","",""
"","0","test_can_create_connection[Test for XX network, url: wss://rpc.xx.network]","tests","Sat May 03 09:21:15 GMT 2025","passed","Sat May 03 09:21:15 GMT 2025","","test_nodes_availability","",""
"","111","test_rpc_method_is_available[Test for Moonriver, url: wss://moonriver.public.curie.radiumblock.co/ws]","tests","Sat May 03 09:18:38 GMT 2025","passed","Sat May 03 09:18:38 GMT 2025","","test_rpc_methods_availability","",""
"","82","test_rpc_method_is_available[Test for Astar, url: wss://astar.public.curie.radiumblock.co/ws]","tests","Sat May 03 09:20:06 GMT 2025","passed","Sat May 03 09:20:06 GMT 2025","","test_rpc_methods_availability","",""
"","85","test_rpc_method_is_available[Test for Encointer, url: wss://sys.ibp.network/encointer-kusama]","tests","Sat May 03 09:20:32 GMT 2025","passed","Sat May 03 09:20:33 GMT 2025","","test_rpc_methods_availability","",""
"","75","test_rpc_method_is_available[Test for Shiden, url: wss://shiden-rpc.dwellir.com]","tests","Sat May 03 09:18:49 GMT 2025","passed","Sat May 03 09:18:49 GMT 2025","","test_rpc_methods_availability","",""
"","0","test_address_prefix[Test for Kreivo]","tests","Sat May 03 09:19:55 GMT 2025","broken","Sat May 03 09:19:55 GMT 2025","TestNetworkPrefix","test_network_parameters","",""
"","68","test_rpc_method_is_available[Test for Polimec, url: wss://rpc.polimec.org]","tests","Sat May 03 09:21:33 GMT 2025","passed","Sat May 03 09:21:33 GMT 2025","","test_rpc_methods_availability","",""
"","71","test_rpc_node_is_synced[Test for Parallel, url: wss://parallel.gatotech.network]","tests","Sat May 03 09:20:11 GMT 2025","passed","Sat May 03 09:20:11 GMT 2025","","test_substrate_node_is_synced","",""
"","0","test_can_create_connection[Test for UNIQUE, url: wss://unique.ibp.network]","tests","Sat May 03 09:20:30 GMT 2025","passed","Sat May 03 09:20:30 GMT 2025","","test_nodes_availability","",""
"","8","test_has_new_assets[Test for Amplitude]","tests","Sat May 03 09:18:47 GMT 2025","passed","Sat May 03 09:18:47 GMT 2025","TestAssets","test_check_new_assets","",""
"","6","test_has_new_assets[Test for Nodle Parachain]","tests","Sat May 03 09:18:28 GMT 2025","passed","Sat May 03 09:18:28 GMT 2025","TestAssets","test_check_new_assets","",""
"","272","test_rpc_node_work_fast[Test for Ethereum, url: https://ethereum-rpc.publicnode.com]","tests","Sat May 03 09:17:56 GMT 2025","passed","Sat May 03 09:17:56 GMT 2025","TestETHNodesAvailability","test_eth_nodes_availability","",""
"","80","test_rpc_method_is_available[Test for Hyperbridge Nexus, url: wss://nexus.dotters.network]","tests","Sat May 03 09:22:22 GMT 2025","passed","Sat May 03 09:22:22 GMT 2025","","test_rpc_methods_availability","",""
"","96","test_rpc_method_is_available[Test for Karura, url: wss://karura-rpc-2.aca-api.network/ws]","tests","Sat May 03 09:18:06 GMT 2025","passed","Sat May 03 09:18:06 GMT 2025","","test_rpc_methods_availability","",""
"","3","test_rpc_node_is_synced[Test for Polkadot Bridge Hub, url: wss://sys.ibp.network/bridgehub-polkadot]","tests","Sat May 03 09:20:43 GMT 2025","passed","Sat May 03 09:20:43 GMT 2025","","test_substrate_node_is_synced","",""
"","0","test_chainId[Test for Avail]","tests","Sat May 03 09:20:06 GMT 2025","passed","Sat May 03 09:20:06 GMT 2025","TestChainId","test_network_parameters","",""
"","97","test_rpc_method_is_available[Test for QUARTZ, url: wss://us-ws-quartz.unique.network]","tests","Sat May 03 09:19:53 GMT 2025","passed","Sat May 03 09:19:53 GMT 2025","","test_rpc_methods_availability","",""
"","0","test_precision[Test for GIANT]","tests","Sat May 03 09:19:03 GMT 2025","passed","Sat May 03 09:19:03 GMT 2025","TestPrecision","test_network_parameters","",""
"","0","test_can_create_connection[Test for 3DPass, url: wss://rpc.3dpass.org]","tests","Sat May 03 09:20:20 GMT 2025","passed","Sat May 03 09:20:20 GMT 2025","","test_nodes_availability","",""
"","72","test_rpc_method_is_available[Test for Aventus, url: wss://public-rpc.mainnet.aventus.io]","tests","Sat May 03 09:20:19 GMT 2025","passed","Sat May 03 09:20:19 GMT 2025","","test_rpc_methods_availability","",""
"","3","test_rpc_node_is_synced[Test for Kusama Coretime, url: wss://coretime-kusama.dotters.network]","tests","Sat May 03 09:21:49 GMT 2025","passed","Sat May 03 09:21:49 GMT 2025","","test_substrate_node_is_synced","",""
"","0","test_chainId[Test for Centrifuge Parachain]","tests","Sat May 03 09:18:33 GMT 2025","passed","Sat May 03 09:18:33 GMT 2025","TestChainId","test_network_parameters","",""
"","0","test_precision[Test for Polymesh]","tests","Sat May 03 09:18:59 GMT 2025","passed","Sat May 03 09:18:59 GMT 2025","TestPrecision","test_network_parameters","",""
"","84","test_rpc_method_is_available[Test for Polkadot, url: wss://rpc.ibp.network/polkadot]","tests","Sat May 03 09:18:12 GMT 2025","passed","Sat May 03 09:18:12 GMT 2025","","test_rpc_methods_availability","",""
"","63","test_has_new_assets[Test for Kusama People]","tests","Sat May 03 09:18:00 GMT 2025","passed","Sat May 03 09:18:00 GMT 2025","TestAssets","test_check_new_assets","",""
"","0","test_can_create_connection[Test for Darwinia, url: wss://rpc.darwinia.network]","tests","Sat May 03 09:20:29 GMT 2025","passed","Sat May 03 09:20:29 GMT 2025","","test_nodes_availability","",""
"","0","test_can_create_connection[Test for Polkadot Bridge Hub, url: wss://sys.ibp.network/bridgehub-polkadot]","tests","Sat May 03 09:20:32 GMT 2025","passed","Sat May 03 09:20:32 GMT 2025","","test_nodes_availability","",""
"","5","test_has_new_assets[Test for Mythos]","tests","Sat May 03 09:19:13 GMT 2025","passed","Sat May 03 09:19:13 GMT 2025","TestAssets","test_check_new_assets","",""
"","0","test_chainId[Test for DeepBrain]","tests","Sat May 03 09:19:25 GMT 2025","passed","Sat May 03 09:19:25 GMT 2025","TestChainId","test_network_parameters","",""
"","3","test_rpc_node_is_synced[Test for Polimec, url: wss://polimec.ibp.network]","tests","Sat May 03 09:20:53 GMT 2025","passed","Sat May 03 09:20:53 GMT 2025","","test_substrate_node_is_synced","",""
"","0","test_precision[Test for Laos]","tests","Sat May 03 09:19:40 GMT 2025","passed","Sat May 03 09:19:40 GMT 2025","TestPrecision","test_network_parameters","",""
"","0","test_chainId[Test for Encointer]","tests","Sat May 03 09:18:10 GMT 2025","passed","Sat May 03 09:18:10 GMT 2025","TestChainId","test_network_parameters","",""
"","483","test_rpc_node_is_synced[Test for Acurast Canary, url: wss://public-rpc.canary.acurast.com]","tests","Sat May 03 09:21:20 GMT 2025","passed","Sat May 03 09:21:20 GMT 2025","","test_substrate_node_is_synced","",""
"","0","test_address_prefix[Test for Joystream]","tests","Sat May 03 09:19:11 GMT 2025","passed","Sat May 03 09:19:11 GMT 2025","TestNetworkPrefix","test_network_parameters","",""
"","90","test_rpc_node_is_synced[Test for Polkadex, url: wss://polkadex.public.curie.radiumblock.co/ws]","tests","Sat May 03 09:19:44 GMT 2025","passed","Sat May 03 09:19:44 GMT 2025","","test_substrate_node_is_synced","",""
"","97","test_rpc_node_is_synced[Test for Kusama Asset Hub, url: wss://asset-hub-kusama-rpc.dwellir.com]","tests","Sat May 03 09:18:04 GMT 2025","passed","Sat May 03 09:18:04 GMT 2025","","test_substrate_node_is_synced","",""
"","0","test_address_prefix[Test for Shiden]","tests","Sat May 03 09:18:17 GMT 2025","passed","Sat May 03 09:18:17 GMT 2025","TestNetworkPrefix","test_network_parameters","",""
"","264","test_rpc_node_is_synced[Test for Phala, url: wss://api.phala.network/ws]","tests","Sat May 03 09:19:35 GMT 2025","passed","Sat May 03 09:19:36 GMT 2025","","test_substrate_node_is_synced","",""
"","70","test_rpc_method_is_available[Test for Altair, url: wss://fullnode.altair.centrifuge.io]","tests","Sat May 03 09:19:22 GMT 2025","passed","Sat May 03 09:19:22 GMT 2025","","test_rpc_methods_availability","",""
"","0","test_precision[Test for Kintsugi]","tests","Sat May 03 09:18:23 GMT 2025","passed","Sat May 03 09:18:23 GMT 2025","TestPrecision","test_network_parameters","",""
"","0","test_can_create_connection[Test for Moonbeam, url: wss://moonbeam.public.curie.radiumblock.co/ws]","tests","Sat May 03 09:18:22 GMT 2025","passed","Sat May 03 09:18:22 GMT 2025","","test_nodes_availability","",""
"","97","test_rpc_method_is_available[Test for Kusama, url: wss://apps-kusama-rpc.polkadot.io]","tests","Sat May 03 09:18:11 GMT 2025","passed","Sat May 03 09:18:11 GMT 2025","","test_rpc_methods_availability","",""
"","1","test_address_prefix[Test for Robonomics]","tests","Sat May 03 09:18:20 GMT 2025","passed","Sat May 03 09:18:20 GMT 2025","TestNetworkPrefix","test_network_parameters","",""
"","1","test_chainId[Test for Basilisk]","tests","Sat May 03 09:18:04 GMT 2025","passed","Sat May 03 09:18:04 GMT 2025","TestChainId","test_network_parameters","",""
"","0","test_precision[Test for QUARTZ]","tests","Sat May 03 09:18:22 GMT 2025","passed","Sat May 03 09:18:22 GMT 2025","TestPrecision","test_network_parameters","",""
"","9","test_has_new_assets[Test for Polimec]","tests","Sat May 03 09:19:05 GMT 2025","passed","Sat May 03 09:19:05 GMT 2025","TestAssets","test_check_new_assets","",""
"","0","test_precision[Test for Kusama Coretime]","tests","Sat May 03 09:19:41 GMT 2025","passed","Sat May 03 09:19:41 GMT 2025","TestPrecision","test_network_parameters","",""
"","0","test_can_create_connection[Test for Polkadot People, url: wss://sys.ibp.network/people-polkadot]","tests","Sat May 03 09:18:06 GMT 2025","passed","Sat May 03 09:18:06 GMT 2025","","test_nodes_availability","",""
"","1","test_can_create_connection[Test for KILT, url: wss://kilt.ibp.network]","tests","Sat May 03 09:19:09 GMT 2025","passed","Sat May 03 09:19:09 GMT 2025","","test_nodes_availability","",""
"","130","test_rpc_method_is_available[Test for Bifrost Polkadot, url: wss://eu.bifrost-polkadot-rpc.liebi.com/ws]","tests","Sat May 03 09:20:14 GMT 2025","passed","Sat May 03 09:20:14 GMT 2025","","test_rpc_methods_availability","",""
"","1","test_address_prefix[Test for Polkadot Asset Hub]","tests","Sat May 03 09:18:17 GMT 2025","passed","Sat May 03 09:18:17 GMT 2025","TestNetworkPrefix","test_network_parameters","",""
"","2","test_rpc_node_is_synced[Test for Polkadot Collectives, url: wss://collectives-polkadot.dotters.network]","tests","Sat May 03 09:20:50 GMT 2025","passed","Sat May 03 09:20:50 GMT 2025","","test_substrate_node_is_synced","",""
"","0","test_address_prefix[Test for DENTNet]","tests","Sat May 03 09:19:24 GMT 2025","passed","Sat May 03 09:19:24 GMT 2025","TestNetworkPrefix","test_network_parameters","",""
"","1","test_address_prefix[Test for Laos]","tests","Sat May 03 09:19:33 GMT 2025","passed","Sat May 03 09:19:33 GMT 2025","TestNetworkPrefix","test_network_parameters","",""
"","9","test_rpc_node_is_synced[Test for QUARTZ, url: wss://quartz.unique.network]","tests","Sat May 03 09:19:30 GMT 2025","passed","Sat May 03 09:19:30 GMT 2025","","test_substrate_node_is_synced","",""
"","0","test_can_create_connection[Test for Kusama Bridge Hub, url: wss://bridge-hub-kusama.dotters.network]","tests","Sat May 03 09:20:33 GMT 2025","passed","Sat May 03 09:20:33 GMT 2025","","test_nodes_availability","",""
"","129","test_rpc_node_is_synced[Test for Polkadot, url: wss://rpc-polkadot-1.novasama-tech.org]","tests","Sat May 03 09:18:02 GMT 2025","passed","Sat May 03 09:18:02 GMT 2025","","test_substrate_node_is_synced","",""
"","0","test_can_create_connection[Test for Pendulum, url: wss://rpc-pendulum.prd.pendulumchain.tech]","tests","Sat May 03 09:19:58 GMT 2025","passed","Sat May 03 09:19:58 GMT 2025","","test_nodes_availability","",""
"","0","test_precision[Test for Basilisk]","tests","Sat May 03 09:18:12 GMT 2025","passed","Sat May 03 09:18:12 GMT 2025","TestPrecision","test_network_parameters","",""
"","70","test_rpc_method_is_available[Test for DENTNet, url: wss://rpc.dentnet.io/ws]","tests","Sat May 03 09:21:42 GMT 2025","passed","Sat May 03 09:21:42 GMT 2025","","test_rpc_methods_availability","",""
"","0","test_can_create_connection[Test for Interlay, url: wss://api.interlay.io/parachain]","tests","Sat May 03 09:18:53 GMT 2025","passed","Sat May 03 09:18:53 GMT 2025","","test_nodes_availability","",""
"","0","test_precision[Test for JAMTON]","tests","Sat May 03 09:19:37 GMT 2025","passed","Sat May 03 09:19:37 GMT 2025","TestPrecision","test_network_parameters","",""
"","0","test_can_create_connection[Test for Hydration, url: wss://rpc-hydra.novasama-tech.org]","tests","Sat May 03 09:19:36 GMT 2025","passed","Sat May 03 09:19:36 GMT 2025","","test_nodes_availability","",""
"","0","test_precision[Test for Avail]","tests","Sat May 03 09:19:24 GMT 2025","passed","Sat May 03 09:19:24 GMT 2025","TestPrecision","test_network_parameters","",""
"","0","test_chainId[Test for Polkadot]","tests","Sat May 03 09:17:58 GMT 2025","passed","Sat May 03 09:17:58 GMT 2025","TestChainId","test_network_parameters","",""
"","0","test_can_create_connection[Test for Aleph Zero, url: wss://ws.azero.dev]","tests","Sat May 03 09:19:28 GMT 2025","passed","Sat May 03 09:19:28 GMT 2025","","test_nodes_availability","",""
"","108","test_rpc_method_is_available[Test for Interlay, url: wss://rpc-interlay.luckyfriday.io/]","tests","Sat May 03 09:19:16 GMT 2025","passed","Sat May 03 09:19:16 GMT 2025","","test_rpc_methods_availability","",""
"","0","test_can_create_connection[Test for Crab, url: wss://crab-rpc.darwinia.network/]","tests","Sat May 03 09:20:36 GMT 2025","passed","Sat May 03 09:20:36 GMT 2025","","test_nodes_availability","",""
"","118","test_rpc_method_is_available[Test for Crust Polkadot Parachain, url: wss://crust-parachain.crustapps.net]","tests","Sat May 03 09:20:16 GMT 2025","passed","Sat May 03 09:20:16 GMT 2025","","test_rpc_methods_availability","",""
"","0","test_address_prefix[Test for Kabocha]","tests","Sat May 03 09:18:47 GMT 2025","broken","Sat May 03 09:18:47 GMT 2025","TestNetworkPrefix","test_network_parameters","",""
"","91","test_rpc_node_is_synced[Test for Hyperbridge Nexus, url: wss://hyperbridge-nexus-rpc.blockops.network]","tests","Sat May 03 09:22:21 GMT 2025","passed","Sat May 03 09:22:21 GMT 2025","","test_substrate_node_is_synced","",""
"","6","test_has_new_assets[Test for Enjin Matrix]","tests","Sat May 03 09:19:06 GMT 2025","passed","Sat May 03 09:19:06 GMT 2025","TestAssets","test_check_new_assets","",""
"","32","test_rpc_node_is_synced[Test for Vara, url: wss://rpc.vara-network.io]","tests","Sat May 03 09:20:36 GMT 2025","passed","Sat May 03 09:20:36 GMT 2025","","test_substrate_node_is_synced","",""
"","1","test_can_create_connection[Test for Polkadot, url: wss://dot-rpc.stakeworld.io]","tests","Sat May 03 09:18:21 GMT 2025","passed","Sat May 03 09:18:21 GMT 2025","","test_nodes_availability","",""
"","69","test_rpc_method_is_available[Test for Moonriver, url: wss://wss.api.moonriver.moonbeam.network]","tests","Sat May 03 09:18:32 GMT 2025","passed","Sat May 03 09:18:32 GMT 2025","","test_rpc_methods_availability","",""
"","0","test_can_create_connection[Test for Humanode, url: wss://explorer-rpc-ws.mainnet.stages.humanode.io]","tests","Sat May 03 09:21:24 GMT 2025","passed","Sat May 03 09:21:24 GMT 2025","","test_nodes_availability","",""
"","5","test_has_new_assets[Test for Humanode]","tests","Sat May 03 09:19:26 GMT 2025","passed","Sat May 03 09:19:26 GMT 2025","TestAssets","test_check_new_assets","",""
"","1","test_precision[Test for Bifrost Polkadot]","tests","Sat May 03 09:18:30 GMT 2025","passed","Sat May 03 09:18:30 GMT 2025","TestPrecision","test_network_parameters","",""
"","87","test_rpc_node_is_synced[Test for Ternoa, url: wss://mainnet.ternoa.network]","tests","Sat May 03 09:20:59 GMT 2025","passed","Sat May 03 09:20:59 GMT 2025","","test_substrate_node_is_synced","",""
"","99","test_rpc_method_is_available[Test for Polkadot, url: wss://apps-rpc.polkadot.io]","tests","Sat May 03 09:18:20 GMT 2025","passed","Sat May 03 09:18:20 GMT 2025","","test_rpc_methods_availability","",""
"","96","test_rpc_method_is_available[Test for Polkadot People, url: wss://polkadot-people-rpc.polkadot.io]","tests","Sat May 03 09:18:10 GMT 2025","passed","Sat May 03 09:18:10 GMT 2025","","test_rpc_methods_availability","",""
"","27","test_has_new_assets[Test for Kintsugi]","tests","Sat May 03 09:18:21 GMT 2025","passed","Sat May 03 09:18:21 GMT 2025","TestAssets","test_check_new_assets","",""
"","0","test_can_create_connection[Test for Moonbeam, url: wss://wss.api.moonbeam.network]","tests","Sat May 03 09:18:12 GMT 2025","passed","Sat May 03 09:18:12 GMT 2025","","test_nodes_availability","",""
"","94","test_rpc_method_is_available[Test for Shiden, url: wss://shiden.public.curie.radiumblock.co/ws]","tests","Sat May 03 09:18:51 GMT 2025","passed","Sat May 03 09:18:52 GMT 2025","","test_rpc_methods_availability","",""
"","0","test_precision[Test for Pendulum]","tests","Sat May 03 09:19:04 GMT 2025","passed","Sat May 03 09:19:04 GMT 2025","TestPrecision","test_network_parameters","",""
"","91","test_rpc_node_is_synced[Test for Kusama Coretime, url: wss://ksm-rpc.stakeworld.io/coretime]","tests","Sat May 03 09:21:52 GMT 2025","passed","Sat May 03 09:21:53 GMT 2025","","test_substrate_node_is_synced","",""
"","101","test_rpc_node_is_synced[Test for Polkadot Collectives, url: wss://dot-rpc.stakeworld.io/collectives]","tests","Sat May 03 09:20:54 GMT 2025","passed","Sat May 03 09:20:54 GMT 2025","","test_substrate_node_is_synced","",""
"","1","test_can_create_connection[Test for Polkadot Bridge Hub, url: wss://dot-rpc.stakeworld.io/bridgehub]","tests","Sat May 03 09:20:38 GMT 2025","passed","Sat May 03 09:20:38 GMT 2025","","test_nodes_availability","",""
"","7","test_has_new_assets[Test for Centrifuge Parachain]","tests","Sat May 03 09:18:41 GMT 2025","passed","Sat May 03 09:18:41 GMT 2025","TestAssets","test_check_new_assets","",""
"","0","test_address_prefix[Test for UNIQUE]","tests","Sat May 03 09:18:36 GMT 2025","passed","Sat May 03 09:18:36 GMT 2025","TestNetworkPrefix","test_network_parameters","",""
"","1","test_chainId[Test for Robonomics]","tests","Sat May 03 09:18:11 GMT 2025","passed","Sat May 03 09:18:11 GMT 2025","TestChainId","test_network_parameters","",""
"","98","test_rpc_node_is_synced[Test for Enjin Relay, url: wss://enjin-relay-rpc.dwellir.com]","tests","Sat May 03 09:21:09 GMT 2025","passed","Sat May 03 09:21:09 GMT 2025","","test_substrate_node_is_synced","",""
"","92","test_rpc_method_is_available[Test for Heima, url: wss://rpc.litentry-parachain.litentry.io]","tests","Sat May 03 09:20:18 GMT 2025","passed","Sat May 03 09:20:19 GMT 2025","","test_rpc_methods_availability","",""
"","117","test_rpc_method_is_available[Test for Bifrost Polkadot, url: wss://hk.p.bifrost-rpc.liebi.com/ws]","tests","Sat May 03 09:20:08 GMT 2025","passed","Sat May 03 09:20:08 GMT 2025","","test_rpc_methods_availability","",""
"","0","test_address_prefix[Test for Amplitude]","tests","Sat May 03 09:18:50 GMT 2025","passed","Sat May 03 09:18:50 GMT 2025","TestNetworkPrefix","test_network_parameters","",""
"","98","test_rpc_node_is_synced[Test for Kintsugi, url: wss://api-kusama.interlay.io/parachain]","tests","Sat May 03 09:18:50 GMT 2025","passed","Sat May 03 09:18:50 GMT 2025","","test_substrate_node_is_synced","",""
"","0","test_precision[Test for Nodle Parachain]","tests","Sat May 03 09:18:33 GMT 2025","passed","Sat May 03 09:18:33 GMT 2025","TestPrecision","test_network_parameters","",""
"","1","test_address_prefix[Test for 3DPass]","tests","Sat May 03 09:18:47 GMT 2025","passed","Sat May 03 09:18:47 GMT 2025","TestNetworkPrefix","test_network_parameters","",""
"","0","test_address_prefix[Test for peaq]","tests","Sat May 03 09:19:35 GMT 2025","passed","Sat May 03 09:19:35 GMT 2025","TestNetworkPrefix","test_network_parameters","",""
"","1","test_address_prefix[Test for Subsocial]","tests","Sat May 03 09:18:30 GMT 2025","passed","Sat May 03 09:18:30 GMT 2025","TestNetworkPrefix","test_network_parameters","",""
"","0","test_chainId[Test for Bittensor]","tests","Sat May 03 09:18:37 GMT 2025","passed","Sat May 03 09:18:37 GMT 2025","TestChainId","test_network_parameters","",""
"","0","test_chainId[Test for Phala]","tests","Sat May 03 09:18:27 GMT 2025","passed","Sat May 03 09:18:27 GMT 2025","TestChainId","test_network_parameters","",""
"","0","test_address_prefix[Test for Energy Web X]","tests","Sat May 03 09:19:07 GMT 2025","passed","Sat May 03 09:19:07 GMT 2025","TestNetworkPrefix","test_network_parameters","",""
"","0","test_can_create_connection[Test for Ternoa, url: wss://mainnet.ternoa.network]","tests","Sat May 03 09:20:59 GMT 2025","passed","Sat May 03 09:20:59 GMT 2025","","test_nodes_availability","",""
"","1","test_can_create_connection[Test for QUARTZ, url: wss://us-ws-quartz.unique.network]","tests","Sat May 03 09:19:38 GMT 2025","passed","Sat May 03 09:19:38 GMT 2025","","test_nodes_availability","",""
"","0","test_can_create_connection[Test for Enjin Matrix, url: wss://rpc.matrix.blockchain.enjin.io]","tests","Sat May 03 09:20:49 GMT 2025","passed","Sat May 03 09:20:49 GMT 2025","","test_nodes_availability","",""
"","3","test_rpc_node_is_synced[Test for Hydration, url: wss://hydration.ibp.network]","tests","Sat May 03 09:19:41 GMT 2025","passed","Sat May 03 09:19:41 GMT 2025","","test_substrate_node_is_synced","",""
"","79","test_rpc_method_is_available[Test for krest, url: wss://wss-krest.peaq.network/]","tests","Sat May 03 09:20:58 GMT 2025","passed","Sat May 03 09:20:58 GMT 2025","","test_rpc_methods_availability","",""
"","126","test_rpc_node_is_synced[Test for Phala, url: wss://rpc.helikon.io/phala]","tests","Sat May 03 09:19:23 GMT 2025","passed","Sat May 03 09:19:24 GMT 2025","","test_substrate_node_is_synced","",""
"","14","test_has_new_assets[Test for XX network]","tests","Sat May 03 09:18:51 GMT 2025","passed","Sat May 03 09:18:51 GMT 2025","TestAssets","test_check_new_assets","",""
"","0","test_precision[Test for Enjin Relay]","tests","Sat May 03 09:19:24 GMT 2025","passed","Sat May 03 09:19:24 GMT 2025","TestPrecision","test_network_parameters","",""
"","2","test_rpc_node_is_synced[Test for Centrifuge Parachain, url: wss://rpc-centrifuge.luckyfriday.io]","tests","Sat May 03 09:19:30 GMT 2025","passed","Sat May 03 09:19:30 GMT 2025","","test_substrate_node_is_synced","",""
"","13","test_rpc_node_is_synced[Test for Polkadot, url: wss://dot-rpc.stakeworld.io]","tests","Sat May 03 09:18:28 GMT 2025","passed","Sat May 03 09:18:28 GMT 2025","","test_substrate_node_is_synced","",""
"","0","test_address_prefix[Test for Polkadot Coretime]","tests","Sat May 03 09:19:38 GMT 2025","passed","Sat May 03 09:19:38 GMT 2025","TestNetworkPrefix","test_network_parameters","",""
"","93","test_rpc_method_is_available[Test for Kusama, url: wss://rpc-kusama.luckyfriday.io]","tests","Sat May 03 09:18:20 GMT 2025","passed","Sat May 03 09:18:20 GMT 2025","","test_rpc_methods_availability","",""
"","0","test_can_create_connection[Test for Nodle Parachain, url: wss://nodle-rpc.dwellir.com]","tests","Sat May 03 09:19:10 GMT 2025","passed","Sat May 03 09:19:10 GMT 2025","","test_nodes_availability","",""
"","0","test_address_prefix[Test for Altair]","tests","Sat May 03 09:18:17 GMT 2025","passed","Sat May 03 09:18:17 GMT 2025","TestNetworkPrefix","test_network_parameters","",""
"","1","test_can_create_connection[Test for Kusama Bridge Hub, url: wss://sys.ibp.network/bridgehub-kusama]","tests","Sat May 03 09:20:32 GMT 2025","passed","Sat May 03 09:20:32 GMT 2025","","test_nodes_availability","",""
"","0","test_can_create_connection[Test for Polkadot, url: wss://rpc-polkadot.luckyfriday.io]","tests","Sat May 03 09:18:32 GMT 2025","passed","Sat May 03 09:18:32 GMT 2025","","test_nodes_availability","",""
"","549","test_rpc_node_work_fast[Test for Ethereum, url: https://1rpc.io/eth]","tests","Sat May 03 09:17:56 GMT 2025","passed","Sat May 03 09:17:56 GMT 2025","TestETHNodesAvailability","test_eth_nodes_availability","",""
"","3","test_rpc_node_is_synced[Test for Polkadot, url: wss://polkadot.dotters.network]","tests","Sat May 03 09:18:16 GMT 2025","passed","Sat May 03 09:18:16 GMT 2025","","test_substrate_node_is_synced","",""
"","1","test_can_create_connection[Test for Hydration, url: wss://hydradx-rpc.dwellir.com]","tests","Sat May 03 09:18:49 GMT 2025","passed","Sat May 03 09:18:49 GMT 2025","","test_nodes_availability","",""
"","0","test_address_prefix[Test for GIANT]","tests","Sat May 03 09:19:00 GMT 2025","passed","Sat May 03 09:19:00 GMT 2025","TestNetworkPrefix","test_network_parameters","",""
"","69","test_rpc_method_is_available[Test for Polkadot Collectives, url: wss://collectives.public.curie.radiumblock.co/ws]","tests","Sat May 03 09:21:03 GMT 2025","passed","Sat May 03 09:21:03 GMT 2025","","test_rpc_methods_availability","",""
"","0","test_can_create_connection[Test for Polkadot, url: wss://rpc-polkadot-1.novasama-tech.org]","tests","Sat May 03 09:17:59 GMT 2025","passed","Sat May 03 09:17:59 GMT 2025","","test_nodes_availability","",""
"","84","test_rpc_method_is_available[Test for Subsocial, url: wss://para.subsocial.network]","tests","Sat May 03 09:19:16 GMT 2025","passed","Sat May 03 09:19:16 GMT 2025","","test_rpc_methods_availability","",""
"","0","test_can_create_connection[Test for Polkadot Collectives, url: wss://dot-rpc.stakeworld.io/collectives]","tests","Sat May 03 09:20:42 GMT 2025","passed","Sat May 03 09:20:42 GMT 2025","","test_nodes_availability","",""
"","0","test_address_prefix[Test for Kusama Coretime]","tests","Sat May 03 09:19:38 GMT 2025","passed","Sat May 03 09:19:38 GMT 2025","TestNetworkPrefix","test_network_parameters","",""
"","8","test_rpc_node_is_synced[Test for UNIQUE, url: wss://us-ws.unique.network/]","tests","Sat May 03 09:20:26 GMT 2025","passed","Sat May 03 09:20:26 GMT 2025","","test_substrate_node_is_synced","",""
"","1","test_chainId[Test for Kintsugi]","tests","Sat May 03 09:18:14 GMT 2025","passed","Sat May 03 09:18:14 GMT 2025","TestChainId","test_network_parameters","",""
"","2","test_rpc_node_is_synced[Test for Ajuna, url: wss://ajuna.ibp.network]","tests","Sat May 03 09:20:19 GMT 2025","passed","Sat May 03 09:20:19 GMT 2025","","test_substrate_node_is_synced","",""
"","195","test_rpc_node_is_synced[Test for Acala, url: wss://acala-rpc-1.aca-api.network]","tests","Sat May 03 09:18:40 GMT 2025","passed","Sat May 03 09:18:40 GMT 2025","","test_substrate_node_is_synced","",""
"","8","test_has_new_assets[Test for Ajuna]","tests","Sat May 03 09:18:49 GMT 2025","passed","Sat May 03 09:18:49 GMT 2025","TestAssets","test_check_new_assets","",""
"","97","test_rpc_method_is_available[Test for UNIQUE, url: wss://asia-ws.unique.network/]","tests","Sat May 03 09:20:42 GMT 2025","passed","Sat May 03 09:20:42 GMT 2025","","test_rpc_methods_availability","",""
"","84","test_rpc_method_is_available[Test for XX network, url: wss://rpc.xx.network]","tests","Sat May 03 09:21:19 GMT 2025","passed","Sat May 03 09:21:19 GMT 2025","","test_rpc_methods_availability","",""
"","215","test_rpc_method_is_available[Test for Kusama Asset Hub, url: wss://asset-hub-kusama.dotters.network]","tests","Sat May 03 09:18:03 GMT 2025","passed","Sat May 03 09:18:03 GMT 2025","","test_rpc_methods_availability","",""
"","74","test_rpc_method_is_available[Test for Bifrost Polkadot, url: wss://bifrost-polkadot.dotters.network]","tests","Sat May 03 09:20:02 GMT 2025","passed","Sat May 03 09:20:02 GMT 2025","","test_rpc_methods_availability","",""
"","136","test_rpc_method_is_available[Test for DAO IPCI, url: wss://ipci.rpc.robonomics.network]","tests","Sat May 03 09:21:10 GMT 2025","passed","Sat May 03 09:21:10 GMT 2025","","test_rpc_methods_availability","",""
"","1","test_address_prefix[Test for Enjin Matrix]","tests","Sat May 03 09:19:06 GMT 2025","passed","Sat May 03 09:19:06 GMT 2025","TestNetworkPrefix","test_network_parameters","",""
"","0","test_can_create_connection[Test for Interlay, url: wss://interlay-rpc.dwellir.com]","tests","Sat May 03 09:19:04 GMT 2025","broken","Sat May 03 09:19:04 GMT 2025","","test_nodes_availability","",""
"","118","test_rpc_method_is_available[Test for Hydration, url: wss://hydradx-rpc.dwellir.com]","tests","Sat May 03 09:18:55 GMT 2025","passed","Sat May 03 09:18:55 GMT 2025","","test_rpc_methods_availability","",""
"","0","test_address_prefix[Test for Phala]","tests","Sat May 03 09:18:36 GMT 2025","passed","Sat May 03 09:18:36 GMT 2025","TestNetworkPrefix","test_network_parameters","",""
"","8","test_has_new_assets[Test for Hyperbridge Nexus]","tests","Sat May 03 09:19:16 GMT 2025","passed","Sat May 03 09:19:16 GMT 2025","TestAssets","test_check_new_assets","",""
"","72","test_rpc_method_is_available[Test for Darwinia, url: wss://rpc.darwinia.network]","tests","Sat May 03 09:20:45 GMT 2025","passed","Sat May 03 09:20:45 GMT 2025","","test_rpc_methods_availability","",""
"","0","test_can_create_connection[Test for Astar, url: wss://astar-rpc.dwellir.com]","tests","Sat May 03 09:19:59 GMT 2025","passed","Sat May 03 09:19:59 GMT 2025","","test_nodes_availability","",""
"","0","test_precision[Test for Acurast Canary]","tests","Sat May 03 09:19:24 GMT 2025","passed","Sat May 03 09:19:24 GMT 2025","TestPrecision","test_network_parameters","",""
"","3","test_rpc_node_is_synced[Test for Bifrost Polkadot, url: wss://bifrost-polkadot.ibp.network]","tests","Sat May 03 09:19:48 GMT 2025","passed","Sat May 03 09:19:48 GMT 2025","","test_substrate_node_is_synced","",""
"","107","test_rpc_node_is_synced[Test for Avail, url: wss://mainnet-rpc.avail.so/ws]","tests","Sat May 03 09:21:30 GMT 2025","passed","Sat May 03 09:21:30 GMT 2025","","test_substrate_node_is_synced","",""
"","73","test_rpc_method_is_available[Test for KILT, url: wss://spiritnet.kilt.io/]","tests","Sat May 03 09:19:42 GMT 2025","passed","Sat May 03 09:19:42 GMT 2025","","test_rpc_methods_availability","",""
"","0","test_can_create_connection[Test for GIANT, url: wss://rpc-anchor-2-mainnet-az-ue1.giantprotocol.org:443]","tests","Sat May 03 09:20:31 GMT 2025","passed","Sat May 03 09:20:31 GMT 2025","","test_nodes_availability","",""
"","0","test_can_create_connection[Test for DAO IPCI, url: wss://ipci.rpc.robonomics.network]","tests","Sat May 03 09:21:06 GMT 2025","passed","Sat May 03 09:21:06 GMT 2025","","test_nodes_availability","",""
"","0","test_can_create_connection[Test for Polkadot Bridge Hub, url: wss://bridge-hub-polkadot.dotters.network]","tests","Sat May 03 09:20:35 GMT 2025","passed","Sat May 03 09:20:35 GMT 2025","","test_nodes_availability","",""
"","0","test_can_create_connection[Test for Amplitude, url: wss://rpc-amplitude.pendulumchain.tech]","tests","Sat May 03 09:20:55 GMT 2025","passed","Sat May 03 09:20:55 GMT 2025","","test_nodes_availability","",""
"","79","test_rpc_method_is_available[Test for Kreivo, url: wss://kreivo.kippu.rocks/]","tests","Sat May 03 09:21:30 GMT 2025","passed","Sat May 03 09:21:30 GMT 2025","","test_rpc_methods_availability","",""
"","0","test_chainId[Test for Polkadot Coretime]","tests","Sat May 03 09:19:27 GMT 2025","passed","Sat May 03 09:19:27 GMT 2025","TestChainId","test_network_parameters","",""
"","5","test_has_new_assets[Test for Laos]","tests","Sat May 03 09:19:29 GMT 2025","passed","Sat May 03 09:19:29 GMT 2025","TestAssets","test_check_new_assets","",""
"","0","test_address_prefix[Test for Basilisk]","tests","Sat May 03 09:18:12 GMT 2025","passed","Sat May 03 09:18:12 GMT 2025","TestNetworkPrefix","test_network_parameters","",""
"","340","test_rpc_node_is_synced[Test for Karura, url: wss://karura-rpc-1.aca-api.network]","tests","Sat May 03 09:18:02 GMT 2025","passed","Sat May 03 09:18:03 GMT 2025","","test_substrate_node_is_synced","",""
"","0","test_can_create_connection[Test for Encointer, url: wss://encointer-kusama.dotters.network]","tests","Sat May 03 09:20:25 GMT 2025","passed","Sat May 03 09:20:25 GMT 2025","","test_nodes_availability","",""
"","0","test_can_create_connection[Test for Polimec, url: wss://rpc.polimec.org]","tests","Sat May 03 09:21:17 GMT 2025","passed","Sat May 03 09:21:17 GMT 2025","","test_nodes_availability","",""
"","74","test_has_new_assets[Test for Polkadot]","tests","Sat May 03 09:18:01 GMT 2025","passed","Sat May 03 09:18:01 GMT 2025","TestAssets","test_check_new_assets","",""
"","0","test_has_new_assets[Test for Kreivo]","tests","Sat May 03 09:19:53 GMT 2025","broken","Sat May 03 09:19:53 GMT 2025","TestAssets","test_check_new_assets","",""
"","0","test_can_create_connection[Test for Karura, url: wss://karura-rpc-1.aca-api.network]","tests","Sat May 03 09:17:58 GMT 2025","passed","Sat May 03 09:17:58 GMT 2025","","test_nodes_availability","",""
"","0","test_can_create_connection[Test for Phala, url: wss://rpc.helikon.io/phala]","tests","Sat May 03 09:19:18 GMT 2025","passed","Sat May 03 09:19:18 GMT 2025","","test_nodes_availability","",""
"","80","test_rpc_method_is_available[Test for Polkadot Asset Hub, url: wss://rpc-assethub.novasama-tech.org]","tests","Sat May 03 09:20:15 GMT 2025","passed","Sat May 03 09:20:15 GMT 2025","","test_rpc_methods_availability","",""
"","72","test_rpc_node_is_synced[Test for Mythos, url: wss://mythos.ibp.network]","tests","Sat May 03 09:21:21 GMT 2025","passed","Sat May 03 09:21:21 GMT 2025","","test_substrate_node_is_synced","",""
"","247","test_rpc_node_is_synced[Test for UNIQUE, url: wss://asia-ws.unique.network/]","tests","Sat May 03 09:20:38 GMT 2025","passed","Sat May 03 09:20:38 GMT 2025","","test_substrate_node_is_synced","",""
"","69","test_rpc_method_is_available[Test for JAMTON, url: wss://rpc.jamton.network]","tests","Sat May 03 09:21:49 GMT 2025","passed","Sat May 03 09:21:49 GMT 2025","","test_rpc_methods_availability","",""
"","91","test_rpc_method_is_available[Test for Kusama, url: wss://rpc-kusama-2.novasama-tech.org]","tests","Sat May 03 09:18:48 GMT 2025","passed","Sat May 03 09:18:48 GMT 2025","","test_rpc_methods_availability","",""
"","0","test_can_create_connection[Test for DENTNet, url: wss://rpc.dentnet.io/ws]","tests","Sat May 03 09:21:24 GMT 2025","passed","Sat May 03 09:21:24 GMT 2025","","test_nodes_availability","",""
"","7","test_has_new_assets[Test for JAMTON]","tests","Sat May 03 09:19:33 GMT 2025","passed","Sat May 03 09:19:33 GMT 2025","TestAssets","test_check_new_assets","",""
"","0","test_can_create_connection[Test for Polkadot Asset Hub, url: wss://asset-hub-polkadot-rpc.dwellir.com]","tests","Sat May 03 09:20:17 GMT 2025","passed","Sat May 03 09:20:17 GMT 2025","","test_nodes_availability","",""
"","88","test_rpc_node_is_synced[Test for Polkadot Coretime, url: wss://polkadot-coretime-rpc.polkadot.io]","tests","Sat May 03 09:21:48 GMT 2025","passed","Sat May 03 09:21:48 GMT 2025","","test_substrate_node_is_synced","",""
"","5","test_has_new_assets[Test for QUARTZ]","tests","Sat May 03 09:18:17 GMT 2025","passed","Sat May 03 09:18:17 GMT 2025","TestAssets","test_check_new_assets","",""
"","0","test_can_create_connection[Test for Integritee Parachain, url: wss://kusama.api.integritee.network]","tests","Sat May 03 09:19:23 GMT 2025","passed","Sat May 03 09:19:23 GMT 2025","","test_nodes_availability","",""
"","0","test_can_create_connection[Test for Shiden, url: wss://rpc.shiden.astar.network]","tests","Sat May 03 09:18:29 GMT 2025","passed","Sat May 03 09:18:29 GMT 2025","","test_nodes_availability","",""
"","99","test_rpc_node_is_synced[Test for Tangle, url: wss://tangle-mainnet-rpc.dwellir.com]","tests","Sat May 03 09:21:45 GMT 2025","passed","Sat May 03 09:21:45 GMT 2025","","test_substrate_node_is_synced","",""
"","0","test_can_create_connection[Test for Enjin Relay, url: wss://enjin-relay-rpc.dwellir.com]","tests","Sat May 03 09:21:04 GMT 2025","passed","Sat May 03 09:21:04 GMT 2025","","test_nodes_availability","",""
"","110","test_rpc_node_is_synced[Test for Joystream, url: wss://rpc.joystream.org]","tests","Sat May 03 09:21:11 GMT 2025","passed","Sat May 03 09:21:11 GMT 2025","","test_substrate_node_is_synced","",""
"","0","test_rpc_method_is_available[Test for Heima, url: wss://litentry-rpc.dwellir.com]","tests","Sat May 03 09:20:29 GMT 2025","broken","Sat May 03 09:20:29 GMT 2025","","test_rpc_methods_availability","",""
"","1","test_precision[Test for Polkadot]","tests","Sat May 03 09:18:06 GMT 2025","passed","Sat May 03 09:18:06 GMT 2025","TestPrecision","test_network_parameters","",""
"","117","test_rpc_method_is_available[Test for Acala, url: wss://acala-rpc-1.aca-api.network]","tests","Sat May 03 09:18:40 GMT 2025","passed","Sat May 03 09:18:41 GMT 2025","","test_rpc_methods_availability","",""
"","1","test_precision[Test for Karura]","tests","Sat May 03 09:18:07 GMT 2025","passed","Sat May 03 09:18:07 GMT 2025","TestPrecision","test_network_parameters","",""
"","5","test_has_new_assets[Test for Astar]","tests","Sat May 03 09:18:03 GMT 2025","passed","Sat May 03 09:18:03 GMT 2025","TestAssets","test_check_new_assets","",""
"","1","test_can_create_connection[Test for Robonomics, url: wss://kusama.rpc.robonomics.network/]","tests","Sat May 03 09:20:22 GMT 2025","passed","Sat May 03 09:20:22 GMT 2025","","test_nodes_availability","",""
"","0","test_can_create_connection[Test for Vara, url: wss://rpc.vara-network.io]","tests","Sat May 03 09:20:28 GMT 2025","passed","Sat May 03 09:20:28 GMT 2025","","test_nodes_availability","",""
"","103","test_rpc_node_is_synced[Test for Moonriver, url: wss://moonriver-rpc.dwellir.com]","tests","Sat May 03 09:18:29 GMT 2025","passed","Sat May 03 09:18:29 GMT 2025","","test_substrate_node_is_synced","",""
"","0","test_precision[Test for Ternoa]","tests","Sat May 03 09:18:56 GMT 2025","passed","Sat May 03 09:18:56 GMT 2025","TestPrecision","test_network_parameters","",""
"","212","test_rpc_node_is_synced[Test for Bifrost Kusama, url: wss://bifrost-rpc.liebi.com/ws]","tests","Sat May 03 09:18:50 GMT 2025","passed","Sat May 03 09:18:50 GMT 2025","","test_substrate_node_is_synced","",""
"","1","test_chainId[Test for Aventus]","tests","Sat May 03 09:18:35 GMT 2025","passed","Sat May 03 09:18:35 GMT 2025","TestChainId","test_network_parameters","",""
"","101","test_rpc_node_is_synced[Test for Astar, url: wss://astar-rpc.dwellir.com]","tests","Sat May 03 09:20:00 GMT 2025","passed","Sat May 03 09:20:00 GMT 2025","","test_substrate_node_is_synced","",""
"","99","test_rpc_node_is_synced[Test for 3DPass, url: wss://rpc.3dpass.org]","tests","Sat May 03 09:20:24 GMT 2025","passed","Sat May 03 09:20:24 GMT 2025","","test_substrate_node_is_synced","",""
"","85","test_rpc_node_is_synced[Test for Basilisk, url: wss://rpc.basilisk.cloud]","tests","Sat May 03 09:18:59 GMT 2025","passed","Sat May 03 09:18:59 GMT 2025","","test_substrate_node_is_synced","",""
"","1","test_address_prefix[Test for Integritee Parachain]","tests","Sat May 03 09:18:39 GMT 2025","passed","Sat May 03 09:18:39 GMT 2025","TestNetworkPrefix","test_network_parameters","",""
"","78","test_rpc_method_is_available[Test for Polkadot Bridge Hub, url: wss://bridge-hub-polkadot.dotters.network]","tests","Sat May 03 09:20:46 GMT 2025","passed","Sat May 03 09:20:46 GMT 2025","","test_rpc_methods_availability","",""
"","70","test_rpc_method_is_available[Test for Polimec, url: wss://polimec.ibp.network]","tests","Sat May 03 09:21:08 GMT 2025","passed","Sat May 03 09:21:08 GMT 2025","","test_rpc_methods_availability","",""
"","110","test_rpc_method_is_available[Test for Polkadot People, url: wss://sys.ibp.network/people-polkadot]","tests","Sat May 03 09:18:12 GMT 2025","passed","Sat May 03 09:18:12 GMT 2025","","test_rpc_methods_availability","",""
"","91","test_rpc_method_is_available[Test for Acurast Canary, url: wss://public-rpc.canary.acurast.com]","tests","Sat May 03 09:21:25 GMT 2025","passed","Sat May 03 09:21:25 GMT 2025","","test_rpc_methods_availability","",""
"","98","test_rpc_method_is_available[Test for CC Enterprise, url: wss://mainnet.creditcoin.network/ws]","tests","Sat May 03 09:21:40 GMT 2025","passed","Sat May 03 09:21:40 GMT 2025","","test_rpc_methods_availability","",""
"","0","test_can_create_connection[Test for Avail, url: wss://avail-mainnet.public.blastapi.io/]","tests","Sat May 03 09:21:19 GMT 2025","passed","Sat May 03 09:21:19 GMT 2025","","test_nodes_availability","",""
"","0","test_precision[Test for Heima]","tests","Sat May 03 09:18:34 GMT 2025","passed","Sat May 03 09:18:34 GMT 2025","TestPrecision","test_network_parameters","",""
"","0","test_address_prefix[Test for DeepBrain]","tests","Sat May 03 09:19:32 GMT 2025","passed","Sat May 03 09:19:32 GMT 2025","TestNetworkPrefix","test_network_parameters","",""
"","104","test_rpc_node_is_synced[Test for Curio, url: wss://parachain.curioinvest.com/]","tests","Sat May 03 09:21:17 GMT 2025","passed","Sat May 03 09:21:17 GMT 2025","","test_substrate_node_is_synced","",""
"","7","test_has_new_assets[Test for Frequency]","tests","Sat May 03 09:18:51 GMT 2025","passed","Sat May 03 09:18:51 GMT 2025","TestAssets","test_check_new_assets","",""
"","0","test_rpc_node_is_synced[Test for Subsocial, url: wss://subsocial-rpc.dwellir.com]","tests","Sat May 03 09:19:03 GMT 2025","broken","Sat May 03 09:19:03 GMT 2025","","test_substrate_node_is_synced","",""
"","0","test_can_create_connection[Test for Phala, url: wss://phala.public.curie.radiumblock.co/ws]","tests","Sat May 03 09:19:26 GMT 2025","passed","Sat May 03 09:19:26 GMT 2025","","test_nodes_availability","",""
"","2","test_rpc_node_is_synced[Test for Kusama Bridge Hub, url: wss://bridge-hub-kusama.dotters.network]","tests","Sat May 03 09:20:42 GMT 2025","passed","Sat May 03 09:20:42 GMT 2025","","test_substrate_node_is_synced","",""
"","0","test_can_create_connection[Test for Kusama Asset Hub, url: wss://sys.ibp.network/statemine]","tests","Sat May 03 09:18:43 GMT 2025","passed","Sat May 03 09:18:43 GMT 2025","","test_nodes_availability","",""
"","91","test_rpc_node_is_synced[Test for Integritee Parachain, url: wss://kusama.api.integritee.network]","tests","Sat May 03 09:19:23 GMT 2025","passed","Sat May 03 09:19:23 GMT 2025","","test_substrate_node_is_synced","",""
"","5","test_has_new_assets[Test for Robonomics]","tests","Sat May 03 09:18:13 GMT 2025","passed","Sat May 03 09:18:13 GMT 2025","TestAssets","test_check_new_assets","",""
"","0","test_precision[Test for Kusama Asset Hub]","tests","Sat May 03 09:18:19 GMT 2025","passed","Sat May 03 09:18:19 GMT 2025","TestPrecision","test_network_parameters","",""
"","0","test_chainId[Test for DENTNet]","tests","Sat May 03 09:19:14 GMT 2025","passed","Sat May 03 09:19:14 GMT 2025","TestChainId","test_network_parameters","",""
"","0","test_can_create_connection[Test for Polkadot Asset Hub, url: wss://sys.ibp.network/asset-hub-polkadot]","tests","Sat May 03 09:20:12 GMT 2025","passed","Sat May 03 09:20:12 GMT 2025","","test_nodes_availability","",""
"","111","test_rpc_method_is_available[Test for Kusama, url: wss://1rpc.io/ksm]","tests","Sat May 03 09:18:27 GMT 2025","passed","Sat May 03 09:18:27 GMT 2025","","test_rpc_methods_availability","",""
"","81","test_rpc_method_is_available[Test for Parallel, url: wss://parallel.gatotech.network]","tests","Sat May 03 09:20:10 GMT 2025","passed","Sat May 03 09:20:11 GMT 2025","","test_rpc_methods_availability","",""
"","0","test_precision[Test for Astar]","tests","Sat May 03 09:18:10 GMT 2025","passed","Sat May 03 09:18:10 GMT 2025","TestPrecision","test_network_parameters","",""
"","0","test_can_create_connection[Test for Heima, url: wss://litentry-rpc.dwellir.com]","tests","Sat May 03 09:20:16 GMT 2025","broken","Sat May 03 09:20:16 GMT 2025","","test_nodes_availability","",""
"","0","test_can_create_connection[Test for Encointer, url: wss://api.kusama.encointer.org]","tests","Sat May 03 09:18:47 GMT 2025","passed","Sat May 03 09:18:47 GMT 2025","","test_nodes_availability","",""
"","0","test_can_create_connection[Test for KILT, url: wss://kilt-rpc.dwellir.com]","tests","Sat May 03 09:19:23 GMT 2025","broken","Sat May 03 09:19:23 GMT 2025","","test_nodes_availability","",""
"","0","test_precision[Test for Shiden]","tests","Sat May 03 09:18:16 GMT 2025","passed","Sat May 03 09:18:16 GMT 2025","TestPrecision","test_network_parameters","",""
"","0","test_precision[Test for Polkadot Coretime]","tests","Sat May 03 09:19:38 GMT 2025","passed","Sat May 03 09:19:38 GMT 2025","TestPrecision","test_network_parameters","",""
"","1","test_can_create_connection[Test for Tangle, url: wss://rpc.tangle.tools]","tests","Sat May 03 09:21:31 GMT 2025","passed","Sat May 03 09:21:31 GMT 2025","","test_nodes_availability","",""
"","0","test_rpc_node_is_synced[Test for Acala, url: wss://acala.polkawallet.io]","tests","Sat May 03 09:19:27 GMT 2025","broken","Sat May 03 09:19:27 GMT 2025","","test_substrate_node_is_synced","",""
"","3","test_rpc_node_is_synced[Test for Hyperbridge Nexus, url: wss://nexus.dotters.network]","tests","Sat May 03 09:22:17 GMT 2025","passed","Sat May 03 09:22:17 GMT 2025","","test_substrate_node_is_synced","",""
"","0","test_can_create_connection[Test for Acala, url: wss://acala-rpc-1.aca-api.network]","tests","Sat May 03 09:18:39 GMT 2025","passed","Sat May 03 09:18:39 GMT 2025","","test_nodes_availability","",""
"","0","test_chainId[Test for Aleph Zero]","tests","Sat May 03 09:18:28 GMT 2025","passed","Sat May 03 09:18:28 GMT 2025","TestChainId","test_network_parameters","",""
"","0","test_chainId[Test for Crust Polkadot Parachain]","tests","Sat May 03 09:18:56 GMT 2025","passed","Sat May 03 09:18:56 GMT 2025","TestChainId","test_network_parameters","",""
"","0","test_address_prefix[Test for Polkadot]","tests","Sat May 03 09:18:06 GMT 2025","passed","Sat May 03 09:18:06 GMT 2025","TestNetworkPrefix","test_network_parameters","",""
"","3","test_rpc_node_is_synced[Test for Kusama People, url: wss://people-kusama.dotters.network]","tests","Sat May 03 09:18:19 GMT 2025","passed","Sat May 03 09:18:19 GMT 2025","","test_substrate_node_is_synced","",""
"","0","test_address_prefix[Test for Polkadot People]","tests","Sat May 03 09:18:21 GMT 2025","passed","Sat May 03 09:18:21 GMT 2025","TestNetworkPrefix","test_network_parameters","",""
"","0","test_can_create_connection[Test for Polkadot, url: wss://1rpc.io/dot]","tests","Sat May 03 09:18:29 GMT 2025","passed","Sat May 03 09:18:29 GMT 2025","","test_nodes_availability","",""
"","118","test_rpc_method_is_available[Test for Polkadot, url: wss://rpc-polkadot-2.novasama-tech.org]","tests","Sat May 03 09:18:09 GMT 2025","passed","Sat May 03 09:18:10 GMT 2025","","test_rpc_methods_availability","",""
"","91","test_rpc_node_is_synced[Test for Polymesh, url: wss://mainnet-rpc.polymesh.network]","tests","Sat May 03 09:21:04 GMT 2025","passed","Sat May 03 09:21:04 GMT 2025","","test_substrate_node_is_synced","",""
"","1","test_address_prefix[Test for Enjin Relay]","tests","Sat May 03 09:19:14 GMT 2025","passed","Sat May 03 09:19:14 GMT 2025","TestNetworkPrefix","test_network_parameters","",""
"","0","test_can_create_connection[Test for Polkadot Collectives, url: wss://collectives-polkadot.dotters.network]","tests","Sat May 03 09:20:40 GMT 2025","passed","Sat May 03 09:20:40 GMT 2025","","test_nodes_availability","",""
"","5","test_has_new_assets[Test for Bittensor]","tests","Sat May 03 09:18:43 GMT 2025","passed","Sat May 03 09:18:43 GMT 2025","TestAssets","test_check_new_assets","",""
"","70","test_rpc_method_is_available[Test for Tangle, url: wss://tangle-mainnet-rpc.dwellir.com]","tests","Sat May 03 09:21:53 GMT 2025","passed","Sat May 03 09:21:53 GMT 2025","","test_rpc_methods_availability","",""
"","0","test_address_prefix[Test for Westend (TESTNET)]","tests","Sat May 03 09:18:15 GMT 2025","passed","Sat May 03 09:18:15 GMT 2025","TestNetworkPrefix","test_network_parameters","",""
"","3","test_rpc_node_is_synced[Test for Kusama Bridge Hub, url: wss://sys.ibp.network/bridgehub-kusama]","tests","Sat May 03 09:20:41 GMT 2025","passed","Sat May 03 09:20:41 GMT 2025","","test_substrate_node_is_synced","",""
"","0","test_can_create_connection[Test for Kusama Coretime, url: wss://kusama-coretime-rpc.polkadot.io]","tests","Sat May 03 09:21:41 GMT 2025","passed","Sat May 03 09:21:41 GMT 2025","","test_nodes_availability","",""
"","0","test_chainId[Test for Enjin Matrix]","tests","Sat May 03 09:18:54 GMT 2025","passed","Sat May 03 09:18:54 GMT 2025","TestChainId","test_network_parameters","",""
"","0","test_can_create_connection[Test for Kusama Asset Hub, url: wss://asset-hub-kusama-rpc.dwellir.com]","tests","Sat May 03 09:18:01 GMT 2025","passed","Sat May 03 09:18:01 GMT 2025","","test_nodes_availability","",""
"","69","test_rpc_method_is_available[Test for Enjin Relay, url: wss://rpc.relay.blockchain.enjin.io]","tests","Sat May 03 09:21:20 GMT 2025","passed","Sat May 03 09:21:20 GMT 2025","","test_rpc_methods_availability","",""
"","81","test_rpc_method_is_available[Test for Polkadot, url: wss://polkadot-rpc.dwellir.com]","tests","Sat May 03 09:18:24 GMT 2025","passed","Sat May 03 09:18:24 GMT 2025","","test_rpc_methods_availability","",""
"","0","test_address_prefix[Test for Curio]","tests","Sat May 03 09:19:16 GMT 2025","passed","Sat May 03 09:19:16 GMT 2025","TestNetworkPrefix","test_network_parameters","",""
"","0","test_precision[Test for Phala]","tests","Sat May 03 09:18:37 GMT 2025","passed","Sat May 03 09:18:37 GMT 2025","TestPrecision","test_network_parameters","",""
"","1","test_precision[Test for krest]","tests","Sat May 03 09:19:10 GMT 2025","passed","Sat May 03 09:19:10 GMT 2025","TestPrecision","test_network_parameters","",""
"","0","test_chainId[Test for Laos]","tests","Sat May 03 09:19:25 GMT 2025","passed","Sat May 03 09:19:25 GMT 2025","TestChainId","test_network_parameters","",""
"","7","test_has_new_assets[Test for Cere]","tests","Sat May 03 09:19:20 GMT 2025","passed","Sat May 03 09:19:20 GMT 2025","TestAssets","test_check_new_assets","",""
"","0","test_address_prefix[Test for Crust Polkadot Parachain]","tests","Sat May 03 09:19:03 GMT 2025","passed","Sat May 03 09:19:03 GMT 2025","TestNetworkPrefix","test_network_parameters","",""
"","0","test_address_prefix[Test for NeuroWeb]","tests","Sat May 03 09:18:25 GMT 2025","passed","Sat May 03 09:18:25 GMT 2025","TestNetworkPrefix","test_network_parameters","",""
"","91","test_rpc_node_is_synced[Test for DENTNet, url: wss://rpc.dentnet.io/ws]","tests","Sat May 03 09:21:35 GMT 2025","passed","Sat May 03 09:21:35 GMT 2025","","test_substrate_node_is_synced","",""
"","0","test_rpc_node_is_synced[Test for Heima, url: wss://litentry-rpc.dwellir.com]","tests","Sat May 03 09:20:21 GMT 2025","broken","Sat May 03 09:20:21 GMT 2025","","test_substrate_node_is_synced","",""
"","103","test_rpc_method_is_available[Test for Ajuna, url: wss://ajuna.ibp.network]","tests","Sat May 03 09:20:30 GMT 2025","passed","Sat May 03 09:20:30 GMT 2025","","test_rpc_methods_availability","",""
"","0","test_can_create_connection[Test for Creditcoin, url: wss://mainnet3.creditcoin.network]","tests","Sat May 03 09:21:22 GMT 2025","passed","Sat May 03 09:21:22 GMT 2025","","test_nodes_availability","",""
"","7","test_has_new_assets[Test for Basilisk]","tests","Sat May 03 09:18:09 GMT 2025","passed","Sat May 03 09:18:09 GMT 2025","TestAssets","test_check_new_assets","",""
"","78","test_rpc_node_is_synced[Test for Crust Polkadot Parachain, url: wss://crust-parachain.crustapps.net]","tests","Sat May 03 09:20:05 GMT 2025","passed","Sat May 03 09:20:05 GMT 2025","","test_substrate_node_is_synced","",""
"","76","test_rpc_method_is_available[Test for Kusama, url: wss://kusama-rpc.dwellir.com]","tests","Sat May 03 09:18:16 GMT 2025","passed","Sat May 03 09:18:16 GMT 2025","","test_rpc_methods_availability","",""
"","0","test_address_prefix[Test for Kusama Asset Hub]","tests","Sat May 03 09:18:17 GMT 2025","passed","Sat May 03 09:18:17 GMT 2025","TestNetworkPrefix","test_network_parameters","",""
"","0","test_rpc_method_is_available[Test for Kabocha, url: wss://kabocha.jelliedowl.com]","tests","Sat May 03 09:20:13 GMT 2025","broken","Sat May 03 09:20:13 GMT 2025","","test_rpc_methods_availability","",""
"","74","test_rpc_method_is_available[Test for peaq, url: wss://peaq-rpc.dwellir.com]","tests","Sat May 03 09:21:49 GMT 2025","passed","Sat May 03 09:21:49 GMT 2025","","test_rpc_methods_availability","",""
"","2","test_rpc_node_is_synced[Test for KILT, url: wss://kilt.dotters.network]","tests","Sat May 03 09:19:12 GMT 2025","passed","Sat May 03 09:19:12 GMT 2025","","test_substrate_node_is_synced","",""
"","0","test_address_prefix[Test for Darwinia]","tests","Sat May 03 09:18:56 GMT 2025","passed","Sat May 03 09:18:56 GMT 2025","TestNetworkPrefix","test_network_parameters","",""
"","0","test_precision[Test for Humanode]","tests","Sat May 03 09:19:32 GMT 2025","passed","Sat May 03 09:19:32 GMT 2025","TestPrecision","test_network_parameters","",""
"","0","test_precision[Test for Joystream]","tests","Sat May 03 09:19:19 GMT 2025","passed","Sat May 03 09:19:19 GMT 2025","TestPrecision","test_network_parameters","",""
"","0","test_can_create_connection[Test for Hyperbridge Nexus, url: wss://nexus.dotters.network]","tests","Sat May 03 09:21:16 GMT 2025","passed","Sat May 03 09:21:16 GMT 2025","","test_nodes_availability","",""
"","0","test_can_create_connection[Test for Polkadot Coretime, url: wss://polkadot-coretime-rpc.polkadot.io]","tests","Sat May 03 09:21:38 GMT 2025","passed","Sat May 03 09:21:38 GMT 2025","","test_nodes_availability","",""
"","96","test_rpc_node_is_synced[Test for Shiden, url: wss://shiden-rpc.dwellir.com]","tests","Sat May 03 09:18:36 GMT 2025","passed","Sat May 03 09:18:36 GMT 2025","","test_substrate_node_is_synced","",""
"","5","test_has_new_assets[Test for Kusama Coretime]","tests","Sat May 03 09:19:58 GMT 2025","passed","Sat May 03 09:19:58 GMT 2025","TestAssets","test_check_new_assets","",""
"","0","test_chainId[Test for Tangle]","tests","Sat May 03 09:19:50 GMT 2025","passed","Sat May 03 09:19:50 GMT 2025","TestChainId","test_network_parameters","",""
"","86","test_rpc_method_is_available[Test for Polkadot Coretime, url: wss://rpc-coretime-polkadot.luckyfriday.io]","tests","Sat May 03 09:21:55 GMT 2025","passed","Sat May 03 09:21:55 GMT 2025","","test_rpc_methods_availability","",""
"","0","test_can_create_connection[Test for Hydration, url: wss://hydration.dotters.network]","tests","Sat May 03 09:18:45 GMT 2025","passed","Sat May 03 09:18:45 GMT 2025","","test_nodes_availability","",""
"","0","test_precision[Test for Energy Web X]","tests","Sat May 03 09:19:08 GMT 2025","passed","Sat May 03 09:19:08 GMT 2025","TestPrecision","test_network_parameters","",""
"","84","test_rpc_node_is_synced[Test for Kusama People, url: wss://kusama-people-rpc.polkadot.io]","tests","Sat May 03 09:18:16 GMT 2025","passed","Sat May 03 09:18:16 GMT 2025","","test_substrate_node_is_synced","",""
"","3","test_rpc_node_is_synced[Test for Bifrost Polkadot, url: wss://bifrost-polkadot.dotters.network]","tests","Sat May 03 09:19:52 GMT 2025","passed","Sat May 03 09:19:52 GMT 2025","","test_substrate_node_is_synced","",""
"","1","test_chainId[Test for peaq]","tests","Sat May 03 09:19:20 GMT 2025","passed","Sat May 03 09:19:20 GMT 2025","TestChainId","test_network_parameters","",""
"","9","test_has_new_assets[Test for Kusama Bridge Hub]","tests","Sat May 03 09:19:01 GMT 2025","passed","Sat May 03 09:19:01 GMT 2025","TestAssets","test_check_new_assets","",""
"","7","test_has_new_assets[Test for Subsocial]","tests","Sat May 03 09:18:28 GMT 2025","passed","Sat May 03 09:18:28 GMT 2025","TestAssets","test_check_new_assets","",""
"","71","test_rpc_method_is_available[Test for Subsocial, url: wss://para.f3joule.space]","tests","Sat May 03 09:19:14 GMT 2025","passed","Sat May 03 09:19:14 GMT 2025","","test_rpc_methods_availability","",""
"","99","test_rpc_node_is_synced[Test for Nodle Parachain, url: wss://nodle-rpc.dwellir.com]","tests","Sat May 03 09:19:16 GMT 2025","passed","Sat May 03 09:19:16 GMT 2025","","test_substrate_node_is_synced","",""
"","1","test_chainId[Test for Energy Web X]","tests","Sat May 03 09:19:00 GMT 2025","passed","Sat May 03 09:19:00 GMT 2025","TestChainId","test_network_parameters","",""
"","0","test_can_create_connection[Test for Crust Shadow, url: wss://rpc-shadow.crust.network/]","tests","Sat May 03 09:19:20 GMT 2025","passed","Sat May 03 09:19:20 GMT 2025","","test_nodes_availability","",""
"","0","test_can_create_connection[Test for QUARTZ, url: wss://eu-ws-quartz.unique.network]","tests","Sat May 03 09:19:34 GMT 2025","passed","Sat May 03 09:19:34 GMT 2025","","test_nodes_availability","",""
"","0","test_address_prefix[Test for Kusama Bridge Hub]","tests","Sat May 03 09:19:04 GMT 2025","passed","Sat May 03 09:19:04 GMT 2025","TestNetworkPrefix","test_network_parameters","",""
"","0","test_can_create_connection[Test for Polimec, url: wss://polimec.ibp.network]","tests","Sat May 03 09:20:47 GMT 2025","passed","Sat May 03 09:20:47 GMT 2025","","test_nodes_availability","",""
"","5","test_has_new_assets[Test for Energy Web X]","tests","Sat May 03 09:19:02 GMT 2025","passed","Sat May 03 09:19:02 GMT 2025","TestAssets","test_check_new_assets","",""
"","78","test_rpc_method_is_available[Test for Amplitude, url: wss://rpc-amplitude.pendulumchain.tech]","tests","Sat May 03 09:20:57 GMT 2025","passed","Sat May 03 09:20:57 GMT 2025","","test_rpc_methods_availability","",""
"","1","test_can_create_connection[Test for Kusama, url: wss://rpc.ibp.network/kusama]","tests","Sat May 03 09:17:58 GMT 2025","passed","Sat May 03 09:17:58 GMT 2025","","test_nodes_availability","",""
"","91","test_rpc_method_is_available[Test for Polkadot, url: wss://dot-rpc.stakeworld.io]","tests","Sat May 03 09:18:27 GMT 2025","passed","Sat May 03 09:18:27 GMT 2025","","test_rpc_methods_availability","",""
"","46","test_rpc_node_is_synced[Test for Moonriver, url: wss://moonriver.public.curie.radiumblock.co/ws]","tests","Sat May 03 09:18:38 GMT 2025","passed","Sat May 03 09:18:38 GMT 2025","","test_substrate_node_is_synced","",""
"","0","test_can_create_connection[Test for Frequency, url: wss://1.rpc.frequency.xyz]","tests","Sat May 03 09:20:44 GMT 2025","passed","Sat May 03 09:20:44 GMT 2025","","test_nodes_availability","",""
"","0","test_can_create_connection[Test for Kusama, url: wss://rpc-kusama.luckyfriday.io]","tests","Sat May 03 09:18:13 GMT 2025","passed","Sat May 03 09:18:13 GMT 2025","","test_nodes_availability","",""
"","426","test_rpc_node_is_synced[Test for Darwinia, url: wss://rpc.darwinia.network]","tests","Sat May 03 09:20:34 GMT 2025","passed","Sat May 03 09:20:34 GMT 2025","","test_substrate_node_is_synced","",""
"","92","test_rpc_node_is_synced[Test for krest, url: wss://wss-krest.peaq.network/]","tests","Sat May 03 09:20:58 GMT 2025","passed","Sat May 03 09:20:58 GMT 2025","","test_substrate_node_is_synced","",""
"","69","test_rpc_method_is_available[Test for Bifrost Polkadot, url: wss://bifrost-polkadot.ibp.network]","tests","Sat May 03 09:19:57 GMT 2025","passed","Sat May 03 09:19:57 GMT 2025","","test_rpc_methods_availability","",""
"","114","test_rpc_method_is_available[Test for Kusama People, url: wss://ksm-rpc.stakeworld.io/people]","tests","Sat May 03 09:18:27 GMT 2025","passed","Sat May 03 09:18:27 GMT 2025","","test_rpc_methods_availability","",""
"","2","test_rpc_node_is_synced[Test for Kusama, url: wss://kusama.dotters.network]","tests","Sat May 03 09:18:03 GMT 2025","passed","Sat May 03 09:18:03 GMT 2025","","test_substrate_node_is_synced","",""
"","0","test_address_prefix[Test for Kusama People]","tests","Sat May 03 09:18:05 GMT 2025","passed","Sat May 03 09:18:05 GMT 2025","TestNetworkPrefix","test_network_parameters","",""
"","1","test_can_create_connection[Test for Polkadot Coretime, url: wss://rpc-coretime-polkadot.luckyfriday.io]","tests","Sat May 03 09:21:36 GMT 2025","passed","Sat May 03 09:21:36 GMT 2025","","test_nodes_availability","",""
"","69","test_rpc_method_is_available[Test for Kusama Coretime, url: wss://sys.ibp.network/coretime-kusama]","tests","Sat May 03 09:22:04 GMT 2025","passed","Sat May 03 09:22:04 GMT 2025","","test_rpc_methods_availability","",""
"","0","test_can_create_connection[Test for Westend (TESTNET), url: wss://westend-rpc.dwellir.com]","tests","Sat May 03 09:18:28 GMT 2025","passed","Sat May 03 09:18:28 GMT 2025","","test_nodes_availability","",""
"","0","test_precision[Test for Polkadex]","tests","Sat May 03 09:18:51 GMT 2025","passed","Sat May 03 09:18:51 GMT 2025","TestPrecision","test_network_parameters","",""
"","0","test_chainId[Test for Polkadot Asset Hub]","tests","Sat May 03 09:18:08 GMT 2025","passed","Sat May 03 09:18:08 GMT 2025","TestChainId","test_network_parameters","",""
"","0","test_can_create_connection[Test for Curio, url: wss://parachain.curioinvest.com/]","tests","Sat May 03 09:21:11 GMT 2025","passed","Sat May 03 09:21:11 GMT 2025","","test_nodes_availability","",""
"","0","test_can_create_connection[Test for KILT, url: wss://spiritnet.kilt.io/]","tests","Sat May 03 09:19:27 GMT 2025","passed","Sat May 03 09:19:27 GMT 2025","","test_nodes_availability","",""
"","0","test_can_create_connection[Test for Interlay, url: wss://rpc-interlay.luckyfriday.io/]","tests","Sat May 03 09:19:07 GMT 2025","passed","Sat May 03 09:19:07 GMT 2025","","test_nodes_availability","",""
"","0","test_can_create_connection[Test for Ajuna, url: wss://ajuna.dotters.network]","tests","Sat May 03 09:20:15 GMT 2025","passed","Sat May 03 09:20:15 GMT 2025","","test_nodes_availability","",""
"","78","test_rpc_method_is_available[Test for Mythos, url: wss://mythos.ibp.network]","tests","Sat May 03 09:21:27 GMT 2025","passed","Sat May 03 09:21:27 GMT 2025","","test_rpc_methods_availability","",""
"","8","test_has_new_assets[Test for Darwinia]","tests","Sat May 03 09:18:55 GMT 2025","passed","Sat May 03 09:18:55 GMT 2025","TestAssets","test_check_new_assets","",""
"","0","test_chainId[Test for UNIQUE]","tests","Sat May 03 09:18:27 GMT 2025","passed","Sat May 03 09:18:27 GMT 2025","TestChainId","test_network_parameters","",""
"","66","test_rpc_method_is_available[Test for Hydration, url: wss://rpc.hydradx.cloud]","tests","Sat May 03 09:19:46 GMT 2025","passed","Sat May 03 09:19:46 GMT 2025","","test_rpc_methods_availability","",""
"","1","test_address_prefix[Test for Hyperbridge Nexus]","tests","Sat May 03 09:19:20 GMT 2025","passed","Sat May 03 09:19:20 GMT 2025","TestNetworkPrefix","test_network_parameters","",""
"","0","test_can_create_connection[Test for Centrifuge Parachain, url: wss://fullnode.centrifuge.io]","tests","Sat May 03 09:19:27 GMT 2025","passed","Sat May 03 09:19:27 GMT 2025","","test_nodes_availability","",""
"","0","test_can_create_connection[Test for Polkadot, url: wss://polkadot.dotters.network]","tests","Sat May 03 09:18:09 GMT 2025","passed","Sat May 03 09:18:09 GMT 2025","","test_nodes_availability","",""
"","74","test_rpc_method_is_available[Test for Kusama Coretime, url: wss://rpc-coretime-kusama.luckyfriday.io]","tests","Sat May 03 09:22:01 GMT 2025","passed","Sat May 03 09:22:01 GMT 2025","","test_rpc_methods_availability","",""
"","7","test_has_new_assets[Test for Creditcoin]","tests","Sat May 03 09:19:25 GMT 2025","passed","Sat May 03 09:19:25 GMT 2025","TestAssets","test_check_new_assets","",""
"","5","test_has_new_assets[Test for Tangle]","tests","Sat May 03 09:19:53 GMT 2025","passed","Sat May 03 09:19:53 GMT 2025","TestAssets","test_check_new_assets","",""
"","0","test_can_create_connection[Test for Polkadot People, url: wss://people-polkadot.public.curie.radiumblock.co/ws]","tests","Sat May 03 09:18:10 GMT 2025","passed","Sat May 03 09:18:10 GMT 2025","","test_nodes_availability","",""
"","437","test_rpc_node_is_synced[Test for Crab, url: wss://crab-rpc.darwinia.network/]","tests","Sat May 03 09:20:42 GMT 2025","passed","Sat May 03 09:20:42 GMT 2025","","test_substrate_node_is_synced","",""
"","0","test_chainId[Test for Ternoa]","tests","Sat May 03 09:18:47 GMT 2025","passed","Sat May 03 09:18:47 GMT 2025","TestChainId","test_network_parameters","",""
"","1","test_address_prefix[Test for Frequency]","tests","Sat May 03 09:18:55 GMT 2025","passed","Sat May 03 09:18:55 GMT 2025","TestNetworkPrefix","test_network_parameters","",""
"","90","test_rpc_node_is_synced[Test for Bifrost Polkadot, url: wss://eu.bifrost-polkadot-rpc.liebi.com/ws]","tests","Sat May 03 09:20:05 GMT 2025","passed","Sat May 03 09:20:05 GMT 2025","","test_substrate_node_is_synced","",""
"","95","test_rpc_node_is_synced[Test for KILT, url: wss://spiritnet.kilt.io/]","tests","Sat May 03 09:19:26 GMT 2025","passed","Sat May 03 09:19:26 GMT 2025","","test_substrate_node_is_synced","",""
"","0","test_precision[Test for Cere]","tests","Sat May 03 09:19:28 GMT 2025","passed","Sat May 03 09:19:28 GMT 2025","TestPrecision","test_network_parameters","",""
"","68","test_rpc_method_is_available[Test for Integritee Parachain, url: wss://kusama.api.integritee.network]","tests","Sat May 03 09:19:29 GMT 2025","passed","Sat May 03 09:19:30 GMT 2025","","test_rpc_methods_availability","",""
"","135","test_rpc_method_is_available[Test for Hyperbridge Nexus, url: wss://nexus.ibp.network]","tests","Sat May 03 09:21:32 GMT 2025","passed","Sat May 03 09:21:32 GMT 2025","","test_rpc_methods_availability","",""
"","88","test_rpc_node_is_synced[Test for UNIQUE, url: wss://eu-ws.unique.network/]","tests","Sat May 03 09:20:25 GMT 2025","passed","Sat May 03 09:20:25 GMT 2025","","test_substrate_node_is_synced","",""
"","157","test_rpc_node_is_synced[Test for Polkadot Asset Hub, url: wss://rpc-assethub.novasama-tech.org]","tests","Sat May 03 09:20:15 GMT 2025","passed","Sat May 03 09:20:15 GMT 2025","","test_substrate_node_is_synced","",""
"","0","test_rpc_method_is_available[Test for InvArch, url: wss://invarch.dotters.network]","tests","Sat May 03 09:21:29 GMT 2025","broken","Sat May 03 09:21:29 GMT 2025","","test_rpc_methods_availability","",""
"","0","test_can_create_connection[Test for Manta Atlantic, url: wss://ws.manta.systems]","tests","Sat May 03 09:20:53 GMT 2025","passed","Sat May 03 09:20:53 GMT 2025","","test_nodes_availability","",""
"","76","test_rpc_method_is_available[Test for Laos, url: wss://rpc.laos.laosfoundation.io]","tests","Sat May 03 09:21:52 GMT 2025","passed","Sat May 03 09:21:52 GMT 2025","","test_rpc_methods_availability","",""
"","0","test_can_create_connection[Test for Bifrost Polkadot, url: wss://bifrost-polkadot.dotters.network]","tests","Sat May 03 09:19:43 GMT 2025","passed","Sat May 03 09:19:43 GMT 2025","","test_nodes_availability","",""
"","67","test_rpc_method_is_available[Test for Hydration, url: wss://hydration.ibp.network]","tests","Sat May 03 09:19:49 GMT 2025","passed","Sat May 03 09:19:49 GMT 2025","","test_rpc_methods_availability","",""
"","1","test_address_prefix[Test for Avail]","tests","Sat May 03 09:19:24 GMT 2025","passed","Sat May 03 09:19:24 GMT 2025","TestNetworkPrefix","test_network_parameters","",""
"","70","test_rpc_method_is_available[Test for Hyperbridge Nexus, url: wss://hyperbridge-nexus-rpc.blockops.network]","tests","Sat May 03 09:22:26 GMT 2025","passed","Sat May 03 09:22:26 GMT 2025","","test_rpc_methods_availability","",""
"","0","test_can_create_connection[Test for Moonriver, url: wss://moonriver-rpc.dwellir.com]","tests","Sat May 03 09:18:25 GMT 2025","passed","Sat May 03 09:18:25 GMT 2025","","test_nodes_availability","",""
"","118","test_rpc_method_is_available[Test for Karura, url: wss://karura-rpc-0.aca-api.network]","tests","Sat May 03 09:18:30 GMT 2025","passed","Sat May 03 09:18:30 GMT 2025","","test_rpc_methods_availability","",""
"","0","test_can_create_connection[Test for UNIQUE, url: wss://unique.dotters.network]","tests","Sat May 03 09:19:45 GMT 2025","passed","Sat May 03 09:19:45 GMT 2025","","test_nodes_availability","",""
"","0","test_precision[Test for Bajun]","tests","Sat May 03 09:18:48 GMT 2025","broken","Sat May 03 09:18:48 GMT 2025","TestPrecision","test_network_parameters","",""
"","96","test_rpc_node_is_synced[Test for Polkadot Collectives, url: wss://collectives.public.curie.radiumblock.co/ws]","tests","Sat May 03 09:20:54 GMT 2025","passed","Sat May 03 09:20:54 GMT 2025","","test_substrate_node_is_synced","",""
"","5","test_has_new_assets[Test for Polkadot Collectives]","tests","Sat May 03 09:19:00 GMT 2025","passed","Sat May 03 09:19:00 GMT 2025","TestAssets","test_check_new_assets","",""
"","0","test_address_prefix[Test for Astar]","tests","Sat May 03 09:18:08 GMT 2025","passed","Sat May 03 09:18:08 GMT 2025","TestNetworkPrefix","test_network_parameters","",""
"","0","test_can_create_connection[Test for Polkadot Coretime, url: wss://coretime-polkadot.dotters.network]","tests","Sat May 03 09:21:37 GMT 2025","passed","Sat May 03 09:21:37 GMT 2025","","test_nodes_availability","",""
"","100","test_rpc_method_is_available[Test for Moonbeam, url: wss://moonbeam.ibp.network]","tests","Sat May 03 09:18:18 GMT 2025","passed","Sat May 03 09:18:18 GMT 2025","","test_rpc_methods_availability","",""
"","0","test_can_create_connection[Test for Kusama Coretime, url: wss://sys.ibp.network/coretime-kusama]","tests","Sat May 03 09:21:39 GMT 2025","passed","Sat May 03 09:21:39 GMT 2025","","test_nodes_availability","",""
"","0","test_can_create_connection[Test for Kusama, url: wss://kusama.public.curie.radiumblock.co/ws]","tests","Sat May 03 09:18:23 GMT 2025","passed","Sat May 03 09:18:23 GMT 2025","","test_nodes_availability","",""
"","7","test_has_new_assets[Test for Kusama]","tests","Sat May 03 09:18:06 GMT 2025","passed","Sat May 03 09:18:06 GMT 2025","TestAssets","test_check_new_assets","",""
"","1","test_can_create_connection[Test for Avail, url: wss://avail.rpc.bountyblok.io]","tests","Sat May 03 09:21:20 GMT 2025","passed","Sat May 03 09:21:20 GMT 2025","","test_nodes_availability","",""
"","1","test_chainId[Test for Hyperbridge Nexus]","tests","Sat May 03 09:19:10 GMT 2025","passed","Sat May 03 09:19:10 GMT 2025","TestChainId","test_network_parameters","",""
"","98","test_rpc_node_is_synced[Test for Crab, url: wss://darwiniacrab-rpc.dwellir.com]","tests","Sat May 03 09:20:46 GMT 2025","passed","Sat May 03 09:20:46 GMT 2025","","test_substrate_node_is_synced","",""
"","0","test_chainId[Test for Vara]","tests","Sat May 03 09:18:47 GMT 2025","passed","Sat May 03 09:18:47 GMT 2025","TestChainId","test_network_parameters","",""
"","1","test_address_prefix[Test for XX network]","tests","Sat May 03 09:18:56 GMT 2025","passed","Sat May 03 09:18:56 GMT 2025","TestNetworkPrefix","test_network_parameters","",""
"","66","test_rpc_method_is_available[Test for Kusama Bridge Hub, url: wss://bridge-hub-kusama.dotters.network]","tests","Sat May 03 09:20:48 GMT 2025","passed","Sat May 03 09:20:48 GMT 2025","","test_rpc_methods_availability","",""
"","3","test_chainId[Test for Ajuna]","tests","Sat May 03 09:18:43 GMT 2025","passed","Sat May 03 09:18:43 GMT 2025","TestChainId","test_network_parameters","",""
"","80","test_rpc_method_is_available[Test for Encointer, url: wss://encointer-kusama.dotters.network]","tests","Sat May 03 09:20:34 GMT 2025","passed","Sat May 03 09:20:34 GMT 2025","","test_rpc_methods_availability","",""
"","1","test_can_create_connection[Test for GIANT, url: wss://rpc-anchor-1-mainnet-az-ue1.giantprotocol.org:443]","tests","Sat May 03 09:20:30 GMT 2025","passed","Sat May 03 09:20:30 GMT 2025","","test_nodes_availability","",""
"","0","test_can_create_connection[Test for Laos, url: wss://rpc.laos.laosfoundation.io]","tests","Sat May 03 09:21:34 GMT 2025","passed","Sat May 03 09:21:34 GMT 2025","","test_nodes_availability","",""
"","0","test_can_create_connection[Test for Polkadot Coretime, url: wss://sys.ibp.network/coretime-polkadot]","tests","Sat May 03 09:21:33 GMT 2025","passed","Sat May 03 09:21:33 GMT 2025","","test_nodes_availability","",""
"","0","test_can_create_connection[Test for Kusama People, url: wss://kusama-people-rpc.polkadot.io]","tests","Sat May 03 09:18:13 GMT 2025","passed","Sat May 03 09:18:13 GMT 2025","","test_nodes_availability","",""
"","122","test_rpc_method_is_available[Test for Avail, url: wss://avail.rpc.bountyblok.io]","tests","Sat May 03 09:21:37 GMT 2025","passed","Sat May 03 09:21:38 GMT 2025","","test_rpc_methods_availability","",""
"","7","test_has_new_assets[Test for Acurast Canary]","tests","Sat May 03 09:19:15 GMT 2025","passed","Sat May 03 09:19:15 GMT 2025","TestAssets","test_check_new_assets","",""
"","76","test_rpc_method_is_available[Test for KILT, url: wss://kilt.ibp.network]","tests","Sat May 03 09:19:25 GMT 2025","passed","Sat May 03 09:19:25 GMT 2025","","test_rpc_methods_availability","",""
"","3","test_rpc_node_is_synced[Test for Kusama, url: wss://rpc-kusama.luckyfriday.io]","tests","Sat May 03 09:18:16 GMT 2025","passed","Sat May 03 09:18:16 GMT 2025","","test_substrate_node_is_synced","",""
"","0","test_address_prefix[Test for Acurast Canary]","tests","Sat May 03 09:19:21 GMT 2025","passed","Sat May 03 09:19:21 GMT 2025","TestNetworkPrefix","test_network_parameters","",""
"","0","test_chainId[Test for QUARTZ]","tests","Sat May 03 09:18:13 GMT 2025","passed","Sat May 03 09:18:13 GMT 2025","TestChainId","test_network_parameters","",""
"","1","test_address_prefix[Test for Creditcoin]","tests","Sat May 03 09:19:27 GMT 2025","passed","Sat May 03 09:19:27 GMT 2025","TestNetworkPrefix","test_network_parameters","",""
"","0","test_precision[Test for KILT]","tests","Sat May 03 09:18:20 GMT 2025","passed","Sat May 03 09:18:20 GMT 2025","TestPrecision","test_network_parameters","",""
"","172","test_rpc_node_is_synced[Test for Karura, url: wss://karura-rpc-3.aca-api.network/ws]","tests","Sat May 03 09:18:08 GMT 2025","passed","Sat May 03 09:18:08 GMT 2025","","test_substrate_node_is_synced","",""
"","258","test_rpc_node_is_synced[Test for Acala, url: wss://acala-rpc-0.aca-api.network]","tests","Sat May 03 09:19:47 GMT 2025","passed","Sat May 03 09:19:47 GMT 2025","","test_substrate_node_is_synced","",""
"","85","test_rpc_node_is_synced[Test for Polimec, url: wss://rpc.polimec.org]","tests","Sat May 03 09:21:24 GMT 2025","passed","Sat May 03 09:21:24 GMT 2025","","test_substrate_node_is_synced","",""
"","0","test_chainId[Test for Joystream]","tests","Sat May 03 09:18:59 GMT 2025","passed","Sat May 03 09:18:59 GMT 2025","TestChainId","test_network_parameters","",""
"","83","test_rpc_method_is_available[Test for Curio, url: wss://archive.parachain.curioinvest.com]","tests","Sat May 03 09:21:21 GMT 2025","passed","Sat May 03 09:21:22 GMT 2025","","test_rpc_methods_availability","",""
"","70","test_rpc_method_is_available[Test for Kusama Coretime, url: wss://ksm-rpc.stakeworld.io/coretime]","tests","Sat May 03 09:22:07 GMT 2025","passed","Sat May 03 09:22:07 GMT 2025","","test_rpc_methods_availability","",""
"","79","test_rpc_method_is_available[Test for Hydration, url: wss://rpc-hydra.novasama-tech.org]","tests","Sat May 03 09:19:43 GMT 2025","passed","Sat May 03 09:19:43 GMT 2025","","test_rpc_methods_availability","",""
"","3","test_rpc_node_is_synced[Test for Westend (TESTNET), url: wss://rpc.ibp.network/westend]","tests","Sat May 03 09:18:34 GMT 2025","passed","Sat May 03 09:18:34 GMT 2025","","test_substrate_node_is_synced","",""
"","37","test_rpc_node_is_synced[Test for peaq, url: wss://peaq-rpc.publicnode.com]","tests","Sat May 03 09:21:35 GMT 2025","passed","Sat May 03 09:21:35 GMT 2025","","test_substrate_node_is_synced","",""
"","105","test_rpc_method_is_available[Test for Acala, url: wss://acala-rpc-0.aca-api.network]","tests","Sat May 03 09:20:01 GMT 2025","passed","Sat May 03 09:20:01 GMT 2025","","test_rpc_methods_availability","",""
"","110","test_rpc_method_is_available[Test for Polkadot People, url: wss://rpc-people-polkadot.luckyfriday.io]","tests","Sat May 03 09:18:16 GMT 2025","passed","Sat May 03 09:18:16 GMT 2025","","test_rpc_methods_availability","",""
"","0","test_precision[Test for Integritee Parachain]","tests","Sat May 03 09:18:39 GMT 2025","passed","Sat May 03 09:18:39 GMT 2025","TestPrecision","test_network_parameters","",""
"","1","test_precision[Test for Crust Shadow]","tests","Sat May 03 09:18:35 GMT 2025","passed","Sat May 03 09:18:35 GMT 2025","TestPrecision","test_network_parameters","",""
"","8","test_has_new_assets[Test for Westend (TESTNET)]","tests","Sat May 03 09:18:11 GMT 2025","passed","Sat May 03 09:18:11 GMT 2025","TestAssets","test_check_new_assets","",""
"","0","test_chainId[Test for Nodle Parachain]","tests","Sat May 03 09:18:23 GMT 2025","passed","Sat May 03 09:18:23 GMT 2025","TestChainId","test_network_parameters","",""
"","0","test_can_create_connection[Test for Astar, url: wss://astar.public.curie.radiumblock.co/ws]","tests","Sat May 03 09:20:03 GMT 2025","passed","Sat May 03 09:20:03 GMT 2025","","test_nodes_availability","",""
"","0","test_can_create_connection[Test for Parallel, url: wss://parallel.gatotech.network]","tests","Sat May 03 09:20:05 GMT 2025","passed","Sat May 03 09:20:05 GMT 2025","","test_nodes_availability","",""
"","0","test_rpc_method_is_available[Test for Phala, url: wss://phala.public.curie.radiumblock.co/ws]","tests","Sat May 03 09:19:51 GMT 2025","broken","Sat May 03 09:19:51 GMT 2025","","test_rpc_methods_availability","",""
"","78","test_rpc_method_is_available[Test for Vara, url: wss://rpc.vara-network.io]","tests","Sat May 03 09:20:38 GMT 2025","passed","Sat May 03 09:20:38 GMT 2025","","test_rpc_methods_availability","",""
"","3","test_rpc_node_is_synced[Test for Polkadot Asset Hub, url: wss://sys.ibp.network/asset-hub-polkadot]","tests","Sat May 03 09:20:17 GMT 2025","passed","Sat May 03 09:20:17 GMT 2025","","test_substrate_node_is_synced","",""
"","0","test_can_create_connection[Test for Enjin Relay, url: wss://rpc.relay.blockchain.enjin.io]","tests","Sat May 03 09:20:55 GMT 2025","passed","Sat May 03 09:20:55 GMT 2025","","test_nodes_availability","",""
"","0","test_can_create_connection[Test for Acala, url: wss://acala.polkawallet.io]","tests","Sat May 03 09:19:26 GMT 2025","broken","Sat May 03 09:19:26 GMT 2025","","test_nodes_availability","",""
"","119","test_rpc_method_is_available[Test for Manta Atlantic, url: wss://ws.manta.systems]","tests","Sat May 03 09:21:17 GMT 2025","passed","Sat May 03 09:21:17 GMT 2025","","test_rpc_methods_availability","",""
"","126","test_rpc_method_is_available[Test for Astar, url: wss://astar-rpc.dwellir.com]","tests","Sat May 03 09:20:01 GMT 2025","passed","Sat May 03 09:20:01 GMT 2025","","test_rpc_methods_availability","",""
"","118","test_rpc_method_is_available[Test for Westend (TESTNET), url: wss://westend-rpc.dwellir.com]","tests","Sat May 03 09:18:36 GMT 2025","passed","Sat May 03 09:18:36 GMT 2025","","test_rpc_methods_availability","",""
"","0","test_address_prefix[Test for Polkadex]","tests","Sat May 03 09:18:42 GMT 2025","passed","Sat May 03 09:18:42 GMT 2025","TestNetworkPrefix","test_network_parameters","",""
"","3","test_rpc_node_is_synced[Test for Polkadot Bridge Hub, url: wss://bridge-hub-polkadot.dotters.network]","tests","Sat May 03 09:20:45 GMT 2025","passed","Sat May 03 09:20:45 GMT 2025","","test_substrate_node_is_synced","",""
"","0","test_can_create_connection[Test for XX network, url: wss://rpc-do.xx.network]","tests","Sat May 03 09:19:56 GMT 2025","passed","Sat May 03 09:19:56 GMT 2025","","test_nodes_availability","",""
"","118","test_rpc_method_is_available[Test for Kusama People, url: wss://people-kusama.dotters.network]","tests","Sat May 03 09:18:24 GMT 2025","passed","Sat May 03 09:18:24 GMT 2025","","test_rpc_methods_availability","",""
"","77","test_rpc_method_is_available[Test for GIANT, url: wss://rpc-anchor-1-mainnet-az-ue1.giantprotocol.org:443]","tests","Sat May 03 09:20:39 GMT 2025","passed","Sat May 03 09:20:39 GMT 2025","","test_rpc_methods_availability","",""
"","86","test_rpc_method_is_available[Test for Ternoa, url: wss://mainnet.ternoa.network]","tests","Sat May 03 09:21:02 GMT 2025","passed","Sat May 03 09:21:02 GMT 2025","","test_rpc_methods_availability","",""
"","91","test_rpc_node_is_synced[Test for Hydration, url: wss://rpc-hydra.novasama-tech.org]","tests","Sat May 03 09:19:35 GMT 2025","passed","Sat May 03 09:19:35 GMT 2025","","test_substrate_node_is_synced","",""
"","0","test_chainId[Test for Polkadot Bridge Hub]","tests","Sat May 03 09:18:57 GMT 2025","passed","Sat May 03 09:18:57 GMT 2025","TestChainId","test_network_parameters","",""
"","3","test_rpc_node_is_synced[Test for KILT, url: wss://kilt.ibp.network]","tests","Sat May 03 09:19:09 GMT 2025","passed","Sat May 03 09:19:09 GMT 2025","","test_substrate_node_is_synced","",""
"","1","test_can_create_connection[Test for JAMTON, url: wss://rpc.jamton.network]","tests","Sat May 03 09:21:31 GMT 2025","passed","Sat May 03 09:21:31 GMT 2025","","test_nodes_availability","",""
"","0","test_chainId[Test for Hydration]","tests","Sat May 03 09:18:15 GMT 2025","passed","Sat May 03 09:18:15 GMT 2025","TestChainId","test_network_parameters","",""
"","88","test_rpc_node_is_synced[Test for Kusama People, url: wss://ksm-rpc.stakeworld.io/people]","tests","Sat May 03 09:18:22 GMT 2025","passed","Sat May 03 09:18:22 GMT 2025","","test_substrate_node_is_synced","",""
"","160","test_rpc_node_is_synced[Test for Kusama, url: wss://rpc-kusama-1.novasama-tech.org]","tests","Sat May 03 09:18:44 GMT 2025","passed","Sat May 03 09:18:44 GMT 2025","","test_substrate_node_is_synced","",""
"","51","test_rpc_node_is_synced[Test for Shiden, url: wss://shiden.public.curie.radiumblock.co/ws]","tests","Sat May 03 09:18:43 GMT 2025","passed","Sat May 03 09:18:44 GMT 2025","","test_substrate_node_is_synced","",""
"","0","test_address_prefix[Test for Centrifuge Parachain]","tests","Sat May 03 09:18:43 GMT 2025","passed","Sat May 03 09:18:43 GMT 2025","TestNetworkPrefix","test_network_parameters","",""
"","0","test_chainId[Test for InvArch]","tests","Sat May 03 09:19:13 GMT 2025","broken","Sat May 03 09:19:13 GMT 2025","TestChainId","test_network_parameters","",""
"","20","test_rpc_node_is_synced[Test for Enjin Relay, url: wss://rpc.relay.blockchain.enjin.io]","tests","Sat May 03 09:21:04 GMT 2025","passed","Sat May 03 09:21:04 GMT 2025","","test_substrate_node_is_synced","",""
"","0","test_can_create_connection[Test for CC Enterprise, url: wss://mainnet.creditcoin.network/ws]","tests","Sat May 03 09:21:24 GMT 2025","passed","Sat May 03 09:21:24 GMT 2025","","test_nodes_availability","",""
"","0","test_chainId[Test for Westend (TESTNET)]","tests","Sat May 03 09:18:07 GMT 2025","passed","Sat May 03 09:18:07 GMT 2025","TestChainId","test_network_parameters","",""
"","0","test_has_new_assets[Test for Kabocha]","tests","Sat May 03 09:18:43 GMT 2025","broken","Sat May 03 09:18:43 GMT 2025","TestAssets","test_check_new_assets","",""
"","92","test_rpc_method_is_available[Test for Robonomics, url: wss://kusama.rpc.robonomics.network/]","tests","Sat May 03 09:20:30 GMT 2025","passed","Sat May 03 09:20:30 GMT 2025","","test_rpc_methods_availability","",""
"","7","test_has_new_assets[Test for Integritee Parachain]","tests","Sat May 03 09:18:37 GMT 2025","passed","Sat May 03 09:18:37 GMT 2025","TestAssets","test_check_new_assets","",""
"","90","test_rpc_node_is_synced[Test for Polkadot, url: wss://apps-rpc.polkadot.io]","tests","Sat May 03 09:18:20 GMT 2025","passed","Sat May 03 09:18:21 GMT 2025","","test_substrate_node_is_synced","",""
"","145","test_rpc_node_is_synced[Test for Astar, url: wss://rpc.astar.network]","tests","Sat May 03 09:19:53 GMT 2025","passed","Sat May 03 09:19:53 GMT 2025","","test_substrate_node_is_synced","",""
"","0","test_chainId[Test for Polkadot People]","tests","Sat May 03 09:18:12 GMT 2025","passed","Sat May 03 09:18:12 GMT 2025","TestChainId","test_network_parameters","",""
"","6","test_has_new_assets[Test for 3DPass]","tests","Sat May 03 09:18:45 GMT 2025","passed","Sat May 03 09:18:45 GMT 2025","TestAssets","test_check_new_assets","",""
"","0","test_rpc_node_is_synced[Test for Interlay, url: wss://interlay-rpc.dwellir.com]","tests","Sat May 03 09:19:10 GMT 2025","broken","Sat May 03 09:19:10 GMT 2025","","test_substrate_node_is_synced","",""
"","5","test_has_new_assets[Test for Aleph Zero]","tests","Sat May 03 09:18:34 GMT 2025","passed","Sat May 03 09:18:34 GMT 2025","TestAssets","test_check_new_assets","",""
"","99","test_rpc_method_is_available[Test for Hydration, url: wss://hydration.dotters.network]","tests","Sat May 03 09:18:51 GMT 2025","passed","Sat May 03 09:18:51 GMT 2025","","test_rpc_methods_availability","",""
"","80","test_rpc_method_is_available[Test for Polkadot, url: wss://rpc-polkadot.luckyfriday.io]","tests","Sat May 03 09:18:38 GMT 2025","passed","Sat May 03 09:18:38 GMT 2025","","test_rpc_methods_availability","",""
"","7","test_has_new_assets[Test for Heima]","tests","Sat May 03 09:18:28 GMT 2025","passed","Sat May 03 09:18:28 GMT 2025","TestAssets","test_check_new_assets","",""
"","70","test_rpc_method_is_available[Test for Aleph Zero, url: wss://ws.azero.dev]","tests","Sat May 03 09:19:55 GMT 2025","passed","Sat May 03 09:19:55 GMT 2025","","test_rpc_methods_availability","",""
"","95","test_rpc_node_is_synced[Test for Polkadot Asset Hub, url: wss://asset-hub-polkadot-rpc.dwellir.com]","tests","Sat May 03 09:20:26 GMT 2025","passed","Sat May 03 09:20:26 GMT 2025","","test_substrate_node_is_synced","",""
"","0","test_can_create_connection[Test for Energy Web X, url: wss://public-rpc.mainnet.energywebx.com/]","tests","Sat May 03 09:20:51 GMT 2025","passed","Sat May 03 09:20:51 GMT 2025","","test_nodes_availability","",""
"","129","test_rpc_method_is_available[Test for Enjin Relay, url: wss://enjin-relay-rpc.dwellir.com]","tests","Sat May 03 09:21:18 GMT 2025","passed","Sat May 03 09:21:18 GMT 2025","","test_rpc_methods_availability","",""
"","96","test_rpc_node_is_synced[Test for XX network, url: wss://xxnetwork-rpc.dwellir.com]","tests","Sat May 03 09:21:11 GMT 2025","passed","Sat May 03 09:21:11 GMT 2025","","test_substrate_node_is_synced","",""
"","117","test_rpc_method_is_available[Test for XX network, url: wss://rpc-do.xx.network]","tests","Sat May 03 09:20:11 GMT 2025","passed","Sat May 03 09:20:11 GMT 2025","","test_rpc_methods_availability","",""
"","69","test_rpc_node_is_synced[Test for Aventus, url: wss://public-rpc.mainnet.aventus.io]","tests","Sat May 03 09:20:07 GMT 2025","passed","Sat May 03 09:20:08 GMT 2025","","test_substrate_node_is_synced","",""
"","0","test_address_prefix[Test for Manta Atlantic]","tests","Sat May 03 09:19:21 GMT 2025","passed","Sat May 03 09:19:21 GMT 2025","TestNetworkPrefix","test_network_parameters","",""
"","0","test_chainId[Test for XX network]","tests","Sat May 03 09:18:48 GMT 2025","passed","Sat May 03 09:18:48 GMT 2025","TestChainId","test_network_parameters","",""
"","3","test_rpc_node_is_synced[Test for Polkadot People, url: wss://people-polkadot.dotters.network]","tests","Sat May 03 09:18:10 GMT 2025","passed","Sat May 03 09:18:10 GMT 2025","","test_substrate_node_is_synced","",""
"","0","test_chainId[Test for Altair]","tests","Sat May 03 09:18:09 GMT 2025","passed","Sat May 03 09:18:09 GMT 2025","TestChainId","test_network_parameters","",""
"","0","test_can_create_connection[Test for Acurast Canary, url: wss://public-rpc.canary.acurast.com]","tests","Sat May 03 09:21:11 GMT 2025","passed","Sat May 03 09:21:11 GMT 2025","","test_nodes_availability","",""
"","0","test_chainId[Test for Moonbeam]","tests","Sat May 03 09:18:01 GMT 2025","passed","Sat May 03 09:18:01 GMT 2025","TestChainId","test_network_parameters","",""
"","0","test_precision[Test for Crab]","tests","Sat May 03 09:19:11 GMT 2025","passed","Sat May 03 09:19:11 GMT 2025","TestPrecision","test_network_parameters","",""
"","0","test_can_create_connection[Test for Westend (TESTNET), url: wss://westend.dotters.network]","tests","Sat May 03 09:18:34 GMT 2025","passed","Sat May 03 09:18:34 GMT 2025","","test_nodes_availability","",""
"","27","test_has_new_assets[Test for Interlay]","tests","Sat May 03 09:18:24 GMT 2025","passed","Sat May 03 09:18:24 GMT 2025","TestAssets","test_check_new_assets","",""
"","69","test_rpc_method_is_available[Test for peaq, url: wss://peaq-rpc.publicnode.com]","tests","Sat May 03 09:21:44 GMT 2025","passed","Sat May 03 09:21:44 GMT 2025","","test_rpc_methods_availability","",""
"","65","test_rpc_node_is_synced[Test for Kreivo, url: wss://kreivo.kippu.rocks/]","tests","Sat May 03 09:21:21 GMT 2025","passed","Sat May 03 09:21:21 GMT 2025","","test_substrate_node_is_synced","",""
"","5","test_has_new_assets[Test for Manta Atlantic]","tests","Sat May 03 09:19:11 GMT 2025","passed","Sat May 03 09:19:11 GMT 2025","TestAssets","test_check_new_assets","",""
"","80","test_rpc_method_is_available[Test for QUARTZ, url: wss://eu-ws-quartz.unique.network]","tests","Sat May 03 09:19:49 GMT 2025","passed","Sat May 03 09:19:50 GMT 2025","","test_rpc_methods_availability","",""
"","0","test_precision[Test for Creditcoin]","tests","Sat May 03 09:19:29 GMT 2025","passed","Sat May 03 09:19:29 GMT 2025","TestPrecision","test_network_parameters","",""
"","1","test_can_create_connection[Test for Mythos, url: wss://polkadot-mythos-rpc.polkadot.io]","tests","Sat May 03 09:21:02 GMT 2025","passed","Sat May 03 09:21:02 GMT 2025","","test_nodes_availability","",""
"","100","test_rpc_method_is_available[Test for Polkadot People, url: wss://people-polkadot.dotters.network]","tests","Sat May 03 09:18:13 GMT 2025","passed","Sat May 03 09:18:14 GMT 2025","","test_rpc_methods_availability","",""
"","119","test_rpc_method_is_available[Test for Shiden, url: wss://rpc.shiden.astar.network]","tests","Sat May 03 09:18:43 GMT 2025","passed","Sat May 03 09:18:43 GMT 2025","","test_rpc_methods_availability","",""
"","4","test_rpc_node_is_synced[Test for Bittensor, url: wss://entrypoint-finney.opentensor.ai:443]","tests","Sat May 03 09:20:12 GMT 2025","passed","Sat May 03 09:20:12 GMT 2025","","test_substrate_node_is_synced","",""
"","0","test_address_prefix[Test for Bifrost Polkadot]","tests","Sat May 03 09:18:29 GMT 2025","passed","Sat May 03 09:18:29 GMT 2025","TestNetworkPrefix","test_network_parameters","",""
"","85","test_rpc_node_is_synced[Test for Kusama Coretime, url: wss://kusama-coretime-rpc.polkadot.io]","tests","Sat May 03 09:21:53 GMT 2025","passed","Sat May 03 09:21:53 GMT 2025","","test_substrate_node_is_synced","",""
"","0","test_precision[Test for peaq]","tests","Sat May 03 09:19:32 GMT 2025","passed","Sat May 03 09:19:32 GMT 2025","TestPrecision","test_network_parameters","",""
"","117","test_rpc_method_is_available[Test for Crab, url: wss://crab-rpc.darwinia.network/]","tests","Sat May 03 09:20:52 GMT 2025","passed","Sat May 03 09:20:52 GMT 2025","","test_rpc_methods_availability","",""
"","137","test_rpc_node_is_synced[Test for XX network, url: wss://rpc.xx.network]","tests","Sat May 03 09:21:15 GMT 2025","passed","Sat May 03 09:21:15 GMT 2025","","test_substrate_node_is_synced","",""
"","70","test_rpc_method_is_available[Test for Acala, url: wss://acala-rpc-2.aca-api.network/ws]","tests","Sat May 03 09:18:43 GMT 2025","passed","Sat May 03 09:18:43 GMT 2025","","test_rpc_methods_availability","",""
"","5","test_has_new_assets[Test for Phala]","tests","Sat May 03 09:18:32 GMT 2025","passed","Sat May 03 09:18:32 GMT 2025","TestAssets","test_check_new_assets","",""
"","0","test_address_prefix[Test for Tangle]","tests","Sat May 03 09:19:39 GMT 2025","passed","Sat May 03 09:19:39 GMT 2025","TestNetworkPrefix","test_network_parameters","",""
"","8","test_has_new_assets[Test for Encointer]","tests","Sat May 03 09:18:17 GMT 2025","passed","Sat May 03 09:18:17 GMT 2025","TestAssets","test_check_new_assets","",""
"","0","test_chainId[Test for DAO IPCI]","tests","Sat May 03 09:18:42 GMT 2025","passed","Sat May 03 09:18:42 GMT 2025","TestChainId","test_network_parameters","",""
"","1","test_precision[Test for Curio]","tests","Sat May 03 09:19:18 GMT 2025","passed","Sat May 03 09:19:18 GMT 2025","TestPrecision","test_network_parameters","",""
"","6","test_has_new_assets[Test for Avail]","tests","Sat May 03 09:20:11 GMT 2025","passed","Sat May 03 09:20:11 GMT 2025","TestAssets","test_check_new_assets","",""
"","0","test_can_create_connection[Test for Avail, url: wss://mainnet-rpc.avail.so/ws]","tests","Sat May 03 09:22:14 GMT 2025","passed","Sat May 03 09:22:14 GMT 2025","","test_nodes_availability","",""
"","0","test_address_prefix[Test for krest]","tests","Sat May 03 09:19:10 GMT 2025","passed","Sat May 03 09:19:10 GMT 2025","TestNetworkPrefix","test_network_parameters","",""
"","0","test_can_create_connection[Test for Moonbeam, url: wss://moonbeam.dotters.network]","tests","Sat May 03 09:18:17 GMT 2025","passed","Sat May 03 09:18:17 GMT 2025","","test_nodes_availability","",""
"","0","test_precision[Test for Polkadot Bridge Hub]","tests","Sat May 03 09:19:03 GMT 2025","passed","Sat May 03 09:19:03 GMT 2025","TestPrecision","test_network_parameters","",""
"","10","test_has_new_assets[Test for krest]","tests","Sat May 03 09:19:05 GMT 2025","passed","Sat May 03 09:19:05 GMT 2025","TestAssets","test_check_new_assets","",""
"","36","test_rpc_node_is_synced[Test for Phala, url: wss://phala.public.curie.radiumblock.co/ws]","tests","Sat May 03 09:19:39 GMT 2025","passed","Sat May 03 09:19:39 GMT 2025","","test_substrate_node_is_synced","",""
"","108","test_rpc_method_is_available[Test for Polymesh, url: wss://mainnet-rpc.polymesh.network]","tests","Sat May 03 09:21:07 GMT 2025","passed","Sat May 03 09:21:07 GMT 2025","","test_rpc_methods_availability","",""
"","0","test_can_create_connection[Test for Kusama People, url: wss://people-kusama.dotters.network]","tests","Sat May 03 09:18:16 GMT 2025","passed","Sat May 03 09:18:16 GMT 2025","","test_nodes_availability","",""
"","0","test_can_create_connection[Test for Kusama People, url: wss://ksm-rpc.stakeworld.io/people]","tests","Sat May 03 09:18:19 GMT 2025","passed","Sat May 03 09:18:19 GMT 2025","","test_nodes_availability","",""
"","4","test_rpc_node_is_synced[Test for Polkadot People, url: wss://rpc-people-polkadot.luckyfriday.io]","tests","Sat May 03 09:18:11 GMT 2025","passed","Sat May 03 09:18:11 GMT 2025","","test_substrate_node_is_synced","",""
"","1","test_address_prefix[Test for Polymesh]","tests","Sat May 03 09:18:59 GMT 2025","passed","Sat May 03 09:18:59 GMT 2025","TestNetworkPrefix","test_network_parameters","",""
"","0","test_can_create_connection[Test for Acala, url: wss://acala-rpc-2.aca-api.network/ws]","tests","Sat May 03 09:18:43 GMT 2025","passed","Sat May 03 09:18:43 GMT 2025","","test_nodes_availability","",""
"","71","test_rpc_method_is_available[Test for Basilisk, url: wss://basilisk-rpc.dwellir.com]","tests","Sat May 03 09:19:18 GMT 2025","passed","Sat May 03 09:19:18 GMT 2025","","test_rpc_methods_availability","",""
"","79","test_rpc_method_is_available[Test for Polkadot Asset Hub, url: wss://asset-hub-polkadot-rpc.dwellir.com]","tests","Sat May 03 09:20:26 GMT 2025","passed","Sat May 03 09:20:26 GMT 2025","","test_rpc_methods_availability","",""
"","0","test_can_create_connection[Test for Aventus, url: wss://public-rpc.mainnet.aventus.io]","tests","Sat May 03 09:20:04 GMT 2025","passed","Sat May 03 09:20:04 GMT 2025","","test_nodes_availability","",""
"","71","test_rpc_method_is_available[Test for Frequency, url: wss://0.rpc.frequency.xyz]","tests","Sat May 03 09:21:03 GMT 2025","passed","Sat May 03 09:21:03 GMT 2025","","test_rpc_methods_availability","",""
"","0","test_can_create_connection[Test for Hydration, url: wss://hydration.ibp.network]","tests","Sat May 03 09:19:43 GMT 2025","passed","Sat May 03 09:19:43 GMT 2025","","test_nodes_availability","",""
"","71","test_rpc_method_is_available[Test for Moonbeam, url: wss://wss.api.moonbeam.network]","tests","Sat May 03 09:18:16 GMT 2025","passed","Sat May 03 09:18:16 GMT 2025","","test_rpc_methods_availability","",""
"","103","test_rpc_node_is_synced[Test for Hydration, url: wss://hydradx-rpc.dwellir.com]","tests","Sat May 03 09:18:56 GMT 2025","passed","Sat May 03 09:18:56 GMT 2025","","test_substrate_node_is_synced","",""
"","0","test_chainId[Test for Polkadex]","tests","Sat May 03 09:18:33 GMT 2025","passed","Sat May 03 09:18:33 GMT 2025","TestChainId","test_network_parameters","",""
"","0","test_can_create_connection[Test for Moonriver, url: wss://moonriver.public.curie.radiumblock.co/ws]","tests","Sat May 03 09:18:37 GMT 2025","passed","Sat May 03 09:18:37 GMT 2025","","test_nodes_availability","",""
"","0","test_can_create_connection[Test for UNIQUE, url: wss://asia-ws.unique.network/]","tests","Sat May 03 09:20:28 GMT 2025","passed","Sat May 03 09:20:28 GMT 2025","","test_nodes_availability","",""
"","0","test_address_prefix[Test for Acala]","tests","Sat May 03 09:18:04 GMT 2025","passed","Sat May 03 09:18:04 GMT 2025","TestNetworkPrefix","test_network_parameters","",""
"","1","test_can_create_connection[Test for Curio, url: wss://archive.parachain.curioinvest.com]","tests","Sat May 03 09:21:08 GMT 2025","passed","Sat May 03 09:21:08 GMT 2025","","test_nodes_availability","",""
"","0","test_address_prefix[Test for InvArch]","tests","Sat May 03 09:19:17 GMT 2025","broken","Sat May 03 09:19:17 GMT 2025","TestNetworkPrefix","test_network_parameters","",""
"","104","test_rpc_node_is_synced[Test for Subsocial, url: wss://para.subsocial.network]","tests","Sat May 03 09:19:10 GMT 2025","passed","Sat May 03 09:19:10 GMT 2025","","test_substrate_node_is_synced","",""
"","0","test_precision[Test for NeuroWeb]","tests","Sat May 03 09:18:26 GMT 2025","passed","Sat May 03 09:18:26 GMT 2025","TestPrecision","test_network_parameters","",""
"","23","test_rpc_node_is_synced[Test for Aleph Zero, url: wss://ws.azero.dev]","tests","Sat May 03 09:19:40 GMT 2025","passed","Sat May 03 09:19:40 GMT 2025","","test_substrate_node_is_synced","",""
"","108","test_rpc_node_is_synced[Test for Polkadot, url: wss://rpc-polkadot-2.novasama-tech.org]","tests","Sat May 03 09:18:06 GMT 2025","passed","Sat May 03 09:18:06 GMT 2025","","test_substrate_node_is_synced","",""
"","0","test_can_create_connection[Test for Subsocial, url: wss://subsocial-rpc.dwellir.com]","tests","Sat May 03 09:19:04 GMT 2025","broken","Sat May 03 09:19:04 GMT 2025","","test_nodes_availability","",""
"","0","test_chainId[Test for Crab]","tests","Sat May 03 09:18:55 GMT 2025","passed","Sat May 03 09:18:55 GMT 2025","TestChainId","test_network_parameters","",""
"","63","test_rpc_node_is_synced[Test for Karura, url: wss://karura-rpc-2.aca-api.network/ws]","tests","Sat May 03 09:18:05 GMT 2025","passed","Sat May 03 09:18:05 GMT 2025","","test_substrate_node_is_synced","",""
"","90","test_rpc_node_is_synced[Test for Kusama Bridge Hub, url: wss://ksm-rpc.stakeworld.io/bridgehub]","tests","Sat May 03 09:20:46 GMT 2025","passed","Sat May 03 09:20:46 GMT 2025","","test_substrate_node_is_synced","",""
"","119","test_rpc_method_is_available[Test for Kusama Asset Hub, url: wss://sys.ibp.network/statemine]","tests","Sat May 03 09:18:48 GMT 2025","passed","Sat May 03 09:18:48 GMT 2025","","test_rpc_methods_availability","",""
"","2","test_rpc_node_is_synced[Test for GIANT, url: wss://rpc-anchor-2-mainnet-az-ue1.giantprotocol.org:443]","tests","Sat May 03 09:20:41 GMT 2025","passed","Sat May 03 09:20:41 GMT 2025","","test_substrate_node_is_synced","",""
"","88","test_rpc_node_is_synced[Test for Mythos, url: wss://polkadot-mythos-rpc.polkadot.io]","tests","Sat May 03 09:21:17 GMT 2025","passed","Sat May 03 09:21:18 GMT 2025","","test_substrate_node_is_synced","",""
"","78","test_rpc_method_is_available[Test for Polkadot Asset Hub, url: wss://asset-hub-polkadot.dotters.network]","tests","Sat May 03 09:20:20 GMT 2025","passed","Sat May 03 09:20:20 GMT 2025","","test_rpc_methods_availability","",""
"","0","test_can_create_connection[Test for InvArch, url: wss://invarch.ibp.network]","tests","Sat May 03 09:21:02 GMT 2025","broken","Sat May 03 09:21:02 GMT 2025","","test_nodes_availability","",""
"","0","test_rpc_method_is_available[Test for Acala, url: wss://acala.polkawallet.io]","tests","Sat May 03 09:19:26 GMT 2025","broken","Sat May 03 09:19:26 GMT 2025","","test_rpc_methods_availability","",""
"","0","test_rpc_node_is_synced[Test for InvArch, url: wss://invarch.dotters.network]","tests","Sat May 03 09:21:19 GMT 2025","broken","Sat May 03 09:21:19 GMT 2025","","test_substrate_node_is_synced","",""
"","0","test_can_create_connection[Test for Polkadot, url: wss://rpc.ibp.network/polkadot]","tests","Sat May 03 09:18:06 GMT 2025","passed","Sat May 03 09:18:06 GMT 2025","","test_nodes_availability","",""
"","69","test_rpc_method_is_available[Test for Kusama Coretime, url: wss://kusama-coretime-rpc.polkadot.io]","tests","Sat May 03 09:22:04 GMT 2025","passed","Sat May 03 09:22:04 GMT 2025","","test_rpc_methods_availability","",""
"","0","test_can_create_connection[Test for Polimec, url: wss://polimec.dotters.network]","tests","Sat May 03 09:20:49 GMT 2025","passed","Sat May 03 09:20:49 GMT 2025","","test_nodes_availability","",""
"","127","test_rpc_method_is_available[Test for Karura, url: wss://karura-rpc-1.aca-api.network]","tests","Sat May 03 09:18:03 GMT 2025","passed","Sat May 03 09:18:03 GMT 2025","","test_rpc_methods_availability","",""
"","119","test_rpc_method_is_available[Test for Frequency, url: wss://1.rpc.frequency.xyz]","tests","Sat May 03 09:21:05 GMT 2025","passed","Sat May 03 09:21:05 GMT 2025","","test_rpc_methods_availability","",""
"","6","test_has_new_assets[Test for Moonriver]","tests","Sat May 03 09:18:07 GMT 2025","passed","Sat May 03 09:18:07 GMT 2025","TestAssets","test_check_new_assets","",""
"","94","test_rpc_node_is_synced[Test for Acala, url: wss://acala-rpc.dwellir.com]","tests","Sat May 03 09:19:49 GMT 2025","passed","Sat May 03 09:19:49 GMT 2025","","test_substrate_node_is_synced","",""
"","8","test_has_new_assets[Test for UNIQUE]","tests","Sat May 03 09:18:32 GMT 2025","passed","Sat May 03 09:18:32 GMT 2025","TestAssets","test_check_new_assets","",""
"","70","test_rpc_method_is_available[Test for QUARTZ, url: wss://quartz.unique.network]","tests","Sat May 03 09:19:45 GMT 2025","passed","Sat May 03 09:19:45 GMT 2025","","test_rpc_methods_availability","",""
"","0","test_address_prefix[Test for Pendulum]","tests","Sat May 03 09:19:00 GMT 2025","passed","Sat May 03 09:19:00 GMT 2025","TestNetworkPrefix","test_network_parameters","",""
"","104","test_rpc_method_is_available[Test for Polkadot Bridge Hub, url: wss://sys.ibp.network/bridgehub-polkadot]","tests","Sat May 03 09:20:44 GMT 2025","passed","Sat May 03 09:20:44 GMT 2025","","test_rpc_methods_availability","",""
"","21","test_rpc_node_is_synced[Test for Hydration, url: wss://rpc.hydradx.cloud]","tests","Sat May 03 09:19:38 GMT 2025","passed","Sat May 03 09:19:38 GMT 2025","","test_substrate_node_is_synced","",""
"","3","test_rpc_node_is_synced[Test for Ajuna, url: wss://ajuna.dotters.network]","tests","Sat May 03 09:20:21 GMT 2025","passed","Sat May 03 09:20:21 GMT 2025","","test_substrate_node_is_synced","",""
"","0","test_chainId[Test for Bifrost Kusama]","tests","Sat May 03 09:18:00 GMT 2025","passed","Sat May 03 09:18:00 GMT 2025","TestChainId","test_network_parameters","",""
"","70","test_rpc_method_is_available[Test for Crust Shadow, url: wss://rpc2-shadow.crust.network/]","tests","Sat May 03 09:19:21 GMT 2025","passed","Sat May 03 09:19:21 GMT 2025","","test_rpc_methods_availability","",""
"","0","test_can_create_connection[Test for Moonbeam, url: wss://moonbeam.ibp.network]","tests","Sat May 03 09:18:15 GMT 2025","passed","Sat May 03 09:18:15 GMT 2025","","test_nodes_availability","",""
"","0","test_address_prefix[Test for Zeitgeist]","tests","Sat May 03 09:18:26 GMT 2025","passed","Sat May 03 09:18:26 GMT 2025","TestNetworkPrefix","test_network_parameters","",""
"","69","test_rpc_method_is_available[Test for UNIQUE, url: wss://unique.dotters.network]","tests","Sat May 03 09:20:02 GMT 2025","passed","Sat May 03 09:20:02 GMT 2025","","test_rpc_methods_availability","",""
"","5","test_has_new_assets[Test for Polkadot Asset Hub]","tests","Sat May 03 09:18:10 GMT 2025","passed","Sat May 03 09:18:10 GMT 2025","TestAssets","test_check_new_assets","",""
"","0","test_precision[Test for Manta Atlantic]","tests","Sat May 03 09:19:13 GMT 2025","passed","Sat May 03 09:19:13 GMT 2025","TestPrecision","test_network_parameters","",""
"","3","test_rpc_node_is_synced[Test for Polkadot Coretime, url: wss://sys.ibp.network/coretime-polkadot]","tests","Sat May 03 09:21:42 GMT 2025","passed","Sat May 03 09:21:42 GMT 2025","","test_substrate_node_is_synced","",""
"","1","test_can_create_connection[Test for Centrifuge Parachain, url: wss://rpc-centrifuge.luckyfriday.io]","tests","Sat May 03 09:19:31 GMT 2025","passed","Sat May 03 09:19:31 GMT 2025","","test_nodes_availability","",""
"","72","test_rpc_method_is_available[Test for Westend (TESTNET), url: wss://westend.public.curie.radiumblock.co/ws]","tests","Sat May 03 09:18:46 GMT 2025","passed","Sat May 03 09:18:46 GMT 2025","","test_rpc_methods_availability","",""
"","0","test_precision[Test for Polkadot People]","tests","Sat May 03 09:18:22 GMT 2025","passed","Sat May 03 09:18:22 GMT 2025","TestPrecision","test_network_parameters","",""
"","0","test_address_prefix[Test for Crab]","tests","Sat May 03 09:19:04 GMT 2025","passed","Sat May 03 09:19:04 GMT 2025","TestNetworkPrefix","test_network_parameters","",""
"","0","test_can_create_connection[Test for Heima, url: wss://rpc.litentry-parachain.litentry.io]","tests","Sat May 03 09:20:06 GMT 2025","passed","Sat May 03 09:20:06 GMT 2025","","test_nodes_availability","",""
"","119","test_rpc_method_is_available[Test for Ajuna, url: wss://ajuna.dotters.network]","tests","Sat May 03 09:20:32 GMT 2025","passed","Sat May 03 09:20:32 GMT 2025","","test_rpc_methods_availability","",""
"","1","test_address_prefix[Test for Polkadot Bridge Hub]","tests","Sat May 03 09:19:02 GMT 2025","passed","Sat May 03 09:19:02 GMT 2025","TestNetworkPrefix","test_network_parameters","",""
"","118","test_rpc_method_is_available[Test for Enjin Matrix, url: wss://enjin-matrix-rpc-1.dwellir.com]","tests","Sat May 03 09:21:07 GMT 2025","passed","Sat May 03 09:21:07 GMT 2025","","test_rpc_methods_availability","",""
"","1","test_address_prefix[Test for DAO IPCI]","tests","Sat May 03 09:18:51 GMT 2025","passed","Sat May 03 09:18:51 GMT 2025","TestNetworkPrefix","test_network_parameters","",""
"","71","test_rpc_method_is_available[Test for Moonbeam, url: wss://moonbeam.public.curie.radiumblock.co/ws]","tests","Sat May 03 09:18:24 GMT 2025","passed","Sat May 03 09:18:25 GMT 2025","","test_rpc_methods_availability","",""
"","73","test_rpc_method_is_available[Test for Polkadot Coretime, url: wss://coretime-polkadot.dotters.network]","tests","Sat May 03 09:21:55 GMT 2025","passed","Sat May 03 09:21:55 GMT 2025","","test_rpc_methods_availability","",""
"","0","test_chainId[Test for Bajun]","tests","Sat May 03 09:18:40 GMT 2025","broken","Sat May 03 09:18:40 GMT 2025","TestChainId","test_network_parameters","",""
"","0","test_can_create_connection[Test for Altair, url: wss://fullnode.altair.centrifuge.io]","tests","Sat May 03 09:19:07 GMT 2025","passed","Sat May 03 09:19:07 GMT 2025","","test_nodes_availability","",""
"","98","test_rpc_method_is_available[Test for Polkadot Asset Hub, url: wss://sys.ibp.network/asset-hub-polkadot]","tests","Sat May 03 09:20:17 GMT 2025","passed","Sat May 03 09:20:17 GMT 2025","","test_rpc_methods_availability","",""
"","75","test_has_new_assets[Test for Acala]","tests","Sat May 03 09:17:59 GMT 2025","passed","Sat May 03 09:17:59 GMT 2025","TestAssets","test_check_new_assets","",""
"","0","test_precision[Test for Enjin Matrix]","tests","Sat May 03 09:19:14 GMT 2025","passed","Sat May 03 09:19:14 GMT 2025","TestPrecision","test_network_parameters","",""
"","0","test_address_prefix[Test for Encointer]","tests","Sat May 03 09:18:19 GMT 2025","passed","Sat May 03 09:18:19 GMT 2025","TestNetworkPrefix","test_network_parameters","",""
"","80","test_rpc_method_is_available[Test for Curio, url: wss://parachain.curioinvest.com/]","tests","Sat May 03 09:21:27 GMT 2025","passed","Sat May 03 09:21:27 GMT 2025","","test_rpc_methods_availability","",""
"","109","test_rpc_node_is_synced[Test for Robonomics, url: wss://kusama.rpc.robonomics.network/]","tests","Sat May 03 09:20:29 GMT 2025","passed","Sat May 03 09:20:29 GMT 2025","","test_substrate_node_is_synced","",""
"","67","test_rpc_method_is_available[Test for Polkadot Coretime, url: wss://sys.ibp.network/coretime-polkadot]","tests","Sat May 03 09:22:43 GMT 2025","passed","Sat May 03 09:22:43 GMT 2025","","test_rpc_methods_availability","",""
"","1","test_chainId[Test for Bifrost Polkadot]","tests","Sat May 03 09:18:19 GMT 2025","passed","Sat May 03 09:18:19 GMT 2025","TestChainId","test_network_parameters","",""
"","0","test_rpc_method_is_available[Test for KILT, url: wss://kilt-rpc.dwellir.com]","tests","Sat May 03 09:19:38 GMT 2025","broken","Sat May 03 09:19:38 GMT 2025","","test_rpc_methods_availability","",""
"","103","test_rpc_node_is_synced[Test for Kusama Coretime, url: wss://coretime-kusama-rpc.dwellir.com]","tests","Sat May 03 09:21:54 GMT 2025","passed","Sat May 03 09:21:54 GMT 2025","","test_substrate_node_is_synced","",""
"","0","test_can_create_connection[Test for Bifrost Polkadot, url: wss://hk.p.bifrost-rpc.liebi.com/ws]","tests","Sat May 03 09:19:50 GMT 2025","passed","Sat May 03 09:19:50 GMT 2025","","test_nodes_availability","",""
"","0","test_address_prefix[Test for Hydration]","tests","Sat May 03 09:18:24 GMT 2025","passed","Sat May 03 09:18:24 GMT 2025","TestNetworkPrefix","test_network_parameters","",""
"","94","test_rpc_method_is_available[Test for Crab, url: wss://darwiniacrab-rpc.dwellir.com]","tests","Sat May 03 09:21:01 GMT 2025","passed","Sat May 03 09:21:01 GMT 2025","","test_rpc_methods_availability","",""
"","0","test_precision[Test for Frequency]","tests","Sat May 03 09:18:56 GMT 2025","passed","Sat May 03 09:18:56 GMT 2025","TestPrecision","test_network_parameters","",""
"","108","test_rpc_method_is_available[Test for Polkadot, url: wss://polkadot.public.curie.radiumblock.co/ws]","tests","Sat May 03 09:18:30 GMT 2025","passed","Sat May 03 09:18:31 GMT 2025","","test_rpc_methods_availability","",""
"","4","test_rpc_node_is_synced[Test for Interlay, url: wss://rpc-interlay.luckyfriday.io/]","tests","Sat May 03 09:19:13 GMT 2025","passed","Sat May 03 09:19:13 GMT 2025","","test_substrate_node_is_synced","",""
"","81","test_rpc_node_is_synced[Test for Manta Atlantic, url: wss://ws.manta.systems]","tests","Sat May 03 09:21:00 GMT 2025","passed","Sat May 03 09:21:00 GMT 2025","","test_substrate_node_is_synced","",""
"","1","test_precision[Test for Amplitude]","tests","Sat May 03 09:18:51 GMT 2025","passed","Sat May 03 09:18:51 GMT 2025","TestPrecision","test_network_parameters","",""
"","9","test_has_new_assets[Test for Altair]","tests","Sat May 03 09:18:13 GMT 2025","passed","Sat May 03 09:18:13 GMT 2025","TestAssets","test_check_new_assets","",""
"","0","test_precision[Test for Hydration]","tests","Sat May 03 09:18:25 GMT 2025","passed","Sat May 03 09:18:25 GMT 2025","TestPrecision","test_network_parameters","",""
"","0","test_can_create_connection[Test for KILT, url: wss://kilt.dotters.network]","tests","Sat May 03 09:19:12 GMT 2025","passed","Sat May 03 09:19:12 GMT 2025","","test_nodes_availability","",""
"","0","test_can_create_connection[Test for Kusama Coretime, url: wss://coretime-kusama-rpc.dwellir.com]","tests","Sat May 03 09:21:39 GMT 2025","passed","Sat May 03 09:21:39 GMT 2025","","test_nodes_availability","",""
"","5","test_rpc_node_is_synced[Test for Kusama, url: wss://rpc.ibp.network/kusama]","tests","Sat May 03 09:18:01 GMT 2025","passed","Sat May 03 09:18:01 GMT 2025","","test_substrate_node_is_synced","",""
"","690","test_rpc_method_is_available[Test for Westend (TESTNET), url: wss://westend.dotters.network]","tests","Sat May 03 09:18:42 GMT 2025","passed","Sat May 03 09:18:43 GMT 2025","","test_rpc_methods_availability","",""
"","3","test_rpc_node_is_synced[Test for Polkadot, url: wss://rpc-polkadot.luckyfriday.io]","tests","Sat May 03 09:18:39 GMT 2025","passed","Sat May 03 09:18:39 GMT 2025","","test_substrate_node_is_synced","",""
"","0","test_rpc_node_is_synced[Test for InvArch, url: wss://invarch.ibp.network]","tests","Sat May 03 09:21:08 GMT 2025","broken","Sat May 03 09:21:08 GMT 2025","","test_substrate_node_is_synced","",""
"","86","test_rpc_node_is_synced[Test for Laos, url: wss://rpc.laos.laosfoundation.io]","tests","Sat May 03 09:21:41 GMT 2025","passed","Sat May 03 09:21:41 GMT 2025","","test_substrate_node_is_synced","",""
"","0","test_chainId[Test for Polimec]","tests","Sat May 03 09:19:02 GMT 2025","passed","Sat May 03 09:19:02 GMT 2025","TestChainId","test_network_parameters","",""
"","2","test_rpc_node_is_synced[Test for Kusama People, url: wss://sys.ibp.network/people-kusama]","tests","Sat May 03 09:18:17 GMT 2025","passed","Sat May 03 09:18:17 GMT 2025","","test_substrate_node_is_synced","",""
"","0","test_precision[Test for Centrifuge Parachain]","tests","Sat May 03 09:18:43 GMT 2025","passed","Sat May 03 09:18:43 GMT 2025","TestPrecision","test_network_parameters","",""
"","0","test_can_create_connection[Test for peaq, url: wss://peaq-rpc.publicnode.com]","tests","Sat May 03 09:21:28 GMT 2025","passed","Sat May 03 09:21:28 GMT 2025","","test_nodes_availability","",""
"","0","test_can_create_connection[Test for krest, url: wss://wss-krest.peaq.network/]","tests","Sat May 03 09:20:45 GMT 2025","passed","Sat May 03 09:20:45 GMT 2025","","test_nodes_availability","",""
"","0","test_address_prefix[Test for JAMTON]","tests","Sat May 03 09:19:34 GMT 2025","passed","Sat May 03 09:19:34 GMT 2025","TestNetworkPrefix","test_network_parameters","",""
"","0","test_can_create_connection[Test for Polkadex, url: wss://polkadex.public.curie.radiumblock.co/ws]","tests","Sat May 03 09:19:32 GMT 2025","passed","Sat May 03 09:19:32 GMT 2025","","test_nodes_availability","",""
"","0","test_chainId[Test for Interlay]","tests","Sat May 03 09:18:19 GMT 2025","passed","Sat May 03 09:18:19 GMT 2025","TestChainId","test_network_parameters","",""
"","118","test_rpc_method_is_available[Test for Polkadot, url: wss://polkadot.dotters.network]","tests","Sat May 03 09:18:15 GMT 2025","passed","Sat May 03 09:18:15 GMT 2025","","test_rpc_methods_availability","",""
"","0","test_can_create_connection[Test for Phala, url: wss://api.phala.network/ws]","tests","Sat May 03 09:19:21 GMT 2025","passed","Sat May 03 09:19:21 GMT 2025","","test_nodes_availability","",""
"","8","test_has_new_assets[Test for Vara]","tests","Sat May 03 09:18:54 GMT 2025","passed","Sat May 03 09:18:54 GMT 2025","TestAssets","test_check_new_assets","",""
"","0","test_has_new_assets[Test for InvArch]","tests","Sat May 03 09:19:15 GMT 2025","broken","Sat May 03 09:19:15 GMT 2025","TestAssets","test_check_new_assets","",""
"","0","test_chainId[Test for Kreivo]","tests","Sat May 03 09:19:48 GMT 2025","broken","Sat May 03 09:19:48 GMT 2025","TestChainId","test_network_parameters","",""
"","218","test_rpc_node_is_synced[Test for Astar, url: wss://astar.public.curie.radiumblock.co/ws]","tests","Sat May 03 09:20:06 GMT 2025","passed","Sat May 03 09:20:06 GMT 2025","","test_substrate_node_is_synced","",""
"","0","test_precision[Test for DAO IPCI]","tests","Sat May 03 09:18:53 GMT 2025","passed","Sat May 03 09:18:53 GMT 2025","TestPrecision","test_network_parameters","",""
"","0","test_chainId[Test for krest]","tests","Sat May 03 09:18:59 GMT 2025","passed","Sat May 03 09:18:59 GMT 2025","TestChainId","test_network_parameters","",""
"","106","test_rpc_method_is_available[Test for Crust Shadow, url: wss://rpc-shadow.crust.network/]","tests","Sat May 03 09:19:26 GMT 2025","passed","Sat May 03 09:19:26 GMT 2025","","test_rpc_methods_availability","",""
"","0","test_rpc_node_is_synced[Test for Kabocha, url: wss://kabocha.jelliedowl.com]","tests","Sat May 03 09:19:57 GMT 2025","broken","Sat May 03 09:19:57 GMT 2025","","test_substrate_node_is_synced","",""
"","0","test_chainId[Test for NeuroWeb]","tests","Sat May 03 09:18:16 GMT 2025","passed","Sat May 03 09:18:16 GMT 2025","TestChainId","test_network_parameters","",""
"","0","test_chainId[Test for Amplitude]","tests","Sat May 03 09:18:43 GMT 2025","passed","Sat May 03 09:18:43 GMT 2025","TestChainId","test_network_parameters","",""
"","0","test_can_create_connection[Test for InvArch, url: wss://invarch.dotters.network]","tests","Sat May 03 09:21:13 GMT 2025","broken","Sat May 03 09:21:13 GMT 2025","","test_nodes_availability","",""
"","118","test_rpc_method_is_available[Test for Polkadot People, url: wss://people-polkadot.public.curie.radiumblock.co/ws]","tests","Sat May 03 09:18:18 GMT 2025","passed","Sat May 03 09:18:18 GMT 2025","","test_rpc_methods_availability","",""
"","0","test_precision[Test for Encointer]","tests","Sat May 03 09:18:18 GMT 2025","passed","Sat May 03 09:18:18 GMT 2025","TestPrecision","test_network_parameters","",""
"","69","test_rpc_method_is_available[Test for Polkadot Coretime, url: wss://polkadot-coretime-rpc.polkadot.io]","tests","Sat May 03 09:21:57 GMT 2025","passed","Sat May 03 09:21:57 GMT 2025","","test_rpc_methods_availability","",""
"","97","test_rpc_node_is_synced[Test for peaq, url: wss://peaq-rpc.dwellir.com]","tests","Sat May 03 09:21:37 GMT 2025","passed","Sat May 03 09:21:37 GMT 2025","","test_substrate_node_is_synced","",""
"","0","test_precision[Test for Hyperbridge Nexus]","tests","Sat May 03 09:19:21 GMT 2025","passed","Sat May 03 09:19:21 GMT 2025","TestPrecision","test_network_parameters","",""
"","5","test_has_new_assets[Test for Crust Shadow]","tests","Sat May 03 09:18:33 GMT 2025","passed","Sat May 03 09:18:33 GMT 2025","TestAssets","test_check_new_assets","",""
"","0","test_can_create_connection[Test for Acala, url: wss://acala-rpc-0.aca-api.network]","tests","Sat May 03 09:19:46 GMT 2025","passed","Sat May 03 09:19:46 GMT 2025","","test_nodes_availability","",""
"","99","test_rpc_method_is_available[Test for Mythos, url: wss://mythos.dotters.network]","tests","Sat May 03 09:21:29 GMT 2025","passed","Sat May 03 09:21:29 GMT 2025","","test_rpc_methods_availability","",""
"","6","test_has_new_assets[Test for Aventus]","tests","Sat May 03 09:18:41 GMT 2025","passed","Sat May 03 09:18:41 GMT 2025","TestAssets","test_check_new_assets","",""
"","1","test_can_create_connection[Test for Enjin Matrix, url: wss://enjin-matrix-rpc-1.dwellir.com]","tests","Sat May 03 09:20:53 GMT 2025","passed","Sat May 03 09:20:53 GMT 2025","","test_nodes_availability","",""
"","68","test_rpc_method_is_available[Test for Polkadot Collectives, url: wss://collectives-polkadot.dotters.network]","tests","Sat May 03 09:20:55 GMT 2025","passed","Sat May 03 09:20:55 GMT 2025","","test_rpc_methods_availability","",""
"","0","test_can_create_connection[Test for Kusama, url: wss://1rpc.io/ksm]","tests","Sat May 03 09:18:20 GMT 2025","passed","Sat May 03 09:18:20 GMT 2025","","test_nodes_availability","",""
"","89","test_rpc_method_is_available[Test for Kusama, url: wss://kusama.dotters.network]","tests","Sat May 03 09:18:06 GMT 2025","passed","Sat May 03 09:18:06 GMT 2025","","test_rpc_methods_availability","",""
"","99","test_rpc_node_is_synced[Test for Polkadot, url: wss://polkadot-rpc.dwellir.com]","tests","Sat May 03 09:18:25 GMT 2025","passed","Sat May 03 09:18:25 GMT 2025","","test_substrate_node_is_synced","",""
"","210","test_rpc_method_is_available[Test for Polkadot, url: wss://rpc-polkadot-1.novasama-tech.org]","tests","Sat May 03 09:18:05 GMT 2025","passed","Sat May 03 09:18:05 GMT 2025","","test_rpc_methods_availability","",""
"","2003","test_rpc_node_is_synced[Test for Ethereum, url: https://1rpc.io/eth]","tests","Sat May 03 09:17:56 GMT 2025","passed","Sat May 03 09:17:58 GMT 2025","TestETHNodesAvailability","test_eth_nodes_availability","",""
"","80","test_rpc_method_is_available[Test for Cere, url: wss://rpc.mainnet.cere.network/ws]","tests","Sat May 03 09:21:33 GMT 2025","passed","Sat May 03 09:21:33 GMT 2025","","test_rpc_methods_availability","",""
"","1","test_can_create_connection[Test for Joystream, url: wss://rpc.joystream.org]","tests","Sat May 03 09:20:59 GMT 2025","passed","Sat May 03 09:20:59 GMT 2025","","test_nodes_availability","",""
"","1","test_chainId[Test for Manta Atlantic]","tests","Sat May 03 09:19:08 GMT 2025","passed","Sat May 03 09:19:08 GMT 2025","TestChainId","test_network_parameters","",""
"","70","test_rpc_method_is_available[Test for Bifrost Kusama, url: wss://bifrost-rpc.liebi.com/ws]","tests","Sat May 03 09:18:57 GMT 2025","passed","Sat May 03 09:18:57 GMT 2025","","test_rpc_methods_availability","",""
"","0","test_chainId[Test for 3DPass]","tests","Sat May 03 09:18:37 GMT 2025","passed","Sat May 03 09:18:37 GMT 2025","TestChainId","test_network_parameters","",""
"","98","test_rpc_node_is_synced[Test for Basilisk, url: wss://basilisk-rpc.dwellir.com]","tests","Sat May 03 09:19:02 GMT 2025","passed","Sat May 03 09:19:02 GMT 2025","","test_substrate_node_is_synced","",""
"","160","test_has_new_assets[Test for Bifrost Kusama]","tests","Sat May 03 09:18:05 GMT 2025","passed","Sat May 03 09:18:05 GMT 2025","TestAssets","test_check_new_assets","",""
"","83","test_rpc_method_is_available[Test for Westend (TESTNET), url: wss://rpc.ibp.network/westend]","tests","Sat May 03 09:18:39 GMT 2025","passed","Sat May 03 09:18:39 GMT 2025","","test_rpc_methods_availability","",""
"","0","test_precision[Test for Aventus]","tests","Sat May 03 09:18:46 GMT 2025","passed","Sat May 03 09:18:46 GMT 2025","TestPrecision","test_network_parameters","",""
"","99","test_rpc_node_is_synced[Test for Karura, url: wss://karura-rpc.dwellir.com]","tests","Sat May 03 09:18:12 GMT 2025","passed","Sat May 03 09:18:12 GMT 2025","","test_substrate_node_is_synced","",""
"","8","test_has_new_assets[Test for Polkadot People]","tests","Sat May 03 09:18:16 GMT 2025","passed","Sat May 03 09:18:16 GMT 2025","TestAssets","test_check_new_assets","",""
"","75","test_rpc_node_is_synced[Test for Moonbeam, url: wss://moonbeam.public.blastapi.io]","tests","Sat May 03 09:18:27 GMT 2025","passed","Sat May 03 09:18:27 GMT 2025","","test_substrate_node_is_synced","",""
"","0","test_precision[Test for Kusama]","tests","Sat May 03 09:18:12 GMT 2025","passed","Sat May 03 09:18:12 GMT 2025","TestPrecision","test_network_parameters","",""
"","3","test_rpc_node_is_synced[Test for Polkadot Asset Hub, url: wss://asset-hub-polkadot.dotters.network]","tests","Sat May 03 09:20:21 GMT 2025","passed","Sat May 03 09:20:21 GMT 2025","","test_substrate_node_is_synced","",""
"","3","test_rpc_node_is_synced[Test for Hydration, url: wss://hydration.dotters.network]","tests","Sat May 03 09:18:51 GMT 2025","passed","Sat May 03 09:18:51 GMT 2025","","test_substrate_node_is_synced","",""
"","41","test_rpc_node_is_synced[Test for Polkadot People, url: wss://people-polkadot.public.curie.radiumblock.co/ws]","tests","Sat May 03 09:18:13 GMT 2025","passed","Sat May 03 09:18:13 GMT 2025","","test_substrate_node_is_synced","",""
"","0","test_precision[Test for Bittensor]","tests","Sat May 03 09:18:50 GMT 2025","passed","Sat May 03 09:18:50 GMT 2025","TestPrecision","test_network_parameters","",""
"","104","test_rpc_node_is_synced[Test for Polkadot People, url: wss://polkadot-people-rpc.polkadot.io]","tests","Sat May 03 09:18:07 GMT 2025","passed","Sat May 03 09:18:07 GMT 2025","","test_substrate_node_is_synced","",""
"","8","test_rpc_node_is_synced[Test for Zeitgeist, url: wss://zeitgeist.api.onfinality.io/public-ws]","tests","Sat May 03 09:18:53 GMT 2025","passed","Sat May 03 09:18:53 GMT 2025","","test_substrate_node_is_synced","",""
"","0","test_precision[Test for CC Enterprise]","tests","Sat May 03 09:19:27 GMT 2025","passed","Sat May 03 09:19:27 GMT 2025","TestPrecision","test_network_parameters","",""
"","0","test_precision[Test for Vara]","tests","Sat May 03 09:18:58 GMT 2025","passed","Sat May 03 09:18:58 GMT 2025","TestPrecision","test_network_parameters","",""
"","3","test_rpc_node_is_synced[Test for UNIQUE, url: wss://unique.dotters.network]","tests","Sat May 03 09:19:47 GMT 2025","passed","Sat May 03 09:19:47 GMT 2025","","test_substrate_node_is_synced","",""
"","231","test_rpc_node_is_synced[Test for Crust Shadow, url: wss://rpc2-shadow.crust.network/]","tests","Sat May 03 09:19:14 GMT 2025","passed","Sat May 03 09:19:15 GMT 2025","","test_substrate_node_is_synced","",""
"","98","test_rpc_node_is_synced[Test for QUARTZ, url: wss://asia-ws-quartz.unique.network]","tests","Sat May 03 09:19:42 GMT 2025","passed","Sat May 03 09:19:42 GMT 2025","","test_substrate_node_is_synced","",""
"","0","test_can_create_connection[Test for Karura, url: wss://karura-rpc-2.aca-api.network/ws]","tests","Sat May 03 09:18:01 GMT 2025","passed","Sat May 03 09:18:01 GMT 2025","","test_nodes_availability","",""
"","0","test_can_create_connection[Test for Crab, url: wss://darwiniacrab-rpc.dwellir.com]","tests","Sat May 03 09:20:41 GMT 2025","passed","Sat May 03 09:20:41 GMT 2025","","test_nodes_availability","",""
"","0","test_chainId[Test for Frequency]","tests","Sat May 03 09:18:44 GMT 2025","passed","Sat May 03 09:18:44 GMT 2025","TestChainId","test_network_parameters","",""
"","7","test_has_new_assets[Test for Pendulum]","tests","Sat May 03 09:18:55 GMT 2025","passed","Sat May 03 09:18:55 GMT 2025","TestAssets","test_check_new_assets","",""
"","1","test_can_create_connection[Test for Hyperbridge Nexus, url: wss://hyperbridge-nexus-rpc.blockops.network]","tests","Sat May 03 09:21:21 GMT 2025","passed","Sat May 03 09:21:21 GMT 2025","","test_nodes_availability","",""
"","1","test_address_prefix[Test for Bifrost Kusama]","tests","Sat May 03 09:18:07 GMT 2025","passed","Sat May 03 09:18:07 GMT 2025","TestNetworkPrefix","test_network_parameters","",""
"","0","test_chainId[Test for Acurast Canary]","tests","Sat May 03 09:19:18 GMT 2025","passed","Sat May 03 09:19:18 GMT 2025","TestChainId","test_network_parameters","",""
"","0","test_address_prefix[Test for QUARTZ]","tests","Sat May 03 09:18:21 GMT 2025","passed","Sat May 03 09:18:21 GMT 2025","TestNetworkPrefix","test_network_parameters","",""
"","0","test_can_create_connection[Test for Polkadot, url: wss://apps-rpc.polkadot.io]","tests","Sat May 03 09:18:14 GMT 2025","passed","Sat May 03 09:18:14 GMT 2025","","test_nodes_availability","",""
"","0","test_address_prefix[Test for Heima]","tests","Sat May 03 09:18:32 GMT 2025","passed","Sat May 03 09:18:32 GMT 2025","TestNetworkPrefix","test_network_parameters","",""
"","0","test_can_create_connection[Test for Ajuna, url: wss://ajuna.ibp.network]","tests","Sat May 03 09:20:13 GMT 2025","passed","Sat May 03 09:20:13 GMT 2025","","test_nodes_availability","",""
"","211","test_rpc_node_is_synced[Test for Acala, url: wss://acala-rpc-3.aca-api.network/ws]","tests","Sat May 03 09:18:46 GMT 2025","passed","Sat May 03 09:18:47 GMT 2025","","test_substrate_node_is_synced","",""
"","88255","test_subquery_is_synced","tests","Sat May 03 09:18:07 GMT 2025","passed","Sat May 03 09:19:35 GMT 2025","","test_subquery_is_synced","",""
"","8","test_has_new_assets[Test for Moonbeam]","tests","Sat May 03 09:18:04 GMT 2025","passed","Sat May 03 09:18:04 GMT 2025","TestAssets","test_check_new_assets","",""
"","0","test_address_prefix[Test for Humanode]","tests","Sat May 03 09:19:28 GMT 2025","passed","Sat May 03 09:19:28 GMT 2025","TestNetworkPrefix","test_network_parameters","",""
"","0","test_can_create_connection[Test for Ajuna, url: wss://rpc-para.ajuna.network]","tests","Sat May 03 09:20:10 GMT 2025","passed","Sat May 03 09:20:10 GMT 2025","","test_nodes_availability","",""
"","4","test_rpc_node_is_synced[Test for Avail, url: wss://avail-mainnet.public.blastapi.io/]","tests","Sat May 03 09:21:29 GMT 2025","passed","Sat May 03 09:21:29 GMT 2025","","test_substrate_node_is_synced","",""
"","73","test_rpc_method_is_available[Test for KILT, url: wss://kilt.dotters.network]","tests","Sat May 03 09:19:27 GMT 2025","passed","Sat May 03 09:19:28 GMT 2025","","test_rpc_methods_availability","",""
"","1","test_can_create_connection[Test for Polymesh, url: wss://mainnet-rpc.polymesh.network]","tests","Sat May 03 09:21:03 GMT 2025","passed","Sat May 03 09:21:03 GMT 2025","","test_nodes_availability","",""
"","1","test_can_create_connection[Test for Polkadot, url: wss://polkadot-rpc.dwellir.com]","tests","Sat May 03 09:18:18 GMT 2025","passed","Sat May 03 09:18:18 GMT 2025","","test_nodes_availability","",""
"","0","test_chainId[Test for Kusama People]","tests","Sat May 03 09:17:56 GMT 2025","passed","Sat May 03 09:17:56 GMT 2025","TestChainId","test_network_parameters","",""
"","68","test_rpc_method_is_available[Test for Tangle, url: wss://rpc.tangle.tools]","tests","Sat May 03 09:22:42 GMT 2025","passed","Sat May 03 09:22:42 GMT 2025","","test_rpc_methods_availability","",""
"","1","test_rpc_node_is_synced[Test for GIANT, url: wss://rpc-anchor-1-mainnet-az-ue1.giantprotocol.org:443]","tests","Sat May 03 09:20:39 GMT 2025","passed","Sat May 03 09:20:39 GMT 2025","","test_substrate_node_is_synced","",""
"","3","test_rpc_node_is_synced[Test for Kusama Asset Hub, url: wss://asset-hub-kusama.dotters.network]","tests","Sat May 03 09:18:00 GMT 2025","passed","Sat May 03 09:18:00 GMT 2025","","test_substrate_node_is_synced","",""
"","0","test_precision[Test for Altair]","tests","Sat May 03 09:18:17 GMT 2025","passed","Sat May 03 09:18:17 GMT 2025","TestPrecision","test_network_parameters","",""
"","1","test_can_create_connection[Test for Kusama, url: wss://kusama-rpc.dwellir.com]","tests","Sat May 03 09:18:10 GMT 2025","passed","Sat May 03 09:18:10 GMT 2025","","test_nodes_availability","",""
"","92","test_rpc_node_is_synced[Test for Humanode, url: wss://explorer-rpc-ws.mainnet.stages.humanode.io]","tests","Sat May 03 09:21:33 GMT 2025","passed","Sat May 03 09:21:33 GMT 2025","","test_substrate_node_is_synced","",""
"","8","test_has_new_assets[Test for Polkadot Bridge Hub]","tests","Sat May 03 09:18:59 GMT 2025","passed","Sat May 03 09:18:59 GMT 2025","TestAssets","test_check_new_assets","",""
"","0","test_can_create_connection[Test for Mythos, url: wss://mythos.ibp.network]","tests","Sat May 03 09:21:06 GMT 2025","passed","Sat May 03 09:21:06 GMT 2025","","test_nodes_availability","",""
"","0","test_can_create_connection[Test for Shiden, url: wss://shiden-rpc.dwellir.com]","tests","Sat May 03 09:18:35 GMT 2025","passed","Sat May 03 09:18:35 GMT 2025","","test_nodes_availability","",""
"","250","test_rpc_node_is_synced[Test for XX network, url: wss://rpc-do.xx.network]","tests","Sat May 03 09:19:56 GMT 2025","passed","Sat May 03 09:19:56 GMT 2025","","test_substrate_node_is_synced","",""
"","7","test_has_new_assets[Test for peaq]","tests","Sat May 03 09:19:29 GMT 2025","passed","Sat May 03 09:19:29 GMT 2025","TestAssets","test_check_new_assets","",""
"","1","test_chainId[Test for Pendulum]","tests","Sat May 03 09:18:53 GMT 2025","passed","Sat May 03 09:18:53 GMT 2025","TestChainId","test_network_parameters","",""
"","0","test_chainId[Test for GIANT]","tests","Sat May 03 09:18:49 GMT 2025","passed","Sat May 03 09:18:49 GMT 2025","TestChainId","test_network_parameters","",""
"","0","test_address_prefix[Test for Nodle Parachain]","tests","Sat May 03 09:18:32 GMT 2025","passed","Sat May 03 09:18:32 GMT 2025","TestNetworkPrefix","test_network_parameters","",""
"","0","test_rpc_method_is_available[Test for Bajun, url: wss://rpc-para.bajun.network]","tests","Sat May 03 09:20:54 GMT 2025","broken","Sat May 03 09:20:54 GMT 2025","","test_rpc_methods_availability","",""
"","2","test_rpc_node_is_synced[Test for Polkadot People, url: wss://sys.ibp.network/people-polkadot]","tests","Sat May 03 09:18:08 GMT 2025","passed","Sat May 03 09:18:08 GMT 2025","","test_substrate_node_is_synced","",""
"","0","test_address_prefix[Test for Kusama]","tests","Sat May 03 09:18:11 GMT 2025","passed","Sat May 03 09:18:11 GMT 2025","TestNetworkPrefix","test_network_parameters","",""
"","9","test_rpc_node_is_synced[Test for QUARTZ, url: wss://us-ws-quartz.unique.network]","tests","Sat May 03 09:19:38 GMT 2025","passed","Sat May 03 09:19:38 GMT 2025","","test_substrate_node_is_synced","",""
"","71","test_rpc_method_is_available[Test for Kusama Bridge Hub, url: wss://ksm-rpc.stakeworld.io/bridgehub]","tests","Sat May 03 09:20:51 GMT 2025","passed","Sat May 03 09:20:51 GMT 2025","","test_rpc_methods_availability","",""
"","1","test_precision[Test for UNIQUE]","tests","Sat May 03 09:18:38 GMT 2025","passed","Sat May 03 09:18:38 GMT 2025","TestPrecision","test_network_parameters","",""
"","154","test_rpc_method_is_available[Test for NeuroWeb, url: wss://parachain-rpc.origin-trail.network]","tests","Sat May 03 09:19:53 GMT 2025","passed","Sat May 03 09:19:53 GMT 2025","","test_rpc_methods_availability","",""
"","0","test_can_create_connection[Test for Karura, url: wss://karura-rpc.dwellir.com]","tests","Sat May 03 09:18:09 GMT 2025","passed","Sat May 03 09:18:09 GMT 2025","","test_nodes_availability","",""
"","223","test_rpc_node_is_synced[Test for Kusama, url: wss://1rpc.io/ksm]","tests","Sat May 03 09:18:23 GMT 2025","passed","Sat May 03 09:18:23 GMT 2025","","test_substrate_node_is_synced","",""
"","0","test_precision[Test for Polimec]","tests","Sat May 03 09:19:14 GMT 2025","passed","Sat May 03 09:19:14 GMT 2025","TestPrecision","test_network_parameters","",""
"","70","test_rpc_method_is_available[Test for Ajuna, url: wss://rpc-para.ajuna.network]","tests","Sat May 03 09:20:27 GMT 2025","passed","Sat May 03 09:20:27 GMT 2025","","test_rpc_methods_availability","",""
"","3","test_rpc_node_is_synced[Test for Encointer, url: wss://sys.ibp.network/encointer-kusama]","tests","Sat May 03 09:20:32 GMT 2025","passed","Sat May 03 09:20:32 GMT 2025","","test_substrate_node_is_synced","",""
"","0","test_can_create_connection[Test for Bifrost Kusama, url: wss://us.bifrost-rpc.liebi.com/ws]","tests","Sat May 03 09:18:55 GMT 2025","passed","Sat May 03 09:18:55 GMT 2025","","test_nodes_availability","",""
"","1","test_precision[Test for Polkadot Asset Hub]","tests","Sat May 03 09:18:18 GMT 2025","passed","Sat May 03 09:18:18 GMT 2025","TestPrecision","test_network_parameters","",""
"","74","test_rpc_method_is_available[Test for Acala, url: wss://acala-rpc-3.aca-api.network/ws]","tests","Sat May 03 09:18:46 GMT 2025","passed","Sat May 03 09:18:46 GMT 2025","","test_rpc_methods_availability","",""
"","0","test_can_create_connection[Test for NeuroWeb, url: wss://parachain-rpc.origin-trail.network]","tests","Sat May 03 09:19:36 GMT 2025","passed","Sat May 03 09:19:36 GMT 2025","","test_nodes_availability","",""
"","0","test_can_create_connection[Test for Subsocial, url: wss://para.subsocial.network]","tests","Sat May 03 09:19:10 GMT 2025","passed","Sat May 03 09:19:10 GMT 2025","","test_nodes_availability","",""
"","0","test_can_create_connection[Test for Polkadot Asset Hub, url: wss://rpc-assethub.novasama-tech.org]","tests","Sat May 03 09:20:10 GMT 2025","passed","Sat May 03 09:20:10 GMT 2025","","test_nodes_availability","",""
"","0","test_chainId[Test for Zeitgeist]","tests","Sat May 03 09:18:16 GMT 2025","passed","Sat May 03 09:18:16 GMT 2025","TestChainId","test_network_parameters","",""
"","1","test_precision[Test for 3DPass]","tests","Sat May 03 09:18:54 GMT 2025","passed","Sat May 03 09:18:54 GMT 2025","TestPrecision","test_network_parameters","",""
"","475","test_rpc_method_is_available[Test for Moonriver, url: wss://moonriver-rpc.dwellir.com]","tests","Sat May 03 09:18:34 GMT 2025","passed","Sat May 03 09:18:35 GMT 2025","","test_rpc_methods_availability","",""
"","118","test_rpc_method_is_available[Test for Karura, url: wss://karura-rpc-3.aca-api.network/ws]","tests","Sat May 03 09:18:08 GMT 2025","passed","Sat May 03 09:18:08 GMT 2025","","test_rpc_methods_availability","",""
"","1","test_can_create_connection[Test for Shiden, url: wss://shiden.public.curie.radiumblock.co/ws]","tests","Sat May 03 09:18:43 GMT 2025","passed","Sat May 03 09:18:43 GMT 2025","","test_nodes_availability","",""
"","79","test_rpc_method_is_available[Test for Polkadot Collectives, url: wss://dot-rpc.stakeworld.io/collectives]","tests","Sat May 03 09:20:54 GMT 2025","passed","Sat May 03 09:20:54 GMT 2025","","test_rpc_methods_availability","",""
"","3","test_rpc_node_is_synced[Test for Polimec, url: wss://polimec.dotters.network]","tests","Sat May 03 09:20:57 GMT 2025","passed","Sat May 03 09:20:57 GMT 2025","","test_substrate_node_is_synced","",""
"","0","test_chainId[Test for CC Enterprise]","tests","Sat May 03 09:19:15 GMT 2025","passed","Sat May 03 09:19:15 GMT 2025","TestChainId","test_network_parameters","",""
"","3","test_rpc_node_is_synced[Test for UNIQUE, url: wss://unique.ibp.network]","tests","Sat May 03 09:20:40 GMT 2025","passed","Sat May 03 09:20:40 GMT 2025","","test_substrate_node_is_synced","",""
"","0","test_can_create_connection[Test for Moonbeam, url: wss://moonbeam.public.blastapi.io]","tests","Sat May 03 09:18:27 GMT 2025","passed","Sat May 03 09:18:27 GMT 2025","","test_nodes_availability","",""
"","69","test_rpc_method_is_available[Test for Bittensor, url: wss://entrypoint-finney.opentensor.ai:443]","tests","Sat May 03 09:20:21 GMT 2025","passed","Sat May 03 09:20:21 GMT 2025","","test_rpc_methods_availability","",""
"","0","test_chainId[Test for Kusama Asset Hub]","tests","Sat May 03 09:18:09 GMT 2025","passed","Sat May 03 09:18:09 GMT 2025","TestChainId","test_network_parameters","",""
"","67","test_rpc_method_is_available[Test for Kusama Bridge Hub, url: wss://sys.ibp.network/bridgehub-kusama]","tests","Sat May 03 09:20:47 GMT 2025","passed","Sat May 03 09:20:47 GMT 2025","","test_rpc_methods_availability","",""
"","67","test_rpc_method_is_available[Test for UNIQUE, url: wss://unique.ibp.network]","tests","Sat May 03 09:20:45 GMT 2025","passed","Sat May 03 09:20:45 GMT 2025","","test_rpc_methods_availability","",""
"","0","test_address_prefix[Test for Moonriver]","tests","Sat May 03 09:18:13 GMT 2025","passed","Sat May 03 09:18:13 GMT 2025","TestNetworkPrefix","test_network_parameters","",""
"","0","test_can_create_connection[Test for Encointer, url: wss://sys.ibp.network/encointer-kusama]","tests","Sat May 03 09:20:23 GMT 2025","passed","Sat May 03 09:20:23 GMT 2025","","test_nodes_availability","",""
"","1","test_can_create_connection[Test for Zeitgeist, url: wss://zeitgeist.api.onfinality.io/public-ws]","tests","Sat May 03 09:18:52 GMT 2025","passed","Sat May 03 09:18:52 GMT 2025","","test_nodes_availability","",""
"","0","test_can_create_connection[Test for XX network, url: wss://rpc-hetzner.xx.network]","tests","Sat May 03 09:19:50 GMT 2025","passed","Sat May 03 09:19:50 GMT 2025","","test_nodes_availability","",""
"","1","test_can_create_connection[Test for Kusama Coretime, url: wss://rpc-coretime-kusama.luckyfriday.io]","tests","Sat May 03 09:21:40 GMT 2025","passed","Sat May 03 09:21:40 GMT 2025","","test_nodes_availability","",""
"","0","test_can_create_connection[Test for Moonriver, url: wss://moonriver.public.blastapi.io]","tests","Sat May 03 09:18:32 GMT 2025","passed","Sat May 03 09:18:32 GMT 2025","","test_nodes_availability","",""
"","0","test_chainId[Test for Kusama Coretime]","tests","Sat May 03 09:19:57 GMT 2025","passed","Sat May 03 09:19:57 GMT 2025","TestChainId","test_network_parameters","",""
"","0","test_precision[Test for Darwinia]","tests","Sat May 03 09:19:02 GMT 2025","passed","Sat May 03 09:19:02 GMT 2025","TestPrecision","test_network_parameters","",""
"","5","test_has_new_assets[Test for DeepBrain]","tests","Sat May 03 09:19:32 GMT 2025","passed","Sat May 03 09:19:32 GMT 2025","TestAssets","test_check_new_assets","",""
"","0","test_chainId[Test for Heima]","tests","Sat May 03 09:18:23 GMT 2025","passed","Sat May 03 09:18:23 GMT 2025","TestChainId","test_network_parameters","",""
"","0","test_can_create_connection[Test for Bittensor, url: wss://entrypoint-finney.opentensor.ai:443]","tests","Sat May 03 09:20:07 GMT 2025","passed","Sat May 03 09:20:07 GMT 2025","","test_nodes_availability","",""
"","70","test_rpc_method_is_available[Test for QUARTZ, url: wss://asia-ws-quartz.unique.network]","tests","Sat May 03 09:19:57 GMT 2025","passed","Sat May 03 09:19:57 GMT 2025","","test_rpc_methods_availability","",""
"","102","test_rpc_node_is_synced[Test for Curio, url: wss://archive.parachain.curioinvest.com]","tests","Sat May 03 09:21:14 GMT 2025","passed","Sat May 03 09:21:14 GMT 2025","","test_substrate_node_is_synced","",""
"","70","test_has_new_assets[Test for Karura]","tests","Sat May 03 09:18:02 GMT 2025","passed","Sat May 03 09:18:02 GMT 2025","TestAssets","test_check_new_assets","",""
"","14","test_rpc_node_is_synced[Test for Enjin Matrix, url: wss://rpc.matrix.blockchain.enjin.io]","tests","Sat May 03 09:21:03 GMT 2025","passed","Sat May 03 09:21:03 GMT 2025","","test_substrate_node_is_synced","",""
"","0","test_rpc_method_is_available[Test for Subsocial, url: wss://subsocial-rpc.dwellir.com]","tests","Sat May 03 09:19:10 GMT 2025","broken","Sat May 03 09:19:10 GMT 2025","","test_rpc_methods_availability","",""
"","1","test_can_create_connection[Test for Polkadot, url: wss://rpc-polkadot-2.novasama-tech.org]","tests","Sat May 03 09:18:04 GMT 2025","passed","Sat May 03 09:18:04 GMT 2025","","test_nodes_availability","",""
"","0","test_address_prefix[Test for Bittensor]","tests","Sat May 03 09:18:47 GMT 2025","passed","Sat May 03 09:18:47 GMT 2025","TestNetworkPrefix","test_network_parameters","",""
"","2","test_rpc_node_is_synced[Test for Kusama Asset Hub, url: wss://sys.ibp.network/statemine]","tests","Sat May 03 09:18:43 GMT 2025","passed","Sat May 03 09:18:43 GMT 2025","","test_substrate_node_is_synced","",""
"","1","test_chainId[Test for Karura]","tests","Sat May 03 09:17:59 GMT 2025","passed","Sat May 03 09:17:59 GMT 2025","TestChainId","test_network_parameters","",""
"","0","test_precision[Test for InvArch]","tests","Sat May 03 09:19:19 GMT 2025","broken","Sat May 03 09:19:19 GMT 2025","TestPrecision","test_network_parameters","",""
"","77","test_rpc_method_is_available[Test for Polkadot Bridge Hub, url: wss://dot-rpc.stakeworld.io/bridgehub]","tests","Sat May 03 09:20:49 GMT 2025","passed","Sat May 03 09:20:49 GMT 2025","","test_rpc_methods_availability","",""
"","87","test_rpc_node_is_synced[Test for Polkadot, url: wss://1rpc.io/dot]","tests","Sat May 03 09:18:36 GMT 2025","passed","Sat May 03 09:18:36 GMT 2025","","test_substrate_node_is_synced","",""
"","73","test_rpc_method_is_available[Test for Phala, url: wss://api.phala.network/ws]","tests","Sat May 03 09:19:40 GMT 2025","passed","Sat May 03 09:19:40 GMT 2025","","test_rpc_methods_availability","",""
"","1","test_can_create_connection[Test for Polkadot Collectives, url: wss://sys.ibp.network/collectives-polkadot]","tests","Sat May 03 09:20:37 GMT 2025","passed","Sat May 03 09:20:37 GMT 2025","","test_nodes_availability","",""
"","0","test_can_create_connection[Test for Astar, url: wss://rpc.astar.network]","tests","Sat May 03 09:19:53 GMT 2025","passed","Sat May 03 09:19:53 GMT 2025","","test_nodes_availability","",""
"","0","test_can_create_connection[Test for Acala, url: wss://acala-rpc.dwellir.com]","tests","Sat May 03 09:19:48 GMT 2025","passed","Sat May 03 09:19:48 GMT 2025","","test_nodes_availability","",""
"","6","test_has_new_assets[Test for Crab]","tests","Sat May 03 09:19:03 GMT 2025","passed","Sat May 03 09:19:03 GMT 2025","TestAssets","test_check_new_assets","",""
"","98","test_rpc_node_is_synced[Test for Phala, url: wss://phala-rpc.dwellir.com]","tests","Sat May 03 09:19:19 GMT 2025","passed","Sat May 03 09:19:19 GMT 2025","","test_substrate_node_is_synced","",""
"","89","test_rpc_method_is_available[Test for Mythos, url: wss://polkadot-mythos-rpc.polkadot.io]","tests","Sat May 03 09:21:22 GMT 2025","passed","Sat May 03 09:21:22 GMT 2025","","test_rpc_methods_availability","",""
"","0","test_chainId[Test for Enjin Relay]","tests","Sat May 03 09:19:04 GMT 2025","passed","Sat May 03 09:19:04 GMT 2025","TestChainId","test_network_parameters","",""
"","108","test_rpc_method_is_available[Test for Kusama People, url: wss://sys.ibp.network/people-kusama]","tests","Sat May 03 09:18:22 GMT 2025","passed","Sat May 03 09:18:22 GMT 2025","","test_rpc_methods_availability","",""
"","91","test_rpc_node_is_synced[Test for DAO IPCI, url: wss://ipci.rpc.robonomics.network]","tests","Sat May 03 09:21:07 GMT 2025","passed","Sat May 03 09:21:07 GMT 2025","","test_substrate_node_is_synced","",""
"","1","test_precision[Test for Tangle]","tests","Sat May 03 09:19:36 GMT 2025","passed","Sat May 03 09:19:36 GMT 2025","TestPrecision","test_network_parameters","",""
"","8","test_has_new_assets[Test for Ternoa]","tests","Sat May 03 09:18:52 GMT 2025","passed","Sat May 03 09:18:52 GMT 2025","TestAssets","test_check_new_assets","",""
"","101","test_rpc_node_is_synced[Test for Tangle, url: wss://rpc.tangle.tools]","tests","Sat May 03 09:21:47 GMT 2025","passed","Sat May 03 09:21:47 GMT 2025","","test_substrate_node_is_synced","",""
"","91","test_rpc_node_is_synced[Test for Cere, url: wss://rpc.mainnet.cere.network/ws]","tests","Sat May 03 09:21:28 GMT 2025","passed","Sat May 03 09:21:28 GMT 2025","","test_substrate_node_is_synced","",""
"","24","test_rpc_node_is_synced[Test for Amplitude, url: wss://rpc-amplitude.pendulumchain.tech]","tests","Sat May 03 09:20:56 GMT 2025","passed","Sat May 03 09:20:56 GMT 2025","","test_substrate_node_is_synced","",""
"","69","test_rpc_method_is_available[Test for Polimec, url: wss://polimec.dotters.network]","tests","Sat May 03 09:21:11 GMT 2025","passed","Sat May 03 09:21:11 GMT 2025","","test_rpc_methods_availability","",""
"","69","test_rpc_method_is_available[Test for Encointer, url: wss://api.kusama.encointer.org]","tests","Sat May 03 09:18:52 GMT 2025","passed","Sat May 03 09:18:52 GMT 2025","","test_rpc_methods_availability","",""
"","0","test_chainId[Test for Creditcoin]","tests","Sat May 03 09:19:16 GMT 2025","passed","Sat May 03 09:19:16 GMT 2025","TestChainId","test_network_parameters","",""
"","1","test_precision[Test for DENTNet]","tests","Sat May 03 09:20:21 GMT 2025","passed","Sat May 03 09:20:21 GMT 2025","TestPrecision","test_network_parameters","",""
"","0","test_precision[Test for Crust Polkadot Parachain]","tests","Sat May 03 09:19:07 GMT 2025","passed","Sat May 03 09:19:07 GMT 2025","TestPrecision","test_network_parameters","",""
"","1","test_can_create_connection[Test for Polkadot People, url: wss://rpc-people-polkadot.luckyfriday.io]","tests","Sat May 03 09:18:08 GMT 2025","passed","Sat May 03 09:18:08 GMT 2025","","test_nodes_availability","",""
"","0","test_can_create_connection[Test for Phala, url: wss://phala-rpc.dwellir.com]","tests","Sat May 03 09:19:14 GMT 2025","passed","Sat May 03 09:19:14 GMT 2025","","test_nodes_availability","",""
"","0","test_address_prefix[Test for Ternoa]","tests","Sat May 03 09:18:55 GMT 2025","passed","Sat May 03 09:18:55 GMT 2025","TestNetworkPrefix","test_network_parameters","",""
"","71","test_rpc_method_is_available[Test for Phala, url: wss://phala-rpc.dwellir.com]","tests","Sat May 03 09:19:23 GMT 2025","passed","Sat May 03 09:19:23 GMT 2025","","test_rpc_methods_availability","",""
"","5","test_has_new_assets[Test for DENTNet]","tests","Sat May 03 09:19:22 GMT 2025","passed","Sat May 03 09:19:22 GMT 2025","TestAssets","test_check_new_assets","",""
"","1","test_address_prefix[Test for Aleph Zero]","tests","Sat May 03 09:18:38 GMT 2025","passed","Sat May 03 09:18:38 GMT 2025","TestNetworkPrefix","test_network_parameters","",""
"","0","test_chainId[Test for Astar]","tests","Sat May 03 09:18:00 GMT 2025","passed","Sat May 03 09:18:00 GMT 2025","TestChainId","test_network_parameters","",""
"","75","test_rpc_method_is_available[Test for Kusama People, url: wss://kusama-people-rpc.polkadot.io]","tests","Sat May 03 09:18:21 GMT 2025","passed","Sat May 03 09:18:21 GMT 2025","","test_rpc_methods_availability","",""
"","91","test_rpc_method_is_available[Test for Moonriver, url: wss://moonriver.public.blastapi.io]","tests","Sat May 03 09:18:35 GMT 2025","passed","Sat May 03 09:18:35 GMT 2025","","test_rpc_methods_availability","",""
"","0","test_chainId[Test for Kusama]","tests","Sat May 03 09:18:03 GMT 2025","passed","Sat May 03 09:18:03 GMT 2025","TestChainId","test_network_parameters","",""
"","74","test_rpc_method_is_available[Test for XX network, url: wss://rpc-hetzner.xx.network]","tests","Sat May 03 09:20:05 GMT 2025","passed","Sat May 03 09:20:05 GMT 2025","","test_rpc_methods_availability","",""
"","69","test_rpc_method_is_available[Test for Zeitgeist, url: wss://zeitgeist.api.onfinality.io/public-ws]","tests","Sat May 03 09:18:59 GMT 2025","passed","Sat May 03 09:18:59 GMT 2025","","test_rpc_methods_availability","",""
"","120","test_rpc_method_is_available[Test for Enjin Matrix, url: wss://rpc.matrix.blockchain.enjin.io]","tests","Sat May 03 09:21:00 GMT 2025","passed","Sat May 03 09:21:01 GMT 2025","","test_rpc_methods_availability","",""
"","0","test_can_create_connection[Test for Polkadot Asset Hub, url: wss://asset-hub-polkadot.dotters.network]","tests","Sat May 03 09:20:14 GMT 2025","passed","Sat May 03 09:20:14 GMT 2025","","test_nodes_availability","",""
"","0","test_chainId[Test for Polkadot Collectives]","tests","Sat May 03 09:18:55 GMT 2025","passed","Sat May 03 09:18:55 GMT 2025","TestChainId","test_network_parameters","",""
"","75","test_rpc_method_is_available[Test for Nodle Parachain, url: wss://nodle-rpc.dwellir.com]","tests","Sat May 03 09:19:19 GMT 2025","passed","Sat May 03 09:19:20 GMT 2025","","test_rpc_methods_availability","",""
"","0","test_can_create_connection[Test for Basilisk, url: wss://rpc.basilisk.cloud]","tests","Sat May 03 09:18:59 GMT 2025","passed","Sat May 03 09:18:59 GMT 2025","","test_nodes_availability","",""
"","33","test_rpc_node_is_synced[Test for Kusama, url: wss://kusama.public.curie.radiumblock.co/ws]","tests","Sat May 03 09:18:26 GMT 2025","passed","Sat May 03 09:18:26 GMT 2025","","test_substrate_node_is_synced","",""
"","1","test_chainId[Test for Cere]","tests","Sat May 03 09:19:12 GMT 2025","passed","Sat May 03 09:19:12 GMT 2025","TestChainId","test_network_parameters","",""
"","3","test_rpc_node_is_synced[Test for Moonbeam, url: wss://moonbeam.ibp.network]","tests","Sat May 03 09:18:17 GMT 2025","passed","Sat May 03 09:18:17 GMT 2025","","test_substrate_node_is_synced","",""
"","97","test_rpc_method_is_available[Test for 3DPass, url: wss://rpc.3dpass.org]","tests","Sat May 03 09:20:36 GMT 2025","passed","Sat May 03 09:20:36 GMT 2025","","test_rpc_methods_availability","",""
"","0","test_precision[Test for Kusama People]","tests","Sat May 03 09:18:05 GMT 2025","passed","Sat May 03 09:18:05 GMT 2025","TestPrecision","test_network_parameters","",""
"","70","test_rpc_method_is_available[Test for Phala, url: wss://rpc.helikon.io/phala]","tests","Sat May 03 09:19:28 GMT 2025","passed","Sat May 03 09:19:28 GMT 2025","","test_rpc_methods_availability","",""
"","0","test_precision[Test for Mythos]","tests","Sat May 03 09:19:17 GMT 2025","passed","Sat May 03 09:19:17 GMT 2025","TestPrecision","test_network_parameters","",""
"","0","test_precision[Test for Zeitgeist]","tests","Sat May 03 09:18:25 GMT 2025","passed","Sat May 03 09:18:25 GMT 2025","TestPrecision","test_network_parameters","",""
"","0","test_precision[Test for Aleph Zero]","tests","Sat May 03 09:18:40 GMT 2025","passed","Sat May 03 09:18:40 GMT 2025","TestPrecision","test_network_parameters","",""
"","6","test_has_new_assets[Test for Parallel]","tests","Sat May 03 09:18:06 GMT 2025","passed","Sat May 03 09:18:06 GMT 2025","TestAssets","test_check_new_assets","",""
"","23","test_rpc_node_is_synced[Test for Frequency, url: wss://0.rpc.frequency.xyz]","tests","Sat May 03 09:20:50 GMT 2025","passed","Sat May 03 09:20:50 GMT 2025","","test_substrate_node_is_synced","",""
"","71","test_rpc_method_is_available[Test for Basilisk, url: wss://rpc.basilisk.cloud]","tests","Sat May 03 09:19:14 GMT 2025","passed","Sat May 03 09:19:14 GMT 2025","","test_rpc_methods_availability","",""
"","0","test_can_create_connection[Test for Karura, url: wss://karura-rpc-0.aca-api.network]","tests","Sat May 03 09:18:21 GMT 2025","passed","Sat May 03 09:18:21 GMT 2025","","test_nodes_availability","",""
"","0","test_precision[Test for Kabocha]","tests","Sat May 03 09:18:49 GMT 2025","broken","Sat May 03 09:18:49 GMT 2025","TestPrecision","test_network_parameters","",""
"","88","test_rpc_method_is_available[Test for UNIQUE, url: wss://us-ws.unique.network/]","tests","Sat May 03 09:20:36 GMT 2025","passed","Sat May 03 09:20:36 GMT 2025","","test_rpc_methods_availability","",""
"","22","test_rpc_node_is_synced[Test for Frequency, url: wss://1.rpc.frequency.xyz]","tests","Sat May 03 09:20:51 GMT 2025","passed","Sat May 03 09:20:51 GMT 2025","","test_substrate_node_is_synced","",""
"","102","test_rpc_node_is_synced[Test for Polkadot Bridge Hub, url: wss://dot-rpc.stakeworld.io/bridgehub]","tests","Sat May 03 09:20:50 GMT 2025","passed","Sat May 03 09:20:50 GMT 2025","","test_substrate_node_is_synced","",""
"","0","test_precision[Test for Moonbeam]","tests","Sat May 03 09:18:10 GMT 2025","passed","Sat May 03 09:18:10 GMT 2025","TestPrecision","test_network_parameters","",""
"","3","test_rpc_node_is_synced[Test for Westend (TESTNET), url: wss://westend.dotters.network]","tests","Sat May 03 09:18:37 GMT 2025","passed","Sat May 03 09:18:37 GMT 2025","","test_substrate_node_is_synced","",""
"","5","test_has_new_assets[Test for CC Enterprise]","tests","Sat May 03 09:19:26 GMT 2025","passed","Sat May 03 09:19:26 GMT 2025","TestAssets","test_check_new_assets","",""
"","0","test_precision[Test for Robonomics]","tests","Sat May 03 09:18:21 GMT 2025","passed","Sat May 03 09:18:21 GMT 2025","TestPrecision","test_network_parameters","",""
"","136","test_rpc_node_is_synced[Test for JAMTON, url: wss://rpc.jamton.network]","tests","Sat May 03 09:21:39 GMT 2025","passed","Sat May 03 09:21:39 GMT 2025","","test_substrate_node_is_synced","",""
"","0","test_precision[Test for Kreivo]","tests","Sat May 03 09:19:59 GMT 2025","broken","Sat May 03 09:19:59 GMT 2025","TestPrecision","test_network_parameters","",""
"","83","test_rpc_node_is_synced[Test for CC Enterprise, url: wss://mainnet.creditcoin.network/ws]","tests","Sat May 03 09:21:29 GMT 2025","passed","Sat May 03 09:21:29 GMT 2025","","test_substrate_node_is_synced","",""
"","8","test_has_new_assets[Test for DAO IPCI]","tests","Sat May 03 09:18:46 GMT 2025","passed","Sat May 03 09:18:46 GMT 2025","TestAssets","test_check_new_assets","",""
"","222","test_rpc_node_is_synced[Test for Crust Shadow, url: wss://rpc-shadow.crust.network/]","tests","Sat May 03 09:19:20 GMT 2025","passed","Sat May 03 09:19:20 GMT 2025","","test_substrate_node_is_synced","",""
"","1","test_chainId[Test for Mythos]","tests","Sat May 03 09:19:08 GMT 2025","passed","Sat May 03 09:19:08 GMT 2025","TestChainId","test_network_parameters","",""
"","1","test_address_prefix[Test for CC Enterprise]","tests","Sat May 03 09:19:24 GMT 2025","passed","Sat May 03 09:19:24 GMT 2025","TestNetworkPrefix","test_network_parameters","",""
"","0","test_chainId[Test for Kusama Bridge Hub]","tests","Sat May 03 09:18:59 GMT 2025","passed","Sat May 03 09:18:59 GMT 2025","TestChainId","test_network_parameters","",""
"","0","test_rpc_node_is_synced[Test for Bajun, url: wss://rpc-para.bajun.network]","tests","Sat May 03 09:20:38 GMT 2025","broken","Sat May 03 09:20:38 GMT 2025","","test_substrate_node_is_synced","",""
"","0","test_address_prefix[Test for Parallel]","tests","Sat May 03 09:18:12 GMT 2025","passed","Sat May 03 09:18:12 GMT 2025","TestNetworkPrefix","test_network_parameters","",""
"","0","test_chainId[Test for Integritee Parachain]","tests","Sat May 03 09:18:30 GMT 2025","passed","Sat May 03 09:18:30 GMT 2025","TestChainId","test_network_parameters","",""
"","0","test_address_prefix[Test for Aventus]","tests","Sat May 03 09:18:45 GMT 2025","passed","Sat May 03 09:18:45 GMT 2025","TestNetworkPrefix","test_network_parameters","",""
"","5","test_has_new_assets[Test for Joystream]","tests","Sat May 03 09:19:13 GMT 2025","passed","Sat May 03 09:19:13 GMT 2025","TestAssets","test_check_new_assets","",""
"","0","test_can_create_connection[Test for QUARTZ, url: wss://quartz.unique.network]","tests","Sat May 03 09:19:31 GMT 2025","passed","Sat May 03 09:19:31 GMT 2025","","test_nodes_availability","",""
"","98","test_rpc_node_is_synced[Test for Westend (TESTNET), url: wss://westend-rpc.dwellir.com]","tests","Sat May 03 09:18:31 GMT 2025","passed","Sat May 03 09:18:31 GMT 2025","","test_substrate_node_is_synced","",""
"","115","test_rpc_node_is_synced[Test for Avail, url: wss://avail.rpc.bountyblok.io]","tests","Sat May 03 09:21:27 GMT 2025","passed","Sat May 03 09:21:27 GMT 2025","","test_substrate_node_is_synced","",""
