"DESCRIPTION","DURATION IN MS","NAME","PARENT SUITE","START TIME","STATUS","STOP TIME","SUB SUITE","SUITE","TEST CLASS","TEST METHOD"
"","170","test_rpc_method_is_available[Test for Kusama Relay, url: wss://apps-kusama-rpc.polkadot.io]","tests","Thu Nov 13 09:06:22 UTC 2025","passed","Thu Nov 13 09:06:22 UTC 2025","","test_rpc_methods_availability","",""
"","0","test_chainId[Test for Moonbeam]","tests","Thu Nov 13 09:06:04 UTC 2025","passed","Thu Nov 13 09:06:04 UTC 2025","TestChainId","test_network_parameters","",""
"","0","test_chainId[Test for 3DPass]","tests","Thu Nov 13 09:06:58 UTC 2025","passed","Thu Nov 13 09:06:58 UTC 2025","TestChainId","test_network_parameters","",""
"","0","test_precision[Test for Karura]","tests","Thu Nov 13 09:06:02 UTC 2025","passed","Thu Nov 13 09:06:02 UTC 2025","TestPrecision","test_network_parameters","",""
"","160","test_rpc_node_is_synced[Test for DENTNet, url: wss://rpc.dentnet.io/ws]","tests","Thu Nov 13 09:09:42 UTC 2025","passed","Thu Nov 13 09:09:42 UTC 2025","","test_substrate_node_is_synced","",""
"","0","test_can_create_connection[Test for Polkadot Relay, url: wss://rpc-polkadot-2.novasama-tech.org]","tests","Thu Nov 13 09:06:08 UTC 2025","passed","Thu Nov 13 09:06:08 UTC 2025","","test_nodes_availability","",""
"","0","test_address_prefix[Test for Crust Shadow]","tests","Thu Nov 13 09:06:34 UTC 2025","passed","Thu Nov 13 09:06:34 UTC 2025","TestNetworkPrefix","test_network_parameters","",""
"","55","test_rpc_node_is_synced[Test for Bifrost Polkadot, url: wss://bifrost-polkadot.dotters.network]","tests","Thu Nov 13 09:07:54 UTC 2025","passed","Thu Nov 13 09:07:54 UTC 2025","","test_substrate_node_is_synced","",""
"","1","test_can_create_connection[Test for krest, url: wss://wss-krest.peaq.network/]","tests","Thu Nov 13 09:09:05 UTC 2025","passed","Thu Nov 13 09:09:05 UTC 2025","","test_nodes_availability","",""
"","162","test_rpc_method_is_available[Test for Bifrost Polkadot, url: wss://bifrost-polkadot.dotters.network]","tests","Thu Nov 13 09:08:32 UTC 2025","passed","Thu Nov 13 09:08:32 UTC 2025","","test_rpc_methods_availability","",""
"","106","test_rpc_node_is_synced[Test for Mythos, url: wss://mythos.dotters.network]","tests","Thu Nov 13 09:09:28 UTC 2025","passed","Thu Nov 13 09:09:28 UTC 2025","","test_substrate_node_is_synced","",""
"","11","test_has_new_assets[Test for Energy Web X]","tests","Thu Nov 13 09:07:11 UTC 2025","passed","Thu Nov 13 09:07:11 UTC 2025","TestAssets","test_check_new_assets","",""
"","181","test_rpc_method_is_available[Test for Polkadot Relay, url: wss://apps-rpc.polkadot.io]","tests","Thu Nov 13 09:06:25 UTC 2025","passed","Thu Nov 13 09:06:25 UTC 2025","","test_rpc_methods_availability","",""
"","236","test_rpc_node_is_synced[Test for Shiden, url: wss://rpc.shiden.astar.network]","tests","Thu Nov 13 09:06:45 UTC 2025","passed","Thu Nov 13 09:06:45 UTC 2025","","test_substrate_node_is_synced","",""
"","0","test_can_create_connection[Test for DENTNet, url: wss://rpc.dentnet.io/ws]","tests","Thu Nov 13 09:09:40 UTC 2025","passed","Thu Nov 13 09:09:40 UTC 2025","","test_nodes_availability","",""
"","0","test_precision[Test for Crab]","tests","Thu Nov 13 09:06:57 UTC 2025","passed","Thu Nov 13 09:06:57 UTC 2025","TestPrecision","test_network_parameters","",""
"","0","test_can_create_connection[Test for Bifrost Polkadot, url: wss://bifrost-polkadot.dotters.network]","tests","Thu Nov 13 09:07:55 UTC 2025","passed","Thu Nov 13 09:07:55 UTC 2025","","test_nodes_availability","",""
"","0","test_precision[Test for Interlay]","tests","Thu Nov 13 09:06:20 UTC 2025","passed","Thu Nov 13 09:06:20 UTC 2025","TestPrecision","test_network_parameters","",""
"","1","test_address_prefix[Test for Darwinia]","tests","Thu Nov 13 09:07:01 UTC 2025","passed","Thu Nov 13 09:07:01 UTC 2025","TestNetworkPrefix","test_network_parameters","",""
"","0","test_precision[Test for Xode]","tests","Thu Nov 13 09:08:11 UTC 2025","broken","Thu Nov 13 09:08:11 UTC 2025","TestPrecision","test_network_parameters","",""
"","0","test_can_create_connection[Test for Curio, url: wss://archive.parachain.curioinvest.com]","tests","Thu Nov 13 09:09:19 UTC 2025","passed","Thu Nov 13 09:09:19 UTC 2025","","test_nodes_availability","",""
"","0","test_precision[Test for QUARTZ]","tests","Thu Nov 13 09:06:19 UTC 2025","passed","Thu Nov 13 09:06:19 UTC 2025","TestPrecision","test_network_parameters","",""
"","0","test_can_create_connection[Test for Moonbeam, url: wss://moonbeam.ibp.network]","tests","Thu Nov 13 09:06:24 UTC 2025","passed","Thu Nov 13 09:06:24 UTC 2025","","test_nodes_availability","",""
"","0","test_has_new_assets[Test for Xode]","tests","Thu Nov 13 09:08:04 UTC 2025","broken","Thu Nov 13 09:08:04 UTC 2025","TestAssets","test_check_new_assets","",""
"","1","test_can_create_connection[Test for Encointer, url: wss://encointer-kusama.dotters.network]","tests","Thu Nov 13 09:06:53 UTC 2025","passed","Thu Nov 13 09:06:53 UTC 2025","","test_nodes_availability","",""
"","7","test_has_new_assets[Test for Polkadot Asset Hub]","tests","Thu Nov 13 09:06:10 UTC 2025","passed","Thu Nov 13 09:06:10 UTC 2025","TestAssets","test_check_new_assets","",""
"","0","test_address_prefix[Test for Mythos]","tests","Thu Nov 13 09:07:19 UTC 2025","passed","Thu Nov 13 09:07:19 UTC 2025","TestNetworkPrefix","test_network_parameters","",""
"","143","test_rpc_method_is_available[Test for Kusama Relay, url: wss://1rpc.io/ksm]","tests","Thu Nov 13 09:06:36 UTC 2025","passed","Thu Nov 13 09:06:36 UTC 2025","","test_rpc_methods_availability","",""
"","0","test_chainId[Test for Robonomics]","tests","Thu Nov 13 09:06:14 UTC 2025","passed","Thu Nov 13 09:06:14 UTC 2025","TestChainId","test_network_parameters","",""
"","0","test_can_create_connection[Test for Kusama Relay, url: wss://kusama.dotters.network]","tests","Thu Nov 13 09:06:12 UTC 2025","passed","Thu Nov 13 09:06:12 UTC 2025","","test_nodes_availability","",""
"","0","test_can_create_connection[Test for Acala, url: wss://acala-rpc-2.aca-api.network/ws]","tests","Thu Nov 13 09:06:49 UTC 2025","passed","Thu Nov 13 09:06:49 UTC 2025","","test_nodes_availability","",""
"","0","test_can_create_connection[Test for Avail, url: wss://avail.rpc.bountyblok.io]","tests","Thu Nov 13 09:09:36 UTC 2025","passed","Thu Nov 13 09:09:36 UTC 2025","","test_nodes_availability","",""
"","0","test_chainId[Test for Darwinia]","tests","Thu Nov 13 09:07:06 UTC 2025","passed","Thu Nov 13 09:07:06 UTC 2025","TestChainId","test_network_parameters","",""
"","140","test_rpc_node_is_synced[Test for Centrifuge Parachain, url: wss://fullnode.centrifuge.io]","tests","Thu Nov 13 09:08:01 UTC 2025","passed","Thu Nov 13 09:08:01 UTC 2025","","test_substrate_node_is_synced","",""
"","143","test_rpc_method_is_available[Test for Hyperbridge Nexus, url: wss://hyperbridge-nexus-rpc.blockops.network]","tests","Thu Nov 13 09:09:52 UTC 2025","passed","Thu Nov 13 09:09:52 UTC 2025","","test_rpc_methods_availability","",""
"","96","test_rpc_method_is_available[Test for Pendulum, url: wss://rpc-pendulum.prd.pendulumchain.tech]","tests","Thu Nov 13 09:08:38 UTC 2025","passed","Thu Nov 13 09:08:38 UTC 2025","","test_rpc_methods_availability","",""
"","0","test_can_create_connection[Test for Crust Shadow, url: wss://rpc-shadow.crust.network/]","tests","Thu Nov 13 09:08:00 UTC 2025","passed","Thu Nov 13 09:08:00 UTC 2025","","test_nodes_availability","",""
"","19","test_rpc_node_is_synced[Test for Kusama Asset Hub, url: wss://asset-hub-kusama.dotters.network]","tests","Thu Nov 13 09:05:58 UTC 2025","passed","Thu Nov 13 09:05:58 UTC 2025","","test_substrate_node_is_synced","",""
"","0","test_chainId[Test for Polkadot Bridge Hub]","tests","Thu Nov 13 09:06:56 UTC 2025","passed","Thu Nov 13 09:06:56 UTC 2025","TestChainId","test_network_parameters","",""
"","186","test_rpc_method_is_available[Test for Cere, url: wss://rpc.mainnet.cere.network/ws]","tests","Thu Nov 13 09:09:57 UTC 2025","passed","Thu Nov 13 09:09:58 UTC 2025","","test_rpc_methods_availability","",""
"","1","test_can_create_connection[Test for Acala, url: wss://acala-rpc.n.dwellir.com]","tests","Thu Nov 13 09:06:58 UTC 2025","passed","Thu Nov 13 09:06:58 UTC 2025","","test_nodes_availability","",""
"","0","test_can_create_connection[Test for Enjin Matrix, url: wss://rpc.matrix.blockchain.enjin.io]","tests","Thu Nov 13 09:09:09 UTC 2025","passed","Thu Nov 13 09:09:09 UTC 2025","","test_nodes_availability","",""
"","150","test_rpc_node_is_synced[Test for Karura, url: wss://karura-rpc.n.dwellir.com]","tests","Thu Nov 13 09:06:13 UTC 2025","passed","Thu Nov 13 09:06:14 UTC 2025","","test_substrate_node_is_synced","",""
"","1","test_precision[Test for Polkadot Asset Hub]","tests","Thu Nov 13 09:06:09 UTC 2025","passed","Thu Nov 13 09:06:09 UTC 2025","TestPrecision","test_network_parameters","",""
"","101","test_rpc_method_is_available[Test for Polkadot Asset Hub, url: wss://asset-hub-polkadot-rpc.n.dwellir.com]","tests","Thu Nov 13 09:07:45 UTC 2025","passed","Thu Nov 13 09:07:45 UTC 2025","","test_rpc_methods_availability","",""
"","0","test_can_create_connection[Test for Polkadot Bridge Hub, url: wss://sys.ibp.network/bridgehub-polkadot]","tests","Thu Nov 13 09:09:00 UTC 2025","passed","Thu Nov 13 09:09:00 UTC 2025","","test_nodes_availability","",""
"","135","test_rpc_method_is_available[Test for Shiden, url: wss://shiden.public.curie.radiumblock.co/ws]","tests","Thu Nov 13 09:07:05 UTC 2025","passed","Thu Nov 13 09:07:05 UTC 2025","","test_rpc_methods_availability","",""
"","201","test_rpc_node_is_synced[Test for Polkadot Relay, url: wss://dot-rpc.stakeworld.io]","tests","Thu Nov 13 09:06:23 UTC 2025","passed","Thu Nov 13 09:06:23 UTC 2025","","test_substrate_node_is_synced","",""
"","0","test_chainId[Test for Bittensor]","tests","Thu Nov 13 09:06:57 UTC 2025","passed","Thu Nov 13 09:06:57 UTC 2025","TestChainId","test_network_parameters","",""
"","104","test_rpc_method_is_available[Test for Moonriver, url: wss://wss.api.moonriver.moonbeam.network]","tests","Thu Nov 13 09:06:50 UTC 2025","passed","Thu Nov 13 09:06:51 UTC 2025","","test_rpc_methods_availability","",""
"","0","test_chainId[Test for Shiden]","tests","Thu Nov 13 09:06:14 UTC 2025","passed","Thu Nov 13 09:06:14 UTC 2025","TestChainId","test_network_parameters","",""
"","157","test_rpc_method_is_available[Test for Kusama Coretime, url: wss://kusama-coretime-rpc.polkadot.io]","tests","Thu Nov 13 09:10:23 UTC 2025","passed","Thu Nov 13 09:10:23 UTC 2025","","test_rpc_methods_availability","",""
"","0","test_precision[Test for Heima]","tests","Thu Nov 13 09:06:35 UTC 2025","passed","Thu Nov 13 09:06:35 UTC 2025","TestPrecision","test_network_parameters","",""
"","36","test_rpc_node_is_synced[Test for Manta Atlantic, url: wss://ws.manta.systems]","tests","Thu Nov 13 09:09:14 UTC 2025","passed","Thu Nov 13 09:09:14 UTC 2025","","test_substrate_node_is_synced","",""
"","11","test_has_new_assets[Test for Shiden]","tests","Thu Nov 13 09:06:18 UTC 2025","passed","Thu Nov 13 09:06:18 UTC 2025","TestAssets","test_check_new_assets","",""
"","0","test_precision[Test for Polkadot Bridge Hub]","tests","Thu Nov 13 09:06:53 UTC 2025","passed","Thu Nov 13 09:06:53 UTC 2025","TestPrecision","test_network_parameters","",""
"","0","test_can_create_connection[Test for Cere, url: wss://rpc.mainnet.cere.network/ws]","tests","Thu Nov 13 09:09:41 UTC 2025","passed","Thu Nov 13 09:09:41 UTC 2025","","test_nodes_availability","",""
"","106","test_rpc_method_is_available[Test for Westend (TESTNET), url: wss://westend.public.curie.radiumblock.co/ws]","tests","Thu Nov 13 09:06:56 UTC 2025","passed","Thu Nov 13 09:06:56 UTC 2025","","test_rpc_methods_availability","",""
"","0","test_chainId[Test for DeepBrain]","tests","Thu Nov 13 09:07:34 UTC 2025","passed","Thu Nov 13 09:07:34 UTC 2025","TestChainId","test_network_parameters","",""
"","0","test_can_create_connection[Test for Polkadot Collectives, url: wss://collectives-polkadot.dotters.network]","tests","Thu Nov 13 09:09:15 UTC 2025","passed","Thu Nov 13 09:09:15 UTC 2025","","test_nodes_availability","",""
"","312","test_rpc_node_is_synced[Test for Phala, url: wss://api.phala.network/ws]","tests","Thu Nov 13 09:07:33 UTC 2025","passed","Thu Nov 13 09:07:34 UTC 2025","","test_substrate_node_is_synced","",""
"","143","test_rpc_node_is_synced[Test for UNIQUE, url: wss://eu-ws.unique.network/]","tests","Thu Nov 13 09:09:25 UTC 2025","passed","Thu Nov 13 09:09:26 UTC 2025","","test_substrate_node_is_synced","",""
"","1","test_address_prefix[Test for Kusama Relay]","tests","Thu Nov 13 09:06:06 UTC 2025","passed","Thu Nov 13 09:06:06 UTC 2025","TestNetworkPrefix","test_network_parameters","",""
"","142","test_rpc_node_is_synced[Test for Ternoa, url: wss://mainnet.ternoa.network]","tests","Thu Nov 13 09:08:11 UTC 2025","passed","Thu Nov 13 09:08:11 UTC 2025","","test_substrate_node_is_synced","",""
"","0","test_precision[Test for Centrifuge Parachain]","tests","Thu Nov 13 09:06:43 UTC 2025","passed","Thu Nov 13 09:06:43 UTC 2025","TestPrecision","test_network_parameters","",""
"","0","test_precision[Test for Mythos]","tests","Thu Nov 13 09:07:18 UTC 2025","passed","Thu Nov 13 09:07:18 UTC 2025","TestPrecision","test_network_parameters","",""
"","171","test_rpc_method_is_available[Test for Polkadot People, url: wss://rpc-people-polkadot.luckyfriday.io]","tests","Thu Nov 13 09:06:15 UTC 2025","passed","Thu Nov 13 09:06:15 UTC 2025","","test_rpc_methods_availability","",""
"","0","test_can_create_connection[Test for KILT, url: wss://spiritnet.kilt.io/]","tests","Thu Nov 13 09:08:35 UTC 2025","passed","Thu Nov 13 09:08:35 UTC 2025","","test_nodes_availability","",""
"","0","test_chainId[Test for Frequency]","tests","Thu Nov 13 09:06:58 UTC 2025","passed","Thu Nov 13 09:06:58 UTC 2025","TestChainId","test_network_parameters","",""
"","0","test_precision[Test for Polkadex]","tests","Thu Nov 13 09:06:48 UTC 2025","passed","Thu Nov 13 09:06:48 UTC 2025","TestPrecision","test_network_parameters","",""
"","0","test_can_create_connection[Test for Avail, url: wss://mainnet-rpc.avail.so/ws]","tests","Thu Nov 13 09:09:32 UTC 2025","passed","Thu Nov 13 09:09:32 UTC 2025","","test_nodes_availability","",""
"","177","test_rpc_method_is_available[Test for Joystream, url: wss://rpc.joystream.org]","tests","Thu Nov 13 09:09:33 UTC 2025","passed","Thu Nov 13 09:09:33 UTC 2025","","test_rpc_methods_availability","",""
"","0","test_address_prefix[Test for Crust Polkadot Parachain]","tests","Thu Nov 13 09:07:31 UTC 2025","passed","Thu Nov 13 09:07:31 UTC 2025","TestNetworkPrefix","test_network_parameters","",""
"","10","test_has_new_assets[Test for Polkadot People]","tests","Thu Nov 13 09:06:22 UTC 2025","passed","Thu Nov 13 09:06:22 UTC 2025","TestAssets","test_check_new_assets","",""
"","47","test_rpc_node_is_synced[Test for Moonriver, url: wss://moonriver.public.curie.radiumblock.co/ws]","tests","Thu Nov 13 09:06:39 UTC 2025","passed","Thu Nov 13 09:06:39 UTC 2025","","test_substrate_node_is_synced","",""
"","0","test_address_prefix[Test for Enjin Relay]","tests","Thu Nov 13 09:07:14 UTC 2025","passed","Thu Nov 13 09:07:14 UTC 2025","TestNetworkPrefix","test_network_parameters","",""
"","1","test_address_prefix[Test for Zeitgeist]","tests","Thu Nov 13 09:06:26 UTC 2025","passed","Thu Nov 13 09:06:26 UTC 2025","TestNetworkPrefix","test_network_parameters","",""
"","0","test_rpc_method_is_available[Test for Hydration, url: wss://rpc-hydra.novasama-tech.org]","tests","Thu Nov 13 09:08:14 UTC 2025","broken","Thu Nov 13 09:08:14 UTC 2025","","test_rpc_methods_availability","",""
"","0","test_can_create_connection[Test for Acala, url: wss://acala-rpc-1.aca-api.network]","tests","Thu Nov 13 09:06:45 UTC 2025","passed","Thu Nov 13 09:06:45 UTC 2025","","test_nodes_availability","",""
"","165","test_rpc_method_is_available[Test for Encointer, url: wss://api.kusama.encointer.org]","tests","Thu Nov 13 09:07:03 UTC 2025","passed","Thu Nov 13 09:07:04 UTC 2025","","test_rpc_methods_availability","",""
"","0","test_precision[Test for DAO IPCI]","tests","Thu Nov 13 09:06:33 UTC 2025","passed","Thu Nov 13 09:06:33 UTC 2025","TestPrecision","test_network_parameters","",""
"","0","test_chainId[Test for Aleph Zero]","tests","Thu Nov 13 09:06:44 UTC 2025","passed","Thu Nov 13 09:06:44 UTC 2025","TestChainId","test_network_parameters","",""
"","114","test_rpc_method_is_available[Test for Polkadot Coretime, url: wss://sys.ibp.network/coretime-polkadot]","tests","Thu Nov 13 09:10:11 UTC 2025","passed","Thu Nov 13 09:10:11 UTC 2025","","test_rpc_methods_availability","",""
"","0","test_address_prefix[Test for Integritee Parachain]","tests","Thu Nov 13 09:06:38 UTC 2025","passed","Thu Nov 13 09:06:38 UTC 2025","TestNetworkPrefix","test_network_parameters","",""
"","9","test_has_new_assets[Test for Manta Atlantic]","tests","Thu Nov 13 09:07:08 UTC 2025","passed","Thu Nov 13 09:07:08 UTC 2025","TestAssets","test_check_new_assets","",""
"","0","test_can_create_connection[Test for Hydration, url: wss://rpc-hydra.novasama-tech.org]","tests","Thu Nov 13 09:08:23 UTC 2025","broken","Thu Nov 13 09:08:23 UTC 2025","","test_nodes_availability","",""
"","0","test_address_prefix[Test for Moonriver]","tests","Thu Nov 13 09:06:09 UTC 2025","passed","Thu Nov 13 09:06:09 UTC 2025","TestNetworkPrefix","test_network_parameters","",""
"","0","test_address_prefix[Test for DAO IPCI]","tests","Thu Nov 13 09:06:34 UTC 2025","passed","Thu Nov 13 09:06:34 UTC 2025","TestNetworkPrefix","test_network_parameters","",""
"","0","test_precision[Test for Moonbeam]","tests","Thu Nov 13 09:06:05 UTC 2025","passed","Thu Nov 13 09:06:05 UTC 2025","TestPrecision","test_network_parameters","",""
"","0","test_chainId[Test for Crust Shadow]","tests","Thu Nov 13 09:06:30 UTC 2025","passed","Thu Nov 13 09:06:30 UTC 2025","TestChainId","test_network_parameters","",""
"","10","test_has_new_assets[Test for Ajuna]","tests","Thu Nov 13 09:06:46 UTC 2025","passed","Thu Nov 13 09:06:46 UTC 2025","TestAssets","test_check_new_assets","",""
"","0","test_can_create_connection[Test for Bifrost Kusama, url: wss://bifrost-rpc.liebi.com/ws]","tests","Thu Nov 13 09:07:57 UTC 2025","broken","Thu Nov 13 09:07:57 UTC 2025","","test_nodes_availability","",""
"","0","test_precision[Test for Bittensor]","tests","Thu Nov 13 09:07:16 UTC 2025","passed","Thu Nov 13 09:07:16 UTC 2025","TestPrecision","test_network_parameters","",""
"","146","test_rpc_method_is_available[Test for NeuroWeb, url: wss://parachain-rpc.origin-trail.network]","tests","Thu Nov 13 09:08:18 UTC 2025","passed","Thu Nov 13 09:08:18 UTC 2025","","test_rpc_methods_availability","",""
"","55","test_rpc_node_is_synced[Test for Hyperbridge Nexus, url: wss://nexus.dotters.network]","tests","Thu Nov 13 09:09:33 UTC 2025","passed","Thu Nov 13 09:09:33 UTC 2025","","test_substrate_node_is_synced","",""
"","0","test_can_create_connection[Test for Polkadot Relay, url: wss://polkadot.public.curie.radiumblock.co/ws]","tests","Thu Nov 13 09:06:34 UTC 2025","passed","Thu Nov 13 09:06:34 UTC 2025","","test_nodes_availability","",""
"","0","test_address_prefix[Test for Tangle]","tests","Thu Nov 13 09:07:48 UTC 2025","passed","Thu Nov 13 09:07:48 UTC 2025","TestNetworkPrefix","test_network_parameters","",""
"","0","test_chainId[Test for Heima]","tests","Thu Nov 13 09:06:31 UTC 2025","passed","Thu Nov 13 09:06:31 UTC 2025","TestChainId","test_network_parameters","",""
"","0","test_chainId[Test for Ternoa]","tests","Thu Nov 13 09:06:30 UTC 2025","passed","Thu Nov 13 09:06:30 UTC 2025","TestChainId","test_network_parameters","",""
"","0","test_can_create_connection[Test for Robonomics, url: wss://kusama.rpc.robonomics.network/]","tests","Thu Nov 13 09:07:35 UTC 2025","passed","Thu Nov 13 09:07:35 UTC 2025","","test_nodes_availability","",""
"","0","test_chainId[Test for Curio]","tests","Thu Nov 13 09:07:09 UTC 2025","passed","Thu Nov 13 09:07:09 UTC 2025","TestChainId","test_network_parameters","",""
"","149","test_rpc_node_is_synced[Test for Bifrost Polkadot, url: wss://eu.bifrost-polkadot-rpc.liebi.com/ws]","tests","Thu Nov 13 09:09:08 UTC 2025","passed","Thu Nov 13 09:09:08 UTC 2025","","test_substrate_node_is_synced","",""
"","0","test_chainId[Test for Polymesh]","tests","Thu Nov 13 09:06:35 UTC 2025","passed","Thu Nov 13 09:06:35 UTC 2025","TestChainId","test_network_parameters","",""
"","103","test_rpc_method_is_available[Test for Astar, url: wss://astar.public.curie.radiumblock.co/ws]","tests","Thu Nov 13 09:07:37 UTC 2025","passed","Thu Nov 13 09:07:37 UTC 2025","","test_rpc_methods_availability","",""
"","103","test_rpc_method_is_available[Test for Polkadot Collectives, url: wss://sys.ibp.network/collectives-polkadot]","tests","Thu Nov 13 09:09:14 UTC 2025","passed","Thu Nov 13 09:09:14 UTC 2025","","test_rpc_methods_availability","",""
"","0","test_can_create_connection[Test for Crust Shadow, url: wss://rpc2-shadow.crust.network/]","tests","Thu Nov 13 09:07:51 UTC 2025","passed","Thu Nov 13 09:07:51 UTC 2025","","test_nodes_availability","",""
"","0","test_address_prefix[Test for Hydration]","tests","Thu Nov 13 09:06:49 UTC 2025","passed","Thu Nov 13 09:06:49 UTC 2025","TestNetworkPrefix","test_network_parameters","",""
"","1","test_can_create_connection[Test for Tangle, url: wss://rpc.tangle.tools]","tests","Thu Nov 13 09:09:54 UTC 2025","passed","Thu Nov 13 09:09:54 UTC 2025","","test_nodes_availability","",""
"","94","test_rpc_method_is_available[Test for Aventus, url: wss://public-rpc.mainnet.aventus.io]","tests","Thu Nov 13 09:08:45 UTC 2025","passed","Thu Nov 13 09:08:45 UTC 2025","","test_rpc_methods_availability","",""
"","1","test_address_prefix[Test for Polkadot Asset Hub]","tests","Thu Nov 13 09:06:09 UTC 2025","passed","Thu Nov 13 09:06:09 UTC 2025","TestNetworkPrefix","test_network_parameters","",""
"","0","test_precision[Test for Tanssi]","tests","Thu Nov 13 09:07:50 UTC 2025","passed","Thu Nov 13 09:07:50 UTC 2025","TestPrecision","test_network_parameters","",""
"","50","test_rpc_node_is_synced[Test for GIANT, url: wss://rpc-anchor-1-mainnet-az-ue1.giantprotocol.org:443]","tests","Thu Nov 13 09:08:50 UTC 2025","passed","Thu Nov 13 09:08:50 UTC 2025","","test_substrate_node_is_synced","",""
"","166","test_rpc_node_is_synced[Test for Avail, url: wss://avail.rpc.bountyblok.io]","tests","Thu Nov 13 09:09:40 UTC 2025","passed","Thu Nov 13 09:09:41 UTC 2025","","test_substrate_node_is_synced","",""
"","0","test_can_create_connection[Test for Polkadot People, url: wss://people-polkadot.dotters.network]","tests","Thu Nov 13 09:06:11 UTC 2025","passed","Thu Nov 13 09:06:11 UTC 2025","","test_nodes_availability","",""
"","102","test_rpc_method_is_available[Test for Kusama Relay, url: wss://kusama.dotters.network]","tests","Thu Nov 13 09:06:16 UTC 2025","passed","Thu Nov 13 09:06:16 UTC 2025","","test_rpc_methods_availability","",""
"","196","test_rpc_method_is_available[Test for Kusama Relay, url: wss://rpc-kusama-2.novasama-tech.org]","tests","Thu Nov 13 09:06:04 UTC 2025","passed","Thu Nov 13 09:06:04 UTC 2025","","test_rpc_methods_availability","",""
"","0","test_address_prefix[Test for Acala]","tests","Thu Nov 13 09:05:58 UTC 2025","passed","Thu Nov 13 09:05:58 UTC 2025","TestNetworkPrefix","test_network_parameters","",""
"","101","test_rpc_method_is_available[Test for Polkadot Collectives, url: wss://dot-rpc.stakeworld.io/collectives]","tests","Thu Nov 13 09:09:29 UTC 2025","passed","Thu Nov 13 09:09:29 UTC 2025","","test_rpc_methods_availability","",""
"","0","test_can_create_connection[Test for NeuroWeb, url: wss://parachain-rpc.origin-trail.network]","tests","Thu Nov 13 09:07:45 UTC 2025","passed","Thu Nov 13 09:07:45 UTC 2025","","test_nodes_availability","",""
"","0","test_chainId[Test for XX network]","tests","Thu Nov 13 09:06:46 UTC 2025","passed","Thu Nov 13 09:06:46 UTC 2025","TestChainId","test_network_parameters","",""
"","0","test_can_create_connection[Test for Mythos, url: wss://polkadot-mythos-rpc.polkadot.io]","tests","Thu Nov 13 09:09:29 UTC 2025","passed","Thu Nov 13 09:09:29 UTC 2025","","test_nodes_availability","",""
"","192","test_rpc_node_is_synced[Test for Kusama Relay, url: wss://1rpc.io/ksm]","tests","Thu Nov 13 09:06:25 UTC 2025","passed","Thu Nov 13 09:06:25 UTC 2025","","test_substrate_node_is_synced","",""
"","59","test_rpc_node_is_synced[Test for Ajuna, url: wss://ajuna.ibp.network]","tests","Thu Nov 13 09:08:26 UTC 2025","passed","Thu Nov 13 09:08:26 UTC 2025","","test_substrate_node_is_synced","",""
"","96","test_has_new_assets[Test for Karura]","tests","Thu Nov 13 09:06:03 UTC 2025","passed","Thu Nov 13 09:06:03 UTC 2025","TestAssets","test_check_new_assets","",""
"","0","test_can_create_connection[Test for Frequency, url: wss://1.rpc.frequency.xyz]","tests","Thu Nov 13 09:08:51 UTC 2025","passed","Thu Nov 13 09:08:51 UTC 2025","","test_nodes_availability","",""
"","1","test_precision[Test for Bifrost Kusama]","tests","Thu Nov 13 09:06:02 UTC 2025","passed","Thu Nov 13 09:06:02 UTC 2025","TestPrecision","test_network_parameters","",""
"","0","test_precision[Test for Frequency]","tests","Thu Nov 13 09:07:00 UTC 2025","passed","Thu Nov 13 09:07:00 UTC 2025","TestPrecision","test_network_parameters","",""
"","128","test_rpc_method_is_available[Test for Heima, url: wss://rpc.litentry-parachain.litentry.io]","tests","Thu Nov 13 09:09:48 UTC 2025","passed","Thu Nov 13 09:09:48 UTC 2025","","test_rpc_methods_availability","",""
"","1","test_can_create_connection[Test for Kusama Relay, url: wss://1rpc.io/ksm]","tests","Thu Nov 13 09:06:30 UTC 2025","passed","Thu Nov 13 09:06:30 UTC 2025","","test_nodes_availability","",""
"","165","test_rpc_node_is_synced[Test for Karura, url: wss://karura-rpc-3.aca-api.network/ws]","tests","Thu Nov 13 09:06:08 UTC 2025","passed","Thu Nov 13 09:06:09 UTC 2025","","test_substrate_node_is_synced","",""
"","12","test_has_new_assets[Test for NeuroWeb]","tests","Thu Nov 13 09:06:24 UTC 2025","passed","Thu Nov 13 09:06:24 UTC 2025","TestAssets","test_check_new_assets","",""
"","159","test_rpc_node_is_synced[Test for Heima, url: wss://heima-rpc.n.dwellir.com]","tests","Thu Nov 13 09:09:21 UTC 2025","passed","Thu Nov 13 09:09:21 UTC 2025","","test_substrate_node_is_synced","",""
"","1","test_chainId[Test for Polkadot People]","tests","Thu Nov 13 09:06:26 UTC 2025","passed","Thu Nov 13 09:06:26 UTC 2025","TestChainId","test_network_parameters","",""
"","0","test_chainId[Test for peaq]","tests","Thu Nov 13 09:07:31 UTC 2025","passed","Thu Nov 13 09:07:31 UTC 2025","TestChainId","test_network_parameters","",""
"","0","test_address_prefix[Test for Kusama Asset Hub]","tests","Thu Nov 13 09:06:16 UTC 2025","passed","Thu Nov 13 09:06:16 UTC 2025","TestNetworkPrefix","test_network_parameters","",""
"","12","test_has_new_assets[Test for Vara]","tests","Thu Nov 13 09:07:01 UTC 2025","passed","Thu Nov 13 09:07:01 UTC 2025","TestAssets","test_check_new_assets","",""
"","1","test_can_create_connection[Test for Kusama Bridge Hub, url: wss://bridge-hub-kusama.dotters.network]","tests","Thu Nov 13 09:09:10 UTC 2025","passed","Thu Nov 13 09:09:10 UTC 2025","","test_nodes_availability","",""
"","0","test_chainId[Test for Polkadot Asset Hub]","tests","Thu Nov 13 09:06:10 UTC 2025","passed","Thu Nov 13 09:06:10 UTC 2025","TestChainId","test_network_parameters","",""
"","0","test_chainId[Test for Amplitude]","tests","Thu Nov 13 09:06:40 UTC 2025","passed","Thu Nov 13 09:06:40 UTC 2025","TestChainId","test_network_parameters","",""
"","0","test_precision[Test for Encointer]","tests","Thu Nov 13 09:06:16 UTC 2025","passed","Thu Nov 13 09:06:16 UTC 2025","TestPrecision","test_network_parameters","",""
"","12","test_has_new_assets[Test for Enjin Matrix]","tests","Thu Nov 13 09:07:12 UTC 2025","passed","Thu Nov 13 09:07:12 UTC 2025","TestAssets","test_check_new_assets","",""
"","172","test_rpc_method_is_available[Test for DENTNet, url: wss://rpc.dentnet.io/ws]","tests","Thu Nov 13 09:10:03 UTC 2025","passed","Thu Nov 13 09:10:03 UTC 2025","","test_rpc_methods_availability","",""
"","12","test_has_new_assets[Test for Altair]","tests","Thu Nov 13 09:06:13 UTC 2025","passed","Thu Nov 13 09:06:13 UTC 2025","TestAssets","test_check_new_assets","",""
"","1","test_address_prefix[Test for NeuroWeb]","tests","Thu Nov 13 09:06:23 UTC 2025","passed","Thu Nov 13 09:06:23 UTC 2025","TestNetworkPrefix","test_network_parameters","",""
"","0","test_can_create_connection[Test for Polkadot Relay, url: wss://rpc.ibp.network/polkadot]","tests","Thu Nov 13 09:06:13 UTC 2025","passed","Thu Nov 13 09:06:13 UTC 2025","","test_nodes_availability","",""
"","1","test_chainId[Test for Integritee Parachain]","tests","Thu Nov 13 09:06:34 UTC 2025","passed","Thu Nov 13 09:06:34 UTC 2025","TestChainId","test_network_parameters","",""
"","0","test_precision[Test for 3DPass]","tests","Thu Nov 13 09:06:51 UTC 2025","passed","Thu Nov 13 09:06:51 UTC 2025","TestPrecision","test_network_parameters","",""
"","1","test_can_create_connection[Test for Hyperbridge Nexus, url: wss://nexus.ibp.network]","tests","Thu Nov 13 09:09:33 UTC 2025","passed","Thu Nov 13 09:09:33 UTC 2025","","test_nodes_availability","",""
"","45","test_rpc_node_is_synced[Test for Shiden, url: wss://shiden.public.curie.radiumblock.co/ws]","tests","Thu Nov 13 09:06:58 UTC 2025","passed","Thu Nov 13 09:06:58 UTC 2025","","test_substrate_node_is_synced","",""
"","181","test_rpc_method_is_available[Test for Mythos, url: wss://mythos.ibp.network]","tests","Thu Nov 13 09:09:39 UTC 2025","passed","Thu Nov 13 09:09:40 UTC 2025","","test_rpc_methods_availability","",""
"","0","test_chainId[Test for CC Enterprise]","tests","Thu Nov 13 09:07:26 UTC 2025","passed","Thu Nov 13 09:07:26 UTC 2025","TestChainId","test_network_parameters","",""
"","0","test_can_create_connection[Test for Moonriver, url: wss://wss.api.moonriver.moonbeam.network]","tests","Thu Nov 13 09:06:38 UTC 2025","passed","Thu Nov 13 09:06:38 UTC 2025","","test_nodes_availability","",""
"","0","test_address_prefix[Test for Bifrost Kusama]","tests","Thu Nov 13 09:06:02 UTC 2025","passed","Thu Nov 13 09:06:02 UTC 2025","TestNetworkPrefix","test_network_parameters","",""
"","0","test_can_create_connection[Test for Kusama People, url: wss://kusama-people-rpc.polkadot.io]","tests","Thu Nov 13 09:06:20 UTC 2025","passed","Thu Nov 13 09:06:20 UTC 2025","","test_nodes_availability","",""
"","190","test_rpc_node_is_synced[Test for Polkadot Bridge Hub, url: wss://dot-rpc.stakeworld.io/bridgehub]","tests","Thu Nov 13 09:08:57 UTC 2025","passed","Thu Nov 13 09:08:57 UTC 2025","","test_substrate_node_is_synced","",""
"","0","test_chainId[Test for DAO IPCI]","tests","Thu Nov 13 09:06:39 UTC 2025","passed","Thu Nov 13 09:06:39 UTC 2025","TestChainId","test_network_parameters","",""
"","0","test_precision[Test for Crust Polkadot Parachain]","tests","Thu Nov 13 09:07:07 UTC 2025","passed","Thu Nov 13 09:07:07 UTC 2025","TestPrecision","test_network_parameters","",""
"","1","test_can_create_connection[Test for Moonbeam, url: wss://moonbeam.dotters.network]","tests","Thu Nov 13 09:06:28 UTC 2025","passed","Thu Nov 13 09:06:28 UTC 2025","","test_nodes_availability","",""
"","10","test_has_new_assets[Test for Humanode]","tests","Thu Nov 13 09:07:24 UTC 2025","passed","Thu Nov 13 09:07:24 UTC 2025","TestAssets","test_check_new_assets","",""
"","0","test_can_create_connection[Test for Polkadot Coretime, url: wss://rpc-coretime-polkadot.luckyfriday.io]","tests","Thu Nov 13 09:09:50 UTC 2025","passed","Thu Nov 13 09:09:50 UTC 2025","","test_nodes_availability","",""
"","150","test_rpc_node_is_synced[Test for Astar, url: wss://astar-rpc.n.dwellir.com]","tests","Thu Nov 13 09:07:08 UTC 2025","passed","Thu Nov 13 09:07:08 UTC 2025","","test_substrate_node_is_synced","",""
"","0","test_can_create_connection[Test for QUARTZ, url: wss://quartz.unique.network]","tests","Thu Nov 13 09:08:40 UTC 2025","passed","Thu Nov 13 09:08:40 UTC 2025","","test_nodes_availability","",""
"","0","test_chainId[Test for Enjin Matrix]","tests","Thu Nov 13 09:07:08 UTC 2025","passed","Thu Nov 13 09:07:08 UTC 2025","TestChainId","test_network_parameters","",""
"","0","test_can_create_connection[Test for Interlay, url: wss://rpc-interlay.luckyfriday.io/]","tests","Thu Nov 13 09:07:09 UTC 2025","passed","Thu Nov 13 09:07:09 UTC 2025","","test_nodes_availability","",""
"","166","test_rpc_method_is_available[Test for Phala, url: wss://phala.public.curie.radiumblock.co/ws]","tests","Thu Nov 13 09:07:54 UTC 2025","passed","Thu Nov 13 09:07:54 UTC 2025","","test_rpc_methods_availability","",""
"","249","test_has_new_assets[Test for Bifrost Kusama]","tests","Thu Nov 13 09:06:04 UTC 2025","passed","Thu Nov 13 09:06:04 UTC 2025","TestAssets","test_check_new_assets","",""
"","106","test_rpc_method_is_available[Test for UNIQUE, url: wss://unique.ibp.network]","tests","Thu Nov 13 09:08:23 UTC 2025","passed","Thu Nov 13 09:08:23 UTC 2025","","test_rpc_methods_availability","",""
"","1","test_can_create_connection[Test for Ajuna, url: wss://ajuna.dotters.network]","tests","Thu Nov 13 09:08:34 UTC 2025","passed","Thu Nov 13 09:08:34 UTC 2025","","test_nodes_availability","",""
"","0","test_precision[Test for Kusama Coretime]","tests","Thu Nov 13 09:08:29 UTC 2025","passed","Thu Nov 13 09:08:29 UTC 2025","TestPrecision","test_network_parameters","",""
"","102","test_rpc_method_is_available[Test for Hydration, url: wss://hydration.dotters.network]","tests","Thu Nov 13 09:07:12 UTC 2025","passed","Thu Nov 13 09:07:12 UTC 2025","","test_rpc_methods_availability","",""
"","1","test_can_create_connection[Test for Bifrost Kusama, url: wss://us.bifrost-rpc.liebi.com/ws]","tests","Thu Nov 13 09:08:18 UTC 2025","passed","Thu Nov 13 09:08:18 UTC 2025","","test_nodes_availability","",""
"","10","test_has_new_assets[Test for Acurast Canary]","tests","Thu Nov 13 09:07:16 UTC 2025","passed","Thu Nov 13 09:07:16 UTC 2025","TestAssets","test_check_new_assets","",""
"","0","test_precision[Test for Moonriver]","tests","Thu Nov 13 09:06:09 UTC 2025","passed","Thu Nov 13 09:06:09 UTC 2025","TestPrecision","test_network_parameters","",""
"","141","test_rpc_method_is_available[Test for Creditcoin, url: wss://mainnet3.creditcoin.network]","tests","Thu Nov 13 09:10:00 UTC 2025","passed","Thu Nov 13 09:10:00 UTC 2025","","test_rpc_methods_availability","",""
"","1","test_can_create_connection[Test for Centrifuge Parachain, url: wss://fullnode.centrifuge.io]","tests","Thu Nov 13 09:08:08 UTC 2025","passed","Thu Nov 13 09:08:08 UTC 2025","","test_nodes_availability","",""
"","0","test_precision[Test for Westend (TESTNET)]","tests","Thu Nov 13 09:06:10 UTC 2025","passed","Thu Nov 13 09:06:10 UTC 2025","TestPrecision","test_network_parameters","",""
"","0","test_chainId[Test for Xode]","tests","Thu Nov 13 09:08:07 UTC 2025","broken","Thu Nov 13 09:08:07 UTC 2025","TestChainId","test_network_parameters","",""
"","55","test_rpc_node_is_synced[Test for Nodle Parachain, url: wss://nodle-parachain.api.onfinality.io/public-ws]","tests","Thu Nov 13 09:07:08 UTC 2025","passed","Thu Nov 13 09:07:08 UTC 2025","","test_substrate_node_is_synced","",""
"","1","test_chainId[Test for Altair]","tests","Thu Nov 13 09:06:10 UTC 2025","passed","Thu Nov 13 09:06:10 UTC 2025","TestChainId","test_network_parameters","",""
"","0","test_can_create_connection[Test for Polkadot Coretime, url: wss://polkadot-coretime-rpc.polkadot.io]","tests","Thu Nov 13 09:09:51 UTC 2025","passed","Thu Nov 13 09:09:51 UTC 2025","","test_nodes_availability","",""
"","5","test_has_new_assets[Test for Tangle]","tests","Thu Nov 13 09:07:37 UTC 2025","passed","Thu Nov 13 09:07:37 UTC 2025","TestAssets","test_check_new_assets","",""
"","10","test_has_new_assets[Test for Polkadot Bridge Hub]","tests","Thu Nov 13 09:06:58 UTC 2025","passed","Thu Nov 13 09:06:58 UTC 2025","TestAssets","test_check_new_assets","",""
"","222","test_rpc_node_is_synced[Test for Ethereum, url: https://1rpc.io/eth]","tests","Thu Nov 13 09:06:12 UTC 2025","broken","Thu Nov 13 09:06:12 UTC 2025","TestETHNodesAvailability","test_eth_nodes_availability","",""
"","0","test_chainId[Test for Kintsugi]","tests","Thu Nov 13 09:06:18 UTC 2025","passed","Thu Nov 13 09:06:18 UTC 2025","TestChainId","test_network_parameters","",""
"","167","test_rpc_node_is_synced[Test for Polkadot Relay, url: wss://rpc-polkadot-2.novasama-tech.org]","tests","Thu Nov 13 09:06:04 UTC 2025","passed","Thu Nov 13 09:06:04 UTC 2025","","test_substrate_node_is_synced","",""
"","0","test_can_create_connection[Test for Humanode, url: wss://explorer-rpc-ws.mainnet.stages.humanode.io]","tests","Thu Nov 13 09:09:44 UTC 2025","passed","Thu Nov 13 09:09:44 UTC 2025","","test_nodes_availability","",""
"","0","test_address_prefix[Test for Interlay]","tests","Thu Nov 13 09:06:20 UTC 2025","passed","Thu Nov 13 09:06:20 UTC 2025","TestNetworkPrefix","test_network_parameters","",""
"","52","test_rpc_node_is_synced[Test for UNIQUE, url: wss://unique.dotters.network]","tests","Thu Nov 13 09:08:04 UTC 2025","passed","Thu Nov 13 09:08:04 UTC 2025","","test_substrate_node_is_synced","",""
"","18","test_rpc_node_is_synced[Test for Polkadot Coretime, url: wss://sys.ibp.network/coretime-polkadot]","tests","Thu Nov 13 09:09:51 UTC 2025","passed","Thu Nov 13 09:09:51 UTC 2025","","test_substrate_node_is_synced","",""
"","151","test_rpc_node_is_synced[Test for Kusama Coretime, url: wss://kusama-coretime-rpc.polkadot.io]","tests","Thu Nov 13 09:09:59 UTC 2025","passed","Thu Nov 13 09:09:59 UTC 2025","","test_substrate_node_is_synced","",""
"","0","test_can_create_connection[Test for Polkadot Bridge Hub, url: wss://bridge-hub-polkadot.dotters.network]","tests","Thu Nov 13 09:08:59 UTC 2025","passed","Thu Nov 13 09:08:59 UTC 2025","","test_nodes_availability","",""
"","53","test_rpc_node_is_synced[Test for Westend (TESTNET), url: wss://westend.public.curie.radiumblock.co/ws]","tests","Thu Nov 13 09:06:44 UTC 2025","passed","Thu Nov 13 09:06:44 UTC 2025","","test_substrate_node_is_synced","",""
"","9","test_has_new_assets[Test for Hyperbridge Nexus]","tests","Thu Nov 13 09:07:17 UTC 2025","passed","Thu Nov 13 09:07:17 UTC 2025","TestAssets","test_check_new_assets","",""
"","1","test_can_create_connection[Test for Kusama People, url: wss://ksm-rpc.stakeworld.io/people]","tests","Thu Nov 13 09:06:29 UTC 2025","passed","Thu Nov 13 09:06:29 UTC 2025","","test_nodes_availability","",""
"","0","test_chainId[Test for Mythos]","tests","Thu Nov 13 09:07:13 UTC 2025","passed","Thu Nov 13 09:07:13 UTC 2025","TestChainId","test_network_parameters","",""
"","0","test_can_create_connection[Test for Kusama Relay, url: wss://rpc.ibp.network/kusama]","tests","Thu Nov 13 09:06:07 UTC 2025","passed","Thu Nov 13 09:06:07 UTC 2025","","test_nodes_availability","",""
"","136","test_rpc_method_is_available[Test for krest, url: wss://wss-krest.peaq.network/]","tests","Thu Nov 13 09:09:22 UTC 2025","passed","Thu Nov 13 09:09:22 UTC 2025","","test_rpc_methods_availability","",""
"","0","test_chainId[Test for Centrifuge Parachain]","tests","Thu Nov 13 09:06:40 UTC 2025","passed","Thu Nov 13 09:06:40 UTC 2025","TestChainId","test_network_parameters","",""
"","127","test_rpc_node_is_synced[Test for Aventus, url: wss://public-rpc.mainnet.aventus.io]","tests","Thu Nov 13 09:08:39 UTC 2025","passed","Thu Nov 13 09:08:40 UTC 2025","","test_substrate_node_is_synced","",""
"","0","test_can_create_connection[Test for Shiden, url: wss://rpc.shiden.astar.network]","tests","Thu Nov 13 09:07:06 UTC 2025","passed","Thu Nov 13 09:07:06 UTC 2025","","test_nodes_availability","",""
"","18","test_rpc_node_is_synced[Test for Kusama People, url: wss://people-kusama.dotters.network]","tests","Thu Nov 13 09:06:24 UTC 2025","passed","Thu Nov 13 09:06:24 UTC 2025","","test_substrate_node_is_synced","",""
"","94","test_rpc_method_is_available[Test for Polkadot Collectives, url: wss://collectives-polkadot.dotters.network]","tests","Thu Nov 13 09:09:17 UTC 2025","passed","Thu Nov 13 09:09:17 UTC 2025","","test_rpc_methods_availability","",""
"","29","test_rpc_node_is_synced[Test for Polkadot Collectives, url: wss://collectives-polkadot.dotters.network]","tests","Thu Nov 13 09:08:58 UTC 2025","passed","Thu Nov 13 09:08:58 UTC 2025","","test_substrate_node_is_synced","",""
"","98","test_rpc_method_is_available[Test for Integritee Parachain, url: wss://kusama.api.integritee.network]","tests","Thu Nov 13 09:07:52 UTC 2025","passed","Thu Nov 13 09:07:52 UTC 2025","","test_rpc_methods_availability","",""
"","5","test_has_new_assets[Test for Mythos]","tests","Thu Nov 13 09:07:14 UTC 2025","passed","Thu Nov 13 09:07:14 UTC 2025","TestAssets","test_check_new_assets","",""
"","0","test_address_prefix[Test for Astar]","tests","Thu Nov 13 09:06:02 UTC 2025","passed","Thu Nov 13 09:06:02 UTC 2025","TestNetworkPrefix","test_network_parameters","",""
"","147","test_rpc_node_is_synced[Test for Encointer, url: wss://api.kusama.encointer.org]","tests","Thu Nov 13 09:06:50 UTC 2025","passed","Thu Nov 13 09:06:50 UTC 2025","","test_substrate_node_is_synced","",""
"","0","test_rpc_node_is_synced[Test for Bifrost Kusama, url: wss://bifrost-rpc.liebi.com/ws]","tests","Thu Nov 13 09:07:42 UTC 2025","broken","Thu Nov 13 09:07:42 UTC 2025","","test_substrate_node_is_synced","",""
"","0","test_can_create_connection[Test for Polkadot Relay, url: wss://apps-rpc.polkadot.io]","tests","Thu Nov 13 09:06:24 UTC 2025","passed","Thu Nov 13 09:06:24 UTC 2025","","test_nodes_availability","",""
"","102","test_rpc_method_is_available[Test for Ajuna, url: wss://ajuna.ibp.network]","tests","Thu Nov 13 09:08:53 UTC 2025","passed","Thu Nov 13 09:08:53 UTC 2025","","test_rpc_methods_availability","",""
"","186","test_rpc_node_is_synced[Test for Westend (TESTNET), url: wss://westend-rpc.polkadot.io]","tests","Thu Nov 13 09:06:37 UTC 2025","passed","Thu Nov 13 09:06:38 UTC 2025","","test_substrate_node_is_synced","",""
"","0","test_can_create_connection[Test for Bifrost Polkadot, url: wss://hk.p.bifrost-rpc.liebi.com/ws]","tests","Thu Nov 13 09:08:40 UTC 2025","broken","Thu Nov 13 09:08:40 UTC 2025","","test_nodes_availability","",""
"","161","test_rpc_node_is_synced[Test for QUARTZ, url: wss://eu-ws-quartz.unique.network]","tests","Thu Nov 13 09:08:37 UTC 2025","passed","Thu Nov 13 09:08:37 UTC 2025","","test_substrate_node_is_synced","",""
"","10","test_has_new_assets[Test for Hydration]","tests","Thu Nov 13 09:06:51 UTC 2025","passed","Thu Nov 13 09:06:51 UTC 2025","TestAssets","test_check_new_assets","",""
"","0","test_can_create_connection[Test for Kusama Asset Hub, url: wss://asset-hub-kusama.dotters.network]","tests","Thu Nov 13 09:06:02 UTC 2025","passed","Thu Nov 13 09:06:02 UTC 2025","","test_nodes_availability","",""
"","157","test_rpc_method_is_available[Test for Acala, url: wss://acala-rpc-1.aca-api.network]","tests","Thu Nov 13 09:07:03 UTC 2025","passed","Thu Nov 13 09:07:03 UTC 2025","","test_rpc_methods_availability","",""
"","0","test_chainId[Test for Creditcoin]","tests","Thu Nov 13 09:07:24 UTC 2025","passed","Thu Nov 13 09:07:24 UTC 2025","TestChainId","test_network_parameters","",""
"","171","test_rpc_method_is_available[Test for Polkadot Relay, url: wss://polkadot.public.curie.radiumblock.co/ws]","tests","Thu Nov 13 09:06:38 UTC 2025","passed","Thu Nov 13 09:06:38 UTC 2025","","test_rpc_methods_availability","",""
"","1","test_precision[Test for Amplitude]","tests","Thu Nov 13 09:06:42 UTC 2025","passed","Thu Nov 13 09:06:42 UTC 2025","TestPrecision","test_network_parameters","",""
"","0","test_precision[Test for Robonomics]","tests","Thu Nov 13 09:06:13 UTC 2025","passed","Thu Nov 13 09:06:13 UTC 2025","TestPrecision","test_network_parameters","",""
"","0","test_address_prefix[Test for 3DPass]","tests","Thu Nov 13 09:06:52 UTC 2025","passed","Thu Nov 13 09:06:52 UTC 2025","TestNetworkPrefix","test_network_parameters","",""
"","154","test_rpc_node_is_synced[Test for Phala, url: wss://phala-rpc.n.dwellir.com]","tests","Thu Nov 13 09:07:13 UTC 2025","passed","Thu Nov 13 09:07:13 UTC 2025","","test_substrate_node_is_synced","",""
"","0","test_address_prefix[Test for Basilisk]","tests","Thu Nov 13 09:06:07 UTC 2025","passed","Thu Nov 13 09:06:07 UTC 2025","TestNetworkPrefix","test_network_parameters","",""
"","11","test_has_new_assets[Test for Amplitude]","tests","Thu Nov 13 09:06:47 UTC 2025","passed","Thu Nov 13 09:06:47 UTC 2025","TestAssets","test_check_new_assets","",""
"","1","test_can_create_connection[Test for Polkadot Collectives, url: wss://collectives.public.curie.radiumblock.co/ws]","tests","Thu Nov 13 09:09:21 UTC 2025","passed","Thu Nov 13 09:09:21 UTC 2025","","test_nodes_availability","",""
"","73","test_rpc_node_is_synced[Test for Polkadot People, url: wss://rpc-people-polkadot.luckyfriday.io]","tests","Thu Nov 13 09:06:11 UTC 2025","passed","Thu Nov 13 09:06:11 UTC 2025","","test_substrate_node_is_synced","",""
"","102","test_rpc_method_is_available[Test for Robonomics, url: wss://kusama.rpc.robonomics.network/]","tests","Thu Nov 13 09:08:02 UTC 2025","passed","Thu Nov 13 09:08:02 UTC 2025","","test_rpc_methods_availability","",""
"","0","test_can_create_connection[Test for XX network, url: wss://rpc-hetzner.xx.network]","tests","Thu Nov 13 09:08:43 UTC 2025","passed","Thu Nov 13 09:08:43 UTC 2025","","test_nodes_availability","",""
"","54","test_rpc_node_is_synced[Test for Bifrost Polkadot, url: wss://bifrost-polkadot.ibp.network]","tests","Thu Nov 13 09:07:49 UTC 2025","passed","Thu Nov 13 09:07:49 UTC 2025","","test_substrate_node_is_synced","",""
"","0","test_precision[Test for Altair]","tests","Thu Nov 13 09:06:11 UTC 2025","passed","Thu Nov 13 09:06:11 UTC 2025","TestPrecision","test_network_parameters","",""
"","0","test_can_create_connection[Test for DeepBrain, url: wss://info.dbcwallet.io]","tests","Thu Nov 13 09:09:48 UTC 2025","passed","Thu Nov 13 09:09:48 UTC 2025","","test_nodes_availability","",""
"","46","test_rpc_node_is_synced[Test for Kusama Relay, url: wss://kusama.public.curie.radiumblock.co/ws]","tests","Thu Nov 13 09:06:31 UTC 2025","passed","Thu Nov 13 09:06:31 UTC 2025","","test_substrate_node_is_synced","",""
"","18","test_rpc_node_is_synced[Test for Encointer, url: wss://encointer-kusama.dotters.network]","tests","Thu Nov 13 09:06:46 UTC 2025","passed","Thu Nov 13 09:06:46 UTC 2025","","test_substrate_node_is_synced","",""
"","0","test_can_create_connection[Test for Bifrost Polkadot, url: wss://bifrost-polkadot.ibp.network]","tests","Thu Nov 13 09:07:49 UTC 2025","passed","Thu Nov 13 09:07:49 UTC 2025","","test_nodes_availability","",""
"","1","test_precision[Test for KILT]","tests","Thu Nov 13 09:06:14 UTC 2025","passed","Thu Nov 13 09:06:14 UTC 2025","TestPrecision","test_network_parameters","",""
"","1","test_can_create_connection[Test for Crust Polkadot Parachain, url: wss://crust-parachain.crustapps.net]","tests","Thu Nov 13 09:08:50 UTC 2025","passed","Thu Nov 13 09:08:50 UTC 2025","","test_nodes_availability","",""
"","79","test_rpc_node_is_synced[Test for Hydration, url: wss://rpc.hydradx.cloud]","tests","Thu Nov 13 09:08:22 UTC 2025","passed","Thu Nov 13 09:08:23 UTC 2025","","test_substrate_node_is_synced","",""
"","11","test_has_new_assets[Test for DAO IPCI]","tests","Thu Nov 13 09:06:35 UTC 2025","passed","Thu Nov 13 09:06:35 UTC 2025","TestAssets","test_check_new_assets","",""
"","1","test_address_prefix[Test for Crab]","tests","Thu Nov 13 09:06:57 UTC 2025","passed","Thu Nov 13 09:06:57 UTC 2025","TestNetworkPrefix","test_network_parameters","",""
"","48","test_rpc_node_is_synced[Test for Polkadot Relay, url: wss://polkadot.public.curie.radiumblock.co/ws]","tests","Thu Nov 13 09:06:29 UTC 2025","passed","Thu Nov 13 09:06:29 UTC 2025","","test_substrate_node_is_synced","",""
"","197","test_rpc_node_is_synced[Test for XX network, url: wss://rpc.xx.network]","tests","Thu Nov 13 09:08:23 UTC 2025","passed","Thu Nov 13 09:08:24 UTC 2025","","test_substrate_node_is_synced","",""
"","0","test_can_create_connection[Test for Kusama Relay, url: wss://rpc-kusama-2.novasama-tech.org]","tests","Thu Nov 13 09:06:02 UTC 2025","passed","Thu Nov 13 09:06:02 UTC 2025","","test_nodes_availability","",""
"","1","test_can_create_connection[Test for Kreivo, url: wss://kreivo.kippu.rocks/]","tests","Thu Nov 13 09:09:35 UTC 2025","passed","Thu Nov 13 09:09:35 UTC 2025","","test_nodes_availability","",""
"","228","test_rpc_node_is_synced[Test for Ethereum, url: https://ethereum-rpc.publicnode.com]","tests","Thu Nov 13 09:06:12 UTC 2025","broken","Thu Nov 13 09:06:12 UTC 2025","TestETHNodesAvailability","test_eth_nodes_availability","",""
"","0","test_chainId[Test for Kusama Relay]","tests","Thu Nov 13 09:06:10 UTC 2025","passed","Thu Nov 13 09:06:10 UTC 2025","TestChainId","test_network_parameters","",""
"","11","test_has_new_assets[Test for DeepBrain]","tests","Thu Nov 13 09:07:29 UTC 2025","passed","Thu Nov 13 09:07:29 UTC 2025","TestAssets","test_check_new_assets","",""
"","0","test_can_create_connection[Test for Amplitude, url: wss://rpc-amplitude.pendulumchain.tech]","tests","Thu Nov 13 09:08:03 UTC 2025","passed","Thu Nov 13 09:08:03 UTC 2025","","test_nodes_availability","",""
"","134","test_rpc_method_is_available[Test for Acala, url: wss://acala-rpc-0.aca-api.network]","tests","Thu Nov 13 09:06:58 UTC 2025","passed","Thu Nov 13 09:06:58 UTC 2025","","test_rpc_methods_availability","",""
"","103","test_rpc_method_is_available[Test for Hyperbridge Nexus, url: wss://nexus.ibp.network]","tests","Thu Nov 13 09:09:50 UTC 2025","passed","Thu Nov 13 09:09:50 UTC 2025","","test_rpc_methods_availability","",""
"","1","test_can_create_connection[Test for Crab, url: wss://crab-rpc.darwinia.network/]","tests","Thu Nov 13 09:08:54 UTC 2025","passed","Thu Nov 13 09:08:54 UTC 2025","","test_nodes_availability","",""
"","95","test_rpc_method_is_available[Test for Tangle, url: wss://rpc.tangle.tools]","tests","Thu Nov 13 09:10:21 UTC 2025","passed","Thu Nov 13 09:10:21 UTC 2025","","test_rpc_methods_availability","",""
"","102","test_rpc_method_is_available[Test for Astar, url: wss://astar-rpc.n.dwellir.com]","tests","Thu Nov 13 09:07:31 UTC 2025","passed","Thu Nov 13 09:07:31 UTC 2025","","test_rpc_methods_availability","",""
"","153","test_rpc_node_is_synced[Test for Polkadot Coretime, url: wss://polkadot-coretime-rpc.polkadot.io]","tests","Thu Nov 13 09:10:45 UTC 2025","passed","Thu Nov 13 09:10:45 UTC 2025","","test_substrate_node_is_synced","",""
"","4","test_has_new_assets[Test for Phala]","tests","Thu Nov 13 09:06:31 UTC 2025","passed","Thu Nov 13 09:06:31 UTC 2025","TestAssets","test_check_new_assets","",""
"","0","test_can_create_connection[Test for Karura, url: wss://karura-rpc-1.aca-api.network]","tests","Thu Nov 13 09:06:03 UTC 2025","passed","Thu Nov 13 09:06:03 UTC 2025","","test_nodes_availability","",""
"","10","test_has_new_assets[Test for Bifrost Polkadot]","tests","Thu Nov 13 09:06:30 UTC 2025","passed","Thu Nov 13 09:06:30 UTC 2025","TestAssets","test_check_new_assets","",""
"","0","test_can_create_connection[Test for Bifrost Polkadot, url: wss://eu.bifrost-polkadot-rpc.liebi.com/ws]","tests","Thu Nov 13 09:09:03 UTC 2025","passed","Thu Nov 13 09:09:03 UTC 2025","","test_nodes_availability","",""
"","7","test_has_new_assets[Test for Astar]","tests","Thu Nov 13 09:06:04 UTC 2025","passed","Thu Nov 13 09:06:04 UTC 2025","TestAssets","test_check_new_assets","",""
"","97","test_rpc_method_is_available[Test for Polkadot Bridge Hub, url: wss://sys.ibp.network/bridgehub-polkadot]","tests","Thu Nov 13 09:09:11 UTC 2025","passed","Thu Nov 13 09:09:11 UTC 2025","","test_rpc_methods_availability","",""
"","286","test_rpc_node_is_synced[Test for Acala, url: wss://acala-rpc-1.aca-api.network]","tests","Thu Nov 13 09:06:45 UTC 2025","passed","Thu Nov 13 09:06:45 UTC 2025","","test_substrate_node_is_synced","",""
"","1","test_can_create_connection[Test for QUARTZ, url: wss://us-ws-quartz.unique.network]","tests","Thu Nov 13 09:08:48 UTC 2025","passed","Thu Nov 13 09:08:48 UTC 2025","","test_nodes_availability","",""
"","152","test_rpc_node_is_synced[Test for Polkadot Relay, url: wss://apps-rpc.polkadot.io]","tests","Thu Nov 13 09:06:16 UTC 2025","passed","Thu Nov 13 09:06:16 UTC 2025","","test_substrate_node_is_synced","",""
"","0","test_can_create_connection[Test for Polkadot Asset Hub, url: wss://asset-hub-polkadot.dotters.network]","tests","Thu Nov 13 09:07:31 UTC 2025","passed","Thu Nov 13 09:07:31 UTC 2025","","test_nodes_availability","",""
"","0","test_address_prefix[Test for Phala]","tests","Thu Nov 13 09:06:30 UTC 2025","passed","Thu Nov 13 09:06:30 UTC 2025","TestNetworkPrefix","test_network_parameters","",""
"","5","test_has_new_assets[Test for Pendulum]","tests","Thu Nov 13 09:06:44 UTC 2025","passed","Thu Nov 13 09:06:44 UTC 2025","TestAssets","test_check_new_assets","",""
"","105","test_rpc_method_is_available[Test for Bifrost Kusama, url: wss://us.bifrost-rpc.liebi.com/ws]","tests","Thu Nov 13 09:08:10 UTC 2025","passed","Thu Nov 13 09:08:10 UTC 2025","","test_rpc_methods_availability","",""
"","12","test_has_new_assets[Test for Ternoa]","tests","Thu Nov 13 09:06:26 UTC 2025","passed","Thu Nov 13 09:06:26 UTC 2025","TestAssets","test_check_new_assets","",""
"","0","test_precision[Test for Basilisk]","tests","Thu Nov 13 09:06:07 UTC 2025","passed","Thu Nov 13 09:06:07 UTC 2025","TestPrecision","test_network_parameters","",""
"","174","test_rpc_node_is_synced[Test for Polkadot Relay, url: wss://rpc-polkadot-1.novasama-tech.org]","tests","Thu Nov 13 09:05:58 UTC 2025","passed","Thu Nov 13 09:05:59 UTC 2025","","test_substrate_node_is_synced","",""
"","176","test_rpc_method_is_available[Test for Kusama Relay, url: wss://rpc-kusama-1.novasama-tech.org]","tests","Thu Nov 13 09:06:56 UTC 2025","passed","Thu Nov 13 09:06:56 UTC 2025","","test_rpc_methods_availability","",""
"","0","test_can_create_connection[Test for Laos, url: wss://rpc.laos.laosfoundation.io]","tests","Thu Nov 13 09:09:42 UTC 2025","passed","Thu Nov 13 09:09:42 UTC 2025","","test_nodes_availability","",""
"","155","test_rpc_node_is_synced[Test for Heima, url: wss://rpc.litentry-parachain.litentry.io]","tests","Thu Nov 13 09:09:14 UTC 2025","passed","Thu Nov 13 09:09:15 UTC 2025","","test_substrate_node_is_synced","",""
"","0","test_can_create_connection[Test for Kusama Relay, url: wss://rpc-kusama-1.novasama-tech.org]","tests","Thu Nov 13 09:06:50 UTC 2025","passed","Thu Nov 13 09:06:50 UTC 2025","","test_nodes_availability","",""
"","160","test_rpc_method_is_available[Test for Shiden, url: wss://rpc.shiden.astar.network]","tests","Thu Nov 13 09:06:55 UTC 2025","passed","Thu Nov 13 09:06:55 UTC 2025","","test_rpc_methods_availability","",""
"","0","test_can_create_connection[Test for Nodle Parachain, url: wss://nodle-parachain.api.onfinality.io/public-ws]","tests","Thu Nov 13 09:07:11 UTC 2025","passed","Thu Nov 13 09:07:11 UTC 2025","","test_nodes_availability","",""
"","165","test_rpc_node_is_synced[Test for Karura, url: wss://karura-rpc-0.aca-api.network]","tests","Thu Nov 13 09:05:57 UTC 2025","passed","Thu Nov 13 09:05:57 UTC 2025","","test_substrate_node_is_synced","",""
"","185","test_rpc_node_is_synced[Test for XX network, url: wss://rpc-hetzner.xx.network]","tests","Thu Nov 13 09:08:30 UTC 2025","passed","Thu Nov 13 09:08:30 UTC 2025","","test_substrate_node_is_synced","",""
"","98","test_rpc_method_is_available[Test for Vara, url: wss://rpc.vara-network.io]","tests","Thu Nov 13 09:09:03 UTC 2025","passed","Thu Nov 13 09:09:03 UTC 2025","","test_rpc_methods_availability","",""
"","0","test_chainId[Test for Karura]","tests","Thu Nov 13 09:06:00 UTC 2025","passed","Thu Nov 13 09:06:00 UTC 2025","TestChainId","test_network_parameters","",""
"","143","test_rpc_method_is_available[Test for Ajuna, url: wss://rpc-para.ajuna.network]","tests","Thu Nov 13 09:08:56 UTC 2025","passed","Thu Nov 13 09:08:57 UTC 2025","","test_rpc_methods_availability","",""
"","0","test_address_prefix[Test for Polymesh]","tests","Thu Nov 13 09:06:30 UTC 2025","passed","Thu Nov 13 09:06:30 UTC 2025","TestNetworkPrefix","test_network_parameters","",""
"","55","test_rpc_node_is_synced[Test for UNIQUE, url: wss://unique.ibp.network]","tests","Thu Nov 13 09:08:00 UTC 2025","passed","Thu Nov 13 09:08:00 UTC 2025","","test_substrate_node_is_synced","",""
"","9","test_has_new_assets[Test for Zeitgeist]","tests","Thu Nov 13 09:06:27 UTC 2025","passed","Thu Nov 13 09:06:27 UTC 2025","TestAssets","test_check_new_assets","",""
"","0","test_address_prefix[Test for Kusama Bridge Hub]","tests","Thu Nov 13 09:06:56 UTC 2025","passed","Thu Nov 13 09:06:56 UTC 2025","TestNetworkPrefix","test_network_parameters","",""
"","164","test_rpc_node_is_synced[Test for krest, url: wss://wss-krest.peaq.network/]","tests","Thu Nov 13 09:08:59 UTC 2025","passed","Thu Nov 13 09:08:59 UTC 2025","","test_substrate_node_is_synced","",""
"","95","test_rpc_method_is_available[Test for Centrifuge Parachain, url: wss://rpc-centrifuge.luckyfriday.io]","tests","Thu Nov 13 09:08:03 UTC 2025","passed","Thu Nov 13 09:08:03 UTC 2025","","test_rpc_methods_availability","",""
"","0","test_precision[Test for Astar]","tests","Thu Nov 13 09:06:02 UTC 2025","passed","Thu Nov 13 09:06:02 UTC 2025","TestPrecision","test_network_parameters","",""
"","11","test_has_new_assets[Test for Crab]","tests","Thu Nov 13 09:06:55 UTC 2025","passed","Thu Nov 13 09:06:55 UTC 2025","TestAssets","test_check_new_assets","",""
"","0","test_chainId[Test for UNIQUE]","tests","Thu Nov 13 09:06:37 UTC 2025","passed","Thu Nov 13 09:06:37 UTC 2025","TestChainId","test_network_parameters","",""
"","0","test_rpc_method_is_available[Test for Phala, url: wss://rpc.helikon.io/phala]","tests","Thu Nov 13 09:07:43 UTC 2025","broken","Thu Nov 13 09:07:43 UTC 2025","","test_rpc_methods_availability","",""
"","76","test_rpc_node_is_synced[Test for Polkadot Coretime, url: wss://rpc-coretime-polkadot.luckyfriday.io]","tests","Thu Nov 13 09:09:53 UTC 2025","passed","Thu Nov 13 09:09:53 UTC 2025","","test_substrate_node_is_synced","",""
"","106","test_rpc_method_is_available[Test for Polkadot Coretime, url: wss://polkadot-coretime-rpc.polkadot.io]","tests","Thu Nov 13 09:10:15 UTC 2025","passed","Thu Nov 13 09:10:15 UTC 2025","","test_rpc_methods_availability","",""
"","0","test_chainId[Test for JAMTON]","tests","Thu Nov 13 09:07:38 UTC 2025","passed","Thu Nov 13 09:07:38 UTC 2025","TestChainId","test_network_parameters","",""
"","0","test_precision[Test for Ajuna]","tests","Thu Nov 13 09:06:46 UTC 2025","passed","Thu Nov 13 09:06:46 UTC 2025","TestPrecision","test_network_parameters","",""
"","0","test_chainId[Test for Cere]","tests","Thu Nov 13 09:07:22 UTC 2025","passed","Thu Nov 13 09:07:22 UTC 2025","TestChainId","test_network_parameters","",""
"","0","test_chainId[Test for Kusama Bridge Hub]","tests","Thu Nov 13 09:07:01 UTC 2025","passed","Thu Nov 13 09:07:01 UTC 2025","TestChainId","test_network_parameters","",""
"","6","test_has_new_assets[Test for Kusama Coretime]","tests","Thu Nov 13 09:07:31 UTC 2025","passed","Thu Nov 13 09:07:31 UTC 2025","TestAssets","test_check_new_assets","",""
"","78","test_rpc_node_is_synced[Test for Moonbeam, url: wss://wss.api.moonbeam.network]","tests","Thu Nov 13 09:06:18 UTC 2025","passed","Thu Nov 13 09:06:18 UTC 2025","","test_substrate_node_is_synced","",""
"","7","test_has_new_assets[Test for Heima]","tests","Thu Nov 13 09:06:36 UTC 2025","passed","Thu Nov 13 09:06:36 UTC 2025","TestAssets","test_check_new_assets","",""
"","74","test_rpc_node_is_synced[Test for UNIQUE, url: wss://us-ws.unique.network/]","tests","Thu Nov 13 09:07:49 UTC 2025","passed","Thu Nov 13 09:07:49 UTC 2025","","test_substrate_node_is_synced","",""
"","0","test_can_create_connection[Test for GIANT, url: wss://rpc-anchor-2-mainnet-az-ue1.giantprotocol.org:443]","tests","Thu Nov 13 09:08:58 UTC 2025","passed","Thu Nov 13 09:08:58 UTC 2025","","test_nodes_availability","",""
"","11","test_has_new_assets[Test for Crust Shadow]","tests","Thu Nov 13 09:06:35 UTC 2025","passed","Thu Nov 13 09:06:35 UTC 2025","TestAssets","test_check_new_assets","",""
"","0","test_can_create_connection[Test for Hydration, url: wss://hydration.dotters.network]","tests","Thu Nov 13 09:07:01 UTC 2025","passed","Thu Nov 13 09:07:01 UTC 2025","","test_nodes_availability","",""
"","200","test_rpc_node_is_synced[Test for Kusama Relay, url: wss://rpc-kusama-1.novasama-tech.org]","tests","Thu Nov 13 09:06:43 UTC 2025","passed","Thu Nov 13 09:06:43 UTC 2025","","test_substrate_node_is_synced","",""
"","19","test_rpc_node_is_synced[Test for Kusama Bridge Hub, url: wss://sys.ibp.network/bridgehub-kusama]","tests","Thu Nov 13 09:09:00 UTC 2025","passed","Thu Nov 13 09:09:00 UTC 2025","","test_substrate_node_is_synced","",""
"","0","test_chainId[Test for Enjin Relay]","tests","Thu Nov 13 09:07:16 UTC 2025","passed","Thu Nov 13 09:07:16 UTC 2025","TestChainId","test_network_parameters","",""
"","1","test_can_create_connection[Test for Karura, url: wss://karura-rpc-0.aca-api.network]","tests","Thu Nov 13 09:06:00 UTC 2025","passed","Thu Nov 13 09:06:00 UTC 2025","","test_nodes_availability","",""
"","103","test_rpc_method_is_available[Test for Tanssi, url: wss://services.tanssi-mainnet.network/tanssi]","tests","Thu Nov 13 09:10:27 UTC 2025","passed","Thu Nov 13 09:10:27 UTC 2025","","test_rpc_methods_availability","",""
"","0","test_chainId[Test for Nodle Parachain]","tests","Thu Nov 13 09:06:28 UTC 2025","passed","Thu Nov 13 09:06:28 UTC 2025","TestChainId","test_network_parameters","",""
"","157","test_rpc_method_is_available[Test for Kreivo, url: wss://kreivo.kippu.rocks/]","tests","Thu Nov 13 09:09:54 UTC 2025","passed","Thu Nov 13 09:09:55 UTC 2025","","test_rpc_methods_availability","",""
"","0","test_can_create_connection[Test for Creditcoin, url: wss://mainnet3.creditcoin.network]","tests","Thu Nov 13 09:09:39 UTC 2025","passed","Thu Nov 13 09:09:39 UTC 2025","","test_nodes_availability","",""
"","1","test_address_prefix[Test for Encointer]","tests","Thu Nov 13 09:06:16 UTC 2025","passed","Thu Nov 13 09:06:16 UTC 2025","TestNetworkPrefix","test_network_parameters","",""
"","184","test_rpc_method_is_available[Test for Polkadot Relay, url: wss://rpc-polkadot-2.novasama-tech.org]","tests","Thu Nov 13 09:06:09 UTC 2025","passed","Thu Nov 13 09:06:09 UTC 2025","","test_rpc_methods_availability","",""
"","100","test_rpc_method_is_available[Test for Manta Atlantic, url: wss://ws.manta.systems]","tests","Thu Nov 13 09:09:34 UTC 2025","passed","Thu Nov 13 09:09:34 UTC 2025","","test_rpc_methods_availability","",""
"","0","test_precision[Test for Aventus]","tests","Thu Nov 13 09:07:13 UTC 2025","passed","Thu Nov 13 09:07:13 UTC 2025","TestPrecision","test_network_parameters","",""
"","166","test_rpc_node_is_synced[Test for 3DPass, url: wss://rpc.3dpass.org]","tests","Thu Nov 13 09:08:34 UTC 2025","passed","Thu Nov 13 09:08:34 UTC 2025","","test_substrate_node_is_synced","",""
"","19","test_rpc_node_is_synced[Test for Polkadot Asset Hub, url: wss://sys.ibp.network/asset-hub-polkadot]","tests","Thu Nov 13 09:07:25 UTC 2025","passed","Thu Nov 13 09:07:25 UTC 2025","","test_substrate_node_is_synced","",""
"","12","test_has_new_assets[Test for Avail]","tests","Thu Nov 13 09:07:20 UTC 2025","passed","Thu Nov 13 09:07:20 UTC 2025","TestAssets","test_check_new_assets","",""
"","0","test_can_create_connection[Test for Phala, url: wss://rpc.helikon.io/phala]","tests","Thu Nov 13 09:07:28 UTC 2025","broken","Thu Nov 13 09:07:28 UTC 2025","","test_nodes_availability","",""
"","8","test_has_new_assets[Test for GIANT]","tests","Thu Nov 13 09:06:55 UTC 2025","passed","Thu Nov 13 09:06:55 UTC 2025","TestAssets","test_check_new_assets","",""
"","0","test_precision[Test for Phala]","tests","Thu Nov 13 09:06:30 UTC 2025","passed","Thu Nov 13 09:06:30 UTC 2025","TestPrecision","test_network_parameters","",""
"","93","test_rpc_method_is_available[Test for Frequency, url: wss://1.rpc.frequency.xyz]","tests","Thu Nov 13 09:08:59 UTC 2025","passed","Thu Nov 13 09:08:59 UTC 2025","","test_rpc_methods_availability","",""
"","356","test_rpc_node_is_synced[Test for Polkadot Collectives, url: wss://collectives.public.curie.radiumblock.co/ws]","tests","Thu Nov 13 09:09:31 UTC 2025","passed","Thu Nov 13 09:09:32 UTC 2025","","test_substrate_node_is_synced","",""
"","0","test_can_create_connection[Test for Polkadot People, url: wss://sys.ibp.network/people-polkadot]","tests","Thu Nov 13 09:06:08 UTC 2025","passed","Thu Nov 13 09:06:08 UTC 2025","","test_nodes_availability","",""
"","29","test_rpc_node_is_synced[Test for Polkadot People, url: wss://sys.ibp.network/people-polkadot]","tests","Thu Nov 13 09:06:05 UTC 2025","passed","Thu Nov 13 09:06:05 UTC 2025","","test_substrate_node_is_synced","",""
"","1","test_address_prefix[Test for Amplitude]","tests","Thu Nov 13 09:06:43 UTC 2025","passed","Thu Nov 13 09:06:43 UTC 2025","TestNetworkPrefix","test_network_parameters","",""
"","12","test_has_new_assets[Test for Polymesh]","tests","Thu Nov 13 09:06:32 UTC 2025","passed","Thu Nov 13 09:06:32 UTC 2025","TestAssets","test_check_new_assets","",""
"","18","test_rpc_node_is_synced[Test for CC Enterprise, url: wss://mainnet.creditcoin.network/ws]","tests","Thu Nov 13 09:09:40 UTC 2025","passed","Thu Nov 13 09:09:40 UTC 2025","","test_substrate_node_is_synced","",""
"","0","test_can_create_connection[Test for Polkadot Coretime, url: wss://coretime-polkadot.dotters.network]","tests","Thu Nov 13 09:10:40 UTC 2025","passed","Thu Nov 13 09:10:40 UTC 2025","","test_nodes_availability","",""
"","189","test_rpc_node_is_synced[Test for Mythos, url: wss://polkadot-mythos-rpc.polkadot.io]","tests","Thu Nov 13 09:09:25 UTC 2025","passed","Thu Nov 13 09:09:25 UTC 2025","","test_substrate_node_is_synced","",""
"","115","test_rpc_method_is_available[Test for Polkadot People, url: wss://people-polkadot.public.curie.radiumblock.co/ws]","tests","Thu Nov 13 09:06:18 UTC 2025","passed","Thu Nov 13 09:06:18 UTC 2025","","test_rpc_methods_availability","",""
"","146","test_rpc_node_is_synced[Test for NeuroWeb, url: wss://parachain-rpc.origin-trail.network]","tests","Thu Nov 13 09:07:44 UTC 2025","passed","Thu Nov 13 09:07:44 UTC 2025","","test_substrate_node_is_synced","",""
"","6","test_has_new_assets[Test for Polkadex]","tests","Thu Nov 13 09:06:39 UTC 2025","passed","Thu Nov 13 09:06:39 UTC 2025","TestAssets","test_check_new_assets","",""
"","31","test_rpc_node_is_synced[Test for Aleph Zero, url: wss://ws.azero.dev]","tests","Thu Nov 13 09:07:46 UTC 2025","passed","Thu Nov 13 09:07:46 UTC 2025","","test_substrate_node_is_synced","",""
"","137","test_rpc_node_is_synced[Test for Humanode, url: wss://explorer-rpc-ws.mainnet.stages.humanode.io]","tests","Thu Nov 13 09:09:45 UTC 2025","passed","Thu Nov 13 09:09:45 UTC 2025","","test_substrate_node_is_synced","",""
"","0","test_can_create_connection[Test for Hyperbridge Nexus, url: wss://nexus.dotters.network]","tests","Thu Nov 13 09:09:36 UTC 2025","passed","Thu Nov 13 09:09:36 UTC 2025","","test_nodes_availability","",""
"","99","test_rpc_method_is_available[Test for JAMTON, url: wss://rpc.jamton.network]","tests","Thu Nov 13 09:10:09 UTC 2025","passed","Thu Nov 13 09:10:09 UTC 2025","","test_rpc_methods_availability","",""
"","1","test_can_create_connection[Test for Moonriver, url: wss://moonriver.public.curie.radiumblock.co/ws]","tests","Thu Nov 13 09:06:39 UTC 2025","passed","Thu Nov 13 09:06:39 UTC 2025","","test_nodes_availability","",""
"","136","test_rpc_method_is_available[Test for UNIQUE, url: wss://us-ws.unique.network/]","tests","Thu Nov 13 09:08:09 UTC 2025","passed","Thu Nov 13 09:08:09 UTC 2025","","test_rpc_methods_availability","",""
"","177","test_rpc_node_is_synced[Test for Ajuna, url: wss://rpc-para.ajuna.network]","tests","Thu Nov 13 09:08:48 UTC 2025","passed","Thu Nov 13 09:08:49 UTC 2025","","test_substrate_node_is_synced","",""
"","1","test_address_prefix[Test for Polkadot Relay]","tests","Thu Nov 13 09:06:00 UTC 2025","passed","Thu Nov 13 09:06:00 UTC 2025","TestNetworkPrefix","test_network_parameters","",""
"","0","test_can_create_connection[Test for Phala, url: wss://api.phala.network/ws]","tests","Thu Nov 13 09:07:31 UTC 2025","passed","Thu Nov 13 09:07:31 UTC 2025","","test_nodes_availability","",""
"","100","test_rpc_method_is_available[Test for Kusama People, url: wss://sys.ibp.network/people-kusama]","tests","Thu Nov 13 09:06:26 UTC 2025","passed","Thu Nov 13 09:06:26 UTC 2025","","test_rpc_methods_availability","",""
"","19","test_rpc_node_is_synced[Test for Polkadot Collectives, url: wss://sys.ibp.network/collectives-polkadot]","tests","Thu Nov 13 09:08:55 UTC 2025","passed","Thu Nov 13 09:08:55 UTC 2025","","test_substrate_node_is_synced","",""
"","6","test_has_new_assets[Test for Robonomics]","tests","Thu Nov 13 09:06:14 UTC 2025","passed","Thu Nov 13 09:06:14 UTC 2025","TestAssets","test_check_new_assets","",""
"","177","test_rpc_method_is_available[Test for Moonriver, url: wss://moonriver-rpc.publicnode.com]","tests","Thu Nov 13 09:06:40 UTC 2025","passed","Thu Nov 13 09:06:40 UTC 2025","","test_rpc_methods_availability","",""
"","158","test_rpc_node_is_synced[Test for QUARTZ, url: wss://quartz.unique.network]","tests","Thu Nov 13 09:08:31 UTC 2025","passed","Thu Nov 13 09:08:31 UTC 2025","","test_substrate_node_is_synced","",""
"","200","test_rpc_node_work_fast[Test for Ethereum, url: https://1rpc.io/eth]","tests","Thu Nov 13 09:06:11 UTC 2025","failed","Thu Nov 13 09:06:11 UTC 2025","TestETHNodesAvailability","test_eth_nodes_availability","",""
"","0","test_rpc_method_is_available[Test for Bifrost Kusama, url: wss://bifrost-rpc.liebi.com/ws]","tests","Thu Nov 13 09:07:48 UTC 2025","broken","Thu Nov 13 09:07:48 UTC 2025","","test_rpc_methods_availability","",""
"","0","test_can_create_connection[Test for Vara, url: wss://rpc.vara-network.io]","tests","Thu Nov 13 09:08:54 UTC 2025","passed","Thu Nov 13 09:08:54 UTC 2025","","test_nodes_availability","",""
"","165","test_rpc_method_is_available[Test for Polkadot Relay, url: wss://dot-rpc.stakeworld.io]","tests","Thu Nov 13 09:06:32 UTC 2025","passed","Thu Nov 13 09:06:32 UTC 2025","","test_rpc_methods_availability","",""
"","0","test_can_create_connection[Test for Westend (TESTNET), url: wss://westend-rpc.polkadot.io]","tests","Thu Nov 13 09:06:42 UTC 2025","passed","Thu Nov 13 09:06:42 UTC 2025","","test_nodes_availability","",""
"","102","test_rpc_method_is_available[Test for Kusama Coretime, url: wss://ksm-rpc.stakeworld.io/coretime]","tests","Thu Nov 13 09:10:25 UTC 2025","passed","Thu Nov 13 09:10:25 UTC 2025","","test_rpc_methods_availability","",""
"","0","test_chainId[Test for Kusama People]","tests","Thu Nov 13 09:05:58 UTC 2025","passed","Thu Nov 13 09:05:58 UTC 2025","TestChainId","test_network_parameters","",""
"","46","test_rpc_node_is_synced[Test for Polkadot People, url: wss://people-polkadot.public.curie.radiumblock.co/ws]","tests","Thu Nov 13 09:06:14 UTC 2025","passed","Thu Nov 13 09:06:14 UTC 2025","","test_substrate_node_is_synced","",""
"","105","test_rpc_method_is_available[Test for Kusama Coretime, url: wss://sys.ibp.network/coretime-kusama]","tests","Thu Nov 13 09:10:20 UTC 2025","passed","Thu Nov 13 09:10:20 UTC 2025","","test_rpc_methods_availability","",""
"","0","test_chainId[Test for Kreivo]","tests","Thu Nov 13 09:07:21 UTC 2025","passed","Thu Nov 13 09:07:21 UTC 2025","TestChainId","test_network_parameters","",""
"","0","test_address_prefix[Test for Bittensor]","tests","Thu Nov 13 09:07:39 UTC 2025","passed","Thu Nov 13 09:07:39 UTC 2025","TestNetworkPrefix","test_network_parameters","",""
"","0","test_chainId[Test for Polkadot Collectives]","tests","Thu Nov 13 09:07:04 UTC 2025","passed","Thu Nov 13 09:07:04 UTC 2025","TestChainId","test_network_parameters","",""
"","6","test_has_new_assets[Test for Polkadot Collectives]","tests","Thu Nov 13 09:07:03 UTC 2025","passed","Thu Nov 13 09:07:03 UTC 2025","TestAssets","test_check_new_assets","",""
"","3","test_has_new_assets[Test for Crust Polkadot Parachain]","tests","Thu Nov 13 09:06:48 UTC 2025","passed","Thu Nov 13 09:06:48 UTC 2025","TestAssets","test_check_new_assets","",""
"","51","test_rpc_node_is_synced[Test for Hydration, url: wss://hydration.ibp.network]","tests","Thu Nov 13 09:06:52 UTC 2025","passed","Thu Nov 13 09:06:52 UTC 2025","","test_substrate_node_is_synced","",""
"","107","test_rpc_method_is_available[Test for Kusama Bridge Hub, url: wss://bridge-hub-kusama.dotters.network]","tests","Thu Nov 13 09:09:11 UTC 2025","passed","Thu Nov 13 09:09:11 UTC 2025","","test_rpc_methods_availability","",""
"","32","test_rpc_node_is_synced[Test for Polkadot Bridge Hub, url: wss://sys.ibp.network/bridgehub-polkadot]","tests","Thu Nov 13 09:08:54 UTC 2025","passed","Thu Nov 13 09:08:54 UTC 2025","","test_substrate_node_is_synced","",""
"","106","test_rpc_method_is_available[Test for Hyperbridge Nexus, url: wss://nexus.dotters.network]","tests","Thu Nov 13 09:09:54 UTC 2025","passed","Thu Nov 13 09:09:54 UTC 2025","","test_rpc_methods_availability","",""
"","0","test_can_create_connection[Test for peaq, url: wss://peaq-rpc.publicnode.com]","tests","Thu Nov 13 09:09:42 UTC 2025","passed","Thu Nov 13 09:09:42 UTC 2025","","test_nodes_availability","",""
"","0","test_address_prefix[Test for Robonomics]","tests","Thu Nov 13 09:06:13 UTC 2025","passed","Thu Nov 13 09:06:13 UTC 2025","TestNetworkPrefix","test_network_parameters","",""
"","0","test_can_create_connection[Test for Ajuna, url: wss://rpc-para.ajuna.network]","tests","Thu Nov 13 09:09:08 UTC 2025","passed","Thu Nov 13 09:09:08 UTC 2025","","test_nodes_availability","",""
"","173","test_rpc_node_is_synced[Test for Joystream, url: wss://rpc.joystream.org]","tests","Thu Nov 13 09:09:08 UTC 2025","passed","Thu Nov 13 09:09:08 UTC 2025","","test_substrate_node_is_synced","",""
"","170","test_rpc_node_is_synced[Test for Kusama Relay, url: wss://rpc-kusama-2.novasama-tech.org]","tests","Thu Nov 13 09:05:59 UTC 2025","passed","Thu Nov 13 09:05:59 UTC 2025","","test_substrate_node_is_synced","",""
"","0","test_precision[Test for Kreivo]","tests","Thu Nov 13 09:07:25 UTC 2025","passed","Thu Nov 13 09:07:25 UTC 2025","TestPrecision","test_network_parameters","",""
"","6","test_has_new_assets[Test for Enjin Relay]","tests","Thu Nov 13 09:07:10 UTC 2025","passed","Thu Nov 13 09:07:10 UTC 2025","TestAssets","test_check_new_assets","",""
"","0","test_can_create_connection[Test for Kusama Coretime, url: wss://coretime-kusama.dotters.network]","tests","Thu Nov 13 09:09:55 UTC 2025","passed","Thu Nov 13 09:09:55 UTC 2025","","test_nodes_availability","",""
"","110","test_rpc_method_is_available[Test for Moonbeam, url: wss://moonbeam.ibp.network]","tests","Thu Nov 13 09:06:30 UTC 2025","passed","Thu Nov 13 09:06:31 UTC 2025","","test_rpc_methods_availability","",""
"","0","test_can_create_connection[Test for Ajuna, url: wss://ajuna.ibp.network]","tests","Thu Nov 13 09:08:31 UTC 2025","passed","Thu Nov 13 09:08:31 UTC 2025","","test_nodes_availability","",""
"","99","test_rpc_method_is_available[Test for Curio, url: wss://parachain.curioinvest.com/]","tests","Thu Nov 13 09:09:41 UTC 2025","passed","Thu Nov 13 09:09:41 UTC 2025","","test_rpc_methods_availability","",""
"","0","test_can_create_connection[Test for Basilisk, url: wss://rpc.basilisk.cloud]","tests","Thu Nov 13 09:08:22 UTC 2025","passed","Thu Nov 13 09:08:22 UTC 2025","","test_nodes_availability","",""
"","6","test_has_new_assets[Test for Cere]","tests","Thu Nov 13 09:07:19 UTC 2025","passed","Thu Nov 13 09:07:19 UTC 2025","TestAssets","test_check_new_assets","",""
"","0","test_can_create_connection[Test for Karura, url: wss://karura-rpc.n.dwellir.com]","tests","Thu Nov 13 09:06:17 UTC 2025","passed","Thu Nov 13 09:06:17 UTC 2025","","test_nodes_availability","",""
"","159","test_rpc_node_is_synced[Test for Crust Shadow, url: wss://rpc2-shadow.crust.network/]","tests","Thu Nov 13 09:07:37 UTC 2025","passed","Thu Nov 13 09:07:37 UTC 2025","","test_substrate_node_is_synced","",""
"","0","test_chainId[Test for Westend (TESTNET)]","tests","Thu Nov 13 09:06:15 UTC 2025","passed","Thu Nov 13 09:06:15 UTC 2025","TestChainId","test_network_parameters","",""
"","161","test_rpc_method_is_available[Test for Polkadot Coretime, url: wss://rpc-coretime-polkadot.luckyfriday.io]","tests","Thu Nov 13 09:10:14 UTC 2025","passed","Thu Nov 13 09:10:14 UTC 2025","","test_rpc_methods_availability","",""
"","0","test_can_create_connection[Test for Moonbeam, url: wss://moonbeam.public.curie.radiumblock.co/ws]","tests","Thu Nov 13 09:06:35 UTC 2025","passed","Thu Nov 13 09:06:35 UTC 2025","","test_nodes_availability","",""
"","1","test_address_prefix[Test for QUARTZ]","tests","Thu Nov 13 09:06:19 UTC 2025","passed","Thu Nov 13 09:06:19 UTC 2025","TestNetworkPrefix","test_network_parameters","",""
"","0","test_can_create_connection[Test for Kusama Coretime, url: wss://ksm-rpc.stakeworld.io/coretime]","tests","Thu Nov 13 09:09:58 UTC 2025","passed","Thu Nov 13 09:09:58 UTC 2025","","test_nodes_availability","",""
"","0","test_address_prefix[Test for Altair]","tests","Thu Nov 13 09:06:11 UTC 2025","passed","Thu Nov 13 09:06:11 UTC 2025","TestNetworkPrefix","test_network_parameters","",""
"","10","test_has_new_assets[Test for Integritee Parachain]","tests","Thu Nov 13 09:06:40 UTC 2025","passed","Thu Nov 13 09:06:40 UTC 2025","TestAssets","test_check_new_assets","",""
"","0","test_chainId[Test for Polkadot Coretime]","tests","Thu Nov 13 09:07:35 UTC 2025","passed","Thu Nov 13 09:07:35 UTC 2025","TestChainId","test_network_parameters","",""
"","0","test_can_create_connection[Test for Hydration, url: wss://rpc.hydradx.cloud]","tests","Thu Nov 13 09:08:28 UTC 2025","passed","Thu Nov 13 09:08:28 UTC 2025","","test_nodes_availability","",""
"","0","test_address_prefix[Test for Tanssi]","tests","Thu Nov 13 09:07:48 UTC 2025","passed","Thu Nov 13 09:07:48 UTC 2025","TestNetworkPrefix","test_network_parameters","",""
"","0","test_address_prefix[Test for Pendulum]","tests","Thu Nov 13 09:07:27 UTC 2025","passed","Thu Nov 13 09:07:27 UTC 2025","TestNetworkPrefix","test_network_parameters","",""
"","1","test_can_create_connection[Test for Kusama Relay, url: wss://kusama.public.curie.radiumblock.co/ws]","tests","Thu Nov 13 09:06:36 UTC 2025","passed","Thu Nov 13 09:06:36 UTC 2025","","test_nodes_availability","",""
"","0","test_can_create_connection[Test for Kusama Coretime, url: wss://sys.ibp.network/coretime-kusama]","tests","Thu Nov 13 09:09:55 UTC 2025","passed","Thu Nov 13 09:09:55 UTC 2025","","test_nodes_availability","",""
"","8","test_has_new_assets[Test for Kusama Relay]","tests","Thu Nov 13 09:06:07 UTC 2025","passed","Thu Nov 13 09:06:07 UTC 2025","TestAssets","test_check_new_assets","",""
"","0","test_can_create_connection[Test for QUARTZ, url: wss://eu-ws-quartz.unique.network]","tests","Thu Nov 13 09:08:45 UTC 2025","passed","Thu Nov 13 09:08:45 UTC 2025","","test_nodes_availability","",""
"","1","test_precision[Test for Integritee Parachain]","tests","Thu Nov 13 09:06:38 UTC 2025","passed","Thu Nov 13 09:06:38 UTC 2025","TestPrecision","test_network_parameters","",""
"","48","test_rpc_node_is_synced[Test for Pendulum, url: wss://rpc-pendulum.prd.pendulumchain.tech]","tests","Thu Nov 13 09:08:32 UTC 2025","passed","Thu Nov 13 09:08:32 UTC 2025","","test_substrate_node_is_synced","",""
"","151","test_rpc_node_is_synced[Test for Hyperbridge Nexus, url: wss://hyperbridge-nexus-rpc.blockops.network]","tests","Thu Nov 13 09:09:33 UTC 2025","passed","Thu Nov 13 09:09:33 UTC 2025","","test_substrate_node_is_synced","",""
"","1","test_precision[Test for Manta Atlantic]","tests","Thu Nov 13 09:07:09 UTC 2025","passed","Thu Nov 13 09:07:09 UTC 2025","TestPrecision","test_network_parameters","",""
"","0","test_can_create_connection[Test for JAMTON, url: wss://rpc.jamton.network]","tests","Thu Nov 13 09:09:48 UTC 2025","passed","Thu Nov 13 09:09:48 UTC 2025","","test_nodes_availability","",""
"","137","test_rpc_node_is_synced[Test for KILT, url: wss://spiritnet.kilt.io/]","tests","Thu Nov 13 09:08:26 UTC 2025","passed","Thu Nov 13 09:08:26 UTC 2025","","test_substrate_node_is_synced","",""
"","145","test_rpc_method_is_available[Test for UNIQUE, url: wss://unique.dotters.network]","tests","Thu Nov 13 09:08:29 UTC 2025","passed","Thu Nov 13 09:08:29 UTC 2025","","test_rpc_methods_availability","",""
"","0","test_rpc_node_is_synced[Test for Hydration, url: wss://rpc-hydra.novasama-tech.org]","tests","Thu Nov 13 09:08:17 UTC 2025","broken","Thu Nov 13 09:08:17 UTC 2025","","test_substrate_node_is_synced","",""
"","0","test_precision[Test for Nodle Parachain]","tests","Thu Nov 13 09:06:24 UTC 2025","passed","Thu Nov 13 09:06:24 UTC 2025","TestPrecision","test_network_parameters","",""
"","307","test_rpc_node_is_synced[Test for UNIQUE, url: wss://asia-ws.unique.network/]","tests","Thu Nov 13 09:07:57 UTC 2025","passed","Thu Nov 13 09:07:57 UTC 2025","","test_substrate_node_is_synced","",""
"","173","test_rpc_node_is_synced[Test for Polkadot People, url: wss://polkadot-people-rpc.polkadot.io]","tests","Thu Nov 13 09:06:03 UTC 2025","passed","Thu Nov 13 09:06:03 UTC 2025","","test_substrate_node_is_synced","",""
"","0","test_address_prefix[Test for JAMTON]","tests","Thu Nov 13 09:07:39 UTC 2025","passed","Thu Nov 13 09:07:39 UTC 2025","TestNetworkPrefix","test_network_parameters","",""
"","0","test_can_create_connection[Test for Westend (TESTNET), url: wss://westend.public.curie.radiumblock.co/ws]","tests","Thu Nov 13 09:06:47 UTC 2025","passed","Thu Nov 13 09:06:47 UTC 2025","","test_nodes_availability","",""
"","0","test_can_create_connection[Test for Polkadot People, url: wss://people-polkadot.public.curie.radiumblock.co/ws]","tests","Thu Nov 13 09:06:16 UTC 2025","passed","Thu Nov 13 09:06:16 UTC 2025","","test_nodes_availability","",""
"","0","test_can_create_connection[Test for Encointer, url: wss://sys.ibp.network/encointer-kusama]","tests","Thu Nov 13 09:07:37 UTC 2025","passed","Thu Nov 13 09:07:37 UTC 2025","","test_nodes_availability","",""
"","19","test_rpc_node_is_synced[Test for Kusama Relay, url: wss://kusama.dotters.network]","tests","Thu Nov 13 09:06:07 UTC 2025","passed","Thu Nov 13 09:06:07 UTC 2025","","test_substrate_node_is_synced","",""
"","0","test_precision[Test for Cere]","tests","Thu Nov 13 09:07:21 UTC 2025","passed","Thu Nov 13 09:07:21 UTC 2025","TestPrecision","test_network_parameters","",""
"","0","test_chainId[Test for Moonriver]","tests","Thu Nov 13 09:06:08 UTC 2025","passed","Thu Nov 13 09:06:08 UTC 2025","TestChainId","test_network_parameters","",""
"","1","test_can_create_connection[Test for Polkadot People, url: wss://polkadot-people-rpc.polkadot.io]","tests","Thu Nov 13 09:06:06 UTC 2025","passed","Thu Nov 13 09:06:06 UTC 2025","","test_nodes_availability","",""
"","0","test_can_create_connection[Test for Polkadot Relay, url: wss://rpc-polkadot-1.novasama-tech.org]","tests","Thu Nov 13 09:06:02 UTC 2025","passed","Thu Nov 13 09:06:02 UTC 2025","","test_nodes_availability","",""
"","42","test_rpc_node_is_synced[Test for Moonbeam, url: wss://moonbeam.public.curie.radiumblock.co/ws]","tests","Thu Nov 13 09:06:31 UTC 2025","passed","Thu Nov 13 09:06:31 UTC 2025","","test_substrate_node_is_synced","",""
"","0","test_precision[Test for DENTNet]","tests","Thu Nov 13 09:07:28 UTC 2025","passed","Thu Nov 13 09:07:28 UTC 2025","TestPrecision","test_network_parameters","",""
"","1","test_can_create_connection[Test for Kusama Coretime, url: wss://rpc-coretime-kusama.luckyfriday.io]","tests","Thu Nov 13 09:09:53 UTC 2025","passed","Thu Nov 13 09:09:53 UTC 2025","","test_nodes_availability","",""
"","147","test_rpc_node_is_synced[Test for Laos, url: wss://rpc.laos.laosfoundation.io]","tests","Thu Nov 13 09:09:46 UTC 2025","passed","Thu Nov 13 09:09:46 UTC 2025","","test_substrate_node_is_synced","",""
"","0","test_precision[Test for Polkadot People]","tests","Thu Nov 13 09:06:20 UTC 2025","passed","Thu Nov 13 09:06:20 UTC 2025","TestPrecision","test_network_parameters","",""
"","104","test_rpc_method_is_available[Test for Acala, url: wss://acala-rpc-3.aca-api.network/ws]","tests","Thu Nov 13 09:07:12 UTC 2025","passed","Thu Nov 13 09:07:12 UTC 2025","","test_rpc_methods_availability","",""
"","0","test_can_create_connection[Test for Zeitgeist, url: wss://zeitgeist.api.onfinality.io/public-ws]","tests","Thu Nov 13 09:07:04 UTC 2025","passed","Thu Nov 13 09:07:04 UTC 2025","","test_nodes_availability","",""
"","1","test_address_prefix[Test for UNIQUE]","tests","Thu Nov 13 09:06:38 UTC 2025","passed","Thu Nov 13 09:06:38 UTC 2025","TestNetworkPrefix","test_network_parameters","",""
"","107","test_rpc_method_is_available[Test for Humanode, url: wss://explorer-rpc-ws.mainnet.stages.humanode.io]","tests","Thu Nov 13 09:10:05 UTC 2025","passed","Thu Nov 13 09:10:05 UTC 2025","","test_rpc_methods_availability","",""
"","145","test_rpc_method_is_available[Test for GIANT, url: wss://rpc-anchor-1-mainnet-az-ue1.giantprotocol.org:443]","tests","Thu Nov 13 09:09:05 UTC 2025","passed","Thu Nov 13 09:09:05 UTC 2025","","test_rpc_methods_availability","",""
"","156","test_rpc_node_is_synced[Test for QUARTZ, url: wss://us-ws-quartz.unique.network]","tests","Thu Nov 13 09:08:42 UTC 2025","passed","Thu Nov 13 09:08:43 UTC 2025","","test_substrate_node_is_synced","",""
"","103","test_rpc_method_is_available[Test for 3DPass, url: wss://rpc.3dpass.org]","tests","Thu Nov 13 09:09:04 UTC 2025","passed","Thu Nov 13 09:09:04 UTC 2025","","test_rpc_methods_availability","",""
"","92","test_rpc_node_is_synced[Test for Enjin Matrix, url: wss://rpc.matrix.blockchain.enjin.io]","tests","Thu Nov 13 09:09:04 UTC 2025","passed","Thu Nov 13 09:09:04 UTC 2025","","test_substrate_node_is_synced","",""
"","1","test_precision[Test for Joystream]","tests","Thu Nov 13 09:07:06 UTC 2025","passed","Thu Nov 13 09:07:06 UTC 2025","TestPrecision","test_network_parameters","",""
"","300","test_rpc_method_is_available[Test for Kusama Asset Hub, url: wss://asset-hub-kusama.dotters.network]","tests","Thu Nov 13 09:06:02 UTC 2025","passed","Thu Nov 13 09:06:02 UTC 2025","","test_rpc_methods_availability","",""
"","152","test_rpc_method_is_available[Test for Polkadot Bridge Hub, url: wss://dot-rpc.stakeworld.io/bridgehub]","tests","Thu Nov 13 09:09:04 UTC 2025","passed","Thu Nov 13 09:09:04 UTC 2025","","test_rpc_methods_availability","",""
"","93","test_rpc_node_is_synced[Test for peaq, url: wss://peaq-rpc.publicnode.com]","tests","Thu Nov 13 09:09:45 UTC 2025","passed","Thu Nov 13 09:09:45 UTC 2025","","test_substrate_node_is_synced","",""
"","0","test_chainId[Test for Hyperbridge Nexus]","tests","Thu Nov 13 09:07:17 UTC 2025","passed","Thu Nov 13 09:07:17 UTC 2025","TestChainId","test_network_parameters","",""
"","0","test_can_create_connection[Test for Xode, url: wss://rpc-kr.xode.net]","tests","Thu Nov 13 09:10:23 UTC 2025","broken","Thu Nov 13 09:10:23 UTC 2025","","test_nodes_availability","",""
"","0","test_address_prefix[Test for peaq]","tests","Thu Nov 13 09:07:33 UTC 2025","passed","Thu Nov 13 09:07:33 UTC 2025","TestNetworkPrefix","test_network_parameters","",""
"","174","test_rpc_method_is_available[Test for Darwinia, url: wss://rpc.darwinia.network]","tests","Thu Nov 13 09:09:10 UTC 2025","passed","Thu Nov 13 09:09:10 UTC 2025","","test_rpc_methods_availability","",""
"","74","test_rpc_node_is_synced[Test for Interlay, url: wss://rpc-interlay.luckyfriday.io/]","tests","Thu Nov 13 09:07:05 UTC 2025","passed","Thu Nov 13 09:07:05 UTC 2025","","test_substrate_node_is_synced","",""
"","0","test_chainId[Test for Acala]","tests","Thu Nov 13 09:05:58 UTC 2025","passed","Thu Nov 13 09:05:58 UTC 2025","TestChainId","test_network_parameters","",""
"","177","test_rpc_method_is_available[Test for Kusama People, url: wss://ksm-rpc.stakeworld.io/people]","tests","Thu Nov 13 09:06:34 UTC 2025","passed","Thu Nov 13 09:06:35 UTC 2025","","test_rpc_methods_availability","",""
"","0","test_chainId[Test for Crab]","tests","Thu Nov 13 09:06:56 UTC 2025","passed","Thu Nov 13 09:06:56 UTC 2025","TestChainId","test_network_parameters","",""
"","0","test_address_prefix[Test for Shiden]","tests","Thu Nov 13 09:06:18 UTC 2025","passed","Thu Nov 13 09:06:18 UTC 2025","TestNetworkPrefix","test_network_parameters","",""
"","182","test_rpc_method_is_available[Test for Kusama Relay, url: wss://rpc-kusama.luckyfriday.io]","tests","Thu Nov 13 09:06:28 UTC 2025","passed","Thu Nov 13 09:06:28 UTC 2025","","test_rpc_methods_availability","",""
"","0","test_precision[Test for Kintsugi]","tests","Thu Nov 13 09:06:24 UTC 2025","passed","Thu Nov 13 09:06:24 UTC 2025","TestPrecision","test_network_parameters","",""
"","749","test_rpc_node_is_synced[Test for Acurast Canary, url: wss://public-rpc.canary.acurast.com]","tests","Thu Nov 13 09:09:31 UTC 2025","passed","Thu Nov 13 09:09:31 UTC 2025","","test_substrate_node_is_synced","",""
"","104","test_rpc_method_is_available[Test for Polkadex, url: wss://polkadex.public.curie.radiumblock.co/ws]","tests","Thu Nov 13 09:08:12 UTC 2025","passed","Thu Nov 13 09:08:12 UTC 2025","","test_rpc_methods_availability","",""
"","0","test_can_create_connection[Test for Karura, url: wss://karura-rpc-2.aca-api.network/ws]","tests","Thu Nov 13 09:06:07 UTC 2025","passed","Thu Nov 13 09:06:07 UTC 2025","","test_nodes_availability","",""
"","0","test_address_prefix[Test for Polkadot Coretime]","tests","Thu Nov 13 09:08:33 UTC 2025","passed","Thu Nov 13 09:08:33 UTC 2025","TestNetworkPrefix","test_network_parameters","",""
"","106","test_rpc_node_is_synced[Test for Mythos, url: wss://mythos.ibp.network]","tests","Thu Nov 13 09:09:24 UTC 2025","passed","Thu Nov 13 09:09:24 UTC 2025","","test_substrate_node_is_synced","",""
"","142","test_rpc_method_is_available[Test for Polkadot People, url: wss://polkadot-people-rpc.polkadot.io]","tests","Thu Nov 13 09:06:06 UTC 2025","passed","Thu Nov 13 09:06:06 UTC 2025","","test_rpc_methods_availability","",""
"","0","test_address_prefix[Test for Kusama Coretime]","tests","Thu Nov 13 09:07:41 UTC 2025","passed","Thu Nov 13 09:07:41 UTC 2025","TestNetworkPrefix","test_network_parameters","",""
"","0","test_rpc_node_is_synced[Test for Xode, url: wss://rpc-kr.xode.net]","tests","Thu Nov 13 09:10:26 UTC 2025","broken","Thu Nov 13 09:10:26 UTC 2025","","test_substrate_node_is_synced","",""
"","0","test_can_create_connection[Test for Centrifuge Parachain, url: wss://rpc-centrifuge.luckyfriday.io]","tests","Thu Nov 13 09:08:11 UTC 2025","passed","Thu Nov 13 09:08:11 UTC 2025","","test_nodes_availability","",""
"","0","test_precision[Test for Kusama Relay]","tests","Thu Nov 13 09:06:05 UTC 2025","passed","Thu Nov 13 09:06:05 UTC 2025","TestPrecision","test_network_parameters","",""
"","0","test_can_create_connection[Test for Kusama People, url: wss://people-kusama.dotters.network]","tests","Thu Nov 13 09:06:25 UTC 2025","passed","Thu Nov 13 09:06:25 UTC 2025","","test_nodes_availability","",""
"","0","test_can_create_connection[Test for Kusama Relay, url: wss://apps-kusama-rpc.polkadot.io]","tests","Thu Nov 13 09:06:18 UTC 2025","passed","Thu Nov 13 09:06:18 UTC 2025","","test_nodes_availability","",""
"","0","test_can_create_connection[Test for Encointer, url: wss://api.kusama.encointer.org]","tests","Thu Nov 13 09:06:56 UTC 2025","passed","Thu Nov 13 09:06:56 UTC 2025","","test_nodes_availability","",""
"","54","test_rpc_node_is_synced[Test for Bittensor, url: wss://entrypoint-finney.opentensor.ai:443]","tests","Thu Nov 13 09:08:44 UTC 2025","passed","Thu Nov 13 09:08:44 UTC 2025","","test_substrate_node_is_synced","",""
"","0","test_can_create_connection[Test for Kusama Bridge Hub, url: wss://ksm-rpc.stakeworld.io/bridgehub]","tests","Thu Nov 13 09:09:15 UTC 2025","passed","Thu Nov 13 09:09:15 UTC 2025","","test_nodes_availability","",""
"","175","test_rpc_method_is_available[Test for QUARTZ, url: wss://us-ws-quartz.unique.network]","tests","Thu Nov 13 09:08:55 UTC 2025","passed","Thu Nov 13 09:08:56 UTC 2025","","test_rpc_methods_availability","",""
"","6","test_has_new_assets[Test for Bittensor]","tests","Thu Nov 13 09:06:57 UTC 2025","passed","Thu Nov 13 09:06:57 UTC 2025","TestAssets","test_check_new_assets","",""
"","212","test_rpc_node_is_synced[Test for Interlay, url: wss://api.interlay.io/parachain]","tests","Thu Nov 13 09:07:02 UTC 2025","passed","Thu Nov 13 09:07:02 UTC 2025","","test_substrate_node_is_synced","",""
"","416","test_rpc_node_is_synced[Test for Darwinia, url: wss://rpc.darwinia.network]","tests","Thu Nov 13 09:08:42 UTC 2025","passed","Thu Nov 13 09:08:43 UTC 2025","","test_substrate_node_is_synced","",""
"","7","test_has_new_assets[Test for Tanssi]","tests","Thu Nov 13 09:07:38 UTC 2025","passed","Thu Nov 13 09:07:38 UTC 2025","TestAssets","test_check_new_assets","",""
"","180","test_rpc_node_is_synced[Test for DeepBrain, url: wss://info.dbcwallet.io]","tests","Thu Nov 13 09:09:49 UTC 2025","passed","Thu Nov 13 09:09:49 UTC 2025","","test_substrate_node_is_synced","",""
"","55","test_rpc_node_is_synced[Test for Altair, url: wss://altair.api.onfinality.io/public-ws]","tests","Thu Nov 13 09:08:14 UTC 2025","passed","Thu Nov 13 09:08:14 UTC 2025","","test_substrate_node_is_synced","",""
"","52","test_rpc_node_is_synced[Test for Frequency, url: wss://0.rpc.frequency.xyz]","tests","Thu Nov 13 09:08:53 UTC 2025","passed","Thu Nov 13 09:08:53 UTC 2025","","test_substrate_node_is_synced","",""
"","1","test_chainId[Test for Acurast Canary]","tests","Thu Nov 13 09:07:14 UTC 2025","passed","Thu Nov 13 09:07:14 UTC 2025","TestChainId","test_network_parameters","",""
"","0","test_chainId[Test for QUARTZ]","tests","Thu Nov 13 09:06:20 UTC 2025","passed","Thu Nov 13 09:06:20 UTC 2025","TestChainId","test_network_parameters","",""
"","103","test_rpc_method_is_available[Test for Phala, url: wss://phala-rpc.n.dwellir.com]","tests","Thu Nov 13 09:07:31 UTC 2025","passed","Thu Nov 13 09:07:31 UTC 2025","","test_rpc_methods_availability","",""
"","0","test_chainId[Test for Manta Atlantic]","tests","Thu Nov 13 09:07:07 UTC 2025","passed","Thu Nov 13 09:07:07 UTC 2025","TestChainId","test_network_parameters","",""
"","74","test_rpc_node_is_synced[Test for Centrifuge Parachain, url: wss://rpc-centrifuge.luckyfriday.io]","tests","Thu Nov 13 09:08:06 UTC 2025","passed","Thu Nov 13 09:08:06 UTC 2025","","test_substrate_node_is_synced","",""
"","1","test_address_prefix[Test for Nodle Parachain]","tests","Thu Nov 13 09:06:24 UTC 2025","passed","Thu Nov 13 09:06:24 UTC 2025","TestNetworkPrefix","test_network_parameters","",""
"","4","test_has_new_assets[Test for Laos]","tests","Thu Nov 13 09:07:28 UTC 2025","passed","Thu Nov 13 09:07:28 UTC 2025","TestAssets","test_check_new_assets","",""
"","103","test_rpc_method_is_available[Test for Amplitude, url: wss://rpc-amplitude.pendulumchain.tech]","tests","Thu Nov 13 09:08:34 UTC 2025","passed","Thu Nov 13 09:08:34 UTC 2025","","test_rpc_methods_availability","",""
"","1","test_address_prefix[Test for Kusama People]","tests","Thu Nov 13 09:05:59 UTC 2025","passed","Thu Nov 13 09:05:59 UTC 2025","TestNetworkPrefix","test_network_parameters","",""
"","109","test_rpc_method_is_available[Test for Ajuna, url: wss://ajuna.dotters.network]","tests","Thu Nov 13 09:08:57 UTC 2025","passed","Thu Nov 13 09:08:57 UTC 2025","","test_rpc_methods_availability","",""
"","1","test_can_create_connection[Test for Acurast Canary, url: wss://public-rpc.canary.acurast.com]","tests","Thu Nov 13 09:09:31 UTC 2025","passed","Thu Nov 13 09:09:31 UTC 2025","","test_nodes_availability","",""
"","54","test_rpc_node_is_synced[Test for Hydration, url: wss://hydration.dotters.network]","tests","Thu Nov 13 09:06:56 UTC 2025","passed","Thu Nov 13 09:06:56 UTC 2025","","test_substrate_node_is_synced","",""
"","1","test_chainId[Test for Vara]","tests","Thu Nov 13 09:07:01 UTC 2025","passed","Thu Nov 13 09:07:01 UTC 2025","TestChainId","test_network_parameters","",""
"","144","test_rpc_method_is_available[Test for Mythos, url: wss://polkadot-mythos-rpc.polkadot.io]","tests","Thu Nov 13 09:09:46 UTC 2025","passed","Thu Nov 13 09:09:46 UTC 2025","","test_rpc_methods_availability","",""
"","1","test_precision[Test for JAMTON]","tests","Thu Nov 13 09:07:39 UTC 2025","passed","Thu Nov 13 09:07:39 UTC 2025","TestPrecision","test_network_parameters","",""
"","4","test_has_new_assets[Test for Encointer]","tests","Thu Nov 13 09:06:18 UTC 2025","passed","Thu Nov 13 09:06:18 UTC 2025","TestAssets","test_check_new_assets","",""
"","0","test_address_prefix[Test for Joystream]","tests","Thu Nov 13 09:07:05 UTC 2025","passed","Thu Nov 13 09:07:05 UTC 2025","TestNetworkPrefix","test_network_parameters","",""
"","101","test_rpc_method_is_available[Test for Zeitgeist, url: wss://zeitgeist.api.onfinality.io/public-ws]","tests","Thu Nov 13 09:07:17 UTC 2025","passed","Thu Nov 13 09:07:17 UTC 2025","","test_rpc_methods_availability","",""
"","190","test_rpc_node_is_synced[Test for Tangle, url: wss://rpc.tangle.tools]","tests","Thu Nov 13 09:09:50 UTC 2025","passed","Thu Nov 13 09:09:51 UTC 2025","","test_substrate_node_is_synced","",""
"","100","test_rpc_method_is_available[Test for Polkadot Bridge Hub, url: wss://bridge-hub-polkadot.dotters.network]","tests","Thu Nov 13 09:09:00 UTC 2025","passed","Thu Nov 13 09:09:00 UTC 2025","","test_rpc_methods_availability","",""
"","0","test_can_create_connection[Test for Crust Shadow, url: wss://rpc-sha-subscan.crustnetwork.xyz]","tests","Thu Nov 13 09:07:12 UTC 2025","passed","Thu Nov 13 09:07:12 UTC 2025","","test_nodes_availability","",""
"","0","test_can_create_connection[Test for Polkadot Bridge Hub, url: wss://dot-rpc.stakeworld.io/bridgehub]","tests","Thu Nov 13 09:09:04 UTC 2025","passed","Thu Nov 13 09:09:04 UTC 2025","","test_nodes_availability","",""
"","9","test_has_new_assets[Test for UNIQUE]","tests","Thu Nov 13 09:06:41 UTC 2025","passed","Thu Nov 13 09:06:41 UTC 2025","TestAssets","test_check_new_assets","",""
"","0","test_address_prefix[Test for krest]","tests","Thu Nov 13 09:07:08 UTC 2025","passed","Thu Nov 13 09:07:08 UTC 2025","TestNetworkPrefix","test_network_parameters","",""
"","99","test_rpc_method_is_available[Test for Polkadot Relay, url: wss://rpc-polkadot.luckyfriday.io]","tests","Thu Nov 13 09:06:48 UTC 2025","passed","Thu Nov 13 09:06:48 UTC 2025","","test_rpc_methods_availability","",""
"","0","test_address_prefix[Test for XX network]","tests","Thu Nov 13 09:07:22 UTC 2025","passed","Thu Nov 13 09:07:22 UTC 2025","TestNetworkPrefix","test_network_parameters","",""
"","144","test_rpc_method_is_available[Test for Polkadot Relay, url: wss://1rpc.io/dot]","tests","Thu Nov 13 09:06:43 UTC 2025","passed","Thu Nov 13 09:06:43 UTC 2025","","test_rpc_methods_availability","",""
"","182","test_rpc_method_is_available[Test for Avail, url: wss://mainnet-rpc.avail.so/ws]","tests","Thu Nov 13 09:09:58 UTC 2025","passed","Thu Nov 13 09:09:58 UTC 2025","","test_rpc_methods_availability","",""
"","104","test_rpc_method_is_available[Test for Acala, url: wss://acala-rpc.n.dwellir.com]","tests","Thu Nov 13 09:07:18 UTC 2025","passed","Thu Nov 13 09:07:18 UTC 2025","","test_rpc_methods_availability","",""
"","156","test_rpc_node_is_synced[Test for Integritee Parachain, url: wss://kusama.api.integritee.network]","tests","Thu Nov 13 09:07:56 UTC 2025","passed","Thu Nov 13 09:07:56 UTC 2025","","test_substrate_node_is_synced","",""
"","0","test_chainId[Test for Pendulum]","tests","Thu Nov 13 09:06:44 UTC 2025","passed","Thu Nov 13 09:06:44 UTC 2025","TestChainId","test_network_parameters","",""
"","0","test_address_prefix[Test for Avail]","tests","Thu Nov 13 09:07:26 UTC 2025","passed","Thu Nov 13 09:07:26 UTC 2025","TestNetworkPrefix","test_network_parameters","",""
"","0","test_can_create_connection[Test for Polkadex, url: wss://polkadex.public.curie.radiumblock.co/ws]","tests","Thu Nov 13 09:07:42 UTC 2025","passed","Thu Nov 13 09:07:42 UTC 2025","","test_nodes_availability","",""
"","0","test_can_create_connection[Test for Polymesh, url: wss://mainnet-rpc.polymesh.network]","tests","Thu Nov 13 09:08:10 UTC 2025","passed","Thu Nov 13 09:08:10 UTC 2025","","test_nodes_availability","",""
"","180","test_rpc_node_is_synced[Test for Basilisk, url: wss://rpc.basilisk.cloud]","tests","Thu Nov 13 09:08:09 UTC 2025","passed","Thu Nov 13 09:08:09 UTC 2025","","test_substrate_node_is_synced","",""
"","75","test_rpc_node_is_synced[Test for Polkadot Relay, url: wss://rpc-polkadot.luckyfriday.io]","tests","Thu Nov 13 09:06:38 UTC 2025","passed","Thu Nov 13 09:06:38 UTC 2025","","test_substrate_node_is_synced","",""
"","114","test_rpc_method_is_available[Test for Hydration, url: wss://hydration.ibp.network]","tests","Thu Nov 13 09:07:06 UTC 2025","passed","Thu Nov 13 09:07:06 UTC 2025","","test_rpc_methods_availability","",""
"","6","test_has_new_assets[Test for Nodle Parachain]","tests","Thu Nov 13 09:06:25 UTC 2025","passed","Thu Nov 13 09:06:25 UTC 2025","TestAssets","test_check_new_assets","",""
"","0","test_can_create_connection[Test for Bittensor, url: wss://entrypoint-finney.opentensor.ai:443]","tests","Thu Nov 13 09:08:56 UTC 2025","passed","Thu Nov 13 09:08:56 UTC 2025","","test_nodes_availability","",""
"","1","test_chainId[Test for Basilisk]","tests","Thu Nov 13 09:06:06 UTC 2025","passed","Thu Nov 13 09:06:06 UTC 2025","TestChainId","test_network_parameters","",""
"","0","test_can_create_connection[Test for Polkadot Asset Hub, url: wss://sys.ibp.network/asset-hub-polkadot]","tests","Thu Nov 13 09:07:27 UTC 2025","passed","Thu Nov 13 09:07:27 UTC 2025","","test_nodes_availability","",""
"","1","test_precision[Test for Polkadot Coretime]","tests","Thu Nov 13 09:07:40 UTC 2025","passed","Thu Nov 13 09:07:40 UTC 2025","TestPrecision","test_network_parameters","",""
"","131","test_rpc_method_is_available[Test for Heima, url: wss://heima-rpc.n.dwellir.com]","tests","Thu Nov 13 09:09:55 UTC 2025","passed","Thu Nov 13 09:09:55 UTC 2025","","test_rpc_methods_availability","",""
"","135","test_rpc_method_is_available[Test for Polkadot Relay, url: wss://polkadot.dotters.network]","tests","Thu Nov 13 09:06:18 UTC 2025","passed","Thu Nov 13 09:06:18 UTC 2025","","test_rpc_methods_availability","",""
"","0","test_can_create_connection[Test for KILT, url: wss://kilt.ibp.network]","tests","Thu Nov 13 09:08:27 UTC 2025","passed","Thu Nov 13 09:08:27 UTC 2025","","test_nodes_availability","",""
"","1","test_can_create_connection[Test for Kusama Bridge Hub, url: wss://sys.ibp.network/bridgehub-kusama]","tests","Thu Nov 13 09:09:08 UTC 2025","passed","Thu Nov 13 09:09:08 UTC 2025","","test_nodes_availability","",""
"","0","test_can_create_connection[Test for DAO IPCI, url: wss://ipci.rpc.robonomics.network]","tests","Thu Nov 13 09:08:14 UTC 2025","passed","Thu Nov 13 09:08:14 UTC 2025","","test_nodes_availability","",""
"","130","test_rpc_node_is_synced[Test for Kreivo, url: wss://kreivo.kippu.rocks/]","tests","Thu Nov 13 09:09:35 UTC 2025","passed","Thu Nov 13 09:09:36 UTC 2025","","test_substrate_node_is_synced","",""
"","440","test_rpc_node_is_synced[Test for Crab, url: wss://crab-rpc.darwinia.network/]","tests","Thu Nov 13 09:08:50 UTC 2025","passed","Thu Nov 13 09:08:50 UTC 2025","","test_substrate_node_is_synced","",""
"","0","test_chainId[Test for Bifrost Kusama]","tests","Thu Nov 13 09:06:02 UTC 2025","passed","Thu Nov 13 09:06:02 UTC 2025","TestChainId","test_network_parameters","",""
"","1","test_address_prefix[Test for Acurast Canary]","tests","Thu Nov 13 09:07:16 UTC 2025","passed","Thu Nov 13 09:07:16 UTC 2025","TestNetworkPrefix","test_network_parameters","",""
"","0","test_precision[Test for Avail]","tests","Thu Nov 13 09:07:27 UTC 2025","passed","Thu Nov 13 09:07:27 UTC 2025","TestPrecision","test_network_parameters","",""
"","149","test_rpc_method_is_available[Test for Moonbeam, url: wss://moonbeam.dotters.network]","tests","Thu Nov 13 09:06:36 UTC 2025","passed","Thu Nov 13 09:06:36 UTC 2025","","test_rpc_methods_availability","",""
"","0","test_precision[Test for Crust Shadow]","tests","Thu Nov 13 09:06:34 UTC 2025","passed","Thu Nov 13 09:06:34 UTC 2025","TestPrecision","test_network_parameters","",""
"","0","test_address_prefix[Test for Cere]","tests","Thu Nov 13 09:07:24 UTC 2025","passed","Thu Nov 13 09:07:24 UTC 2025","TestNetworkPrefix","test_network_parameters","",""
"","122","test_rpc_method_is_available[Test for Energy Web X, url: wss://public-rpc.mainnet.energywebx.com/]","tests","Thu Nov 13 09:09:28 UTC 2025","passed","Thu Nov 13 09:09:28 UTC 2025","","test_rpc_methods_availability","",""
"","142","test_rpc_method_is_available[Test for Polkadot Relay, url: wss://rpc.ibp.network/polkadot]","tests","Thu Nov 13 09:06:14 UTC 2025","passed","Thu Nov 13 09:06:14 UTC 2025","","test_rpc_methods_availability","",""
"","0","test_can_create_connection[Test for Astar, url: wss://rpc.astar.network]","tests","Thu Nov 13 09:07:04 UTC 2025","passed","Thu Nov 13 09:07:04 UTC 2025","","test_nodes_availability","",""
"","0","test_can_create_connection[Test for Aventus, url: wss://public-rpc.mainnet.aventus.io]","tests","Thu Nov 13 09:08:52 UTC 2025","passed","Thu Nov 13 09:08:52 UTC 2025","","test_nodes_availability","",""
"","195","test_rpc_node_is_synced[Test for Curio, url: wss://parachain.curioinvest.com/]","tests","Thu Nov 13 09:09:19 UTC 2025","passed","Thu Nov 13 09:09:19 UTC 2025","","test_substrate_node_is_synced","",""
"","0","test_address_prefix[Test for DENTNet]","tests","Thu Nov 13 09:07:29 UTC 2025","passed","Thu Nov 13 09:07:29 UTC 2025","TestNetworkPrefix","test_network_parameters","",""
"","0","test_chainId[Test for Tanssi]","tests","Thu Nov 13 09:07:42 UTC 2025","passed","Thu Nov 13 09:07:42 UTC 2025","TestChainId","test_network_parameters","",""
"","1","test_can_create_connection[Test for Mythos, url: wss://mythos.ibp.network]","tests","Thu Nov 13 09:09:25 UTC 2025","passed","Thu Nov 13 09:09:25 UTC 2025","","test_nodes_availability","",""
"","0","test_precision[Test for Kusama People]","tests","Thu Nov 13 09:05:59 UTC 2025","passed","Thu Nov 13 09:05:59 UTC 2025","TestPrecision","test_network_parameters","",""
"","1","test_chainId[Test for Aventus]","tests","Thu Nov 13 09:06:53 UTC 2025","passed","Thu Nov 13 09:06:53 UTC 2025","TestChainId","test_network_parameters","",""
"","100","test_rpc_method_is_available[Test for Crust Shadow, url: wss://rpc2-shadow.crust.network/]","tests","Thu Nov 13 09:07:38 UTC 2025","passed","Thu Nov 13 09:07:38 UTC 2025","","test_rpc_methods_availability","",""
"","55","test_rpc_node_is_synced[Test for Ajuna, url: wss://ajuna.dotters.network]","tests","Thu Nov 13 09:08:30 UTC 2025","passed","Thu Nov 13 09:08:30 UTC 2025","","test_substrate_node_is_synced","",""
"","55","test_rpc_node_is_synced[Test for Kusama Coretime, url: wss://sys.ibp.network/coretime-kusama]","tests","Thu Nov 13 09:09:53 UTC 2025","passed","Thu Nov 13 09:09:53 UTC 2025","","test_substrate_node_is_synced","",""
"","0","test_address_prefix[Test for GIANT]","tests","Thu Nov 13 09:06:50 UTC 2025","passed","Thu Nov 13 09:06:50 UTC 2025","TestNetworkPrefix","test_network_parameters","",""
"","18","test_rpc_node_is_synced[Test for Polkadot Relay, url: wss://polkadot.dotters.network]","tests","Thu Nov 13 09:06:11 UTC 2025","passed","Thu Nov 13 09:06:11 UTC 2025","","test_substrate_node_is_synced","",""
"","180","test_rpc_method_is_available[Test for Polkadot People, url: wss://people-polkadot.dotters.network]","tests","Thu Nov 13 09:06:12 UTC 2025","passed","Thu Nov 13 09:06:12 UTC 2025","","test_rpc_methods_availability","",""
"","0","test_precision[Test for CC Enterprise]","tests","Thu Nov 13 09:07:29 UTC 2025","passed","Thu Nov 13 09:07:29 UTC 2025","TestPrecision","test_network_parameters","",""
"","0","test_chainId[Test for Phala]","tests","Thu Nov 13 09:06:32 UTC 2025","passed","Thu Nov 13 09:06:32 UTC 2025","TestChainId","test_network_parameters","",""
"","166","test_rpc_node_is_synced[Test for Karura, url: wss://karura-rpc-2.aca-api.network/ws]","tests","Thu Nov 13 09:06:04 UTC 2025","passed","Thu Nov 13 09:06:04 UTC 2025","","test_substrate_node_is_synced","",""
"","100","test_rpc_method_is_available[Test for Curio, url: wss://archive.parachain.curioinvest.com]","tests","Thu Nov 13 09:09:34 UTC 2025","passed","Thu Nov 13 09:09:34 UTC 2025","","test_rpc_methods_availability","",""
"","85","test_rpc_node_is_synced[Test for Tanssi, url: wss://services.tanssi-mainnet.network/tanssi]","tests","Thu Nov 13 09:10:01 UTC 2025","passed","Thu Nov 13 09:10:01 UTC 2025","","test_substrate_node_is_synced","",""
"","1","test_can_create_connection[Test for Polkadot People, url: wss://rpc-people-polkadot.luckyfriday.io]","tests","Thu Nov 13 09:06:12 UTC 2025","passed","Thu Nov 13 09:06:12 UTC 2025","","test_nodes_availability","",""
"","0","test_can_create_connection[Test for Heima, url: wss://rpc.litentry-parachain.litentry.io]","tests","Thu Nov 13 09:09:08 UTC 2025","passed","Thu Nov 13 09:09:08 UTC 2025","","test_nodes_availability","",""
"","0","test_can_create_connection[Test for Enjin Relay, url: wss://rpc.relay.blockchain.enjin.io]","tests","Thu Nov 13 09:09:29 UTC 2025","passed","Thu Nov 13 09:09:29 UTC 2025","","test_nodes_availability","",""
"","55","test_rpc_node_is_synced[Test for Moonbeam, url: wss://moonbeam.dotters.network]","tests","Thu Nov 13 09:06:26 UTC 2025","passed","Thu Nov 13 09:06:26 UTC 2025","","test_substrate_node_is_synced","",""
"","1","test_chainId[Test for Hydration]","tests","Thu Nov 13 09:06:45 UTC 2025","passed","Thu Nov 13 09:06:45 UTC 2025","TestChainId","test_network_parameters","",""
"","0","test_chainId[Test for DENTNet]","tests","Thu Nov 13 09:07:23 UTC 2025","passed","Thu Nov 13 09:07:23 UTC 2025","TestChainId","test_network_parameters","",""
"","0","test_address_prefix[Test for Ternoa]","tests","Thu Nov 13 09:06:24 UTC 2025","passed","Thu Nov 13 09:06:24 UTC 2025","TestNetworkPrefix","test_network_parameters","",""
"","271","test_rpc_node_is_synced[Test for Acala, url: wss://acala-rpc-0.aca-api.network]","tests","Thu Nov 13 09:06:40 UTC 2025","passed","Thu Nov 13 09:06:41 UTC 2025","","test_substrate_node_is_synced","",""
"","206","test_rpc_node_is_synced[Test for Kusama People, url: wss://ksm-rpc.stakeworld.io/people]","tests","Thu Nov 13 09:06:30 UTC 2025","passed","Thu Nov 13 09:06:30 UTC 2025","","test_substrate_node_is_synced","",""
"","11","test_has_new_assets[Test for Centrifuge Parachain]","tests","Thu Nov 13 09:06:46 UTC 2025","passed","Thu Nov 13 09:06:46 UTC 2025","TestAssets","test_check_new_assets","",""
"","7","test_has_new_assets[Test for Aleph Zero]","tests","Thu Nov 13 09:06:35 UTC 2025","passed","Thu Nov 13 09:06:35 UTC 2025","TestAssets","test_check_new_assets","",""
"","149","test_rpc_node_is_synced[Test for Robonomics, url: wss://kusama.rpc.robonomics.network/]","tests","Thu Nov 13 09:07:33 UTC 2025","passed","Thu Nov 13 09:07:34 UTC 2025","","test_substrate_node_is_synced","",""
"","1","test_chainId[Test for Polkadot Relay]","tests","Thu Nov 13 09:06:04 UTC 2025","passed","Thu Nov 13 09:06:04 UTC 2025","TestChainId","test_network_parameters","",""
"","0","test_precision[Test for Curio]","tests","Thu Nov 13 09:07:17 UTC 2025","passed","Thu Nov 13 09:07:17 UTC 2025","TestPrecision","test_network_parameters","",""
"","173","test_rpc_method_is_available[Test for Kusama People, url: wss://people-kusama.dotters.network]","tests","Thu Nov 13 09:06:29 UTC 2025","passed","Thu Nov 13 09:06:29 UTC 2025","","test_rpc_methods_availability","",""
"","162","test_rpc_node_is_synced[Test for Polkadex, url: wss://polkadex.public.curie.radiumblock.co/ws]","tests","Thu Nov 13 09:07:40 UTC 2025","passed","Thu Nov 13 09:07:40 UTC 2025","","test_substrate_node_is_synced","",""
"","158","test_rpc_method_is_available[Test for UNIQUE, url: wss://eu-ws.unique.network/]","tests","Thu Nov 13 09:10:01 UTC 2025","passed","Thu Nov 13 09:10:01 UTC 2025","","test_rpc_methods_availability","",""
"","156","test_has_new_assets[Test for Acala]","tests","Thu Nov 13 09:05:59 UTC 2025","passed","Thu Nov 13 09:05:59 UTC 2025","TestAssets","test_check_new_assets","",""
"","1","test_can_create_connection[Test for Polkadot Coretime, url: wss://sys.ibp.network/coretime-polkadot]","tests","Thu Nov 13 09:09:48 UTC 2025","passed","Thu Nov 13 09:09:48 UTC 2025","","test_nodes_availability","",""
"","200","test_rpc_node_is_synced[Test for Kusama Bridge Hub, url: wss://ksm-rpc.stakeworld.io/bridgehub]","tests","Thu Nov 13 09:09:06 UTC 2025","passed","Thu Nov 13 09:09:07 UTC 2025","","test_substrate_node_is_synced","",""
"","0","test_can_create_connection[Test for Polkadot Collectives, url: wss://dot-rpc.stakeworld.io/collectives]","tests","Thu Nov 13 09:09:25 UTC 2025","passed","Thu Nov 13 09:09:25 UTC 2025","","test_nodes_availability","",""
"","0","test_can_create_connection[Test for Aleph Zero, url: wss://ws.azero.dev]","tests","Thu Nov 13 09:07:44 UTC 2025","passed","Thu Nov 13 09:07:44 UTC 2025","","test_nodes_availability","",""
"","0","test_can_create_connection[Test for Altair, url: wss://altair.api.onfinality.io/public-ws]","tests","Thu Nov 13 09:08:26 UTC 2025","passed","Thu Nov 13 09:08:26 UTC 2025","","test_nodes_availability","",""
"","0","test_chainId[Test for Bifrost Polkadot]","tests","Thu Nov 13 09:06:25 UTC 2025","passed","Thu Nov 13 09:06:25 UTC 2025","TestChainId","test_network_parameters","",""
"","101","test_rpc_method_is_available[Test for Encointer, url: wss://sys.ibp.network/encointer-kusama]","tests","Thu Nov 13 09:08:04 UTC 2025","passed","Thu Nov 13 09:08:04 UTC 2025","","test_rpc_methods_availability","",""
"","9","test_has_new_assets[Test for QUARTZ]","tests","Thu Nov 13 09:06:21 UTC 2025","passed","Thu Nov 13 09:06:21 UTC 2025","TestAssets","test_check_new_assets","",""
"","55","test_rpc_node_is_synced[Test for Hyperbridge Nexus, url: wss://nexus.ibp.network]","tests","Thu Nov 13 09:09:31 UTC 2025","passed","Thu Nov 13 09:09:31 UTC 2025","","test_substrate_node_is_synced","",""
"","1","test_can_create_connection[Test for Mythos, url: wss://mythos.dotters.network]","tests","Thu Nov 13 09:09:31 UTC 2025","passed","Thu Nov 13 09:09:31 UTC 2025","","test_nodes_availability","",""
"","29","test_rpc_node_is_synced[Test for Kusama Bridge Hub, url: wss://bridge-hub-kusama.dotters.network]","tests","Thu Nov 13 09:09:02 UTC 2025","passed","Thu Nov 13 09:09:02 UTC 2025","","test_substrate_node_is_synced","",""
"","0","test_can_create_connection[Test for Moonbeam, url: wss://wss.api.moonbeam.network]","tests","Thu Nov 13 09:06:21 UTC 2025","passed","Thu Nov 13 09:06:21 UTC 2025","","test_nodes_availability","",""
"","152","test_rpc_node_is_synced[Test for Acala, url: wss://acala-rpc.n.dwellir.com]","tests","Thu Nov 13 09:06:58 UTC 2025","passed","Thu Nov 13 09:06:58 UTC 2025","","test_substrate_node_is_synced","",""
"","1","test_can_create_connection[Test for Astar, url: wss://astar-rpc.n.dwellir.com]","tests","Thu Nov 13 09:07:10 UTC 2025","passed","Thu Nov 13 09:07:10 UTC 2025","","test_nodes_availability","",""
"","0","test_address_prefix[Test for Polkadex]","tests","Thu Nov 13 09:06:48 UTC 2025","passed","Thu Nov 13 09:06:48 UTC 2025","TestNetworkPrefix","test_network_parameters","",""
"","0","test_chainId[Test for Kusama Asset Hub]","tests","Thu Nov 13 09:06:21 UTC 2025","passed","Thu Nov 13 09:06:21 UTC 2025","TestChainId","test_network_parameters","",""
"","1","test_address_prefix[Test for Enjin Matrix]","tests","Thu Nov 13 09:07:11 UTC 2025","passed","Thu Nov 13 09:07:11 UTC 2025","TestNetworkPrefix","test_network_parameters","",""
"","161","test_rpc_method_is_available[Test for KILT, url: wss://kilt.ibp.network]","tests","Thu Nov 13 09:08:25 UTC 2025","passed","Thu Nov 13 09:08:26 UTC 2025","","test_rpc_methods_availability","",""
"","43","test_rpc_node_is_synced[Test for Vara, url: wss://rpc.vara-network.io]","tests","Thu Nov 13 09:08:47 UTC 2025","passed","Thu Nov 13 09:08:47 UTC 2025","","test_substrate_node_is_synced","",""
"","0","test_precision[Test for XX network]","tests","Thu Nov 13 09:07:00 UTC 2025","passed","Thu Nov 13 09:07:00 UTC 2025","TestPrecision","test_network_parameters","",""
"","106","test_rpc_method_is_available[Test for Astar, url: wss://rpc.astar.network]","tests","Thu Nov 13 09:07:24 UTC 2025","passed","Thu Nov 13 09:07:24 UTC 2025","","test_rpc_methods_availability","",""
"","0","test_chainId[Test for Kusama Coretime]","tests","Thu Nov 13 09:08:25 UTC 2025","passed","Thu Nov 13 09:08:25 UTC 2025","TestChainId","test_network_parameters","",""
"","306","test_rpc_method_is_available[Test for Karura, url: wss://karura-rpc-0.aca-api.network]","tests","Thu Nov 13 09:06:01 UTC 2025","passed","Thu Nov 13 09:06:01 UTC 2025","","test_rpc_methods_availability","",""
"","0","test_can_create_connection[Test for Polkadot Collectives, url: wss://sys.ibp.network/collectives-polkadot]","tests","Thu Nov 13 09:09:12 UTC 2025","passed","Thu Nov 13 09:09:12 UTC 2025","","test_nodes_availability","",""
"","104","test_rpc_method_is_available[Test for Kusama Relay, url: wss://kusama.public.curie.radiumblock.co/ws]","tests","Thu Nov 13 09:06:41 UTC 2025","passed","Thu Nov 13 09:06:41 UTC 2025","","test_rpc_methods_availability","",""
"","172","test_rpc_node_is_synced[Test for Crust Shadow, url: wss://rpc-shadow.crust.network/]","tests","Thu Nov 13 09:07:51 UTC 2025","passed","Thu Nov 13 09:07:51 UTC 2025","","test_substrate_node_is_synced","",""
"","99","test_rpc_method_is_available[Test for GIANT, url: wss://rpc-anchor-2-mainnet-az-ue1.giantprotocol.org:443]","tests","Thu Nov 13 09:09:07 UTC 2025","passed","Thu Nov 13 09:09:07 UTC 2025","","test_rpc_methods_availability","",""
"","177","test_rpc_method_is_available[Test for Polkadot People, url: wss://sys.ibp.network/people-polkadot]","tests","Thu Nov 13 09:06:09 UTC 2025","passed","Thu Nov 13 09:06:09 UTC 2025","","test_rpc_methods_availability","",""
"","12","test_has_new_assets[Test for peaq]","tests","Thu Nov 13 09:07:27 UTC 2025","passed","Thu Nov 13 09:07:27 UTC 2025","TestAssets","test_check_new_assets","",""
"","0","test_address_prefix[Test for DeepBrain]","tests","Thu Nov 13 09:07:38 UTC 2025","passed","Thu Nov 13 09:07:38 UTC 2025","TestNetworkPrefix","test_network_parameters","",""
"","12","test_has_new_assets[Test for Moonbeam]","tests","Thu Nov 13 09:06:06 UTC 2025","passed","Thu Nov 13 09:06:06 UTC 2025","TestAssets","test_check_new_assets","",""
"","182","test_rpc_method_is_available[Test for Polkadot Asset Hub, url: wss://sys.ibp.network/asset-hub-polkadot]","tests","Thu Nov 13 09:07:52 UTC 2025","passed","Thu Nov 13 09:07:52 UTC 2025","","test_rpc_methods_availability","",""
"","0","test_precision[Test for UNIQUE]","tests","Thu Nov 13 09:06:38 UTC 2025","passed","Thu Nov 13 09:06:38 UTC 2025","TestPrecision","test_network_parameters","",""
"","0","test_can_create_connection[Test for Phala, url: wss://phala-rpc.n.dwellir.com]","tests","Thu Nov 13 09:07:16 UTC 2025","passed","Thu Nov 13 09:07:16 UTC 2025","","test_nodes_availability","",""
"","0","test_precision[Test for Polymesh]","tests","Thu Nov 13 09:06:29 UTC 2025","passed","Thu Nov 13 09:06:29 UTC 2025","TestPrecision","test_network_parameters","",""
"","0","test_can_create_connection[Test for Shiden, url: wss://shiden-rpc.n.dwellir.com]","tests","Thu Nov 13 09:07:11 UTC 2025","passed","Thu Nov 13 09:07:11 UTC 2025","","test_nodes_availability","",""
"","0","test_precision[Test for Pendulum]","tests","Thu Nov 13 09:07:02 UTC 2025","passed","Thu Nov 13 09:07:02 UTC 2025","TestPrecision","test_network_parameters","",""
"","0","test_chainId[Test for KILT]","tests","Thu Nov 13 09:06:13 UTC 2025","passed","Thu Nov 13 09:06:13 UTC 2025","TestChainId","test_network_parameters","",""
"","0","test_address_prefix[Test for Ajuna]","tests","Thu Nov 13 09:06:47 UTC 2025","passed","Thu Nov 13 09:06:47 UTC 2025","TestNetworkPrefix","test_network_parameters","",""
"","94","test_rpc_method_is_available[Test for XX network, url: wss://rpc-hetzner.xx.network]","tests","Thu Nov 13 09:08:34 UTC 2025","passed","Thu Nov 13 09:08:34 UTC 2025","","test_rpc_methods_availability","",""
"","0","test_address_prefix[Test for Frequency]","tests","Thu Nov 13 09:06:59 UTC 2025","passed","Thu Nov 13 09:06:59 UTC 2025","TestNetworkPrefix","test_network_parameters","",""
"","136","test_rpc_node_is_synced[Test for Cere, url: wss://rpc.mainnet.cere.network/ws]","tests","Thu Nov 13 09:09:38 UTC 2025","passed","Thu Nov 13 09:09:38 UTC 2025","","test_substrate_node_is_synced","",""
"","0","test_precision[Test for Acala]","tests","Thu Nov 13 09:05:58 UTC 2025","passed","Thu Nov 13 09:05:58 UTC 2025","TestPrecision","test_network_parameters","",""
"","0","test_precision[Test for Laos]","tests","Thu Nov 13 09:07:33 UTC 2025","passed","Thu Nov 13 09:07:33 UTC 2025","TestPrecision","test_network_parameters","",""
"","101","test_rpc_method_is_available[Test for QUARTZ, url: wss://quartz.unique.network]","tests","Thu Nov 13 09:08:44 UTC 2025","passed","Thu Nov 13 09:08:44 UTC 2025","","test_rpc_methods_availability","",""
"","4","test_has_new_assets[Test for Aventus]","tests","Thu Nov 13 09:06:52 UTC 2025","passed","Thu Nov 13 09:06:52 UTC 2025","TestAssets","test_check_new_assets","",""
"","0","test_precision[Test for Enjin Relay]","tests","Thu Nov 13 09:07:17 UTC 2025","passed","Thu Nov 13 09:07:17 UTC 2025","TestPrecision","test_network_parameters","",""
"","1","test_can_create_connection[Test for Hydration, url: wss://hydration.ibp.network]","tests","Thu Nov 13 09:06:57 UTC 2025","passed","Thu Nov 13 09:06:57 UTC 2025","","test_nodes_availability","",""
"","1","test_precision[Test for DeepBrain]","tests","Thu Nov 13 09:07:36 UTC 2025","passed","Thu Nov 13 09:07:36 UTC 2025","TestPrecision","test_network_parameters","",""
"","167","test_rpc_method_is_available[Test for Kusama Bridge Hub, url: wss://sys.ibp.network/bridgehub-kusama]","tests","Thu Nov 13 09:09:08 UTC 2025","passed","Thu Nov 13 09:09:09 UTC 2025","","test_rpc_methods_availability","",""
"","0","test_address_prefix[Test for Hyperbridge Nexus]","tests","Thu Nov 13 09:07:24 UTC 2025","passed","Thu Nov 13 09:07:24 UTC 2025","TestNetworkPrefix","test_network_parameters","",""
"","0","test_precision[Test for Shiden]","tests","Thu Nov 13 09:06:19 UTC 2025","passed","Thu Nov 13 09:06:19 UTC 2025","TestPrecision","test_network_parameters","",""
"","615","test_rpc_node_is_synced[Test for Acala, url: wss://acala-rpc-2.aca-api.network/ws]","tests","Thu Nov 13 09:06:49 UTC 2025","passed","Thu Nov 13 09:06:50 UTC 2025","","test_substrate_node_is_synced","",""
"","7","test_has_new_assets[Test for CC Enterprise]","tests","Thu Nov 13 09:07:21 UTC 2025","passed","Thu Nov 13 09:07:21 UTC 2025","TestAssets","test_check_new_assets","",""
"","0","test_address_prefix[Test for Energy Web X]","tests","Thu Nov 13 09:07:10 UTC 2025","passed","Thu Nov 13 09:07:10 UTC 2025","TestNetworkPrefix","test_network_parameters","",""
"","0","test_precision[Test for GIANT]","tests","Thu Nov 13 09:06:49 UTC 2025","passed","Thu Nov 13 09:06:49 UTC 2025","TestPrecision","test_network_parameters","",""
"","0","test_can_create_connection[Test for Polkadot Relay, url: wss://rpc-polkadot.luckyfriday.io]","tests","Thu Nov 13 09:06:44 UTC 2025","passed","Thu Nov 13 09:06:44 UTC 2025","","test_nodes_availability","",""
"","1","test_address_prefix[Test for Karura]","tests","Thu Nov 13 09:06:02 UTC 2025","passed","Thu Nov 13 09:06:02 UTC 2025","TestNetworkPrefix","test_network_parameters","",""
"","0","test_address_prefix[Test for Xode]","tests","Thu Nov 13 09:08:15 UTC 2025","broken","Thu Nov 13 09:08:15 UTC 2025","TestNetworkPrefix","test_network_parameters","",""
"","101","test_rpc_method_is_available[Test for Karura, url: wss://karura-rpc-1.aca-api.network]","tests","Thu Nov 13 09:06:05 UTC 2025","passed","Thu Nov 13 09:06:05 UTC 2025","","test_rpc_methods_availability","",""
"","0","test_precision[Test for Darwinia]","tests","Thu Nov 13 09:07:01 UTC 2025","passed","Thu Nov 13 09:07:01 UTC 2025","TestPrecision","test_network_parameters","",""
"","149","test_rpc_method_is_available[Test for Kusama Coretime, url: wss://coretime-kusama.dotters.network]","tests","Thu Nov 13 09:10:18 UTC 2025","passed","Thu Nov 13 09:10:19 UTC 2025","","test_rpc_methods_availability","",""
"","0","test_address_prefix[Test for Aventus]","tests","Thu Nov 13 09:07:37 UTC 2025","passed","Thu Nov 13 09:07:37 UTC 2025","TestNetworkPrefix","test_network_parameters","",""
"","91","test_rpc_node_is_synced[Test for Moonriver, url: wss://moonriver-rpc.publicnode.com]","tests","Thu Nov 13 09:06:34 UTC 2025","passed","Thu Nov 13 09:06:34 UTC 2025","","test_substrate_node_is_synced","",""
"","0","test_address_prefix[Test for CC Enterprise]","tests","Thu Nov 13 09:07:28 UTC 2025","passed","Thu Nov 13 09:07:28 UTC 2025","TestNetworkPrefix","test_network_parameters","",""
"","147","test_rpc_method_is_available[Test for Kintsugi, url: wss://api-kusama.interlay.io/parachain]","tests","Thu Nov 13 09:07:09 UTC 2025","passed","Thu Nov 13 09:07:10 UTC 2025","","test_rpc_methods_availability","",""
"","0","test_precision[Test for Creditcoin]","tests","Thu Nov 13 09:07:29 UTC 2025","passed","Thu Nov 13 09:07:29 UTC 2025","TestPrecision","test_network_parameters","",""
"","55","test_rpc_node_is_synced[Test for Kusama Asset Hub, url: wss://sys.ibp.network/statemine]","tests","Thu Nov 13 09:06:48 UTC 2025","passed","Thu Nov 13 09:06:48 UTC 2025","","test_substrate_node_is_synced","",""
"","196","test_rpc_node_is_synced[Test for Crust Shadow, url: wss://rpc-sha-subscan.crustnetwork.xyz]","tests","Thu Nov 13 09:07:05 UTC 2025","passed","Thu Nov 13 09:07:05 UTC 2025","","test_substrate_node_is_synced","",""
"","0","test_chainId[Test for Tangle]","tests","Thu Nov 13 09:07:37 UTC 2025","passed","Thu Nov 13 09:07:37 UTC 2025","TestChainId","test_network_parameters","",""
"","33","test_rpc_node_is_synced[Test for Kusama People, url: wss://sys.ibp.network/people-kusama]","tests","Thu Nov 13 09:06:22 UTC 2025","passed","Thu Nov 13 09:06:22 UTC 2025","","test_substrate_node_is_synced","",""
"","0","test_precision[Test for Bifrost Polkadot]","tests","Thu Nov 13 09:06:29 UTC 2025","passed","Thu Nov 13 09:06:29 UTC 2025","TestPrecision","test_network_parameters","",""
"","176","test_rpc_method_is_available[Test for Bifrost Polkadot, url: wss://bifrost-polkadot.ibp.network]","tests","Thu Nov 13 09:08:25 UTC 2025","passed","Thu Nov 13 09:08:25 UTC 2025","","test_rpc_methods_availability","",""
"","0","test_chainId[Test for Joystream]","tests","Thu Nov 13 09:07:11 UTC 2025","passed","Thu Nov 13 09:07:11 UTC 2025","TestChainId","test_network_parameters","",""
"","11","test_has_new_assets[Test for JAMTON]","tests","Thu Nov 13 09:07:37 UTC 2025","passed","Thu Nov 13 09:07:37 UTC 2025","TestAssets","test_check_new_assets","",""
"","55","test_rpc_node_is_synced[Test for Crust Polkadot Parachain, url: wss://crust-parachain.crustapps.net]","tests","Thu Nov 13 09:08:36 UTC 2025","passed","Thu Nov 13 09:08:36 UTC 2025","","test_substrate_node_is_synced","",""
"","46","test_rpc_node_is_synced[Test for Phala, url: wss://phala.public.curie.radiumblock.co/ws]","tests","Thu Nov 13 09:07:37 UTC 2025","passed","Thu Nov 13 09:07:37 UTC 2025","","test_substrate_node_is_synced","",""
"","152","test_rpc_node_is_synced[Test for Kusama Relay, url: wss://apps-kusama-rpc.polkadot.io]","tests","Thu Nov 13 09:06:14 UTC 2025","passed","Thu Nov 13 09:06:14 UTC 2025","","test_substrate_node_is_synced","",""
"","122","test_rpc_method_is_available[Test for DeepBrain, url: wss://info.dbcwallet.io]","tests","Thu Nov 13 09:10:14 UTC 2025","passed","Thu Nov 13 09:10:14 UTC 2025","","test_rpc_methods_availability","",""
"","168","test_rpc_node_is_synced[Test for Kusama People, url: wss://kusama-people-rpc.polkadot.io]","tests","Thu Nov 13 09:06:19 UTC 2025","passed","Thu Nov 13 09:06:19 UTC 2025","","test_substrate_node_is_synced","",""
"","195","test_rpc_node_is_synced[Test for Curio, url: wss://archive.parachain.curioinvest.com]","tests","Thu Nov 13 09:09:14 UTC 2025","passed","Thu Nov 13 09:09:14 UTC 2025","","test_substrate_node_is_synced","",""
"","0","test_precision[Test for Hydration]","tests","Thu Nov 13 09:06:47 UTC 2025","passed","Thu Nov 13 09:06:47 UTC 2025","TestPrecision","test_network_parameters","",""
"","101","test_rpc_method_is_available[Test for Frequency, url: wss://0.rpc.frequency.xyz]","tests","Thu Nov 13 09:09:23 UTC 2025","passed","Thu Nov 13 09:09:23 UTC 2025","","test_rpc_methods_availability","",""
"","149","test_rpc_method_is_available[Test for Enjin Matrix, url: wss://rpc.matrix.blockchain.enjin.io]","tests","Thu Nov 13 09:09:27 UTC 2025","passed","Thu Nov 13 09:09:27 UTC 2025","","test_rpc_methods_availability","",""
"","10","test_has_new_assets[Test for krest]","tests","Thu Nov 13 09:07:08 UTC 2025","passed","Thu Nov 13 09:07:08 UTC 2025","TestAssets","test_check_new_assets","",""
"","0","test_precision[Test for Acurast Canary]","tests","Thu Nov 13 09:07:23 UTC 2025","passed","Thu Nov 13 09:07:23 UTC 2025","TestPrecision","test_network_parameters","",""
"","1","test_can_create_connection[Test for Darwinia, url: wss://rpc.darwinia.network]","tests","Thu Nov 13 09:08:46 UTC 2025","passed","Thu Nov 13 09:08:46 UTC 2025","","test_nodes_availability","",""
"","176","test_rpc_method_is_available[Test for Altair, url: wss://altair.api.onfinality.io/public-ws]","tests","Thu Nov 13 09:08:22 UTC 2025","passed","Thu Nov 13 09:08:22 UTC 2025","","test_rpc_methods_availability","",""
"","0","test_can_create_connection[Test for UNIQUE, url: wss://asia-ws.unique.network/]","tests","Thu Nov 13 09:07:54 UTC 2025","passed","Thu Nov 13 09:07:54 UTC 2025","","test_nodes_availability","",""
"","0","test_chainId[Test for Zeitgeist]","tests","Thu Nov 13 09:06:22 UTC 2025","passed","Thu Nov 13 09:06:22 UTC 2025","TestChainId","test_network_parameters","",""
"","0","test_can_create_connection[Test for UNIQUE, url: wss://us-ws.unique.network/]","tests","Thu Nov 13 09:07:47 UTC 2025","passed","Thu Nov 13 09:07:47 UTC 2025","","test_nodes_availability","",""
"","108","test_rpc_method_is_available[Test for Acala, url: wss://acala-rpc-2.aca-api.network/ws]","tests","Thu Nov 13 09:07:07 UTC 2025","passed","Thu Nov 13 09:07:07 UTC 2025","","test_rpc_methods_availability","",""
"","0","test_can_create_connection[Test for Kusama Asset Hub, url: wss://sys.ibp.network/statemine]","tests","Thu Nov 13 09:06:53 UTC 2025","passed","Thu Nov 13 09:06:53 UTC 2025","","test_nodes_availability","",""
"","0","test_can_create_connection[Test for Shiden, url: wss://shiden.public.curie.radiumblock.co/ws]","tests","Thu Nov 13 09:07:14 UTC 2025","passed","Thu Nov 13 09:07:14 UTC 2025","","test_nodes_availability","",""
"","102","test_rpc_method_is_available[Test for Bittensor, url: wss://entrypoint-finney.opentensor.ai:443]","tests","Thu Nov 13 09:08:48 UTC 2025","passed","Thu Nov 13 09:08:49 UTC 2025","","test_rpc_methods_availability","",""
"","1","test_address_prefix[Test for Humanode]","tests","Thu Nov 13 09:07:34 UTC 2025","passed","Thu Nov 13 09:07:34 UTC 2025","TestNetworkPrefix","test_network_parameters","",""
"","182","test_rpc_method_is_available[Test for Karura, url: wss://karura-rpc-2.aca-api.network/ws]","tests","Thu Nov 13 09:06:10 UTC 2025","passed","Thu Nov 13 09:06:10 UTC 2025","","test_rpc_methods_availability","",""
"","106","test_rpc_method_is_available[Test for Crust Shadow, url: wss://rpc-shadow.crust.network/]","tests","Thu Nov 13 09:07:45 UTC 2025","passed","Thu Nov 13 09:07:45 UTC 2025","","test_rpc_methods_availability","",""
"","10","test_has_new_assets[Test for Basilisk]","tests","Thu Nov 13 09:06:09 UTC 2025","passed","Thu Nov 13 09:06:09 UTC 2025","TestAssets","test_check_new_assets","",""
"","0","test_address_prefix[Test for Kreivo]","tests","Thu Nov 13 09:07:23 UTC 2025","passed","Thu Nov 13 09:07:23 UTC 2025","TestNetworkPrefix","test_network_parameters","",""
"","105","test_rpc_method_is_available[Test for Kusama Asset Hub, url: wss://sys.ibp.network/statemine]","tests","Thu Nov 13 09:07:01 UTC 2025","passed","Thu Nov 13 09:07:01 UTC 2025","","test_rpc_methods_availability","",""
"","200","test_rpc_node_is_synced[Test for Kusama Coretime, url: wss://ksm-rpc.stakeworld.io/coretime]","tests","Thu Nov 13 09:09:59 UTC 2025","passed","Thu Nov 13 09:09:59 UTC 2025","","test_substrate_node_is_synced","",""
"","32","test_rpc_node_is_synced[Test for Polkadot Asset Hub, url: wss://asset-hub-polkadot.dotters.network]","tests","Thu Nov 13 09:07:28 UTC 2025","passed","Thu Nov 13 09:07:28 UTC 2025","","test_substrate_node_is_synced","",""
"","10","test_has_new_assets[Test for Frequency]","tests","Thu Nov 13 09:06:58 UTC 2025","passed","Thu Nov 13 09:06:58 UTC 2025","TestAssets","test_check_new_assets","",""
"","4","test_has_new_assets[Test for Kusama Bridge Hub]","tests","Thu Nov 13 09:06:59 UTC 2025","passed","Thu Nov 13 09:06:59 UTC 2025","TestAssets","test_check_new_assets","",""
"","151","test_rpc_node_is_synced[Test for Bifrost Kusama, url: wss://us.bifrost-rpc.liebi.com/ws]","tests","Thu Nov 13 09:08:04 UTC 2025","passed","Thu Nov 13 09:08:04 UTC 2025","","test_substrate_node_is_synced","",""
"","0","test_chainId[Test for Energy Web X]","tests","Thu Nov 13 09:07:16 UTC 2025","passed","Thu Nov 13 09:07:16 UTC 2025","TestChainId","test_network_parameters","",""
"","1","test_chainId[Test for Encointer]","tests","Thu Nov 13 09:06:17 UTC 2025","passed","Thu Nov 13 09:06:17 UTC 2025","TestChainId","test_network_parameters","",""
"","13","test_has_new_assets[Test for Darwinia]","tests","Thu Nov 13 09:07:03 UTC 2025","passed","Thu Nov 13 09:07:03 UTC 2025","TestAssets","test_check_new_assets","",""
"","150","test_rpc_node_is_synced[Test for Polkadot Asset Hub, url: wss://asset-hub-polkadot-rpc.n.dwellir.com]","tests","Thu Nov 13 09:07:21 UTC 2025","passed","Thu Nov 13 09:07:21 UTC 2025","","test_substrate_node_is_synced","",""
"","8","test_has_new_assets[Test for DENTNet]","tests","Thu Nov 13 09:07:24 UTC 2025","passed","Thu Nov 13 09:07:24 UTC 2025","TestAssets","test_check_new_assets","",""
"","1","test_can_create_connection[Test for UNIQUE, url: wss://unique.ibp.network]","tests","Thu Nov 13 09:07:57 UTC 2025","passed","Thu Nov 13 09:07:57 UTC 2025","","test_nodes_availability","",""
"","12","test_has_new_assets[Test for KILT]","tests","Thu Nov 13 09:06:16 UTC 2025","passed","Thu Nov 13 09:06:16 UTC 2025","TestAssets","test_check_new_assets","",""
"","9","test_has_new_assets[Test for Joystream]","tests","Thu Nov 13 09:07:03 UTC 2025","passed","Thu Nov 13 09:07:03 UTC 2025","TestAssets","test_check_new_assets","",""
"","157","test_rpc_node_is_synced[Test for Astar, url: wss://rpc.astar.network]","tests","Thu Nov 13 09:07:03 UTC 2025","passed","Thu Nov 13 09:07:03 UTC 2025","","test_substrate_node_is_synced","",""
"","0","test_can_create_connection[Test for CC Enterprise, url: wss://mainnet.creditcoin.network/ws]","tests","Thu Nov 13 09:09:39 UTC 2025","passed","Thu Nov 13 09:09:39 UTC 2025","","test_nodes_availability","",""
"","0","test_chainId[Test for Crust Polkadot Parachain]","tests","Thu Nov 13 09:06:50 UTC 2025","passed","Thu Nov 13 09:06:50 UTC 2025","TestChainId","test_network_parameters","",""
"","150","test_rpc_node_is_synced[Test for Shiden, url: wss://shiden-rpc.n.dwellir.com]","tests","Thu Nov 13 09:06:50 UTC 2025","passed","Thu Nov 13 09:06:50 UTC 2025","","test_substrate_node_is_synced","",""
"","0","test_address_prefix[Test for Bifrost Polkadot]","tests","Thu Nov 13 09:06:28 UTC 2025","passed","Thu Nov 13 09:06:28 UTC 2025","TestNetworkPrefix","test_network_parameters","",""
"","0","test_can_create_connection[Test for Manta Atlantic, url: wss://ws.manta.systems]","tests","Thu Nov 13 09:09:24 UTC 2025","passed","Thu Nov 13 09:09:24 UTC 2025","","test_nodes_availability","",""
"","146","test_rpc_node_is_synced[Test for Energy Web X, url: wss://public-rpc.mainnet.energywebx.com/]","tests","Thu Nov 13 09:09:11 UTC 2025","passed","Thu Nov 13 09:09:12 UTC 2025","","test_substrate_node_is_synced","",""
"","11","test_has_new_assets[Test for Curio]","tests","Thu Nov 13 09:07:13 UTC 2025","passed","Thu Nov 13 09:07:13 UTC 2025","TestAssets","test_check_new_assets","",""
"","141","test_rpc_method_is_available[Test for Polymesh, url: wss://mainnet-rpc.polymesh.network]","tests","Thu Nov 13 09:08:43 UTC 2025","passed","Thu Nov 13 09:08:43 UTC 2025","","test_rpc_methods_availability","",""
"","169","test_rpc_node_is_synced[Test for Kintsugi, url: wss://api-kusama.interlay.io/parachain]","tests","Thu Nov 13 09:06:55 UTC 2025","passed","Thu Nov 13 09:06:55 UTC 2025","","test_substrate_node_is_synced","",""
"","87","test_rpc_node_is_synced[Test for Moonriver, url: wss://wss.api.moonriver.moonbeam.network]","tests","Thu Nov 13 09:06:36 UTC 2025","passed","Thu Nov 13 09:06:36 UTC 2025","","test_substrate_node_is_synced","",""
"","51","test_rpc_node_is_synced[Test for Frequency, url: wss://1.rpc.frequency.xyz]","tests","Thu Nov 13 09:08:44 UTC 2025","passed","Thu Nov 13 09:08:44 UTC 2025","","test_substrate_node_is_synced","",""
"","1","test_address_prefix[Test for Kintsugi]","tests","Thu Nov 13 09:06:23 UTC 2025","passed","Thu Nov 13 09:06:23 UTC 2025","TestNetworkPrefix","test_network_parameters","",""
"","0","test_can_create_connection[Test for Interlay, url: wss://api.interlay.io/parachain]","tests","Thu Nov 13 09:07:06 UTC 2025","passed","Thu Nov 13 09:07:06 UTC 2025","","test_nodes_availability","",""
"","0","test_can_create_connection[Test for 3DPass, url: wss://rpc.3dpass.org]","tests","Thu Nov 13 09:08:37 UTC 2025","passed","Thu Nov 13 09:08:37 UTC 2025","","test_nodes_availability","",""
"","144","test_rpc_method_is_available[Test for Moonriver, url: wss://moonriver.public.curie.radiumblock.co/ws]","tests","Thu Nov 13 09:06:47 UTC 2025","passed","Thu Nov 13 09:06:47 UTC 2025","","test_rpc_methods_availability","",""
"","33","test_rpc_node_is_synced[Test for Kusama Relay, url: wss://rpc.ibp.network/kusama]","tests","Thu Nov 13 09:06:03 UTC 2025","passed","Thu Nov 13 09:06:03 UTC 2025","","test_substrate_node_is_synced","",""
"","0","test_precision[Test for NeuroWeb]","tests","Thu Nov 13 09:06:24 UTC 2025","passed","Thu Nov 13 09:06:24 UTC 2025","TestPrecision","test_network_parameters","",""
"","0","test_precision[Test for peaq]","tests","Thu Nov 13 09:07:35 UTC 2025","passed","Thu Nov 13 09:07:35 UTC 2025","TestPrecision","test_network_parameters","",""
"","101","test_rpc_method_is_available[Test for Polkadot Coretime, url: wss://coretime-polkadot.dotters.network]","tests","Thu Nov 13 09:11:02 UTC 2025","passed","Thu Nov 13 09:11:02 UTC 2025","","test_rpc_methods_availability","",""
"","147","test_rpc_node_is_synced[Test for DAO IPCI, url: wss://ipci.rpc.robonomics.network]","tests","Thu Nov 13 09:08:17 UTC 2025","passed","Thu Nov 13 09:08:18 UTC 2025","","test_substrate_node_is_synced","",""
"","0","test_address_prefix[Test for Laos]","tests","Thu Nov 13 09:07:43 UTC 2025","passed","Thu Nov 13 09:07:43 UTC 2025","TestNetworkPrefix","test_network_parameters","",""
"","0","test_chainId[Test for Ajuna]","tests","Thu Nov 13 09:06:51 UTC 2025","passed","Thu Nov 13 09:06:51 UTC 2025","TestChainId","test_network_parameters","",""
"","1","test_can_create_connection[Test for Ternoa, url: wss://mainnet.ternoa.network]","tests","Thu Nov 13 09:08:06 UTC 2025","passed","Thu Nov 13 09:08:06 UTC 2025","","test_nodes_availability","",""
"","286","test_rpc_method_is_available[Test for Polkadot Relay, url: wss://rpc-polkadot-1.novasama-tech.org]","tests","Thu Nov 13 09:06:03 UTC 2025","passed","Thu Nov 13 09:06:03 UTC 2025","","test_rpc_methods_availability","",""
"","178","test_rpc_method_is_available[Test for Mythos, url: wss://mythos.dotters.network]","tests","Thu Nov 13 09:09:44 UTC 2025","passed","Thu Nov 13 09:09:44 UTC 2025","","test_rpc_methods_availability","",""
"","0","test_precision[Test for krest]","tests","Thu Nov 13 09:07:08 UTC 2025","passed","Thu Nov 13 09:07:08 UTC 2025","TestPrecision","test_network_parameters","",""
"","28","test_rpc_node_is_synced[Test for Polkadot People, url: wss://people-polkadot.dotters.network]","tests","Thu Nov 13 09:06:08 UTC 2025","passed","Thu Nov 13 09:06:08 UTC 2025","","test_substrate_node_is_synced","",""
"","1","test_can_create_connection[Test for UNIQUE, url: wss://eu-ws.unique.network/]","tests","Thu Nov 13 09:09:21 UTC 2025","passed","Thu Nov 13 09:09:21 UTC 2025","","test_nodes_availability","",""
"","55","test_rpc_node_is_synced[Test for Zeitgeist, url: wss://zeitgeist.api.onfinality.io/public-ws]","tests","Thu Nov 13 09:06:59 UTC 2025","passed","Thu Nov 13 09:06:59 UTC 2025","","test_substrate_node_is_synced","",""
"","1","test_precision[Test for Kusama Asset Hub]","tests","Thu Nov 13 09:06:15 UTC 2025","passed","Thu Nov 13 09:06:15 UTC 2025","TestPrecision","test_network_parameters","",""
"","0","test_rpc_method_is_available[Test for Bifrost Polkadot, url: wss://hk.p.bifrost-rpc.liebi.com/ws]","tests","Thu Nov 13 09:09:16 UTC 2025","broken","Thu Nov 13 09:09:16 UTC 2025","","test_rpc_methods_availability","",""
"","0","test_can_create_connection[Test for Phala, url: wss://phala.public.curie.radiumblock.co/ws]","tests","Thu Nov 13 09:07:37 UTC 2025","passed","Thu Nov 13 09:07:37 UTC 2025","","test_nodes_availability","",""
"","163","test_has_new_assets[Test for Polkadot Relay]","tests","Thu Nov 13 09:06:01 UTC 2025","passed","Thu Nov 13 09:06:01 UTC 2025","TestAssets","test_check_new_assets","",""
"","0","test_precision[Test for Humanode]","tests","Thu Nov 13 09:07:31 UTC 2025","passed","Thu Nov 13 09:07:31 UTC 2025","TestPrecision","test_network_parameters","",""
"","159","test_rpc_node_is_synced[Test for Karura, url: wss://karura-rpc-1.aca-api.network]","tests","Thu Nov 13 09:06:00 UTC 2025","passed","Thu Nov 13 09:06:00 UTC 2025","","test_substrate_node_is_synced","",""
"","0","test_rpc_node_is_synced[Test for Bifrost Polkadot, url: wss://hk.p.bifrost-rpc.liebi.com/ws]","tests","Thu Nov 13 09:08:44 UTC 2025","broken","Thu Nov 13 09:08:44 UTC 2025","","test_substrate_node_is_synced","",""
"","1","test_address_prefix[Test for Westend (TESTNET)]","tests","Thu Nov 13 09:06:11 UTC 2025","passed","Thu Nov 13 09:06:11 UTC 2025","TestNetworkPrefix","test_network_parameters","",""
"","0","test_address_prefix[Test for Heima]","tests","Thu Nov 13 09:06:34 UTC 2025","passed","Thu Nov 13 09:06:34 UTC 2025","TestNetworkPrefix","test_network_parameters","",""
"","171","test_rpc_method_is_available[Test for Kusama Coretime, url: wss://rpc-coretime-kusama.luckyfriday.io]","tests","Thu Nov 13 09:10:23 UTC 2025","passed","Thu Nov 13 09:10:24 UTC 2025","","test_rpc_methods_availability","",""
"","18","test_rpc_node_is_synced[Test for Polkadot Bridge Hub, url: wss://bridge-hub-polkadot.dotters.network]","tests","Thu Nov 13 09:08:52 UTC 2025","passed","Thu Nov 13 09:08:52 UTC 2025","","test_substrate_node_is_synced","",""
"","46","test_rpc_node_is_synced[Test for Amplitude, url: wss://rpc-amplitude.pendulumchain.tech]","tests","Thu Nov 13 09:08:07 UTC 2025","passed","Thu Nov 13 09:08:07 UTC 2025","","test_substrate_node_is_synced","",""
"","144","test_rpc_method_is_available[Test for Hydration, url: wss://rpc.hydradx.cloud]","tests","Thu Nov 13 09:08:22 UTC 2025","passed","Thu Nov 13 09:08:22 UTC 2025","","test_rpc_methods_availability","",""
"","95","test_rpc_method_is_available[Test for Centrifuge Parachain, url: wss://fullnode.centrifuge.io]","tests","Thu Nov 13 09:07:58 UTC 2025","passed","Thu Nov 13 09:07:58 UTC 2025","","test_rpc_methods_availability","",""
"","0","test_precision[Test for Polkadot Relay]","tests","Thu Nov 13 09:06:00 UTC 2025","passed","Thu Nov 13 09:06:00 UTC 2025","TestPrecision","test_network_parameters","",""
"","60","test_has_new_assets[Test for Kintsugi]","tests","Thu Nov 13 09:06:24 UTC 2025","passed","Thu Nov 13 09:06:24 UTC 2025","TestAssets","test_check_new_assets","",""
"","179","test_rpc_method_is_available[Test for Moonbeam, url: wss://wss.api.moonbeam.network]","tests","Thu Nov 13 09:06:26 UTC 2025","passed","Thu Nov 13 09:06:26 UTC 2025","","test_rpc_methods_availability","",""
"","1","test_precision[Test for Ternoa]","tests","Thu Nov 13 09:06:24 UTC 2025","passed","Thu Nov 13 09:06:24 UTC 2025","TestPrecision","test_network_parameters","",""
"","117","test_rpc_method_is_available[Test for Westend (TESTNET), url: wss://westend-rpc.polkadot.io]","tests","Thu Nov 13 09:06:48 UTC 2025","passed","Thu Nov 13 09:06:48 UTC 2025","","test_rpc_methods_availability","",""
"","54","test_rpc_node_is_synced[Test for GIANT, url: wss://rpc-anchor-2-mainnet-az-ue1.giantprotocol.org:443]","tests","Thu Nov 13 09:08:51 UTC 2025","passed","Thu Nov 13 09:08:52 UTC 2025","","test_substrate_node_is_synced","",""
"","1","test_chainId[Test for Polkadex]","tests","Thu Nov 13 09:06:50 UTC 2025","passed","Thu Nov 13 09:06:50 UTC 2025","TestChainId","test_network_parameters","",""
"","0","test_precision[Test for Hyperbridge Nexus]","tests","Thu Nov 13 09:07:22 UTC 2025","passed","Thu Nov 13 09:07:22 UTC 2025","TestPrecision","test_network_parameters","",""
"","163","test_rpc_method_is_available[Test for Karura, url: wss://karura-rpc.n.dwellir.com]","tests","Thu Nov 13 09:06:21 UTC 2025","passed","Thu Nov 13 09:06:21 UTC 2025","","test_rpc_methods_availability","",""
"","13","test_has_new_assets[Test for Kusama Asset Hub]","tests","Thu Nov 13 09:06:18 UTC 2025","passed","Thu Nov 13 09:06:18 UTC 2025","TestAssets","test_check_new_assets","",""
"","0","test_chainId[Test for Avail]","tests","Thu Nov 13 09:07:23 UTC 2025","passed","Thu Nov 13 09:07:23 UTC 2025","TestChainId","test_network_parameters","",""
"","13","test_has_new_assets[Test for Kreivo]","tests","Thu Nov 13 09:07:19 UTC 2025","passed","Thu Nov 13 09:07:19 UTC 2025","TestAssets","test_check_new_assets","",""
"","0","test_can_create_connection[Test for Tanssi, url: wss://services.tanssi-mainnet.network/tanssi]","tests","Thu Nov 13 09:10:00 UTC 2025","passed","Thu Nov 13 09:10:00 UTC 2025","","test_nodes_availability","",""
"","10","test_has_new_assets[Test for Westend (TESTNET)]","tests","Thu Nov 13 09:06:12 UTC 2025","passed","Thu Nov 13 09:06:12 UTC 2025","TestAssets","test_check_new_assets","",""
"","1","test_can_create_connection[Test for Acala, url: wss://acala-rpc-3.aca-api.network/ws]","tests","Thu Nov 13 09:06:53 UTC 2025","passed","Thu Nov 13 09:06:53 UTC 2025","","test_nodes_availability","",""
"","110","test_rpc_method_is_available[Test for XX network, url: wss://rpc.xx.network]","tests","Thu Nov 13 09:08:27 UTC 2025","passed","Thu Nov 13 09:08:27 UTC 2025","","test_rpc_methods_availability","",""
"","178","test_rpc_method_is_available[Test for Kusama Bridge Hub, url: wss://ksm-rpc.stakeworld.io/bridgehub]","tests","Thu Nov 13 09:09:16 UTC 2025","passed","Thu Nov 13 09:09:17 UTC 2025","","test_rpc_methods_availability","",""
"","0","test_precision[Test for Energy Web X]","tests","Thu Nov 13 09:07:11 UTC 2025","passed","Thu Nov 13 09:07:11 UTC 2025","TestPrecision","test_network_parameters","",""
"","180","test_rpc_method_is_available[Test for KILT, url: wss://kilt.dotters.network]","tests","Thu Nov 13 09:08:31 UTC 2025","passed","Thu Nov 13 09:08:31 UTC 2025","","test_rpc_methods_availability","",""
"","0","test_can_create_connection[Test for Energy Web X, url: wss://public-rpc.mainnet.energywebx.com/]","tests","Thu Nov 13 09:09:18 UTC 2025","passed","Thu Nov 13 09:09:18 UTC 2025","","test_nodes_availability","",""
"","0","test_address_prefix[Test for KILT]","tests","Thu Nov 13 09:06:14 UTC 2025","passed","Thu Nov 13 09:06:14 UTC 2025","TestNetworkPrefix","test_network_parameters","",""
"","1","test_can_create_connection[Test for Integritee Parachain, url: wss://kusama.api.integritee.network]","tests","Thu Nov 13 09:08:04 UTC 2025","passed","Thu Nov 13 09:08:04 UTC 2025","","test_nodes_availability","",""
"","0","test_address_prefix[Test for Polkadot Collectives]","tests","Thu Nov 13 09:06:59 UTC 2025","passed","Thu Nov 13 09:06:59 UTC 2025","TestNetworkPrefix","test_network_parameters","",""
"","0","test_address_prefix[Test for Polkadot Bridge Hub]","tests","Thu Nov 13 09:06:54 UTC 2025","passed","Thu Nov 13 09:06:54 UTC 2025","TestNetworkPrefix","test_network_parameters","",""
"","0","test_precision[Test for Aleph Zero]","tests","Thu Nov 13 09:06:44 UTC 2025","passed","Thu Nov 13 09:06:44 UTC 2025","TestPrecision","test_network_parameters","",""
"","0","test_precision[Test for Enjin Matrix]","tests","Thu Nov 13 09:07:12 UTC 2025","passed","Thu Nov 13 09:07:12 UTC 2025","TestPrecision","test_network_parameters","",""
"","19","test_rpc_node_is_synced[Test for Polkadot Coretime, url: wss://coretime-polkadot.dotters.network]","tests","Thu Nov 13 09:09:52 UTC 2025","passed","Thu Nov 13 09:09:52 UTC 2025","","test_substrate_node_is_synced","",""
"","29","test_rpc_node_is_synced[Test for Kusama Coretime, url: wss://coretime-kusama.dotters.network]","tests","Thu Nov 13 09:09:54 UTC 2025","passed","Thu Nov 13 09:09:54 UTC 2025","","test_substrate_node_is_synced","",""
"","31","test_has_new_assets[Test for Interlay]","tests","Thu Nov 13 09:06:23 UTC 2025","passed","Thu Nov 13 09:06:23 UTC 2025","TestAssets","test_check_new_assets","",""
"","0","test_rpc_method_is_available[Test for Xode, url: wss://rpc-kr.xode.net]","tests","Thu Nov 13 09:10:45 UTC 2025","broken","Thu Nov 13 09:10:45 UTC 2025","","test_rpc_methods_availability","",""
"","109","test_rpc_method_is_available[Test for Avail, url: wss://avail.rpc.bountyblok.io]","tests","Thu Nov 13 09:10:01 UTC 2025","passed","Thu Nov 13 09:10:01 UTC 2025","","test_rpc_methods_availability","",""
"","41","test_rpc_node_is_synced[Test for Polymesh, url: wss://mainnet-rpc.polymesh.network]","tests","Thu Nov 13 09:08:14 UTC 2025","passed","Thu Nov 13 09:08:14 UTC 2025","","test_substrate_node_is_synced","",""
"","1","test_can_create_connection[Test for Pendulum, url: wss://rpc-pendulum.prd.pendulumchain.tech]","tests","Thu Nov 13 09:08:47 UTC 2025","passed","Thu Nov 13 09:08:47 UTC 2025","","test_nodes_availability","",""
"","114","test_rpc_method_is_available[Test for Crust Shadow, url: wss://rpc-sha-subscan.crustnetwork.xyz]","tests","Thu Nov 13 09:07:22 UTC 2025","passed","Thu Nov 13 09:07:22 UTC 2025","","test_rpc_methods_availability","",""
"","175","test_rpc_method_is_available[Test for UNIQUE, url: wss://asia-ws.unique.network/]","tests","Thu Nov 13 09:08:19 UTC 2025","passed","Thu Nov 13 09:08:19 UTC 2025","","test_rpc_methods_availability","",""
"","0","test_can_create_connection[Test for Kusama Coretime, url: wss://kusama-coretime-rpc.polkadot.io]","tests","Thu Nov 13 09:09:56 UTC 2025","passed","Thu Nov 13 09:09:56 UTC 2025","","test_nodes_availability","",""
"","175","test_rpc_method_is_available[Test for CC Enterprise, url: wss://mainnet.creditcoin.network/ws]","tests","Thu Nov 13 09:10:03 UTC 2025","passed","Thu Nov 13 09:10:03 UTC 2025","","test_rpc_methods_availability","",""
"","0","test_address_prefix[Test for Moonbeam]","tests","Thu Nov 13 09:06:05 UTC 2025","passed","Thu Nov 13 09:06:05 UTC 2025","TestNetworkPrefix","test_network_parameters","",""
"","0","test_can_create_connection[Test for Karura, url: wss://karura-rpc-3.aca-api.network/ws]","tests","Thu Nov 13 09:06:11 UTC 2025","passed","Thu Nov 13 09:06:11 UTC 2025","","test_nodes_availability","",""
"","1","test_chainId[Test for NeuroWeb]","tests","Thu Nov 13 09:06:20 UTC 2025","passed","Thu Nov 13 09:06:20 UTC 2025","TestChainId","test_network_parameters","",""
"","156","test_rpc_node_is_synced[Test for Avail, url: wss://mainnet-rpc.avail.so/ws]","tests","Thu Nov 13 09:09:38 UTC 2025","passed","Thu Nov 13 09:09:38 UTC 2025","","test_substrate_node_is_synced","",""
"","171","test_rpc_node_is_synced[Test for Polkadot Collectives, url: wss://dot-rpc.stakeworld.io/collectives]","tests","Thu Nov 13 09:09:36 UTC 2025","passed","Thu Nov 13 09:09:36 UTC 2025","","test_substrate_node_is_synced","",""
"","0","test_can_create_connection[Test for Joystream, url: wss://rpc.joystream.org]","tests","Thu Nov 13 09:09:15 UTC 2025","passed","Thu Nov 13 09:09:15 UTC 2025","","test_nodes_availability","",""
"","0","test_can_create_connection[Test for UNIQUE, url: wss://unique.dotters.network]","tests","Thu Nov 13 09:08:00 UTC 2025","passed","Thu Nov 13 09:08:00 UTC 2025","","test_nodes_availability","",""
"","0","test_can_create_connection[Test for Curio, url: wss://parachain.curioinvest.com/]","tests","Thu Nov 13 09:09:25 UTC 2025","passed","Thu Nov 13 09:09:25 UTC 2025","","test_nodes_availability","",""
"","674","test_subquery_is_synced","tests","Thu Nov 13 09:06:09 UTC 2025","broken","Thu Nov 13 09:06:10 UTC 2025","","test_subquery_is_synced","",""
"","0","test_chainId[Test for Humanode]","tests","Thu Nov 13 09:07:27 UTC 2025","passed","Thu Nov 13 09:07:27 UTC 2025","TestChainId","test_network_parameters","",""
"","96","test_rpc_method_is_available[Test for Crust Polkadot Parachain, url: wss://crust-parachain.crustapps.net]","tests","Thu Nov 13 09:08:40 UTC 2025","passed","Thu Nov 13 09:08:40 UTC 2025","","test_rpc_methods_availability","",""
"","0","test_can_create_connection[Test for Kusama People, url: wss://sys.ibp.network/people-kusama]","tests","Thu Nov 13 09:06:23 UTC 2025","passed","Thu Nov 13 09:06:23 UTC 2025","","test_nodes_availability","",""
"","19","test_rpc_node_is_synced[Test for Encointer, url: wss://sys.ibp.network/encointer-kusama]","tests","Thu Nov 13 09:07:35 UTC 2025","passed","Thu Nov 13 09:07:35 UTC 2025","","test_substrate_node_is_synced","",""
"","0","test_address_prefix[Test for Centrifuge Parachain]","tests","Thu Nov 13 09:06:44 UTC 2025","passed","Thu Nov 13 09:06:44 UTC 2025","TestNetworkPrefix","test_network_parameters","",""
"","175","test_rpc_method_is_available[Test for Basilisk, url: wss://rpc.basilisk.cloud]","tests","Thu Nov 13 09:08:16 UTC 2025","passed","Thu Nov 13 09:08:16 UTC 2025","","test_rpc_methods_availability","",""
"","73","test_rpc_node_is_synced[Test for Kusama Relay, url: wss://rpc-kusama.luckyfriday.io]","tests","Thu Nov 13 09:06:18 UTC 2025","passed","Thu Nov 13 09:06:18 UTC 2025","","test_substrate_node_is_synced","",""
"","172","test_rpc_method_is_available[Test for Karura, url: wss://karura-rpc-3.aca-api.network/ws]","tests","Thu Nov 13 09:06:15 UTC 2025","passed","Thu Nov 13 09:06:15 UTC 2025","","test_rpc_methods_availability","",""
"","101","test_rpc_method_is_available[Test for Polkadot Asset Hub, url: wss://asset-hub-polkadot.dotters.network]","tests","Thu Nov 13 09:07:55 UTC 2025","passed","Thu Nov 13 09:07:55 UTC 2025","","test_rpc_methods_availability","",""
"","0","test_chainId[Test for Astar]","tests","Thu Nov 13 09:06:03 UTC 2025","passed","Thu Nov 13 09:06:03 UTC 2025","TestChainId","test_network_parameters","",""
"","144","test_rpc_method_is_available[Test for Kusama People, url: wss://kusama-people-rpc.polkadot.io]","tests","Thu Nov 13 09:06:23 UTC 2025","passed","Thu Nov 13 09:06:23 UTC 2025","","test_rpc_methods_availability","",""
"","0","test_can_create_connection[Test for Frequency, url: wss://0.rpc.frequency.xyz]","tests","Thu Nov 13 09:08:57 UTC 2025","passed","Thu Nov 13 09:08:57 UTC 2025","","test_nodes_availability","",""
"","135","test_rpc_method_is_available[Test for Moonbeam, url: wss://moonbeam.public.curie.radiumblock.co/ws]","tests","Thu Nov 13 09:06:45 UTC 2025","passed","Thu Nov 13 09:06:45 UTC 2025","","test_rpc_methods_availability","",""
"","1","test_address_prefix[Test for Curio]","tests","Thu Nov 13 09:07:15 UTC 2025","passed","Thu Nov 13 09:07:15 UTC 2025","TestNetworkPrefix","test_network_parameters","",""
"","1","test_can_create_connection[Test for Moonriver, url: wss://moonriver-rpc.publicnode.com]","tests","Thu Nov 13 09:06:33 UTC 2025","passed","Thu Nov 13 09:06:33 UTC 2025","","test_nodes_availability","",""
"","0","test_precision[Test for Polkadot Collectives]","tests","Thu Nov 13 09:06:59 UTC 2025","passed","Thu Nov 13 09:06:59 UTC 2025","TestPrecision","test_network_parameters","",""
"","92","test_has_new_assets[Test for Kusama People]","tests","Thu Nov 13 09:06:00 UTC 2025","passed","Thu Nov 13 09:06:00 UTC 2025","TestAssets","test_check_new_assets","",""
"","0","test_can_create_connection[Test for GIANT, url: wss://rpc-anchor-1-mainnet-az-ue1.giantprotocol.org:443]","tests","Thu Nov 13 09:08:55 UTC 2025","passed","Thu Nov 13 09:08:55 UTC 2025","","test_nodes_availability","",""
"","0","test_address_prefix[Test for Creditcoin]","tests","Thu Nov 13 09:07:30 UTC 2025","passed","Thu Nov 13 09:07:30 UTC 2025","TestNetworkPrefix","test_network_parameters","",""
"","550","test_rpc_node_work_fast[Test for Ethereum, url: https://ethereum-rpc.publicnode.com]","tests","Thu Nov 13 09:06:00 UTC 2025","passed","Thu Nov 13 09:06:01 UTC 2025","TestETHNodesAvailability","test_eth_nodes_availability","",""
"","0","test_address_prefix[Test for Polkadot People]","tests","Thu Nov 13 09:06:20 UTC 2025","passed","Thu Nov 13 09:06:20 UTC 2025","TestNetworkPrefix","test_network_parameters","",""
"","18","test_rpc_node_is_synced[Test for Creditcoin, url: wss://mainnet3.creditcoin.network]","tests","Thu Nov 13 09:09:40 UTC 2025","passed","Thu Nov 13 09:09:40 UTC 2025","","test_substrate_node_is_synced","",""
"","55","test_rpc_node_is_synced[Test for KILT, url: wss://kilt.dotters.network]","tests","Thu Nov 13 09:08:21 UTC 2025","passed","Thu Nov 13 09:08:21 UTC 2025","","test_substrate_node_is_synced","",""
"","11","test_has_new_assets[Test for XX network]","tests","Thu Nov 13 09:06:42 UTC 2025","passed","Thu Nov 13 09:06:42 UTC 2025","TestAssets","test_check_new_assets","",""
"","0","test_can_create_connection[Test for Hyperbridge Nexus, url: wss://hyperbridge-nexus-rpc.blockops.network]","tests","Thu Nov 13 09:09:35 UTC 2025","passed","Thu Nov 13 09:09:35 UTC 2025","","test_nodes_availability","",""
"","90","test_rpc_node_is_synced[Test for Enjin Relay, url: wss://rpc.relay.blockchain.enjin.io]","tests","Thu Nov 13 09:09:19 UTC 2025","passed","Thu Nov 13 09:09:19 UTC 2025","","test_substrate_node_is_synced","",""
"","1","test_can_create_connection[Test for XX network, url: wss://rpc.xx.network]","tests","Thu Nov 13 09:08:38 UTC 2025","passed","Thu Nov 13 09:08:38 UTC 2025","","test_nodes_availability","",""
"","104","test_rpc_method_is_available[Test for Acurast Canary, url: wss://public-rpc.canary.acurast.com]","tests","Thu Nov 13 09:09:48 UTC 2025","passed","Thu Nov 13 09:09:48 UTC 2025","","test_rpc_methods_availability","",""
"","0","test_chainId[Test for Interlay]","tests","Thu Nov 13 09:06:23 UTC 2025","passed","Thu Nov 13 09:06:23 UTC 2025","TestChainId","test_network_parameters","",""
"","235","test_rpc_node_is_synced[Test for Astar, url: wss://astar.public.curie.radiumblock.co/ws]","tests","Thu Nov 13 09:07:15 UTC 2025","passed","Thu Nov 13 09:07:15 UTC 2025","","test_substrate_node_is_synced","",""
"","55","test_rpc_node_is_synced[Test for KILT, url: wss://kilt.ibp.network]","tests","Thu Nov 13 09:08:17 UTC 2025","passed","Thu Nov 13 09:08:17 UTC 2025","","test_substrate_node_is_synced","",""
"","80","test_rpc_node_is_synced[Test for Polkadot Relay, url: wss://1rpc.io/dot]","tests","Thu Nov 13 09:06:33 UTC 2025","passed","Thu Nov 13 09:06:33 UTC 2025","","test_substrate_node_is_synced","",""
"","0","test_rpc_node_is_synced[Test for Phala, url: wss://rpc.helikon.io/phala]","tests","Thu Nov 13 09:07:25 UTC 2025","broken","Thu Nov 13 09:07:25 UTC 2025","","test_substrate_node_is_synced","",""
"","1","test_address_prefix[Test for Manta Atlantic]","tests","Thu Nov 13 09:07:08 UTC 2025","passed","Thu Nov 13 09:07:08 UTC 2025","TestNetworkPrefix","test_network_parameters","",""
"","98","test_rpc_method_is_available[Test for Polkadot Collectives, url: wss://collectives.public.curie.radiumblock.co/ws]","tests","Thu Nov 13 09:09:23 UTC 2025","passed","Thu Nov 13 09:09:23 UTC 2025","","test_rpc_methods_availability","",""
"","0","test_chainId[Test for GIANT]","tests","Thu Nov 13 09:06:52 UTC 2025","passed","Thu Nov 13 09:06:52 UTC 2025","TestChainId","test_network_parameters","",""
"","0","test_can_create_connection[Test for Polkadot Asset Hub, url: wss://asset-hub-polkadot-rpc.n.dwellir.com]","tests","Thu Nov 13 09:07:23 UTC 2025","passed","Thu Nov 13 09:07:23 UTC 2025","","test_nodes_availability","",""
"","165","test_rpc_method_is_available[Test for Laos, url: wss://rpc.laos.laosfoundation.io]","tests","Thu Nov 13 09:10:11 UTC 2025","passed","Thu Nov 13 09:10:11 UTC 2025","","test_rpc_methods_availability","",""
"","148","test_rpc_method_is_available[Test for Encointer, url: wss://encointer-kusama.dotters.network]","tests","Thu Nov 13 09:06:58 UTC 2025","passed","Thu Nov 13 09:06:59 UTC 2025","","test_rpc_methods_availability","",""
"","101","test_rpc_method_is_available[Test for peaq, url: wss://peaq-rpc.publicnode.com]","tests","Thu Nov 13 09:10:06 UTC 2025","passed","Thu Nov 13 09:10:06 UTC 2025","","test_rpc_methods_availability","",""
"","1","test_can_create_connection[Test for Polkadot Relay, url: wss://1rpc.io/dot]","tests","Thu Nov 13 09:06:40 UTC 2025","passed","Thu Nov 13 09:06:40 UTC 2025","","test_nodes_availability","",""
"","102","test_rpc_method_is_available[Test for Crab, url: wss://crab-rpc.darwinia.network/]","tests","Thu Nov 13 09:09:18 UTC 2025","passed","Thu Nov 13 09:09:18 UTC 2025","","test_rpc_methods_availability","",""
"","1","test_can_create_connection[Test for Astar, url: wss://astar.public.curie.radiumblock.co/ws]","tests","Thu Nov 13 09:07:17 UTC 2025","passed","Thu Nov 13 09:07:17 UTC 2025","","test_nodes_availability","",""
"","159","test_rpc_method_is_available[Test for Interlay, url: wss://api.interlay.io/parachain]","tests","Thu Nov 13 09:07:16 UTC 2025","passed","Thu Nov 13 09:07:16 UTC 2025","","test_rpc_methods_availability","",""
"","101","test_rpc_method_is_available[Test for Nodle Parachain, url: wss://nodle-parachain.api.onfinality.io/public-ws]","tests","Thu Nov 13 09:07:25 UTC 2025","passed","Thu Nov 13 09:07:25 UTC 2025","","test_rpc_methods_availability","",""
"","169","test_rpc_method_is_available[Test for Kusama Relay, url: wss://rpc.ibp.network/kusama]","tests","Thu Nov 13 09:06:10 UTC 2025","passed","Thu Nov 13 09:06:10 UTC 2025","","test_rpc_methods_availability","",""
"","0","test_can_create_connection[Test for Polkadot Relay, url: wss://polkadot.dotters.network]","tests","Thu Nov 13 09:06:18 UTC 2025","passed","Thu Nov 13 09:06:18 UTC 2025","","test_nodes_availability","",""
"","0","test_address_prefix[Test for Aleph Zero]","tests","Thu Nov 13 09:06:44 UTC 2025","passed","Thu Nov 13 09:06:44 UTC 2025","TestNetworkPrefix","test_network_parameters","",""
"","19","test_rpc_node_is_synced[Test for Polkadot Relay, url: wss://rpc.ibp.network/polkadot]","tests","Thu Nov 13 09:06:08 UTC 2025","passed","Thu Nov 13 09:06:08 UTC 2025","","test_substrate_node_is_synced","",""
"","55","test_rpc_node_is_synced[Test for Moonbeam, url: wss://moonbeam.ibp.network]","tests","Thu Nov 13 09:06:22 UTC 2025","passed","Thu Nov 13 09:06:22 UTC 2025","","test_substrate_node_is_synced","",""
"","13","test_has_new_assets[Test for Moonriver]","tests","Thu Nov 13 09:06:10 UTC 2025","passed","Thu Nov 13 09:06:10 UTC 2025","TestAssets","test_check_new_assets","",""
"","0","test_chainId[Test for Laos]","tests","Thu Nov 13 09:07:31 UTC 2025","passed","Thu Nov 13 09:07:31 UTC 2025","TestChainId","test_network_parameters","",""
"","106","test_rpc_method_is_available[Test for Bifrost Polkadot, url: wss://eu.bifrost-polkadot-rpc.liebi.com/ws]","tests","Thu Nov 13 09:09:41 UTC 2025","passed","Thu Nov 13 09:09:41 UTC 2025","","test_rpc_methods_availability","",""
"","175","test_rpc_method_is_available[Test for Phala, url: wss://api.phala.network/ws]","tests","Thu Nov 13 09:07:49 UTC 2025","passed","Thu Nov 13 09:07:49 UTC 2025","","test_rpc_methods_availability","",""
"","0","test_can_create_connection[Test for Acala, url: wss://acala-rpc-0.aca-api.network]","tests","Thu Nov 13 09:06:42 UTC 2025","passed","Thu Nov 13 09:06:42 UTC 2025","","test_nodes_availability","",""
"","81","test_rpc_node_is_synced[Test for Kusama Coretime, url: wss://rpc-coretime-kusama.luckyfriday.io]","tests","Thu Nov 13 09:09:57 UTC 2025","passed","Thu Nov 13 09:09:57 UTC 2025","","test_substrate_node_is_synced","",""
"","6","test_has_new_assets[Test for Creditcoin]","tests","Thu Nov 13 09:07:23 UTC 2025","passed","Thu Nov 13 09:07:23 UTC 2025","TestAssets","test_check_new_assets","",""
"","0","test_chainId[Test for krest]","tests","Thu Nov 13 09:07:01 UTC 2025","passed","Thu Nov 13 09:07:01 UTC 2025","TestChainId","test_network_parameters","",""
"","178","test_rpc_method_is_available[Test for DAO IPCI, url: wss://ipci.rpc.robonomics.network]","tests","Thu Nov 13 09:08:47 UTC 2025","passed","Thu Nov 13 09:08:48 UTC 2025","","test_rpc_methods_availability","",""
"","0","test_precision[Test for Vara]","tests","Thu Nov 13 09:07:03 UTC 2025","passed","Thu Nov 13 09:07:03 UTC 2025","TestPrecision","test_network_parameters","",""
"","0","test_can_create_connection[Test for Heima, url: wss://heima-rpc.n.dwellir.com]","tests","Thu Nov 13 09:09:15 UTC 2025","passed","Thu Nov 13 09:09:15 UTC 2025","","test_nodes_availability","",""
"","7","test_has_new_assets[Test for Polkadot Coretime]","tests","Thu Nov 13 09:08:22 UTC 2025","passed","Thu Nov 13 09:08:22 UTC 2025","TestAssets","test_check_new_assets","",""
"","0","test_can_create_connection[Test for Kintsugi, url: wss://api-kusama.interlay.io/parachain]","tests","Thu Nov 13 09:07:00 UTC 2025","passed","Thu Nov 13 09:07:00 UTC 2025","","test_nodes_availability","",""
"","178","test_rpc_node_is_synced[Test for JAMTON, url: wss://rpc.jamton.network]","tests","Thu Nov 13 09:09:50 UTC 2025","passed","Thu Nov 13 09:09:51 UTC 2025","","test_substrate_node_is_synced","",""
"","102","test_rpc_method_is_available[Test for Ternoa, url: wss://mainnet.ternoa.network]","tests","Thu Nov 13 09:08:39 UTC 2025","passed","Thu Nov 13 09:08:39 UTC 2025","","test_rpc_methods_availability","",""
"","0","test_can_create_connection[Test for KILT, url: wss://kilt.dotters.network]","tests","Thu Nov 13 09:08:30 UTC 2025","passed","Thu Nov 13 09:08:30 UTC 2025","","test_nodes_availability","",""
"","175","test_rpc_method_is_available[Test for Interlay, url: wss://rpc-interlay.luckyfriday.io/]","tests","Thu Nov 13 09:07:21 UTC 2025","passed","Thu Nov 13 09:07:21 UTC 2025","","test_rpc_methods_availability","",""
"","0","test_precision[Test for Tangle]","tests","Thu Nov 13 09:07:44 UTC 2025","passed","Thu Nov 13 09:07:44 UTC 2025","TestPrecision","test_network_parameters","",""
"","177","test_rpc_method_is_available[Test for Aleph Zero, url: wss://ws.azero.dev]","tests","Thu Nov 13 09:08:01 UTC 2025","passed","Thu Nov 13 09:08:01 UTC 2025","","test_rpc_methods_availability","",""
"","0","test_precision[Test for Kusama Bridge Hub]","tests","Thu Nov 13 09:06:56 UTC 2025","passed","Thu Nov 13 09:06:56 UTC 2025","TestPrecision","test_network_parameters","",""
"","177","test_rpc_method_is_available[Test for Enjin Relay, url: wss://rpc.relay.blockchain.enjin.io]","tests","Thu Nov 13 09:09:39 UTC 2025","passed","Thu Nov 13 09:09:39 UTC 2025","","test_rpc_methods_availability","",""
"","106","test_rpc_method_is_available[Test for QUARTZ, url: wss://eu-ws-quartz.unique.network]","tests","Thu Nov 13 09:08:50 UTC 2025","passed","Thu Nov 13 09:08:50 UTC 2025","","test_rpc_methods_availability","",""
"","0","test_can_create_connection[Test for Kusama Relay, url: wss://rpc-kusama.luckyfriday.io]","tests","Thu Nov 13 09:06:22 UTC 2025","passed","Thu Nov 13 09:06:22 UTC 2025","","test_nodes_availability","",""
"","328","test_rpc_node_is_synced[Test for Acala, url: wss://acala-rpc-3.aca-api.network/ws]","tests","Thu Nov 13 09:06:52 UTC 2025","passed","Thu Nov 13 09:06:53 UTC 2025","","test_substrate_node_is_synced","",""
"","177","test_rpc_method_is_available[Test for KILT, url: wss://spiritnet.kilt.io/]","tests","Thu Nov 13 09:08:38 UTC 2025","passed","Thu Nov 13 09:08:38 UTC 2025","","test_rpc_methods_availability","",""
"","0","test_can_create_connection[Test for Polkadot Relay, url: wss://dot-rpc.stakeworld.io]","tests","Thu Nov 13 09:06:29 UTC 2025","passed","Thu Nov 13 09:06:29 UTC 2025","","test_nodes_availability","",""
"","10","test_has_new_assets[Test for 3DPass]","tests","Thu Nov 13 09:06:53 UTC 2025","passed","Thu Nov 13 09:06:53 UTC 2025","TestAssets","test_check_new_assets","",""
"","1","test_address_prefix[Test for Vara]","tests","Thu Nov 13 09:07:02 UTC 2025","passed","Thu Nov 13 09:07:02 UTC 2025","TestNetworkPrefix","test_network_parameters","",""
"","0","test_precision[Test for Zeitgeist]","tests","Thu Nov 13 09:06:26 UTC 2025","passed","Thu Nov 13 09:06:26 UTC 2025","TestPrecision","test_network_parameters","",""
"","134","test_rpc_method_is_available[Test for Shiden, url: wss://shiden-rpc.n.dwellir.com]","tests","Thu Nov 13 09:07:01 UTC 2025","passed","Thu Nov 13 09:07:01 UTC 2025","","test_rpc_methods_availability","",""
