"DESCRIPTION","DURATION IN MS","NAME","PARENT SUITE","START TIME","STATUS","STOP TIME","SUB SUITE","SUITE","TEST CLASS","TEST METHOD"
"","98","test_rpc_method_is_available[Test for JAMTON, url: wss://rpc.jamton.network]","tests","Fri Apr 17 15:30:10 UTC 2026","passed","Fri Apr 17 15:30:10 UTC 2026","","test_rpc_methods_availability","",""
"","1","test_chainId[Test for Moonriver]","tests","Fri Apr 17 15:25:44 UTC 2026","passed","Fri Apr 17 15:25:44 UTC 2026","TestChainId","test_network_parameters","",""
"","0","test_can_create_connection[Test for Hydration, url: wss://rpc.hydradx.cloud]","tests","Fri Apr 17 15:27:34 UTC 2026","passed","Fri Apr 17 15:27:34 UTC 2026","","test_nodes_availability","",""
"","0","test_rpc_node_is_synced[Test for Hyperbridge Nexus, url: wss://nexus.dotters.network]","tests","Fri Apr 17 15:30:21 UTC 2026","broken","Fri Apr 17 15:30:21 UTC 2026","","test_substrate_node_is_synced","",""
"","0","test_can_create_connection[Test for Centrifuge Parachain, url: wss://rpc-centrifuge.luckyfriday.io]","tests","Fri Apr 17 15:27:20 UTC 2026","passed","Fri Apr 17 15:27:20 UTC 2026","","test_nodes_availability","",""
"","0","test_can_create_connection[Test for Acala, url: wss://acala-rpc-3.aca-api.network/ws]","tests","Fri Apr 17 15:26:49 UTC 2026","passed","Fri Apr 17 15:26:49 UTC 2026","","test_nodes_availability","",""
"","0","test_has_new_assets[Test for Amplitude]","tests","Fri Apr 17 15:26:17 UTC 2026","broken","Fri Apr 17 15:26:17 UTC 2026","TestAssets","test_check_new_assets","",""
"","0","test_can_create_connection[Test for Kusama Bridge Hub, url: wss://sys.ibp.network/bridgehub-kusama]","tests","Fri Apr 17 15:29:24 UTC 2026","passed","Fri Apr 17 15:29:24 UTC 2026","","test_nodes_availability","",""
"","164","test_rpc_node_is_synced[Test for Polkadot People, url: wss://polkadot-people-rpc.polkadot.io]","tests","Fri Apr 17 15:25:52 UTC 2026","passed","Fri Apr 17 15:25:52 UTC 2026","","test_substrate_node_is_synced","",""
"","0","test_can_create_connection[Test for Avail, url: wss://mainnet.avail-rpc.com/]","tests","Fri Apr 17 15:29:51 UTC 2026","passed","Fri Apr 17 15:29:51 UTC 2026","","test_nodes_availability","",""
"","0","test_can_create_connection[Test for Karura, url: wss://karura-rpc.n.dwellir.com]","tests","Fri Apr 17 15:26:05 UTC 2026","passed","Fri Apr 17 15:26:05 UTC 2026","","test_nodes_availability","",""
"","0","test_has_new_assets[Test for QUARTZ]","tests","Fri Apr 17 15:25:57 UTC 2026","broken","Fri Apr 17 15:25:57 UTC 2026","TestAssets","test_check_new_assets","",""
"","0","test_rpc_node_is_synced[Test for Tangle, url: wss://rpc.tangle.tools]","tests","Fri Apr 17 15:30:38 UTC 2026","broken","Fri Apr 17 15:30:38 UTC 2026","","test_substrate_node_is_synced","",""
"","0","test_rpc_node_is_synced[Test for Hyperbridge Nexus, url: wss://hyperbridge-nexus-rpc.blockops.network]","tests","Fri Apr 17 15:30:27 UTC 2026","broken","Fri Apr 17 15:30:27 UTC 2026","","test_substrate_node_is_synced","",""
"","166","test_rpc_node_is_synced[Test for Joystream, url: wss://rpc.joystream.org]","tests","Fri Apr 17 15:29:36 UTC 2026","passed","Fri Apr 17 15:29:37 UTC 2026","","test_substrate_node_is_synced","",""
"","0","test_can_create_connection[Test for Polkadot Relay, url: wss://rpc-polkadot-1.novasama-tech.org]","tests","Fri Apr 17 15:25:49 UTC 2026","passed","Fri Apr 17 15:25:49 UTC 2026","","test_nodes_availability","",""
"","0","test_address_prefix[Test for Kusama Bridge Hub]","tests","Fri Apr 17 15:27:38 UTC 2026","passed","Fri Apr 17 15:27:38 UTC 2026","TestNetworkPrefix","test_network_parameters","",""
"","155","test_rpc_node_is_synced[Test for Laos, url: wss://rpc.laos.laosfoundation.io]","tests","Fri Apr 17 15:30:37 UTC 2026","passed","Fri Apr 17 15:30:37 UTC 2026","","test_substrate_node_is_synced","",""
"","0","test_chainId[Test for Kusama Bridge Hub]","tests","Fri Apr 17 15:27:52 UTC 2026","passed","Fri Apr 17 15:27:52 UTC 2026","TestChainId","test_network_parameters","",""
"","0","test_chainId[Test for XX network]","tests","Fri Apr 17 15:26:37 UTC 2026","passed","Fri Apr 17 15:26:37 UTC 2026","TestChainId","test_network_parameters","",""
"","0","test_rpc_method_is_available[Test for Acala, url: wss://acala-rpc.n.dwellir.com]","tests","Fri Apr 17 15:26:54 UTC 2026","broken","Fri Apr 17 15:26:54 UTC 2026","","test_rpc_methods_availability","",""
"","68","test_rpc_node_is_synced[Test for Bittensor, url: wss://entrypoint-finney.opentensor.ai:443]","tests","Fri Apr 17 15:29:11 UTC 2026","passed","Fri Apr 17 15:29:11 UTC 2026","","test_substrate_node_is_synced","",""
"","172","test_rpc_node_is_synced[Test for Kusama Relay, url: wss://rpc-kusama-1.novasama-tech.org]","tests","Fri Apr 17 15:26:32 UTC 2026","passed","Fri Apr 17 15:26:32 UTC 2026","","test_substrate_node_is_synced","",""
"","1","test_chainId[Test for Aleph Zero]","tests","Fri Apr 17 15:27:23 UTC 2026","passed","Fri Apr 17 15:27:23 UTC 2026","TestChainId","test_network_parameters","",""
"","204","test_rpc_node_is_synced[Test for XX network, url: wss://rpc-hetzner.xx.network]","tests","Fri Apr 17 15:28:47 UTC 2026","passed","Fri Apr 17 15:28:47 UTC 2026","","test_substrate_node_is_synced","",""
"","0","test_can_create_connection[Test for UNIQUE, url: wss://eu-ws.unique.network/]","tests","Fri Apr 17 15:28:40 UTC 2026","passed","Fri Apr 17 15:28:40 UTC 2026","","test_nodes_availability","",""
"","0","test_can_create_connection[Test for Curio, url: wss://archive.parachain.curioinvest.com]","tests","Fri Apr 17 15:29:43 UTC 2026","broken","Fri Apr 17 15:29:43 UTC 2026","","test_nodes_availability","",""
"","1","test_can_create_connection[Test for Hydration, url: wss://hydration.dotters.network]","tests","Fri Apr 17 15:27:48 UTC 2026","passed","Fri Apr 17 15:27:48 UTC 2026","","test_nodes_availability","",""
"","1","test_address_prefix[Test for Polkadot Collectives]","tests","Fri Apr 17 15:26:52 UTC 2026","passed","Fri Apr 17 15:26:52 UTC 2026","TestNetworkPrefix","test_network_parameters","",""
"","1","test_can_create_connection[Test for Karura, url: wss://karura-rpc-3.aca-api.network/ws]","tests","Fri Apr 17 15:25:59 UTC 2026","passed","Fri Apr 17 15:25:59 UTC 2026","","test_nodes_availability","",""
"","1","test_can_create_connection[Test for Shiden, url: wss://shiden-rpc.n.dwellir.com]","tests","Fri Apr 17 15:27:29 UTC 2026","passed","Fri Apr 17 15:27:29 UTC 2026","","test_nodes_availability","",""
"","0","test_address_prefix[Test for Frequency]","tests","Fri Apr 17 15:26:49 UTC 2026","passed","Fri Apr 17 15:26:49 UTC 2026","TestNetworkPrefix","test_network_parameters","",""
"","173","test_rpc_method_is_available[Test for Kusama People, url: wss://kusama-people-rpc.polkadot.io]","tests","Fri Apr 17 15:26:04 UTC 2026","passed","Fri Apr 17 15:26:05 UTC 2026","","test_rpc_methods_availability","",""
"","0","test_chainId[Test for Ternoa]","tests","Fri Apr 17 15:26:42 UTC 2026","passed","Fri Apr 17 15:26:42 UTC 2026","TestChainId","test_network_parameters","",""
"","0","test_has_new_assets[Test for Nodle Parachain]","tests","Fri Apr 17 15:26:28 UTC 2026","broken","Fri Apr 17 15:26:28 UTC 2026","TestAssets","test_check_new_assets","",""
"","1","test_chainId[Test for Crust Polkadot Parachain]","tests","Fri Apr 17 15:26:43 UTC 2026","passed","Fri Apr 17 15:26:43 UTC 2026","TestChainId","test_network_parameters","",""
"","0","test_rpc_node_is_synced[Test for Moonriver, url: wss://moonriver.public.curie.radiumblock.co/ws]","tests","Fri Apr 17 15:27:05 UTC 2026","broken","Fri Apr 17 15:27:05 UTC 2026","","test_substrate_node_is_synced","",""
"","0","test_has_new_assets[Test for Crab]","tests","Fri Apr 17 15:27:48 UTC 2026","broken","Fri Apr 17 15:27:48 UTC 2026","TestAssets","test_check_new_assets","",""
"","0","test_can_create_connection[Test for Tanssi, url: wss://services.tanssi-mainnet.network/tanssi]","tests","Fri Apr 17 15:30:41 UTC 2026","passed","Fri Apr 17 15:30:41 UTC 2026","","test_nodes_availability","",""
"","97","test_rpc_method_is_available[Test for Moonriver, url: wss://moonriver-rpc.publicnode.com]","tests","Fri Apr 17 15:26:16 UTC 2026","passed","Fri Apr 17 15:26:17 UTC 2026","","test_rpc_methods_availability","",""
"","10","test_has_new_assets[Test for peaq]","tests","Fri Apr 17 15:27:56 UTC 2026","passed","Fri Apr 17 15:27:56 UTC 2026","TestAssets","test_check_new_assets","",""
"","0","test_rpc_node_is_synced[Test for Curio, url: wss://archive.parachain.curioinvest.com]","tests","Fri Apr 17 15:29:46 UTC 2026","broken","Fri Apr 17 15:29:46 UTC 2026","","test_substrate_node_is_synced","",""
"","7","test_has_new_assets[Test for Kusama People]","tests","Fri Apr 17 15:25:49 UTC 2026","passed","Fri Apr 17 15:25:49 UTC 2026","TestAssets","test_check_new_assets","",""
"","323","test_rpc_node_is_synced[Test for Karura, url: wss://karura-rpc-2.aca-api.network/ws]","tests","Fri Apr 17 15:25:57 UTC 2026","passed","Fri Apr 17 15:25:58 UTC 2026","","test_substrate_node_is_synced","",""
"","0","test_rpc_node_is_synced[Test for 3DPass, url: wss://rpc.p3d.top]","tests","Fri Apr 17 15:30:01 UTC 2026","broken","Fri Apr 17 15:30:01 UTC 2026","","test_substrate_node_is_synced","",""
"","1","test_chainId[Test for Kusama People]","tests","Fri Apr 17 15:25:47 UTC 2026","passed","Fri Apr 17 15:25:47 UTC 2026","TestChainId","test_network_parameters","",""
"","7","test_has_new_assets[Test for Enjin Relay]","tests","Fri Apr 17 15:27:17 UTC 2026","passed","Fri Apr 17 15:27:17 UTC 2026","TestAssets","test_check_new_assets","",""
"","10","test_has_new_assets[Test for Aventus]","tests","Fri Apr 17 15:26:58 UTC 2026","passed","Fri Apr 17 15:26:59 UTC 2026","TestAssets","test_check_new_assets","",""
"","102","test_rpc_method_is_available[Test for Centrifuge Parachain, url: wss://fullnode.centrifuge.io]","tests","Fri Apr 17 15:27:05 UTC 2026","passed","Fri Apr 17 15:27:05 UTC 2026","","test_rpc_methods_availability","",""
"","141","test_rpc_method_is_available[Test for Polkadot People, url: wss://sys.ibp.network/people-polkadot]","tests","Fri Apr 17 15:25:51 UTC 2026","passed","Fri Apr 17 15:25:51 UTC 2026","","test_rpc_methods_availability","",""
"","0","test_can_create_connection[Test for Darwinia, url: wss://rpc.darwinia.network]","tests","Fri Apr 17 15:30:26 UTC 2026","passed","Fri Apr 17 15:30:26 UTC 2026","","test_nodes_availability","",""
"","61","test_rpc_node_is_synced[Test for Polkadot People, url: wss://people-polkadot.dotters.network]","tests","Fri Apr 17 15:25:58 UTC 2026","passed","Fri Apr 17 15:25:58 UTC 2026","","test_substrate_node_is_synced","",""
"","0","test_has_new_assets[Test for DeepBrain]","tests","Fri Apr 17 15:27:49 UTC 2026","broken","Fri Apr 17 15:27:49 UTC 2026","TestAssets","test_check_new_assets","",""
"","173","test_rpc_node_is_synced[Test for Kusama Relay, url: wss://rpc-kusama-2.novasama-tech.org]","tests","Fri Apr 17 15:25:46 UTC 2026","passed","Fri Apr 17 15:25:47 UTC 2026","","test_substrate_node_is_synced","",""
"","7","test_has_new_assets[Test for Pendulum]","tests","Fri Apr 17 15:26:50 UTC 2026","passed","Fri Apr 17 15:26:50 UTC 2026","TestAssets","test_check_new_assets","",""
"","8","test_has_new_assets[Test for XX network]","tests","Fri Apr 17 15:26:47 UTC 2026","passed","Fri Apr 17 15:26:47 UTC 2026","TestAssets","test_check_new_assets","",""
"","0","test_can_create_connection[Test for Hyperbridge Nexus, url: wss://nexus.ibp.network]","tests","Fri Apr 17 15:29:52 UTC 2026","passed","Fri Apr 17 15:29:52 UTC 2026","","test_nodes_availability","",""
"","100","test_rpc_method_is_available[Test for Hydration, url: wss://rpc-hydra.novasama-tech.org]","tests","Fri Apr 17 15:27:14 UTC 2026","passed","Fri Apr 17 15:27:14 UTC 2026","","test_rpc_methods_availability","",""
"","0","test_can_create_connection[Test for Avail, url: wss://avail.api.onfinality.io/public-ws]","tests","Fri Apr 17 15:29:48 UTC 2026","passed","Fri Apr 17 15:29:48 UTC 2026","","test_nodes_availability","",""
"","1","test_address_prefix[Test for GIANT]","tests","Fri Apr 17 15:26:47 UTC 2026","passed","Fri Apr 17 15:26:47 UTC 2026","TestNetworkPrefix","test_network_parameters","",""
"","179","test_rpc_node_is_synced[Test for Polkadot Relay, url: wss://rpc-polkadot-1.novasama-tech.org]","tests","Fri Apr 17 15:25:47 UTC 2026","passed","Fri Apr 17 15:25:47 UTC 2026","","test_substrate_node_is_synced","",""
"","0","test_can_create_connection[Test for Bifrost Polkadot, url: wss://bifrost-polkadot.dotters.network]","tests","Fri Apr 17 15:28:06 UTC 2026","broken","Fri Apr 17 15:28:06 UTC 2026","","test_nodes_availability","",""
"","108","test_rpc_method_is_available[Test for Polkadot Asset Hub, url: wss://sys.ibp.network/asset-hub-polkadot]","tests","Fri Apr 17 15:28:11 UTC 2026","passed","Fri Apr 17 15:28:11 UTC 2026","","test_rpc_methods_availability","",""
"","0","test_has_new_assets[Test for Phala]","tests","Fri Apr 17 15:27:08 UTC 2026","broken","Fri Apr 17 15:27:08 UTC 2026","TestAssets","test_check_new_assets","",""
"","93","test_rpc_method_is_available[Test for Mythos, url: wss://polkadot-mythos-rpc.polkadot.io]","tests","Fri Apr 17 15:29:44 UTC 2026","passed","Fri Apr 17 15:29:44 UTC 2026","","test_rpc_methods_availability","",""
"","0","test_address_prefix[Test for Acurast Canary]","tests","Fri Apr 17 15:27:13 UTC 2026","passed","Fri Apr 17 15:27:13 UTC 2026","TestNetworkPrefix","test_network_parameters","",""
"","7","test_has_new_assets[Test for Enjin Matrix]","tests","Fri Apr 17 15:27:07 UTC 2026","passed","Fri Apr 17 15:27:07 UTC 2026","TestAssets","test_check_new_assets","",""
"","98","test_rpc_method_is_available[Test for Basilisk, url: wss://rpc.basilisk.cloud]","tests","Fri Apr 17 15:28:01 UTC 2026","passed","Fri Apr 17 15:28:01 UTC 2026","","test_rpc_methods_availability","",""
"","103","test_rpc_method_is_available[Test for Kusama People, url: wss://sys.ibp.network/people-kusama]","tests","Fri Apr 17 15:26:06 UTC 2026","passed","Fri Apr 17 15:26:06 UTC 2026","","test_rpc_methods_availability","",""
"","0","test_can_create_connection[Test for Polkadot Bridge Hub, url: wss://dot-rpc.stakeworld.io/bridgehub]","tests","Fri Apr 17 15:29:21 UTC 2026","passed","Fri Apr 17 15:29:21 UTC 2026","","test_nodes_availability","",""
"","0","test_address_prefix[Test for Curio]","tests","Fri Apr 17 15:27:20 UTC 2026","broken","Fri Apr 17 15:27:20 UTC 2026","TestNetworkPrefix","test_network_parameters","",""
"","1","test_address_prefix[Test for DAO IPCI]","tests","Fri Apr 17 15:26:27 UTC 2026","passed","Fri Apr 17 15:26:27 UTC 2026","TestNetworkPrefix","test_network_parameters","",""
"","21","test_rpc_node_is_synced[Test for Polkadot Collectives, url: wss://sys.ibp.network/collectives-polkadot]","tests","Fri Apr 17 15:29:24 UTC 2026","passed","Fri Apr 17 15:29:24 UTC 2026","","test_substrate_node_is_synced","",""
"","0","test_address_prefix[Test for Crust Shadow]","tests","Fri Apr 17 15:26:22 UTC 2026","passed","Fri Apr 17 15:26:22 UTC 2026","TestNetworkPrefix","test_network_parameters","",""
"","104","test_rpc_method_is_available[Test for Astar, url: wss://rpc.astar.network]","tests","Fri Apr 17 15:27:42 UTC 2026","passed","Fri Apr 17 15:27:42 UTC 2026","","test_rpc_methods_availability","",""
"","61","test_rpc_node_is_synced[Test for Polkadot Bridge Hub, url: wss://bridge-hub-polkadot.dotters.network]","tests","Fri Apr 17 15:29:19 UTC 2026","passed","Fri Apr 17 15:29:19 UTC 2026","","test_substrate_node_is_synced","",""
"","0","test_address_prefix[Test for Aventus]","tests","Fri Apr 17 15:26:40 UTC 2026","passed","Fri Apr 17 15:26:40 UTC 2026","TestNetworkPrefix","test_network_parameters","",""
"","7","test_has_new_assets[Test for Crust Shadow]","tests","Fri Apr 17 15:26:23 UTC 2026","passed","Fri Apr 17 15:26:23 UTC 2026","TestAssets","test_check_new_assets","",""
"","8","test_has_new_assets[Test for GIANT]","tests","Fri Apr 17 15:26:58 UTC 2026","passed","Fri Apr 17 15:26:58 UTC 2026","TestAssets","test_check_new_assets","",""
"","0","test_can_create_connection[Test for JAMTON, url: wss://rpc.jamton.network]","tests","Fri Apr 17 15:30:14 UTC 2026","passed","Fri Apr 17 15:30:14 UTC 2026","","test_nodes_availability","",""
"","0","test_can_create_connection[Test for Phala, url: wss://api.phala.network/ws]","tests","Fri Apr 17 15:27:56 UTC 2026","broken","Fri Apr 17 15:27:56 UTC 2026","","test_nodes_availability","",""
"","0","test_address_prefix[Test for Mythos]","tests","Fri Apr 17 15:27:08 UTC 2026","passed","Fri Apr 17 15:27:08 UTC 2026","TestNetworkPrefix","test_network_parameters","",""
"","174","test_rpc_method_is_available[Test for Polkadot People, url: wss://people-polkadot.dotters.network]","tests","Fri Apr 17 15:25:54 UTC 2026","passed","Fri Apr 17 15:25:54 UTC 2026","","test_rpc_methods_availability","",""
"","10","test_has_new_assets[Test for Creditcoin]","tests","Fri Apr 17 15:27:43 UTC 2026","passed","Fri Apr 17 15:27:43 UTC 2026","TestAssets","test_check_new_assets","",""
"","0","test_can_create_connection[Test for Polkadot Relay, url: wss://rpc-polkadot.luckyfriday.io]","tests","Fri Apr 17 15:26:35 UTC 2026","passed","Fri Apr 17 15:26:35 UTC 2026","","test_nodes_availability","",""
"","0","test_can_create_connection[Test for Kusama Relay, url: wss://rpc-kusama.luckyfriday.io]","tests","Fri Apr 17 15:26:11 UTC 2026","passed","Fri Apr 17 15:26:11 UTC 2026","","test_nodes_availability","",""
"","73","test_rpc_node_is_synced[Test for Polkadot Relay, url: wss://1rpc.io/dot]","tests","Fri Apr 17 15:26:22 UTC 2026","passed","Fri Apr 17 15:26:22 UTC 2026","","test_substrate_node_is_synced","",""
"","143","test_rpc_node_is_synced[Test for Polkadot Collectives, url: wss://dot-rpc.stakeworld.io/collectives]","tests","Fri Apr 17 15:29:23 UTC 2026","passed","Fri Apr 17 15:29:23 UTC 2026","","test_substrate_node_is_synced","",""
"","0","test_can_create_connection[Test for Kusama Relay, url: wss://rpc-kusama-1.novasama-tech.org]","tests","Fri Apr 17 15:26:42 UTC 2026","passed","Fri Apr 17 15:26:42 UTC 2026","","test_nodes_availability","",""
"","0","test_address_prefix[Test for Phala]","tests","Fri Apr 17 15:27:07 UTC 2026","broken","Fri Apr 17 15:27:07 UTC 2026","TestNetworkPrefix","test_network_parameters","",""
"","0","test_can_create_connection[Test for Hydration, url: wss://rpc-hydra.novasama-tech.org]","tests","Fri Apr 17 15:27:27 UTC 2026","passed","Fri Apr 17 15:27:27 UTC 2026","","test_nodes_availability","",""
"","7","test_has_new_assets[Test for Centrifuge Parachain]","tests","Fri Apr 17 15:26:07 UTC 2026","passed","Fri Apr 17 15:26:07 UTC 2026","TestAssets","test_check_new_assets","",""
"","0","test_address_prefix[Test for Enjin Relay]","tests","Fri Apr 17 15:27:07 UTC 2026","passed","Fri Apr 17 15:27:07 UTC 2026","TestNetworkPrefix","test_network_parameters","",""
"","96","test_rpc_method_is_available[Test for Avail, url: wss://avail.api.onfinality.io/public-ws]","tests","Fri Apr 17 15:29:46 UTC 2026","passed","Fri Apr 17 15:29:46 UTC 2026","","test_rpc_methods_availability","",""
"","0","test_chainId[Test for Kusama Asset Hub]","tests","Fri Apr 17 15:25:58 UTC 2026","passed","Fri Apr 17 15:25:58 UTC 2026","TestChainId","test_network_parameters","",""
"","97","test_rpc_method_is_available[Test for Kreivo, url: wss://kreivo.kippu.rocks/]","tests","Fri Apr 17 15:29:41 UTC 2026","passed","Fri Apr 17 15:29:41 UTC 2026","","test_rpc_methods_availability","",""
"","0","test_can_create_connection[Test for UNIQUE, url: wss://unique.dotters.network]","tests","Fri Apr 17 15:28:27 UTC 2026","broken","Fri Apr 17 15:28:27 UTC 2026","","test_nodes_availability","",""
"","61","test_rpc_node_is_synced[Test for Kusama Coretime, url: wss://coretime-kusama.dotters.network]","tests","Fri Apr 17 15:30:44 UTC 2026","passed","Fri Apr 17 15:30:44 UTC 2026","","test_substrate_node_is_synced","",""
"","152","test_rpc_method_is_available[Test for Kusama Relay, url: wss://rpc.ibp.network/kusama]","tests","Fri Apr 17 15:25:48 UTC 2026","passed","Fri Apr 17 15:25:48 UTC 2026","","test_rpc_methods_availability","",""
"","68","test_rpc_node_is_synced[Test for Kusama People, url: wss://people-kusama.dotters.network]","tests","Fri Apr 17 15:26:14 UTC 2026","passed","Fri Apr 17 15:26:14 UTC 2026","","test_substrate_node_is_synced","",""
"","1","test_can_create_connection[Test for Frequency, url: wss://1.rpc.frequency.xyz]","tests","Fri Apr 17 15:29:09 UTC 2026","passed","Fri Apr 17 15:29:09 UTC 2026","","test_nodes_availability","",""
"","170","test_rpc_method_is_available[Test for DAO IPCI, url: wss://ipci.rpc.robonomics.network]","tests","Fri Apr 17 15:29:05 UTC 2026","passed","Fri Apr 17 15:29:05 UTC 2026","","test_rpc_methods_availability","",""
"","60","test_rpc_node_is_synced[Test for Polkadot Asset Hub, url: wss://asset-hub-polkadot.dotters.network]","tests","Fri Apr 17 15:27:41 UTC 2026","passed","Fri Apr 17 15:27:41 UTC 2026","","test_substrate_node_is_synced","",""
"","0","test_address_prefix[Test for Kusama Coretime]","tests","Fri Apr 17 15:27:44 UTC 2026","passed","Fri Apr 17 15:27:44 UTC 2026","TestNetworkPrefix","test_network_parameters","",""
"","0","test_can_create_connection[Test for Hydration, url: wss://hydration.ibp.network]","tests","Fri Apr 17 15:27:40 UTC 2026","passed","Fri Apr 17 15:27:40 UTC 2026","","test_nodes_availability","",""
"","0","test_address_prefix[Test for Polkadot Coretime]","tests","Fri Apr 17 15:27:41 UTC 2026","passed","Fri Apr 17 15:27:41 UTC 2026","TestNetworkPrefix","test_network_parameters","",""
"","0","test_address_prefix[Test for Acala]","tests","Fri Apr 17 15:25:59 UTC 2026","passed","Fri Apr 17 15:25:59 UTC 2026","TestNetworkPrefix","test_network_parameters","",""
"","141","test_rpc_method_is_available[Test for Kusama Relay, url: wss://1rpc.io/ksm]","tests","Fri Apr 17 15:26:12 UTC 2026","passed","Fri Apr 17 15:26:12 UTC 2026","","test_rpc_methods_availability","",""
"","0","test_chainId[Test for QUARTZ]","tests","Fri Apr 17 15:25:55 UTC 2026","broken","Fri Apr 17 15:25:55 UTC 2026","TestChainId","test_network_parameters","",""
"","0","test_address_prefix[Test for Bifrost Polkadot]","tests","Fri Apr 17 15:26:18 UTC 2026","passed","Fri Apr 17 15:26:18 UTC 2026","TestNetworkPrefix","test_network_parameters","",""
"","1","test_address_prefix[Test for Darwinia]","tests","Fri Apr 17 15:26:35 UTC 2026","passed","Fri Apr 17 15:26:35 UTC 2026","TestNetworkPrefix","test_network_parameters","",""
"","0","test_can_create_connection[Test for Polkadot Collectives, url: wss://dot-rpc.stakeworld.io/collectives]","tests","Fri Apr 17 15:29:25 UTC 2026","passed","Fri Apr 17 15:29:25 UTC 2026","","test_nodes_availability","",""
"","102","test_rpc_method_is_available[Test for Acala, url: wss://acala-rpc-2.aca-api.network/ws]","tests","Fri Apr 17 15:26:33 UTC 2026","passed","Fri Apr 17 15:26:34 UTC 2026","","test_rpc_methods_availability","",""
"","173","test_rpc_method_is_available[Test for Kusama Relay, url: wss://rpc-kusama.luckyfriday.io]","tests","Fri Apr 17 15:26:04 UTC 2026","passed","Fri Apr 17 15:26:04 UTC 2026","","test_rpc_methods_availability","",""
"","0","test_chainId[Test for Polkadot Relay]","tests","Fri Apr 17 15:25:46 UTC 2026","passed","Fri Apr 17 15:25:46 UTC 2026","TestChainId","test_network_parameters","",""
"","173","test_rpc_node_is_synced[Test for Basilisk, url: wss://basilisk-rpc.n.dwellir.com]","tests","Fri Apr 17 15:28:18 UTC 2026","passed","Fri Apr 17 15:28:18 UTC 2026","","test_substrate_node_is_synced","",""
"","0","test_chainId[Test for GIANT]","tests","Fri Apr 17 15:26:57 UTC 2026","passed","Fri Apr 17 15:26:57 UTC 2026","TestChainId","test_network_parameters","",""
"","0","test_chainId[Test for Tangle]","tests","Fri Apr 17 15:28:05 UTC 2026","broken","Fri Apr 17 15:28:05 UTC 2026","TestChainId","test_network_parameters","",""
"","0","test_chainId[Test for Aventus]","tests","Fri Apr 17 15:26:49 UTC 2026","passed","Fri Apr 17 15:26:49 UTC 2026","TestChainId","test_network_parameters","",""
"","181","test_rpc_method_is_available[Test for Kusama Bridge Hub, url: wss://ksm-rpc.stakeworld.io/bridgehub]","tests","Fri Apr 17 15:29:18 UTC 2026","passed","Fri Apr 17 15:29:18 UTC 2026","","test_rpc_methods_availability","",""
"","1","test_can_create_connection[Test for Moonbeam, url: wss://wss.api.moonbeam.network]","tests","Fri Apr 17 15:26:09 UTC 2026","passed","Fri Apr 17 15:26:09 UTC 2026","","test_nodes_availability","",""
"","1","test_can_create_connection[Test for Acala, url: wss://acala-rpc-2.aca-api.network/ws]","tests","Fri Apr 17 15:26:45 UTC 2026","passed","Fri Apr 17 15:26:45 UTC 2026","","test_nodes_availability","",""
"","0","test_chainId[Test for Crust Shadow]","tests","Fri Apr 17 15:26:27 UTC 2026","passed","Fri Apr 17 15:26:27 UTC 2026","TestChainId","test_network_parameters","",""
"","166","test_rpc_node_is_synced[Test for Basilisk, url: wss://rpc.basilisk.cloud]","tests","Fri Apr 17 15:28:24 UTC 2026","passed","Fri Apr 17 15:28:24 UTC 2026","","test_substrate_node_is_synced","",""
"","0","test_rpc_method_is_available[Test for Amplitude, url: wss://rpc-amplitude.pendulumchain.tech]","tests","Fri Apr 17 15:28:53 UTC 2026","broken","Fri Apr 17 15:28:53 UTC 2026","","test_rpc_methods_availability","",""
"","196","test_rpc_node_is_synced[Test for XX network, url: wss://rpc.xx.network]","tests","Fri Apr 17 15:28:42 UTC 2026","passed","Fri Apr 17 15:28:42 UTC 2026","","test_substrate_node_is_synced","",""
"","1","test_can_create_connection[Test for Interlay, url: wss://rpc-interlay.luckyfriday.io/]","tests","Fri Apr 17 15:26:54 UTC 2026","passed","Fri Apr 17 15:26:54 UTC 2026","","test_nodes_availability","",""
"","0","test_can_create_connection[Test for Kusama Coretime, url: wss://sys.ibp.network/coretime-kusama]","tests","Fri Apr 17 15:30:31 UTC 2026","passed","Fri Apr 17 15:30:31 UTC 2026","","test_nodes_availability","",""
"","0","test_can_create_connection[Test for Polkadot Relay, url: wss://apps-rpc.polkadot.io]","tests","Fri Apr 17 15:26:10 UTC 2026","passed","Fri Apr 17 15:26:10 UTC 2026","","test_nodes_availability","",""
"","20","test_rpc_node_is_synced[Test for Kusama People, url: wss://sys.ibp.network/people-kusama]","tests","Fri Apr 17 15:26:12 UTC 2026","passed","Fri Apr 17 15:26:12 UTC 2026","","test_substrate_node_is_synced","",""
"","158","test_rpc_node_is_synced[Test for Bifrost Polkadot, url: wss://eu.bifrost-polkadot-rpc.liebi.com/ws]","tests","Fri Apr 17 15:28:09 UTC 2026","passed","Fri Apr 17 15:28:09 UTC 2026","","test_substrate_node_is_synced","",""
"","0","test_address_prefix[Test for Heima]","tests","Fri Apr 17 15:26:25 UTC 2026","passed","Fri Apr 17 15:26:25 UTC 2026","TestNetworkPrefix","test_network_parameters","",""
"","0","test_rpc_method_is_available[Test for 3DPass, url: wss://rpc.p3d.top]","tests","Fri Apr 17 15:29:46 UTC 2026","broken","Fri Apr 17 15:29:46 UTC 2026","","test_rpc_methods_availability","",""
"","61","test_rpc_node_is_synced[Test for Hydration, url: wss://hydration.ibp.network]","tests","Fri Apr 17 15:27:31 UTC 2026","passed","Fri Apr 17 15:27:31 UTC 2026","","test_substrate_node_is_synced","",""
"","71","test_rpc_node_is_synced[Test for Polkadot Relay, url: wss://rpc-polkadot.luckyfriday.io]","tests","Fri Apr 17 15:26:27 UTC 2026","passed","Fri Apr 17 15:26:27 UTC 2026","","test_substrate_node_is_synced","",""
"","1","test_can_create_connection[Test for Westend (TESTNET), url: wss://westend.public.curie.radiumblock.co/ws]","tests","Fri Apr 17 15:26:40 UTC 2026","passed","Fri Apr 17 15:26:40 UTC 2026","","test_nodes_availability","",""
"","42","test_rpc_method_is_available[Test for Moonriver, url: wss://wss.api.moonriver.moonbeam.network]","tests","Fri Apr 17 15:26:39 UTC 2026","passed","Fri Apr 17 15:26:39 UTC 2026","","test_rpc_methods_availability","",""
"","0","test_address_prefix[Test for Enjin Matrix]","tests","Fri Apr 17 15:26:53 UTC 2026","passed","Fri Apr 17 15:26:53 UTC 2026","TestNetworkPrefix","test_network_parameters","",""
"","61","test_rpc_node_is_synced[Test for Kusama Relay, url: wss://kusama.dotters.network]","tests","Fri Apr 17 15:25:55 UTC 2026","passed","Fri Apr 17 15:25:55 UTC 2026","","test_substrate_node_is_synced","",""
"","20","test_rpc_node_is_synced[Test for Polkadot Asset Hub, url: wss://sys.ibp.network/asset-hub-polkadot]","tests","Fri Apr 17 15:27:37 UTC 2026","passed","Fri Apr 17 15:27:37 UTC 2026","","test_substrate_node_is_synced","",""
"","152","test_rpc_method_is_available[Test for Aventus, url: wss://public-rpc.mainnet.aventus.io]","tests","Fri Apr 17 15:28:41 UTC 2026","passed","Fri Apr 17 15:28:41 UTC 2026","","test_rpc_methods_availability","",""
"","8","test_has_new_assets[Test for NeuroWeb]","tests","Fri Apr 17 15:26:36 UTC 2026","passed","Fri Apr 17 15:26:36 UTC 2026","TestAssets","test_check_new_assets","",""
"","0","test_address_prefix[Test for Avail]","tests","Fri Apr 17 15:27:29 UTC 2026","passed","Fri Apr 17 15:27:29 UTC 2026","TestNetworkPrefix","test_network_parameters","",""
"","0","test_rpc_node_is_synced[Test for 3DPass, url: wss://rpc.3dpass.org]","tests","Fri Apr 17 15:29:20 UTC 2026","broken","Fri Apr 17 15:29:20 UTC 2026","","test_substrate_node_is_synced","",""
"","0","test_chainId[Test for Acurast]","tests","Fri Apr 17 15:28:01 UTC 2026","passed","Fri Apr 17 15:28:01 UTC 2026","TestChainId","test_network_parameters","",""
"","0","test_can_create_connection[Test for Kusama Bridge Hub, url: wss://ksm-rpc.stakeworld.io/bridgehub]","tests","Fri Apr 17 15:29:13 UTC 2026","passed","Fri Apr 17 15:29:13 UTC 2026","","test_nodes_availability","",""
"","96","test_rpc_method_is_available[Test for UNIQUE, url: wss://us-ws.unique.network/]","tests","Fri Apr 17 15:28:22 UTC 2026","passed","Fri Apr 17 15:28:22 UTC 2026","","test_rpc_methods_availability","",""
"","53","test_rpc_node_is_synced[Test for Phala, url: wss://phala.public.curie.radiumblock.co/ws]","tests","Fri Apr 17 15:28:18 UTC 2026","passed","Fri Apr 17 15:28:18 UTC 2026","","test_substrate_node_is_synced","",""
"","63","test_rpc_node_is_synced[Test for Polkadot Relay, url: wss://dot-rpc.stakeworld.io]","tests","Fri Apr 17 15:26:13 UTC 2026","passed","Fri Apr 17 15:26:13 UTC 2026","","test_substrate_node_is_synced","",""
"","0","test_can_create_connection[Test for Kusama Coretime, url: wss://ksm-rpc.stakeworld.io/coretime]","tests","Fri Apr 17 15:30:39 UTC 2026","passed","Fri Apr 17 15:30:39 UTC 2026","","test_nodes_availability","",""
"","112","test_rpc_method_is_available[Test for Encointer, url: wss://encointer-kusama.dotters.network]","tests","Fri Apr 17 15:28:24 UTC 2026","passed","Fri Apr 17 15:28:24 UTC 2026","","test_rpc_methods_availability","",""
"","1","test_can_create_connection[Test for Kusama People, url: wss://sys.ibp.network/people-kusama]","tests","Fri Apr 17 15:26:12 UTC 2026","passed","Fri Apr 17 15:26:12 UTC 2026","","test_nodes_availability","",""
"","0","test_chainId[Test for peaq]","tests","Fri Apr 17 15:27:52 UTC 2026","passed","Fri Apr 17 15:27:52 UTC 2026","TestChainId","test_network_parameters","",""
"","0","test_rpc_method_is_available[Test for QUARTZ, url: wss://us-ws-quartz.unique.network]","tests","Fri Apr 17 15:28:38 UTC 2026","broken","Fri Apr 17 15:28:38 UTC 2026","","test_rpc_methods_availability","",""
"","0","test_can_create_connection[Test for Acurast Canary, url: wss://public-rpc.canary.acurast.com]","tests","Fri Apr 17 15:29:40 UTC 2026","passed","Fri Apr 17 15:29:40 UTC 2026","","test_nodes_availability","",""
"","0","test_address_prefix[Test for Acurast]","tests","Fri Apr 17 15:28:01 UTC 2026","passed","Fri Apr 17 15:28:01 UTC 2026","TestNetworkPrefix","test_network_parameters","",""
"","94","test_rpc_method_is_available[Test for Kusama Coretime, url: wss://coretime-kusama.dotters.network]","tests","Fri Apr 17 15:30:22 UTC 2026","passed","Fri Apr 17 15:30:22 UTC 2026","","test_rpc_methods_availability","",""
"","282","test_rpc_node_is_synced[Test for DENTNet, url: wss://rpc.dentnet.io/ws]","tests","Fri Apr 17 15:30:11 UTC 2026","passed","Fri Apr 17 15:30:11 UTC 2026","","test_substrate_node_is_synced","",""
"","101","test_rpc_method_is_available[Test for Polkadot Bridge Hub, url: wss://dot-rpc.stakeworld.io/bridgehub]","tests","Fri Apr 17 15:29:17 UTC 2026","passed","Fri Apr 17 15:29:17 UTC 2026","","test_rpc_methods_availability","",""
"","0","test_can_create_connection[Test for Ternoa, url: wss://mainnet.ternoa.network]","tests","Fri Apr 17 15:28:44 UTC 2026","passed","Fri Apr 17 15:28:44 UTC 2026","","test_nodes_availability","",""
"","0","test_can_create_connection[Test for Acala, url: wss://acala-rpc-0.aca-api.network]","tests","Fri Apr 17 15:28:46 UTC 2026","passed","Fri Apr 17 15:28:46 UTC 2026","","test_nodes_availability","",""
"","78","test_rpc_method_is_available[Test for Polkadex, url: wss://so.polkadex.ee]","tests","Fri Apr 17 15:28:15 UTC 2026","passed","Fri Apr 17 15:28:15 UTC 2026","","test_rpc_methods_availability","",""
"","100","test_rpc_method_is_available[Test for Shiden, url: wss://shiden.public.curie.radiumblock.co/ws]","tests","Fri Apr 17 15:27:37 UTC 2026","passed","Fri Apr 17 15:27:37 UTC 2026","","test_rpc_methods_availability","",""
"","103","test_rpc_method_is_available[Test for Basilisk, url: wss://basilisk-rpc.n.dwellir.com]","tests","Fri Apr 17 15:27:57 UTC 2026","passed","Fri Apr 17 15:27:57 UTC 2026","","test_rpc_methods_availability","",""
"","48","test_rpc_method_is_available[Test for Ajuna, url: wss://ajuna.ibp.network]","tests","Fri Apr 17 15:28:43 UTC 2026","passed","Fri Apr 17 15:28:44 UTC 2026","","test_rpc_methods_availability","",""
"","148","test_rpc_node_is_synced[Test for Manta Atlantic, url: wss://ws.manta.systems]","tests","Fri Apr 17 15:29:31 UTC 2026","passed","Fri Apr 17 15:29:31 UTC 2026","","test_substrate_node_is_synced","",""
"","0","test_can_create_connection[Test for Kusama Relay, url: wss://kusama.public.curie.radiumblock.co/ws]","tests","Fri Apr 17 15:26:29 UTC 2026","passed","Fri Apr 17 15:26:29 UTC 2026","","test_nodes_availability","",""
"","0","test_chainId[Test for Encointer]","tests","Fri Apr 17 15:26:12 UTC 2026","passed","Fri Apr 17 15:26:12 UTC 2026","TestChainId","test_network_parameters","",""
"","0","test_address_prefix[Test for Astar]","tests","Fri Apr 17 15:26:04 UTC 2026","passed","Fri Apr 17 15:26:04 UTC 2026","TestNetworkPrefix","test_network_parameters","",""
"","0","test_can_create_connection[Test for Polkadot Bridge Hub, url: wss://bridge-hub-polkadot.dotters.network]","tests","Fri Apr 17 15:29:16 UTC 2026","passed","Fri Apr 17 15:29:16 UTC 2026","","test_nodes_availability","",""
"","0","test_can_create_connection[Test for Polkadot People, url: wss://polkadot-people-rpc.polkadot.io]","tests","Fri Apr 17 15:25:53 UTC 2026","passed","Fri Apr 17 15:25:53 UTC 2026","","test_nodes_availability","",""
"","7","test_has_new_assets[Test for Polkadot Collectives]","tests","Fri Apr 17 15:27:01 UTC 2026","passed","Fri Apr 17 15:27:01 UTC 2026","TestAssets","test_check_new_assets","",""
"","45","test_rpc_method_is_available[Test for Tanssi, url: wss://services.tanssi-mainnet.network/tanssi]","tests","Fri Apr 17 15:30:30 UTC 2026","passed","Fri Apr 17 15:30:30 UTC 2026","","test_rpc_methods_availability","",""
"","0","test_can_create_connection[Test for 3DPass, url: wss://rpc.p3d.top]","tests","Fri Apr 17 15:30:07 UTC 2026","broken","Fri Apr 17 15:30:07 UTC 2026","","test_nodes_availability","",""
"","80","test_rpc_node_is_synced[Test for Enjin Relay, url: wss://rpc.relay.blockchain.enjin.io]","tests","Fri Apr 17 15:29:35 UTC 2026","passed","Fri Apr 17 15:29:35 UTC 2026","","test_substrate_node_is_synced","",""
"","134","test_rpc_method_is_available[Test for krest, url: wss://krest.api.onfinality.io/public-ws']","tests","Fri Apr 17 15:29:28 UTC 2026","passed","Fri Apr 17 15:29:28 UTC 2026","","test_rpc_methods_availability","",""
"","0","test_can_create_connection[Test for Enjin Relay, url: wss://rpc.relay.blockchain.enjin.io]","tests","Fri Apr 17 15:29:32 UTC 2026","passed","Fri Apr 17 15:29:32 UTC 2026","","test_nodes_availability","",""
"","113","test_rpc_method_is_available[Test for Kusama Bridge Hub, url: wss://sys.ibp.network/bridgehub-kusama]","tests","Fri Apr 17 15:29:18 UTC 2026","passed","Fri Apr 17 15:29:19 UTC 2026","","test_rpc_methods_availability","",""
"","187","test_rpc_node_is_synced[Test for Kusama Relay, url: wss://1rpc.io/ksm]","tests","Fri Apr 17 15:26:14 UTC 2026","passed","Fri Apr 17 15:26:14 UTC 2026","","test_substrate_node_is_synced","",""
"","0","test_can_create_connection[Test for Aleph Zero, url: wss://ws.azero.dev]","tests","Fri Apr 17 15:28:17 UTC 2026","passed","Fri Apr 17 15:28:17 UTC 2026","","test_nodes_availability","",""
"","177","test_rpc_node_is_synced[Test for Polkadot Asset Hub, url: wss://rpc-assethub.novasama-tech.org]","tests","Fri Apr 17 15:27:24 UTC 2026","passed","Fri Apr 17 15:27:24 UTC 2026","","test_substrate_node_is_synced","",""
"","0","test_can_create_connection[Test for Encointer, url: wss://sys.ibp.network/encointer-kusama]","tests","Fri Apr 17 15:28:07 UTC 2026","passed","Fri Apr 17 15:28:07 UTC 2026","","test_nodes_availability","",""
"","1","test_can_create_connection[Test for Crust Shadow, url: wss://rpc-shadow.crust.network/]","tests","Fri Apr 17 15:27:11 UTC 2026","passed","Fri Apr 17 15:27:11 UTC 2026","","test_nodes_availability","",""
"","64","test_rpc_node_is_synced[Test for Bittensor, url: wss://bittensor-finney.api.onfinality.io/public-ws]","tests","Fri Apr 17 15:29:07 UTC 2026","passed","Fri Apr 17 15:29:07 UTC 2026","","test_substrate_node_is_synced","",""
"","0","test_can_create_connection[Test for Vara, url: wss://rpc.vara-network.io]","tests","Fri Apr 17 15:29:14 UTC 2026","passed","Fri Apr 17 15:29:14 UTC 2026","","test_nodes_availability","",""
"","337","test_rpc_node_is_synced[Test for Acala, url: wss://acala-rpc-1.aca-api.network]","tests","Fri Apr 17 15:29:12 UTC 2026","passed","Fri Apr 17 15:29:13 UTC 2026","","test_substrate_node_is_synced","",""
"","0","test_can_create_connection[Test for Cere, url: wss://rpc.mainnet.cere.network/ws]","tests","Fri Apr 17 15:30:44 UTC 2026","passed","Fri Apr 17 15:30:44 UTC 2026","","test_nodes_availability","",""
"","8","test_has_new_assets[Test for Encointer]","tests","Fri Apr 17 15:26:08 UTC 2026","passed","Fri Apr 17 15:26:08 UTC 2026","TestAssets","test_check_new_assets","",""
"","1","test_can_create_connection[Test for DENTNet, url: wss://rpc.dentnet.io/ws]","tests","Fri Apr 17 15:29:59 UTC 2026","passed","Fri Apr 17 15:29:59 UTC 2026","","test_nodes_availability","",""
"","0","test_can_create_connection[Test for Polkadot Relay, url: wss://1rpc.io/dot]","tests","Fri Apr 17 15:26:31 UTC 2026","broken","Fri Apr 17 15:26:31 UTC 2026","","test_nodes_availability","",""
"","0","test_chainId[Test for Bifrost Kusama]","tests","Fri Apr 17 15:26:39 UTC 2026","passed","Fri Apr 17 15:26:39 UTC 2026","TestChainId","test_network_parameters","",""
"","1","test_can_create_connection[Test for Kusama Asset Hub, url: wss://asset-hub-kusama.dotters.network]","tests","Fri Apr 17 15:25:48 UTC 2026","passed","Fri Apr 17 15:25:48 UTC 2026","","test_nodes_availability","",""
"","0","test_can_create_connection[Test for GIANT, url: wss://rpc-anchor-2-mainnet-az-ue1.giantprotocol.org:443]","tests","Fri Apr 17 15:29:08 UTC 2026","passed","Fri Apr 17 15:29:08 UTC 2026","","test_nodes_availability","",""
"","0","test_can_create_connection[Test for Crab, url: wss://crab-rpc.darwinia.network/]","tests","Fri Apr 17 15:29:05 UTC 2026","broken","Fri Apr 17 15:29:05 UTC 2026","","test_nodes_availability","",""
"","0","test_address_prefix[Test for Kusama People]","tests","Fri Apr 17 15:25:47 UTC 2026","passed","Fri Apr 17 15:25:47 UTC 2026","TestNetworkPrefix","test_network_parameters","",""
"","173","test_rpc_node_is_synced[Test for Hydration, url: wss://rpc.hydradx.cloud]","tests","Fri Apr 17 15:27:26 UTC 2026","passed","Fri Apr 17 15:27:26 UTC 2026","","test_substrate_node_is_synced","",""
"","0","test_has_new_assets[Test for 3DPass]","tests","Fri Apr 17 15:27:15 UTC 2026","broken","Fri Apr 17 15:27:15 UTC 2026","TestAssets","test_check_new_assets","",""
"","20","test_rpc_node_is_synced[Test for Kusama Asset Hub, url: wss://sys.ibp.network/statemine]","tests","Fri Apr 17 15:26:36 UTC 2026","passed","Fri Apr 17 15:26:36 UTC 2026","","test_substrate_node_is_synced","",""
"","90","test_has_new_assets[Test for Altair]","tests","Fri Apr 17 15:25:46 UTC 2026","passed","Fri Apr 17 15:25:46 UTC 2026","TestAssets","test_check_new_assets","",""
"","0","test_can_create_connection[Test for Crust Shadow, url: wss://rpc2-shadow.crust.network/]","tests","Fri Apr 17 15:27:06 UTC 2026","passed","Fri Apr 17 15:27:06 UTC 2026","","test_nodes_availability","",""
"","43","test_rpc_method_is_available[Test for Interlay, url: wss://rpc-interlay.luckyfriday.io/]","tests","Fri Apr 17 15:26:46 UTC 2026","passed","Fri Apr 17 15:26:46 UTC 2026","","test_rpc_methods_availability","",""
"","158","test_rpc_node_is_synced[Test for Bifrost Kusama, url: wss://us.bifrost-rpc.liebi.com/ws]","tests","Fri Apr 17 15:28:11 UTC 2026","passed","Fri Apr 17 15:28:11 UTC 2026","","test_substrate_node_is_synced","",""
"","0","test_can_create_connection[Test for Moonbeam, url: wss://moonbeam.dotters.network]","tests","Fri Apr 17 15:26:25 UTC 2026","broken","Fri Apr 17 15:26:25 UTC 2026","","test_nodes_availability","",""
"","0","test_can_create_connection[Test for UNIQUE, url: wss://unique.ibp.network]","tests","Fri Apr 17 15:28:16 UTC 2026","passed","Fri Apr 17 15:28:16 UTC 2026","","test_nodes_availability","",""
"","154","test_rpc_node_is_synced[Test for Polkadot Relay, url: wss://apps-rpc.polkadot.io]","tests","Fri Apr 17 15:26:08 UTC 2026","passed","Fri Apr 17 15:26:08 UTC 2026","","test_substrate_node_is_synced","",""
"","142","test_rpc_node_is_synced[Test for Polkadot Bridge Hub, url: wss://dot-rpc.stakeworld.io/bridgehub]","tests","Fri Apr 17 15:29:24 UTC 2026","passed","Fri Apr 17 15:29:24 UTC 2026","","test_substrate_node_is_synced","",""
"","0","test_can_create_connection[Test for Karura, url: wss://karura-rpc-1.aca-api.network]","tests","Fri Apr 17 15:25:50 UTC 2026","passed","Fri Apr 17 15:25:50 UTC 2026","","test_nodes_availability","",""
"","0","test_rpc_method_is_available[Test for Ajuna, url: wss://ajuna.dotters.network]","tests","Fri Apr 17 15:28:54 UTC 2026","broken","Fri Apr 17 15:28:54 UTC 2026","","test_rpc_methods_availability","",""
"","0","test_chainId[Test for Vara]","tests","Fri Apr 17 15:26:55 UTC 2026","passed","Fri Apr 17 15:26:55 UTC 2026","TestChainId","test_network_parameters","",""
"","0","test_can_create_connection[Test for 3DPass, url: wss://rpc.3dpass.org]","tests","Fri Apr 17 15:29:26 UTC 2026","broken","Fri Apr 17 15:29:26 UTC 2026","","test_nodes_availability","",""
"","67","test_rpc_method_is_available[Test for Aleph Zero, url: wss://ws.azero.dev]","tests","Fri Apr 17 15:28:11 UTC 2026","passed","Fri Apr 17 15:28:11 UTC 2026","","test_rpc_methods_availability","",""
"","0","test_can_create_connection[Test for Phala, url: wss://phala-rpc.n.dwellir.com]","tests","Fri Apr 17 15:27:15 UTC 2026","broken","Fri Apr 17 15:27:15 UTC 2026","","test_nodes_availability","",""
"","21","test_rpc_node_is_synced[Test for Kusama Coretime, url: wss://sys.ibp.network/coretime-kusama]","tests","Fri Apr 17 15:30:39 UTC 2026","passed","Fri Apr 17 15:30:39 UTC 2026","","test_substrate_node_is_synced","",""
"","0","test_can_create_connection[Test for Bifrost Kusama, url: wss://us.bifrost-rpc.liebi.com/ws]","tests","Fri Apr 17 15:27:54 UTC 2026","passed","Fri Apr 17 15:27:54 UTC 2026","","test_nodes_availability","",""
"","0","test_rpc_method_is_available[Test for Hyperbridge Nexus, url: wss://hyperbridge-nexus-rpc.blockops.network]","tests","Fri Apr 17 15:30:21 UTC 2026","broken","Fri Apr 17 15:30:21 UTC 2026","","test_rpc_methods_availability","",""
"","0","test_address_prefix[Test for Energy Web X]","tests","Fri Apr 17 15:26:59 UTC 2026","passed","Fri Apr 17 15:26:59 UTC 2026","TestNetworkPrefix","test_network_parameters","",""
"","1","test_chainId[Test for Laos]","tests","Fri Apr 17 15:28:05 UTC 2026","passed","Fri Apr 17 15:28:05 UTC 2026","TestChainId","test_network_parameters","",""
"","48","test_rpc_method_is_available[Test for Karura, url: wss://karura-rpc.n.dwellir.com]","tests","Fri Apr 17 15:26:01 UTC 2026","passed","Fri Apr 17 15:26:01 UTC 2026","","test_rpc_methods_availability","",""
"","103","test_rpc_method_is_available[Test for Bifrost Kusama, url: wss://us.bifrost-rpc.liebi.com/ws]","tests","Fri Apr 17 15:27:51 UTC 2026","passed","Fri Apr 17 15:27:51 UTC 2026","","test_rpc_methods_availability","",""
"","71","test_rpc_node_is_synced[Test for Moonbeam, url: wss://wss.api.moonbeam.network]","tests","Fri Apr 17 15:26:14 UTC 2026","passed","Fri Apr 17 15:26:14 UTC 2026","","test_substrate_node_is_synced","",""
"","1","test_address_prefix[Test for UNIQUE]","tests","Fri Apr 17 15:26:29 UTC 2026","passed","Fri Apr 17 15:26:29 UTC 2026","TestNetworkPrefix","test_network_parameters","",""
"","132","test_rpc_method_is_available[Test for XX network, url: wss://rpc-hetzner.xx.network]","tests","Fri Apr 17 15:29:15 UTC 2026","passed","Fri Apr 17 15:29:15 UTC 2026","","test_rpc_methods_availability","",""
"","170","test_rpc_method_is_available[Test for Bifrost Polkadot, url: wss://hk.p.bifrost-rpc.liebi.com/ws]","tests","Fri Apr 17 15:27:55 UTC 2026","passed","Fri Apr 17 15:27:56 UTC 2026","","test_rpc_methods_availability","",""
"","0","test_chainId[Test for Polkadot Collectives]","tests","Fri Apr 17 15:26:59 UTC 2026","passed","Fri Apr 17 15:26:59 UTC 2026","TestChainId","test_network_parameters","",""
"","100","test_rpc_method_is_available[Test for Crust Shadow, url: wss://rpc-shadow.crust.network/]","tests","Fri Apr 17 15:27:01 UTC 2026","passed","Fri Apr 17 15:27:01 UTC 2026","","test_rpc_methods_availability","",""
"","0","test_address_prefix[Test for Polkadot Asset Hub]","tests","Fri Apr 17 15:25:59 UTC 2026","passed","Fri Apr 17 15:25:59 UTC 2026","TestNetworkPrefix","test_network_parameters","",""
"","0","test_can_create_connection[Test for Heima, url: wss://heima-rpc.n.dwellir.com]","tests","Fri Apr 17 15:28:35 UTC 2026","passed","Fri Apr 17 15:28:35 UTC 2026","","test_nodes_availability","",""
"","326","test_rpc_method_is_available[Test for Kusama Asset Hub, url: wss://asset-hub-kusama.dotters.network]","tests","Fri Apr 17 15:25:44 UTC 2026","passed","Fri Apr 17 15:25:44 UTC 2026","","test_rpc_methods_availability","",""
"","10","test_chainId[Test for Tanssi]","tests","Fri Apr 17 15:27:59 UTC 2026","passed","Fri Apr 17 15:27:59 UTC 2026","TestChainId","test_network_parameters","",""
"","0","test_can_create_connection[Test for Creditcoin, url: wss://mainnet3.creditcoin.network]","tests","Fri Apr 17 15:30:07 UTC 2026","passed","Fri Apr 17 15:30:07 UTC 2026","","test_nodes_availability","",""
"","0","test_address_prefix[Test for Crab]","tests","Fri Apr 17 15:26:47 UTC 2026","broken","Fri Apr 17 15:26:47 UTC 2026","TestNetworkPrefix","test_network_parameters","",""
"","368","test_rpc_node_is_synced[Test for Acala, url: wss://acala-rpc-2.aca-api.network/ws]","tests","Fri Apr 17 15:26:36 UTC 2026","passed","Fri Apr 17 15:26:36 UTC 2026","","test_substrate_node_is_synced","",""
"","0","test_rpc_node_is_synced[Test for QUARTZ, url: wss://eu-ws-quartz.unique.network]","tests","Fri Apr 17 15:28:52 UTC 2026","broken","Fri Apr 17 15:28:52 UTC 2026","","test_substrate_node_is_synced","",""
"","63","test_rpc_node_is_synced[Test for GIANT, url: wss://rpc-anchor-2-mainnet-az-ue1.giantprotocol.org:443]","tests","Fri Apr 17 15:29:13 UTC 2026","passed","Fri Apr 17 15:29:13 UTC 2026","","test_substrate_node_is_synced","",""
"","0","test_address_prefix[Test for Polkadot Bridge Hub]","tests","Fri Apr 17 15:27:35 UTC 2026","passed","Fri Apr 17 15:27:35 UTC 2026","TestNetworkPrefix","test_network_parameters","",""
"","146","test_rpc_node_is_synced[Test for Kusama Relay, url: wss://kusama.public.curie.radiumblock.co/ws]","tests","Fri Apr 17 15:26:20 UTC 2026","passed","Fri Apr 17 15:26:20 UTC 2026","","test_substrate_node_is_synced","",""
"","150","test_rpc_node_is_synced[Test for Westend (TESTNET), url: wss://westend-rpc.polkadot.io]","tests","Fri Apr 17 15:26:26 UTC 2026","passed","Fri Apr 17 15:26:26 UTC 2026","","test_substrate_node_is_synced","",""
"","73","test_rpc_node_is_synced[Test for Bittensor, url: wss://lite.sub.latent.to:443]","tests","Fri Apr 17 15:29:00 UTC 2026","passed","Fri Apr 17 15:29:00 UTC 2026","","test_substrate_node_is_synced","",""
"","525","test_rpc_node_is_synced[Test for Acala, url: wss://acala-rpc-0.aca-api.network]","tests","Fri Apr 17 15:29:09 UTC 2026","passed","Fri Apr 17 15:29:09 UTC 2026","","test_substrate_node_is_synced","",""
"","75","test_rpc_method_is_available[Test for Karura, url: wss://karura-rpc-1.aca-api.network]","tests","Fri Apr 17 15:25:47 UTC 2026","passed","Fri Apr 17 15:25:48 UTC 2026","","test_rpc_methods_availability","",""
"","160","test_rpc_node_is_synced[Test for Ternoa, url: wss://mainnet.ternoa.network]","tests","Fri Apr 17 15:28:28 UTC 2026","passed","Fri Apr 17 15:28:28 UTC 2026","","test_substrate_node_is_synced","",""
"","88","test_has_new_assets[Test for Polkadot People]","tests","Fri Apr 17 15:25:46 UTC 2026","passed","Fri Apr 17 15:25:46 UTC 2026","TestAssets","test_check_new_assets","",""
"","0","test_address_prefix[Test for Robonomics]","tests","Fri Apr 17 15:26:03 UTC 2026","passed","Fri Apr 17 15:26:03 UTC 2026","TestNetworkPrefix","test_network_parameters","",""
"","10","test_has_new_assets[Test for Kusama Relay]","tests","Fri Apr 17 15:25:51 UTC 2026","passed","Fri Apr 17 15:25:51 UTC 2026","TestAssets","test_check_new_assets","",""
"","62","test_rpc_node_is_synced[Test for Kusama Asset Hub, url: wss://asset-hub-kusama.dotters.network]","tests","Fri Apr 17 15:25:47 UTC 2026","passed","Fri Apr 17 15:25:47 UTC 2026","","test_substrate_node_is_synced","",""
"","71","test_rpc_node_is_synced[Test for Interlay, url: wss://rpc-interlay.luckyfriday.io/]","tests","Fri Apr 17 15:26:56 UTC 2026","passed","Fri Apr 17 15:26:56 UTC 2026","","test_substrate_node_is_synced","",""
"","170","test_rpc_method_is_available[Test for Heima, url: wss://rpc.litentry-parachain.litentry.io]","tests","Fri Apr 17 15:28:07 UTC 2026","passed","Fri Apr 17 15:28:08 UTC 2026","","test_rpc_methods_availability","",""
"","0","test_chainId[Test for Acala]","tests","Fri Apr 17 15:25:59 UTC 2026","passed","Fri Apr 17 15:25:59 UTC 2026","TestChainId","test_network_parameters","",""
"","168","test_rpc_node_is_synced[Test for Energy Web X, url: wss://public-rpc.mainnet.energywebx.com/]","tests","Fri Apr 17 15:30:02 UTC 2026","passed","Fri Apr 17 15:30:02 UTC 2026","","test_substrate_node_is_synced","",""
"","0","test_can_create_connection[Test for Bittensor, url: wss://lite.sub.latent.to:443]","tests","Fri Apr 17 15:29:00 UTC 2026","passed","Fri Apr 17 15:29:00 UTC 2026","","test_nodes_availability","",""
"","75","test_rpc_node_is_synced[Test for Moonriver, url: wss://wss.api.moonriver.moonbeam.network]","tests","Fri Apr 17 15:26:48 UTC 2026","passed","Fri Apr 17 15:26:48 UTC 2026","","test_substrate_node_is_synced","",""
"","7","test_has_new_assets[Test for Laos]","tests","Fri Apr 17 15:27:47 UTC 2026","passed","Fri Apr 17 15:27:47 UTC 2026","TestAssets","test_check_new_assets","",""
"","44","test_rpc_method_is_available[Test for Polkadot Coretime, url: wss://sys.ibp.network/coretime-polkadot]","tests","Fri Apr 17 15:30:12 UTC 2026","passed","Fri Apr 17 15:30:12 UTC 2026","","test_rpc_methods_availability","",""
"","0","test_address_prefix[Test for Polymesh]","tests","Fri Apr 17 15:26:23 UTC 2026","passed","Fri Apr 17 15:26:23 UTC 2026","TestNetworkPrefix","test_network_parameters","",""
"","61","test_rpc_node_is_synced[Test for Polkadot Coretime, url: wss://coretime-polkadot.dotters.network]","tests","Fri Apr 17 15:30:44 UTC 2026","passed","Fri Apr 17 15:30:44 UTC 2026","","test_substrate_node_is_synced","",""
"","0","test_chainId[Test for JAMTON]","tests","Fri Apr 17 15:27:57 UTC 2026","passed","Fri Apr 17 15:27:57 UTC 2026","TestChainId","test_network_parameters","",""
"","1","test_can_create_connection[Test for Kusama People, url: wss://ksm-rpc.stakeworld.io/people]","tests","Fri Apr 17 15:26:19 UTC 2026","passed","Fri Apr 17 15:26:19 UTC 2026","","test_nodes_availability","",""
"","0","test_chainId[Test for Moonbeam]","tests","Fri Apr 17 15:25:53 UTC 2026","passed","Fri Apr 17 15:25:53 UTC 2026","TestChainId","test_network_parameters","",""
"","7","test_has_new_assets[Test for Mythos]","tests","Fri Apr 17 15:27:21 UTC 2026","passed","Fri Apr 17 15:27:21 UTC 2026","TestAssets","test_check_new_assets","",""
"","0","test_address_prefix[Test for Basilisk]","tests","Fri Apr 17 15:26:00 UTC 2026","passed","Fri Apr 17 15:26:00 UTC 2026","TestNetworkPrefix","test_network_parameters","",""
"","1","test_address_prefix[Test for Polkadot People]","tests","Fri Apr 17 15:25:44 UTC 2026","passed","Fri Apr 17 15:25:44 UTC 2026","TestNetworkPrefix","test_network_parameters","",""
"","0","test_address_prefix[Test for DeepBrain]","tests","Fri Apr 17 15:27:46 UTC 2026","broken","Fri Apr 17 15:27:46 UTC 2026","TestNetworkPrefix","test_network_parameters","",""
"","0","test_can_create_connection[Test for Polkadex, url: wss://polkadex.public.curie.radiumblock.co/ws]","tests","Fri Apr 17 15:28:34 UTC 2026","broken","Fri Apr 17 15:28:34 UTC 2026","","test_nodes_availability","",""
"","115","test_rpc_method_is_available[Test for Pendulum, url: wss://rpc-pendulum.prd.pendulumchain.tech]","tests","Fri Apr 17 15:28:29 UTC 2026","passed","Fri Apr 17 15:28:29 UTC 2026","","test_rpc_methods_availability","",""
"","0","test_can_create_connection[Test for Polkadot Relay, url: wss://rpc.ibp.network/polkadot]","tests","Fri Apr 17 15:26:00 UTC 2026","passed","Fri Apr 17 15:26:00 UTC 2026","","test_nodes_availability","",""
"","11","test_has_new_assets[Test for JAMTON]","tests","Fri Apr 17 15:27:47 UTC 2026","passed","Fri Apr 17 15:27:47 UTC 2026","TestAssets","test_check_new_assets","",""
"","0","test_can_create_connection[Test for Kreivo, url: wss://kreivo.kippu.rocks/]","tests","Fri Apr 17 15:29:45 UTC 2026","passed","Fri Apr 17 15:29:45 UTC 2026","","test_nodes_availability","",""
"","0","test_can_create_connection[Test for Kusama Coretime, url: wss://coretime-kusama.dotters.network]","tests","Fri Apr 17 15:30:36 UTC 2026","passed","Fri Apr 17 15:30:36 UTC 2026","","test_nodes_availability","",""
"","104","test_rpc_method_is_available[Test for Polkadot Bridge Hub, url: wss://bridge-hub-polkadot.dotters.network]","tests","Fri Apr 17 15:29:12 UTC 2026","passed","Fri Apr 17 15:29:12 UTC 2026","","test_rpc_methods_availability","",""
"","788","test_rpc_node_is_synced[Test for Karura, url: wss://karura-rpc-3.aca-api.network/ws]","tests","Fri Apr 17 15:26:02 UTC 2026","passed","Fri Apr 17 15:26:03 UTC 2026","","test_substrate_node_is_synced","",""
"","7","test_has_new_assets[Test for Kusama Asset Hub]","tests","Fri Apr 17 15:26:01 UTC 2026","passed","Fri Apr 17 15:26:01 UTC 2026","TestAssets","test_check_new_assets","",""
"","0","test_rpc_method_is_available[Test for Moonbeam, url: wss://moonbeam.public.curie.radiumblock.co/ws]","tests","Fri Apr 17 15:26:36 UTC 2026","broken","Fri Apr 17 15:26:36 UTC 2026","","test_rpc_methods_availability","",""
"","144","test_rpc_method_is_available[Test for Polkadot Relay, url: wss://rpc-polkadot.luckyfriday.io]","tests","Fri Apr 17 15:26:29 UTC 2026","passed","Fri Apr 17 15:26:29 UTC 2026","","test_rpc_methods_availability","",""
"","0","test_can_create_connection[Test for Polkadot People, url: wss://rpc-people-polkadot.luckyfriday.io]","tests","Fri Apr 17 15:26:01 UTC 2026","passed","Fri Apr 17 15:26:01 UTC 2026","","test_nodes_availability","",""
"","97","test_rpc_method_is_available[Test for Polkadot Coretime, url: wss://coretime-polkadot.dotters.network]","tests","Fri Apr 17 15:30:27 UTC 2026","passed","Fri Apr 17 15:30:27 UTC 2026","","test_rpc_methods_availability","",""
"","0","test_address_prefix[Test for 3DPass]","tests","Fri Apr 17 15:27:17 UTC 2026","broken","Fri Apr 17 15:27:17 UTC 2026","TestNetworkPrefix","test_network_parameters","",""
"","0","test_can_create_connection[Test for Polkadot People, url: wss://people-polkadot.public.curie.radiumblock.co/ws]","tests","Fri Apr 17 15:26:05 UTC 2026","passed","Fri Apr 17 15:26:05 UTC 2026","","test_nodes_availability","",""
"","0","test_address_prefix[Test for Ternoa]","tests","Fri Apr 17 15:26:19 UTC 2026","passed","Fri Apr 17 15:26:19 UTC 2026","TestNetworkPrefix","test_network_parameters","",""
"","0","test_can_create_connection[Test for Polkadot Collectives, url: wss://sys.ibp.network/collectives-polkadot]","tests","Fri Apr 17 15:29:16 UTC 2026","passed","Fri Apr 17 15:29:16 UTC 2026","","test_nodes_availability","",""
"","0","test_address_prefix[Test for Amplitude]","tests","Fri Apr 17 15:26:14 UTC 2026","broken","Fri Apr 17 15:26:14 UTC 2026","TestNetworkPrefix","test_network_parameters","",""
"","0","test_can_create_connection[Test for Polkadot People, url: wss://sys.ibp.network/people-polkadot]","tests","Fri Apr 17 15:25:56 UTC 2026","passed","Fri Apr 17 15:25:56 UTC 2026","","test_nodes_availability","",""
"","99","test_rpc_method_is_available[Test for Hydration, url: wss://hydration.dotters.network]","tests","Fri Apr 17 15:27:29 UTC 2026","passed","Fri Apr 17 15:27:29 UTC 2026","","test_rpc_methods_availability","",""
"","0","test_rpc_method_is_available[Test for Phala, url: wss://api.phala.network/ws]","tests","Fri Apr 17 15:27:49 UTC 2026","broken","Fri Apr 17 15:27:49 UTC 2026","","test_rpc_methods_availability","",""
"","101","test_rpc_method_is_available[Test for peaq, url: wss://peaq-rpc.publicnode.com]","tests","Fri Apr 17 15:30:19 UTC 2026","passed","Fri Apr 17 15:30:19 UTC 2026","","test_rpc_methods_availability","",""
"","0","test_rpc_method_is_available[Test for Phala, url: wss://phala-rpc.n.dwellir.com]","tests","Fri Apr 17 15:27:08 UTC 2026","broken","Fri Apr 17 15:27:08 UTC 2026","","test_rpc_methods_availability","",""
"","0","test_can_create_connection[Test for Centrifuge Parachain, url: wss://fullnode.centrifuge.io]","tests","Fri Apr 17 15:27:16 UTC 2026","passed","Fri Apr 17 15:27:16 UTC 2026","","test_nodes_availability","",""
"","0","test_can_create_connection[Test for Moonriver, url: wss://wss.api.moonriver.moonbeam.network]","tests","Fri Apr 17 15:26:41 UTC 2026","passed","Fri Apr 17 15:26:41 UTC 2026","","test_nodes_availability","",""
"","0","test_address_prefix[Test for NeuroWeb]","tests","Fri Apr 17 15:26:11 UTC 2026","passed","Fri Apr 17 15:26:11 UTC 2026","TestNetworkPrefix","test_network_parameters","",""
"","107","test_rpc_method_is_available[Test for Acurast Canary, url: wss://public-rpc.canary.acurast.com]","tests","Fri Apr 17 15:29:37 UTC 2026","passed","Fri Apr 17 15:29:37 UTC 2026","","test_rpc_methods_availability","",""
"","0","test_can_create_connection[Test for Astar, url: wss://astar.public.curie.radiumblock.co/ws]","tests","Fri Apr 17 15:27:32 UTC 2026","passed","Fri Apr 17 15:27:32 UTC 2026","","test_nodes_availability","",""
"","1","test_address_prefix[Test for peaq]","tests","Fri Apr 17 15:27:39 UTC 2026","passed","Fri Apr 17 15:27:39 UTC 2026","TestNetworkPrefix","test_network_parameters","",""
"","55","test_rpc_node_is_synced[Test for Polkadot Collectives, url: wss://collectives.public.curie.radiumblock.co/ws]","tests","Fri Apr 17 15:29:17 UTC 2026","passed","Fri Apr 17 15:29:17 UTC 2026","","test_substrate_node_is_synced","",""
"","12","test_has_new_assets[Test for Ajuna]","tests","Fri Apr 17 15:26:35 UTC 2026","passed","Fri Apr 17 15:26:35 UTC 2026","TestAssets","test_check_new_assets","",""
"","0","test_can_create_connection[Test for Basilisk, url: wss://rpc.basilisk.cloud]","tests","Fri Apr 17 15:28:04 UTC 2026","passed","Fri Apr 17 15:28:04 UTC 2026","","test_nodes_availability","",""
"","0","test_chainId[Test for Humanode]","tests","Fri Apr 17 15:27:46 UTC 2026","passed","Fri Apr 17 15:27:46 UTC 2026","TestChainId","test_network_parameters","",""
"","0","test_can_create_connection[Test for Manta Atlantic, url: wss://ws.manta.systems]","tests","Fri Apr 17 15:29:27 UTC 2026","passed","Fri Apr 17 15:29:27 UTC 2026","","test_nodes_availability","",""
"","51","test_rpc_method_is_available[Test for Kusama Coretime, url: wss://sys.ibp.network/coretime-kusama]","tests","Fri Apr 17 15:30:19 UTC 2026","passed","Fri Apr 17 15:30:19 UTC 2026","","test_rpc_methods_availability","",""
"","0","test_can_create_connection[Test for Shiden, url: wss://rpc.shiden.astar.network]","tests","Fri Apr 17 15:27:24 UTC 2026","passed","Fri Apr 17 15:27:24 UTC 2026","","test_nodes_availability","",""
"","145","test_rpc_node_is_synced[Test for Kusama People, url: wss://ksm-rpc.stakeworld.io/people]","tests","Fri Apr 17 15:26:19 UTC 2026","passed","Fri Apr 17 15:26:19 UTC 2026","","test_substrate_node_is_synced","",""
"","0","test_rpc_method_is_available[Test for Hyperbridge Nexus, url: wss://nexus.dotters.network]","tests","Fri Apr 17 15:30:02 UTC 2026","broken","Fri Apr 17 15:30:02 UTC 2026","","test_rpc_methods_availability","",""
"","72","test_rpc_method_is_available[Test for Moonbeam, url: wss://wss.api.moonbeam.network]","tests","Fri Apr 17 15:26:05 UTC 2026","passed","Fri Apr 17 15:26:05 UTC 2026","","test_rpc_methods_availability","",""
"","161","test_rpc_node_is_synced[Test for UNIQUE, url: wss://asia-ws.unique.network/]","tests","Fri Apr 17 15:28:38 UTC 2026","passed","Fri Apr 17 15:28:38 UTC 2026","","test_substrate_node_is_synced","",""
"","160","test_rpc_node_is_synced[Test for Astar, url: wss://rpc.astar.network]","tests","Fri Apr 17 15:27:07 UTC 2026","passed","Fri Apr 17 15:27:07 UTC 2026","","test_substrate_node_is_synced","",""
"","103","test_rpc_method_is_available[Test for UNIQUE, url: wss://unique.ibp.network]","tests","Fri Apr 17 15:28:30 UTC 2026","passed","Fri Apr 17 15:28:30 UTC 2026","","test_rpc_methods_availability","",""
"","0","test_address_prefix[Test for CC Enterprise]","tests","Fri Apr 17 15:27:33 UTC 2026","passed","Fri Apr 17 15:27:33 UTC 2026","TestNetworkPrefix","test_network_parameters","",""
"","0","test_chainId[Test for Bifrost Polkadot]","tests","Fri Apr 17 15:26:22 UTC 2026","passed","Fri Apr 17 15:26:22 UTC 2026","TestChainId","test_network_parameters","",""
"","0","test_can_create_connection[Test for Pendulum, url: wss://rpc-pendulum.prd.pendulumchain.tech]","tests","Fri Apr 17 15:28:43 UTC 2026","passed","Fri Apr 17 15:28:43 UTC 2026","","test_nodes_availability","",""
"","0","test_can_create_connection[Test for Kusama Bridge Hub, url: wss://bridge-hub-kusama.dotters.network]","tests","Fri Apr 17 15:29:09 UTC 2026","passed","Fri Apr 17 15:29:09 UTC 2026","","test_nodes_availability","",""
"","98","test_rpc_method_is_available[Test for Vara, url: wss://rpc.vara-network.io]","tests","Fri Apr 17 15:29:04 UTC 2026","passed","Fri Apr 17 15:29:04 UTC 2026","","test_rpc_methods_availability","",""
"","8","test_has_new_assets[Test for Bifrost Polkadot]","tests","Fri Apr 17 15:26:43 UTC 2026","passed","Fri Apr 17 15:26:43 UTC 2026","TestAssets","test_check_new_assets","",""
"","0","test_rpc_method_is_available[Test for Moonbeam, url: wss://moonbeam.dotters.network]","tests","Fri Apr 17 15:26:23 UTC 2026","broken","Fri Apr 17 15:26:23 UTC 2026","","test_rpc_methods_availability","",""
"","99","test_rpc_method_is_available[Test for Kusama Asset Hub, url: wss://sys.ibp.network/statemine]","tests","Fri Apr 17 15:26:30 UTC 2026","passed","Fri Apr 17 15:26:31 UTC 2026","","test_rpc_methods_availability","",""
"","139","test_rpc_method_is_available[Test for GIANT, url: wss://rpc-anchor-1-mainnet-az-ue1.giantprotocol.org:443]","tests","Fri Apr 17 15:29:05 UTC 2026","passed","Fri Apr 17 15:29:05 UTC 2026","","test_rpc_methods_availability","",""
"","61","test_rpc_node_is_synced[Test for Kusama Bridge Hub, url: wss://bridge-hub-kusama.dotters.network]","tests","Fri Apr 17 15:29:17 UTC 2026","passed","Fri Apr 17 15:29:17 UTC 2026","","test_substrate_node_is_synced","",""
"","0","test_can_create_connection[Test for Polkadot Collectives, url: wss://collectives.public.curie.radiumblock.co/ws]","tests","Fri Apr 17 15:29:21 UTC 2026","passed","Fri Apr 17 15:29:21 UTC 2026","","test_nodes_availability","",""
"","0","test_can_create_connection[Test for Polkadot Asset Hub, url: wss://asset-hub-polkadot-rpc.n.dwellir.com]","tests","Fri Apr 17 15:27:47 UTC 2026","passed","Fri Apr 17 15:27:47 UTC 2026","","test_nodes_availability","",""
"","98","test_rpc_method_is_available[Test for Polymesh, url: wss://mainnet-rpc.polymesh.network]","tests","Fri Apr 17 15:29:01 UTC 2026","passed","Fri Apr 17 15:29:01 UTC 2026","","test_rpc_methods_availability","",""
"","137","test_rpc_node_is_synced[Test for Aventus, url: wss://avn-parachain.mainnet.aventus.io]","tests","Fri Apr 17 15:28:51 UTC 2026","passed","Fri Apr 17 15:28:51 UTC 2026","","test_substrate_node_is_synced","",""
"","0","test_rpc_method_is_available[Test for Bifrost Polkadot, url: wss://bifrost-polkadot.dotters.network]","tests","Fri Apr 17 15:27:47 UTC 2026","broken","Fri Apr 17 15:27:47 UTC 2026","","test_rpc_methods_availability","",""
"","150","test_rpc_node_is_synced[Test for Mythos, url: wss://polkadot-mythos-rpc.polkadot.io]","tests","Fri Apr 17 15:29:46 UTC 2026","passed","Fri Apr 17 15:29:46 UTC 2026","","test_substrate_node_is_synced","",""
"","44","test_rpc_method_is_available[Test for Laos, url: wss://rpc.laos.laosfoundation.io]","tests","Fri Apr 17 15:30:10 UTC 2026","passed","Fri Apr 17 15:30:10 UTC 2026","","test_rpc_methods_availability","",""
"","0","test_can_create_connection[Test for Astar, url: wss://astar-rpc.n.dwellir.com]","tests","Fri Apr 17 15:27:28 UTC 2026","passed","Fri Apr 17 15:27:28 UTC 2026","","test_nodes_availability","",""
"","1","test_address_prefix[Test for Hydration]","tests","Fri Apr 17 15:26:10 UTC 2026","passed","Fri Apr 17 15:26:10 UTC 2026","TestNetworkPrefix","test_network_parameters","",""
"","0","test_can_create_connection[Test for QUARTZ, url: wss://eu-ws-quartz.unique.network]","tests","Fri Apr 17 15:28:30 UTC 2026","broken","Fri Apr 17 15:28:30 UTC 2026","","test_nodes_availability","",""
"","161","test_rpc_node_is_synced[Test for Shiden, url: wss://rpc.shiden.astar.network]","tests","Fri Apr 17 15:27:45 UTC 2026","passed","Fri Apr 17 15:27:46 UTC 2026","","test_substrate_node_is_synced","",""
"","164","test_rpc_node_is_synced[Test for Kusama Coretime, url: wss://kusama-coretime-rpc.polkadot.io]","tests","Fri Apr 17 15:30:48 UTC 2026","passed","Fri Apr 17 15:30:48 UTC 2026","","test_substrate_node_is_synced","",""
"","1","test_chainId[Test for Polymesh]","tests","Fri Apr 17 15:26:46 UTC 2026","passed","Fri Apr 17 15:26:46 UTC 2026","TestChainId","test_network_parameters","",""
"","0","test_can_create_connection[Test for Crust Polkadot Parachain, url: wss://crust-parachain.crustapps.net]","tests","Fri Apr 17 15:28:46 UTC 2026","passed","Fri Apr 17 15:28:46 UTC 2026","","test_nodes_availability","",""
"","0","test_can_create_connection[Test for Moonriver, url: wss://moonriver.public.curie.radiumblock.co/ws]","tests","Fri Apr 17 15:27:04 UTC 2026","broken","Fri Apr 17 15:27:04 UTC 2026","","test_nodes_availability","",""
"","162","test_rpc_method_is_available[Test for Enjin Matrix, url: wss://rpc.matrix.blockchain.enjin.io]","tests","Fri Apr 17 15:29:23 UTC 2026","passed","Fri Apr 17 15:29:23 UTC 2026","","test_rpc_methods_availability","",""
"","134","test_rpc_method_is_available[Test for Polkadot Relay, url: wss://rpc-polkadot-2.novasama-tech.org]","tests","Fri Apr 17 15:25:51 UTC 2026","passed","Fri Apr 17 15:25:51 UTC 2026","","test_rpc_methods_availability","",""
"","0","test_chainId[Test for Energy Web X]","tests","Fri Apr 17 15:27:36 UTC 2026","passed","Fri Apr 17 15:27:36 UTC 2026","TestChainId","test_network_parameters","",""
"","160","test_rpc_node_is_synced[Test for UNIQUE, url: wss://us-ws.unique.network/]","tests","Fri Apr 17 15:28:34 UTC 2026","passed","Fri Apr 17 15:28:34 UTC 2026","","test_substrate_node_is_synced","",""
"","10","test_has_new_assets[Test for Humanode]","tests","Fri Apr 17 15:27:43 UTC 2026","passed","Fri Apr 17 15:27:43 UTC 2026","TestAssets","test_check_new_assets","",""
"","0","test_chainId[Test for Westend (TESTNET)]","tests","Fri Apr 17 15:25:54 UTC 2026","passed","Fri Apr 17 15:25:54 UTC 2026","TestChainId","test_network_parameters","",""
"","0","test_address_prefix[Test for Polkadex]","tests","Fri Apr 17 15:26:06 UTC 2026","passed","Fri Apr 17 15:26:06 UTC 2026","TestNetworkPrefix","test_network_parameters","",""
"","1","test_can_create_connection[Test for Bifrost Polkadot, url: wss://hk.p.bifrost-rpc.liebi.com/ws]","tests","Fri Apr 17 15:28:16 UTC 2026","passed","Fri Apr 17 15:28:16 UTC 2026","","test_nodes_availability","",""
"","169","test_rpc_method_is_available[Test for Bifrost Polkadot, url: wss://eu.bifrost-polkadot-rpc.liebi.com/ws]","tests","Fri Apr 17 15:28:01 UTC 2026","passed","Fri Apr 17 15:28:02 UTC 2026","","test_rpc_methods_availability","",""
"","43","test_rpc_method_is_available[Test for NeuroWeb, url: wss://parachain-rpc.origin-trail.network]","tests","Fri Apr 17 15:28:32 UTC 2026","passed","Fri Apr 17 15:28:32 UTC 2026","","test_rpc_methods_availability","",""
"","37","test_has_new_assets[Test for Interlay]","tests","Fri Apr 17 15:26:17 UTC 2026","passed","Fri Apr 17 15:26:17 UTC 2026","TestAssets","test_check_new_assets","",""
"","183","test_rpc_method_is_available[Test for Karura, url: wss://karura-rpc-0.aca-api.network]","tests","Fri Apr 17 15:25:44 UTC 2026","passed","Fri Apr 17 15:25:44 UTC 2026","","test_rpc_methods_availability","",""
"","177","test_rpc_node_is_synced[Test for Interlay, url: wss://api.interlay.io/parachain]","tests","Fri Apr 17 15:26:53 UTC 2026","passed","Fri Apr 17 15:26:53 UTC 2026","","test_substrate_node_is_synced","",""
"","98","test_rpc_method_is_available[Test for GIANT, url: wss://rpc-anchor-2-mainnet-az-ue1.giantprotocol.org:443]","tests","Fri Apr 17 15:29:08 UTC 2026","passed","Fri Apr 17 15:29:08 UTC 2026","","test_rpc_methods_availability","",""
"","0","test_can_create_connection[Test for Altair, url: wss://altair.api.onfinality.io/public-ws]","tests","Fri Apr 17 15:28:08 UTC 2026","passed","Fri Apr 17 15:28:08 UTC 2026","","test_nodes_availability","",""
"","0","test_rpc_method_is_available[Test for Moonriver, url: wss://moonriver.public.curie.radiumblock.co/ws]","tests","Fri Apr 17 15:26:57 UTC 2026","broken","Fri Apr 17 15:26:57 UTC 2026","","test_rpc_methods_availability","",""
"","0","test_address_prefix[Test for Joystream]","tests","Fri Apr 17 15:27:00 UTC 2026","passed","Fri Apr 17 15:27:00 UTC 2026","TestNetworkPrefix","test_network_parameters","",""
"","101","test_rpc_method_is_available[Test for Polkadot Relay, url: wss://rpc.ibp.network/polkadot]","tests","Fri Apr 17 15:25:55 UTC 2026","passed","Fri Apr 17 15:25:56 UTC 2026","","test_rpc_methods_availability","",""
"","11","test_has_new_assets[Test for Kreivo]","tests","Fri Apr 17 15:27:25 UTC 2026","passed","Fri Apr 17 15:27:25 UTC 2026","TestAssets","test_check_new_assets","",""
"","0","test_chainId[Test for Nodle Parachain]","tests","Fri Apr 17 15:26:24 UTC 2026","broken","Fri Apr 17 15:26:24 UTC 2026","TestChainId","test_network_parameters","",""
"","0","test_rpc_node_is_synced[Test for Polkadex, url: wss://polkadex.public.curie.radiumblock.co/ws]","tests","Fri Apr 17 15:28:37 UTC 2026","broken","Fri Apr 17 15:28:37 UTC 2026","","test_substrate_node_is_synced","",""
"","100","test_rpc_method_is_available[Test for Encointer, url: wss://api.kusama.encointer.org]","tests","Fri Apr 17 15:26:38 UTC 2026","passed","Fri Apr 17 15:26:38 UTC 2026","","test_rpc_methods_availability","",""
"","0","test_can_create_connection[Test for Joystream, url: wss://rpc.joystream.org]","tests","Fri Apr 17 15:29:29 UTC 2026","passed","Fri Apr 17 15:29:29 UTC 2026","","test_nodes_availability","",""
"","0","test_address_prefix[Test for XX network]","tests","Fri Apr 17 15:26:27 UTC 2026","passed","Fri Apr 17 15:26:27 UTC 2026","TestNetworkPrefix","test_network_parameters","",""
"","100","test_rpc_method_is_available[Test for Kusama Bridge Hub, url: wss://bridge-hub-kusama.dotters.network]","tests","Fri Apr 17 15:29:13 UTC 2026","passed","Fri Apr 17 15:29:13 UTC 2026","","test_rpc_methods_availability","",""
"","0","test_chainId[Test for Centrifuge Parachain]","tests","Fri Apr 17 15:26:02 UTC 2026","passed","Fri Apr 17 15:26:02 UTC 2026","TestChainId","test_network_parameters","",""
"","83","test_rpc_node_is_synced[Test for Avail, url: wss://avail.api.onfinality.io/public-ws]","tests","Fri Apr 17 15:30:00 UTC 2026","passed","Fri Apr 17 15:30:00 UTC 2026","","test_substrate_node_is_synced","",""
"","0","test_can_create_connection[Test for Astar, url: wss://rpc.astar.network]","tests","Fri Apr 17 15:27:22 UTC 2026","passed","Fri Apr 17 15:27:22 UTC 2026","","test_nodes_availability","",""
"","61","test_rpc_node_is_synced[Test for Polkadot Collectives, url: wss://collectives-polkadot.dotters.network]","tests","Fri Apr 17 15:29:29 UTC 2026","passed","Fri Apr 17 15:29:29 UTC 2026","","test_substrate_node_is_synced","",""
"","0","test_rpc_node_is_synced[Test for Ajuna, url: wss://ajuna.dotters.network]","tests","Fri Apr 17 15:29:07 UTC 2026","broken","Fri Apr 17 15:29:07 UTC 2026","","test_substrate_node_is_synced","",""
"","1","test_chainId[Test for CC Enterprise]","tests","Fri Apr 17 15:27:45 UTC 2026","passed","Fri Apr 17 15:27:45 UTC 2026","TestChainId","test_network_parameters","",""
"","0","test_address_prefix[Test for Polkadot Relay]","tests","Fri Apr 17 15:25:45 UTC 2026","passed","Fri Apr 17 15:25:45 UTC 2026","TestNetworkPrefix","test_network_parameters","",""
"","0","test_chainId[Test for Joystream]","tests","Fri Apr 17 15:27:11 UTC 2026","passed","Fri Apr 17 15:27:11 UTC 2026","TestChainId","test_network_parameters","",""
"","163","test_rpc_node_is_synced[Test for Karura, url: wss://karura-rpc.n.dwellir.com]","tests","Fri Apr 17 15:26:09 UTC 2026","passed","Fri Apr 17 15:26:09 UTC 2026","","test_substrate_node_is_synced","",""
"","0","test_rpc_node_is_synced[Test for QUARTZ, url: wss://quartz.unique.network]","tests","Fri Apr 17 15:28:40 UTC 2026","broken","Fri Apr 17 15:28:40 UTC 2026","","test_substrate_node_is_synced","",""
"","11","test_has_new_assets[Test for Frequency]","tests","Fri Apr 17 15:27:50 UTC 2026","passed","Fri Apr 17 15:27:50 UTC 2026","TestAssets","test_check_new_assets","",""
"","0","test_address_prefix[Test for Ajuna]","tests","Fri Apr 17 15:26:37 UTC 2026","passed","Fri Apr 17 15:26:37 UTC 2026","TestNetworkPrefix","test_network_parameters","",""
"","0","test_can_create_connection[Test for NeuroWeb, url: wss://parachain-rpc.origin-trail.network]","tests","Fri Apr 17 15:28:39 UTC 2026","passed","Fri Apr 17 15:28:39 UTC 2026","","test_nodes_availability","",""
"","1","test_address_prefix[Test for Encointer]","tests","Fri Apr 17 15:26:06 UTC 2026","passed","Fri Apr 17 15:26:06 UTC 2026","TestNetworkPrefix","test_network_parameters","",""
"","0","test_can_create_connection[Test for Curio, url: wss://parachain.curioinvest.com/]","tests","Fri Apr 17 15:29:40 UTC 2026","broken","Fri Apr 17 15:29:40 UTC 2026","","test_nodes_availability","",""
"","100","test_rpc_method_is_available[Test for Crust Shadow, url: wss://rpc-sha-subscan.crustnetwork.xyz]","tests","Fri Apr 17 15:26:50 UTC 2026","passed","Fri Apr 17 15:26:50 UTC 2026","","test_rpc_methods_availability","",""
"","102","test_rpc_method_is_available[Test for Crust Polkadot Parachain, url: wss://crust-parachain.crustapps.net]","tests","Fri Apr 17 15:28:32 UTC 2026","passed","Fri Apr 17 15:28:32 UTC 2026","","test_rpc_methods_availability","",""
"","0","test_address_prefix[Test for Creditcoin]","tests","Fri Apr 17 15:27:35 UTC 2026","passed","Fri Apr 17 15:27:35 UTC 2026","TestNetworkPrefix","test_network_parameters","",""
"","99","test_rpc_method_is_available[Test for Polkadot People, url: wss://rpc-people-polkadot.luckyfriday.io]","tests","Fri Apr 17 15:25:56 UTC 2026","passed","Fri Apr 17 15:25:56 UTC 2026","","test_rpc_methods_availability","",""
"","1","test_can_create_connection[Test for Polymesh, url: wss://mainnet-rpc.polymesh.network]","tests","Fri Apr 17 15:28:50 UTC 2026","passed","Fri Apr 17 15:28:50 UTC 2026","","test_nodes_availability","",""
"","49","test_rpc_node_is_synced[Test for Westend (TESTNET), url: wss://westend.public.curie.radiumblock.co/ws]","tests","Fri Apr 17 15:26:32 UTC 2026","passed","Fri Apr 17 15:26:32 UTC 2026","","test_substrate_node_is_synced","",""
"","0","test_address_prefix[Test for Moonbeam]","tests","Fri Apr 17 15:25:53 UTC 2026","passed","Fri Apr 17 15:25:53 UTC 2026","TestNetworkPrefix","test_network_parameters","",""
"","47","test_rpc_method_is_available[Test for Phala, url: wss://phala.public.curie.radiumblock.co/ws]","tests","Fri Apr 17 15:28:08 UTC 2026","passed","Fri Apr 17 15:28:08 UTC 2026","","test_rpc_methods_availability","",""
"","0","test_can_create_connection[Test for Kusama Relay, url: wss://rpc-kusama-2.novasama-tech.org]","tests","Fri Apr 17 15:25:49 UTC 2026","passed","Fri Apr 17 15:25:49 UTC 2026","","test_nodes_availability","",""
"","0","test_rpc_node_is_synced[Test for Nodle Parachain, url: wss://nodle-parachain.api.onfinality.io/public-ws]","tests","Fri Apr 17 15:27:07 UTC 2026","broken","Fri Apr 17 15:27:07 UTC 2026","","test_substrate_node_is_synced","",""
"","0","test_can_create_connection[Test for Kusama Relay, url: wss://kusama.dotters.network]","tests","Fri Apr 17 15:25:59 UTC 2026","passed","Fri Apr 17 15:25:59 UTC 2026","","test_nodes_availability","",""
"","0","test_chainId[Test for Acurast Canary]","tests","Fri Apr 17 15:27:27 UTC 2026","passed","Fri Apr 17 15:27:27 UTC 2026","TestChainId","test_network_parameters","",""
"","164","test_rpc_node_is_synced[Test for Heima, url: wss://heima-rpc.n.dwellir.com]","tests","Fri Apr 17 15:28:22 UTC 2026","passed","Fri Apr 17 15:28:22 UTC 2026","","test_substrate_node_is_synced","",""
"","0","test_rpc_node_is_synced[Test for Acala, url: wss://acala-rpc.n.dwellir.com]","tests","Fri Apr 17 15:26:58 UTC 2026","broken","Fri Apr 17 15:26:58 UTC 2026","","test_substrate_node_is_synced","",""
"","0","test_can_create_connection[Test for Bifrost Kusama, url: wss://bifrost-rpc.liebi.com/ws]","tests","Fri Apr 17 15:27:47 UTC 2026","passed","Fri Apr 17 15:27:47 UTC 2026","","test_nodes_availability","",""
"","0","test_chainId[Test for DENTNet]","tests","Fri Apr 17 15:27:46 UTC 2026","passed","Fri Apr 17 15:27:46 UTC 2026","TestChainId","test_network_parameters","",""
"","108","test_rpc_method_is_available[Test for Polkadot Collectives, url: wss://collectives-polkadot.dotters.network]","tests","Fri Apr 17 15:29:22 UTC 2026","passed","Fri Apr 17 15:29:22 UTC 2026","","test_rpc_methods_availability","",""
"","181","test_rpc_method_is_available[Test for Polkadot Asset Hub, url: wss://asset-hub-polkadot-rpc.n.dwellir.com]","tests","Fri Apr 17 15:28:05 UTC 2026","passed","Fri Apr 17 15:28:05 UTC 2026","","test_rpc_methods_availability","",""
"","0","test_can_create_connection[Test for Encointer, url: wss://encointer-kusama.dotters.network]","tests","Fri Apr 17 15:28:11 UTC 2026","passed","Fri Apr 17 15:28:11 UTC 2026","","test_nodes_availability","",""
"","0","test_address_prefix[Test for Vara]","tests","Fri Apr 17 15:26:44 UTC 2026","passed","Fri Apr 17 15:26:44 UTC 2026","TestNetworkPrefix","test_network_parameters","",""
"","1","test_chainId[Test for Kintsugi]","tests","Fri Apr 17 15:26:17 UTC 2026","passed","Fri Apr 17 15:26:17 UTC 2026","TestChainId","test_network_parameters","",""
"","0","test_can_create_connection[Test for Westend (TESTNET), url: wss://westend-rpc.polkadot.io]","tests","Fri Apr 17 15:26:34 UTC 2026","passed","Fri Apr 17 15:26:34 UTC 2026","","test_nodes_availability","",""
"","0","test_chainId[Test for Basilisk]","tests","Fri Apr 17 15:26:44 UTC 2026","passed","Fri Apr 17 15:26:44 UTC 2026","TestChainId","test_network_parameters","",""
"","0","test_can_create_connection[Test for Kusama Coretime, url: wss://rpc-coretime-kusama.luckyfriday.io]","tests","Fri Apr 17 15:30:36 UTC 2026","passed","Fri Apr 17 15:30:36 UTC 2026","","test_nodes_availability","",""
"","175","test_rpc_method_is_available[Test for Kusama Relay, url: wss://apps-kusama-rpc.polkadot.io]","tests","Fri Apr 17 15:26:00 UTC 2026","passed","Fri Apr 17 15:26:00 UTC 2026","","test_rpc_methods_availability","",""
"","1","test_chainId[Test for Polkadot Asset Hub]","tests","Fri Apr 17 15:26:05 UTC 2026","passed","Fri Apr 17 15:26:05 UTC 2026","TestChainId","test_network_parameters","",""
"","136","test_rpc_method_is_available[Test for Kusama Relay, url: wss://kusama.dotters.network]","tests","Fri Apr 17 15:25:53 UTC 2026","passed","Fri Apr 17 15:25:54 UTC 2026","","test_rpc_methods_availability","",""
"","0","test_rpc_node_is_synced[Test for Crab, url: wss://crab-rpc.darwinia.network/]","tests","Fri Apr 17 15:28:58 UTC 2026","broken","Fri Apr 17 15:28:58 UTC 2026","","test_substrate_node_is_synced","",""
"","0","test_can_create_connection[Test for krest, url: wss://krest.api.onfinality.io/public-ws']","tests","Fri Apr 17 15:29:28 UTC 2026","passed","Fri Apr 17 15:29:28 UTC 2026","","test_nodes_availability","",""
"","0","test_rpc_method_is_available[Test for Tangle, url: wss://rpc.tangle.tools]","tests","Fri Apr 17 15:30:24 UTC 2026","broken","Fri Apr 17 15:30:24 UTC 2026","","test_rpc_methods_availability","",""
"","0","test_chainId[Test for Zeitgeist]","tests","Fri Apr 17 15:26:20 UTC 2026","passed","Fri Apr 17 15:26:20 UTC 2026","TestChainId","test_network_parameters","",""
"","105","test_rpc_method_is_available[Test for Robonomics, url: wss://kusama.rpc.robonomics.network/]","tests","Fri Apr 17 15:28:20 UTC 2026","passed","Fri Apr 17 15:28:20 UTC 2026","","test_rpc_methods_availability","",""
"","0","test_can_create_connection[Test for Polkadex, url: wss://so.polkadex.ee]","tests","Fri Apr 17 15:28:22 UTC 2026","passed","Fri Apr 17 15:28:22 UTC 2026","","test_nodes_availability","",""
"","99","test_rpc_method_is_available[Test for Energy Web X, url: wss://public-rpc.mainnet.energywebx.com/]","tests","Fri Apr 17 15:29:32 UTC 2026","passed","Fri Apr 17 15:29:32 UTC 2026","","test_rpc_methods_availability","",""
"","43","test_rpc_method_is_available[Test for Moonbeam, url: wss://moonbeam.ibp.network]","tests","Fri Apr 17 15:26:13 UTC 2026","passed","Fri Apr 17 15:26:13 UTC 2026","","test_rpc_methods_availability","",""
"","100","test_rpc_method_is_available[Test for Hyperbridge Nexus, url: wss://nexus.ibp.network]","tests","Fri Apr 17 15:29:50 UTC 2026","passed","Fri Apr 17 15:29:50 UTC 2026","","test_rpc_methods_availability","",""
"","1","test_address_prefix[Test for Zeitgeist]","tests","Fri Apr 17 15:26:15 UTC 2026","passed","Fri Apr 17 15:26:15 UTC 2026","TestNetworkPrefix","test_network_parameters","",""
"","0","test_address_prefix[Test for Pendulum]","tests","Fri Apr 17 15:26:31 UTC 2026","passed","Fri Apr 17 15:26:31 UTC 2026","TestNetworkPrefix","test_network_parameters","",""
"","137","test_rpc_method_is_available[Test for Polkadot Relay, url: wss://polkadot.dotters.network]","tests","Fri Apr 17 15:26:00 UTC 2026","passed","Fri Apr 17 15:26:00 UTC 2026","","test_rpc_methods_availability","",""
"","1","test_chainId[Test for Kreivo]","tests","Fri Apr 17 15:27:33 UTC 2026","passed","Fri Apr 17 15:27:33 UTC 2026","TestChainId","test_network_parameters","",""
"","0","test_address_prefix[Test for Kusama Asset Hub]","tests","Fri Apr 17 15:26:00 UTC 2026","passed","Fri Apr 17 15:26:00 UTC 2026","TestNetworkPrefix","test_network_parameters","",""
"","0","test_can_create_connection[Test for Ajuna, url: wss://ajuna.ibp.network]","tests","Fri Apr 17 15:29:03 UTC 2026","passed","Fri Apr 17 15:29:03 UTC 2026","","test_nodes_availability","",""
"","20","test_rpc_node_is_synced[Test for Encointer, url: wss://sys.ibp.network/encointer-kusama]","tests","Fri Apr 17 15:27:49 UTC 2026","passed","Fri Apr 17 15:27:49 UTC 2026","","test_substrate_node_is_synced","",""
"","0","test_can_create_connection[Test for Polkadot Coretime, url: wss://polkadot-coretime-rpc.polkadot.io]","tests","Fri Apr 17 15:30:34 UTC 2026","passed","Fri Apr 17 15:30:34 UTC 2026","","test_nodes_availability","",""
"","20","test_rpc_node_is_synced[Test for Polkadot Coretime, url: wss://sys.ibp.network/coretime-polkadot]","tests","Fri Apr 17 15:30:31 UTC 2026","passed","Fri Apr 17 15:30:31 UTC 2026","","test_substrate_node_is_synced","",""
"","1","test_can_create_connection[Test for Kusama People, url: wss://kusama-people-rpc.polkadot.io]","tests","Fri Apr 17 15:26:10 UTC 2026","passed","Fri Apr 17 15:26:10 UTC 2026","","test_nodes_availability","",""
"","67","test_rpc_node_is_synced[Test for Frequency, url: wss://1.rpc.frequency.xyz]","tests","Fri Apr 17 15:29:04 UTC 2026","passed","Fri Apr 17 15:29:04 UTC 2026","","test_substrate_node_is_synced","",""
"","0","test_rpc_node_is_synced[Test for UNIQUE, url: wss://unique.dotters.network]","tests","Fri Apr 17 15:28:10 UTC 2026","broken","Fri Apr 17 15:28:10 UTC 2026","","test_substrate_node_is_synced","",""
"","0","test_chainId[Test for Shiden]","tests","Fri Apr 17 15:26:32 UTC 2026","passed","Fri Apr 17 15:26:32 UTC 2026","TestChainId","test_network_parameters","",""
"","22","test_rpc_node_is_synced[Test for Polkadot Relay, url: wss://rpc.ibp.network/polkadot]","tests","Fri Apr 17 15:25:57 UTC 2026","passed","Fri Apr 17 15:25:57 UTC 2026","","test_substrate_node_is_synced","",""
"","157","test_rpc_node_is_synced[Test for Kusama Relay, url: wss://apps-kusama-rpc.polkadot.io]","tests","Fri Apr 17 15:26:02 UTC 2026","passed","Fri Apr 17 15:26:02 UTC 2026","","test_substrate_node_is_synced","",""
"","1728","test_subquery_is_synced","tests","Fri Apr 17 15:25:54 UTC 2026","broken","Fri Apr 17 15:25:55 UTC 2026","","test_subquery_is_synced","",""
"","0","test_chainId[Test for Heima]","tests","Fri Apr 17 15:26:28 UTC 2026","passed","Fri Apr 17 15:26:28 UTC 2026","TestChainId","test_network_parameters","",""
"","0","test_address_prefix[Test for Aleph Zero]","tests","Fri Apr 17 15:27:25 UTC 2026","passed","Fri Apr 17 15:27:25 UTC 2026","TestNetworkPrefix","test_network_parameters","",""
"","0","test_chainId[Test for Manta Atlantic]","tests","Fri Apr 17 15:27:15 UTC 2026","passed","Fri Apr 17 15:27:15 UTC 2026","TestChainId","test_network_parameters","",""
"","169","test_rpc_method_is_available[Test for Acala, url: wss://acala-rpc-3.aca-api.network/ws]","tests","Fri Apr 17 15:26:36 UTC 2026","passed","Fri Apr 17 15:26:36 UTC 2026","","test_rpc_methods_availability","",""
"","7","test_has_new_assets[Test for Shiden]","tests","Fri Apr 17 15:25:53 UTC 2026","passed","Fri Apr 17 15:25:53 UTC 2026","TestAssets","test_check_new_assets","",""
"","0","test_can_create_connection[Test for QUARTZ, url: wss://us-ws-quartz.unique.network]","tests","Fri Apr 17 15:28:42 UTC 2026","broken","Fri Apr 17 15:28:42 UTC 2026","","test_nodes_availability","",""
"","494","test_rpc_node_is_synced[Test for Acurast Canary, url: wss://public-rpc.canary.acurast.com]","tests","Fri Apr 17 15:29:52 UTC 2026","passed","Fri Apr 17 15:29:53 UTC 2026","","test_substrate_node_is_synced","",""
"","83","test_rpc_node_is_synced[Test for peaq, url: wss://peaq-rpc.publicnode.com]","tests","Fri Apr 17 15:30:25 UTC 2026","passed","Fri Apr 17 15:30:25 UTC 2026","","test_substrate_node_is_synced","",""
"","168","test_rpc_node_is_synced[Test for Polkadot Coretime, url: wss://polkadot-coretime-rpc.polkadot.io]","tests","Fri Apr 17 15:30:40 UTC 2026","passed","Fri Apr 17 15:30:40 UTC 2026","","test_substrate_node_is_synced","",""
"","0","test_chainId[Test for Polkadot Coretime]","tests","Fri Apr 17 15:27:53 UTC 2026","passed","Fri Apr 17 15:27:53 UTC 2026","TestChainId","test_network_parameters","",""
"","10","test_has_new_assets[Test for DENTNet]","tests","Fri Apr 17 15:27:40 UTC 2026","passed","Fri Apr 17 15:27:40 UTC 2026","TestAssets","test_check_new_assets","",""
"","70","test_has_new_assets[Test for Bifrost Kusama]","tests","Fri Apr 17 15:26:01 UTC 2026","passed","Fri Apr 17 15:26:01 UTC 2026","TestAssets","test_check_new_assets","",""
"","230","test_rpc_node_is_synced[Test for Moonbeam, url: wss://moonbeam.ibp.network]","tests","Fri Apr 17 15:26:21 UTC 2026","passed","Fri Apr 17 15:26:21 UTC 2026","","test_substrate_node_is_synced","",""
"","7","test_has_new_assets[Test for Manta Atlantic]","tests","Fri Apr 17 15:27:12 UTC 2026","passed","Fri Apr 17 15:27:12 UTC 2026","TestAssets","test_check_new_assets","",""
"","0","test_address_prefix[Test for Cere]","tests","Fri Apr 17 15:27:28 UTC 2026","passed","Fri Apr 17 15:27:28 UTC 2026","TestNetworkPrefix","test_network_parameters","",""
"","100","test_rpc_method_is_available[Test for Bittensor, url: wss://lite.sub.latent.to:443]","tests","Fri Apr 17 15:28:53 UTC 2026","passed","Fri Apr 17 15:28:53 UTC 2026","","test_rpc_methods_availability","",""
"","160","test_rpc_node_is_synced[Test for Kusama People, url: wss://kusama-people-rpc.polkadot.io]","tests","Fri Apr 17 15:26:09 UTC 2026","passed","Fri Apr 17 15:26:09 UTC 2026","","test_substrate_node_is_synced","",""
"","72","test_rpc_node_is_synced[Test for Centrifuge Parachain, url: wss://rpc-centrifuge.luckyfriday.io]","tests","Fri Apr 17 15:27:14 UTC 2026","passed","Fri Apr 17 15:27:14 UTC 2026","","test_substrate_node_is_synced","",""
"","1","test_address_prefix[Test for Interlay]","tests","Fri Apr 17 15:26:16 UTC 2026","passed","Fri Apr 17 15:26:16 UTC 2026","TestNetworkPrefix","test_network_parameters","",""
"","1","test_can_create_connection[Test for Acurast, url: wss://public-archive.mainnet.acurast.com]","tests","Fri Apr 17 15:30:43 UTC 2026","passed","Fri Apr 17 15:30:43 UTC 2026","","test_nodes_availability","",""
"","72","test_rpc_node_is_synced[Test for Kusama Relay, url: wss://rpc-kusama.luckyfriday.io]","tests","Fri Apr 17 15:26:06 UTC 2026","passed","Fri Apr 17 15:26:06 UTC 2026","","test_substrate_node_is_synced","",""
"","7","test_has_new_assets[Test for Kusama Coretime]","tests","Fri Apr 17 15:28:05 UTC 2026","passed","Fri Apr 17 15:28:05 UTC 2026","TestAssets","test_check_new_assets","",""
"","71","test_rpc_node_is_synced[Test for Kusama Coretime, url: wss://rpc-coretime-kusama.luckyfriday.io]","tests","Fri Apr 17 15:30:43 UTC 2026","passed","Fri Apr 17 15:30:43 UTC 2026","","test_substrate_node_is_synced","",""
"","156","test_rpc_method_is_available[Test for Polkadot Bridge Hub, url: wss://sys.ibp.network/bridgehub-polkadot]","tests","Fri Apr 17 15:29:10 UTC 2026","passed","Fri Apr 17 15:29:10 UTC 2026","","test_rpc_methods_availability","",""
"","68","test_rpc_node_is_synced[Test for GIANT, url: wss://rpc-anchor-1-mainnet-az-ue1.giantprotocol.org:443]","tests","Fri Apr 17 15:29:12 UTC 2026","passed","Fri Apr 17 15:29:13 UTC 2026","","test_substrate_node_is_synced","",""
"","260","test_rpc_node_is_synced[Test for Acala, url: wss://acala-rpc-3.aca-api.network/ws]","tests","Fri Apr 17 15:26:39 UTC 2026","passed","Fri Apr 17 15:26:39 UTC 2026","","test_substrate_node_is_synced","",""
"","0","test_can_create_connection[Test for XX network, url: wss://rpc.xx.network]","tests","Fri Apr 17 15:29:00 UTC 2026","passed","Fri Apr 17 15:29:00 UTC 2026","","test_nodes_availability","",""
"","0","test_address_prefix[Test for Hyperbridge Nexus]","tests","Fri Apr 17 15:27:23 UTC 2026","passed","Fri Apr 17 15:27:23 UTC 2026","TestNetworkPrefix","test_network_parameters","",""
"","0","test_address_prefix[Test for Bittensor]","tests","Fri Apr 17 15:26:30 UTC 2026","passed","Fri Apr 17 15:26:30 UTC 2026","TestNetworkPrefix","test_network_parameters","",""
"","152","test_rpc_method_is_available[Test for Polkadot Collectives, url: wss://dot-rpc.stakeworld.io/collectives]","tests","Fri Apr 17 15:29:24 UTC 2026","passed","Fri Apr 17 15:29:24 UTC 2026","","test_rpc_methods_availability","",""
"","97","test_rpc_method_is_available[Test for Shiden, url: wss://rpc.shiden.astar.network]","tests","Fri Apr 17 15:27:17 UTC 2026","passed","Fri Apr 17 15:27:17 UTC 2026","","test_rpc_methods_availability","",""
"","0","test_can_create_connection[Test for Bifrost Polkadot, url: wss://eu.bifrost-polkadot-rpc.liebi.com/ws]","tests","Fri Apr 17 15:28:23 UTC 2026","passed","Fri Apr 17 15:28:23 UTC 2026","","test_nodes_availability","",""
"","128","test_rpc_node_is_synced[Test for Aventus, url: wss://public-rpc.mainnet.aventus.io]","tests","Fri Apr 17 15:28:55 UTC 2026","passed","Fri Apr 17 15:28:55 UTC 2026","","test_substrate_node_is_synced","",""
"","21","test_rpc_node_is_synced[Test for Kusama Bridge Hub, url: wss://sys.ibp.network/bridgehub-kusama]","tests","Fri Apr 17 15:29:26 UTC 2026","passed","Fri Apr 17 15:29:26 UTC 2026","","test_substrate_node_is_synced","",""
"","86","test_has_new_assets[Test for Polkadot Relay]","tests","Fri Apr 17 15:25:47 UTC 2026","passed","Fri Apr 17 15:25:47 UTC 2026","TestAssets","test_check_new_assets","",""
"","0","test_chainId[Test for Robonomics]","tests","Fri Apr 17 15:26:09 UTC 2026","passed","Fri Apr 17 15:26:09 UTC 2026","TestChainId","test_network_parameters","",""
"","0","test_rpc_method_is_available[Test for Polkadot Relay, url: wss://1rpc.io/dot]","tests","Fri Apr 17 15:26:26 UTC 2026","broken","Fri Apr 17 15:26:26 UTC 2026","","test_rpc_methods_availability","",""
"","0","test_can_create_connection[Test for Energy Web X, url: wss://public-rpc.mainnet.energywebx.com/]","tests","Fri Apr 17 15:29:34 UTC 2026","passed","Fri Apr 17 15:29:34 UTC 2026","","test_nodes_availability","",""
"","0","test_can_create_connection[Test for Polkadot Coretime, url: wss://rpc-coretime-polkadot.luckyfriday.io]","tests","Fri Apr 17 15:30:31 UTC 2026","passed","Fri Apr 17 15:30:31 UTC 2026","","test_nodes_availability","",""
"","109","test_rpc_method_is_available[Test for Zeitgeist, url: wss://zeitgeist.api.onfinality.io/public-ws]","tests","Fri Apr 17 15:26:44 UTC 2026","passed","Fri Apr 17 15:26:44 UTC 2026","","test_rpc_methods_availability","",""
"","0","test_rpc_method_is_available[Test for 3DPass, url: wss://rpc.3dpass.org]","tests","Fri Apr 17 15:29:06 UTC 2026","broken","Fri Apr 17 15:29:06 UTC 2026","","test_rpc_methods_availability","",""
"","47","test_rpc_method_is_available[Test for Ajuna, url: wss://rpc-para.ajuna.network]","tests","Fri Apr 17 15:28:36 UTC 2026","passed","Fri Apr 17 15:28:36 UTC 2026","","test_rpc_methods_availability","",""
"","0","test_chainId[Test for Amplitude]","tests","Fri Apr 17 15:26:38 UTC 2026","broken","Fri Apr 17 15:26:38 UTC 2026","TestChainId","test_network_parameters","",""
"","0","test_can_create_connection[Test for Hyperbridge Nexus, url: wss://nexus.dotters.network]","tests","Fri Apr 17 15:30:02 UTC 2026","broken","Fri Apr 17 15:30:02 UTC 2026","","test_nodes_availability","",""
"","22","test_rpc_node_is_synced[Test for Avail, url: wss://mainnet.avail-rpc.com/]","tests","Fri Apr 17 15:30:03 UTC 2026","passed","Fri Apr 17 15:30:03 UTC 2026","","test_substrate_node_is_synced","",""
"","0","test_address_prefix[Test for Kusama Relay]","tests","Fri Apr 17 15:25:50 UTC 2026","passed","Fri Apr 17 15:25:50 UTC 2026","TestNetworkPrefix","test_network_parameters","",""
"","0","test_chainId[Test for Avail]","tests","Fri Apr 17 15:27:42 UTC 2026","passed","Fri Apr 17 15:27:42 UTC 2026","TestChainId","test_network_parameters","",""
"","0","test_chainId[Test for Kusama Coretime]","tests","Fri Apr 17 15:28:14 UTC 2026","passed","Fri Apr 17 15:28:14 UTC 2026","TestChainId","test_network_parameters","",""
"","7","test_has_new_assets[Test for Westend (TESTNET)]","tests","Fri Apr 17 15:25:56 UTC 2026","passed","Fri Apr 17 15:25:56 UTC 2026","TestAssets","test_check_new_assets","",""
"","0","test_can_create_connection[Test for Polkadot Collectives, url: wss://collectives-polkadot.dotters.network]","tests","Fri Apr 17 15:29:20 UTC 2026","passed","Fri Apr 17 15:29:20 UTC 2026","","test_nodes_availability","",""
"","0","test_address_prefix[Test for Crust Polkadot Parachain]","tests","Fri Apr 17 15:26:36 UTC 2026","passed","Fri Apr 17 15:26:36 UTC 2026","TestNetworkPrefix","test_network_parameters","",""
"","61","test_rpc_node_is_synced[Test for Encointer, url: wss://encointer-kusama.dotters.network]","tests","Fri Apr 17 15:27:51 UTC 2026","passed","Fri Apr 17 15:27:51 UTC 2026","","test_substrate_node_is_synced","",""
"","60","test_rpc_node_is_synced[Test for Hydration, url: wss://hydration.dotters.network]","tests","Fri Apr 17 15:27:36 UTC 2026","passed","Fri Apr 17 15:27:36 UTC 2026","","test_substrate_node_is_synced","",""
"","1","test_can_create_connection[Test for Zeitgeist, url: wss://zeitgeist.api.onfinality.io/public-ws]","tests","Fri Apr 17 15:26:55 UTC 2026","passed","Fri Apr 17 15:26:55 UTC 2026","","test_nodes_availability","",""
"","0","test_can_create_connection[Test for Moonbeam, url: wss://moonbeam.public.curie.radiumblock.co/ws]","tests","Fri Apr 17 15:26:37 UTC 2026","broken","Fri Apr 17 15:26:37 UTC 2026","","test_nodes_availability","",""
"","1","test_can_create_connection[Test for Karura, url: wss://karura-rpc-2.aca-api.network/ws]","tests","Fri Apr 17 15:25:55 UTC 2026","passed","Fri Apr 17 15:25:55 UTC 2026","","test_nodes_availability","",""
"","105","test_rpc_method_is_available[Test for Enjin Relay, url: wss://rpc.relay.blockchain.enjin.io]","tests","Fri Apr 17 15:29:31 UTC 2026","passed","Fri Apr 17 15:29:31 UTC 2026","","test_rpc_methods_availability","",""
"","0","test_chainId[Test for Phala]","tests","Fri Apr 17 15:27:05 UTC 2026","broken","Fri Apr 17 15:27:05 UTC 2026","TestChainId","test_network_parameters","",""
"","0","test_rpc_method_is_available[Test for Curio, url: wss://parachain.curioinvest.com/]","tests","Fri Apr 17 15:29:39 UTC 2026","broken","Fri Apr 17 15:29:39 UTC 2026","","test_rpc_methods_availability","",""
"","148","test_rpc_method_is_available[Test for Polkadot Relay, url: wss://polkadot.public.curie.radiumblock.co/ws]","tests","Fri Apr 17 15:26:14 UTC 2026","passed","Fri Apr 17 15:26:14 UTC 2026","","test_rpc_methods_availability","",""
"","9","test_has_new_assets[Test for Ternoa]","tests","Fri Apr 17 15:26:21 UTC 2026","passed","Fri Apr 17 15:26:21 UTC 2026","TestAssets","test_check_new_assets","",""
"","1","test_can_create_connection[Test for Moonriver, url: wss://moonriver-rpc.publicnode.com]","tests","Fri Apr 17 15:26:24 UTC 2026","passed","Fri Apr 17 15:26:24 UTC 2026","","test_nodes_availability","",""
"","1","test_chainId[Test for krest]","tests","Fri Apr 17 15:27:03 UTC 2026","passed","Fri Apr 17 15:27:03 UTC 2026","TestChainId","test_network_parameters","",""
"","77","test_rpc_method_is_available[Test for Karura, url: wss://karura-rpc-3.aca-api.network/ws]","tests","Fri Apr 17 15:25:55 UTC 2026","passed","Fri Apr 17 15:25:55 UTC 2026","","test_rpc_methods_availability","",""
"","0","test_can_create_connection[Test for Polkadot Relay, url: wss://polkadot.public.curie.radiumblock.co/ws]","tests","Fri Apr 17 15:26:21 UTC 2026","passed","Fri Apr 17 15:26:21 UTC 2026","","test_nodes_availability","",""
"","61","test_has_new_assets[Test for Karura]","tests","Fri Apr 17 15:25:53 UTC 2026","passed","Fri Apr 17 15:25:53 UTC 2026","TestAssets","test_check_new_assets","",""
"","11","test_has_new_assets[Test for Vara]","tests","Fri Apr 17 15:26:57 UTC 2026","passed","Fri Apr 17 15:26:57 UTC 2026","TestAssets","test_check_new_assets","",""
"","0","test_can_create_connection[Test for UNIQUE, url: wss://us-ws.unique.network/]","tests","Fri Apr 17 15:28:47 UTC 2026","passed","Fri Apr 17 15:28:47 UTC 2026","","test_nodes_availability","",""
"","0","test_can_create_connection[Test for Kusama Coretime, url: wss://kusama-coretime-rpc.polkadot.io]","tests","Fri Apr 17 15:30:39 UTC 2026","passed","Fri Apr 17 15:30:39 UTC 2026","","test_nodes_availability","",""
"","10","test_has_new_assets[Test for UNIQUE]","tests","Fri Apr 17 15:26:52 UTC 2026","passed","Fri Apr 17 15:26:52 UTC 2026","TestAssets","test_check_new_assets","",""
"","8","test_has_new_assets[Test for Crust Polkadot Parachain]","tests","Fri Apr 17 15:26:55 UTC 2026","passed","Fri Apr 17 15:26:55 UTC 2026","TestAssets","test_check_new_assets","",""
"","0","test_rpc_method_is_available[Test for UNIQUE, url: wss://unique.dotters.network]","tests","Fri Apr 17 15:28:42 UTC 2026","broken","Fri Apr 17 15:28:42 UTC 2026","","test_rpc_methods_availability","",""
"","0","test_chainId[Test for Kusama Relay]","tests","Fri Apr 17 15:25:50 UTC 2026","passed","Fri Apr 17 15:25:50 UTC 2026","TestChainId","test_network_parameters","",""
"","0","test_can_create_connection[Test for Bittensor, url: wss://entrypoint-finney.opentensor.ai:443]","tests","Fri Apr 17 15:29:06 UTC 2026","passed","Fri Apr 17 15:29:06 UTC 2026","","test_nodes_availability","",""
"","145","test_rpc_node_is_synced[Test for Cere, url: wss://rpc.mainnet.cere.network/ws]","tests","Fri Apr 17 15:30:47 UTC 2026","passed","Fri Apr 17 15:30:47 UTC 2026","","test_substrate_node_is_synced","",""
"","0","test_can_create_connection[Test for Polkadot Bridge Hub, url: wss://sys.ibp.network/bridgehub-polkadot]","tests","Fri Apr 17 15:29:11 UTC 2026","passed","Fri Apr 17 15:29:11 UTC 2026","","test_nodes_availability","",""
"","0","test_can_create_connection[Test for Encointer, url: wss://api.kusama.encointer.org]","tests","Fri Apr 17 15:26:46 UTC 2026","passed","Fri Apr 17 15:26:46 UTC 2026","","test_nodes_availability","",""
"","153","test_rpc_node_is_synced[Test for CC Enterprise, url: wss://mainnet.creditcoin.network/ws]","tests","Fri Apr 17 15:30:15 UTC 2026","passed","Fri Apr 17 15:30:15 UTC 2026","","test_substrate_node_is_synced","",""
"","0","test_chainId[Test for Mythos]","tests","Fri Apr 17 15:27:37 UTC 2026","passed","Fri Apr 17 15:27:37 UTC 2026","TestChainId","test_network_parameters","",""
"","445","test_rpc_node_is_synced[Test for Karura, url: wss://karura-rpc-0.aca-api.network]","tests","Fri Apr 17 15:25:47 UTC 2026","passed","Fri Apr 17 15:25:47 UTC 2026","","test_substrate_node_is_synced","",""
"","0","test_can_create_connection[Test for Basilisk, url: wss://basilisk-rpc.n.dwellir.com]","tests","Fri Apr 17 15:27:59 UTC 2026","passed","Fri Apr 17 15:27:59 UTC 2026","","test_nodes_availability","",""
"","0","test_can_create_connection[Test for Ajuna, url: wss://ajuna.dotters.network]","tests","Fri Apr 17 15:29:14 UTC 2026","broken","Fri Apr 17 15:29:14 UTC 2026","","test_nodes_availability","",""
"","152","test_rpc_node_is_synced[Test for Polkadot Relay, url: wss://rpc-polkadot-2.novasama-tech.org]","tests","Fri Apr 17 15:25:52 UTC 2026","passed","Fri Apr 17 15:25:53 UTC 2026","","test_substrate_node_is_synced","",""
"","179","test_rpc_node_is_synced[Test for Polkadex, url: wss://so.polkadex.ee]","tests","Fri Apr 17 15:28:24 UTC 2026","passed","Fri Apr 17 15:28:24 UTC 2026","","test_substrate_node_is_synced","",""
"","102","test_rpc_method_is_available[Test for Shiden, url: wss://shiden-rpc.n.dwellir.com]","tests","Fri Apr 17 15:27:22 UTC 2026","passed","Fri Apr 17 15:27:22 UTC 2026","","test_rpc_methods_availability","",""
"","0","test_chainId[Test for DeepBrain]","tests","Fri Apr 17 15:27:59 UTC 2026","broken","Fri Apr 17 15:27:59 UTC 2026","TestChainId","test_network_parameters","",""
"","0","test_can_create_connection[Test for Acala, url: wss://acala-rpc-1.aca-api.network]","tests","Fri Apr 17 15:28:50 UTC 2026","passed","Fri Apr 17 15:28:50 UTC 2026","","test_nodes_availability","",""
"","130","test_rpc_method_is_available[Test for Polkadot People, url: wss://people-polkadot.public.curie.radiumblock.co/ws]","tests","Fri Apr 17 15:26:00 UTC 2026","passed","Fri Apr 17 15:26:00 UTC 2026","","test_rpc_methods_availability","",""
"","0","test_address_prefix[Test for Moonriver]","tests","Fri Apr 17 15:25:43 UTC 2026","passed","Fri Apr 17 15:25:43 UTC 2026","TestNetworkPrefix","test_network_parameters","",""
"","148","test_rpc_node_is_synced[Test for Robonomics, url: wss://kusama.rpc.robonomics.network/]","tests","Fri Apr 17 15:27:46 UTC 2026","passed","Fri Apr 17 15:27:46 UTC 2026","","test_substrate_node_is_synced","",""
"","21","test_rpc_node_is_synced[Test for Kusama Relay, url: wss://rpc.ibp.network/kusama]","tests","Fri Apr 17 15:25:50 UTC 2026","passed","Fri Apr 17 15:25:50 UTC 2026","","test_substrate_node_is_synced","",""
"","0","test_can_create_connection[Test for Mythos, url: wss://polkadot-mythos-rpc.polkadot.io]","tests","Fri Apr 17 15:29:46 UTC 2026","passed","Fri Apr 17 15:29:46 UTC 2026","","test_nodes_availability","",""
"","0","test_can_create_connection[Test for Karura, url: wss://karura-rpc-0.aca-api.network]","tests","Fri Apr 17 15:25:47 UTC 2026","passed","Fri Apr 17 15:25:47 UTC 2026","","test_nodes_availability","",""
"","2127","test_rpc_method_is_available[Test for Cere, url: wss://rpc.mainnet.cere.network/ws]","tests","Fri Apr 17 15:30:40 UTC 2026","passed","Fri Apr 17 15:30:42 UTC 2026","","test_rpc_methods_availability","",""
"","148","test_rpc_node_is_synced[Test for Astar, url: wss://astar.public.curie.radiumblock.co/ws]","tests","Fri Apr 17 15:27:18 UTC 2026","passed","Fri Apr 17 15:27:18 UTC 2026","","test_substrate_node_is_synced","",""
"","1","test_address_prefix[Test for Tanssi]","tests","Fri Apr 17 15:27:46 UTC 2026","passed","Fri Apr 17 15:27:46 UTC 2026","TestNetworkPrefix","test_network_parameters","",""
"","163","test_rpc_node_is_synced[Test for Polkadot Asset Hub, url: wss://asset-hub-polkadot-rpc.n.dwellir.com]","tests","Fri Apr 17 15:27:32 UTC 2026","passed","Fri Apr 17 15:27:32 UTC 2026","","test_substrate_node_is_synced","",""
"","10","test_has_new_assets[Test for Robonomics]","tests","Fri Apr 17 15:26:07 UTC 2026","passed","Fri Apr 17 15:26:07 UTC 2026","TestAssets","test_check_new_assets","",""
"","0","test_chainId[Test for Crab]","tests","Fri Apr 17 15:27:04 UTC 2026","broken","Fri Apr 17 15:27:04 UTC 2026","TestChainId","test_network_parameters","",""
"","1","test_address_prefix[Test for Westend (TESTNET)]","tests","Fri Apr 17 15:25:55 UTC 2026","passed","Fri Apr 17 15:25:55 UTC 2026","TestNetworkPrefix","test_network_parameters","",""
"","147","test_rpc_node_is_synced[Test for Kusama Coretime, url: wss://ksm-rpc.stakeworld.io/coretime]","tests","Fri Apr 17 15:30:48 UTC 2026","passed","Fri Apr 17 15:30:48 UTC 2026","","test_substrate_node_is_synced","",""
"","94","test_rpc_method_is_available[Test for Humanode, url: wss://explorer-rpc-ws.mainnet.stages.humanode.io]","tests","Fri Apr 17 15:30:00 UTC 2026","passed","Fri Apr 17 15:30:00 UTC 2026","","test_rpc_methods_availability","",""
"","0","test_rpc_node_is_synced[Test for DeepBrain, url: wss://info.dbcwallet.io]","tests","Fri Apr 17 15:30:31 UTC 2026","broken","Fri Apr 17 15:30:31 UTC 2026","","test_substrate_node_is_synced","",""
"","10","test_has_new_assets[Test for Acurast]","tests","Fri Apr 17 15:27:54 UTC 2026","passed","Fri Apr 17 15:27:54 UTC 2026","TestAssets","test_check_new_assets","",""
"","153","test_rpc_node_is_synced[Test for Centrifuge Parachain, url: wss://fullnode.centrifuge.io]","tests","Fri Apr 17 15:27:10 UTC 2026","passed","Fri Apr 17 15:27:10 UTC 2026","","test_substrate_node_is_synced","",""
"","168","test_rpc_method_is_available[Test for Kusama People, url: wss://ksm-rpc.stakeworld.io/people]","tests","Fri Apr 17 15:26:12 UTC 2026","passed","Fri Apr 17 15:26:12 UTC 2026","","test_rpc_methods_availability","",""
"","0","test_rpc_method_is_available[Test for Curio, url: wss://archive.parachain.curioinvest.com]","tests","Fri Apr 17 15:29:45 UTC 2026","broken","Fri Apr 17 15:29:45 UTC 2026","","test_rpc_methods_availability","",""
"","0","test_rpc_method_is_available[Test for Crab, url: wss://crab-rpc.darwinia.network/]","tests","Fri Apr 17 15:28:56 UTC 2026","broken","Fri Apr 17 15:28:56 UTC 2026","","test_rpc_methods_availability","",""
"","0","test_chainId[Test for Polkadot Bridge Hub]","tests","Fri Apr 17 15:27:49 UTC 2026","passed","Fri Apr 17 15:27:49 UTC 2026","TestChainId","test_network_parameters","",""
"","12","test_has_new_assets[Test for Aleph Zero]","tests","Fri Apr 17 15:27:26 UTC 2026","passed","Fri Apr 17 15:27:26 UTC 2026","TestAssets","test_check_new_assets","",""
"","0","test_can_create_connection[Test for GIANT, url: wss://rpc-anchor-1-mainnet-az-ue1.giantprotocol.org:443]","tests","Fri Apr 17 15:29:17 UTC 2026","passed","Fri Apr 17 15:29:17 UTC 2026","","test_nodes_availability","",""
"","0","test_can_create_connection[Test for Robonomics, url: wss://kusama.rpc.robonomics.network/]","tests","Fri Apr 17 15:28:04 UTC 2026","passed","Fri Apr 17 15:28:04 UTC 2026","","test_nodes_availability","",""
"","9","test_has_new_assets[Test for Cere]","tests","Fri Apr 17 15:27:31 UTC 2026","passed","Fri Apr 17 15:27:31 UTC 2026","TestAssets","test_check_new_assets","",""
"","0","test_address_prefix[Test for Kintsugi]","tests","Fri Apr 17 15:26:12 UTC 2026","passed","Fri Apr 17 15:26:12 UTC 2026","TestNetworkPrefix","test_network_parameters","",""
"","180","test_rpc_method_is_available[Test for Bittensor, url: wss://bittensor-finney.api.onfinality.io/public-ws]","tests","Fri Apr 17 15:29:09 UTC 2026","passed","Fri Apr 17 15:29:09 UTC 2026","","test_rpc_methods_availability","",""
"","0","test_can_create_connection[Test for QUARTZ, url: wss://quartz.unique.network]","tests","Fri Apr 17 15:28:19 UTC 2026","broken","Fri Apr 17 15:28:19 UTC 2026","","test_nodes_availability","",""
"","0","test_can_create_connection[Test for UNIQUE, url: wss://asia-ws.unique.network/]","tests","Fri Apr 17 15:28:53 UTC 2026","passed","Fri Apr 17 15:28:53 UTC 2026","","test_nodes_availability","",""
"","0","test_address_prefix[Test for Tangle]","tests","Fri Apr 17 15:27:54 UTC 2026","broken","Fri Apr 17 15:27:54 UTC 2026","TestNetworkPrefix","test_network_parameters","",""
"","0","test_can_create_connection[Test for Polkadot Relay, url: wss://rpc-polkadot-2.novasama-tech.org]","tests","Fri Apr 17 15:25:55 UTC 2026","passed","Fri Apr 17 15:25:55 UTC 2026","","test_nodes_availability","",""
"","16","test_rpc_node_is_synced[Test for Aleph Zero, url: wss://ws.azero.dev]","tests","Fri Apr 17 15:28:20 UTC 2026","passed","Fri Apr 17 15:28:20 UTC 2026","","test_substrate_node_is_synced","",""
"","96","test_rpc_method_is_available[Test for CC Enterprise, url: wss://mainnet.creditcoin.network/ws]","tests","Fri Apr 17 15:29:57 UTC 2026","passed","Fri Apr 17 15:29:57 UTC 2026","","test_rpc_methods_availability","",""
"","71","test_rpc_node_is_synced[Test for Polkadot People, url: wss://rpc-people-polkadot.luckyfriday.io]","tests","Fri Apr 17 15:26:01 UTC 2026","passed","Fri Apr 17 15:26:01 UTC 2026","","test_substrate_node_is_synced","",""
"","160","test_rpc_node_is_synced[Test for Crust Shadow, url: wss://rpc2-shadow.crust.network/]","tests","Fri Apr 17 15:27:00 UTC 2026","passed","Fri Apr 17 15:27:00 UTC 2026","","test_substrate_node_is_synced","",""
"","7","test_has_new_assets[Test for krest]","tests","Fri Apr 17 15:27:05 UTC 2026","passed","Fri Apr 17 15:27:05 UTC 2026","TestAssets","test_check_new_assets","",""
"","157","test_rpc_node_is_synced[Test for Darwinia, url: wss://rpc.darwinia.network]","tests","Fri Apr 17 15:30:20 UTC 2026","passed","Fri Apr 17 15:30:20 UTC 2026","","test_substrate_node_is_synced","",""
"","0","test_address_prefix[Test for Altair]","tests","Fri Apr 17 15:25:44 UTC 2026","passed","Fri Apr 17 15:25:44 UTC 2026","TestNetworkPrefix","test_network_parameters","",""
"","0","test_can_create_connection[Test for Crust Shadow, url: wss://rpc-sha-subscan.crustnetwork.xyz]","tests","Fri Apr 17 15:27:01 UTC 2026","passed","Fri Apr 17 15:27:01 UTC 2026","","test_nodes_availability","",""
"","94","test_rpc_method_is_available[Test for Kusama Coretime, url: wss://kusama-coretime-rpc.polkadot.io]","tests","Fri Apr 17 15:30:25 UTC 2026","passed","Fri Apr 17 15:30:25 UTC 2026","","test_rpc_methods_availability","",""
"","0","test_can_create_connection[Test for Tangle, url: wss://rpc.tangle.tools]","tests","Fri Apr 17 15:30:29 UTC 2026","broken","Fri Apr 17 15:30:29 UTC 2026","","test_nodes_availability","",""
"","112","test_rpc_method_is_available[Test for Kintsugi, url: wss://api-kusama.interlay.io/parachain]","tests","Fri Apr 17 15:26:41 UTC 2026","passed","Fri Apr 17 15:26:41 UTC 2026","","test_rpc_methods_availability","",""
"","1","test_address_prefix[Test for JAMTON]","tests","Fri Apr 17 15:27:53 UTC 2026","passed","Fri Apr 17 15:27:53 UTC 2026","TestNetworkPrefix","test_network_parameters","",""
"","0","test_address_prefix[Test for Humanode]","tests","Fri Apr 17 15:27:34 UTC 2026","passed","Fri Apr 17 15:27:34 UTC 2026","TestNetworkPrefix","test_network_parameters","",""
"","163","test_rpc_node_is_synced[Test for Ajuna, url: wss://rpc-para.ajuna.network]","tests","Fri Apr 17 15:28:49 UTC 2026","passed","Fri Apr 17 15:28:49 UTC 2026","","test_substrate_node_is_synced","",""
"","20","test_rpc_node_is_synced[Test for Polkadot Bridge Hub, url: wss://sys.ibp.network/bridgehub-polkadot]","tests","Fri Apr 17 15:29:16 UTC 2026","passed","Fri Apr 17 15:29:16 UTC 2026","","test_substrate_node_is_synced","",""
"","97","test_rpc_method_is_available[Test for Frequency, url: wss://0.rpc.frequency.xyz]","tests","Fri Apr 17 15:28:58 UTC 2026","passed","Fri Apr 17 15:28:58 UTC 2026","","test_rpc_methods_availability","",""
"","0","test_can_create_connection[Test for Aventus, url: wss://public-rpc.mainnet.aventus.io]","tests","Fri Apr 17 15:28:57 UTC 2026","passed","Fri Apr 17 15:28:57 UTC 2026","","test_nodes_availability","",""
"","100","test_rpc_method_is_available[Test for Aventus, url: wss://avn-parachain.mainnet.aventus.io]","tests","Fri Apr 17 15:28:37 UTC 2026","passed","Fri Apr 17 15:28:38 UTC 2026","","test_rpc_methods_availability","",""
"","102","test_rpc_method_is_available[Test for Bittensor, url: wss://entrypoint-finney.opentensor.ai:443]","tests","Fri Apr 17 15:29:11 UTC 2026","passed","Fri Apr 17 15:29:11 UTC 2026","","test_rpc_methods_availability","",""
"","10","test_has_new_assets[Test for Hyperbridge Nexus]","tests","Fri Apr 17 15:27:33 UTC 2026","passed","Fri Apr 17 15:27:33 UTC 2026","TestAssets","test_check_new_assets","",""
"","153","test_rpc_node_is_synced[Test for Creditcoin, url: wss://mainnet3.creditcoin.network]","tests","Fri Apr 17 15:30:25 UTC 2026","passed","Fri Apr 17 15:30:25 UTC 2026","","test_substrate_node_is_synced","",""
"","53","test_rpc_method_is_available[Test for Kusama Coretime, url: wss://ksm-rpc.stakeworld.io/coretime]","tests","Fri Apr 17 15:30:26 UTC 2026","passed","Fri Apr 17 15:30:26 UTC 2026","","test_rpc_methods_availability","",""
"","160","test_rpc_method_is_available[Test for Manta Atlantic, url: wss://ws.manta.systems]","tests","Fri Apr 17 15:29:28 UTC 2026","passed","Fri Apr 17 15:29:28 UTC 2026","","test_rpc_methods_availability","",""
"","73","test_rpc_node_is_synced[Test for Zeitgeist, url: wss://zeitgeist.api.onfinality.io/public-ws]","tests","Fri Apr 17 15:26:50 UTC 2026","passed","Fri Apr 17 15:26:51 UTC 2026","","test_substrate_node_is_synced","",""
"","71","test_rpc_node_is_synced[Test for Altair, url: wss://altair.api.onfinality.io/public-ws]","tests","Fri Apr 17 15:28:29 UTC 2026","passed","Fri Apr 17 15:28:29 UTC 2026","","test_substrate_node_is_synced","",""
"","0","test_can_create_connection[Test for Polkadot Asset Hub, url: wss://sys.ibp.network/asset-hub-polkadot]","tests","Fri Apr 17 15:27:51 UTC 2026","passed","Fri Apr 17 15:27:51 UTC 2026","","test_nodes_availability","",""
"","0","test_can_create_connection[Test for XX network, url: wss://rpc-hetzner.xx.network]","tests","Fri Apr 17 15:29:05 UTC 2026","passed","Fri Apr 17 15:29:05 UTC 2026","","test_nodes_availability","",""
"","0","test_can_create_connection[Test for Kusama Asset Hub, url: wss://sys.ibp.network/statemine]","tests","Fri Apr 17 15:26:46 UTC 2026","passed","Fri Apr 17 15:26:46 UTC 2026","","test_nodes_availability","",""
"","75","test_rpc_node_is_synced[Test for krest, url: wss://krest.api.onfinality.io/public-ws']","tests","Fri Apr 17 15:29:26 UTC 2026","passed","Fri Apr 17 15:29:26 UTC 2026","","test_substrate_node_is_synced","",""
"","0","test_address_prefix[Test for Bifrost Kusama]","tests","Fri Apr 17 15:25:54 UTC 2026","passed","Fri Apr 17 15:25:54 UTC 2026","TestNetworkPrefix","test_network_parameters","",""
"","0","test_chainId[Test for Astar]","tests","Fri Apr 17 15:26:06 UTC 2026","passed","Fri Apr 17 15:26:06 UTC 2026","TestChainId","test_network_parameters","",""
"","10","test_has_new_assets[Test for Joystream]","tests","Fri Apr 17 15:27:12 UTC 2026","passed","Fri Apr 17 15:27:12 UTC 2026","TestAssets","test_check_new_assets","",""
"","1","test_can_create_connection[Test for Polkadot Relay, url: wss://polkadot.dotters.network]","tests","Fri Apr 17 15:26:04 UTC 2026","passed","Fri Apr 17 15:26:04 UTC 2026","","test_nodes_availability","",""
"","91","test_rpc_node_is_synced[Test for Polkadot Relay, url: wss://polkadot.public.curie.radiumblock.co/ws]","tests","Fri Apr 17 15:26:18 UTC 2026","passed","Fri Apr 17 15:26:18 UTC 2026","","test_substrate_node_is_synced","",""
"","0","test_can_create_connection[Test for Moonbeam, url: wss://moonbeam.ibp.network]","tests","Fri Apr 17 15:26:14 UTC 2026","passed","Fri Apr 17 15:26:14 UTC 2026","","test_nodes_availability","",""
"","95","test_rpc_method_is_available[Test for Avail, url: wss://mainnet.avail-rpc.com/]","tests","Fri Apr 17 15:29:47 UTC 2026","passed","Fri Apr 17 15:29:47 UTC 2026","","test_rpc_methods_availability","",""
"","161","test_rpc_method_is_available[Test for XX network, url: wss://rpc.xx.network]","tests","Fri Apr 17 15:29:10 UTC 2026","passed","Fri Apr 17 15:29:10 UTC 2026","","test_rpc_methods_availability","",""
"","0","test_can_create_connection[Test for Kintsugi, url: wss://api-kusama.interlay.io/parachain]","tests","Fri Apr 17 15:26:51 UTC 2026","passed","Fri Apr 17 15:26:51 UTC 2026","","test_nodes_availability","",""
"","166","test_rpc_method_is_available[Test for Altair, url: wss://altair.api.onfinality.io/public-ws]","tests","Fri Apr 17 15:28:04 UTC 2026","passed","Fri Apr 17 15:28:04 UTC 2026","","test_rpc_methods_availability","",""
"","171","test_rpc_node_is_synced[Test for Bifrost Kusama, url: wss://bifrost-rpc.liebi.com/ws]","tests","Fri Apr 17 15:28:05 UTC 2026","passed","Fri Apr 17 15:28:05 UTC 2026","","test_substrate_node_is_synced","",""
"","8","test_has_new_assets[Test for Polymesh]","tests","Fri Apr 17 15:26:25 UTC 2026","passed","Fri Apr 17 15:26:25 UTC 2026","TestAssets","test_check_new_assets","",""
"","49","test_rpc_method_is_available[Test for Polkadot Coretime, url: wss://polkadot-coretime-rpc.polkadot.io]","tests","Fri Apr 17 15:30:18 UTC 2026","passed","Fri Apr 17 15:30:18 UTC 2026","","test_rpc_methods_availability","",""
"","185","test_rpc_node_is_synced[Test for Hydration, url: wss://rpc-hydra.novasama-tech.org]","tests","Fri Apr 17 15:27:20 UTC 2026","passed","Fri Apr 17 15:27:20 UTC 2026","","test_substrate_node_is_synced","",""
"","0","test_address_prefix[Test for Manta Atlantic]","tests","Fri Apr 17 15:27:04 UTC 2026","passed","Fri Apr 17 15:27:04 UTC 2026","TestNetworkPrefix","test_network_parameters","",""
"","0","test_chainId[Test for Hydration]","tests","Fri Apr 17 15:26:07 UTC 2026","passed","Fri Apr 17 15:26:07 UTC 2026","TestChainId","test_network_parameters","",""
"","97","test_rpc_method_is_available[Test for UNIQUE, url: wss://asia-ws.unique.network/]","tests","Fri Apr 17 15:28:26 UTC 2026","passed","Fri Apr 17 15:28:26 UTC 2026","","test_rpc_methods_availability","",""
"","97","test_rpc_method_is_available[Test for Acala, url: wss://acala-rpc-1.aca-api.network]","tests","Fri Apr 17 15:28:46 UTC 2026","passed","Fri Apr 17 15:28:46 UTC 2026","","test_rpc_methods_availability","",""
"","10","test_has_new_assets[Test for DAO IPCI]","tests","Fri Apr 17 15:26:28 UTC 2026","passed","Fri Apr 17 15:26:28 UTC 2026","TestAssets","test_check_new_assets","",""
"","1","test_chainId[Test for UNIQUE]","tests","Fri Apr 17 15:26:31 UTC 2026","passed","Fri Apr 17 15:26:31 UTC 2026","TestChainId","test_network_parameters","",""
"","0","test_can_create_connection[Test for Kusama Relay, url: wss://1rpc.io/ksm]","tests","Fri Apr 17 15:26:23 UTC 2026","broken","Fri Apr 17 15:26:23 UTC 2026","","test_nodes_availability","",""
"","12","test_has_new_assets[Test for Heima]","tests","Fri Apr 17 15:26:49 UTC 2026","passed","Fri Apr 17 15:26:49 UTC 2026","TestAssets","test_check_new_assets","",""
"","0","test_can_create_connection[Test for peaq, url: wss://peaq-rpc.publicnode.com]","tests","Fri Apr 17 15:30:10 UTC 2026","passed","Fri Apr 17 15:30:10 UTC 2026","","test_nodes_availability","",""
"","102","test_rpc_method_is_available[Test for Astar, url: wss://astar-rpc.n.dwellir.com]","tests","Fri Apr 17 15:27:48 UTC 2026","passed","Fri Apr 17 15:27:48 UTC 2026","","test_rpc_methods_availability","",""
"","0","test_rpc_node_is_synced[Test for Amplitude, url: wss://rpc-amplitude.pendulumchain.tech]","tests","Fri Apr 17 15:28:22 UTC 2026","broken","Fri Apr 17 15:28:22 UTC 2026","","test_substrate_node_is_synced","",""
"","0","test_chainId[Test for Polkadot People]","tests","Fri Apr 17 15:25:44 UTC 2026","passed","Fri Apr 17 15:25:44 UTC 2026","TestChainId","test_network_parameters","",""
"","133","test_has_new_assets[Test for Moonriver]","tests","Fri Apr 17 15:25:45 UTC 2026","passed","Fri Apr 17 15:25:45 UTC 2026","TestAssets","test_check_new_assets","",""
"","66","test_rpc_method_is_available[Test for Kusama Coretime, url: wss://rpc-coretime-kusama.luckyfriday.io]","tests","Fri Apr 17 15:30:21 UTC 2026","passed","Fri Apr 17 15:30:21 UTC 2026","","test_rpc_methods_availability","",""
"","7","test_has_new_assets[Test for Kusama Bridge Hub]","tests","Fri Apr 17 15:27:05 UTC 2026","passed","Fri Apr 17 15:27:05 UTC 2026","TestAssets","test_check_new_assets","",""
"","97","test_rpc_method_is_available[Test for Ternoa, url: wss://mainnet.ternoa.network]","tests","Fri Apr 17 15:28:57 UTC 2026","passed","Fri Apr 17 15:28:57 UTC 2026","","test_rpc_methods_availability","",""
"","0","test_rpc_node_is_synced[Test for QUARTZ, url: wss://us-ws-quartz.unique.network]","tests","Fri Apr 17 15:29:03 UTC 2026","broken","Fri Apr 17 15:29:03 UTC 2026","","test_substrate_node_is_synced","",""
"","0","test_rpc_method_is_available[Test for DeepBrain, url: wss://info.dbcwallet.io]","tests","Fri Apr 17 15:30:15 UTC 2026","broken","Fri Apr 17 15:30:15 UTC 2026","","test_rpc_methods_availability","",""
"","0","test_chainId[Test for Bittensor]","tests","Fri Apr 17 15:26:47 UTC 2026","passed","Fri Apr 17 15:26:47 UTC 2026","TestChainId","test_network_parameters","",""
"","193","test_rpc_node_is_synced[Test for Crust Shadow, url: wss://rpc-shadow.crust.network/]","tests","Fri Apr 17 15:27:04 UTC 2026","passed","Fri Apr 17 15:27:04 UTC 2026","","test_substrate_node_is_synced","",""
"","137","test_rpc_method_is_available[Test for Polkadot People, url: wss://polkadot-people-rpc.polkadot.io]","tests","Fri Apr 17 15:25:48 UTC 2026","passed","Fri Apr 17 15:25:48 UTC 2026","","test_rpc_methods_availability","",""
"","0","test_rpc_method_is_available[Test for QUARTZ, url: wss://quartz.unique.network]","tests","Fri Apr 17 15:28:15 UTC 2026","broken","Fri Apr 17 15:28:15 UTC 2026","","test_rpc_methods_availability","",""
"","97","test_rpc_method_is_available[Test for Westend (TESTNET), url: wss://westend.public.curie.radiumblock.co/ws]","tests","Fri Apr 17 15:26:26 UTC 2026","passed","Fri Apr 17 15:26:26 UTC 2026","","test_rpc_methods_availability","",""
"","150","test_rpc_node_is_synced[Test for Encointer, url: wss://api.kusama.encointer.org]","tests","Fri Apr 17 15:26:40 UTC 2026","passed","Fri Apr 17 15:26:41 UTC 2026","","test_substrate_node_is_synced","",""
"","99","test_rpc_method_is_available[Test for Hydration, url: wss://hydration.ibp.network]","tests","Fri Apr 17 15:27:25 UTC 2026","passed","Fri Apr 17 15:27:25 UTC 2026","","test_rpc_methods_availability","",""
"","232","test_rpc_node_is_synced[Test for UNIQUE, url: wss://unique.ibp.network]","tests","Fri Apr 17 15:27:59 UTC 2026","passed","Fri Apr 17 15:27:59 UTC 2026","","test_substrate_node_is_synced","",""
"","150","test_rpc_node_is_synced[Test for Humanode, url: wss://explorer-rpc-ws.mainnet.stages.humanode.io]","tests","Fri Apr 17 15:30:19 UTC 2026","passed","Fri Apr 17 15:30:19 UTC 2026","","test_substrate_node_is_synced","",""
"","0","test_address_prefix[Test for DENTNet]","tests","Fri Apr 17 15:27:32 UTC 2026","passed","Fri Apr 17 15:27:32 UTC 2026","TestNetworkPrefix","test_network_parameters","",""
"","61","test_rpc_node_is_synced[Test for Polkadot Relay, url: wss://polkadot.dotters.network]","tests","Fri Apr 17 15:26:02 UTC 2026","passed","Fri Apr 17 15:26:02 UTC 2026","","test_substrate_node_is_synced","",""
"","0","test_has_new_assets[Test for Tangle]","tests","Fri Apr 17 15:28:01 UTC 2026","broken","Fri Apr 17 15:28:01 UTC 2026","TestAssets","test_check_new_assets","",""
"","1","test_chainId[Test for Hyperbridge Nexus]","tests","Fri Apr 17 15:27:40 UTC 2026","passed","Fri Apr 17 15:27:40 UTC 2026","TestChainId","test_network_parameters","",""
"","73","test_rpc_node_is_synced[Test for Polkadot Coretime, url: wss://rpc-coretime-polkadot.luckyfriday.io]","tests","Fri Apr 17 15:30:36 UTC 2026","passed","Fri Apr 17 15:30:36 UTC 2026","","test_substrate_node_is_synced","",""
"","268","test_rpc_method_is_available[Test for Kusama Relay, url: wss://rpc-kusama-2.novasama-tech.org]","tests","Fri Apr 17 15:25:45 UTC 2026","passed","Fri Apr 17 15:25:45 UTC 2026","","test_rpc_methods_availability","",""
"","103","test_rpc_method_is_available[Test for UNIQUE, url: wss://eu-ws.unique.network/]","tests","Fri Apr 17 15:28:17 UTC 2026","passed","Fri Apr 17 15:28:17 UTC 2026","","test_rpc_methods_availability","",""
"","97","test_rpc_method_is_available[Test for Frequency, url: wss://1.rpc.frequency.xyz]","tests","Fri Apr 17 15:28:59 UTC 2026","passed","Fri Apr 17 15:29:00 UTC 2026","","test_rpc_methods_availability","",""
"","0","test_address_prefix[Test for QUARTZ]","tests","Fri Apr 17 15:25:55 UTC 2026","broken","Fri Apr 17 15:25:55 UTC 2026","TestNetworkPrefix","test_network_parameters","",""
"","0","test_can_create_connection[Test for Interlay, url: wss://api.interlay.io/parachain]","tests","Fri Apr 17 15:26:50 UTC 2026","passed","Fri Apr 17 15:26:50 UTC 2026","","test_nodes_availability","",""
"","50","test_rpc_node_is_synced[Test for Shiden, url: wss://shiden.public.curie.radiumblock.co/ws]","tests","Fri Apr 17 15:27:58 UTC 2026","passed","Fri Apr 17 15:27:58 UTC 2026","","test_substrate_node_is_synced","",""
"","0","test_chainId[Test for Creditcoin]","tests","Fri Apr 17 15:27:50 UTC 2026","passed","Fri Apr 17 15:27:50 UTC 2026","TestChainId","test_network_parameters","",""
"","0","test_can_create_connection[Test for Enjin Matrix, url: wss://rpc.matrix.blockchain.enjin.io]","tests","Fri Apr 17 15:29:25 UTC 2026","passed","Fri Apr 17 15:29:25 UTC 2026","","test_nodes_availability","",""
"","101","test_rpc_method_is_available[Test for Polkadot Relay, url: wss://dot-rpc.stakeworld.io]","tests","Fri Apr 17 15:26:09 UTC 2026","passed","Fri Apr 17 15:26:09 UTC 2026","","test_rpc_methods_availability","",""
"","12","test_has_new_assets[Test for Darwinia]","tests","Fri Apr 17 15:27:36 UTC 2026","passed","Fri Apr 17 15:27:36 UTC 2026","TestAssets","test_check_new_assets","",""
"","73","test_rpc_node_is_synced[Test for Enjin Matrix, url: wss://rpc.matrix.blockchain.enjin.io]","tests","Fri Apr 17 15:29:30 UTC 2026","passed","Fri Apr 17 15:29:30 UTC 2026","","test_substrate_node_is_synced","",""
"","94","test_rpc_method_is_available[Test for Acurast, url: wss://public-archive.mainnet.acurast.com]","tests","Fri Apr 17 15:30:30 UTC 2026","passed","Fri Apr 17 15:30:30 UTC 2026","","test_rpc_methods_availability","",""
"","107","test_rpc_method_is_available[Test for Encointer, url: wss://sys.ibp.network/encointer-kusama]","tests","Fri Apr 17 15:28:22 UTC 2026","passed","Fri Apr 17 15:28:22 UTC 2026","","test_rpc_methods_availability","",""
"","0","test_can_create_connection[Test for Nodle Parachain, url: wss://nodle-parachain.api.onfinality.io/public-ws]","tests","Fri Apr 17 15:27:04 UTC 2026","broken","Fri Apr 17 15:27:04 UTC 2026","","test_nodes_availability","",""
"","0","test_can_create_connection[Test for Humanode, url: wss://explorer-rpc-ws.mainnet.stages.humanode.io]","tests","Fri Apr 17 15:30:06 UTC 2026","passed","Fri Apr 17 15:30:06 UTC 2026","","test_nodes_availability","",""
"","159","test_rpc_node_is_synced[Test for Acurast, url: wss://public-archive.mainnet.acurast.com]","tests","Fri Apr 17 15:30:52 UTC 2026","passed","Fri Apr 17 15:30:53 UTC 2026","","test_substrate_node_is_synced","",""
"","174","test_rpc_node_is_synced[Test for Astar, url: wss://astar-rpc.n.dwellir.com]","tests","Fri Apr 17 15:27:13 UTC 2026","passed","Fri Apr 17 15:27:13 UTC 2026","","test_substrate_node_is_synced","",""
"","7","test_has_new_assets[Test for Polkadex]","tests","Fri Apr 17 15:26:32 UTC 2026","passed","Fri Apr 17 15:26:32 UTC 2026","TestAssets","test_check_new_assets","",""
"","48","test_rpc_method_is_available[Test for Interlay, url: wss://api.interlay.io/parachain]","tests","Fri Apr 17 15:26:43 UTC 2026","passed","Fri Apr 17 15:26:43 UTC 2026","","test_rpc_methods_availability","",""
"","0","test_can_create_connection[Test for DeepBrain, url: wss://info.dbcwallet.io]","tests","Fri Apr 17 15:30:19 UTC 2026","broken","Fri Apr 17 15:30:19 UTC 2026","","test_nodes_availability","",""
"","100","test_rpc_method_is_available[Test for Centrifuge Parachain, url: wss://rpc-centrifuge.luckyfriday.io]","tests","Fri Apr 17 15:27:08 UTC 2026","passed","Fri Apr 17 15:27:08 UTC 2026","","test_rpc_methods_availability","",""
"","155","test_rpc_node_is_synced[Test for UNIQUE, url: wss://eu-ws.unique.network/]","tests","Fri Apr 17 15:28:28 UTC 2026","passed","Fri Apr 17 15:28:28 UTC 2026","","test_substrate_node_is_synced","",""
"","36","test_has_new_assets[Test for Kintsugi]","tests","Fri Apr 17 15:26:13 UTC 2026","passed","Fri Apr 17 15:26:13 UTC 2026","TestAssets","test_check_new_assets","",""
"","8","test_has_new_assets[Test for Energy Web X]","tests","Fri Apr 17 15:27:09 UTC 2026","passed","Fri Apr 17 15:27:09 UTC 2026","TestAssets","test_check_new_assets","",""
"","102","test_rpc_method_is_available[Test for Kusama Relay, url: wss://rpc-kusama-1.novasama-tech.org]","tests","Fri Apr 17 15:26:34 UTC 2026","passed","Fri Apr 17 15:26:34 UTC 2026","","test_rpc_methods_availability","",""
"","8","test_has_new_assets[Test for Bittensor]","tests","Fri Apr 17 15:26:31 UTC 2026","passed","Fri Apr 17 15:26:31 UTC 2026","TestAssets","test_check_new_assets","",""
"","0","test_can_create_connection[Test for Aventus, url: wss://avn-parachain.mainnet.aventus.io]","tests","Fri Apr 17 15:28:52 UTC 2026","passed","Fri Apr 17 15:28:52 UTC 2026","","test_nodes_availability","",""
"","44","test_rpc_method_is_available[Test for Darwinia, url: wss://rpc.darwinia.network]","tests","Fri Apr 17 15:30:06 UTC 2026","passed","Fri Apr 17 15:30:06 UTC 2026","","test_rpc_methods_availability","",""
"","102","test_rpc_method_is_available[Test for Polkadot Asset Hub, url: wss://asset-hub-polkadot.dotters.network]","tests","Fri Apr 17 15:28:14 UTC 2026","passed","Fri Apr 17 15:28:15 UTC 2026","","test_rpc_methods_availability","",""
"","7","test_has_new_assets[Test for Acurast Canary]","tests","Fri Apr 17 15:27:32 UTC 2026","passed","Fri Apr 17 15:27:32 UTC 2026","TestAssets","test_check_new_assets","",""
"","109","test_rpc_method_is_available[Test for Polkadot Relay, url: wss://apps-rpc.polkadot.io]","tests","Fri Apr 17 15:26:05 UTC 2026","passed","Fri Apr 17 15:26:05 UTC 2026","","test_rpc_methods_availability","",""
"","97","test_rpc_method_is_available[Test for Westend (TESTNET), url: wss://westend-rpc.polkadot.io]","tests","Fri Apr 17 15:26:21 UTC 2026","passed","Fri Apr 17 15:26:21 UTC 2026","","test_rpc_methods_availability","",""
"","183","test_rpc_node_is_synced[Test for Heima, url: wss://rpc.litentry-parachain.litentry.io]","tests","Fri Apr 17 15:28:15 UTC 2026","passed","Fri Apr 17 15:28:16 UTC 2026","","test_substrate_node_is_synced","",""
"","1","test_can_create_connection[Test for Shiden, url: wss://shiden.public.curie.radiumblock.co/ws]","tests","Fri Apr 17 15:27:39 UTC 2026","passed","Fri Apr 17 15:27:39 UTC 2026","","test_nodes_availability","",""
"","99","test_rpc_method_is_available[Test for Crust Shadow, url: wss://rpc2-shadow.crust.network/]","tests","Fri Apr 17 15:26:55 UTC 2026","passed","Fri Apr 17 15:26:55 UTC 2026","","test_rpc_methods_availability","",""
"","169","test_rpc_method_is_available[Test for Acala, url: wss://acala-rpc-0.aca-api.network]","tests","Fri Apr 17 15:28:42 UTC 2026","passed","Fri Apr 17 15:28:43 UTC 2026","","test_rpc_methods_availability","",""
"","102","test_rpc_method_is_available[Test for Astar, url: wss://astar.public.curie.radiumblock.co/ws]","tests","Fri Apr 17 15:27:52 UTC 2026","passed","Fri Apr 17 15:27:52 UTC 2026","","test_rpc_methods_availability","",""
"","0","test_address_prefix[Test for Karura]","tests","Fri Apr 17 15:25:49 UTC 2026","passed","Fri Apr 17 15:25:49 UTC 2026","TestNetworkPrefix","test_network_parameters","",""
"","108","test_rpc_method_is_available[Test for Bifrost Polkadot, url: wss://bifrost-polkadot.ibp.network]","tests","Fri Apr 17 15:27:36 UTC 2026","passed","Fri Apr 17 15:27:36 UTC 2026","","test_rpc_methods_availability","",""
"","120","test_rpc_method_is_available[Test for Polkadot Collectives, url: wss://collectives.public.curie.radiumblock.co/ws]","tests","Fri Apr 17 15:29:20 UTC 2026","passed","Fri Apr 17 15:29:21 UTC 2026","","test_rpc_methods_availability","",""
"","7","test_has_new_assets[Test for Polkadot Bridge Hub]","tests","Fri Apr 17 15:27:01 UTC 2026","passed","Fri Apr 17 15:27:01 UTC 2026","TestAssets","test_check_new_assets","",""
"","1","test_address_prefix[Test for Shiden]","tests","Fri Apr 17 15:25:47 UTC 2026","passed","Fri Apr 17 15:25:47 UTC 2026","TestNetworkPrefix","test_network_parameters","",""
"","0","test_can_create_connection[Test for Laos, url: wss://rpc.laos.laosfoundation.io]","tests","Fri Apr 17 15:30:27 UTC 2026","passed","Fri Apr 17 15:30:27 UTC 2026","","test_nodes_availability","",""
"","0","test_rpc_method_is_available[Test for Polkadex, url: wss://polkadex.public.curie.radiumblock.co/ws]","tests","Fri Apr 17 15:28:27 UTC 2026","broken","Fri Apr 17 15:28:27 UTC 2026","","test_rpc_methods_availability","",""
"","0","test_rpc_node_is_synced[Test for Moonbeam, url: wss://moonbeam.public.curie.radiumblock.co/ws]","tests","Fri Apr 17 15:26:43 UTC 2026","broken","Fri Apr 17 15:26:43 UTC 2026","","test_substrate_node_is_synced","",""
"","0","test_chainId[Test for Ajuna]","tests","Fri Apr 17 15:26:52 UTC 2026","passed","Fri Apr 17 15:26:52 UTC 2026","TestChainId","test_network_parameters","",""
"","7","test_has_new_assets[Test for Tanssi]","tests","Fri Apr 17 15:27:56 UTC 2026","passed","Fri Apr 17 15:27:56 UTC 2026","TestAssets","test_check_new_assets","",""
"","100","test_rpc_method_is_available[Test for Bifrost Kusama, url: wss://bifrost-rpc.liebi.com/ws]","tests","Fri Apr 17 15:27:46 UTC 2026","passed","Fri Apr 17 15:27:46 UTC 2026","","test_rpc_methods_availability","",""
"","21","test_rpc_node_is_synced[Test for Polkadot People, url: wss://sys.ibp.network/people-polkadot]","tests","Fri Apr 17 15:25:54 UTC 2026","passed","Fri Apr 17 15:25:54 UTC 2026","","test_substrate_node_is_synced","",""
"","175","test_rpc_node_is_synced[Test for Crust Shadow, url: wss://rpc-sha-subscan.crustnetwork.xyz]","tests","Fri Apr 17 15:26:55 UTC 2026","passed","Fri Apr 17 15:26:55 UTC 2026","","test_substrate_node_is_synced","",""
"","0","test_chainId[Test for Pendulum]","tests","Fri Apr 17 15:26:40 UTC 2026","passed","Fri Apr 17 15:26:40 UTC 2026","TestChainId","test_network_parameters","",""
"","327","test_rpc_method_is_available[Test for Polkadot Relay, url: wss://rpc-polkadot-1.novasama-tech.org]","tests","Fri Apr 17 15:25:45 UTC 2026","passed","Fri Apr 17 15:25:45 UTC 2026","","test_rpc_methods_availability","",""
"","1","test_can_create_connection[Test for Frequency, url: wss://0.rpc.frequency.xyz]","tests","Fri Apr 17 15:29:07 UTC 2026","passed","Fri Apr 17 15:29:07 UTC 2026","","test_nodes_availability","",""
"","0","test_can_create_connection[Test for Bifrost Polkadot, url: wss://bifrost-polkadot.ibp.network]","tests","Fri Apr 17 15:27:55 UTC 2026","passed","Fri Apr 17 15:27:55 UTC 2026","","test_nodes_availability","",""
"","11","test_has_new_assets[Test for Zeitgeist]","tests","Fri Apr 17 15:26:16 UTC 2026","passed","Fri Apr 17 15:26:16 UTC 2026","TestAssets","test_check_new_assets","",""
"","221","test_rpc_node_is_synced[Test for Ajuna, url: wss://ajuna.ibp.network]","tests","Fri Apr 17 15:28:55 UTC 2026","passed","Fri Apr 17 15:28:56 UTC 2026","","test_substrate_node_is_synced","",""
"","1","test_chainId[Test for DAO IPCI]","tests","Fri Apr 17 15:26:52 UTC 2026","passed","Fri Apr 17 15:26:52 UTC 2026","TestChainId","test_network_parameters","",""
"","0","test_can_create_connection[Test for Polkadot Asset Hub, url: wss://rpc-assethub.novasama-tech.org]","tests","Fri Apr 17 15:27:38 UTC 2026","passed","Fri Apr 17 15:27:38 UTC 2026","","test_nodes_availability","",""
"","162","test_rpc_method_is_available[Test for Heima, url: wss://heima-rpc.n.dwellir.com]","tests","Fri Apr 17 15:28:13 UTC 2026","passed","Fri Apr 17 15:28:13 UTC 2026","","test_rpc_methods_availability","",""
"","0","test_address_prefix[Test for Laos]","tests","Fri Apr 17 15:27:40 UTC 2026","passed","Fri Apr 17 15:27:40 UTC 2026","TestNetworkPrefix","test_network_parameters","",""
"","0","test_chainId[Test for Frequency]","tests","Fri Apr 17 15:27:07 UTC 2026","passed","Fri Apr 17 15:27:07 UTC 2026","TestChainId","test_network_parameters","",""
"","1","test_can_create_connection[Test for CC Enterprise, url: wss://mainnet.creditcoin.network/ws]","tests","Fri Apr 17 15:30:03 UTC 2026","passed","Fri Apr 17 15:30:03 UTC 2026","","test_nodes_availability","",""
"","0","test_rpc_method_is_available[Test for Nodle Parachain, url: wss://nodle-parachain.api.onfinality.io/public-ws]","tests","Fri Apr 17 15:26:57 UTC 2026","broken","Fri Apr 17 15:26:57 UTC 2026","","test_rpc_methods_availability","",""
"","0","test_can_create_connection[Test for Hyperbridge Nexus, url: wss://hyperbridge-nexus-rpc.blockops.network]","tests","Fri Apr 17 15:30:25 UTC 2026","broken","Fri Apr 17 15:30:25 UTC 2026","","test_nodes_availability","",""
"","0","test_rpc_node_is_synced[Test for Phala, url: wss://api.phala.network/ws]","tests","Fri Apr 17 15:27:59 UTC 2026","broken","Fri Apr 17 15:27:59 UTC 2026","","test_substrate_node_is_synced","",""
"","200","test_rpc_node_is_synced[Test for JAMTON, url: wss://rpc.jamton.network]","tests","Fri Apr 17 15:30:29 UTC 2026","passed","Fri Apr 17 15:30:29 UTC 2026","","test_substrate_node_is_synced","",""
"","1","test_address_prefix[Test for krest]","tests","Fri Apr 17 15:26:55 UTC 2026","passed","Fri Apr 17 15:26:55 UTC 2026","TestNetworkPrefix","test_network_parameters","",""
"","76","test_rpc_method_is_available[Test for Karura, url: wss://karura-rpc-2.aca-api.network/ws]","tests","Fri Apr 17 15:25:52 UTC 2026","passed","Fri Apr 17 15:25:52 UTC 2026","","test_rpc_methods_availability","",""
"","0","test_has_new_assets[Test for Curio]","tests","Fri Apr 17 15:27:25 UTC 2026","broken","Fri Apr 17 15:27:25 UTC 2026","TestAssets","test_check_new_assets","",""
"","175","test_rpc_node_is_synced[Test for DAO IPCI, url: wss://ipci.rpc.robonomics.network]","tests","Fri Apr 17 15:28:35 UTC 2026","passed","Fri Apr 17 15:28:36 UTC 2026","","test_substrate_node_is_synced","",""
"","0","test_chainId[Test for Karura]","tests","Fri Apr 17 15:25:50 UTC 2026","passed","Fri Apr 17 15:25:50 UTC 2026","TestChainId","test_network_parameters","",""
"","0","test_can_create_connection[Test for Phala, url: wss://phala.public.curie.radiumblock.co/ws]","tests","Fri Apr 17 15:28:15 UTC 2026","passed","Fri Apr 17 15:28:15 UTC 2026","","test_nodes_availability","",""
"","226","test_rpc_node_is_synced[Test for Hyperbridge Nexus, url: wss://nexus.ibp.network]","tests","Fri Apr 17 15:30:09 UTC 2026","passed","Fri Apr 17 15:30:10 UTC 2026","","test_substrate_node_is_synced","",""
"","1","test_chainId[Test for Interlay]","tests","Fri Apr 17 15:26:13 UTC 2026","passed","Fri Apr 17 15:26:13 UTC 2026","TestChainId","test_network_parameters","",""
"","0","test_rpc_node_is_synced[Test for Moonbeam, url: wss://moonbeam.dotters.network]","tests","Fri Apr 17 15:26:32 UTC 2026","broken","Fri Apr 17 15:26:32 UTC 2026","","test_substrate_node_is_synced","",""
"","48","test_rpc_node_is_synced[Test for Polkadot People, url: wss://people-polkadot.public.curie.radiumblock.co/ws]","tests","Fri Apr 17 15:26:05 UTC 2026","passed","Fri Apr 17 15:26:05 UTC 2026","","test_substrate_node_is_synced","",""
"","0","test_can_create_connection[Test for Amplitude, url: wss://rpc-amplitude.pendulumchain.tech]","tests","Fri Apr 17 15:28:39 UTC 2026","broken","Fri Apr 17 15:28:39 UTC 2026","","test_nodes_availability","",""
"","1","test_can_create_connection[Test for Kusama Relay, url: wss://apps-kusama-rpc.polkadot.io]","tests","Fri Apr 17 15:26:06 UTC 2026","passed","Fri Apr 17 15:26:06 UTC 2026","","test_nodes_availability","",""
"","98","test_rpc_method_is_available[Test for Creditcoin, url: wss://mainnet3.creditcoin.network]","tests","Fri Apr 17 15:30:04 UTC 2026","passed","Fri Apr 17 15:30:04 UTC 2026","","test_rpc_methods_availability","",""
"","0","test_chainId[Test for Altair]","tests","Fri Apr 17 15:25:44 UTC 2026","passed","Fri Apr 17 15:25:44 UTC 2026","TestChainId","test_network_parameters","",""
"","170","test_rpc_node_is_synced[Test for NeuroWeb, url: wss://parachain-rpc.origin-trail.network]","tests","Fri Apr 17 15:28:42 UTC 2026","passed","Fri Apr 17 15:28:43 UTC 2026","","test_substrate_node_is_synced","",""
"","0","test_rpc_method_is_available[Test for QUARTZ, url: wss://eu-ws-quartz.unique.network]","tests","Fri Apr 17 15:28:26 UTC 2026","broken","Fri Apr 17 15:28:26 UTC 2026","","test_rpc_methods_availability","",""
"","119","test_rpc_method_is_available[Test for Polkadot Collectives, url: wss://sys.ibp.network/collectives-polkadot]","tests","Fri Apr 17 15:29:20 UTC 2026","passed","Fri Apr 17 15:29:20 UTC 2026","","test_rpc_methods_availability","",""
"","214","test_rpc_node_is_synced[Test for Kintsugi, url: wss://api-kusama.interlay.io/parachain]","tests","Fri Apr 17 15:26:46 UTC 2026","passed","Fri Apr 17 15:26:46 UTC 2026","","test_substrate_node_is_synced","",""
"","0","test_can_create_connection[Test for Bittensor, url: wss://bittensor-finney.api.onfinality.io/public-ws]","tests","Fri Apr 17 15:29:03 UTC 2026","passed","Fri Apr 17 15:29:03 UTC 2026","","test_nodes_availability","",""
"","98","test_rpc_method_is_available[Test for Kusama People, url: wss://people-kusama.dotters.network]","tests","Fri Apr 17 15:26:08 UTC 2026","passed","Fri Apr 17 15:26:08 UTC 2026","","test_rpc_methods_availability","",""
"","7","test_has_new_assets[Test for Moonbeam]","tests","Fri Apr 17 15:25:56 UTC 2026","passed","Fri Apr 17 15:25:56 UTC 2026","TestAssets","test_check_new_assets","",""
"","0","test_can_create_connection[Test for Polkadot Coretime, url: wss://coretime-polkadot.dotters.network]","tests","Fri Apr 17 15:30:29 UTC 2026","passed","Fri Apr 17 15:30:29 UTC 2026","","test_nodes_availability","",""
"","0","test_chainId[Test for NeuroWeb]","tests","Fri Apr 17 15:26:14 UTC 2026","passed","Fri Apr 17 15:26:14 UTC 2026","TestChainId","test_network_parameters","",""
"","102","test_rpc_method_is_available[Test for Polkadot Asset Hub, url: wss://rpc-assethub.novasama-tech.org]","tests","Fri Apr 17 15:27:58 UTC 2026","passed","Fri Apr 17 15:27:58 UTC 2026","","test_rpc_methods_availability","",""
"","78","test_rpc_node_is_synced[Test for Kreivo, url: wss://kreivo.kippu.rocks/]","tests","Fri Apr 17 15:29:58 UTC 2026","passed","Fri Apr 17 15:29:58 UTC 2026","","test_substrate_node_is_synced","",""
"","10","test_has_new_assets[Test for Polkadot Coretime]","tests","Fri Apr 17 15:27:49 UTC 2026","passed","Fri Apr 17 15:27:49 UTC 2026","TestAssets","test_check_new_assets","",""
"","53","test_rpc_node_is_synced[Test for Pendulum, url: wss://rpc-pendulum.prd.pendulumchain.tech]","tests","Fri Apr 17 15:28:43 UTC 2026","passed","Fri Apr 17 15:28:43 UTC 2026","","test_substrate_node_is_synced","",""
"","1","test_can_create_connection[Test for Kusama People, url: wss://people-kusama.dotters.network]","tests","Fri Apr 17 15:26:15 UTC 2026","passed","Fri Apr 17 15:26:15 UTC 2026","","test_nodes_availability","",""
"","156","test_rpc_node_is_synced[Test for Vara, url: wss://rpc.vara-network.io]","tests","Fri Apr 17 15:29:10 UTC 2026","passed","Fri Apr 17 15:29:10 UTC 2026","","test_substrate_node_is_synced","",""
"","0","test_chainId[Test for Cere]","tests","Fri Apr 17 15:27:42 UTC 2026","passed","Fri Apr 17 15:27:42 UTC 2026","TestChainId","test_network_parameters","",""
"","100","test_rpc_method_is_available[Test for Hydration, url: wss://rpc.hydradx.cloud]","tests","Fri Apr 17 15:27:22 UTC 2026","passed","Fri Apr 17 15:27:22 UTC 2026","","test_rpc_methods_availability","",""
"","0","test_chainId[Test for Polkadex]","tests","Fri Apr 17 15:26:10 UTC 2026","passed","Fri Apr 17 15:26:10 UTC 2026","TestChainId","test_network_parameters","",""
"","7","test_has_new_assets[Test for Astar]","tests","Fri Apr 17 15:26:28 UTC 2026","passed","Fri Apr 17 15:26:28 UTC 2026","TestAssets","test_check_new_assets","",""
"","0","test_can_create_connection[Test for Heima, url: wss://rpc.litentry-parachain.litentry.io]","tests","Fri Apr 17 15:28:28 UTC 2026","passed","Fri Apr 17 15:28:28 UTC 2026","","test_nodes_availability","",""
"","143","test_rpc_node_is_synced[Test for Kusama Bridge Hub, url: wss://ksm-rpc.stakeworld.io/bridgehub]","tests","Fri Apr 17 15:29:21 UTC 2026","passed","Fri Apr 17 15:29:21 UTC 2026","","test_substrate_node_is_synced","",""
"","149","test_rpc_node_is_synced[Test for Bifrost Polkadot, url: wss://hk.p.bifrost-rpc.liebi.com/ws]","tests","Fri Apr 17 15:28:02 UTC 2026","passed","Fri Apr 17 15:28:02 UTC 2026","","test_substrate_node_is_synced","",""
"","11","test_has_new_assets[Test for Avail]","tests","Fri Apr 17 15:27:35 UTC 2026","passed","Fri Apr 17 15:27:35 UTC 2026","TestAssets","test_check_new_assets","",""
"","0","test_can_create_connection[Test for Ajuna, url: wss://rpc-para.ajuna.network]","tests","Fri Apr 17 15:28:56 UTC 2026","passed","Fri Apr 17 15:28:56 UTC 2026","","test_nodes_availability","",""
"","234","test_rpc_node_is_synced[Test for Bifrost Polkadot, url: wss://bifrost-polkadot.ibp.network]","tests","Fri Apr 17 15:27:44 UTC 2026","passed","Fri Apr 17 15:27:44 UTC 2026","","test_substrate_node_is_synced","",""
"","1","test_can_create_connection[Test for Kusama Relay, url: wss://rpc.ibp.network/kusama]","tests","Fri Apr 17 15:25:54 UTC 2026","passed","Fri Apr 17 15:25:54 UTC 2026","","test_nodes_availability","",""
"","0","test_can_create_connection[Test for Polkadot Relay, url: wss://dot-rpc.stakeworld.io]","tests","Fri Apr 17 15:26:14 UTC 2026","passed","Fri Apr 17 15:26:14 UTC 2026","","test_nodes_availability","",""
"","0","test_chainId[Test for Darwinia]","tests","Fri Apr 17 15:26:53 UTC 2026","passed","Fri Apr 17 15:26:53 UTC 2026","TestChainId","test_network_parameters","",""
"","0","test_can_create_connection[Test for DAO IPCI, url: wss://ipci.rpc.robonomics.network]","tests","Fri Apr 17 15:28:55 UTC 2026","passed","Fri Apr 17 15:28:55 UTC 2026","","test_nodes_availability","",""
"","0","test_rpc_node_is_synced[Test for Phala, url: wss://phala-rpc.n.dwellir.com]","tests","Fri Apr 17 15:27:19 UTC 2026","broken","Fri Apr 17 15:27:19 UTC 2026","","test_substrate_node_is_synced","",""
"","56","test_rpc_node_is_synced[Test for Crust Polkadot Parachain, url: wss://crust-parachain.crustapps.net]","tests","Fri Apr 17 15:28:45 UTC 2026","passed","Fri Apr 17 15:28:45 UTC 2026","","test_substrate_node_is_synced","",""
"","0","test_can_create_connection[Test for Acala, url: wss://acala-rpc.n.dwellir.com]","tests","Fri Apr 17 15:26:54 UTC 2026","passed","Fri Apr 17 15:26:54 UTC 2026","","test_nodes_availability","",""
"","9","test_has_new_assets[Test for Hydration]","tests","Fri Apr 17 15:26:12 UTC 2026","passed","Fri Apr 17 15:26:12 UTC 2026","TestAssets","test_check_new_assets","",""
"","0","test_address_prefix[Test for Kreivo]","tests","Fri Apr 17 15:27:26 UTC 2026","passed","Fri Apr 17 15:27:26 UTC 2026","TestNetworkPrefix","test_network_parameters","",""
"","0","test_rpc_node_is_synced[Test for Bifrost Polkadot, url: wss://bifrost-polkadot.dotters.network]","tests","Fri Apr 17 15:27:55 UTC 2026","broken","Fri Apr 17 15:27:55 UTC 2026","","test_substrate_node_is_synced","",""
"","12","test_has_new_assets[Test for Basilisk]","tests","Fri Apr 17 15:26:06 UTC 2026","passed","Fri Apr 17 15:26:06 UTC 2026","TestAssets","test_check_new_assets","",""
"","520","test_rpc_node_is_synced[Test for Karura, url: wss://karura-rpc-1.aca-api.network]","tests","Fri Apr 17 15:25:52 UTC 2026","passed","Fri Apr 17 15:25:53 UTC 2026","","test_substrate_node_is_synced","",""
"","0","test_chainId[Test for Curio]","tests","Fri Apr 17 15:27:28 UTC 2026","broken","Fri Apr 17 15:27:28 UTC 2026","TestChainId","test_network_parameters","",""
"","94","test_rpc_method_is_available[Test for DENTNet, url: wss://rpc.dentnet.io/ws]","tests","Fri Apr 17 15:29:55 UTC 2026","passed","Fri Apr 17 15:29:55 UTC 2026","","test_rpc_methods_availability","",""
"","0","test_rpc_node_is_synced[Test for Curio, url: wss://parachain.curioinvest.com/]","tests","Fri Apr 17 15:29:40 UTC 2026","broken","Fri Apr 17 15:29:40 UTC 2026","","test_substrate_node_is_synced","",""
"","43","test_rpc_method_is_available[Test for Polkadot Coretime, url: wss://rpc-coretime-polkadot.luckyfriday.io]","tests","Fri Apr 17 15:30:13 UTC 2026","passed","Fri Apr 17 15:30:13 UTC 2026","","test_rpc_methods_availability","",""
"","0","test_chainId[Test for Enjin Relay]","tests","Fri Apr 17 15:27:39 UTC 2026","passed","Fri Apr 17 15:27:39 UTC 2026","TestChainId","test_network_parameters","",""
"","12","test_has_new_assets[Test for CC Enterprise]","tests","Fri Apr 17 15:27:36 UTC 2026","passed","Fri Apr 17 15:27:36 UTC 2026","TestAssets","test_check_new_assets","",""
"","130","test_rpc_method_is_available[Test for Joystream, url: wss://rpc.joystream.org]","tests","Fri Apr 17 15:29:28 UTC 2026","passed","Fri Apr 17 15:29:28 UTC 2026","","test_rpc_methods_availability","",""
"","0","test_can_create_connection[Test for Polkadot Coretime, url: wss://sys.ibp.network/coretime-polkadot]","tests","Fri Apr 17 15:30:33 UTC 2026","passed","Fri Apr 17 15:30:33 UTC 2026","","test_nodes_availability","",""
"","163","test_rpc_node_is_synced[Test for Shiden, url: wss://shiden-rpc.n.dwellir.com]","tests","Fri Apr 17 15:27:50 UTC 2026","passed","Fri Apr 17 15:27:51 UTC 2026","","test_substrate_node_is_synced","",""
"","44","test_has_new_assets[Test for Acala]","tests","Fri Apr 17 15:26:01 UTC 2026","passed","Fri Apr 17 15:26:01 UTC 2026","TestAssets","test_check_new_assets","",""
"","0","test_address_prefix[Test for Nodle Parachain]","tests","Fri Apr 17 15:26:27 UTC 2026","broken","Fri Apr 17 15:26:27 UTC 2026","TestNetworkPrefix","test_network_parameters","",""
"","144","test_rpc_node_is_synced[Test for Tanssi, url: wss://services.tanssi-mainnet.network/tanssi]","tests","Fri Apr 17 15:30:51 UTC 2026","passed","Fri Apr 17 15:30:51 UTC 2026","","test_substrate_node_is_synced","",""
"","67","test_rpc_node_is_synced[Test for Frequency, url: wss://0.rpc.frequency.xyz]","tests","Fri Apr 17 15:29:02 UTC 2026","passed","Fri Apr 17 15:29:02 UTC 2026","","test_substrate_node_is_synced","",""
"","98","test_rpc_method_is_available[Test for Kusama Relay, url: wss://kusama.public.curie.radiumblock.co/ws]","tests","Fri Apr 17 15:26:17 UTC 2026","passed","Fri Apr 17 15:26:17 UTC 2026","","test_rpc_methods_availability","",""
"","156","test_rpc_node_is_synced[Test for Moonriver, url: wss://moonriver-rpc.publicnode.com]","tests","Fri Apr 17 15:26:25 UTC 2026","passed","Fri Apr 17 15:26:25 UTC 2026","","test_substrate_node_is_synced","",""
"","7","test_has_new_assets[Test for Polkadot Asset Hub]","tests","Fri Apr 17 15:26:02 UTC 2026","passed","Fri Apr 17 15:26:02 UTC 2026","TestAssets","test_check_new_assets","",""
"","0","test_chainId[Test for Enjin Matrix]","tests","Fri Apr 17 15:27:07 UTC 2026","passed","Fri Apr 17 15:27:07 UTC 2026","TestChainId","test_network_parameters","",""
"","23","test_rpc_node_is_synced[Test for Polymesh, url: wss://mainnet-rpc.polymesh.network]","tests","Fri Apr 17 15:28:31 UTC 2026","passed","Fri Apr 17 15:28:31 UTC 2026","","test_substrate_node_is_synced","",""
"","0","test_can_create_connection[Test for Polkadot Asset Hub, url: wss://asset-hub-polkadot.dotters.network]","tests","Fri Apr 17 15:28:01 UTC 2026","passed","Fri Apr 17 15:28:01 UTC 2026","","test_nodes_availability","",""
"","0","test_can_create_connection[Test for Polkadot People, url: wss://people-polkadot.dotters.network]","tests","Fri Apr 17 15:25:59 UTC 2026","passed","Fri Apr 17 15:25:59 UTC 2026","","test_nodes_availability","",""
"","0","test_chainId[Test for 3DPass]","tests","Fri Apr 17 15:27:32 UTC 2026","broken","Fri Apr 17 15:27:32 UTC 2026","TestChainId","test_network_parameters","",""
"","0","test_address_prefix[Test for Centrifuge Parachain]","tests","Fri Apr 17 15:26:06 UTC 2026","passed","Fri Apr 17 15:26:06 UTC 2026","TestNetworkPrefix","test_network_parameters","",""
