"DESCRIPTION","DURATION IN MS","NAME","PARENT SUITE","START TIME","STATUS","STOP TIME","SUB SUITE","SUITE","TEST CLASS","TEST METHOD"
"","0","test_address_prefix[Test for Ajuna]","tests","Tue Apr 01 15:21:31 GMT 2025","passed","Tue Apr 01 15:21:31 GMT 2025","TestNetworkPrefix","test_network_parameters","",""
"","0","test_address_prefix[Test for Bifrost Polkadot]","tests","Tue Apr 01 15:21:31 GMT 2025","passed","Tue Apr 01 15:21:31 GMT 2025","TestNetworkPrefix","test_network_parameters","",""
"","6","test_has_new_assets[Test for Kabocha]","tests","Tue Apr 01 15:20:36 GMT 2025","passed","Tue Apr 01 15:20:36 GMT 2025","TestAssets","test_check_new_assets","",""
"","0","test_can_create_connection[Test for Polkadot People, url: wss://sys.ibp.network/people-polkadot]","tests","Tue Apr 01 15:20:27 GMT 2025","passed","Tue Apr 01 15:20:27 GMT 2025","","test_nodes_availability","",""
"","95","test_rpc_method_is_available[Test for Polkadex, url: wss://polkadex.public.curie.radiumblock.co/ws]","tests","Tue Apr 01 15:22:30 GMT 2025","passed","Tue Apr 01 15:22:30 GMT 2025","","test_rpc_methods_availability","",""
"","7","test_has_new_assets[Test for NeuroWeb]","tests","Tue Apr 01 15:20:45 GMT 2025","passed","Tue Apr 01 15:20:45 GMT 2025","TestAssets","test_check_new_assets","",""
"","0","test_precision[Test for Parallel]","tests","Tue Apr 01 15:20:32 GMT 2025","passed","Tue Apr 01 15:20:32 GMT 2025","TestPrecision","test_network_parameters","",""
"","1","test_chainId[Test for Hyperbridge Nexus]","tests","Tue Apr 01 15:22:08 GMT 2025","passed","Tue Apr 01 15:22:08 GMT 2025","TestChainId","test_network_parameters","",""
"","0","test_address_prefix[Test for Crust Polkadot Parachain]","tests","Tue Apr 01 15:21:26 GMT 2025","passed","Tue Apr 01 15:21:26 GMT 2025","TestNetworkPrefix","test_network_parameters","",""
"","0","test_chainId[Test for Crab]","tests","Tue Apr 01 15:21:43 GMT 2025","passed","Tue Apr 01 15:21:43 GMT 2025","TestChainId","test_network_parameters","",""
"","66","test_rpc_node_is_synced[Test for Kusama, url: wss://rpc-kusama.luckyfriday.io]","tests","Tue Apr 01 15:20:21 GMT 2025","passed","Tue Apr 01 15:20:21 GMT 2025","","test_substrate_node_is_synced","",""
"","119","test_rpc_method_is_available[Test for Kusama Asset Hub, url: wss://statemine-rpc.dwellir.com]","tests","Tue Apr 01 15:20:29 GMT 2025","passed","Tue Apr 01 15:20:29 GMT 2025","","test_rpc_methods_availability","",""
"","0","test_address_prefix[Test for JAMTON]","tests","Tue Apr 01 15:22:18 GMT 2025","passed","Tue Apr 01 15:22:18 GMT 2025","TestNetworkPrefix","test_network_parameters","",""
"","0","test_chainId[Test for KILT]","tests","Tue Apr 01 15:20:56 GMT 2025","passed","Tue Apr 01 15:20:56 GMT 2025","TestChainId","test_network_parameters","",""
"","1","test_address_prefix[Test for Altair]","tests","Tue Apr 01 15:20:50 GMT 2025","passed","Tue Apr 01 15:20:50 GMT 2025","TestNetworkPrefix","test_network_parameters","",""
"","157","test_rpc_node_is_synced[Test for Polimec, url: wss://rpc.polimec.org]","tests","Tue Apr 01 15:24:11 GMT 2025","passed","Tue Apr 01 15:24:11 GMT 2025","","test_substrate_node_is_synced","",""
"","0","test_can_create_connection[Test for Turing, url: wss://turing-rpc.dwellir.com]","tests","Tue Apr 01 15:23:14 GMT 2025","passed","Tue Apr 01 15:23:14 GMT 2025","","test_nodes_availability","",""
"","78","test_rpc_method_is_available[Test for Kusama Bridge Hub, url: wss://sys.ibp.network/bridgehub-kusama]","tests","Tue Apr 01 15:23:54 GMT 2025","passed","Tue Apr 01 15:23:54 GMT 2025","","test_rpc_methods_availability","",""
"","82","test_rpc_method_is_available[Test for Polkadot, url: wss://polkadot-rpc.dwellir.com]","tests","Tue Apr 01 15:20:47 GMT 2025","passed","Tue Apr 01 15:20:47 GMT 2025","","test_rpc_methods_availability","",""
"","0","test_can_create_connection[Test for UNIQUE, url: wss://unique.dotters.network]","tests","Tue Apr 01 15:22:58 GMT 2025","passed","Tue Apr 01 15:22:58 GMT 2025","","test_nodes_availability","",""
"","0","test_address_prefix[Test for Continuum]","tests","Tue Apr 01 15:21:55 GMT 2025","passed","Tue Apr 01 15:21:55 GMT 2025","TestNetworkPrefix","test_network_parameters","",""
"","0","test_precision[Test for Xode]","tests","Tue Apr 01 15:22:10 GMT 2025","passed","Tue Apr 01 15:22:10 GMT 2025","TestPrecision","test_network_parameters","",""
"","0","test_can_create_connection[Test for Ternoa, url: wss://mainnet.ternoa.network]","tests","Tue Apr 01 15:22:45 GMT 2025","passed","Tue Apr 01 15:22:45 GMT 2025","","test_nodes_availability","",""
"","0","test_address_prefix[Test for Polkadot]","tests","Tue Apr 01 15:20:42 GMT 2025","passed","Tue Apr 01 15:20:42 GMT 2025","TestNetworkPrefix","test_network_parameters","",""
"","169","test_rpc_node_is_synced[Test for Polkadot, url: wss://polkadot-rpc.dwellir.com]","tests","Tue Apr 01 15:20:27 GMT 2025","passed","Tue Apr 01 15:20:27 GMT 2025","","test_substrate_node_is_synced","",""
"","0","test_can_create_connection[Test for Laos, url: wss://rpc.laos.laosfoundation.io]","tests","Tue Apr 01 15:24:40 GMT 2025","passed","Tue Apr 01 15:24:40 GMT 2025","","test_nodes_availability","",""
"","289","test_rpc_node_is_synced[Test for Polkadot, url: wss://polkadot.public.curie.radiumblock.co/ws]","tests","Tue Apr 01 15:20:36 GMT 2025","passed","Tue Apr 01 15:20:36 GMT 2025","","test_substrate_node_is_synced","",""
"","0","test_chainId[Test for Heima]","tests","Tue Apr 01 15:21:33 GMT 2025","passed","Tue Apr 01 15:21:33 GMT 2025","TestChainId","test_network_parameters","",""
"","92","test_rpc_method_is_available[Test for KILT, url: wss://kilt-rpc.dwellir.com]","tests","Tue Apr 01 15:21:30 GMT 2025","passed","Tue Apr 01 15:21:30 GMT 2025","","test_rpc_methods_availability","",""
"","73","test_rpc_method_is_available[Test for Karura, url: wss://karura.api.onfinality.io/public-ws]","tests","Tue Apr 01 15:20:53 GMT 2025","passed","Tue Apr 01 15:20:53 GMT 2025","","test_rpc_methods_availability","",""
"","48","test_rpc_node_is_synced[Test for Vara, url: wss://rpc.vara-network.io]","tests","Tue Apr 01 15:24:34 GMT 2025","passed","Tue Apr 01 15:24:34 GMT 2025","","test_substrate_node_is_synced","",""
"","0","test_address_prefix[Test for Enjin Matrix]","tests","Tue Apr 01 15:21:46 GMT 2025","passed","Tue Apr 01 15:21:46 GMT 2025","TestNetworkPrefix","test_network_parameters","",""
"","102","test_rpc_method_is_available[Test for Zeitgeist, url: wss://zeitgeist.api.onfinality.io/public-ws]","tests","Tue Apr 01 15:21:40 GMT 2025","passed","Tue Apr 01 15:21:40 GMT 2025","","test_rpc_methods_availability","",""
"","70","test_rpc_method_is_available[Test for Bifrost Kusama, url: wss://us.bifrost-rpc.liebi.com/ws]","tests","Tue Apr 01 15:21:02 GMT 2025","passed","Tue Apr 01 15:21:02 GMT 2025","","test_rpc_methods_availability","",""
"","0","test_can_create_connection[Test for NeuroWeb, url: wss://parachain-rpc.origin-trail.network]","tests","Tue Apr 01 15:23:07 GMT 2025","passed","Tue Apr 01 15:23:07 GMT 2025","","test_nodes_availability","",""
"","0","test_chainId[Test for Aleph Zero]","tests","Tue Apr 01 15:21:16 GMT 2025","passed","Tue Apr 01 15:21:16 GMT 2025","TestChainId","test_network_parameters","",""
"","75","test_rpc_method_is_available[Test for Polkadot Collectives, url: wss://sys.ibp.network/collectives-polkadot]","tests","Tue Apr 01 15:23:37 GMT 2025","passed","Tue Apr 01 15:23:37 GMT 2025","","test_rpc_methods_availability","",""
"","163","test_rpc_node_is_synced[Test for Cere, url: wss://rpc.mainnet.cere.network/ws]","tests","Tue Apr 01 15:24:48 GMT 2025","passed","Tue Apr 01 15:24:49 GMT 2025","","test_substrate_node_is_synced","",""
"","188","test_rpc_node_is_synced[Test for Shiden, url: wss://rpc.shiden.astar.network]","tests","Tue Apr 01 15:20:39 GMT 2025","passed","Tue Apr 01 15:20:39 GMT 2025","","test_substrate_node_is_synced","",""
"","0","test_rpc_node_is_synced[Test for Kusama, url: wss://kusama.api.onfinality.io/public-ws]","tests","Tue Apr 01 15:21:17 GMT 2025","broken","Tue Apr 01 15:21:17 GMT 2025","","test_substrate_node_is_synced","",""
"","0","test_can_create_connection[Test for Frequency, url: wss://0.rpc.frequency.xyz]","tests","Tue Apr 01 15:23:46 GMT 2025","passed","Tue Apr 01 15:23:46 GMT 2025","","test_nodes_availability","",""
"","116","test_rpc_method_is_available[Test for Kusama, url: wss://rpc.ibp.network/kusama]","tests","Tue Apr 01 15:21:13 GMT 2025","passed","Tue Apr 01 15:21:13 GMT 2025","","test_rpc_methods_availability","",""
"","24","test_rpc_node_is_synced[Test for Crust Polkadot Parachain, url: wss://crust-parachain.crustapps.net]","tests","Tue Apr 01 15:23:25 GMT 2025","passed","Tue Apr 01 15:23:25 GMT 2025","","test_substrate_node_is_synced","",""
"","71","test_rpc_method_is_available[Test for Hyperbridge Nexus, url: wss://nexus.dotters.network]","tests","Tue Apr 01 15:24:21 GMT 2025","passed","Tue Apr 01 15:24:21 GMT 2025","","test_rpc_methods_availability","",""
"","70","test_rpc_node_is_synced[Test for Phala, url: wss://api.phala.network/ws]","tests","Tue Apr 01 15:23:21 GMT 2025","passed","Tue Apr 01 15:23:21 GMT 2025","","test_substrate_node_is_synced","",""
"","0","test_address_prefix[Test for Turing]","tests","Tue Apr 01 15:21:19 GMT 2025","passed","Tue Apr 01 15:21:19 GMT 2025","TestNetworkPrefix","test_network_parameters","",""
"","7","test_has_new_assets[Test for Energy Web X]","tests","Tue Apr 01 15:21:19 GMT 2025","passed","Tue Apr 01 15:21:19 GMT 2025","TestAssets","test_check_new_assets","",""
"","87","test_rpc_method_is_available[Test for XX network, url: wss://rpc.xx.network]","tests","Tue Apr 01 15:23:00 GMT 2025","passed","Tue Apr 01 15:23:00 GMT 2025","","test_rpc_methods_availability","",""
"","7","test_has_new_assets[Test for Hyperbridge Nexus]","tests","Tue Apr 01 15:21:33 GMT 2025","passed","Tue Apr 01 15:21:33 GMT 2025","TestAssets","test_check_new_assets","",""
"","0","test_can_create_connection[Test for Basilisk, url: wss://rpc.basilisk.cloud]","tests","Tue Apr 01 15:21:01 GMT 2025","passed","Tue Apr 01 15:21:01 GMT 2025","","test_nodes_availability","",""
"","26","test_rpc_node_is_synced[Test for Kusama Asset Hub, url: wss://asset-hub-kusama.dotters.network]","tests","Tue Apr 01 15:20:05 GMT 2025","passed","Tue Apr 01 15:20:05 GMT 2025","","test_substrate_node_is_synced","",""
"","111","test_rpc_method_is_available[Test for Mangata X, url: wss://kusama-archive.mangata.online]","tests","Tue Apr 01 15:23:11 GMT 2025","passed","Tue Apr 01 15:23:11 GMT 2025","","test_rpc_methods_availability","",""
"","0","test_chainId[Test for Polymesh]","tests","Tue Apr 01 15:21:27 GMT 2025","passed","Tue Apr 01 15:21:27 GMT 2025","TestChainId","test_network_parameters","",""
"","178","test_rpc_node_is_synced[Test for Ajuna, url: wss://rpc-para.ajuna.network]","tests","Tue Apr 01 15:23:38 GMT 2025","passed","Tue Apr 01 15:23:38 GMT 2025","","test_substrate_node_is_synced","",""
"","228","test_rpc_node_is_synced[Test for XX network, url: wss://rpc-hetzner.xx.network]","tests","Tue Apr 01 15:23:09 GMT 2025","passed","Tue Apr 01 15:23:09 GMT 2025","","test_substrate_node_is_synced","",""
"","1","test_precision[Test for Hyperbridge Nexus]","tests","Tue Apr 01 15:21:57 GMT 2025","passed","Tue Apr 01 15:21:57 GMT 2025","TestPrecision","test_network_parameters","",""
"","0","test_rpc_node_is_synced[Test for Dock, url: wss://mainnet-node.dock.io]","tests","Tue Apr 01 15:24:22 GMT 2025","broken","Tue Apr 01 15:24:22 GMT 2025","","test_substrate_node_is_synced","",""
"","72","test_rpc_method_is_available[Test for Centrifuge Parachain, url: wss://centrifuge-parachain.api.onfinality.io/public-ws]","tests","Tue Apr 01 15:22:25 GMT 2025","passed","Tue Apr 01 15:22:25 GMT 2025","","test_rpc_methods_availability","",""
"","85","test_rpc_node_is_synced[Test for Polkadot, url: wss://dot-rpc.stakeworld.io]","tests","Tue Apr 01 15:20:31 GMT 2025","passed","Tue Apr 01 15:20:31 GMT 2025","","test_substrate_node_is_synced","",""
"","65","test_rpc_method_is_available[Test for JAMTON, url: wss://rpc.jamton.network]","tests","Tue Apr 01 15:24:40 GMT 2025","passed","Tue Apr 01 15:24:40 GMT 2025","","test_rpc_methods_availability","",""
"","0","test_address_prefix[Test for CLV Parachain]","tests","Tue Apr 01 15:20:58 GMT 2025","passed","Tue Apr 01 15:20:58 GMT 2025","TestNetworkPrefix","test_network_parameters","",""
"","120","test_rpc_method_is_available[Test for Subsocial, url: wss://para.f3joule.space]","tests","Tue Apr 01 15:21:48 GMT 2025","passed","Tue Apr 01 15:21:48 GMT 2025","","test_rpc_methods_availability","",""
"","0","test_address_prefix[Test for Kabocha]","tests","Tue Apr 01 15:21:03 GMT 2025","passed","Tue Apr 01 15:21:03 GMT 2025","TestNetworkPrefix","test_network_parameters","",""
"","74","test_rpc_node_is_synced[Test for Polimec, url: wss://polimec.ibp.network]","tests","Tue Apr 01 15:24:15 GMT 2025","passed","Tue Apr 01 15:24:15 GMT 2025","","test_substrate_node_is_synced","",""
"","0","test_rpc_method_is_available[Test for 3DPass, url: wss://rpc.3dpscan.io]","tests","Tue Apr 01 15:23:25 GMT 2025","broken","Tue Apr 01 15:23:25 GMT 2025","","test_rpc_methods_availability","",""
"","0","test_chainId[Test for Manta Atlantic]","tests","Tue Apr 01 15:21:56 GMT 2025","passed","Tue Apr 01 15:21:56 GMT 2025","TestChainId","test_network_parameters","",""
"","23","test_rpc_node_is_synced[Test for Kusama Bridge Hub, url: wss://bridge-hub-kusama.dotters.network]","tests","Tue Apr 01 15:23:50 GMT 2025","passed","Tue Apr 01 15:23:51 GMT 2025","","test_substrate_node_is_synced","",""
"","0","test_can_create_connection[Test for Kusama, url: wss://kusama-rpc.dwellir.com]","tests","Tue Apr 01 15:20:33 GMT 2025","passed","Tue Apr 01 15:20:33 GMT 2025","","test_nodes_availability","",""
"","0","test_precision[Test for Continuum]","tests","Tue Apr 01 15:21:51 GMT 2025","passed","Tue Apr 01 15:21:51 GMT 2025","TestPrecision","test_network_parameters","",""
"","0","test_can_create_connection[Test for Acala, url: wss://acala-rpc-1.aca-api.network]","tests","Tue Apr 01 15:22:20 GMT 2025","passed","Tue Apr 01 15:22:20 GMT 2025","","test_nodes_availability","",""
"","0","test_chainId[Test for Zeitgeist]","tests","Tue Apr 01 15:21:10 GMT 2025","passed","Tue Apr 01 15:21:10 GMT 2025","TestChainId","test_network_parameters","",""
"","0","test_can_create_connection[Test for Polkadot, url: wss://polkadot-rpc.dwellir.com]","tests","Tue Apr 01 15:20:41 GMT 2025","passed","Tue Apr 01 15:20:41 GMT 2025","","test_nodes_availability","",""
"","0","test_chainId[Test for InvArch]","tests","Tue Apr 01 15:21:52 GMT 2025","passed","Tue Apr 01 15:21:52 GMT 2025","TestChainId","test_network_parameters","",""
"","0","test_address_prefix[Test for Mangata X]","tests","Tue Apr 01 15:21:02 GMT 2025","passed","Tue Apr 01 15:21:02 GMT 2025","TestNetworkPrefix","test_network_parameters","",""
"","0","test_can_create_connection[Test for Encointer, url: wss://encointer-kusama.dotters.network]","tests","Tue Apr 01 15:22:38 GMT 2025","passed","Tue Apr 01 15:22:38 GMT 2025","","test_nodes_availability","",""
"","75","test_rpc_method_is_available[Test for Polkadot Asset Hub, url: wss://rpc-assethub.novasama-tech.org]","tests","Tue Apr 01 15:22:08 GMT 2025","passed","Tue Apr 01 15:22:08 GMT 2025","","test_rpc_methods_availability","",""
"","0","test_chainId[Test for Centrifuge Parachain]","tests","Tue Apr 01 15:21:14 GMT 2025","passed","Tue Apr 01 15:21:14 GMT 2025","TestChainId","test_network_parameters","",""
"","122","test_rpc_node_is_synced[Test for Mythos, url: wss://mythos.ibp.network]","tests","Tue Apr 01 15:24:35 GMT 2025","passed","Tue Apr 01 15:24:35 GMT 2025","","test_substrate_node_is_synced","",""
"","72","test_rpc_node_is_synced[Test for krest, url: wss://krest.api.onfinality.io/public-ws]","tests","Tue Apr 01 15:24:19 GMT 2025","passed","Tue Apr 01 15:24:19 GMT 2025","","test_substrate_node_is_synced","",""
"","361","test_rpc_node_is_synced[Test for Nodle Parachain, url: wss://nodle-parachain.api.onfinality.io/public-ws]","tests","Tue Apr 01 15:22:24 GMT 2025","passed","Tue Apr 01 15:22:25 GMT 2025","","test_substrate_node_is_synced","",""
"","70","test_rpc_method_is_available[Test for Basilisk, url: wss://rpc.basilisk.cloud]","tests","Tue Apr 01 15:21:06 GMT 2025","passed","Tue Apr 01 15:21:06 GMT 2025","","test_rpc_methods_availability","",""
"","0","test_can_create_connection[Test for peaq, url: wss://peaq.api.onfinality.io/public]","tests","Tue Apr 01 15:24:36 GMT 2025","passed","Tue Apr 01 15:24:36 GMT 2025","","test_nodes_availability","",""
"","0","test_precision[Test for Dock]","tests","Tue Apr 01 15:21:43 GMT 2025","broken","Tue Apr 01 15:21:43 GMT 2025","TestPrecision","test_network_parameters","",""
"","0","test_can_create_connection[Test for Mythos, url: wss://polkadot-mythos-rpc.polkadot.io]","tests","Tue Apr 01 15:24:09 GMT 2025","passed","Tue Apr 01 15:24:09 GMT 2025","","test_nodes_availability","",""
"","0","test_can_create_connection[Test for Bit.Country Pioneer, url: wss://pioneer-rpc-3.bit.country/wss]","tests","Tue Apr 01 15:22:10 GMT 2025","passed","Tue Apr 01 15:22:10 GMT 2025","","test_nodes_availability","",""
"","0","test_chainId[Test for Bifrost Kusama]","tests","Tue Apr 01 15:20:47 GMT 2025","passed","Tue Apr 01 15:20:47 GMT 2025","TestChainId","test_network_parameters","",""
"","77","test_rpc_method_is_available[Test for Kintsugi, url: wss://api-kusama.interlay.io/parachain]","tests","Tue Apr 01 15:21:36 GMT 2025","passed","Tue Apr 01 15:21:36 GMT 2025","","test_rpc_methods_availability","",""
"","77","test_rpc_node_is_synced[Test for Polkadex, url: wss://polkadex.api.onfinality.io/public-ws]","tests","Tue Apr 01 15:23:08 GMT 2025","passed","Tue Apr 01 15:23:08 GMT 2025","","test_substrate_node_is_synced","",""
"","6","test_has_new_assets[Test for XX network]","tests","Tue Apr 01 15:21:07 GMT 2025","passed","Tue Apr 01 15:21:07 GMT 2025","TestAssets","test_check_new_assets","",""
"","162","test_rpc_node_is_synced[Test for Basilisk, url: wss://rpc.basilisk.cloud]","tests","Tue Apr 01 15:21:04 GMT 2025","passed","Tue Apr 01 15:21:04 GMT 2025","","test_substrate_node_is_synced","",""
"","6","test_has_new_assets[Test for Robonomics]","tests","Tue Apr 01 15:20:29 GMT 2025","passed","Tue Apr 01 15:20:29 GMT 2025","TestAssets","test_check_new_assets","",""
"","0","test_can_create_connection[Test for Polimec, url: wss://polimec.ibp.network]","tests","Tue Apr 01 15:24:00 GMT 2025","passed","Tue Apr 01 15:24:00 GMT 2025","","test_nodes_availability","",""
"","69","test_rpc_node_is_synced[Test for KILT, url: wss://kilt.ibp.network]","tests","Tue Apr 01 15:21:33 GMT 2025","passed","Tue Apr 01 15:21:33 GMT 2025","","test_substrate_node_is_synced","",""
"","0","test_precision[Test for GIANT]","tests","Tue Apr 01 15:21:18 GMT 2025","passed","Tue Apr 01 15:21:18 GMT 2025","TestPrecision","test_network_parameters","",""
"","108","test_rpc_method_is_available[Test for Enjin Relay, url: wss://rpc.relay.blockchain.enjin.io]","tests","Tue Apr 01 15:24:03 GMT 2025","passed","Tue Apr 01 15:24:03 GMT 2025","","test_rpc_methods_availability","",""
"","6","test_has_new_assets[Test for Kusama]","tests","Tue Apr 01 15:20:13 GMT 2025","passed","Tue Apr 01 15:20:13 GMT 2025","TestAssets","test_check_new_assets","",""
"","73","test_rpc_method_is_available[Test for Heima, url: wss://litentry-rpc.dwellir.com]","tests","Tue Apr 01 15:22:43 GMT 2025","passed","Tue Apr 01 15:22:43 GMT 2025","","test_rpc_methods_availability","",""
"","0","test_can_create_connection[Test for Polkadex, url: wss://polkadex-mainnet-rpc.dwellir.com]","tests","Tue Apr 01 15:22:51 GMT 2025","broken","Tue Apr 01 15:22:51 GMT 2025","","test_nodes_availability","",""
"","0","test_address_prefix[Test for Integritee Parachain]","tests","Tue Apr 01 15:21:01 GMT 2025","passed","Tue Apr 01 15:21:01 GMT 2025","TestNetworkPrefix","test_network_parameters","",""
"","0","test_rpc_method_is_available[Test for Dock, url: wss://mainnet-node.dock.io]","tests","Tue Apr 01 15:24:13 GMT 2025","broken","Tue Apr 01 15:24:13 GMT 2025","","test_rpc_methods_availability","",""
"","7","test_has_new_assets[Test for Zeitgeist]","tests","Tue Apr 01 15:20:39 GMT 2025","passed","Tue Apr 01 15:20:39 GMT 2025","TestAssets","test_check_new_assets","",""
"","0","test_can_create_connection[Test for Moonbeam, url: wss://wss.api.moonbeam.network]","tests","Tue Apr 01 15:20:53 GMT 2025","passed","Tue Apr 01 15:20:53 GMT 2025","","test_nodes_availability","",""
"","0","test_chainId[Test for Bajun]","tests","Tue Apr 01 15:21:22 GMT 2025","broken","Tue Apr 01 15:21:22 GMT 2025","TestChainId","test_network_parameters","",""
"","0","test_chainId[Test for Laos]","tests","Tue Apr 01 15:22:19 GMT 2025","passed","Tue Apr 01 15:22:19 GMT 2025","TestChainId","test_network_parameters","",""
"","160","test_rpc_node_is_synced[Test for Robonomics, url: wss://kusama.rpc.robonomics.network/]","tests","Tue Apr 01 15:22:19 GMT 2025","passed","Tue Apr 01 15:22:20 GMT 2025","","test_substrate_node_is_synced","",""
"","8","test_has_new_assets[Test for Aventus]","tests","Tue Apr 01 15:21:01 GMT 2025","passed","Tue Apr 01 15:21:01 GMT 2025","TestAssets","test_check_new_assets","",""
"","0","test_can_create_connection[Test for Polkadot Asset Hub, url: wss://statemint.api.onfinality.io/public-ws]","tests","Tue Apr 01 15:22:31 GMT 2025","passed","Tue Apr 01 15:22:31 GMT 2025","","test_nodes_availability","",""
"","69","test_rpc_method_is_available[Test for Crab, url: wss://darwiniacrab-rpc.dwellir.com]","tests","Tue Apr 01 15:23:48 GMT 2025","passed","Tue Apr 01 15:23:48 GMT 2025","","test_rpc_methods_availability","",""
"","70","test_rpc_node_is_synced[Test for Hydration, url: wss://hydration.ibp.network]","tests","Tue Apr 01 15:22:38 GMT 2025","passed","Tue Apr 01 15:22:38 GMT 2025","","test_substrate_node_is_synced","",""
"","0","test_address_prefix[Test for Aventus]","tests","Tue Apr 01 15:21:31 GMT 2025","passed","Tue Apr 01 15:21:31 GMT 2025","TestNetworkPrefix","test_network_parameters","",""
"","0","test_precision[Test for Polymesh]","tests","Tue Apr 01 15:21:08 GMT 2025","passed","Tue Apr 01 15:21:08 GMT 2025","TestPrecision","test_network_parameters","",""
"","144","test_rpc_node_is_synced[Test for Polkadot People, url: wss://polkadot-people-rpc.polkadot.io]","tests","Tue Apr 01 15:20:19 GMT 2025","passed","Tue Apr 01 15:20:19 GMT 2025","","test_substrate_node_is_synced","",""
"","1","test_can_create_connection[Test for Xode, url: wss://rpc-kr.xode.net]","tests","Tue Apr 01 15:24:46 GMT 2025","passed","Tue Apr 01 15:24:46 GMT 2025","","test_nodes_availability","",""
"","7","test_has_new_assets[Test for krest]","tests","Tue Apr 01 15:21:13 GMT 2025","passed","Tue Apr 01 15:21:13 GMT 2025","TestAssets","test_check_new_assets","",""
"","0","test_address_prefix[Test for GIANT]","tests","Tue Apr 01 15:21:38 GMT 2025","passed","Tue Apr 01 15:21:38 GMT 2025","TestNetworkPrefix","test_network_parameters","",""
"","22","test_rpc_node_is_synced[Test for Polkadot People, url: wss://sys.ibp.network/people-polkadot]","tests","Tue Apr 01 15:20:21 GMT 2025","passed","Tue Apr 01 15:20:21 GMT 2025","","test_substrate_node_is_synced","",""
"","0","test_can_create_connection[Test for Shiden, url: wss://rpc.shiden.astar.network]","tests","Tue Apr 01 15:20:50 GMT 2025","passed","Tue Apr 01 15:20:50 GMT 2025","","test_nodes_availability","",""
"","0","test_address_prefix[Test for Darwinia]","tests","Tue Apr 01 15:21:52 GMT 2025","passed","Tue Apr 01 15:21:52 GMT 2025","TestNetworkPrefix","test_network_parameters","",""
"","0","test_can_create_connection[Test for Kreivo, url: wss://kreivo.io/]","tests","Tue Apr 01 15:24:23 GMT 2025","passed","Tue Apr 01 15:24:23 GMT 2025","","test_nodes_availability","",""
"","102","test_rpc_method_is_available[Test for Astar, url: wss://rpc.astar.network]","tests","Tue Apr 01 15:21:36 GMT 2025","passed","Tue Apr 01 15:21:36 GMT 2025","","test_rpc_methods_availability","",""
"","111","test_rpc_method_is_available[Test for Curio, url: wss://archive.parachain.curioinvest.com]","tests","Tue Apr 01 15:24:13 GMT 2025","passed","Tue Apr 01 15:24:13 GMT 2025","","test_rpc_methods_availability","",""
"","9","test_has_new_assets[Test for Altair]","tests","Tue Apr 01 15:20:22 GMT 2025","passed","Tue Apr 01 15:20:22 GMT 2025","TestAssets","test_check_new_assets","",""
"","0","test_can_create_connection[Test for JAMTON, url: wss://rpc.jamton.network]","tests","Tue Apr 01 15:24:50 GMT 2025","passed","Tue Apr 01 15:24:50 GMT 2025","","test_nodes_availability","",""
"","14","test_has_new_assets[Test for Laos]","tests","Tue Apr 01 15:21:47 GMT 2025","passed","Tue Apr 01 15:21:47 GMT 2025","TestAssets","test_check_new_assets","",""
"","0","test_precision[Test for Centrifuge Parachain]","tests","Tue Apr 01 15:20:41 GMT 2025","passed","Tue Apr 01 15:20:41 GMT 2025","TestPrecision","test_network_parameters","",""
"","0","test_can_create_connection[Test for Westend (TESTNET), url: wss://westend.dotters.network]","tests","Tue Apr 01 15:21:22 GMT 2025","passed","Tue Apr 01 15:21:22 GMT 2025","","test_nodes_availability","",""
"","70","test_rpc_method_is_available[Test for krest, url: wss://krest.api.onfinality.io/public-ws]","tests","Tue Apr 01 15:23:54 GMT 2025","passed","Tue Apr 01 15:23:54 GMT 2025","","test_rpc_methods_availability","",""
"","120","test_rpc_method_is_available[Test for Polkadot Asset Hub, url: wss://statemint-rpc.dwellir.com]","tests","Tue Apr 01 15:22:18 GMT 2025","passed","Tue Apr 01 15:22:18 GMT 2025","","test_rpc_methods_availability","",""
"","0","test_address_prefix[Test for Ternoa]","tests","Tue Apr 01 15:21:13 GMT 2025","passed","Tue Apr 01 15:21:13 GMT 2025","TestNetworkPrefix","test_network_parameters","",""
"","1","test_can_create_connection[Test for Kreivo, url: wss://kreivo.kippu.rocks/]","tests","Tue Apr 01 15:24:16 GMT 2025","passed","Tue Apr 01 15:24:16 GMT 2025","","test_nodes_availability","",""
"","0","test_address_prefix[Test for Polymesh]","tests","Tue Apr 01 15:21:17 GMT 2025","passed","Tue Apr 01 15:21:17 GMT 2025","TestNetworkPrefix","test_network_parameters","",""
"","0","test_can_create_connection[Test for Moonbeam, url: wss://moonbeam.ibp.network]","tests","Tue Apr 01 15:20:18 GMT 2025","passed","Tue Apr 01 15:20:18 GMT 2025","","test_nodes_availability","",""
"","226","test_rpc_node_is_synced[Test for Hydration, url: wss://rpc-hydra.novasama-tech.org]","tests","Tue Apr 01 15:22:28 GMT 2025","passed","Tue Apr 01 15:22:29 GMT 2025","","test_substrate_node_is_synced","",""
"","1","test_can_create_connection[Test for Kusama, url: wss://1rpc.io/ksm]","tests","Tue Apr 01 15:20:44 GMT 2025","passed","Tue Apr 01 15:20:44 GMT 2025","","test_nodes_availability","",""
"","101","test_has_new_assets[Test for Polkadot]","tests","Tue Apr 01 15:20:09 GMT 2025","passed","Tue Apr 01 15:20:09 GMT 2025","TestAssets","test_check_new_assets","",""
"","0","test_precision[Test for Karura]","tests","Tue Apr 01 15:20:17 GMT 2025","passed","Tue Apr 01 15:20:17 GMT 2025","TestPrecision","test_network_parameters","",""
"","118","test_rpc_method_is_available[Test for Kusama People, url: wss://sys.ibp.network/people-kusama]","tests","Tue Apr 01 15:20:45 GMT 2025","passed","Tue Apr 01 15:20:45 GMT 2025","","test_rpc_methods_availability","",""
"","78","test_rpc_method_is_available[Test for Phala, url: wss://rpc.helikon.io/phala]","tests","Tue Apr 01 15:22:24 GMT 2025","passed","Tue Apr 01 15:22:25 GMT 2025","","test_rpc_methods_availability","",""
"","72","test_rpc_method_is_available[Test for Moonriver, url: wss://moonriver.public.blastapi.io]","tests","Tue Apr 01 15:20:42 GMT 2025","passed","Tue Apr 01 15:20:42 GMT 2025","","test_rpc_methods_availability","",""
"","1","test_precision[Test for Westend (TESTNET)]","tests","Tue Apr 01 15:20:25 GMT 2025","passed","Tue Apr 01 15:20:25 GMT 2025","TestPrecision","test_network_parameters","",""
"","0","test_address_prefix[Test for Frequency]","tests","Tue Apr 01 15:21:44 GMT 2025","passed","Tue Apr 01 15:21:44 GMT 2025","TestNetworkPrefix","test_network_parameters","",""
"","1","test_can_create_connection[Test for Mythos, url: wss://mythos.dotters.network]","tests","Tue Apr 01 15:24:15 GMT 2025","passed","Tue Apr 01 15:24:15 GMT 2025","","test_nodes_availability","",""
"","0","test_can_create_connection[Test for Westend (TESTNET), url: wss://rpc.ibp.network/westend]","tests","Tue Apr 01 15:21:18 GMT 2025","passed","Tue Apr 01 15:21:18 GMT 2025","","test_nodes_availability","",""
"","9","test_has_new_assets[Test for Centrifuge Parachain]","tests","Tue Apr 01 15:20:32 GMT 2025","passed","Tue Apr 01 15:20:32 GMT 2025","TestAssets","test_check_new_assets","",""
"","7","test_has_new_assets[Test for Polkadot People]","tests","Tue Apr 01 15:20:24 GMT 2025","passed","Tue Apr 01 15:20:24 GMT 2025","TestAssets","test_check_new_assets","",""
"","204","test_rpc_node_is_synced[Test for JAMTON, url: wss://rpc.jamton.network]","tests","Tue Apr 01 15:25:07 GMT 2025","passed","Tue Apr 01 15:25:07 GMT 2025","","test_substrate_node_is_synced","",""
"","94","test_has_new_assets[Test for Bifrost Kusama]","tests","Tue Apr 01 15:20:11 GMT 2025","passed","Tue Apr 01 15:20:11 GMT 2025","TestAssets","test_check_new_assets","",""
"","95","test_rpc_method_is_available[Test for Polimec, url: wss://polimec.ibp.network]","tests","Tue Apr 01 15:24:06 GMT 2025","passed","Tue Apr 01 15:24:06 GMT 2025","","test_rpc_methods_availability","",""
"","1","test_address_prefix[Test for Cere]","tests","Tue Apr 01 15:22:07 GMT 2025","passed","Tue Apr 01 15:22:07 GMT 2025","TestNetworkPrefix","test_network_parameters","",""
"","74","test_rpc_method_is_available[Test for Bifrost Kusama, url: wss://bifrost-rpc.liebi.com/ws]","tests","Tue Apr 01 15:21:26 GMT 2025","passed","Tue Apr 01 15:21:27 GMT 2025","","test_rpc_methods_availability","",""
"","0","test_can_create_connection[Test for Moonbeam, url: wss://moonbeam.dotters.network]","tests","Tue Apr 01 15:20:21 GMT 2025","passed","Tue Apr 01 15:20:21 GMT 2025","","test_nodes_availability","",""
"","0","test_can_create_connection[Test for Kusama, url: wss://kusama.dotters.network]","tests","Tue Apr 01 15:20:19 GMT 2025","passed","Tue Apr 01 15:20:19 GMT 2025","","test_nodes_availability","",""
"","0","test_chainId[Test for Avail]","tests","Tue Apr 01 15:22:09 GMT 2025","passed","Tue Apr 01 15:22:09 GMT 2025","TestChainId","test_network_parameters","",""
"","77","test_rpc_node_is_synced[Test for QUARTZ, url: wss://quartz.unique.network]","tests","Tue Apr 01 15:21:49 GMT 2025","passed","Tue Apr 01 15:21:49 GMT 2025","","test_substrate_node_is_synced","",""
"","0","test_address_prefix[Test for Bifrost Kusama]","tests","Tue Apr 01 15:20:41 GMT 2025","passed","Tue Apr 01 15:20:41 GMT 2025","TestNetworkPrefix","test_network_parameters","",""
"","0","test_chainId[Test for Bit.Country Pioneer]","tests","Tue Apr 01 15:20:46 GMT 2025","passed","Tue Apr 01 15:20:46 GMT 2025","TestChainId","test_network_parameters","",""
"","0","test_can_create_connection[Test for Polkadot Asset Hub, url: wss://sys.ibp.network/asset-hub-polkadot]","tests","Tue Apr 01 15:22:11 GMT 2025","passed","Tue Apr 01 15:22:11 GMT 2025","","test_nodes_availability","",""
"","1","test_can_create_connection[Test for Tangle, url: wss://rpc.tangle.tools]","tests","Tue Apr 01 15:24:45 GMT 2025","passed","Tue Apr 01 15:24:45 GMT 2025","","test_nodes_availability","",""
"","75","test_rpc_method_is_available[Test for Astar, url: wss://astar.api.onfinality.io/public-ws]","tests","Tue Apr 01 15:21:54 GMT 2025","passed","Tue Apr 01 15:21:54 GMT 2025","","test_rpc_methods_availability","",""
"","84","test_rpc_method_is_available[Test for Hyperbridge Nexus, url: wss://hyperbridge-nexus-rpc.blockops.network]","tests","Tue Apr 01 15:24:23 GMT 2025","passed","Tue Apr 01 15:24:23 GMT 2025","","test_rpc_methods_availability","",""
"","0","test_chainId[Test for Kusama Asset Hub]","tests","Tue Apr 01 15:20:55 GMT 2025","passed","Tue Apr 01 15:20:55 GMT 2025","TestChainId","test_network_parameters","",""
"","581","test_rpc_node_work_fast[Test for Ethereum, url: https://1rpc.io/eth]","tests","Tue Apr 01 15:20:15 GMT 2025","passed","Tue Apr 01 15:20:16 GMT 2025","TestETHNodesAvailability","test_eth_nodes_availability","",""
"","68","test_rpc_node_is_synced[Test for Hydration, url: wss://rpc.hydradx.cloud]","tests","Tue Apr 01 15:22:34 GMT 2025","passed","Tue Apr 01 15:22:34 GMT 2025","","test_substrate_node_is_synced","",""
"","74","test_rpc_node_is_synced[Test for Polkadot People, url: wss://people-polkadot.public.curie.radiumblock.co/ws]","tests","Tue Apr 01 15:20:32 GMT 2025","passed","Tue Apr 01 15:20:32 GMT 2025","","test_substrate_node_is_synced","",""
"","23","test_rpc_node_is_synced[Test for Kusama, url: wss://rpc.ibp.network/kusama]","tests","Tue Apr 01 15:20:56 GMT 2025","passed","Tue Apr 01 15:20:56 GMT 2025","","test_substrate_node_is_synced","",""
"","109","test_rpc_method_is_available[Test for Moonbeam, url: wss://moonbeam.public.blastapi.io]","tests","Tue Apr 01 15:20:36 GMT 2025","passed","Tue Apr 01 15:20:37 GMT 2025","","test_rpc_methods_availability","",""
"","74","test_rpc_method_is_available[Test for Acala, url: wss://acala-rpc-0.aca-api.network]","tests","Tue Apr 01 15:22:14 GMT 2025","passed","Tue Apr 01 15:22:14 GMT 2025","","test_rpc_methods_availability","",""
"","178","test_rpc_node_is_synced[Test for Kusama People, url: wss://kusama-people-rpc.polkadot.io]","tests","Tue Apr 01 15:20:36 GMT 2025","passed","Tue Apr 01 15:20:36 GMT 2025","","test_substrate_node_is_synced","",""
"","5","test_has_new_assets[Test for Polimec]","tests","Tue Apr 01 15:21:23 GMT 2025","passed","Tue Apr 01 15:21:23 GMT 2025","TestAssets","test_check_new_assets","",""
"","0","test_can_create_connection[Test for Bajun, url: wss://rpc-para.bajun.network]","tests","Tue Apr 01 15:23:12 GMT 2025","passed","Tue Apr 01 15:23:12 GMT 2025","","test_nodes_availability","",""
"","173","test_rpc_node_is_synced[Test for Shiden, url: wss://shiden-rpc.dwellir.com]","tests","Tue Apr 01 15:20:46 GMT 2025","passed","Tue Apr 01 15:20:46 GMT 2025","","test_substrate_node_is_synced","",""
"","121","test_rpc_method_is_available[Test for Kusama Bridge Hub, url: wss://bridge-hub-kusama.dotters.network]","tests","Tue Apr 01 15:23:32 GMT 2025","passed","Tue Apr 01 15:23:32 GMT 2025","","test_rpc_methods_availability","",""
"","6","test_has_new_assets[Test for Enjin Relay]","tests","Tue Apr 01 15:21:33 GMT 2025","passed","Tue Apr 01 15:21:33 GMT 2025","TestAssets","test_check_new_assets","",""
"","0","test_chainId[Test for Enjin Relay]","tests","Tue Apr 01 15:22:03 GMT 2025","passed","Tue Apr 01 15:22:03 GMT 2025","TestChainId","test_network_parameters","",""
"","0","test_can_create_connection[Test for Zeitgeist, url: wss://zeitgeist.api.onfinality.io/public-ws]","tests","Tue Apr 01 15:21:25 GMT 2025","passed","Tue Apr 01 15:21:25 GMT 2025","","test_nodes_availability","",""
"","73","test_rpc_method_is_available[Test for Hydration, url: wss://hydration.dotters.network]","tests","Tue Apr 01 15:21:42 GMT 2025","passed","Tue Apr 01 15:21:42 GMT 2025","","test_rpc_methods_availability","",""
"","72","test_rpc_method_is_available[Test for Subsocial, url: wss://para.subsocial.network]","tests","Tue Apr 01 15:21:52 GMT 2025","passed","Tue Apr 01 15:21:52 GMT 2025","","test_rpc_methods_availability","",""
"","107","test_rpc_method_is_available[Test for Avail, url: wss://avail-mainnet.public.blastapi.io/]","tests","Tue Apr 01 15:24:28 GMT 2025","passed","Tue Apr 01 15:24:28 GMT 2025","","test_rpc_methods_availability","",""
"","7","test_has_new_assets[Test for Avail]","tests","Tue Apr 01 15:21:36 GMT 2025","passed","Tue Apr 01 15:21:36 GMT 2025","TestAssets","test_check_new_assets","",""
"","22","test_rpc_node_is_synced[Test for Polkadot Collectives, url: wss://sys.ibp.network/collectives-polkadot]","tests","Tue Apr 01 15:23:55 GMT 2025","passed","Tue Apr 01 15:23:55 GMT 2025","","test_substrate_node_is_synced","",""
"","0","test_can_create_connection[Test for Mangata X, url: wss://kusama-archive.mangata.online]","tests","Tue Apr 01 15:23:05 GMT 2025","passed","Tue Apr 01 15:23:05 GMT 2025","","test_nodes_availability","",""
"","0","test_precision[Test for DENTNet]","tests","Tue Apr 01 15:22:01 GMT 2025","passed","Tue Apr 01 15:22:01 GMT 2025","TestPrecision","test_network_parameters","",""
"","64","test_rpc_node_is_synced[Test for Enjin Relay, url: wss://rpc.relay.blockchain.enjin.io]","tests","Tue Apr 01 15:24:27 GMT 2025","passed","Tue Apr 01 15:24:27 GMT 2025","","test_substrate_node_is_synced","",""
"","1","test_precision[Test for Energy Web X]","tests","Tue Apr 01 15:21:37 GMT 2025","passed","Tue Apr 01 15:21:37 GMT 2025","TestPrecision","test_network_parameters","",""
"","172","test_rpc_node_is_synced[Test for Interlay, url: wss://interlay-rpc.dwellir.com]","tests","Tue Apr 01 15:22:18 GMT 2025","passed","Tue Apr 01 15:22:18 GMT 2025","","test_substrate_node_is_synced","",""
"","7","test_has_new_assets[Test for Parallel]","tests","Tue Apr 01 15:20:24 GMT 2025","passed","Tue Apr 01 15:20:24 GMT 2025","TestAssets","test_check_new_assets","",""
"","1","test_can_create_connection[Test for Acala, url: wss://acala-polkadot.api.onfinality.io/public-ws]","tests","Tue Apr 01 15:22:12 GMT 2025","passed","Tue Apr 01 15:22:12 GMT 2025","","test_nodes_availability","",""
"","0","test_precision[Test for Shiden]","tests","Tue Apr 01 15:20:29 GMT 2025","passed","Tue Apr 01 15:20:29 GMT 2025","TestPrecision","test_network_parameters","",""
"","11","test_has_new_assets[Test for Aleph Zero]","tests","Tue Apr 01 15:20:36 GMT 2025","passed","Tue Apr 01 15:20:36 GMT 2025","TestAssets","test_check_new_assets","",""
"","370","test_rpc_method_is_available[Test for Kusama People, url: wss://ksm-rpc.stakeworld.io/people]","tests","Tue Apr 01 15:20:50 GMT 2025","passed","Tue Apr 01 15:20:51 GMT 2025","","test_rpc_methods_availability","",""
"","0","test_can_create_connection[Test for Polkadot Bridge Hub, url: wss://dot-rpc.stakeworld.io/bridgehub]","tests","Tue Apr 01 15:23:34 GMT 2025","passed","Tue Apr 01 15:23:34 GMT 2025","","test_nodes_availability","",""
"","0","test_precision[Test for Crab]","tests","Tue Apr 01 15:21:25 GMT 2025","passed","Tue Apr 01 15:21:25 GMT 2025","TestPrecision","test_network_parameters","",""
"","0","test_precision[Test for XX network]","tests","Tue Apr 01 15:21:18 GMT 2025","passed","Tue Apr 01 15:21:18 GMT 2025","TestPrecision","test_network_parameters","",""
"","70","test_rpc_method_is_available[Test for Robonomics, url: wss://kusama.rpc.robonomics.network/]","tests","Tue Apr 01 15:22:34 GMT 2025","passed","Tue Apr 01 15:22:34 GMT 2025","","test_rpc_methods_availability","",""
"","1","test_can_create_connection[Test for DeepBrain, url: wss://info.dbcwallet.io]","tests","Tue Apr 01 15:24:36 GMT 2025","passed","Tue Apr 01 15:24:36 GMT 2025","","test_nodes_availability","",""
"","170","test_rpc_node_is_synced[Test for Polkadot, url: wss://rpc-polkadot-2.novasama-tech.org]","tests","Tue Apr 01 15:20:11 GMT 2025","passed","Tue Apr 01 15:20:12 GMT 2025","","test_substrate_node_is_synced","",""
"","96","test_rpc_method_is_available[Test for Acala, url: wss://acala.polkawallet.io]","tests","Tue Apr 01 15:21:24 GMT 2025","passed","Tue Apr 01 15:21:24 GMT 2025","","test_rpc_methods_availability","",""
"","72","test_rpc_method_is_available[Test for Kabocha, url: wss://kabocha.jelliedowl.com]","tests","Tue Apr 01 15:23:14 GMT 2025","passed","Tue Apr 01 15:23:14 GMT 2025","","test_rpc_methods_availability","",""
"","86","test_rpc_node_is_synced[Test for Moonriver, url: wss://moonriver.public.blastapi.io]","tests","Tue Apr 01 15:20:24 GMT 2025","passed","Tue Apr 01 15:20:24 GMT 2025","","test_substrate_node_is_synced","",""
"","5","test_has_new_assets[Test for KILT]","tests","Tue Apr 01 15:20:25 GMT 2025","passed","Tue Apr 01 15:20:25 GMT 2025","TestAssets","test_check_new_assets","",""
"","90","test_rpc_method_is_available[Test for UNIQUE, url: wss://unique.ibp.network]","tests","Tue Apr 01 15:23:01 GMT 2025","passed","Tue Apr 01 15:23:01 GMT 2025","","test_rpc_methods_availability","",""
"","0","test_can_create_connection[Test for Bit.Country Pioneer, url: wss://pioneer-rpc-2.bit.country/wss]","tests","Tue Apr 01 15:22:04 GMT 2025","passed","Tue Apr 01 15:22:04 GMT 2025","","test_nodes_availability","",""
"","1","test_precision[Test for peaq]","tests","Tue Apr 01 15:22:10 GMT 2025","passed","Tue Apr 01 15:22:10 GMT 2025","TestPrecision","test_network_parameters","",""
"","96","test_rpc_method_is_available[Test for Mythos, url: wss://mythos.ibp.network]","tests","Tue Apr 01 15:24:16 GMT 2025","passed","Tue Apr 01 15:24:16 GMT 2025","","test_rpc_methods_availability","",""
"","70","test_rpc_method_is_available[Test for Acala, url: wss://acala-rpc-2.aca-api.network/ws]","tests","Tue Apr 01 15:22:20 GMT 2025","passed","Tue Apr 01 15:22:21 GMT 2025","","test_rpc_methods_availability","",""
"","1","test_can_create_connection[Test for Polkadot Collectives, url: wss://sys.ibp.network/collectives-polkadot]","tests","Tue Apr 01 15:23:44 GMT 2025","passed","Tue Apr 01 15:23:44 GMT 2025","","test_nodes_availability","",""
"","75","test_rpc_node_is_synced[Test for peaq, url: wss://peaq.api.onfinality.io/public]","tests","Tue Apr 01 15:24:57 GMT 2025","passed","Tue Apr 01 15:24:57 GMT 2025","","test_substrate_node_is_synced","",""
"","74","test_rpc_method_is_available[Test for CC Enterprise, url: wss://mainnet.creditcoin.network/ws]","tests","Tue Apr 01 15:24:27 GMT 2025","passed","Tue Apr 01 15:24:27 GMT 2025","","test_rpc_methods_availability","",""
"","0","test_rpc_method_is_available[Test for Polkadex, url: wss://polkadex-mainnet-rpc.dwellir.com]","tests","Tue Apr 01 15:22:52 GMT 2025","broken","Tue Apr 01 15:22:52 GMT 2025","","test_rpc_methods_availability","",""
"","72","test_rpc_method_is_available[Test for Polkadex, url: wss://polkadex.api.onfinality.io/public-ws]","tests","Tue Apr 01 15:23:02 GMT 2025","passed","Tue Apr 01 15:23:02 GMT 2025","","test_rpc_methods_availability","",""
"","38","test_rpc_node_is_synced[Test for Polkadot, url: wss://1rpc.io/dot]","tests","Tue Apr 01 15:20:40 GMT 2025","passed","Tue Apr 01 15:20:40 GMT 2025","","test_substrate_node_is_synced","",""
"","171","test_rpc_node_is_synced[Test for Bit.Country Pioneer, url: wss://pioneer-rpc-3.bit.country/wss]","tests","Tue Apr 01 15:22:16 GMT 2025","passed","Tue Apr 01 15:22:16 GMT 2025","","test_substrate_node_is_synced","",""
"","23","test_rpc_node_is_synced[Test for Kusama People, url: wss://sys.ibp.network/people-kusama]","tests","Tue Apr 01 15:20:37 GMT 2025","passed","Tue Apr 01 15:20:37 GMT 2025","","test_substrate_node_is_synced","",""
"","142","test_rpc_node_is_synced[Test for Creditcoin, url: wss://mainnet3.creditcoin.network]","tests","Tue Apr 01 15:24:52 GMT 2025","passed","Tue Apr 01 15:24:52 GMT 2025","","test_substrate_node_is_synced","",""
"","1","test_chainId[Test for Nodle Parachain]","tests","Tue Apr 01 15:21:28 GMT 2025","passed","Tue Apr 01 15:21:28 GMT 2025","TestChainId","test_network_parameters","",""
"","96","test_rpc_method_is_available[Test for KILT, url: wss://kilt.dotters.network]","tests","Tue Apr 01 15:21:25 GMT 2025","passed","Tue Apr 01 15:21:25 GMT 2025","","test_rpc_methods_availability","",""
"","7","test_has_new_assets[Test for Bajun]","tests","Tue Apr 01 15:20:53 GMT 2025","passed","Tue Apr 01 15:20:53 GMT 2025","TestAssets","test_check_new_assets","",""
"","22","test_rpc_node_is_synced[Test for Westend (TESTNET), url: wss://rpc.ibp.network/westend]","tests","Tue Apr 01 15:21:40 GMT 2025","passed","Tue Apr 01 15:21:40 GMT 2025","","test_substrate_node_is_synced","",""
"","0","test_can_create_connection[Test for Creditcoin, url: wss://mainnet3.creditcoin.network]","tests","Tue Apr 01 15:24:30 GMT 2025","passed","Tue Apr 01 15:24:30 GMT 2025","","test_nodes_availability","",""
"","0","test_can_create_connection[Test for Subsocial, url: wss://para.subsocial.network]","tests","Tue Apr 01 15:21:38 GMT 2025","passed","Tue Apr 01 15:21:38 GMT 2025","","test_nodes_availability","",""
"","74","test_rpc_method_is_available[Test for Tangle, url: wss://rpc.tangle.tools]","tests","Tue Apr 01 15:24:47 GMT 2025","passed","Tue Apr 01 15:24:48 GMT 2025","","test_rpc_methods_availability","",""
"","196","test_rpc_node_is_synced[Test for Phala, url: wss://rpc.helikon.io/phala]","tests","Tue Apr 01 15:22:45 GMT 2025","passed","Tue Apr 01 15:22:45 GMT 2025","","test_substrate_node_is_synced","",""
"","0","test_chainId[Test for Crust Shadow]","tests","Tue Apr 01 15:21:20 GMT 2025","passed","Tue Apr 01 15:21:20 GMT 2025","TestChainId","test_network_parameters","",""
"","0","test_can_create_connection[Test for UNIQUE, url: wss://unique.ibp.network]","tests","Tue Apr 01 15:22:56 GMT 2025","passed","Tue Apr 01 15:22:56 GMT 2025","","test_nodes_availability","",""
"","0","test_chainId[Test for Bittensor]","tests","Tue Apr 01 15:21:39 GMT 2025","passed","Tue Apr 01 15:21:39 GMT 2025","TestChainId","test_network_parameters","",""
"","97","test_rpc_method_is_available[Test for Xode, url: wss://rpcnodea01.xode.net/n7yoxCmcIrCF6VziCcDmYTwL8R03a/rpc]","tests","Tue Apr 01 15:24:39 GMT 2025","passed","Tue Apr 01 15:24:39 GMT 2025","","test_rpc_methods_availability","",""
"","0","test_address_prefix[Test for Centrifuge Parachain]","tests","Tue Apr 01 15:21:14 GMT 2025","passed","Tue Apr 01 15:21:14 GMT 2025","TestNetworkPrefix","test_network_parameters","",""
"","70","test_rpc_node_is_synced[Test for Zeitgeist, url: wss://zeitgeist.api.onfinality.io/public-ws]","tests","Tue Apr 01 15:21:28 GMT 2025","passed","Tue Apr 01 15:21:28 GMT 2025","","test_substrate_node_is_synced","",""
"","0","test_address_prefix[Test for Crust Shadow]","tests","Tue Apr 01 15:21:19 GMT 2025","passed","Tue Apr 01 15:21:19 GMT 2025","TestNetworkPrefix","test_network_parameters","",""
"","1","test_chainId[Test for Hydration]","tests","Tue Apr 01 15:21:19 GMT 2025","passed","Tue Apr 01 15:21:19 GMT 2025","TestChainId","test_network_parameters","",""
"","0","test_address_prefix[Test for Kusama Asset Hub]","tests","Tue Apr 01 15:20:53 GMT 2025","passed","Tue Apr 01 15:20:53 GMT 2025","TestNetworkPrefix","test_network_parameters","",""
"","0","test_chainId[Test for Integritee Parachain]","tests","Tue Apr 01 15:21:02 GMT 2025","passed","Tue Apr 01 15:21:02 GMT 2025","TestChainId","test_network_parameters","",""
"","172","test_rpc_node_is_synced[Test for Acala, url: wss://acala-rpc.dwellir.com]","tests","Tue Apr 01 15:21:11 GMT 2025","passed","Tue Apr 01 15:21:11 GMT 2025","","test_substrate_node_is_synced","",""
"","1","test_can_create_connection[Test for Bifrost Polkadot, url: wss://bifrost-polkadot.ibp.network]","tests","Tue Apr 01 15:23:16 GMT 2025","passed","Tue Apr 01 15:23:16 GMT 2025","","test_nodes_availability","",""
"","0","test_chainId[Test for Kusama Bridge Hub]","tests","Tue Apr 01 15:21:41 GMT 2025","passed","Tue Apr 01 15:21:41 GMT 2025","TestChainId","test_network_parameters","",""
"","8","test_has_new_assets[Test for Kreivo]","tests","Tue Apr 01 15:21:33 GMT 2025","passed","Tue Apr 01 15:21:33 GMT 2025","TestAssets","test_check_new_assets","",""
"","0","test_can_create_connection[Test for Altair, url: wss://altair.api.onfinality.io/public-ws]","tests","Tue Apr 01 15:21:23 GMT 2025","passed","Tue Apr 01 15:21:23 GMT 2025","","test_nodes_availability","",""
"","1","test_address_prefix[Test for Acala]","tests","Tue Apr 01 15:20:43 GMT 2025","passed","Tue Apr 01 15:20:43 GMT 2025","TestNetworkPrefix","test_network_parameters","",""
"","171","test_rpc_node_is_synced[Test for Basilisk, url: wss://basilisk-rpc.dwellir.com]","tests","Tue Apr 01 15:21:14 GMT 2025","passed","Tue Apr 01 15:21:15 GMT 2025","","test_substrate_node_is_synced","",""
"","718","test_rpc_node_is_synced[Test for Kusama, url: wss://1rpc.io/ksm]","tests","Tue Apr 01 15:20:27 GMT 2025","passed","Tue Apr 01 15:20:28 GMT 2025","","test_substrate_node_is_synced","",""
"","1","test_can_create_connection[Test for Polymesh, url: wss://mainnet-rpc.polymesh.network]","tests","Tue Apr 01 15:22:49 GMT 2025","passed","Tue Apr 01 15:22:49 GMT 2025","","test_nodes_availability","",""
"","0","test_can_create_connection[Test for Polkadot, url: wss://rpc.ibp.network/polkadot]","tests","Tue Apr 01 15:20:28 GMT 2025","passed","Tue Apr 01 15:20:28 GMT 2025","","test_nodes_availability","",""
"","238","test_rpc_node_is_synced[Test for Polkadot Bridge Hub, url: wss://dot-rpc.stakeworld.io/bridgehub]","tests","Tue Apr 01 15:23:58 GMT 2025","passed","Tue Apr 01 15:23:59 GMT 2025","","test_substrate_node_is_synced","",""
"","158","test_rpc_node_is_synced[Test for Kusama, url: wss://apps-kusama-rpc.polkadot.io]","tests","Tue Apr 01 15:20:10 GMT 2025","passed","Tue Apr 01 15:20:11 GMT 2025","","test_substrate_node_is_synced","",""
"","0","test_precision[Test for Polkadot]","tests","Tue Apr 01 15:20:15 GMT 2025","passed","Tue Apr 01 15:20:15 GMT 2025","TestPrecision","test_network_parameters","",""
"","6","test_has_new_assets[Test for CC Enterprise]","tests","Tue Apr 01 15:21:39 GMT 2025","passed","Tue Apr 01 15:21:39 GMT 2025","TestAssets","test_check_new_assets","",""
"","73","test_rpc_method_is_available[Test for Encointer, url: wss://api.kusama.encointer.org]","tests","Tue Apr 01 15:21:31 GMT 2025","passed","Tue Apr 01 15:21:31 GMT 2025","","test_rpc_methods_availability","",""
"","119","test_rpc_method_is_available[Test for Hyperbridge Nexus, url: wss://nexus.ibp.network]","tests","Tue Apr 01 15:24:21 GMT 2025","passed","Tue Apr 01 15:24:21 GMT 2025","","test_rpc_methods_availability","",""
"","0","test_precision[Test for Pendulum]","tests","Tue Apr 01 15:21:06 GMT 2025","passed","Tue Apr 01 15:21:06 GMT 2025","TestPrecision","test_network_parameters","",""
"","0","test_can_create_connection[Test for QUARTZ, url: wss://eu-ws-quartz.unique.network]","tests","Tue Apr 01 15:21:45 GMT 2025","passed","Tue Apr 01 15:21:45 GMT 2025","","test_nodes_availability","",""
"","76","test_rpc_node_is_synced[Test for Centrifuge Parachain, url: wss://centrifuge-parachain.api.onfinality.io/public-ws]","tests","Tue Apr 01 15:22:23 GMT 2025","passed","Tue Apr 01 15:22:23 GMT 2025","","test_substrate_node_is_synced","",""
"","199","test_rpc_node_is_synced[Test for Acala, url: wss://acala-rpc-3.aca-api.network/ws]","tests","Tue Apr 01 15:20:59 GMT 2025","passed","Tue Apr 01 15:20:59 GMT 2025","","test_substrate_node_is_synced","",""
"","228","test_rpc_node_is_synced[Test for Polkadot Asset Hub, url: wss://rpc-assethub.novasama-tech.org]","tests","Tue Apr 01 15:22:01 GMT 2025","passed","Tue Apr 01 15:22:02 GMT 2025","","test_substrate_node_is_synced","",""
"","18","test_has_new_assets[Test for Acala]","tests","Tue Apr 01 15:20:14 GMT 2025","passed","Tue Apr 01 15:20:14 GMT 2025","TestAssets","test_check_new_assets","",""
"","0","test_precision[Test for CLV Parachain]","tests","Tue Apr 01 15:20:37 GMT 2025","passed","Tue Apr 01 15:20:37 GMT 2025","TestPrecision","test_network_parameters","",""
"","8","test_has_new_assets[Test for Nodle Parachain]","tests","Tue Apr 01 15:20:46 GMT 2025","passed","Tue Apr 01 15:20:46 GMT 2025","TestAssets","test_check_new_assets","",""
"","0","test_address_prefix[Test for Vara]","tests","Tue Apr 01 15:21:46 GMT 2025","passed","Tue Apr 01 15:21:46 GMT 2025","TestNetworkPrefix","test_network_parameters","",""
"","80","test_rpc_method_is_available[Test for Polkadot Collectives, url: wss://collectives.api.onfinality.io/public-ws]","tests","Tue Apr 01 15:23:51 GMT 2025","passed","Tue Apr 01 15:23:51 GMT 2025","","test_rpc_methods_availability","",""
"","5","test_has_new_assets[Test for Pendulum]","tests","Tue Apr 01 15:20:55 GMT 2025","passed","Tue Apr 01 15:20:55 GMT 2025","TestAssets","test_check_new_assets","",""
"","0","test_can_create_connection[Test for Vara, url: wss://rpc.vara-network.io]","tests","Tue Apr 01 15:23:58 GMT 2025","passed","Tue Apr 01 15:23:58 GMT 2025","","test_nodes_availability","",""
"","43","test_has_new_assets[Test for Karura]","tests","Tue Apr 01 15:20:11 GMT 2025","passed","Tue Apr 01 15:20:11 GMT 2025","TestAssets","test_check_new_assets","",""
"","78","test_rpc_method_is_available[Test for Ajuna, url: wss://ajuna.ibp.network]","tests","Tue Apr 01 15:23:09 GMT 2025","passed","Tue Apr 01 15:23:09 GMT 2025","","test_rpc_methods_availability","",""
"","99","test_rpc_method_is_available[Test for Phala, url: wss://phala.api.onfinality.io/public-ws]","tests","Tue Apr 01 15:22:28 GMT 2025","passed","Tue Apr 01 15:22:28 GMT 2025","","test_rpc_methods_availability","",""
"","156","test_rpc_node_is_synced[Test for Bifrost Kusama, url: wss://bifrost-rpc.liebi.com/ws]","tests","Tue Apr 01 15:21:10 GMT 2025","passed","Tue Apr 01 15:21:10 GMT 2025","","test_substrate_node_is_synced","",""
"","32","test_has_new_assets[Test for Interlay]","tests","Tue Apr 01 15:20:43 GMT 2025","passed","Tue Apr 01 15:20:43 GMT 2025","TestAssets","test_check_new_assets","",""
"","0","test_chainId[Test for Mangata X]","tests","Tue Apr 01 15:21:10 GMT 2025","passed","Tue Apr 01 15:21:10 GMT 2025","TestChainId","test_network_parameters","",""
"","100","test_rpc_method_is_available[Test for Polimec, url: wss://rpc.polimec.org]","tests","Tue Apr 01 15:24:03 GMT 2025","passed","Tue Apr 01 15:24:03 GMT 2025","","test_rpc_methods_availability","",""
"","0","test_can_create_connection[Test for XX network, url: wss://rpc-hetzner.xx.network]","tests","Tue Apr 01 15:23:10 GMT 2025","passed","Tue Apr 01 15:23:10 GMT 2025","","test_nodes_availability","",""
"","0","test_precision[Test for Aleph Zero]","tests","Tue Apr 01 15:20:45 GMT 2025","passed","Tue Apr 01 15:20:45 GMT 2025","TestPrecision","test_network_parameters","",""
"","270","test_rpc_node_is_synced[Test for UNIQUE, url: wss://asia-ws.unique.network/]","tests","Tue Apr 01 15:22:52 GMT 2025","passed","Tue Apr 01 15:22:53 GMT 2025","","test_substrate_node_is_synced","",""
"","166","test_rpc_node_is_synced[Test for Tangle, url: wss://rpc.tangle.tools]","tests","Tue Apr 01 15:25:05 GMT 2025","passed","Tue Apr 01 15:25:06 GMT 2025","","test_substrate_node_is_synced","",""
"","176","test_rpc_node_is_synced[Test for Kintsugi, url: wss://api-kusama.interlay.io/parachain]","tests","Tue Apr 01 15:21:19 GMT 2025","passed","Tue Apr 01 15:21:19 GMT 2025","","test_substrate_node_is_synced","",""
"","172","test_rpc_node_is_synced[Test for Bit.Country Pioneer, url: wss://pioneer-rpc-2.bit.country/wss]","tests","Tue Apr 01 15:22:12 GMT 2025","passed","Tue Apr 01 15:22:12 GMT 2025","","test_substrate_node_is_synced","",""
"","0","test_chainId[Test for Encointer]","tests","Tue Apr 01 15:21:03 GMT 2025","passed","Tue Apr 01 15:21:03 GMT 2025","TestChainId","test_network_parameters","",""
"","0","test_chainId[Test for DAO IPCI]","tests","Tue Apr 01 15:21:33 GMT 2025","passed","Tue Apr 01 15:21:33 GMT 2025","TestChainId","test_network_parameters","",""
"","0","test_chainId[Test for Basilisk]","tests","Tue Apr 01 15:20:51 GMT 2025","passed","Tue Apr 01 15:20:51 GMT 2025","TestChainId","test_network_parameters","",""
"","0","test_can_create_connection[Test for krest, url: wss://krest.api.onfinality.io/public-ws]","tests","Tue Apr 01 15:23:56 GMT 2025","passed","Tue Apr 01 15:23:56 GMT 2025","","test_nodes_availability","",""
"","1","test_chainId[Test for NeuroWeb]","tests","Tue Apr 01 15:21:24 GMT 2025","passed","Tue Apr 01 15:21:24 GMT 2025","TestChainId","test_network_parameters","",""
"","0","test_can_create_connection[Test for KILT, url: wss://kilt-rpc.dwellir.com]","tests","Tue Apr 01 15:21:33 GMT 2025","passed","Tue Apr 01 15:21:33 GMT 2025","","test_nodes_availability","",""
"","0","test_can_create_connection[Test for Hydration, url: wss://hydradx-rpc.dwellir.com]","tests","Tue Apr 01 15:21:49 GMT 2025","passed","Tue Apr 01 15:21:49 GMT 2025","","test_nodes_availability","",""
"","0","test_address_prefix[Test for Dock]","tests","Tue Apr 01 15:21:56 GMT 2025","broken","Tue Apr 01 15:21:56 GMT 2025","TestNetworkPrefix","test_network_parameters","",""
"","67","test_rpc_node_is_synced[Test for KILT, url: wss://kilt.dotters.network]","tests","Tue Apr 01 15:21:36 GMT 2025","passed","Tue Apr 01 15:21:36 GMT 2025","","test_substrate_node_is_synced","",""
"","73","test_rpc_method_is_available[Test for Kusama People, url: wss://people-kusama.dotters.network]","tests","Tue Apr 01 15:20:47 GMT 2025","passed","Tue Apr 01 15:20:47 GMT 2025","","test_rpc_methods_availability","",""
"","0","test_precision[Test for Astar]","tests","Tue Apr 01 15:20:28 GMT 2025","passed","Tue Apr 01 15:20:28 GMT 2025","TestPrecision","test_network_parameters","",""
"","105","test_rpc_method_is_available[Test for Manta Atlantic, url: wss://ws.manta.systems]","tests","Tue Apr 01 15:24:06 GMT 2025","passed","Tue Apr 01 15:24:06 GMT 2025","","test_rpc_methods_availability","",""
"","72","test_rpc_method_is_available[Test for Moonriver, url: wss://wss.api.moonriver.moonbeam.network]","tests","Tue Apr 01 15:20:39 GMT 2025","passed","Tue Apr 01 15:20:39 GMT 2025","","test_rpc_methods_availability","",""
"","0","test_precision[Test for Amplitude]","tests","Tue Apr 01 15:21:03 GMT 2025","passed","Tue Apr 01 15:21:03 GMT 2025","TestPrecision","test_network_parameters","",""
"","1","test_can_create_connection[Test for Acala, url: wss://acala-rpc.dwellir.com]","tests","Tue Apr 01 15:21:29 GMT 2025","passed","Tue Apr 01 15:21:29 GMT 2025","","test_nodes_availability","",""
"","81","test_rpc_method_is_available[Test for Polkadot Bridge Hub, url: wss://dot-rpc.stakeworld.io/bridgehub]","tests","Tue Apr 01 15:23:51 GMT 2025","passed","Tue Apr 01 15:23:52 GMT 2025","","test_rpc_methods_availability","",""
"","1","test_precision[Test for Mythos]","tests","Tue Apr 01 15:21:55 GMT 2025","passed","Tue Apr 01 15:21:55 GMT 2025","TestPrecision","test_network_parameters","",""
"","213","test_rpc_method_is_available[Test for Kusama Asset Hub, url: wss://asset-hub-kusama.dotters.network]","tests","Tue Apr 01 15:20:25 GMT 2025","passed","Tue Apr 01 15:20:26 GMT 2025","","test_rpc_methods_availability","",""
"","22","test_rpc_node_is_synced[Test for Polkadot Bridge Hub, url: wss://sys.ibp.network/bridgehub-polkadot]","tests","Tue Apr 01 15:23:51 GMT 2025","passed","Tue Apr 01 15:23:51 GMT 2025","","test_substrate_node_is_synced","",""
"","5","test_has_new_assets[Test for Crab]","tests","Tue Apr 01 15:21:04 GMT 2025","passed","Tue Apr 01 15:21:04 GMT 2025","TestAssets","test_check_new_assets","",""
"","0","test_chainId[Test for Robonomics]","tests","Tue Apr 01 15:21:02 GMT 2025","passed","Tue Apr 01 15:21:02 GMT 2025","TestChainId","test_network_parameters","",""
"","0","test_can_create_connection[Test for Centrifuge Parachain, url: wss://centrifuge-parachain.api.onfinality.io/public-ws]","tests","Tue Apr 01 15:22:21 GMT 2025","passed","Tue Apr 01 15:22:21 GMT 2025","","test_nodes_availability","",""
"","5","test_has_new_assets[Test for Moonriver]","tests","Tue Apr 01 15:20:17 GMT 2025","passed","Tue Apr 01 15:20:17 GMT 2025","TestAssets","test_check_new_assets","",""
"","74","test_rpc_node_is_synced[Test for Integritee Parachain, url: wss://integritee-kusama.api.onfinality.io/public-ws]","tests","Tue Apr 01 15:22:08 GMT 2025","passed","Tue Apr 01 15:22:08 GMT 2025","","test_substrate_node_is_synced","",""
"","7","test_has_new_assets[Test for InvArch]","tests","Tue Apr 01 15:21:25 GMT 2025","passed","Tue Apr 01 15:21:25 GMT 2025","TestAssets","test_check_new_assets","",""
"","0","test_can_create_connection[Test for Shiden, url: wss://shiden.api.onfinality.io/public-ws]","tests","Tue Apr 01 15:21:06 GMT 2025","passed","Tue Apr 01 15:21:06 GMT 2025","","test_nodes_availability","",""
"","22","test_rpc_node_is_synced[Test for Westend (TESTNET), url: wss://westend.dotters.network]","tests","Tue Apr 01 15:21:43 GMT 2025","passed","Tue Apr 01 15:21:43 GMT 2025","","test_substrate_node_is_synced","",""
"","8","test_has_new_assets[Test for peaq]","tests","Tue Apr 01 15:21:44 GMT 2025","passed","Tue Apr 01 15:21:44 GMT 2025","TestAssets","test_check_new_assets","",""
"","0","test_can_create_connection[Test for Subsocial, url: wss://subsocial-rpc.dwellir.com]","tests","Tue Apr 01 15:21:29 GMT 2025","passed","Tue Apr 01 15:21:29 GMT 2025","","test_nodes_availability","",""
"","0","test_rpc_method_is_available[Test for Phala, url: wss://phala.public.curie.radiumblock.co/ws]","tests","Tue Apr 01 15:22:49 GMT 2025","broken","Tue Apr 01 15:22:49 GMT 2025","","test_rpc_methods_availability","",""
"","1","test_address_prefix[Test for Moonbeam]","tests","Tue Apr 01 15:20:42 GMT 2025","passed","Tue Apr 01 15:20:42 GMT 2025","TestNetworkPrefix","test_network_parameters","",""
"","114","test_rpc_method_is_available[Test for Polkadot Collectives, url: wss://dot-rpc.stakeworld.io/collectives]","tests","Tue Apr 01 15:23:43 GMT 2025","passed","Tue Apr 01 15:23:43 GMT 2025","","test_rpc_methods_availability","",""
"","0","test_can_create_connection[Test for XX network, url: wss://xxnetwork-rpc.dwellir.com]","tests","Tue Apr 01 15:23:01 GMT 2025","passed","Tue Apr 01 15:23:01 GMT 2025","","test_nodes_availability","",""
"","0","test_can_create_connection[Test for Crab, url: wss://crab-rpc.darwinia.network/]","tests","Tue Apr 01 15:23:40 GMT 2025","passed","Tue Apr 01 15:23:40 GMT 2025","","test_nodes_availability","",""
"","72","test_rpc_method_is_available[Test for Polkadot, url: wss://1rpc.io/dot]","tests","Tue Apr 01 15:20:57 GMT 2025","passed","Tue Apr 01 15:20:57 GMT 2025","","test_rpc_methods_availability","",""
"","70","test_rpc_method_is_available[Test for Mythos, url: wss://mythos.dotters.network]","tests","Tue Apr 01 15:24:19 GMT 2025","passed","Tue Apr 01 15:24:19 GMT 2025","","test_rpc_methods_availability","",""
"","6","test_has_new_assets[Test for Frequency]","tests","Tue Apr 01 15:21:06 GMT 2025","passed","Tue Apr 01 15:21:06 GMT 2025","TestAssets","test_check_new_assets","",""
"","170","test_rpc_node_is_synced[Test for Centrifuge Parachain, url: wss://centrifuge-rpc.dwellir.com]","tests","Tue Apr 01 15:22:14 GMT 2025","passed","Tue Apr 01 15:22:14 GMT 2025","","test_substrate_node_is_synced","",""
"","0","test_chainId[Test for Polkadot Collectives]","tests","Tue Apr 01 15:21:45 GMT 2025","passed","Tue Apr 01 15:21:45 GMT 2025","TestChainId","test_network_parameters","",""
"","68","test_rpc_method_is_available[Test for Vara, url: wss://rpc.vara-network.io]","tests","Tue Apr 01 15:23:58 GMT 2025","passed","Tue Apr 01 15:23:58 GMT 2025","","test_rpc_methods_availability","",""
"","109","test_rpc_method_is_available[Test for Kusama, url: wss://apps-kusama-rpc.polkadot.io]","tests","Tue Apr 01 15:20:31 GMT 2025","passed","Tue Apr 01 15:20:31 GMT 2025","","test_rpc_methods_availability","",""
"","184","test_rpc_node_is_synced[Test for Moonbeam, url: wss://moonbeam.public.curie.radiumblock.co/ws]","tests","Tue Apr 01 15:20:14 GMT 2025","passed","Tue Apr 01 15:20:15 GMT 2025","","test_substrate_node_is_synced","",""
"","5","test_has_new_assets[Test for Darwinia]","tests","Tue Apr 01 15:21:22 GMT 2025","passed","Tue Apr 01 15:21:22 GMT 2025","TestAssets","test_check_new_assets","",""
"","0","test_address_prefix[Test for Humanode]","tests","Tue Apr 01 15:22:09 GMT 2025","passed","Tue Apr 01 15:22:09 GMT 2025","TestNetworkPrefix","test_network_parameters","",""
"","0","test_can_create_connection[Test for Hydration, url: wss://rpc-hydra.novasama-tech.org]","tests","Tue Apr 01 15:22:26 GMT 2025","passed","Tue Apr 01 15:22:26 GMT 2025","","test_nodes_availability","",""
"","8","test_has_new_assets[Test for Basilisk]","tests","Tue Apr 01 15:20:16 GMT 2025","passed","Tue Apr 01 15:20:16 GMT 2025","TestAssets","test_check_new_assets","",""
"","161","test_rpc_node_is_synced[Test for Mythos, url: wss://polkadot-mythos-rpc.polkadot.io]","tests","Tue Apr 01 15:24:39 GMT 2025","passed","Tue Apr 01 15:24:39 GMT 2025","","test_substrate_node_is_synced","",""
"","0","test_can_create_connection[Test for Polkadot, url: wss://rpc-polkadot.luckyfriday.io]","tests","Tue Apr 01 15:20:56 GMT 2025","passed","Tue Apr 01 15:20:56 GMT 2025","","test_nodes_availability","",""
"","102","test_rpc_method_is_available[Test for Pendulum, url: wss://rpc-pendulum.prd.pendulumchain.tech]","tests","Tue Apr 01 15:23:14 GMT 2025","passed","Tue Apr 01 15:23:14 GMT 2025","","test_rpc_methods_availability","",""
"","80","test_rpc_method_is_available[Test for Kusama People, url: wss://kusama-people-rpc.polkadot.io]","tests","Tue Apr 01 15:20:43 GMT 2025","passed","Tue Apr 01 15:20:43 GMT 2025","","test_rpc_methods_availability","",""
"","9","test_has_new_assets[Test for DAO IPCI]","tests","Tue Apr 01 15:21:02 GMT 2025","passed","Tue Apr 01 15:21:02 GMT 2025","TestAssets","test_check_new_assets","",""
"","44","test_has_new_assets[Test for Kintsugi]","tests","Tue Apr 01 15:20:36 GMT 2025","passed","Tue Apr 01 15:20:36 GMT 2025","TestAssets","test_check_new_assets","",""
"","0","test_address_prefix[Test for Westend (TESTNET)]","tests","Tue Apr 01 15:20:51 GMT 2025","passed","Tue Apr 01 15:20:51 GMT 2025","TestNetworkPrefix","test_network_parameters","",""
"","70","test_rpc_method_is_available[Test for Hydration, url: wss://rpc-hydra.novasama-tech.org]","tests","Tue Apr 01 15:22:31 GMT 2025","passed","Tue Apr 01 15:22:31 GMT 2025","","test_rpc_methods_availability","",""
"","0","test_chainId[Test for Frequency]","tests","Tue Apr 01 15:21:45 GMT 2025","passed","Tue Apr 01 15:21:45 GMT 2025","TestChainId","test_network_parameters","",""
"","102","test_rpc_method_is_available[Test for Westend (TESTNET), url: wss://westend.api.onfinality.io/public-ws]","tests","Tue Apr 01 15:21:36 GMT 2025","passed","Tue Apr 01 15:21:36 GMT 2025","","test_rpc_methods_availability","",""
"","0","test_chainId[Test for Polkadex]","tests","Tue Apr 01 15:21:20 GMT 2025","passed","Tue Apr 01 15:21:20 GMT 2025","TestChainId","test_network_parameters","",""
"","105","test_has_new_assets[Test for Kusama People]","tests","Tue Apr 01 15:20:08 GMT 2025","passed","Tue Apr 01 15:20:08 GMT 2025","TestAssets","test_check_new_assets","",""
"","0","test_chainId[Test for Bifrost Polkadot]","tests","Tue Apr 01 15:21:28 GMT 2025","passed","Tue Apr 01 15:21:28 GMT 2025","TestChainId","test_network_parameters","",""
"","0","test_address_prefix[Test for Energy Web X]","tests","Tue Apr 01 15:21:50 GMT 2025","passed","Tue Apr 01 15:21:50 GMT 2025","TestNetworkPrefix","test_network_parameters","",""
"","94","test_rpc_method_is_available[Test for Enjin Matrix, url: wss://enjin-matrix-rpc-1.dwellir.com]","tests","Tue Apr 01 15:23:58 GMT 2025","passed","Tue Apr 01 15:23:58 GMT 2025","","test_rpc_methods_availability","",""
"","0","test_address_prefix[Test for Creditcoin]","tests","Tue Apr 01 15:22:07 GMT 2025","passed","Tue Apr 01 15:22:07 GMT 2025","TestNetworkPrefix","test_network_parameters","",""
"","0","test_chainId[Test for Kusama]","tests","Tue Apr 01 15:20:48 GMT 2025","passed","Tue Apr 01 15:20:48 GMT 2025","TestChainId","test_network_parameters","",""
"","104","test_rpc_method_is_available[Test for Kreivo, url: wss://kreivo.kippu.rocks/]","tests","Tue Apr 01 15:24:18 GMT 2025","passed","Tue Apr 01 15:24:19 GMT 2025","","test_rpc_methods_availability","",""
"","0","test_chainId[Test for krest]","tests","Tue Apr 01 15:21:44 GMT 2025","passed","Tue Apr 01 15:21:44 GMT 2025","TestChainId","test_network_parameters","",""
"","0","test_can_create_connection[Test for Kusama, url: wss://rpc-kusama-1.novasama-tech.org]","tests","Tue Apr 01 15:21:03 GMT 2025","passed","Tue Apr 01 15:21:03 GMT 2025","","test_nodes_availability","",""
"","119","test_rpc_method_is_available[Test for Phala, url: wss://api.phala.network/ws]","tests","Tue Apr 01 15:22:38 GMT 2025","passed","Tue Apr 01 15:22:38 GMT 2025","","test_rpc_methods_availability","",""
"","111","test_rpc_method_is_available[Test for Polkadot, url: wss://rpc-polkadot.luckyfriday.io]","tests","Tue Apr 01 15:21:00 GMT 2025","passed","Tue Apr 01 15:21:01 GMT 2025","","test_rpc_methods_availability","",""
"","1","test_can_create_connection[Test for Hyperbridge Nexus, url: wss://nexus.dotters.network]","tests","Tue Apr 01 15:24:18 GMT 2025","passed","Tue Apr 01 15:24:18 GMT 2025","","test_nodes_availability","",""
"","99","test_rpc_method_is_available[Test for Moonbeam, url: wss://wss.api.moonbeam.network]","tests","Tue Apr 01 15:20:56 GMT 2025","passed","Tue Apr 01 15:20:56 GMT 2025","","test_rpc_methods_availability","",""
"","82","test_rpc_method_is_available[Test for Polkadot, url: wss://dot-rpc.stakeworld.io]","tests","Tue Apr 01 15:20:49 GMT 2025","passed","Tue Apr 01 15:20:49 GMT 2025","","test_rpc_methods_availability","",""
"","0","test_address_prefix[Test for UNIQUE]","tests","Tue Apr 01 15:20:59 GMT 2025","passed","Tue Apr 01 15:20:59 GMT 2025","TestNetworkPrefix","test_network_parameters","",""
"","172","test_rpc_node_is_synced[Test for XX network, url: wss://xxnetwork-rpc.dwellir.com]","tests","Tue Apr 01 15:22:58 GMT 2025","passed","Tue Apr 01 15:22:58 GMT 2025","","test_substrate_node_is_synced","",""
"","0","test_can_create_connection[Test for Avail, url: wss://zeref-api.slowops.xyz/ws]","tests","Tue Apr 01 15:24:26 GMT 2025","passed","Tue Apr 01 15:24:26 GMT 2025","","test_nodes_availability","",""
"","0","test_chainId[Test for Altair]","tests","Tue Apr 01 15:20:54 GMT 2025","passed","Tue Apr 01 15:20:54 GMT 2025","TestChainId","test_network_parameters","",""
"","1","test_precision[Test for Kusama Bridge Hub]","tests","Tue Apr 01 15:21:25 GMT 2025","passed","Tue Apr 01 15:21:25 GMT 2025","TestPrecision","test_network_parameters","",""
"","73","test_rpc_method_is_available[Test for Heima, url: wss://rpc.litentry-parachain.litentry.io]","tests","Tue Apr 01 15:23:39 GMT 2025","passed","Tue Apr 01 15:23:39 GMT 2025","","test_rpc_methods_availability","",""
"","0","test_can_create_connection[Test for Polkadot People, url: wss://people-polkadot.public.curie.radiumblock.co/ws]","tests","Tue Apr 01 15:20:33 GMT 2025","passed","Tue Apr 01 15:20:33 GMT 2025","","test_nodes_availability","",""
"","87","test_rpc_method_is_available[Test for Interlay, url: wss://api.interlay.io/parachain]","tests","Tue Apr 01 15:21:57 GMT 2025","passed","Tue Apr 01 15:21:57 GMT 2025","","test_rpc_methods_availability","",""
"","0","test_chainId[Test for Energy Web X]","tests","Tue Apr 01 15:21:53 GMT 2025","passed","Tue Apr 01 15:21:53 GMT 2025","TestChainId","test_network_parameters","",""
"","77","test_rpc_node_is_synced[Test for Astar, url: wss://astar.api.onfinality.io/public-ws]","tests","Tue Apr 01 15:21:48 GMT 2025","passed","Tue Apr 01 15:21:48 GMT 2025","","test_substrate_node_is_synced","",""
"","164","test_rpc_node_is_synced[Test for Energy Web X, url: wss://public-rpc.mainnet.energywebx.com/]","tests","Tue Apr 01 15:24:28 GMT 2025","passed","Tue Apr 01 15:24:28 GMT 2025","","test_substrate_node_is_synced","",""
"","74","test_rpc_node_is_synced[Test for Mythos, url: wss://mythos.dotters.network]","tests","Tue Apr 01 15:24:38 GMT 2025","passed","Tue Apr 01 15:24:38 GMT 2025","","test_substrate_node_is_synced","",""
"","92","test_rpc_method_is_available[Test for Altair, url: wss://altair.api.onfinality.io/public-ws]","tests","Tue Apr 01 15:21:20 GMT 2025","passed","Tue Apr 01 15:21:20 GMT 2025","","test_rpc_methods_availability","",""
"","0","test_can_create_connection[Test for Cere, url: wss://rpc.mainnet.cere.network/ws]","tests","Tue Apr 01 15:24:22 GMT 2025","passed","Tue Apr 01 15:24:22 GMT 2025","","test_nodes_availability","",""
"","73","test_rpc_method_is_available[Test for QUARTZ, url: wss://eu-ws-quartz.unique.network]","tests","Tue Apr 01 15:21:43 GMT 2025","passed","Tue Apr 01 15:21:43 GMT 2025","","test_rpc_methods_availability","",""
"","0","test_can_create_connection[Test for Polkadot, url: wss://1rpc.io/dot]","tests","Tue Apr 01 15:20:53 GMT 2025","passed","Tue Apr 01 15:20:53 GMT 2025","","test_nodes_availability","",""
"","69","test_rpc_node_is_synced[Test for Polkadot, url: wss://rpc-polkadot.luckyfriday.io]","tests","Tue Apr 01 15:20:43 GMT 2025","passed","Tue Apr 01 15:20:43 GMT 2025","","test_substrate_node_is_synced","",""
"","0","test_chainId[Test for 3DPass]","tests","Tue Apr 01 15:21:51 GMT 2025","broken","Tue Apr 01 15:21:51 GMT 2025","TestChainId","test_network_parameters","",""
"","0","test_precision[Test for Bajun]","tests","Tue Apr 01 15:20:59 GMT 2025","passed","Tue Apr 01 15:20:59 GMT 2025","TestPrecision","test_network_parameters","",""
"","70","test_rpc_method_is_available[Test for Bifrost Polkadot, url: wss://eu.bifrost-polkadot-rpc.liebi.com/ws]","tests","Tue Apr 01 15:23:33 GMT 2025","passed","Tue Apr 01 15:23:33 GMT 2025","","test_rpc_methods_availability","",""
"","9","test_has_new_assets[Test for Curio]","tests","Tue Apr 01 15:21:28 GMT 2025","passed","Tue Apr 01 15:21:28 GMT 2025","TestAssets","test_check_new_assets","",""
"","0","test_precision[Test for Encointer]","tests","Tue Apr 01 15:20:39 GMT 2025","passed","Tue Apr 01 15:20:39 GMT 2025","TestPrecision","test_network_parameters","",""
"","70","test_rpc_method_is_available[Test for Turing, url: wss://turing-rpc.dwellir.com]","tests","Tue Apr 01 15:22:52 GMT 2025","passed","Tue Apr 01 15:22:52 GMT 2025","","test_rpc_methods_availability","",""
"","8","test_has_new_assets[Test for Kusama Asset Hub]","tests","Tue Apr 01 15:20:19 GMT 2025","passed","Tue Apr 01 15:20:19 GMT 2025","TestAssets","test_check_new_assets","",""
"","5","test_has_new_assets[Test for Manta Atlantic]","tests","Tue Apr 01 15:21:21 GMT 2025","passed","Tue Apr 01 15:21:21 GMT 2025","TestAssets","test_check_new_assets","",""
"","187","test_rpc_method_is_available[Test for Kusama, url: wss://kusama.dotters.network]","tests","Tue Apr 01 15:20:26 GMT 2025","passed","Tue Apr 01 15:20:26 GMT 2025","","test_rpc_methods_availability","",""
"","0","test_rpc_node_is_synced[Test for Polkadex, url: wss://polkadex-mainnet-rpc.dwellir.com]","tests","Tue Apr 01 15:22:54 GMT 2025","broken","Tue Apr 01 15:22:54 GMT 2025","","test_substrate_node_is_synced","",""
"","0","test_can_create_connection[Test for Polimec, url: wss://rpc.polimec.org]","tests","Tue Apr 01 15:23:57 GMT 2025","passed","Tue Apr 01 15:23:57 GMT 2025","","test_nodes_availability","",""
"","98","test_rpc_method_is_available[Test for Polkadot, url: wss://rpc-polkadot-2.novasama-tech.org]","tests","Tue Apr 01 15:20:31 GMT 2025","passed","Tue Apr 01 15:20:32 GMT 2025","","test_rpc_methods_availability","",""
"","1","test_can_create_connection[Test for Kusama People, url: wss://ksm-rpc.stakeworld.io/people]","tests","Tue Apr 01 15:20:44 GMT 2025","passed","Tue Apr 01 15:20:44 GMT 2025","","test_nodes_availability","",""
"","0","test_can_create_connection[Test for Ajuna, url: wss://ajuna.public.curie.radiumblock.co/ws]","tests","Tue Apr 01 15:24:01 GMT 2025","broken","Tue Apr 01 15:24:01 GMT 2025","","test_nodes_availability","",""
"","0","test_address_prefix[Test for peaq]","tests","Tue Apr 01 15:22:12 GMT 2025","passed","Tue Apr 01 15:22:12 GMT 2025","TestNetworkPrefix","test_network_parameters","",""
"","0","test_can_create_connection[Test for Phala, url: wss://phala-rpc.dwellir.com]","tests","Tue Apr 01 15:22:19 GMT 2025","passed","Tue Apr 01 15:22:19 GMT 2025","","test_nodes_availability","",""
"","119","test_rpc_method_is_available[Test for Shiden, url: wss://shiden.public.curie.radiumblock.co/ws]","tests","Tue Apr 01 15:21:16 GMT 2025","passed","Tue Apr 01 15:21:16 GMT 2025","","test_rpc_methods_availability","",""
"","1","test_can_create_connection[Test for Polkadex, url: wss://polkadex.api.onfinality.io/public-ws]","tests","Tue Apr 01 15:23:03 GMT 2025","passed","Tue Apr 01 15:23:03 GMT 2025","","test_nodes_availability","",""
"","7","test_has_new_assets[Test for Integritee Parachain]","tests","Tue Apr 01 15:20:28 GMT 2025","passed","Tue Apr 01 15:20:28 GMT 2025","TestAssets","test_check_new_assets","",""
"","7","test_has_new_assets[Test for Encointer]","tests","Tue Apr 01 15:20:31 GMT 2025","passed","Tue Apr 01 15:20:31 GMT 2025","TestAssets","test_check_new_assets","",""
"","70","test_rpc_method_is_available[Test for Tangle, url: wss://tangle-mainnet-rpc.dwellir.com]","tests","Tue Apr 01 15:24:48 GMT 2025","passed","Tue Apr 01 15:24:48 GMT 2025","","test_rpc_methods_availability","",""
"","1","test_address_prefix[Test for Hydration]","tests","Tue Apr 01 15:21:19 GMT 2025","passed","Tue Apr 01 15:21:19 GMT 2025","TestNetworkPrefix","test_network_parameters","",""
"","101","test_rpc_method_is_available[Test for Polkadot Bridge Hub, url: wss://bridge-hub-polkadot.dotters.network]","tests","Tue Apr 01 15:23:48 GMT 2025","passed","Tue Apr 01 15:23:48 GMT 2025","","test_rpc_methods_availability","",""
"","69","test_rpc_method_is_available[Test for Curio, url: wss://parachain.curioinvest.com/]","tests","Tue Apr 01 15:24:11 GMT 2025","passed","Tue Apr 01 15:24:11 GMT 2025","","test_rpc_methods_availability","",""
"","0","test_precision[Test for Kusama]","tests","Tue Apr 01 15:20:20 GMT 2025","passed","Tue Apr 01 15:20:20 GMT 2025","TestPrecision","test_network_parameters","",""
"","8","test_has_new_assets[Test for Mangata X]","tests","Tue Apr 01 15:20:33 GMT 2025","passed","Tue Apr 01 15:20:33 GMT 2025","TestAssets","test_check_new_assets","",""
"","0","test_precision[Test for DeepBrain]","tests","Tue Apr 01 15:22:06 GMT 2025","passed","Tue Apr 01 15:22:06 GMT 2025","TestPrecision","test_network_parameters","",""
"","1","test_can_create_connection[Test for Kusama, url: wss://rpc-kusama.luckyfriday.io]","tests","Tue Apr 01 15:20:37 GMT 2025","passed","Tue Apr 01 15:20:37 GMT 2025","","test_nodes_availability","",""
"","0","test_chainId[Test for Aventus]","tests","Tue Apr 01 15:21:37 GMT 2025","passed","Tue Apr 01 15:21:37 GMT 2025","TestChainId","test_network_parameters","",""
"","0","test_chainId[Test for Curio]","tests","Tue Apr 01 15:22:02 GMT 2025","passed","Tue Apr 01 15:22:02 GMT 2025","TestChainId","test_network_parameters","",""
"","0","test_can_create_connection[Test for Subsocial, url: wss://para.f3joule.space]","tests","Tue Apr 01 15:21:33 GMT 2025","passed","Tue Apr 01 15:21:33 GMT 2025","","test_nodes_availability","",""
"","153","test_rpc_node_is_synced[Test for DENTNet, url: wss://rpc.dentnet.io/ws]","tests","Tue Apr 01 15:24:53 GMT 2025","passed","Tue Apr 01 15:24:53 GMT 2025","","test_substrate_node_is_synced","",""
"","0","test_chainId[Test for Humanode]","tests","Tue Apr 01 15:22:16 GMT 2025","passed","Tue Apr 01 15:22:16 GMT 2025","TestChainId","test_network_parameters","",""
"","0","test_address_prefix[Test for Zeitgeist]","tests","Tue Apr 01 15:21:04 GMT 2025","passed","Tue Apr 01 15:21:04 GMT 2025","TestNetworkPrefix","test_network_parameters","",""
"","9","test_has_new_assets[Test for Moonbeam]","tests","Tue Apr 01 15:20:14 GMT 2025","passed","Tue Apr 01 15:20:14 GMT 2025","TestAssets","test_check_new_assets","",""
"","0","test_precision[Test for Moonbeam]","tests","Tue Apr 01 15:20:20 GMT 2025","passed","Tue Apr 01 15:20:20 GMT 2025","TestPrecision","test_network_parameters","",""
"","112","test_rpc_method_is_available[Test for Enjin Relay, url: wss://enjin-relay-rpc.dwellir.com]","tests","Tue Apr 01 15:24:09 GMT 2025","passed","Tue Apr 01 15:24:09 GMT 2025","","test_rpc_methods_availability","",""
"","1","test_address_prefix[Test for Moonriver]","tests","Tue Apr 01 15:20:45 GMT 2025","passed","Tue Apr 01 15:20:45 GMT 2025","TestNetworkPrefix","test_network_parameters","",""
"","108","test_rpc_method_is_available[Test for Polkadot Collectives, url: wss://collectives.public.curie.radiumblock.co/ws]","tests","Tue Apr 01 15:23:43 GMT 2025","passed","Tue Apr 01 15:23:43 GMT 2025","","test_rpc_methods_availability","",""
"","0","test_address_prefix[Test for Subsocial]","tests","Tue Apr 01 15:21:13 GMT 2025","passed","Tue Apr 01 15:21:13 GMT 2025","TestNetworkPrefix","test_network_parameters","",""
"","171","test_rpc_node_is_synced[Test for Nodle Parachain, url: wss://nodle-rpc.dwellir.com]","tests","Tue Apr 01 15:22:33 GMT 2025","passed","Tue Apr 01 15:22:34 GMT 2025","","test_substrate_node_is_synced","",""
"","1","test_address_prefix[Test for Kusama Bridge Hub]","tests","Tue Apr 01 15:21:35 GMT 2025","passed","Tue Apr 01 15:21:35 GMT 2025","TestNetworkPrefix","test_network_parameters","",""
"","0","test_can_create_connection[Test for 3DPass, url: wss://rpc.3dpscan.io]","tests","Tue Apr 01 15:23:24 GMT 2025","broken","Tue Apr 01 15:23:24 GMT 2025","","test_nodes_availability","",""
"","152","test_rpc_node_is_synced[Test for Polkadot, url: wss://apps-rpc.polkadot.io]","tests","Tue Apr 01 15:20:22 GMT 2025","passed","Tue Apr 01 15:20:22 GMT 2025","","test_substrate_node_is_synced","",""
"","0","test_precision[Test for Polkadex]","tests","Tue Apr 01 15:20:47 GMT 2025","passed","Tue Apr 01 15:20:47 GMT 2025","TestPrecision","test_network_parameters","",""
"","208","test_rpc_node_is_synced[Test for Kreivo, url: wss://kreivo.kippu.rocks/]","tests","Tue Apr 01 15:24:43 GMT 2025","passed","Tue Apr 01 15:24:43 GMT 2025","","test_substrate_node_is_synced","",""
"","1","test_can_create_connection[Test for Laos, url: wss://laos-rpc.dwellir.com]","tests","Tue Apr 01 15:24:42 GMT 2025","passed","Tue Apr 01 15:24:42 GMT 2025","","test_nodes_availability","",""
"","104","test_rpc_method_is_available[Test for QUARTZ, url: wss://us-ws-quartz.unique.network]","tests","Tue Apr 01 15:21:45 GMT 2025","passed","Tue Apr 01 15:21:45 GMT 2025","","test_rpc_methods_availability","",""
"","1","test_can_create_connection[Test for Kusama Asset Hub, url: wss://sys.ibp.network/statemine]","tests","Tue Apr 01 15:21:37 GMT 2025","passed","Tue Apr 01 15:21:37 GMT 2025","","test_nodes_availability","",""
"","0","test_precision[Test for Polkadot Collectives]","tests","Tue Apr 01 15:21:27 GMT 2025","passed","Tue Apr 01 15:21:27 GMT 2025","TestPrecision","test_network_parameters","",""
"","0","test_precision[Test for Kreivo]","tests","Tue Apr 01 15:21:53 GMT 2025","passed","Tue Apr 01 15:21:53 GMT 2025","TestPrecision","test_network_parameters","",""
"","1","test_address_prefix[Test for CC Enterprise]","tests","Tue Apr 01 15:22:10 GMT 2025","passed","Tue Apr 01 15:22:10 GMT 2025","TestNetworkPrefix","test_network_parameters","",""
"","0","test_can_create_connection[Test for Kabocha, url: wss://kabocha.jelliedowl.com]","tests","Tue Apr 01 15:23:08 GMT 2025","passed","Tue Apr 01 15:23:08 GMT 2025","","test_nodes_availability","",""
"","0","test_can_create_connection[Test for Acala, url: wss://acala.polkawallet.io]","tests","Tue Apr 01 15:21:24 GMT 2025","passed","Tue Apr 01 15:21:24 GMT 2025","","test_nodes_availability","",""
"","0","test_can_create_connection[Test for Polkadot Collectives, url: wss://collectives.public.curie.radiumblock.co/ws]","tests","Tue Apr 01 15:23:49 GMT 2025","passed","Tue Apr 01 15:23:49 GMT 2025","","test_nodes_availability","",""
"","71","test_rpc_method_is_available[Test for UNIQUE, url: wss://eu-ws.unique.network/]","tests","Tue Apr 01 15:22:47 GMT 2025","passed","Tue Apr 01 15:22:47 GMT 2025","","test_rpc_methods_availability","",""
"","0","test_can_create_connection[Test for Acala, url: wss://acala-rpc-2.aca-api.network/ws]","tests","Tue Apr 01 15:22:24 GMT 2025","passed","Tue Apr 01 15:22:24 GMT 2025","","test_nodes_availability","",""
"","8","test_has_new_assets[Test for Amplitude]","tests","Tue Apr 01 15:20:56 GMT 2025","passed","Tue Apr 01 15:20:56 GMT 2025","TestAssets","test_check_new_assets","",""
"","69","test_rpc_node_is_synced[Test for Bifrost Polkadot, url: wss://bifrost-polkadot.ibp.network]","tests","Tue Apr 01 15:23:21 GMT 2025","passed","Tue Apr 01 15:23:21 GMT 2025","","test_substrate_node_is_synced","",""
"","0","test_address_prefix[Test for Robonomics]","tests","Tue Apr 01 15:20:55 GMT 2025","passed","Tue Apr 01 15:20:55 GMT 2025","TestNetworkPrefix","test_network_parameters","",""
"","199","test_rpc_node_is_synced[Test for Acala, url: wss://acala-rpc-2.aca-api.network/ws]","tests","Tue Apr 01 15:22:33 GMT 2025","passed","Tue Apr 01 15:22:33 GMT 2025","","test_substrate_node_is_synced","",""
"","1","test_can_create_connection[Test for Centrifuge Parachain, url: wss://centrifuge-rpc.dwellir.com]","tests","Tue Apr 01 15:22:15 GMT 2025","passed","Tue Apr 01 15:22:15 GMT 2025","","test_nodes_availability","",""
"","81","test_rpc_method_is_available[Test for Acala, url: wss://acala-polkadot.api.onfinality.io/public-ws]","tests","Tue Apr 01 15:22:10 GMT 2025","passed","Tue Apr 01 15:22:10 GMT 2025","","test_rpc_methods_availability","",""
"","171","test_rpc_node_is_synced[Test for Heima, url: wss://litentry-rpc.dwellir.com]","tests","Tue Apr 01 15:22:39 GMT 2025","passed","Tue Apr 01 15:22:40 GMT 2025","","test_substrate_node_is_synced","",""
"","0","test_precision[Test for Hydration]","tests","Tue Apr 01 15:20:47 GMT 2025","passed","Tue Apr 01 15:20:47 GMT 2025","TestPrecision","test_network_parameters","",""
"","0","test_address_prefix[Test for Polkadex]","tests","Tue Apr 01 15:21:23 GMT 2025","passed","Tue Apr 01 15:21:23 GMT 2025","TestNetworkPrefix","test_network_parameters","",""
"","5","test_has_new_assets[Test for Tangle]","tests","Tue Apr 01 15:21:51 GMT 2025","passed","Tue Apr 01 15:21:51 GMT 2025","TestAssets","test_check_new_assets","",""
"","0","test_address_prefix[Test for Bit.Country Pioneer]","tests","Tue Apr 01 15:20:40 GMT 2025","passed","Tue Apr 01 15:20:40 GMT 2025","TestNetworkPrefix","test_network_parameters","",""
"","1","test_can_create_connection[Test for Crab, url: wss://darwiniacrab-rpc.dwellir.com]","tests","Tue Apr 01 15:23:45 GMT 2025","passed","Tue Apr 01 15:23:45 GMT 2025","","test_nodes_availability","",""
"","93","test_rpc_method_is_available[Test for Kusama, url: wss://1rpc.io/ksm]","tests","Tue Apr 01 15:20:53 GMT 2025","passed","Tue Apr 01 15:20:53 GMT 2025","","test_rpc_methods_availability","",""
"","0","test_address_prefix[Test for NeuroWeb]","tests","Tue Apr 01 15:21:27 GMT 2025","passed","Tue Apr 01 15:21:27 GMT 2025","TestNetworkPrefix","test_network_parameters","",""
"","0","test_can_create_connection[Test for Robonomics, url: wss://kusama.rpc.robonomics.network/]","tests","Tue Apr 01 15:22:33 GMT 2025","passed","Tue Apr 01 15:22:33 GMT 2025","","test_nodes_availability","",""
"","0","test_chainId[Test for Amplitude]","tests","Tue Apr 01 15:21:26 GMT 2025","passed","Tue Apr 01 15:21:26 GMT 2025","TestChainId","test_network_parameters","",""
"","159","test_rpc_node_is_synced[Test for Bifrost Polkadot, url: wss://eu.bifrost-polkadot-rpc.liebi.com/ws]","tests","Tue Apr 01 15:23:38 GMT 2025","passed","Tue Apr 01 15:23:39 GMT 2025","","test_substrate_node_is_synced","",""
"","1","test_precision[Test for NeuroWeb]","tests","Tue Apr 01 15:20:51 GMT 2025","passed","Tue Apr 01 15:20:51 GMT 2025","TestPrecision","test_network_parameters","",""
"","77","test_rpc_method_is_available[Test for DENTNet, url: wss://rpc.dentnet.io/ws]","tests","Tue Apr 01 15:24:30 GMT 2025","passed","Tue Apr 01 15:24:30 GMT 2025","","test_rpc_methods_availability","",""
"","0","test_rpc_node_is_synced[Test for Bajun, url: wss://rpc-para.bajun.network]","tests","Tue Apr 01 15:23:22 GMT 2025","broken","Tue Apr 01 15:23:22 GMT 2025","","test_substrate_node_is_synced","",""
"","1","test_can_create_connection[Test for Energy Web X, url: wss://public-rpc.mainnet.energywebx.com/]","tests","Tue Apr 01 15:24:41 GMT 2025","passed","Tue Apr 01 15:24:41 GMT 2025","","test_nodes_availability","",""
"","73","test_rpc_method_is_available[Test for Shiden, url: wss://rpc.shiden.astar.network]","tests","Tue Apr 01 15:21:05 GMT 2025","passed","Tue Apr 01 15:21:05 GMT 2025","","test_rpc_methods_availability","",""
"","76","test_rpc_method_is_available[Test for Energy Web X, url: wss://public-rpc.mainnet.energywebx.com/]","tests","Tue Apr 01 15:24:19 GMT 2025","passed","Tue Apr 01 15:24:19 GMT 2025","","test_rpc_methods_availability","",""
"","1","test_can_create_connection[Test for Polkadot, url: wss://polkadot.public.curie.radiumblock.co/ws]","tests","Tue Apr 01 15:20:50 GMT 2025","passed","Tue Apr 01 15:20:50 GMT 2025","","test_nodes_availability","",""
"","0","test_can_create_connection[Test for Heima, url: wss://rpc.litentry-parachain.litentry.io]","tests","Tue Apr 01 15:23:40 GMT 2025","passed","Tue Apr 01 15:23:40 GMT 2025","","test_nodes_availability","",""
"","170","test_rpc_node_is_synced[Test for Astar, url: wss://astar-rpc.dwellir.com]","tests","Tue Apr 01 15:21:27 GMT 2025","passed","Tue Apr 01 15:21:27 GMT 2025","","test_substrate_node_is_synced","",""
"","118","test_rpc_method_is_available[Test for Westend (TESTNET), url: wss://westend-rpc.dwellir.com]","tests","Tue Apr 01 15:21:14 GMT 2025","passed","Tue Apr 01 15:21:14 GMT 2025","","test_rpc_methods_availability","",""
"","0","test_chainId[Test for Polimec]","tests","Tue Apr 01 15:21:57 GMT 2025","passed","Tue Apr 01 15:21:57 GMT 2025","TestChainId","test_network_parameters","",""
"","0","test_can_create_connection[Test for Moonbeam, url: wss://moonbeam.public.blastapi.io]","tests","Tue Apr 01 15:20:29 GMT 2025","passed","Tue Apr 01 15:20:29 GMT 2025","","test_nodes_availability","",""
"","0","test_precision[Test for Crust Shadow]","tests","Tue Apr 01 15:21:24 GMT 2025","passed","Tue Apr 01 15:21:24 GMT 2025","TestPrecision","test_network_parameters","",""
"","0","test_can_create_connection[Test for Bifrost Polkadot, url: wss://eu.bifrost-polkadot-rpc.liebi.com/ws]","tests","Tue Apr 01 15:23:34 GMT 2025","passed","Tue Apr 01 15:23:34 GMT 2025","","test_nodes_availability","",""
"","0","test_can_create_connection[Test for Westend (TESTNET), url: wss://westend.public.curie.radiumblock.co/ws]","tests","Tue Apr 01 15:21:27 GMT 2025","passed","Tue Apr 01 15:21:27 GMT 2025","","test_nodes_availability","",""
"","5","test_has_new_assets[Test for Crust Shadow]","tests","Tue Apr 01 15:20:49 GMT 2025","passed","Tue Apr 01 15:20:49 GMT 2025","TestAssets","test_check_new_assets","",""
"","0","test_can_create_connection[Test for QUARTZ, url: wss://asia-ws-quartz.unique.network]","tests","Tue Apr 01 15:21:53 GMT 2025","passed","Tue Apr 01 15:21:53 GMT 2025","","test_nodes_availability","",""
"","1","test_chainId[Test for Parallel]","tests","Tue Apr 01 15:20:58 GMT 2025","passed","Tue Apr 01 15:20:58 GMT 2025","TestChainId","test_network_parameters","",""
"","8","test_has_new_assets[Test for Polkadex]","tests","Tue Apr 01 15:20:40 GMT 2025","passed","Tue Apr 01 15:20:40 GMT 2025","TestAssets","test_check_new_assets","",""
"","0","test_precision[Test for Kabocha]","tests","Tue Apr 01 15:20:49 GMT 2025","passed","Tue Apr 01 15:20:49 GMT 2025","TestPrecision","test_network_parameters","",""
"","6","test_has_new_assets[Test for DeepBrain]","tests","Tue Apr 01 15:21:48 GMT 2025","passed","Tue Apr 01 15:21:48 GMT 2025","TestAssets","test_check_new_assets","",""
"","71","test_rpc_method_is_available[Test for KILT, url: wss://spiritnet.kilt.io/]","tests","Tue Apr 01 15:21:36 GMT 2025","passed","Tue Apr 01 15:21:36 GMT 2025","","test_rpc_methods_availability","",""
"","69","test_rpc_node_is_synced[Test for QUARTZ, url: wss://us-ws-quartz.unique.network]","tests","Tue Apr 01 15:21:58 GMT 2025","passed","Tue Apr 01 15:21:58 GMT 2025","","test_substrate_node_is_synced","",""
"","0","test_can_create_connection[Test for Curio, url: wss://parachain.curioinvest.com/]","tests","Tue Apr 01 15:24:05 GMT 2025","passed","Tue Apr 01 15:24:05 GMT 2025","","test_nodes_availability","",""
"","0","test_chainId[Test for Kabocha]","tests","Tue Apr 01 15:21:11 GMT 2025","passed","Tue Apr 01 15:21:11 GMT 2025","TestChainId","test_network_parameters","",""
"","67","test_rpc_node_is_synced[Test for Enjin Matrix, url: wss://rpc.matrix.blockchain.enjin.io]","tests","Tue Apr 01 15:24:24 GMT 2025","passed","Tue Apr 01 15:24:24 GMT 2025","","test_substrate_node_is_synced","",""
"","70","test_rpc_method_is_available[Test for Shiden, url: wss://shiden-rpc.dwellir.com]","tests","Tue Apr 01 15:21:09 GMT 2025","passed","Tue Apr 01 15:21:09 GMT 2025","","test_rpc_methods_availability","",""
"","142","test_rpc_node_is_synced[Test for Hyperbridge Nexus, url: wss://hyperbridge-nexus-rpc.blockops.network]","tests","Tue Apr 01 15:24:47 GMT 2025","passed","Tue Apr 01 15:24:47 GMT 2025","","test_substrate_node_is_synced","",""
"","172","test_rpc_node_is_synced[Test for DeepBrain, url: wss://info.dbcwallet.io]","tests","Tue Apr 01 15:24:57 GMT 2025","passed","Tue Apr 01 15:24:58 GMT 2025","","test_substrate_node_is_synced","",""
"","1","test_address_prefix[Test for Curio]","tests","Tue Apr 01 15:22:02 GMT 2025","passed","Tue Apr 01 15:22:02 GMT 2025","TestNetworkPrefix","test_network_parameters","",""
"","0","test_can_create_connection[Test for Moonriver, url: wss://moonriver.public.blastapi.io]","tests","Tue Apr 01 15:20:36 GMT 2025","passed","Tue Apr 01 15:20:36 GMT 2025","","test_nodes_availability","",""
"","67","test_rpc_node_is_synced[Test for UNIQUE, url: wss://unique.ibp.network]","tests","Tue Apr 01 15:22:56 GMT 2025","passed","Tue Apr 01 15:22:56 GMT 2025","","test_substrate_node_is_synced","",""
"","0","test_can_create_connection[Test for Darwinia, url: wss://rpc.darwinia.network]","tests","Tue Apr 01 15:23:33 GMT 2025","passed","Tue Apr 01 15:23:33 GMT 2025","","test_nodes_availability","",""
"","74","test_rpc_method_is_available[Test for Crust Shadow, url: wss://rpc2-shadow.crust.network/]","tests","Tue Apr 01 15:21:57 GMT 2025","passed","Tue Apr 01 15:21:57 GMT 2025","","test_rpc_methods_availability","",""
"","70","test_rpc_method_is_available[Test for Bifrost Polkadot, url: wss://bifrost-polkadot.dotters.network]","tests","Tue Apr 01 15:23:21 GMT 2025","passed","Tue Apr 01 15:23:21 GMT 2025","","test_rpc_methods_availability","",""
"","0","test_address_prefix[Test for Kusama People]","tests","Tue Apr 01 15:20:37 GMT 2025","passed","Tue Apr 01 15:20:37 GMT 2025","TestNetworkPrefix","test_network_parameters","",""
"","0","test_can_create_connection[Test for Phala, url: wss://api.phala.network/ws]","tests","Tue Apr 01 15:22:39 GMT 2025","passed","Tue Apr 01 15:22:39 GMT 2025","","test_nodes_availability","",""
"","9","test_has_new_assets[Test for Cere]","tests","Tue Apr 01 15:21:35 GMT 2025","passed","Tue Apr 01 15:21:35 GMT 2025","TestAssets","test_check_new_assets","",""
"","0","test_can_create_connection[Test for GIANT, url: wss://rpc-anchor-1-mainnet-az-ue1.giantprotocol.org:443]","tests","Tue Apr 01 15:23:21 GMT 2025","passed","Tue Apr 01 15:23:21 GMT 2025","","test_nodes_availability","",""
"","8","test_has_new_assets[Test for Shiden]","tests","Tue Apr 01 15:20:20 GMT 2025","passed","Tue Apr 01 15:20:20 GMT 2025","TestAssets","test_check_new_assets","",""
"","0","test_address_prefix[Test for Xode]","tests","Tue Apr 01 15:22:15 GMT 2025","passed","Tue Apr 01 15:22:15 GMT 2025","TestNetworkPrefix","test_network_parameters","",""
"","70","test_rpc_method_is_available[Test for KILT, url: wss://kilt.ibp.network]","tests","Tue Apr 01 15:21:22 GMT 2025","passed","Tue Apr 01 15:21:22 GMT 2025","","test_rpc_methods_availability","",""
"","0","test_chainId[Test for DENTNet]","tests","Tue Apr 01 15:22:14 GMT 2025","passed","Tue Apr 01 15:22:14 GMT 2025","TestChainId","test_network_parameters","",""
"","0","test_address_prefix[Test for Shiden]","tests","Tue Apr 01 15:20:48 GMT 2025","passed","Tue Apr 01 15:20:48 GMT 2025","TestNetworkPrefix","test_network_parameters","",""
"","0","test_precision[Test for krest]","tests","Tue Apr 01 15:21:33 GMT 2025","passed","Tue Apr 01 15:21:33 GMT 2025","TestPrecision","test_network_parameters","",""
"","5","test_has_new_assets[Test for Humanode]","tests","Tue Apr 01 15:21:43 GMT 2025","passed","Tue Apr 01 15:21:43 GMT 2025","TestAssets","test_check_new_assets","",""
"","22","test_rpc_node_is_synced[Test for Encointer, url: wss://sys.ibp.network/encointer-kusama]","tests","Tue Apr 01 15:22:22 GMT 2025","passed","Tue Apr 01 15:22:22 GMT 2025","","test_substrate_node_is_synced","",""
"","200","test_rpc_method_is_available[Test for Moonbeam, url: wss://moonbeam.ibp.network]","tests","Tue Apr 01 15:20:25 GMT 2025","passed","Tue Apr 01 15:20:25 GMT 2025","","test_rpc_methods_availability","",""
"","0","test_chainId[Test for Astar]","tests","Tue Apr 01 15:20:54 GMT 2025","passed","Tue Apr 01 15:20:54 GMT 2025","TestChainId","test_network_parameters","",""
"","0","test_can_create_connection[Test for Avail, url: wss://avail-mainnet.public.blastapi.io/]","tests","Tue Apr 01 15:24:25 GMT 2025","passed","Tue Apr 01 15:24:25 GMT 2025","","test_nodes_availability","",""
"","0","test_can_create_connection[Test for Frequency, url: wss://1.rpc.frequency.xyz]","tests","Tue Apr 01 15:23:56 GMT 2025","passed","Tue Apr 01 15:23:56 GMT 2025","","test_nodes_availability","",""
"","0","test_can_create_connection[Test for Phala, url: wss://phala.api.onfinality.io/public-ws]","tests","Tue Apr 01 15:22:31 GMT 2025","passed","Tue Apr 01 15:22:31 GMT 2025","","test_nodes_availability","",""
"","70","test_rpc_method_is_available[Test for Kusama, url: wss://rpc-kusama.luckyfriday.io]","tests","Tue Apr 01 15:20:47 GMT 2025","passed","Tue Apr 01 15:20:47 GMT 2025","","test_rpc_methods_availability","",""
"","0","test_chainId[Test for Acala]","tests","Tue Apr 01 15:20:50 GMT 2025","passed","Tue Apr 01 15:20:50 GMT 2025","TestChainId","test_network_parameters","",""
"","94","test_rpc_method_is_available[Test for Avail, url: wss://zeref-api.slowops.xyz/ws]","tests","Tue Apr 01 15:24:24 GMT 2025","passed","Tue Apr 01 15:24:24 GMT 2025","","test_rpc_methods_availability","",""
"","74","test_rpc_method_is_available[Test for Interlay, url: wss://interlay-rpc.dwellir.com]","tests","Tue Apr 01 15:22:02 GMT 2025","passed","Tue Apr 01 15:22:02 GMT 2025","","test_rpc_methods_availability","",""
"","19","test_rpc_node_is_synced[Test for Phala, url: wss://phala.public.curie.radiumblock.co/ws]","tests","Tue Apr 01 15:23:44 GMT 2025","passed","Tue Apr 01 15:23:44 GMT 2025","","test_substrate_node_is_synced","",""
"","124","test_rpc_method_is_available[Test for Bit.Country Pioneer, url: wss://pioneer-rpc-1.bit.country/wss]","tests","Tue Apr 01 15:21:55 GMT 2025","passed","Tue Apr 01 15:21:56 GMT 2025","","test_rpc_methods_availability","",""
"","298","test_rpc_node_is_synced[Test for Avail, url: wss://avail-mainnet.public.blastapi.io/]","tests","Tue Apr 01 15:24:48 GMT 2025","passed","Tue Apr 01 15:24:49 GMT 2025","","test_substrate_node_is_synced","",""
"","8","test_has_new_assets[Test for Astar]","tests","Tue Apr 01 15:20:20 GMT 2025","passed","Tue Apr 01 15:20:20 GMT 2025","TestAssets","test_check_new_assets","",""
"","0","test_can_create_connection[Test for Hyperbridge Nexus, url: wss://hyperbridge-nexus-rpc.blockops.network]","tests","Tue Apr 01 15:24:23 GMT 2025","passed","Tue Apr 01 15:24:23 GMT 2025","","test_nodes_availability","",""
"","1","test_precision[Test for Bifrost Kusama]","tests","Tue Apr 01 15:20:16 GMT 2025","passed","Tue Apr 01 15:20:16 GMT 2025","TestPrecision","test_network_parameters","",""
"","0","test_can_create_connection[Test for Polkadot, url: wss://apps-rpc.polkadot.io]","tests","Tue Apr 01 15:20:36 GMT 2025","passed","Tue Apr 01 15:20:36 GMT 2025","","test_nodes_availability","",""
"","0","test_chainId[Test for Xode]","tests","Tue Apr 01 15:22:21 GMT 2025","passed","Tue Apr 01 15:22:21 GMT 2025","TestChainId","test_network_parameters","",""
"","0","test_can_create_connection[Test for Polkadot Bridge Hub, url: wss://bridge-hub-polkadot.dotters.network]","tests","Tue Apr 01 15:23:30 GMT 2025","passed","Tue Apr 01 15:23:30 GMT 2025","","test_nodes_availability","",""
"","23","test_rpc_node_is_synced[Test for Moonbeam, url: wss://moonbeam.public.blastapi.io]","tests","Tue Apr 01 15:20:18 GMT 2025","passed","Tue Apr 01 15:20:18 GMT 2025","","test_substrate_node_is_synced","",""
"","119","test_rpc_method_is_available[Test for Basilisk, url: wss://basilisk-rpc.dwellir.com]","tests","Tue Apr 01 15:21:15 GMT 2025","passed","Tue Apr 01 15:21:15 GMT 2025","","test_rpc_methods_availability","",""
"","0","test_precision[Test for Kintsugi]","tests","Tue Apr 01 15:20:45 GMT 2025","passed","Tue Apr 01 15:20:45 GMT 2025","TestPrecision","test_network_parameters","",""
"","0","test_can_create_connection[Test for Kusama People, url: wss://kusama-people-rpc.polkadot.io]","tests","Tue Apr 01 15:20:37 GMT 2025","passed","Tue Apr 01 15:20:37 GMT 2025","","test_nodes_availability","",""
"","22","test_rpc_node_is_synced[Test for Polkadot Bridge Hub, url: wss://bridge-hub-polkadot.dotters.network]","tests","Tue Apr 01 15:23:53 GMT 2025","passed","Tue Apr 01 15:23:53 GMT 2025","","test_substrate_node_is_synced","",""
"","8","test_has_new_assets[Test for Mythos]","tests","Tue Apr 01 15:21:31 GMT 2025","passed","Tue Apr 01 15:21:31 GMT 2025","TestAssets","test_check_new_assets","",""
"","0","test_precision[Test for 3DPass]","tests","Tue Apr 01 15:21:33 GMT 2025","broken","Tue Apr 01 15:21:33 GMT 2025","TestPrecision","test_network_parameters","",""
"","0","test_chainId[Test for Pendulum]","tests","Tue Apr 01 15:21:29 GMT 2025","passed","Tue Apr 01 15:21:29 GMT 2025","TestChainId","test_network_parameters","",""
"","68","test_rpc_method_is_available[Test for Ternoa, url: wss://mainnet.ternoa.network]","tests","Tue Apr 01 15:22:45 GMT 2025","passed","Tue Apr 01 15:22:45 GMT 2025","","test_rpc_methods_availability","",""
"","80","test_rpc_node_is_synced[Test for UNIQUE, url: wss://us-ws.unique.network/]","tests","Tue Apr 01 15:22:47 GMT 2025","passed","Tue Apr 01 15:22:47 GMT 2025","","test_substrate_node_is_synced","",""
"","6","test_has_new_assets[Test for Enjin Matrix]","tests","Tue Apr 01 15:21:15 GMT 2025","passed","Tue Apr 01 15:21:15 GMT 2025","TestAssets","test_check_new_assets","",""
"","0","test_address_prefix[Test for 3DPass]","tests","Tue Apr 01 15:21:43 GMT 2025","broken","Tue Apr 01 15:21:43 GMT 2025","TestNetworkPrefix","test_network_parameters","",""
"","0","test_can_create_connection[Test for Mangata X, url: wss://kusama-rpc.mangata.online]","tests","Tue Apr 01 15:23:02 GMT 2025","passed","Tue Apr 01 15:23:02 GMT 2025","","test_nodes_availability","",""
"","0","test_can_create_connection[Test for Shiden, url: wss://shiden-rpc.dwellir.com]","tests","Tue Apr 01 15:20:54 GMT 2025","passed","Tue Apr 01 15:20:54 GMT 2025","","test_nodes_availability","",""
"","0","test_can_create_connection[Test for KILT, url: wss://kilt.dotters.network]","tests","Tue Apr 01 15:21:29 GMT 2025","passed","Tue Apr 01 15:21:29 GMT 2025","","test_nodes_availability","",""
"","67","test_rpc_node_is_synced[Test for UNIQUE, url: wss://unique.dotters.network]","tests","Tue Apr 01 15:23:00 GMT 2025","passed","Tue Apr 01 15:23:00 GMT 2025","","test_substrate_node_is_synced","",""
"","0","test_can_create_connection[Test for Interlay, url: wss://rpc-interlay.luckyfriday.io/]","tests","Tue Apr 01 15:22:01 GMT 2025","passed","Tue Apr 01 15:22:01 GMT 2025","","test_nodes_availability","",""
"","0","test_can_create_connection[Test for NeuroWeb, url: wss://neuroweb-rpc.dwellir.com]","tests","Tue Apr 01 15:23:12 GMT 2025","passed","Tue Apr 01 15:23:12 GMT 2025","","test_nodes_availability","",""
"","0","test_can_create_connection[Test for Polkadot Asset Hub, url: wss://statemint-rpc.dwellir.com]","tests","Tue Apr 01 15:22:18 GMT 2025","passed","Tue Apr 01 15:22:18 GMT 2025","","test_nodes_availability","",""
"","75","test_rpc_method_is_available[Test for Polkadot Collectives, url: wss://collectives-polkadot.dotters.network]","tests","Tue Apr 01 15:23:38 GMT 2025","passed","Tue Apr 01 15:23:38 GMT 2025","","test_rpc_methods_availability","",""
"","1","test_can_create_connection[Test for Pendulum, url: wss://rpc-pendulum.prd.pendulumchain.tech]","tests","Tue Apr 01 15:23:19 GMT 2025","passed","Tue Apr 01 15:23:19 GMT 2025","","test_nodes_availability","",""
"","71","test_rpc_node_is_synced[Test for Kusama Bridge Hub, url: wss://ksm-rpc.stakeworld.io/bridgehub]","tests","Tue Apr 01 15:23:53 GMT 2025","passed","Tue Apr 01 15:23:53 GMT 2025","","test_substrate_node_is_synced","",""
"","23","test_rpc_node_is_synced[Test for Polkadot Collectives, url: wss://collectives-polkadot.dotters.network]","tests","Tue Apr 01 15:23:57 GMT 2025","passed","Tue Apr 01 15:23:57 GMT 2025","","test_substrate_node_is_synced","",""
"","0","test_chainId[Test for Kreivo]","tests","Tue Apr 01 15:22:05 GMT 2025","passed","Tue Apr 01 15:22:05 GMT 2025","TestChainId","test_network_parameters","",""
"","91","test_rpc_method_is_available[Test for GIANT, url: wss://rpc-anchor-2-mainnet-az-ue1.giantprotocol.org:443]","tests","Tue Apr 01 15:23:43 GMT 2025","passed","Tue Apr 01 15:23:43 GMT 2025","","test_rpc_methods_availability","",""
"","0","test_precision[Test for Manta Atlantic]","tests","Tue Apr 01 15:21:42 GMT 2025","passed","Tue Apr 01 15:21:42 GMT 2025","TestPrecision","test_network_parameters","",""
"","0","test_precision[Test for Tangle]","tests","Tue Apr 01 15:22:30 GMT 2025","passed","Tue Apr 01 15:22:30 GMT 2025","TestPrecision","test_network_parameters","",""
"","0","test_can_create_connection[Test for Curio, url: wss://archive.parachain.curioinvest.com]","tests","Tue Apr 01 15:24:13 GMT 2025","passed","Tue Apr 01 15:24:13 GMT 2025","","test_nodes_availability","",""
"","1","test_precision[Test for KILT]","tests","Tue Apr 01 15:20:35 GMT 2025","passed","Tue Apr 01 15:20:35 GMT 2025","TestPrecision","test_network_parameters","",""
"","71","test_rpc_node_is_synced[Test for Shiden, url: wss://shiden.api.onfinality.io/public-ws]","tests","Tue Apr 01 15:21:04 GMT 2025","passed","Tue Apr 01 15:21:04 GMT 2025","","test_substrate_node_is_synced","",""
"","0","test_can_create_connection[Test for peaq, url: wss://peaq-rpc.dwellir.com]","tests","Tue Apr 01 15:24:45 GMT 2025","passed","Tue Apr 01 15:24:45 GMT 2025","","test_nodes_availability","",""
"","0","test_can_create_connection[Test for UNIQUE, url: wss://eu-ws.unique.network/]","tests","Tue Apr 01 15:22:43 GMT 2025","passed","Tue Apr 01 15:22:43 GMT 2025","","test_nodes_availability","",""
"","1","test_chainId[Test for Phala]","tests","Tue Apr 01 15:21:33 GMT 2025","passed","Tue Apr 01 15:21:33 GMT 2025","TestChainId","test_network_parameters","",""
"","67","test_rpc_node_is_synced[Test for Moonbeam, url: wss://moonbeam.dotters.network]","tests","Tue Apr 01 15:20:09 GMT 2025","passed","Tue Apr 01 15:20:09 GMT 2025","","test_substrate_node_is_synced","",""
"","118","test_rpc_method_is_available[Test for Polkadot, url: wss://polkadot.dotters.network]","tests","Tue Apr 01 15:20:38 GMT 2025","passed","Tue Apr 01 15:20:38 GMT 2025","","test_rpc_methods_availability","",""
"","7","test_has_new_assets[Test for Hydration]","tests","Tue Apr 01 15:20:38 GMT 2025","passed","Tue Apr 01 15:20:38 GMT 2025","TestAssets","test_check_new_assets","",""
"","98","test_rpc_method_is_available[Test for Kusama, url: wss://kusama.public.curie.radiumblock.co/ws]","tests","Tue Apr 01 15:20:57 GMT 2025","passed","Tue Apr 01 15:20:57 GMT 2025","","test_rpc_methods_availability","",""
"","68","test_rpc_method_is_available[Test for Mythos, url: wss://polkadot-mythos-rpc.polkadot.io]","tests","Tue Apr 01 15:24:14 GMT 2025","passed","Tue Apr 01 15:24:14 GMT 2025","","test_rpc_methods_availability","",""
"","182","test_rpc_node_is_synced[Test for Polkadot Collectives, url: wss://collectives.api.onfinality.io/public-ws]","tests","Tue Apr 01 15:24:10 GMT 2025","passed","Tue Apr 01 15:24:10 GMT 2025","","test_substrate_node_is_synced","",""
"","0","test_can_create_connection[Test for Kusama, url: wss://kusama.api.onfinality.io/public-ws]","tests","Tue Apr 01 15:20:57 GMT 2025","passed","Tue Apr 01 15:20:57 GMT 2025","","test_nodes_availability","",""
"","73","test_rpc_method_is_available[Test for Polkadot People, url: wss://rpc-people-polkadot.luckyfriday.io]","tests","Tue Apr 01 15:20:38 GMT 2025","passed","Tue Apr 01 15:20:38 GMT 2025","","test_rpc_methods_availability","",""
"","1","test_chainId[Test for Turing]","tests","Tue Apr 01 15:21:13 GMT 2025","passed","Tue Apr 01 15:21:13 GMT 2025","TestChainId","test_network_parameters","",""
"","0","test_can_create_connection[Test for GIANT, url: wss://rpc-anchor-2-mainnet-az-ue1.giantprotocol.org:443]","tests","Tue Apr 01 15:23:24 GMT 2025","passed","Tue Apr 01 15:23:24 GMT 2025","","test_nodes_availability","",""
"","0","test_chainId[Test for Continuum]","tests","Tue Apr 01 15:22:08 GMT 2025","passed","Tue Apr 01 15:22:08 GMT 2025","TestChainId","test_network_parameters","",""
"","79","test_rpc_method_is_available[Test for Hydration, url: wss://hydration.ibp.network]","tests","Tue Apr 01 15:22:38 GMT 2025","passed","Tue Apr 01 15:22:38 GMT 2025","","test_rpc_methods_availability","",""
"","0","test_address_prefix[Test for Avail]","tests","Tue Apr 01 15:22:06 GMT 2025","passed","Tue Apr 01 15:22:06 GMT 2025","TestNetworkPrefix","test_network_parameters","",""
"","5","test_has_new_assets[Test for Bifrost Polkadot]","tests","Tue Apr 01 15:20:48 GMT 2025","passed","Tue Apr 01 15:20:48 GMT 2025","TestAssets","test_check_new_assets","",""
"","72","test_rpc_method_is_available[Test for Creditcoin, url: wss://mainnet3.creditcoin.network]","tests","Tue Apr 01 15:24:30 GMT 2025","passed","Tue Apr 01 15:24:30 GMT 2025","","test_rpc_methods_availability","",""
"","104","test_rpc_method_is_available[Test for Humanode, url: wss://explorer-rpc-ws.mainnet.stages.humanode.io]","tests","Tue Apr 01 15:24:31 GMT 2025","passed","Tue Apr 01 15:24:31 GMT 2025","","test_rpc_methods_availability","",""
"","0","test_chainId[Test for Polkadot People]","tests","Tue Apr 01 15:20:58 GMT 2025","passed","Tue Apr 01 15:20:58 GMT 2025","TestChainId","test_network_parameters","",""
"","0","test_address_prefix[Test for Bajun]","tests","Tue Apr 01 15:21:07 GMT 2025","passed","Tue Apr 01 15:21:07 GMT 2025","TestNetworkPrefix","test_network_parameters","",""
"","74","test_rpc_method_is_available[Test for Astar, url: wss://astar.public.curie.radiumblock.co/ws]","tests","Tue Apr 01 15:21:46 GMT 2025","passed","Tue Apr 01 15:21:46 GMT 2025","","test_rpc_methods_availability","",""
"","0","test_rpc_node_is_synced[Test for 3DPass, url: wss://rpc.3dpscan.io]","tests","Tue Apr 01 15:23:29 GMT 2025","broken","Tue Apr 01 15:23:29 GMT 2025","","test_substrate_node_is_synced","",""
"","109","test_rpc_method_is_available[Test for Kusama Asset Hub, url: wss://sys.ibp.network/statemine]","tests","Tue Apr 01 15:21:38 GMT 2025","passed","Tue Apr 01 15:21:39 GMT 2025","","test_rpc_methods_availability","",""
"","57","test_rpc_node_is_synced[Test for Kreivo, url: wss://kreivo.io/]","tests","Tue Apr 01 15:24:43 GMT 2025","passed","Tue Apr 01 15:24:43 GMT 2025","","test_substrate_node_is_synced","",""
"","0","test_can_create_connection[Test for Phala, url: wss://rpc.helikon.io/phala]","tests","Tue Apr 01 15:22:24 GMT 2025","passed","Tue Apr 01 15:22:24 GMT 2025","","test_nodes_availability","",""
"","73","test_rpc_node_is_synced[Test for Polimec, url: wss://polimec.dotters.network]","tests","Tue Apr 01 15:24:18 GMT 2025","passed","Tue Apr 01 15:24:18 GMT 2025","","test_substrate_node_is_synced","",""
"","0","test_can_create_connection[Test for Kusama Bridge Hub, url: wss://ksm-rpc.stakeworld.io/bridgehub]","tests","Tue Apr 01 15:23:41 GMT 2025","passed","Tue Apr 01 15:23:41 GMT 2025","","test_nodes_availability","",""
"","71","test_rpc_method_is_available[Test for Phala, url: wss://phala-rpc.dwellir.com]","tests","Tue Apr 01 15:22:19 GMT 2025","passed","Tue Apr 01 15:22:19 GMT 2025","","test_rpc_methods_availability","",""
"","0","test_address_prefix[Test for Astar]","tests","Tue Apr 01 15:20:49 GMT 2025","passed","Tue Apr 01 15:20:49 GMT 2025","TestNetworkPrefix","test_network_parameters","",""
"","0","test_can_create_connection[Test for peaq, url: wss://peaq-rpc.publicnode.com]","tests","Tue Apr 01 15:24:34 GMT 2025","passed","Tue Apr 01 15:24:34 GMT 2025","","test_nodes_availability","",""
"","93","test_rpc_method_is_available[Test for Interlay, url: wss://rpc-interlay.luckyfriday.io/]","tests","Tue Apr 01 15:22:04 GMT 2025","passed","Tue Apr 01 15:22:04 GMT 2025","","test_rpc_methods_availability","",""
"","70","test_rpc_node_is_synced[Test for Hydration, url: wss://hydration.dotters.network]","tests","Tue Apr 01 15:22:01 GMT 2025","passed","Tue Apr 01 15:22:01 GMT 2025","","test_substrate_node_is_synced","",""
"","81","test_rpc_method_is_available[Test for Polkadot Bridge Hub, url: wss://sys.ibp.network/bridgehub-polkadot]","tests","Tue Apr 01 15:23:45 GMT 2025","passed","Tue Apr 01 15:23:45 GMT 2025","","test_rpc_methods_availability","",""
"","0","test_can_create_connection[Test for Hydration, url: wss://hydration.ibp.network]","tests","Tue Apr 01 15:22:34 GMT 2025","passed","Tue Apr 01 15:22:34 GMT 2025","","test_nodes_availability","",""
"","0","test_can_create_connection[Test for Hyperbridge Nexus, url: wss://nexus.ibp.network]","tests","Tue Apr 01 15:24:18 GMT 2025","passed","Tue Apr 01 15:24:18 GMT 2025","","test_nodes_availability","",""
"","83","test_rpc_method_is_available[Test for Crust Shadow, url: wss://rpc-shadow.crust.network/]","tests","Tue Apr 01 15:22:02 GMT 2025","passed","Tue Apr 01 15:22:02 GMT 2025","","test_rpc_methods_availability","",""
"","192","test_rpc_node_is_synced[Test for Kusama, url: wss://rpc-kusama-2.novasama-tech.org]","tests","Tue Apr 01 15:20:53 GMT 2025","passed","Tue Apr 01 15:20:53 GMT 2025","","test_substrate_node_is_synced","",""
"","0","test_can_create_connection[Test for Polkadot People, url: wss://rpc-people-polkadot.luckyfriday.io]","tests","Tue Apr 01 15:20:31 GMT 2025","passed","Tue Apr 01 15:20:31 GMT 2025","","test_nodes_availability","",""
"","71","test_rpc_method_is_available[Test for Hydration, url: wss://rpc.hydradx.cloud]","tests","Tue Apr 01 15:22:34 GMT 2025","passed","Tue Apr 01 15:22:34 GMT 2025","","test_rpc_methods_availability","",""
"","0","test_address_prefix[Test for Kusama]","tests","Tue Apr 01 15:20:47 GMT 2025","passed","Tue Apr 01 15:20:47 GMT 2025","TestNetworkPrefix","test_network_parameters","",""
"","0","test_rpc_node_is_synced[Test for Ajuna, url: wss://ajuna.public.curie.radiumblock.co/ws]","tests","Tue Apr 01 15:23:58 GMT 2025","broken","Tue Apr 01 15:23:58 GMT 2025","","test_substrate_node_is_synced","",""
"","0","test_can_create_connection[Test for Enjin Relay, url: wss://rpc.relay.blockchain.enjin.io]","tests","Tue Apr 01 15:24:03 GMT 2025","passed","Tue Apr 01 15:24:03 GMT 2025","","test_nodes_availability","",""
"","0","test_address_prefix[Test for Polkadot Bridge Hub]","tests","Tue Apr 01 15:21:40 GMT 2025","passed","Tue Apr 01 15:21:40 GMT 2025","TestNetworkPrefix","test_network_parameters","",""
"","117","test_rpc_method_is_available[Test for XX network, url: wss://rpc-do.xx.network]","tests","Tue Apr 01 15:23:10 GMT 2025","passed","Tue Apr 01 15:23:10 GMT 2025","","test_rpc_methods_availability","",""
"","1","test_precision[Test for InvArch]","tests","Tue Apr 01 15:21:49 GMT 2025","passed","Tue Apr 01 15:21:49 GMT 2025","TestPrecision","test_network_parameters","",""
"","169","test_rpc_node_is_synced[Test for Continuum, url: wss://continuum-rpc-1.metaverse.network/wss]","tests","Tue Apr 01 15:24:29 GMT 2025","passed","Tue Apr 01 15:24:29 GMT 2025","","test_substrate_node_is_synced","",""
"","82","test_rpc_method_is_available[Test for Polkadot Asset Hub, url: wss://asset-hub-polkadot.dotters.network]","tests","Tue Apr 01 15:22:13 GMT 2025","passed","Tue Apr 01 15:22:13 GMT 2025","","test_rpc_methods_availability","",""
"","172","test_rpc_node_is_synced[Test for Moonriver, url: wss://moonriver-rpc.dwellir.com]","tests","Tue Apr 01 15:20:34 GMT 2025","passed","Tue Apr 01 15:20:35 GMT 2025","","test_substrate_node_is_synced","",""
"","170","test_rpc_node_is_synced[Test for Avail, url: wss://zeref-api.slowops.xyz/ws]","tests","Tue Apr 01 15:24:48 GMT 2025","passed","Tue Apr 01 15:24:48 GMT 2025","","test_substrate_node_is_synced","",""
"","1","test_can_create_connection[Test for Polkadot People, url: wss://people-polkadot.dotters.network]","tests","Tue Apr 01 15:20:29 GMT 2025","passed","Tue Apr 01 15:20:29 GMT 2025","","test_nodes_availability","",""
"","0","test_can_create_connection[Test for Polkadot People, url: wss://polkadot-people-rpc.polkadot.io]","tests","Tue Apr 01 15:20:25 GMT 2025","passed","Tue Apr 01 15:20:25 GMT 2025","","test_nodes_availability","",""
"","78","test_rpc_method_is_available[Test for QUARTZ, url: wss://quartz.unique.network]","tests","Tue Apr 01 15:21:38 GMT 2025","passed","Tue Apr 01 15:21:38 GMT 2025","","test_rpc_methods_availability","",""
"","78","test_rpc_method_is_available[Test for Kusama Bridge Hub, url: wss://ksm-rpc.stakeworld.io/bridgehub]","tests","Tue Apr 01 15:23:34 GMT 2025","passed","Tue Apr 01 15:23:34 GMT 2025","","test_rpc_methods_availability","",""
"","73","test_rpc_node_is_synced[Test for Hyperbridge Nexus, url: wss://nexus.dotters.network]","tests","Tue Apr 01 15:24:41 GMT 2025","passed","Tue Apr 01 15:24:41 GMT 2025","","test_substrate_node_is_synced","",""
"","96","test_rpc_method_is_available[Test for InvArch, url: wss://invarch-rpc.dwellir.com]","tests","Tue Apr 01 15:23:59 GMT 2025","passed","Tue Apr 01 15:23:59 GMT 2025","","test_rpc_methods_availability","",""
"","0","test_chainId[Test for GIANT]","tests","Tue Apr 01 15:21:39 GMT 2025","passed","Tue Apr 01 15:21:39 GMT 2025","TestChainId","test_network_parameters","",""
"","0","test_chainId[Test for peaq]","tests","Tue Apr 01 15:22:16 GMT 2025","passed","Tue Apr 01 15:22:16 GMT 2025","TestChainId","test_network_parameters","",""
"","0","test_address_prefix[Test for Crab]","tests","Tue Apr 01 15:21:41 GMT 2025","passed","Tue Apr 01 15:21:41 GMT 2025","TestNetworkPrefix","test_network_parameters","",""
"","70","test_rpc_method_is_available[Test for Westend (TESTNET), url: wss://westend.public.curie.radiumblock.co/ws]","tests","Tue Apr 01 15:21:27 GMT 2025","passed","Tue Apr 01 15:21:27 GMT 2025","","test_rpc_methods_availability","",""
"","83","test_rpc_method_is_available[Test for Moonbeam, url: wss://moonbeam.dotters.network]","tests","Tue Apr 01 15:20:27 GMT 2025","passed","Tue Apr 01 15:20:27 GMT 2025","","test_rpc_methods_availability","",""
"","0","test_precision[Test for Vara]","tests","Tue Apr 01 15:21:33 GMT 2025","passed","Tue Apr 01 15:21:33 GMT 2025","TestPrecision","test_network_parameters","",""
"","0","test_chainId[Test for Moonbeam]","tests","Tue Apr 01 15:20:47 GMT 2025","passed","Tue Apr 01 15:20:47 GMT 2025","TestChainId","test_network_parameters","",""
"","0","test_can_create_connection[Test for Hydration, url: wss://rpc.hydradx.cloud]","tests","Tue Apr 01 15:22:30 GMT 2025","passed","Tue Apr 01 15:22:30 GMT 2025","","test_nodes_availability","",""
"","1","test_can_create_connection[Test for Polkadot Collectives, url: wss://collectives.api.onfinality.io/public-ws]","tests","Tue Apr 01 15:23:50 GMT 2025","passed","Tue Apr 01 15:23:50 GMT 2025","","test_nodes_availability","",""
"","69","test_rpc_method_is_available[Test for XX network, url: wss://xxnetwork-rpc.dwellir.com]","tests","Tue Apr 01 15:22:55 GMT 2025","passed","Tue Apr 01 15:22:55 GMT 2025","","test_rpc_methods_availability","",""
"","0","test_can_create_connection[Test for Moonriver, url: wss://wss.api.moonriver.moonbeam.network]","tests","Tue Apr 01 15:20:33 GMT 2025","passed","Tue Apr 01 15:20:33 GMT 2025","","test_nodes_availability","",""
"","0","test_address_prefix[Test for Basilisk]","tests","Tue Apr 01 15:20:45 GMT 2025","passed","Tue Apr 01 15:20:45 GMT 2025","TestNetworkPrefix","test_network_parameters","",""
"","0","test_rpc_method_is_available[Test for Moonriver, url: wss://moonriver.public.curie.radiumblock.co/ws]","tests","Tue Apr 01 15:20:52 GMT 2025","broken","Tue Apr 01 15:20:52 GMT 2025","","test_rpc_methods_availability","",""
"","1","test_can_create_connection[Test for Kusama Bridge Hub, url: wss://bridge-hub-kusama.dotters.network]","tests","Tue Apr 01 15:23:39 GMT 2025","passed","Tue Apr 01 15:23:39 GMT 2025","","test_nodes_availability","",""
"","0","test_address_prefix[Test for Joystream]","tests","Tue Apr 01 15:21:45 GMT 2025","passed","Tue Apr 01 15:21:45 GMT 2025","TestNetworkPrefix","test_network_parameters","",""
"","0","test_precision[Test for CC Enterprise]","tests","Tue Apr 01 15:22:01 GMT 2025","passed","Tue Apr 01 15:22:01 GMT 2025","TestPrecision","test_network_parameters","",""
"","387","test_rpc_node_is_synced[Test for Acala, url: wss://acala.polkawallet.io]","tests","Tue Apr 01 15:21:06 GMT 2025","passed","Tue Apr 01 15:21:07 GMT 2025","","test_substrate_node_is_synced","",""
"","1","test_address_prefix[Test for Polkadot Collectives]","tests","Tue Apr 01 15:21:38 GMT 2025","passed","Tue Apr 01 15:21:38 GMT 2025","TestNetworkPrefix","test_network_parameters","",""
"","1","test_precision[Test for Polkadot Bridge Hub]","tests","Tue Apr 01 15:21:21 GMT 2025","passed","Tue Apr 01 15:21:21 GMT 2025","TestPrecision","test_network_parameters","",""
"","171","test_rpc_node_is_synced[Test for Manta Atlantic, url: wss://ws.manta.systems]","tests","Tue Apr 01 15:24:24 GMT 2025","passed","Tue Apr 01 15:24:25 GMT 2025","","test_substrate_node_is_synced","",""
"","0","test_precision[Test for Kusama People]","tests","Tue Apr 01 15:20:14 GMT 2025","passed","Tue Apr 01 15:20:14 GMT 2025","TestPrecision","test_network_parameters","",""
"","0","test_can_create_connection[Test for Basilisk, url: wss://basilisk-rpc.dwellir.com]","tests","Tue Apr 01 15:21:15 GMT 2025","passed","Tue Apr 01 15:21:15 GMT 2025","","test_nodes_availability","",""
"","0","test_chainId[Test for Karura]","tests","Tue Apr 01 15:20:45 GMT 2025","passed","Tue Apr 01 15:20:45 GMT 2025","TestChainId","test_network_parameters","",""
"","0","test_can_create_connection[Test for InvArch, url: wss://invarch-rpc.dwellir.com]","tests","Tue Apr 01 15:23:52 GMT 2025","passed","Tue Apr 01 15:23:52 GMT 2025","","test_nodes_availability","",""
"","1","test_can_create_connection[Test for Polkadot, url: wss://rpc-polkadot-2.novasama-tech.org]","tests","Tue Apr 01 15:20:25 GMT 2025","passed","Tue Apr 01 15:20:25 GMT 2025","","test_nodes_availability","",""
"","116","test_rpc_method_is_available[Test for Aleph Zero, url: wss://ws.azero.dev]","tests","Tue Apr 01 15:22:24 GMT 2025","passed","Tue Apr 01 15:22:24 GMT 2025","","test_rpc_methods_availability","",""
"","101","test_rpc_method_is_available[Test for Integritee Parachain, url: wss://integritee-kusama.api.onfinality.io/public-ws]","tests","Tue Apr 01 15:22:12 GMT 2025","passed","Tue Apr 01 15:22:12 GMT 2025","","test_rpc_methods_availability","",""
"","152","test_rpc_node_is_synced[Test for Mangata X, url: wss://kusama-rpc.mangata.online]","tests","Tue Apr 01 15:23:03 GMT 2025","passed","Tue Apr 01 15:23:03 GMT 2025","","test_substrate_node_is_synced","",""
"","151","test_rpc_node_is_synced[Test for Mangata X, url: wss://kusama-archive.mangata.online]","tests","Tue Apr 01 15:23:07 GMT 2025","passed","Tue Apr 01 15:23:07 GMT 2025","","test_substrate_node_is_synced","",""
"","80","test_rpc_method_is_available[Test for Laos, url: wss://rpc.laos.laosfoundation.io]","tests","Tue Apr 01 15:24:35 GMT 2025","passed","Tue Apr 01 15:24:35 GMT 2025","","test_rpc_methods_availability","",""
"","8","test_has_new_assets[Test for Polymesh]","tests","Tue Apr 01 15:20:57 GMT 2025","passed","Tue Apr 01 15:20:57 GMT 2025","TestAssets","test_check_new_assets","",""
"","0","test_chainId[Test for Darwinia]","tests","Tue Apr 01 15:21:59 GMT 2025","passed","Tue Apr 01 15:21:59 GMT 2025","TestChainId","test_network_parameters","",""
"","160","test_rpc_node_is_synced[Test for DAO IPCI, url: wss://ipci.rpc.robonomics.network]","tests","Tue Apr 01 15:22:53 GMT 2025","passed","Tue Apr 01 15:22:53 GMT 2025","","test_substrate_node_is_synced","",""
"","73","test_rpc_node_is_synced[Test for Ajuna, url: wss://ajuna.dotters.network]","tests","Tue Apr 01 15:23:46 GMT 2025","passed","Tue Apr 01 15:23:46 GMT 2025","","test_substrate_node_is_synced","",""
"","74","test_rpc_node_is_synced[Test for Interlay, url: wss://rpc-interlay.luckyfriday.io/]","tests","Tue Apr 01 15:22:21 GMT 2025","passed","Tue Apr 01 15:22:21 GMT 2025","","test_substrate_node_is_synced","",""
"","0","test_precision[Test for Acala]","tests","Tue Apr 01 15:20:22 GMT 2025","passed","Tue Apr 01 15:20:22 GMT 2025","TestPrecision","test_network_parameters","",""
"","0","test_can_create_connection[Test for Polkadot Asset Hub, url: wss://asset-hub-polkadot.dotters.network]","tests","Tue Apr 01 15:22:13 GMT 2025","passed","Tue Apr 01 15:22:13 GMT 2025","","test_nodes_availability","",""
"","0","test_precision[Test for Acurast Canary]","tests","Tue Apr 01 15:21:51 GMT 2025","passed","Tue Apr 01 15:21:51 GMT 2025","TestPrecision","test_network_parameters","",""
"","0","test_can_create_connection[Test for Astar, url: wss://astar.public.curie.radiumblock.co/ws]","tests","Tue Apr 01 15:21:45 GMT 2025","passed","Tue Apr 01 15:21:45 GMT 2025","","test_nodes_availability","",""
"","99","test_rpc_method_is_available[Test for UNIQUE, url: wss://asia-ws.unique.network/]","tests","Tue Apr 01 15:22:58 GMT 2025","passed","Tue Apr 01 15:22:58 GMT 2025","","test_rpc_methods_availability","",""
"","116","test_rpc_method_is_available[Test for Enjin Matrix, url: wss://rpc.matrix.blockchain.enjin.io]","tests","Tue Apr 01 15:23:57 GMT 2025","passed","Tue Apr 01 15:23:57 GMT 2025","","test_rpc_methods_availability","",""
"","0","test_can_create_connection[Test for Ajuna, url: wss://rpc-para.ajuna.network]","tests","Tue Apr 01 15:23:28 GMT 2025","passed","Tue Apr 01 15:23:28 GMT 2025","","test_nodes_availability","",""
"","0","test_address_prefix[Test for Tangle]","tests","Tue Apr 01 15:22:19 GMT 2025","passed","Tue Apr 01 15:22:19 GMT 2025","TestNetworkPrefix","test_network_parameters","",""
"","0","test_can_create_connection[Test for Kusama Asset Hub, url: wss://asset-hub-kusama.dotters.network]","tests","Tue Apr 01 15:20:18 GMT 2025","passed","Tue Apr 01 15:20:18 GMT 2025","","test_nodes_availability","",""
"","73","test_rpc_node_is_synced[Test for Bittensor, url: wss://entrypoint-finney.opentensor.ai:443]","tests","Tue Apr 01 15:23:32 GMT 2025","passed","Tue Apr 01 15:23:32 GMT 2025","","test_substrate_node_is_synced","",""
"","21","test_rpc_node_is_synced[Test for Westend (TESTNET), url: wss://westend.public.curie.radiumblock.co/ws]","tests","Tue Apr 01 15:21:49 GMT 2025","passed","Tue Apr 01 15:21:49 GMT 2025","","test_substrate_node_is_synced","",""
"","76","test_rpc_method_is_available[Test for Continuum, url: wss://continuum-rpc-1.metaverse.network/wss]","tests","Tue Apr 01 15:24:12 GMT 2025","passed","Tue Apr 01 15:24:12 GMT 2025","","test_rpc_methods_availability","",""
"","0","test_chainId[Test for Cere]","tests","Tue Apr 01 15:22:11 GMT 2025","passed","Tue Apr 01 15:22:11 GMT 2025","TestChainId","test_network_parameters","",""
"","0","test_can_create_connection[Test for Kusama Asset Hub, url: wss://statemine-rpc.dwellir.com]","tests","Tue Apr 01 15:20:22 GMT 2025","passed","Tue Apr 01 15:20:22 GMT 2025","","test_nodes_availability","",""
"","0","test_address_prefix[Test for QUARTZ]","tests","Tue Apr 01 15:20:54 GMT 2025","passed","Tue Apr 01 15:20:54 GMT 2025","TestNetworkPrefix","test_network_parameters","",""
"","8","test_has_new_assets[Test for Creditcoin]","tests","Tue Apr 01 15:21:39 GMT 2025","passed","Tue Apr 01 15:21:39 GMT 2025","TestAssets","test_check_new_assets","",""
"","0","test_can_create_connection[Test for Crust Polkadot Parachain, url: wss://crust-parachain.crustapps.net]","tests","Tue Apr 01 15:23:17 GMT 2025","passed","Tue Apr 01 15:23:17 GMT 2025","","test_nodes_availability","",""
"","0","test_precision[Test for Turing]","tests","Tue Apr 01 15:20:42 GMT 2025","passed","Tue Apr 01 15:20:42 GMT 2025","TestPrecision","test_network_parameters","",""
"","0","test_precision[Test for DAO IPCI]","tests","Tue Apr 01 15:21:12 GMT 2025","passed","Tue Apr 01 15:21:12 GMT 2025","TestPrecision","test_network_parameters","",""
"","136","test_rpc_method_is_available[Test for Acurast Canary, url: wss://acurast-canarynet-ws.prod.gke.papers.tech]","tests","Tue Apr 01 15:24:18 GMT 2025","passed","Tue Apr 01 15:24:18 GMT 2025","","test_rpc_methods_availability","",""
"","71","test_rpc_method_is_available[Test for Polkadot Asset Hub, url: wss://statemint.api.onfinality.io/public-ws]","tests","Tue Apr 01 15:22:31 GMT 2025","passed","Tue Apr 01 15:22:31 GMT 2025","","test_rpc_methods_availability","",""
"","1","test_address_prefix[Test for Polkadot People]","tests","Tue Apr 01 15:20:56 GMT 2025","passed","Tue Apr 01 15:20:56 GMT 2025","TestNetworkPrefix","test_network_parameters","",""
"","1","test_can_create_connection[Test for CLV Parachain, url: wss://rpc-para.clover.finance]","tests","Tue Apr 01 15:22:04 GMT 2025","passed","Tue Apr 01 15:22:04 GMT 2025","","test_nodes_availability","",""
"","158","test_rpc_node_is_synced[Test for Joystream, url: wss://rpc.joystream.org]","tests","Tue Apr 01 15:24:11 GMT 2025","passed","Tue Apr 01 15:24:11 GMT 2025","","test_substrate_node_is_synced","",""
"","69","test_rpc_method_is_available[Test for Bifrost Polkadot, url: wss://hk.p.bifrost-rpc.liebi.com/ws]","tests","Tue Apr 01 15:23:28 GMT 2025","passed","Tue Apr 01 15:23:28 GMT 2025","","test_rpc_methods_availability","",""
"","0","test_can_create_connection[Test for Polkadot, url: wss://polkadot.dotters.network]","tests","Tue Apr 01 15:20:31 GMT 2025","passed","Tue Apr 01 15:20:31 GMT 2025","","test_nodes_availability","",""
"","0","test_can_create_connection[Test for Acurast Canary, url: wss://acurast-canarynet-ws.prod.gke.papers.tech]","tests","Tue Apr 01 15:24:18 GMT 2025","passed","Tue Apr 01 15:24:18 GMT 2025","","test_nodes_availability","",""
"","0","test_address_prefix[Test for Heima]","tests","Tue Apr 01 15:21:35 GMT 2025","passed","Tue Apr 01 15:21:35 GMT 2025","TestNetworkPrefix","test_network_parameters","",""
"","353","test_rpc_node_is_synced[Test for Acala, url: wss://acala-rpc-1.aca-api.network]","tests","Tue Apr 01 15:22:29 GMT 2025","passed","Tue Apr 01 15:22:30 GMT 2025","","test_substrate_node_is_synced","",""
"","172","test_rpc_node_is_synced[Test for Bit.Country Pioneer, url: wss://pioneer-rpc-1.bit.country/wss]","tests","Tue Apr 01 15:22:08 GMT 2025","passed","Tue Apr 01 15:22:08 GMT 2025","","test_substrate_node_is_synced","",""
"","0","test_can_create_connection[Test for XX network, url: wss://rpc.xx.network]","tests","Tue Apr 01 15:23:06 GMT 2025","passed","Tue Apr 01 15:23:06 GMT 2025","","test_nodes_availability","",""
"","0","test_has_new_assets[Test for Dock]","tests","Tue Apr 01 15:21:28 GMT 2025","broken","Tue Apr 01 15:21:28 GMT 2025","TestAssets","test_check_new_assets","",""
"","0","test_can_create_connection[Test for Kusama, url: wss://rpc-kusama-2.novasama-tech.org]","tests","Tue Apr 01 15:21:07 GMT 2025","passed","Tue Apr 01 15:21:07 GMT 2025","","test_nodes_availability","",""
"","184","test_rpc_node_is_synced[Test for Curio, url: wss://parachain.curioinvest.com/]","tests","Tue Apr 01 15:24:32 GMT 2025","passed","Tue Apr 01 15:24:33 GMT 2025","","test_substrate_node_is_synced","",""
"","72","test_rpc_node_is_synced[Test for Bifrost Kusama, url: wss://us.bifrost-rpc.liebi.com/ws]","tests","Tue Apr 01 15:20:59 GMT 2025","passed","Tue Apr 01 15:20:59 GMT 2025","","test_substrate_node_is_synced","",""
"","105","test_rpc_method_is_available[Test for Joystream, url: wss://rpc.joystream.org]","tests","Tue Apr 01 15:24:02 GMT 2025","passed","Tue Apr 01 15:24:03 GMT 2025","","test_rpc_methods_availability","",""
"","0","test_chainId[Test for Dock]","tests","Tue Apr 01 15:22:01 GMT 2025","broken","Tue Apr 01 15:22:01 GMT 2025","TestChainId","test_network_parameters","",""
"","361","test_rpc_node_is_synced[Test for Karura, url: wss://karura.api.onfinality.io/public-ws]","tests","Tue Apr 01 15:20:51 GMT 2025","passed","Tue Apr 01 15:20:52 GMT 2025","","test_substrate_node_is_synced","",""
"","92","test_rpc_method_is_available[Test for Avail, url: wss://avail.rpc.bountyblok.io]","tests","Tue Apr 01 15:24:26 GMT 2025","passed","Tue Apr 01 15:24:26 GMT 2025","","test_rpc_methods_availability","",""
"","162","test_rpc_node_is_synced[Test for QUARTZ, url: wss://asia-ws-quartz.unique.network]","tests","Tue Apr 01 15:22:02 GMT 2025","passed","Tue Apr 01 15:22:02 GMT 2025","","test_substrate_node_is_synced","",""
"","0","test_address_prefix[Test for Polkadot Asset Hub]","tests","Tue Apr 01 15:20:52 GMT 2025","passed","Tue Apr 01 15:20:52 GMT 2025","TestNetworkPrefix","test_network_parameters","",""
"","8","test_has_new_assets[Test for Heima]","tests","Tue Apr 01 15:20:54 GMT 2025","passed","Tue Apr 01 15:20:54 GMT 2025","TestAssets","test_check_new_assets","",""
"","78","test_rpc_method_is_available[Test for Kusama, url: wss://kusama.api.onfinality.io/public-ws]","tests","Tue Apr 01 15:21:01 GMT 2025","passed","Tue Apr 01 15:21:01 GMT 2025","","test_rpc_methods_availability","",""
"","499","test_rpc_node_is_synced[Test for Ethereum, url: https://1rpc.io/eth]","tests","Tue Apr 01 15:20:15 GMT 2025","passed","Tue Apr 01 15:20:16 GMT 2025","TestETHNodesAvailability","test_eth_nodes_availability","",""
"","1","test_can_create_connection[Test for Polkadot Asset Hub, url: wss://rpc-assethub.novasama-tech.org]","tests","Tue Apr 01 15:22:08 GMT 2025","passed","Tue Apr 01 15:22:08 GMT 2025","","test_nodes_availability","",""
"","0","test_address_prefix[Test for Parallel]","tests","Tue Apr 01 15:20:53 GMT 2025","passed","Tue Apr 01 15:20:53 GMT 2025","TestNetworkPrefix","test_network_parameters","",""
"","0","test_address_prefix[Test for Nodle Parachain]","tests","Tue Apr 01 15:21:30 GMT 2025","passed","Tue Apr 01 15:21:30 GMT 2025","TestNetworkPrefix","test_network_parameters","",""
"","0","test_can_create_connection[Test for Astar, url: wss://astar-rpc.dwellir.com]","tests","Tue Apr 01 15:21:39 GMT 2025","passed","Tue Apr 01 15:21:39 GMT 2025","","test_nodes_availability","",""
"","71","test_rpc_method_is_available[Test for UNIQUE, url: wss://unique.dotters.network]","tests","Tue Apr 01 15:23:03 GMT 2025","passed","Tue Apr 01 15:23:03 GMT 2025","","test_rpc_methods_availability","",""
"","0","test_can_create_connection[Test for Bittensor, url: wss://entrypoint-finney.opentensor.ai:443]","tests","Tue Apr 01 15:23:23 GMT 2025","passed","Tue Apr 01 15:23:23 GMT 2025","","test_nodes_availability","",""
"","0","test_can_create_connection[Test for Kintsugi, url: wss://api-kusama.interlay.io/parachain]","tests","Tue Apr 01 15:21:19 GMT 2025","passed","Tue Apr 01 15:21:19 GMT 2025","","test_nodes_availability","",""
"","167","test_rpc_node_is_synced[Test for Crust Shadow, url: wss://rpc-shadow.crust.network/]","tests","Tue Apr 01 15:21:51 GMT 2025","passed","Tue Apr 01 15:21:51 GMT 2025","","test_substrate_node_is_synced","",""
"","72","test_rpc_method_is_available[Test for Hydration, url: wss://hydradx-rpc.dwellir.com]","tests","Tue Apr 01 15:21:48 GMT 2025","passed","Tue Apr 01 15:21:48 GMT 2025","","test_rpc_methods_availability","",""
"","281","test_rpc_node_is_synced[Test for Astar, url: wss://rpc.astar.network]","tests","Tue Apr 01 15:21:18 GMT 2025","passed","Tue Apr 01 15:21:18 GMT 2025","","test_substrate_node_is_synced","",""
"","159","test_rpc_node_is_synced[Test for Bifrost Polkadot, url: wss://hk.p.bifrost-rpc.liebi.com/ws]","tests","Tue Apr 01 15:23:32 GMT 2025","passed","Tue Apr 01 15:23:32 GMT 2025","","test_substrate_node_is_synced","",""
"","68","test_rpc_node_is_synced[Test for GIANT, url: wss://rpc-anchor-2-mainnet-az-ue1.giantprotocol.org:443]","tests","Tue Apr 01 15:23:48 GMT 2025","passed","Tue Apr 01 15:23:48 GMT 2025","","test_substrate_node_is_synced","",""
"","0","test_precision[Test for Laos]","tests","Tue Apr 01 15:22:06 GMT 2025","passed","Tue Apr 01 15:22:06 GMT 2025","TestPrecision","test_network_parameters","",""
"","0","test_address_prefix[Test for Pendulum]","tests","Tue Apr 01 15:21:22 GMT 2025","passed","Tue Apr 01 15:21:22 GMT 2025","TestNetworkPrefix","test_network_parameters","",""
"","95","test_rpc_method_is_available[Test for CLV Parachain, url: wss://rpc-para.clover.finance]","tests","Tue Apr 01 15:22:03 GMT 2025","passed","Tue Apr 01 15:22:03 GMT 2025","","test_rpc_methods_availability","",""
"","72","test_rpc_method_is_available[Test for Frequency, url: wss://0.rpc.frequency.xyz]","tests","Tue Apr 01 15:23:49 GMT 2025","passed","Tue Apr 01 15:23:49 GMT 2025","","test_rpc_methods_availability","",""
"","155","test_rpc_node_is_synced[Test for Laos, url: wss://rpc.laos.laosfoundation.io]","tests","Tue Apr 01 15:25:02 GMT 2025","passed","Tue Apr 01 15:25:02 GMT 2025","","test_substrate_node_is_synced","",""
"","0","test_precision[Test for Enjin Matrix]","tests","Tue Apr 01 15:21:36 GMT 2025","passed","Tue Apr 01 15:21:36 GMT 2025","TestPrecision","test_network_parameters","",""
"","0","test_can_create_connection[Test for Moonbeam, url: wss://moonbeam.public.curie.radiumblock.co/ws]","tests","Tue Apr 01 15:20:25 GMT 2025","passed","Tue Apr 01 15:20:25 GMT 2025","","test_nodes_availability","",""
"","88","test_rpc_method_is_available[Test for Kreivo, url: wss://kreivo.io/]","tests","Tue Apr 01 15:24:21 GMT 2025","passed","Tue Apr 01 15:24:21 GMT 2025","","test_rpc_methods_availability","",""
"","0","test_chainId[Test for CC Enterprise]","tests","Tue Apr 01 15:22:11 GMT 2025","passed","Tue Apr 01 15:22:11 GMT 2025","TestChainId","test_network_parameters","",""
"","21","test_rpc_node_is_synced[Test for Polkadot, url: wss://polkadot.dotters.network]","tests","Tue Apr 01 15:20:17 GMT 2025","passed","Tue Apr 01 15:20:17 GMT 2025","","test_substrate_node_is_synced","",""
"","0","test_address_prefix[Test for krest]","tests","Tue Apr 01 15:21:43 GMT 2025","passed","Tue Apr 01 15:21:43 GMT 2025","TestNetworkPrefix","test_network_parameters","",""
"","87","test_rpc_method_is_available[Test for Ajuna, url: wss://ajuna.dotters.network]","tests","Tue Apr 01 15:23:13 GMT 2025","passed","Tue Apr 01 15:23:13 GMT 2025","","test_rpc_methods_availability","",""
"","67","test_rpc_method_is_available[Test for peaq, url: wss://peaq-rpc.dwellir.com]","tests","Tue Apr 01 15:24:43 GMT 2025","passed","Tue Apr 01 15:24:43 GMT 2025","","test_rpc_methods_availability","",""
"","68","test_rpc_node_is_synced[Test for Moonbeam, url: wss://wss.api.moonbeam.network]","tests","Tue Apr 01 15:20:54 GMT 2025","passed","Tue Apr 01 15:20:54 GMT 2025","","test_substrate_node_is_synced","",""
"","0","test_can_create_connection[Test for Heima, url: wss://litentry-rpc.dwellir.com]","tests","Tue Apr 01 15:22:39 GMT 2025","passed","Tue Apr 01 15:22:39 GMT 2025","","test_nodes_availability","",""
"","0","test_can_create_connection[Test for Interlay, url: wss://api.interlay.io/parachain]","tests","Tue Apr 01 15:21:53 GMT 2025","passed","Tue Apr 01 15:21:53 GMT 2025","","test_nodes_availability","",""
"","0","test_precision[Test for JAMTON]","tests","Tue Apr 01 15:22:11 GMT 2025","passed","Tue Apr 01 15:22:11 GMT 2025","TestPrecision","test_network_parameters","",""
"","174","test_rpc_node_is_synced[Test for peaq, url: wss://peaq-rpc.dwellir.com]","tests","Tue Apr 01 15:25:00 GMT 2025","passed","Tue Apr 01 15:25:00 GMT 2025","","test_substrate_node_is_synced","",""
"","9","test_has_new_assets[Test for Ternoa]","tests","Tue Apr 01 15:20:53 GMT 2025","passed","Tue Apr 01 15:20:53 GMT 2025","TestAssets","test_check_new_assets","",""
"","0","test_can_create_connection[Test for Bifrost Kusama, url: wss://us.bifrost-rpc.liebi.com/ws]","tests","Tue Apr 01 15:20:57 GMT 2025","passed","Tue Apr 01 15:20:57 GMT 2025","","test_nodes_availability","",""
"","0","test_address_prefix[Test for Amplitude]","tests","Tue Apr 01 15:21:09 GMT 2025","passed","Tue Apr 01 15:21:09 GMT 2025","TestNetworkPrefix","test_network_parameters","",""
"","0","test_precision[Test for Bifrost Polkadot]","tests","Tue Apr 01 15:20:55 GMT 2025","passed","Tue Apr 01 15:20:55 GMT 2025","TestPrecision","test_network_parameters","",""
"","0","test_can_create_connection[Test for DENTNet, url: wss://rpc.dentnet.io/ws]","tests","Tue Apr 01 15:24:30 GMT 2025","passed","Tue Apr 01 15:24:30 GMT 2025","","test_nodes_availability","",""
"","70","test_rpc_method_is_available[Test for Acala, url: wss://acala-rpc-3.aca-api.network/ws]","tests","Tue Apr 01 15:21:16 GMT 2025","passed","Tue Apr 01 15:21:16 GMT 2025","","test_rpc_methods_availability","",""
"","87","test_rpc_method_is_available[Test for Ajuna, url: wss://rpc-para.ajuna.network]","tests","Tue Apr 01 15:23:06 GMT 2025","passed","Tue Apr 01 15:23:06 GMT 2025","","test_rpc_methods_availability","",""
"","239","test_rpc_node_is_synced[Test for Kusama, url: wss://kusama.public.curie.radiumblock.co/ws]","tests","Tue Apr 01 15:20:34 GMT 2025","passed","Tue Apr 01 15:20:34 GMT 2025","","test_substrate_node_is_synced","",""
"","0","test_precision[Test for Bit.Country Pioneer]","tests","Tue Apr 01 15:20:16 GMT 2025","passed","Tue Apr 01 15:20:16 GMT 2025","TestPrecision","test_network_parameters","",""
"","76","test_rpc_method_is_available[Test for Polkadot, url: wss://apps-rpc.polkadot.io]","tests","Tue Apr 01 15:20:42 GMT 2025","passed","Tue Apr 01 15:20:42 GMT 2025","","test_rpc_methods_availability","",""
"","69","test_rpc_method_is_available[Test for QUARTZ, url: wss://asia-ws-quartz.unique.network]","tests","Tue Apr 01 15:21:49 GMT 2025","passed","Tue Apr 01 15:21:49 GMT 2025","","test_rpc_methods_availability","",""
"","0","test_address_prefix[Test for InvArch]","tests","Tue Apr 01 15:21:50 GMT 2025","passed","Tue Apr 01 15:21:50 GMT 2025","TestNetworkPrefix","test_network_parameters","",""
"","74","test_rpc_method_is_available[Test for Xode, url: wss://rpc-kr.xode.net]","tests","Tue Apr 01 15:24:40 GMT 2025","passed","Tue Apr 01 15:24:40 GMT 2025","","test_rpc_methods_availability","",""
"","187","test_rpc_node_is_synced[Test for QUARTZ, url: wss://eu-ws-quartz.unique.network]","tests","Tue Apr 01 15:21:53 GMT 2025","passed","Tue Apr 01 15:21:53 GMT 2025","","test_substrate_node_is_synced","",""
"","23","test_rpc_node_is_synced[Test for Polkadot, url: wss://rpc.ibp.network/polkadot]","tests","Tue Apr 01 15:20:14 GMT 2025","passed","Tue Apr 01 15:20:14 GMT 2025","","test_substrate_node_is_synced","",""
"","75","test_rpc_method_is_available[Test for UNIQUE, url: wss://us-ws.unique.network/]","tests","Tue Apr 01 15:22:49 GMT 2025","passed","Tue Apr 01 15:22:49 GMT 2025","","test_rpc_methods_availability","",""
"","95","test_rpc_method_is_available[Test for Encointer, url: wss://sys.ibp.network/encointer-kusama]","tests","Tue Apr 01 15:22:36 GMT 2025","passed","Tue Apr 01 15:22:37 GMT 2025","","test_rpc_methods_availability","",""
"","1","test_chainId[Test for Moonriver]","tests","Tue Apr 01 15:20:50 GMT 2025","passed","Tue Apr 01 15:20:50 GMT 2025","TestChainId","test_network_parameters","",""
"","0","test_can_create_connection[Test for DAO IPCI, url: wss://ipci.rpc.robonomics.network]","tests","Tue Apr 01 15:22:53 GMT 2025","passed","Tue Apr 01 15:22:53 GMT 2025","","test_nodes_availability","",""
"","0","test_chainId[Test for Crust Polkadot Parachain]","tests","Tue Apr 01 15:21:34 GMT 2025","passed","Tue Apr 01 15:21:34 GMT 2025","TestChainId","test_network_parameters","",""
"","137","test_rpc_node_is_synced[Test for Aventus, url: wss://public-rpc.mainnet.aventus.network]","tests","Tue Apr 01 15:23:29 GMT 2025","passed","Tue Apr 01 15:23:30 GMT 2025","","test_substrate_node_is_synced","",""
"","91","test_rpc_method_is_available[Test for Polkadot People, url: wss://people-polkadot.dotters.network]","tests","Tue Apr 01 15:20:36 GMT 2025","passed","Tue Apr 01 15:20:36 GMT 2025","","test_rpc_methods_availability","",""
"","399","test_rpc_node_is_synced[Test for Darwinia, url: wss://rpc.darwinia.network]","tests","Tue Apr 01 15:24:06 GMT 2025","passed","Tue Apr 01 15:24:07 GMT 2025","","test_substrate_node_is_synced","",""
"","0","test_can_create_connection[Test for Xode, url: wss://rpcnodea01.xode.net/n7yoxCmcIrCF6VziCcDmYTwL8R03a/rpc]","tests","Tue Apr 01 15:24:43 GMT 2025","passed","Tue Apr 01 15:24:43 GMT 2025","","test_nodes_availability","",""
"","174","test_rpc_node_is_synced[Test for Tangle, url: wss://tangle-mainnet-rpc.dwellir.com]","tests","Tue Apr 01 15:25:09 GMT 2025","passed","Tue Apr 01 15:25:09 GMT 2025","","test_substrate_node_is_synced","",""
"","70","test_rpc_method_is_available[Test for Kusama, url: wss://rpc-kusama-2.novasama-tech.org]","tests","Tue Apr 01 15:21:09 GMT 2025","passed","Tue Apr 01 15:21:09 GMT 2025","","test_rpc_methods_availability","",""
"","75","test_rpc_node_is_synced[Test for Phala, url: wss://phala.api.onfinality.io/public-ws]","tests","Tue Apr 01 15:22:50 GMT 2025","passed","Tue Apr 01 15:22:50 GMT 2025","","test_substrate_node_is_synced","",""
"","103","test_has_new_assets[Test for Bit.Country Pioneer]","tests","Tue Apr 01 15:20:10 GMT 2025","passed","Tue Apr 01 15:20:10 GMT 2025","TestAssets","test_check_new_assets","",""
"","0","test_address_prefix[Test for Polimec]","tests","Tue Apr 01 15:21:58 GMT 2025","passed","Tue Apr 01 15:21:58 GMT 2025","TestNetworkPrefix","test_network_parameters","",""
"","79","test_rpc_method_is_available[Test for Centrifuge Parachain, url: wss://centrifuge-rpc.dwellir.com]","tests","Tue Apr 01 15:22:18 GMT 2025","passed","Tue Apr 01 15:22:18 GMT 2025","","test_rpc_methods_availability","",""
"","1","test_can_create_connection[Test for Nodle Parachain, url: wss://nodle-parachain.api.onfinality.io/public-ws]","tests","Tue Apr 01 15:22:07 GMT 2025","passed","Tue Apr 01 15:22:07 GMT 2025","","test_nodes_availability","",""
"","1","test_can_create_connection[Test for Interlay, url: wss://interlay-rpc.dwellir.com]","tests","Tue Apr 01 15:21:59 GMT 2025","passed","Tue Apr 01 15:21:59 GMT 2025","","test_nodes_availability","",""
"","0","test_chainId[Test for UNIQUE]","tests","Tue Apr 01 15:21:06 GMT 2025","passed","Tue Apr 01 15:21:06 GMT 2025","TestChainId","test_network_parameters","",""
"","203","test_rpc_node_is_synced[Test for XX network, url: wss://rpc.xx.network]","tests","Tue Apr 01 15:23:02 GMT 2025","passed","Tue Apr 01 15:23:02 GMT 2025","","test_substrate_node_is_synced","",""
"","0","test_address_prefix[Test for Kintsugi]","tests","Tue Apr 01 15:21:01 GMT 2025","passed","Tue Apr 01 15:21:01 GMT 2025","TestNetworkPrefix","test_network_parameters","",""
"","0","test_can_create_connection[Test for Aventus, url: wss://public-rpc.mainnet.aventus.network]","tests","Tue Apr 01 15:23:21 GMT 2025","passed","Tue Apr 01 15:23:21 GMT 2025","","test_nodes_availability","",""
"","70","test_rpc_method_is_available[Test for Darwinia, url: wss://rpc.darwinia.network]","tests","Tue Apr 01 15:23:37 GMT 2025","passed","Tue Apr 01 15:23:37 GMT 2025","","test_rpc_methods_availability","",""
"","0","test_can_create_connection[Test for Kusama People, url: wss://sys.ibp.network/people-kusama]","tests","Tue Apr 01 15:20:38 GMT 2025","passed","Tue Apr 01 15:20:38 GMT 2025","","test_nodes_availability","",""
"","122","test_rpc_method_is_available[Test for DeepBrain, url: wss://info.dbcwallet.io]","tests","Tue Apr 01 15:24:34 GMT 2025","passed","Tue Apr 01 15:24:34 GMT 2025","","test_rpc_methods_availability","",""
"","0","test_chainId[Test for Ternoa]","tests","Tue Apr 01 15:21:23 GMT 2025","passed","Tue Apr 01 15:21:23 GMT 2025","TestChainId","test_network_parameters","",""
"","105","test_rpc_method_is_available[Test for Polkadot People, url: wss://sys.ibp.network/people-polkadot]","tests","Tue Apr 01 15:20:34 GMT 2025","passed","Tue Apr 01 15:20:35 GMT 2025","","test_rpc_methods_availability","",""
"","5","test_has_new_assets[Test for Phala]","tests","Tue Apr 01 15:20:50 GMT 2025","passed","Tue Apr 01 15:20:50 GMT 2025","TestAssets","test_check_new_assets","",""
"","119","test_rpc_method_is_available[Test for Westend (TESTNET), url: wss://westend.dotters.network]","tests","Tue Apr 01 15:21:21 GMT 2025","passed","Tue Apr 01 15:21:21 GMT 2025","","test_rpc_methods_availability","",""
"","197","test_rpc_node_is_synced[Test for Polkadot Collectives, url: wss://dot-rpc.stakeworld.io/collectives]","tests","Tue Apr 01 15:24:03 GMT 2025","passed","Tue Apr 01 15:24:03 GMT 2025","","test_substrate_node_is_synced","",""
"","173","test_rpc_node_is_synced[Test for Enjin Matrix, url: wss://enjin-matrix-rpc-1.dwellir.com]","tests","Tue Apr 01 15:24:06 GMT 2025","passed","Tue Apr 01 15:24:07 GMT 2025","","test_substrate_node_is_synced","",""
"","69","test_rpc_method_is_available[Test for Acala, url: wss://acala-rpc.dwellir.com]","tests","Tue Apr 01 15:21:30 GMT 2025","passed","Tue Apr 01 15:21:31 GMT 2025","","test_rpc_methods_availability","",""
"","826","test_rpc_node_is_synced[Test for Aleph Zero, url: wss://ws.azero.dev]","tests","Tue Apr 01 15:22:28 GMT 2025","passed","Tue Apr 01 15:22:28 GMT 2025","","test_substrate_node_is_synced","",""
"","0","test_chainId[Test for CLV Parachain]","tests","Tue Apr 01 15:21:04 GMT 2025","passed","Tue Apr 01 15:21:04 GMT 2025","TestChainId","test_network_parameters","",""
"","1","test_chainId[Test for QUARTZ]","tests","Tue Apr 01 15:20:58 GMT 2025","passed","Tue Apr 01 15:20:58 GMT 2025","TestChainId","test_network_parameters","",""
"","110","test_rpc_method_is_available[Test for Crab, url: wss://crab-rpc.darwinia.network/]","tests","Tue Apr 01 15:23:43 GMT 2025","passed","Tue Apr 01 15:23:43 GMT 2025","","test_rpc_methods_availability","",""
"","423","test_rpc_node_is_synced[Test for Crab, url: wss://crab-rpc.darwinia.network/]","tests","Tue Apr 01 15:24:15 GMT 2025","passed","Tue Apr 01 15:24:15 GMT 2025","","test_substrate_node_is_synced","",""
"","0","test_can_create_connection[Test for Continuum, url: wss://continuum-rpc-1.metaverse.network/wss]","tests","Tue Apr 01 15:24:14 GMT 2025","passed","Tue Apr 01 15:24:14 GMT 2025","","test_nodes_availability","",""
"","0","test_precision[Test for Bittensor]","tests","Tue Apr 01 15:21:16 GMT 2025","passed","Tue Apr 01 15:21:16 GMT 2025","TestPrecision","test_network_parameters","",""
"","0","test_address_prefix[Test for Enjin Relay]","tests","Tue Apr 01 15:21:53 GMT 2025","passed","Tue Apr 01 15:21:53 GMT 2025","TestNetworkPrefix","test_network_parameters","",""
"","0","test_precision[Test for Humanode]","tests","Tue Apr 01 15:22:06 GMT 2025","passed","Tue Apr 01 15:22:06 GMT 2025","TestPrecision","test_network_parameters","",""
"","188","test_rpc_node_is_synced[Test for Subsocial, url: wss://para.subsocial.network]","tests","Tue Apr 01 15:21:42 GMT 2025","passed","Tue Apr 01 15:21:42 GMT 2025","","test_substrate_node_is_synced","",""
"","0","test_can_create_connection[Test for Phala, url: wss://phala.public.curie.radiumblock.co/ws]","tests","Tue Apr 01 15:23:05 GMT 2025","broken","Tue Apr 01 15:23:05 GMT 2025","","test_nodes_availability","",""
"","0","test_can_create_connection[Test for Avail, url: wss://avail.rpc.bountyblok.io]","tests","Tue Apr 01 15:24:27 GMT 2025","passed","Tue Apr 01 15:24:27 GMT 2025","","test_nodes_availability","",""
"","1","test_address_prefix[Test for Kreivo]","tests","Tue Apr 01 15:22:05 GMT 2025","passed","Tue Apr 01 15:22:05 GMT 2025","TestNetworkPrefix","test_network_parameters","",""
"","1","test_precision[Test for Integritee Parachain]","tests","Tue Apr 01 15:20:35 GMT 2025","passed","Tue Apr 01 15:20:35 GMT 2025","TestPrecision","test_network_parameters","",""
"","0","test_address_prefix[Test for Laos]","tests","Tue Apr 01 15:22:13 GMT 2025","passed","Tue Apr 01 15:22:13 GMT 2025","TestNetworkPrefix","test_network_parameters","",""
"","0","test_can_create_connection[Test for Amplitude, url: wss://rpc-amplitude.pendulumchain.tech]","tests","Tue Apr 01 15:22:42 GMT 2025","passed","Tue Apr 01 15:22:42 GMT 2025","","test_nodes_availability","",""
"","0","test_address_prefix[Test for Hyperbridge Nexus]","tests","Tue Apr 01 15:22:04 GMT 2025","passed","Tue Apr 01 15:22:04 GMT 2025","TestNetworkPrefix","test_network_parameters","",""
"","73","test_rpc_node_is_synced[Test for Hyperbridge Nexus, url: wss://nexus.ibp.network]","tests","Tue Apr 01 15:24:44 GMT 2025","passed","Tue Apr 01 15:24:44 GMT 2025","","test_substrate_node_is_synced","",""
"","117","test_rpc_method_is_available[Test for Astar, url: wss://astar-rpc.dwellir.com]","tests","Tue Apr 01 15:21:41 GMT 2025","passed","Tue Apr 01 15:21:41 GMT 2025","","test_rpc_methods_availability","",""
"","111","test_rpc_method_is_available[Test for Polimec, url: wss://polimec.dotters.network]","tests","Tue Apr 01 15:24:03 GMT 2025","passed","Tue Apr 01 15:24:03 GMT 2025","","test_rpc_methods_availability","",""
"","1","test_can_create_connection[Test for Enjin Matrix, url: wss://rpc.matrix.blockchain.enjin.io]","tests","Tue Apr 01 15:24:00 GMT 2025","passed","Tue Apr 01 15:24:00 GMT 2025","","test_nodes_availability","",""
"","72","test_rpc_method_is_available[Test for Bittensor, url: wss://entrypoint-finney.opentensor.ai:443]","tests","Tue Apr 01 15:23:02 GMT 2025","passed","Tue Apr 01 15:23:02 GMT 2025","","test_rpc_methods_availability","",""
"","0","test_can_create_connection[Test for Polkadot Bridge Hub, url: wss://sys.ibp.network/bridgehub-polkadot]","tests","Tue Apr 01 15:23:26 GMT 2025","passed","Tue Apr 01 15:23:26 GMT 2025","","test_nodes_availability","",""
"","0","test_precision[Test for UNIQUE]","tests","Tue Apr 01 15:20:42 GMT 2025","passed","Tue Apr 01 15:20:42 GMT 2025","TestPrecision","test_network_parameters","",""
"","7","test_has_new_assets[Test for QUARTZ]","tests","Tue Apr 01 15:20:26 GMT 2025","passed","Tue Apr 01 15:20:26 GMT 2025","TestAssets","test_check_new_assets","",""
"","1","test_precision[Test for Darwinia]","tests","Tue Apr 01 15:21:46 GMT 2025","passed","Tue Apr 01 15:21:46 GMT 2025","TestPrecision","test_network_parameters","",""
"","171","test_rpc_node_is_synced[Test for Subsocial, url: wss://subsocial-rpc.dwellir.com]","tests","Tue Apr 01 15:21:33 GMT 2025","passed","Tue Apr 01 15:21:34 GMT 2025","","test_substrate_node_is_synced","",""
"","7","test_has_new_assets[Test for Turing]","tests","Tue Apr 01 15:20:33 GMT 2025","passed","Tue Apr 01 15:20:33 GMT 2025","TestAssets","test_check_new_assets","",""
"","78","test_rpc_node_is_synced[Test for Moonriver, url: wss://wss.api.moonriver.moonbeam.network]","tests","Tue Apr 01 15:20:21 GMT 2025","passed","Tue Apr 01 15:20:21 GMT 2025","","test_substrate_node_is_synced","",""
"","0","test_precision[Test for Creditcoin]","tests","Tue Apr 01 15:22:01 GMT 2025","passed","Tue Apr 01 15:22:01 GMT 2025","TestPrecision","test_network_parameters","",""
"","89","test_rpc_method_is_available[Test for Aventus, url: wss://public-rpc.mainnet.aventus.network]","tests","Tue Apr 01 15:22:59 GMT 2025","passed","Tue Apr 01 15:22:59 GMT 2025","","test_rpc_methods_availability","",""
"","8","test_has_new_assets[Test for Vara]","tests","Tue Apr 01 15:21:10 GMT 2025","passed","Tue Apr 01 15:21:10 GMT 2025","TestAssets","test_check_new_assets","",""
"","69","test_rpc_node_is_synced[Test for Moonbeam, url: wss://moonbeam.ibp.network]","tests","Tue Apr 01 15:20:07 GMT 2025","passed","Tue Apr 01 15:20:07 GMT 2025","","test_substrate_node_is_synced","",""
"","8","test_has_new_assets[Test for Crust Polkadot Parachain]","tests","Tue Apr 01 15:20:58 GMT 2025","passed","Tue Apr 01 15:20:58 GMT 2025","TestAssets","test_check_new_assets","",""
"","0","test_precision[Test for Moonriver]","tests","Tue Apr 01 15:20:23 GMT 2025","passed","Tue Apr 01 15:20:23 GMT 2025","TestPrecision","test_network_parameters","",""
"","80","test_rpc_method_is_available[Test for Polymesh, url: wss://mainnet-rpc.polymesh.network]","tests","Tue Apr 01 15:22:48 GMT 2025","passed","Tue Apr 01 15:22:48 GMT 2025","","test_rpc_methods_availability","",""
"","0","test_can_create_connection[Test for UNIQUE, url: wss://asia-ws.unique.network/]","tests","Tue Apr 01 15:22:53 GMT 2025","passed","Tue Apr 01 15:22:53 GMT 2025","","test_nodes_availability","",""
"","6","test_has_new_assets[Test for Joystream]","tests","Tue Apr 01 15:21:16 GMT 2025","passed","Tue Apr 01 15:21:16 GMT 2025","TestAssets","test_check_new_assets","",""
"","0","test_rpc_method_is_available[Test for Ajuna, url: wss://ajuna.public.curie.radiumblock.co/ws]","tests","Tue Apr 01 15:23:39 GMT 2025","broken","Tue Apr 01 15:23:39 GMT 2025","","test_rpc_methods_availability","",""
"","0","test_precision[Test for Avail]","tests","Tue Apr 01 15:22:00 GMT 2025","passed","Tue Apr 01 15:22:00 GMT 2025","TestPrecision","test_network_parameters","",""
"","0","test_address_prefix[Test for DAO IPCI]","tests","Tue Apr 01 15:21:20 GMT 2025","passed","Tue Apr 01 15:21:20 GMT 2025","TestNetworkPrefix","test_network_parameters","",""
"","19","test_rpc_node_is_synced[Test for Polkadot Collectives, url: wss://collectives.public.curie.radiumblock.co/ws]","tests","Tue Apr 01 15:24:01 GMT 2025","passed","Tue Apr 01 15:24:01 GMT 2025","","test_substrate_node_is_synced","",""
"","125","test_rpc_node_is_synced[Test for Parallel, url: wss://parallel.gatotech.network]","tests","Tue Apr 01 15:21:52 GMT 2025","passed","Tue Apr 01 15:21:52 GMT 2025","","test_substrate_node_is_synced","",""
"","118","test_rpc_method_is_available[Test for Bit.Country Pioneer, url: wss://pioneer-rpc-3.bit.country/wss]","tests","Tue Apr 01 15:22:06 GMT 2025","passed","Tue Apr 01 15:22:07 GMT 2025","","test_rpc_methods_availability","",""
"","157","test_rpc_node_is_synced[Test for Humanode, url: wss://explorer-rpc-ws.mainnet.stages.humanode.io]","tests","Tue Apr 01 15:24:57 GMT 2025","passed","Tue Apr 01 15:24:57 GMT 2025","","test_substrate_node_is_synced","",""
"","1","test_can_create_connection[Test for Tangle, url: wss://tangle-mainnet-rpc.dwellir.com]","tests","Tue Apr 01 15:24:48 GMT 2025","passed","Tue Apr 01 15:24:48 GMT 2025","","test_nodes_availability","",""
"","170","test_rpc_node_is_synced[Test for Enjin Relay, url: wss://enjin-relay-rpc.dwellir.com]","tests","Tue Apr 01 15:24:34 GMT 2025","passed","Tue Apr 01 15:24:34 GMT 2025","","test_substrate_node_is_synced","",""
"","0","test_can_create_connection[Test for Acala, url: wss://acala-rpc-3.aca-api.network/ws]","tests","Tue Apr 01 15:21:16 GMT 2025","passed","Tue Apr 01 15:21:16 GMT 2025","","test_nodes_availability","",""
"","1","test_can_create_connection[Test for Acala, url: wss://acala-rpc-0.aca-api.network]","tests","Tue Apr 01 15:22:16 GMT 2025","passed","Tue Apr 01 15:22:16 GMT 2025","","test_nodes_availability","",""
"","0","test_chainId[Test for Kusama People]","tests","Tue Apr 01 15:20:43 GMT 2025","passed","Tue Apr 01 15:20:43 GMT 2025","TestChainId","test_network_parameters","",""
"","0","test_can_create_connection[Test for Westend (TESTNET), url: wss://westend-rpc.dwellir.com]","tests","Tue Apr 01 15:21:15 GMT 2025","passed","Tue Apr 01 15:21:15 GMT 2025","","test_nodes_availability","",""
"","95","test_rpc_method_is_available[Test for XX network, url: wss://rpc-hetzner.xx.network]","tests","Tue Apr 01 15:23:05 GMT 2025","passed","Tue Apr 01 15:23:05 GMT 2025","","test_rpc_methods_availability","",""
"","0","test_precision[Test for Altair]","tests","Tue Apr 01 15:20:32 GMT 2025","passed","Tue Apr 01 15:20:32 GMT 2025","TestPrecision","test_network_parameters","",""
"","96","test_rpc_method_is_available[Test for NeuroWeb, url: wss://neuroweb-rpc.dwellir.com]","tests","Tue Apr 01 15:23:11 GMT 2025","passed","Tue Apr 01 15:23:11 GMT 2025","","test_rpc_methods_availability","",""
"","71","test_rpc_method_is_available[Test for Bit.Country Pioneer, url: wss://pioneer-rpc-2.bit.country/wss]","tests","Tue Apr 01 15:22:00 GMT 2025","passed","Tue Apr 01 15:22:00 GMT 2025","","test_rpc_methods_availability","",""
"","0","test_precision[Test for Enjin Relay]","tests","Tue Apr 01 15:21:46 GMT 2025","passed","Tue Apr 01 15:21:46 GMT 2025","TestPrecision","test_network_parameters","",""
"","0","test_address_prefix[Test for Interlay]","tests","Tue Apr 01 15:21:23 GMT 2025","passed","Tue Apr 01 15:21:23 GMT 2025","TestNetworkPrefix","test_network_parameters","",""
"","0","test_precision[Test for Aventus]","tests","Tue Apr 01 15:21:13 GMT 2025","passed","Tue Apr 01 15:21:13 GMT 2025","TestPrecision","test_network_parameters","",""
"","5","test_has_new_assets[Test for Westend (TESTNET)]","tests","Tue Apr 01 15:20:18 GMT 2025","passed","Tue Apr 01 15:20:18 GMT 2025","TestAssets","test_check_new_assets","",""
"","116","test_rpc_method_is_available[Test for Polkadot Asset Hub, url: wss://sys.ibp.network/asset-hub-polkadot]","tests","Tue Apr 01 15:22:10 GMT 2025","passed","Tue Apr 01 15:22:10 GMT 2025","","test_rpc_methods_availability","",""
"","63","test_rpc_node_is_synced[Test for Frequency, url: wss://0.rpc.frequency.xyz]","tests","Tue Apr 01 15:24:21 GMT 2025","passed","Tue Apr 01 15:24:21 GMT 2025","","test_substrate_node_is_synced","",""
"","22","test_rpc_node_is_synced[Test for Kusama Asset Hub, url: wss://sys.ibp.network/statemine]","tests","Tue Apr 01 15:21:57 GMT 2025","passed","Tue Apr 01 15:21:58 GMT 2025","","test_substrate_node_is_synced","",""
"","76","test_rpc_node_is_synced[Test for Altair, url: wss://altair.api.onfinality.io/public-ws]","tests","Tue Apr 01 15:21:29 GMT 2025","passed","Tue Apr 01 15:21:29 GMT 2025","","test_substrate_node_is_synced","",""
"","0","test_can_create_connection[Test for Hydration, url: wss://hydration.dotters.network]","tests","Tue Apr 01 15:21:41 GMT 2025","passed","Tue Apr 01 15:21:41 GMT 2025","","test_nodes_availability","",""
"","0","test_precision[Test for Interlay]","tests","Tue Apr 01 15:20:52 GMT 2025","passed","Tue Apr 01 15:20:52 GMT 2025","TestPrecision","test_network_parameters","",""
"","1","test_chainId[Test for Interlay]","tests","Tue Apr 01 15:21:24 GMT 2025","passed","Tue Apr 01 15:21:24 GMT 2025","TestChainId","test_network_parameters","",""
"","201","test_rpc_node_is_synced[Test for Crust Shadow, url: wss://rpc2-shadow.crust.network/]","tests","Tue Apr 01 15:21:47 GMT 2025","passed","Tue Apr 01 15:21:47 GMT 2025","","test_substrate_node_is_synced","",""
"","0","test_chainId[Test for Subsocial]","tests","Tue Apr 01 15:21:13 GMT 2025","passed","Tue Apr 01 15:21:13 GMT 2025","TestChainId","test_network_parameters","",""
"","170","test_rpc_node_is_synced[Test for CLV Parachain, url: wss://rpc-para.clover.finance]","tests","Tue Apr 01 15:21:57 GMT 2025","passed","Tue Apr 01 15:21:57 GMT 2025","","test_substrate_node_is_synced","",""
"","404","test_rpc_node_is_synced[Test for Ethereum, url: https://ethereum-rpc.publicnode.com]","tests","Tue Apr 01 15:20:15 GMT 2025","passed","Tue Apr 01 15:20:16 GMT 2025","TestETHNodesAvailability","test_eth_nodes_availability","",""
"","244","test_rpc_node_is_synced[Test for Astar, url: wss://astar.public.curie.radiumblock.co/ws]","tests","Tue Apr 01 15:21:33 GMT 2025","passed","Tue Apr 01 15:21:33 GMT 2025","","test_substrate_node_is_synced","",""
"","0","test_precision[Test for Robonomics]","tests","Tue Apr 01 15:20:38 GMT 2025","passed","Tue Apr 01 15:20:38 GMT 2025","TestPrecision","test_network_parameters","",""
"","0","test_can_create_connection[Test for Moonriver, url: wss://moonriver.public.curie.radiumblock.co/ws]","tests","Tue Apr 01 15:20:41 GMT 2025","passed","Tue Apr 01 15:20:41 GMT 2025","","test_nodes_availability","",""
"","70","test_rpc_method_is_available[Test for Amplitude, url: wss://rpc-amplitude.pendulumchain.tech]","tests","Tue Apr 01 15:22:41 GMT 2025","passed","Tue Apr 01 15:22:41 GMT 2025","","test_rpc_methods_availability","",""
"","0","test_precision[Test for Subsocial]","tests","Tue Apr 01 15:21:18 GMT 2025","passed","Tue Apr 01 15:21:18 GMT 2025","TestPrecision","test_network_parameters","",""
"","0","test_address_prefix[Test for Encointer]","tests","Tue Apr 01 15:20:56 GMT 2025","passed","Tue Apr 01 15:20:56 GMT 2025","TestNetworkPrefix","test_network_parameters","",""
"","0","test_can_create_connection[Test for Bifrost Polkadot, url: wss://bifrost-polkadot.dotters.network]","tests","Tue Apr 01 15:23:21 GMT 2025","passed","Tue Apr 01 15:23:21 GMT 2025","","test_nodes_availability","",""
"","0","test_can_create_connection[Test for Kusama, url: wss://kusama.public.curie.radiumblock.co/ws]","tests","Tue Apr 01 15:20:48 GMT 2025","passed","Tue Apr 01 15:20:48 GMT 2025","","test_nodes_availability","",""
"","0","test_address_prefix[Test for DENTNet]","tests","Tue Apr 01 15:22:09 GMT 2025","passed","Tue Apr 01 15:22:09 GMT 2025","TestNetworkPrefix","test_network_parameters","",""
"","105","test_rpc_method_is_available[Test for Integritee Parachain, url: wss://kusama.api.integritee.network]","tests","Tue Apr 01 15:22:07 GMT 2025","passed","Tue Apr 01 15:22:07 GMT 2025","","test_rpc_methods_availability","",""
"","64","test_rpc_node_is_synced[Test for Frequency, url: wss://1.rpc.frequency.xyz]","tests","Tue Apr 01 15:24:31 GMT 2025","passed","Tue Apr 01 15:24:31 GMT 2025","","test_substrate_node_is_synced","",""
"","0","test_precision[Test for Mangata X]","tests","Tue Apr 01 15:20:46 GMT 2025","passed","Tue Apr 01 15:20:46 GMT 2025","TestPrecision","test_network_parameters","",""
"","97","test_rpc_method_is_available[Test for Polkadot People, url: wss://people-polkadot.public.curie.radiumblock.co/ws]","tests","Tue Apr 01 15:20:40 GMT 2025","passed","Tue Apr 01 15:20:40 GMT 2025","","test_rpc_methods_availability","",""
"","0","test_can_create_connection[Test for Kusama, url: wss://rpc.ibp.network/kusama]","tests","Tue Apr 01 15:21:10 GMT 2025","passed","Tue Apr 01 15:21:10 GMT 2025","","test_nodes_availability","",""
"","22","test_rpc_node_is_synced[Test for Kusama Bridge Hub, url: wss://sys.ibp.network/bridgehub-kusama]","tests","Tue Apr 01 15:24:02 GMT 2025","passed","Tue Apr 01 15:24:02 GMT 2025","","test_substrate_node_is_synced","",""
"","59","test_rpc_node_is_synced[Test for Amplitude, url: wss://rpc-amplitude.pendulumchain.tech]","tests","Tue Apr 01 15:22:42 GMT 2025","passed","Tue Apr 01 15:22:42 GMT 2025","","test_substrate_node_is_synced","",""
"","1","test_chainId[Test for JAMTON]","tests","Tue Apr 01 15:22:21 GMT 2025","passed","Tue Apr 01 15:22:21 GMT 2025","TestChainId","test_network_parameters","",""
"","0","test_can_create_connection[Test for Kusama People, url: wss://people-kusama.dotters.network]","tests","Tue Apr 01 15:20:41 GMT 2025","passed","Tue Apr 01 15:20:41 GMT 2025","","test_nodes_availability","",""
"","184","test_rpc_node_is_synced[Test for Westend (TESTNET), url: wss://westend.api.onfinality.io/public-ws]","tests","Tue Apr 01 15:21:55 GMT 2025","passed","Tue Apr 01 15:21:55 GMT 2025","","test_substrate_node_is_synced","",""
"","1","test_chainId[Test for Westend (TESTNET)]","tests","Tue Apr 01 15:20:53 GMT 2025","passed","Tue Apr 01 15:20:53 GMT 2025","TestChainId","test_network_parameters","",""
"","72","test_rpc_method_is_available[Test for Kusama, url: wss://rpc-kusama-1.novasama-tech.org]","tests","Tue Apr 01 15:21:05 GMT 2025","passed","Tue Apr 01 15:21:05 GMT 2025","","test_rpc_methods_availability","",""
"","0","test_precision[Test for Heima]","tests","Tue Apr 01 15:21:01 GMT 2025","passed","Tue Apr 01 15:21:01 GMT 2025","TestPrecision","test_network_parameters","",""
"","0","test_precision[Test for Polimec]","tests","Tue Apr 01 15:21:42 GMT 2025","passed","Tue Apr 01 15:21:42 GMT 2025","TestPrecision","test_network_parameters","",""
"","0","test_precision[Test for QUARTZ]","tests","Tue Apr 01 15:20:38 GMT 2025","passed","Tue Apr 01 15:20:38 GMT 2025","TestPrecision","test_network_parameters","",""
"","1","test_can_create_connection[Test for Encointer, url: wss://sys.ibp.network/encointer-kusama]","tests","Tue Apr 01 15:22:36 GMT 2025","passed","Tue Apr 01 15:22:36 GMT 2025","","test_nodes_availability","",""
"","0","test_precision[Test for Nodle Parachain]","tests","Tue Apr 01 15:21:03 GMT 2025","passed","Tue Apr 01 15:21:03 GMT 2025","TestPrecision","test_network_parameters","",""
"","119","test_rpc_method_is_available[Test for peaq, url: wss://peaq.api.onfinality.io/public]","tests","Tue Apr 01 15:24:35 GMT 2025","passed","Tue Apr 01 15:24:36 GMT 2025","","test_rpc_methods_availability","",""
"","0","test_can_create_connection[Test for Karura, url: wss://karura.api.onfinality.io/public-ws]","tests","Tue Apr 01 15:20:50 GMT 2025","passed","Tue Apr 01 15:20:50 GMT 2025","","test_nodes_availability","",""
"","0","test_chainId[Test for Polkadot Asset Hub]","tests","Tue Apr 01 15:20:58 GMT 2025","passed","Tue Apr 01 15:20:58 GMT 2025","TestChainId","test_network_parameters","",""
"","175","test_rpc_node_is_synced[Test for Heima, url: wss://rpc.litentry-parachain.litentry.io]","tests","Tue Apr 01 15:23:44 GMT 2025","passed","Tue Apr 01 15:23:44 GMT 2025","","test_substrate_node_is_synced","",""
"","0","test_can_create_connection[Test for Integritee Parachain, url: wss://integritee-kusama.api.onfinality.io/public-ws]","tests","Tue Apr 01 15:21:58 GMT 2025","passed","Tue Apr 01 15:21:58 GMT 2025","","test_nodes_availability","",""
"","66","test_rpc_method_is_available[Test for Laos, url: wss://laos-rpc.dwellir.com]","tests","Tue Apr 01 15:24:36 GMT 2025","passed","Tue Apr 01 15:24:36 GMT 2025","","test_rpc_methods_availability","",""
"","165","test_rpc_node_is_synced[Test for KILT, url: wss://spiritnet.kilt.io/]","tests","Tue Apr 01 15:21:46 GMT 2025","passed","Tue Apr 01 15:21:46 GMT 2025","","test_substrate_node_is_synced","",""
"","0","test_can_create_connection[Test for Manta Atlantic, url: wss://ws.manta.systems]","tests","Tue Apr 01 15:24:09 GMT 2025","passed","Tue Apr 01 15:24:09 GMT 2025","","test_nodes_availability","",""
"","0","test_chainId[Test for Polkadot]","tests","Tue Apr 01 15:20:44 GMT 2025","passed","Tue Apr 01 15:20:44 GMT 2025","TestChainId","test_network_parameters","",""
"","0","test_precision[Test for Ternoa]","tests","Tue Apr 01 15:21:05 GMT 2025","passed","Tue Apr 01 15:21:05 GMT 2025","TestPrecision","test_network_parameters","",""
"","102","test_rpc_method_is_available[Test for Polkadot People, url: wss://polkadot-people-rpc.polkadot.io]","tests","Tue Apr 01 15:20:32 GMT 2025","passed","Tue Apr 01 15:20:32 GMT 2025","","test_rpc_methods_availability","",""
"","9","test_has_new_assets[Test for UNIQUE]","tests","Tue Apr 01 15:20:30 GMT 2025","passed","Tue Apr 01 15:20:30 GMT 2025","TestAssets","test_check_new_assets","",""
"","181","test_rpc_node_is_synced[Test for Avail, url: wss://avail.rpc.bountyblok.io]","tests","Tue Apr 01 15:24:51 GMT 2025","passed","Tue Apr 01 15:24:51 GMT 2025","","test_substrate_node_is_synced","",""
"","1","test_can_create_connection[Test for Bit.Country Pioneer, url: wss://pioneer-rpc-1.bit.country/wss]","tests","Tue Apr 01 15:22:00 GMT 2025","passed","Tue Apr 01 15:22:00 GMT 2025","","test_nodes_availability","",""
"","0","test_chainId[Test for Shiden]","tests","Tue Apr 01 15:20:54 GMT 2025","passed","Tue Apr 01 15:20:54 GMT 2025","TestChainId","test_network_parameters","",""
"","170","test_rpc_node_is_synced[Test for InvArch, url: wss://invarch-rpc.dwellir.com]","tests","Tue Apr 01 15:24:06 GMT 2025","passed","Tue Apr 01 15:24:06 GMT 2025","","test_substrate_node_is_synced","",""
"","105","test_rpc_method_is_available[Test for GIANT, url: wss://rpc-anchor-1-mainnet-az-ue1.giantprotocol.org:443]","tests","Tue Apr 01 15:23:42 GMT 2025","passed","Tue Apr 01 15:23:42 GMT 2025","","test_rpc_methods_availability","",""
"","1","test_chainId[Test for Ajuna]","tests","Tue Apr 01 15:21:38 GMT 2025","passed","Tue Apr 01 15:21:38 GMT 2025","TestChainId","test_network_parameters","",""
"","0","test_can_create_connection[Test for Bifrost Kusama, url: wss://bifrost-rpc.liebi.com/ws]","tests","Tue Apr 01 15:21:12 GMT 2025","passed","Tue Apr 01 15:21:12 GMT 2025","","test_nodes_availability","",""
"","0","test_chainId[Test for Tangle]","tests","Tue Apr 01 15:22:24 GMT 2025","passed","Tue Apr 01 15:22:24 GMT 2025","TestChainId","test_network_parameters","",""
"","173","test_rpc_node_is_synced[Test for Crab, url: wss://darwiniacrab-rpc.dwellir.com]","tests","Tue Apr 01 15:24:19 GMT 2025","passed","Tue Apr 01 15:24:19 GMT 2025","","test_substrate_node_is_synced","",""
"","7","test_has_new_assets[Test for Continuum]","tests","Tue Apr 01 15:21:26 GMT 2025","passed","Tue Apr 01 15:21:26 GMT 2025","TestAssets","test_check_new_assets","",""
"","102","test_rpc_method_is_available[Test for Mangata X, url: wss://kusama-rpc.mangata.online]","tests","Tue Apr 01 15:23:07 GMT 2025","passed","Tue Apr 01 15:23:07 GMT 2025","","test_rpc_methods_availability","",""
"","1","test_can_create_connection[Test for Ajuna, url: wss://ajuna.dotters.network]","tests","Tue Apr 01 15:23:36 GMT 2025","passed","Tue Apr 01 15:23:36 GMT 2025","","test_nodes_availability","",""
"","22","test_rpc_node_is_synced[Test for Polkadot People, url: wss://people-polkadot.dotters.network]","tests","Tue Apr 01 15:20:22 GMT 2025","passed","Tue Apr 01 15:20:22 GMT 2025","","test_substrate_node_is_synced","",""
"","62","test_rpc_node_is_synced[Test for Kabocha, url: wss://kabocha.jelliedowl.com]","tests","Tue Apr 01 15:23:10 GMT 2025","passed","Tue Apr 01 15:23:10 GMT 2025","","test_substrate_node_is_synced","",""
"","119","test_rpc_method_is_available[Test for Subsocial, url: wss://subsocial-rpc.dwellir.com]","tests","Tue Apr 01 15:21:45 GMT 2025","passed","Tue Apr 01 15:21:45 GMT 2025","","test_rpc_methods_availability","",""
"","1","test_address_prefix[Test for Phala]","tests","Tue Apr 01 15:21:34 GMT 2025","passed","Tue Apr 01 15:21:34 GMT 2025","TestNetworkPrefix","test_network_parameters","",""
"","22","test_rpc_node_is_synced[Test for Polkadot Asset Hub, url: wss://sys.ibp.network/asset-hub-polkadot]","tests","Tue Apr 01 15:22:04 GMT 2025","passed","Tue Apr 01 15:22:04 GMT 2025","","test_substrate_node_is_synced","",""
"","0","test_chainId[Test for Enjin Matrix]","tests","Tue Apr 01 15:21:49 GMT 2025","passed","Tue Apr 01 15:21:49 GMT 2025","TestChainId","test_network_parameters","",""
"","21","test_rpc_node_is_synced[Test for Polkadex, url: wss://polkadex.public.curie.radiumblock.co/ws]","tests","Tue Apr 01 15:22:32 GMT 2025","passed","Tue Apr 01 15:22:32 GMT 2025","","test_substrate_node_is_synced","",""
"","7","test_rpc_node_is_synced[Test for CC Enterprise, url: wss://mainnet.creditcoin.network/ws]","tests","Tue Apr 01 15:24:50 GMT 2025","passed","Tue Apr 01 15:24:50 GMT 2025","","test_substrate_node_is_synced","",""
"","93","test_rpc_method_is_available[Test for NeuroWeb, url: wss://parachain-rpc.origin-trail.network]","tests","Tue Apr 01 15:23:07 GMT 2025","passed","Tue Apr 01 15:23:07 GMT 2025","","test_rpc_methods_availability","",""
"","0","test_address_prefix[Test for Manta Atlantic]","tests","Tue Apr 01 15:22:01 GMT 2025","passed","Tue Apr 01 15:22:01 GMT 2025","TestNetworkPrefix","test_network_parameters","",""
"","0","test_precision[Test for Cere]","tests","Tue Apr 01 15:21:58 GMT 2025","passed","Tue Apr 01 15:21:58 GMT 2025","TestPrecision","test_network_parameters","",""
"","70","test_rpc_method_is_available[Test for Bifrost Polkadot, url: wss://bifrost-polkadot.ibp.network]","tests","Tue Apr 01 15:23:16 GMT 2025","passed","Tue Apr 01 15:23:16 GMT 2025","","test_rpc_methods_availability","",""
"","0","test_can_create_connection[Test for Bifrost Polkadot, url: wss://hk.p.bifrost-rpc.liebi.com/ws]","tests","Tue Apr 01 15:23:28 GMT 2025","passed","Tue Apr 01 15:23:28 GMT 2025","","test_nodes_availability","",""
"","22","test_rpc_node_is_synced[Test for Polkadot Asset Hub, url: wss://asset-hub-polkadot.dotters.network]","tests","Tue Apr 01 15:22:06 GMT 2025","passed","Tue Apr 01 15:22:06 GMT 2025","","test_substrate_node_is_synced","",""
"","177","test_rpc_node_is_synced[Test for Hydration, url: wss://hydradx-rpc.dwellir.com]","tests","Tue Apr 01 15:22:07 GMT 2025","passed","Tue Apr 01 15:22:07 GMT 2025","","test_substrate_node_is_synced","",""
"","221","test_rpc_node_is_synced[Test for XX network, url: wss://rpc-do.xx.network]","tests","Tue Apr 01 15:23:13 GMT 2025","passed","Tue Apr 01 15:23:13 GMT 2025","","test_substrate_node_is_synced","",""
"","70","test_rpc_method_is_available[Test for Frequency, url: wss://1.rpc.frequency.xyz]","tests","Tue Apr 01 15:23:55 GMT 2025","passed","Tue Apr 01 15:23:55 GMT 2025","","test_rpc_methods_availability","",""
"","69","test_rpc_node_is_synced[Test for Acala, url: wss://acala-polkadot.api.onfinality.io/public-ws]","tests","Tue Apr 01 15:22:21 GMT 2025","passed","Tue Apr 01 15:22:21 GMT 2025","","test_substrate_node_is_synced","",""
"","0","test_can_create_connection[Test for Integritee Parachain, url: wss://kusama.api.integritee.network]","tests","Tue Apr 01 15:21:51 GMT 2025","passed","Tue Apr 01 15:21:51 GMT 2025","","test_nodes_availability","",""
"","0","test_chainId[Test for Vara]","tests","Tue Apr 01 15:21:48 GMT 2025","passed","Tue Apr 01 15:21:48 GMT 2025","TestChainId","test_network_parameters","",""
"","139","test_rpc_node_is_synced[Test for UNIQUE, url: wss://eu-ws.unique.network/]","tests","Tue Apr 01 15:22:43 GMT 2025","passed","Tue Apr 01 15:22:43 GMT 2025","","test_substrate_node_is_synced","",""
"","8","test_has_new_assets[Test for Subsocial]","tests","Tue Apr 01 15:20:42 GMT 2025","passed","Tue Apr 01 15:20:42 GMT 2025","TestAssets","test_check_new_assets","",""
"","71","test_rpc_method_is_available[Test for Bajun, url: wss://rpc-para.bajun.network]","tests","Tue Apr 01 15:23:29 GMT 2025","passed","Tue Apr 01 15:23:29 GMT 2025","","test_rpc_methods_availability","",""
"","0","test_chainId[Test for Polkadot Bridge Hub]","tests","Tue Apr 01 15:21:41 GMT 2025","passed","Tue Apr 01 15:21:41 GMT 2025","TestChainId","test_network_parameters","",""
"","73","test_rpc_method_is_available[Test for Moonriver, url: wss://moonriver-rpc.dwellir.com]","tests","Tue Apr 01 15:20:58 GMT 2025","passed","Tue Apr 01 15:20:58 GMT 2025","","test_rpc_methods_availability","",""
"","1","test_can_create_connection[Test for Westend (TESTNET), url: wss://westend.api.onfinality.io/public-ws]","tests","Tue Apr 01 15:21:35 GMT 2025","passed","Tue Apr 01 15:21:35 GMT 2025","","test_nodes_availability","",""
"","170","test_rpc_node_is_synced[Test for KILT, url: wss://kilt-rpc.dwellir.com]","tests","Tue Apr 01 15:21:40 GMT 2025","passed","Tue Apr 01 15:21:40 GMT 2025","","test_substrate_node_is_synced","",""
"","97","test_rpc_method_is_available[Test for Cere, url: wss://rpc.mainnet.cere.network/ws]","tests","Tue Apr 01 15:24:26 GMT 2025","passed","Tue Apr 01 15:24:26 GMT 2025","","test_rpc_methods_availability","",""
"","5","test_has_new_assets[Test for JAMTON]","tests","Tue Apr 01 15:21:49 GMT 2025","passed","Tue Apr 01 15:21:49 GMT 2025","TestAssets","test_check_new_assets","",""
"","72","test_rpc_node_is_synced[Test for Bifrost Polkadot, url: wss://bifrost-polkadot.dotters.network]","tests","Tue Apr 01 15:23:25 GMT 2025","passed","Tue Apr 01 15:23:26 GMT 2025","","test_substrate_node_is_synced","",""
"","5","test_has_new_assets[Test for Xode]","tests","Tue Apr 01 15:21:49 GMT 2025","passed","Tue Apr 01 15:21:49 GMT 2025","TestAssets","test_check_new_assets","",""
"","82820","test_subquery_is_synced","tests","Tue Apr 01 15:20:16 GMT 2025","passed","Tue Apr 01 15:21:39 GMT 2025","","test_subquery_is_synced","",""
"","72","test_rpc_method_is_available[Test for Nodle Parachain, url: wss://nodle-parachain.api.onfinality.io/public-ws]","tests","Tue Apr 01 15:22:07 GMT 2025","passed","Tue Apr 01 15:22:07 GMT 2025","","test_rpc_methods_availability","",""
"","1","test_can_create_connection[Test for Astar, url: wss://rpc.astar.network]","tests","Tue Apr 01 15:21:34 GMT 2025","passed","Tue Apr 01 15:21:34 GMT 2025","","test_nodes_availability","",""
"","0","test_address_prefix[Test for KILT]","tests","Tue Apr 01 15:20:53 GMT 2025","passed","Tue Apr 01 15:20:53 GMT 2025","TestNetworkPrefix","test_network_parameters","",""
"","1","test_address_prefix[Test for Mythos]","tests","Tue Apr 01 15:22:00 GMT 2025","passed","Tue Apr 01 15:22:00 GMT 2025","TestNetworkPrefix","test_network_parameters","",""
"","183","test_rpc_node_is_synced[Test for Subsocial, url: wss://para.f3joule.space]","tests","Tue Apr 01 15:21:38 GMT 2025","passed","Tue Apr 01 15:21:38 GMT 2025","","test_substrate_node_is_synced","",""
"","116","test_rpc_method_is_available[Test for peaq, url: wss://peaq-rpc.publicnode.com]","tests","Tue Apr 01 15:24:32 GMT 2025","passed","Tue Apr 01 15:24:32 GMT 2025","","test_rpc_methods_availability","",""
"","22","test_rpc_node_is_synced[Test for Kusama People, url: wss://people-kusama.dotters.network]","tests","Tue Apr 01 15:20:39 GMT 2025","passed","Tue Apr 01 15:20:39 GMT 2025","","test_substrate_node_is_synced","",""
"","1","test_can_create_connection[Test for Kusama, url: wss://apps-kusama-rpc.polkadot.io]","tests","Tue Apr 01 15:20:23 GMT 2025","passed","Tue Apr 01 15:20:23 GMT 2025","","test_nodes_availability","",""
"","1","test_can_create_connection[Test for Polkadot Collectives, url: wss://collectives-polkadot.dotters.network]","tests","Tue Apr 01 15:23:46 GMT 2025","passed","Tue Apr 01 15:23:46 GMT 2025","","test_nodes_availability","",""
"","1","test_can_create_connection[Test for Polkadex, url: wss://polkadex.public.curie.radiumblock.co/ws]","tests","Tue Apr 01 15:22:28 GMT 2025","passed","Tue Apr 01 15:22:28 GMT 2025","","test_nodes_availability","",""
"","0","test_can_create_connection[Test for Crust Shadow, url: wss://rpc-shadow.crust.network/]","tests","Tue Apr 01 15:21:47 GMT 2025","passed","Tue Apr 01 15:21:47 GMT 2025","","test_nodes_availability","",""
"","73","test_rpc_node_is_synced[Test for GIANT, url: wss://rpc-anchor-1-mainnet-az-ue1.giantprotocol.org:443]","tests","Tue Apr 01 15:23:46 GMT 2025","passed","Tue Apr 01 15:23:47 GMT 2025","","test_substrate_node_is_synced","",""
"","0","test_can_create_connection[Test for Enjin Matrix, url: wss://enjin-matrix-rpc-1.dwellir.com]","tests","Tue Apr 01 15:24:20 GMT 2025","passed","Tue Apr 01 15:24:20 GMT 2025","","test_nodes_availability","",""
"","72","test_rpc_node_is_synced[Test for Ajuna, url: wss://ajuna.ibp.network]","tests","Tue Apr 01 15:23:41 GMT 2025","passed","Tue Apr 01 15:23:41 GMT 2025","","test_substrate_node_is_synced","",""
"","0","test_chainId[Test for Mythos]","tests","Tue Apr 01 15:22:00 GMT 2025","passed","Tue Apr 01 15:22:00 GMT 2025","TestChainId","test_network_parameters","",""
"","172","test_rpc_node_is_synced[Test for Kusama, url: wss://kusama-rpc.dwellir.com]","tests","Tue Apr 01 15:20:17 GMT 2025","passed","Tue Apr 01 15:20:17 GMT 2025","","test_substrate_node_is_synced","",""
"","220","test_rpc_node_is_synced[Test for Kusama, url: wss://rpc-kusama-1.novasama-tech.org]","tests","Tue Apr 01 15:20:48 GMT 2025","passed","Tue Apr 01 15:20:48 GMT 2025","","test_substrate_node_is_synced","",""
"","60","test_rpc_node_is_synced[Test for Pendulum, url: wss://rpc-pendulum.prd.pendulumchain.tech]","tests","Tue Apr 01 15:23:16 GMT 2025","passed","Tue Apr 01 15:23:16 GMT 2025","","test_substrate_node_is_synced","",""
"","0","test_can_create_connection[Test for Humanode, url: wss://explorer-rpc-ws.mainnet.stages.humanode.io]","tests","Tue Apr 01 15:24:31 GMT 2025","passed","Tue Apr 01 15:24:31 GMT 2025","","test_nodes_availability","",""
"","69","test_rpc_method_is_available[Test for DAO IPCI, url: wss://ipci.rpc.robonomics.network]","tests","Tue Apr 01 15:22:51 GMT 2025","passed","Tue Apr 01 15:22:51 GMT 2025","","test_rpc_methods_availability","",""
"","1","test_can_create_connection[Test for Aleph Zero, url: wss://ws.azero.dev]","tests","Tue Apr 01 15:22:26 GMT 2025","passed","Tue Apr 01 15:22:26 GMT 2025","","test_nodes_availability","",""
"","352","test_rpc_node_is_synced[Test for Acala, url: wss://acala-rpc-0.aca-api.network]","tests","Tue Apr 01 15:22:25 GMT 2025","passed","Tue Apr 01 15:22:25 GMT 2025","","test_substrate_node_is_synced","",""
"","0","test_chainId[Test for Creditcoin]","tests","Tue Apr 01 15:22:12 GMT 2025","passed","Tue Apr 01 15:22:12 GMT 2025","TestChainId","test_network_parameters","",""
"","69","test_rpc_method_is_available[Test for Encointer, url: wss://encointer-kusama.dotters.network]","tests","Tue Apr 01 15:22:39 GMT 2025","passed","Tue Apr 01 15:22:39 GMT 2025","","test_rpc_methods_availability","",""
"","6","test_has_new_assets[Test for GIANT]","tests","Tue Apr 01 15:21:08 GMT 2025","passed","Tue Apr 01 15:21:08 GMT 2025","TestAssets","test_check_new_assets","",""
"","0","test_can_create_connection[Test for Dock, url: wss://mainnet-node.dock.io]","tests","Tue Apr 01 15:24:37 GMT 2025","broken","Tue Apr 01 15:24:37 GMT 2025","","test_nodes_availability","",""
"","0","test_can_create_connection[Test for KILT, url: wss://kilt.ibp.network]","tests","Tue Apr 01 15:21:25 GMT 2025","passed","Tue Apr 01 15:21:25 GMT 2025","","test_nodes_availability","",""
"","173","test_rpc_node_is_synced[Test for NeuroWeb, url: wss://neuroweb-rpc.dwellir.com]","tests","Tue Apr 01 15:23:17 GMT 2025","passed","Tue Apr 01 15:23:17 GMT 2025","","test_substrate_node_is_synced","",""
"","0","test_can_create_connection[Test for Ajuna, url: wss://ajuna.ibp.network]","tests","Tue Apr 01 15:23:32 GMT 2025","passed","Tue Apr 01 15:23:32 GMT 2025","","test_nodes_availability","",""
"","0","test_has_new_assets[Test for 3DPass]","tests","Tue Apr 01 15:21:11 GMT 2025","broken","Tue Apr 01 15:21:11 GMT 2025","TestAssets","test_check_new_assets","",""
"","104","test_rpc_method_is_available[Test for Shiden, url: wss://shiden.api.onfinality.io/public-ws]","tests","Tue Apr 01 15:21:20 GMT 2025","passed","Tue Apr 01 15:21:20 GMT 2025","","test_rpc_methods_availability","",""
"","0","test_address_prefix[Test for Acurast Canary]","tests","Tue Apr 01 15:22:02 GMT 2025","passed","Tue Apr 01 15:22:02 GMT 2025","TestNetworkPrefix","test_network_parameters","",""
"","0","test_can_create_connection[Test for Enjin Relay, url: wss://enjin-relay-rpc.dwellir.com]","tests","Tue Apr 01 15:24:09 GMT 2025","passed","Tue Apr 01 15:24:09 GMT 2025","","test_nodes_availability","",""
"","0","test_precision[Test for Curio]","tests","Tue Apr 01 15:21:47 GMT 2025","passed","Tue Apr 01 15:21:47 GMT 2025","TestPrecision","test_network_parameters","",""
"","183","test_rpc_node_is_synced[Test for Polkadot Asset Hub, url: wss://statemint.api.onfinality.io/public-ws]","tests","Tue Apr 01 15:22:15 GMT 2025","passed","Tue Apr 01 15:22:15 GMT 2025","","test_substrate_node_is_synced","",""
"","1","test_can_create_connection[Test for KILT, url: wss://spiritnet.kilt.io/]","tests","Tue Apr 01 15:21:39 GMT 2025","passed","Tue Apr 01 15:21:39 GMT 2025","","test_nodes_availability","",""
"","75","test_rpc_method_is_available[Test for Nodle Parachain, url: wss://nodle-rpc.dwellir.com]","tests","Tue Apr 01 15:22:14 GMT 2025","passed","Tue Apr 01 15:22:14 GMT 2025","","test_rpc_methods_availability","",""
"","22","test_rpc_node_is_synced[Test for Encointer, url: wss://encointer-kusama.dotters.network]","tests","Tue Apr 01 15:22:24 GMT 2025","passed","Tue Apr 01 15:22:24 GMT 2025","","test_substrate_node_is_synced","",""
"","72","test_rpc_method_is_available[Test for Parallel, url: wss://parallel.gatotech.network]","tests","Tue Apr 01 15:21:57 GMT 2025","passed","Tue Apr 01 15:21:57 GMT 2025","","test_rpc_methods_availability","",""
"","0","test_address_prefix[Test for Bittensor]","tests","Tue Apr 01 15:21:33 GMT 2025","passed","Tue Apr 01 15:21:33 GMT 2025","TestNetworkPrefix","test_network_parameters","",""
"","0","test_can_create_connection[Test for UNIQUE, url: wss://us-ws.unique.network/]","tests","Tue Apr 01 15:22:46 GMT 2025","passed","Tue Apr 01 15:22:46 GMT 2025","","test_nodes_availability","",""
"","0","test_precision[Test for Zeitgeist]","tests","Tue Apr 01 15:20:54 GMT 2025","passed","Tue Apr 01 15:20:54 GMT 2025","TestPrecision","test_network_parameters","",""
"","0","test_precision[Test for Kusama Asset Hub]","tests","Tue Apr 01 15:20:26 GMT 2025","passed","Tue Apr 01 15:20:26 GMT 2025","TestPrecision","test_network_parameters","",""
"","0","test_can_create_connection[Test for Mythos, url: wss://mythos.ibp.network]","tests","Tue Apr 01 15:24:13 GMT 2025","passed","Tue Apr 01 15:24:13 GMT 2025","","test_nodes_availability","",""
"","0","test_chainId[Test for XX network]","tests","Tue Apr 01 15:21:37 GMT 2025","passed","Tue Apr 01 15:21:37 GMT 2025","TestChainId","test_network_parameters","",""
"","133","test_rpc_node_is_synced[Test for Xode, url: wss://rpc-kr.xode.net]","tests","Tue Apr 01 15:25:00 GMT 2025","passed","Tue Apr 01 15:25:00 GMT 2025","","test_substrate_node_is_synced","",""
"","187","test_rpc_node_is_synced[Test for Curio, url: wss://archive.parachain.curioinvest.com]","tests","Tue Apr 01 15:24:40 GMT 2025","passed","Tue Apr 01 15:24:41 GMT 2025","","test_substrate_node_is_synced","",""
"","82","test_rpc_node_is_synced[Test for peaq, url: wss://peaq-rpc.publicnode.com]","tests","Tue Apr 01 15:24:54 GMT 2025","passed","Tue Apr 01 15:24:54 GMT 2025","","test_substrate_node_is_synced","",""
"","73","test_rpc_method_is_available[Test for Polkadot, url: wss://polkadot.public.curie.radiumblock.co/ws]","tests","Tue Apr 01 15:20:53 GMT 2025","passed","Tue Apr 01 15:20:53 GMT 2025","","test_rpc_methods_availability","",""
"","216","test_rpc_node_is_synced[Test for Polkadot, url: wss://rpc-polkadot-1.novasama-tech.org]","tests","Tue Apr 01 15:20:07 GMT 2025","passed","Tue Apr 01 15:20:08 GMT 2025","","test_substrate_node_is_synced","",""
"","77","test_rpc_method_is_available[Test for Westend (TESTNET), url: wss://rpc.ibp.network/westend]","tests","Tue Apr 01 15:21:17 GMT 2025","passed","Tue Apr 01 15:21:17 GMT 2025","","test_rpc_methods_availability","",""
"","490","test_rpc_node_work_fast[Test for Ethereum, url: https://ethereum-rpc.publicnode.com]","tests","Tue Apr 01 15:20:15 GMT 2025","passed","Tue Apr 01 15:20:16 GMT 2025","TestETHNodesAvailability","test_eth_nodes_availability","",""
"","196","test_rpc_node_is_synced[Test for Laos, url: wss://laos-rpc.dwellir.com]","tests","Tue Apr 01 15:25:04 GMT 2025","passed","Tue Apr 01 15:25:04 GMT 2025","","test_substrate_node_is_synced","",""
"","0","test_address_prefix[Test for Karura]","tests","Tue Apr 01 15:20:40 GMT 2025","passed","Tue Apr 01 15:20:40 GMT 2025","TestNetworkPrefix","test_network_parameters","",""
"","173","test_rpc_node_is_synced[Test for Integritee Parachain, url: wss://kusama.api.integritee.network]","tests","Tue Apr 01 15:21:56 GMT 2025","passed","Tue Apr 01 15:21:57 GMT 2025","","test_substrate_node_is_synced","",""
"","172","test_rpc_node_is_synced[Test for Kusama Asset Hub, url: wss://statemine-rpc.dwellir.com]","tests","Tue Apr 01 15:20:15 GMT 2025","passed","Tue Apr 01 15:20:15 GMT 2025","","test_substrate_node_is_synced","",""
"","179","test_rpc_node_is_synced[Test for Interlay, url: wss://api.interlay.io/parachain]","tests","Tue Apr 01 15:22:13 GMT 2025","passed","Tue Apr 01 15:22:13 GMT 2025","","test_substrate_node_is_synced","",""
"","134","test_rpc_method_is_available[Test for Polkadot, url: wss://rpc-polkadot-1.novasama-tech.org]","tests","Tue Apr 01 15:20:27 GMT 2025","passed","Tue Apr 01 15:20:27 GMT 2025","","test_rpc_methods_availability","",""
"","21","test_rpc_node_is_synced[Test for Shiden, url: wss://shiden.public.curie.radiumblock.co/ws]","tests","Tue Apr 01 15:20:51 GMT 2025","passed","Tue Apr 01 15:20:51 GMT 2025","","test_substrate_node_is_synced","",""
"","0","test_can_create_connection[Test for Encointer, url: wss://api.kusama.encointer.org]","tests","Tue Apr 01 15:21:15 GMT 2025","passed","Tue Apr 01 15:21:15 GMT 2025","","test_nodes_availability","",""
"","0","test_can_create_connection[Test for XX network, url: wss://rpc-do.xx.network]","tests","Tue Apr 01 15:23:16 GMT 2025","passed","Tue Apr 01 15:23:16 GMT 2025","","test_nodes_availability","",""
"","0","test_precision[Test for Basilisk]","tests","Tue Apr 01 15:20:21 GMT 2025","passed","Tue Apr 01 15:20:21 GMT 2025","TestPrecision","test_network_parameters","",""
"","0","test_address_prefix[Test for Aleph Zero]","tests","Tue Apr 01 15:21:20 GMT 2025","passed","Tue Apr 01 15:21:20 GMT 2025","TestNetworkPrefix","test_network_parameters","",""
"","825","test_rpc_node_is_synced[Test for Acurast Canary, url: wss://acurast-canarynet-ws.prod.gke.papers.tech]","tests","Tue Apr 01 15:24:40 GMT 2025","passed","Tue Apr 01 15:24:41 GMT 2025","","test_substrate_node_is_synced","",""
"","0","test_precision[Test for Polkadot Asset Hub]","tests","Tue Apr 01 15:20:33 GMT 2025","passed","Tue Apr 01 15:20:33 GMT 2025","TestPrecision","test_network_parameters","",""
"","0","test_can_create_connection[Test for Polkadot, url: wss://rpc-polkadot-1.novasama-tech.org]","tests","Tue Apr 01 15:20:20 GMT 2025","passed","Tue Apr 01 15:20:20 GMT 2025","","test_nodes_availability","",""
"","0","test_precision[Test for Phala]","tests","Tue Apr 01 15:21:14 GMT 2025","passed","Tue Apr 01 15:21:14 GMT 2025","TestPrecision","test_network_parameters","",""
"","0","test_address_prefix[Test for XX network]","tests","Tue Apr 01 15:21:26 GMT 2025","passed","Tue Apr 01 15:21:26 GMT 2025","TestNetworkPrefix","test_network_parameters","",""
"","0","test_can_create_connection[Test for Astar, url: wss://astar.api.onfinality.io/public-ws]","tests","Tue Apr 01 15:21:53 GMT 2025","passed","Tue Apr 01 15:21:53 GMT 2025","","test_nodes_availability","",""
"","1","test_can_create_connection[Test for Moonriver, url: wss://moonriver-rpc.dwellir.com]","tests","Tue Apr 01 15:20:46 GMT 2025","passed","Tue Apr 01 15:20:46 GMT 2025","","test_nodes_availability","",""
"","1","test_can_create_connection[Test for QUARTZ, url: wss://quartz.unique.network]","tests","Tue Apr 01 15:21:42 GMT 2025","passed","Tue Apr 01 15:21:42 GMT 2025","","test_nodes_availability","",""
"","173","test_rpc_node_is_synced[Test for Polkadot Asset Hub, url: wss://statemint-rpc.dwellir.com]","tests","Tue Apr 01 15:22:11 GMT 2025","passed","Tue Apr 01 15:22:11 GMT 2025","","test_substrate_node_is_synced","",""
"","201","test_rpc_node_is_synced[Test for Kusama People, url: wss://ksm-rpc.stakeworld.io/people]","tests","Tue Apr 01 15:20:43 GMT 2025","passed","Tue Apr 01 15:20:43 GMT 2025","","test_substrate_node_is_synced","",""
"","93","test_rpc_method_is_available[Test for Moonbeam, url: wss://moonbeam.public.curie.radiumblock.co/ws]","tests","Tue Apr 01 15:20:32 GMT 2025","passed","Tue Apr 01 15:20:32 GMT 2025","","test_rpc_methods_availability","",""
"","0","test_can_create_connection[Test for CC Enterprise, url: wss://mainnet.creditcoin.network/ws]","tests","Tue Apr 01 15:24:28 GMT 2025","passed","Tue Apr 01 15:24:28 GMT 2025","","test_nodes_availability","",""
"","0","test_can_create_connection[Test for Polkadot, url: wss://dot-rpc.stakeworld.io]","tests","Tue Apr 01 15:20:44 GMT 2025","passed","Tue Apr 01 15:20:44 GMT 2025","","test_nodes_availability","",""
"","29","test_rpc_node_is_synced[Test for Moonriver, url: wss://moonriver.public.curie.radiumblock.co/ws]","tests","Tue Apr 01 15:20:29 GMT 2025","passed","Tue Apr 01 15:20:29 GMT 2025","","test_substrate_node_is_synced","",""
"","170","test_rpc_node_is_synced[Test for Phala, url: wss://phala-rpc.dwellir.com]","tests","Tue Apr 01 15:22:39 GMT 2025","passed","Tue Apr 01 15:22:39 GMT 2025","","test_substrate_node_is_synced","",""
"","33","test_rpc_node_is_synced[Test for Polymesh, url: wss://mainnet-rpc.polymesh.network]","tests","Tue Apr 01 15:22:49 GMT 2025","passed","Tue Apr 01 15:22:49 GMT 2025","","test_substrate_node_is_synced","",""
"","5","test_has_new_assets[Test for Ajuna]","tests","Tue Apr 01 15:20:59 GMT 2025","passed","Tue Apr 01 15:20:59 GMT 2025","TestAssets","test_check_new_assets","",""
"","71","test_rpc_method_is_available[Test for Crust Polkadot Parachain, url: wss://crust-parachain.crustapps.net]","tests","Tue Apr 01 15:22:55 GMT 2025","passed","Tue Apr 01 15:22:55 GMT 2025","","test_rpc_methods_availability","",""
"","9","test_has_new_assets[Test for CLV Parachain]","tests","Tue Apr 01 15:20:30 GMT 2025","passed","Tue Apr 01 15:20:30 GMT 2025","TestAssets","test_check_new_assets","",""
"","5","test_has_new_assets[Test for Kusama Bridge Hub]","tests","Tue Apr 01 15:21:09 GMT 2025","passed","Tue Apr 01 15:21:09 GMT 2025","TestAssets","test_check_new_assets","",""
"","0","test_can_create_connection[Test for Joystream, url: wss://rpc.joystream.org]","tests","Tue Apr 01 15:24:27 GMT 2025","passed","Tue Apr 01 15:24:27 GMT 2025","","test_nodes_availability","",""
"","0","test_precision[Test for Ajuna]","tests","Tue Apr 01 15:21:21 GMT 2025","passed","Tue Apr 01 15:21:21 GMT 2025","TestPrecision","test_network_parameters","",""
"","169","test_rpc_node_is_synced[Test for Turing, url: wss://turing-rpc.dwellir.com]","tests","Tue Apr 01 15:23:48 GMT 2025","passed","Tue Apr 01 15:23:48 GMT 2025","","test_substrate_node_is_synced","",""
"","1","test_precision[Test for Joystream]","tests","Tue Apr 01 15:21:32 GMT 2025","passed","Tue Apr 01 15:21:32 GMT 2025","TestPrecision","test_network_parameters","",""
"","154","test_rpc_node_is_synced[Test for Encointer, url: wss://api.kusama.encointer.org]","tests","Tue Apr 01 15:21:13 GMT 2025","passed","Tue Apr 01 15:21:13 GMT 2025","","test_substrate_node_is_synced","",""
"","0","test_can_create_connection[Test for Parallel, url: wss://parallel.gatotech.network]","tests","Tue Apr 01 15:21:58 GMT 2025","passed","Tue Apr 01 15:21:58 GMT 2025","","test_nodes_availability","",""
"","0","test_can_create_connection[Test for Kusama Bridge Hub, url: wss://sys.ibp.network/bridgehub-kusama]","tests","Tue Apr 01 15:23:36 GMT 2025","passed","Tue Apr 01 15:23:36 GMT 2025","","test_nodes_availability","",""
"","159","test_rpc_node_is_synced[Test for Ternoa, url: wss://mainnet.ternoa.network]","tests","Tue Apr 01 15:22:46 GMT 2025","passed","Tue Apr 01 15:22:46 GMT 2025","","test_substrate_node_is_synced","",""
"","6","test_has_new_assets[Test for Polkadot Asset Hub]","tests","Tue Apr 01 15:20:25 GMT 2025","passed","Tue Apr 01 15:20:25 GMT 2025","TestAssets","test_check_new_assets","",""
"","0","test_can_create_connection[Test for Polkadot Collectives, url: wss://dot-rpc.stakeworld.io/collectives]","tests","Tue Apr 01 15:23:45 GMT 2025","passed","Tue Apr 01 15:23:45 GMT 2025","","test_nodes_availability","",""
"","66","test_rpc_node_is_synced[Test for Polkadot People, url: wss://rpc-people-polkadot.luckyfriday.io]","tests","Tue Apr 01 15:20:30 GMT 2025","passed","Tue Apr 01 15:20:30 GMT 2025","","test_substrate_node_is_synced","",""
"","0","test_chainId[Test for Joystream]","tests","Tue Apr 01 15:21:50 GMT 2025","passed","Tue Apr 01 15:21:50 GMT 2025","TestChainId","test_network_parameters","",""
"","96","test_rpc_method_is_available[Test for Polkadot, url: wss://rpc.ibp.network/polkadot]","tests","Tue Apr 01 15:20:35 GMT 2025","passed","Tue Apr 01 15:20:35 GMT 2025","","test_rpc_methods_availability","",""
"","0","test_precision[Test for Crust Polkadot Parachain]","tests","Tue Apr 01 15:21:08 GMT 2025","passed","Tue Apr 01 15:21:08 GMT 2025","TestPrecision","test_network_parameters","",""
"","23","test_rpc_node_is_synced[Test for Kusama, url: wss://kusama.dotters.network]","tests","Tue Apr 01 15:20:06 GMT 2025","passed","Tue Apr 01 15:20:06 GMT 2025","","test_substrate_node_is_synced","",""
"","0","test_precision[Test for Frequency]","tests","Tue Apr 01 15:21:30 GMT 2025","passed","Tue Apr 01 15:21:30 GMT 2025","TestPrecision","test_network_parameters","",""
"","1","test_chainId[Test for DeepBrain]","tests","Tue Apr 01 15:22:22 GMT 2025","passed","Tue Apr 01 15:22:22 GMT 2025","TestChainId","test_network_parameters","",""
"","154","test_rpc_method_is_available[Test for Acala, url: wss://acala-rpc-1.aca-api.network]","tests","Tue Apr 01 15:22:18 GMT 2025","passed","Tue Apr 01 15:22:18 GMT 2025","","test_rpc_methods_availability","",""
"","164","test_rpc_node_is_synced[Test for NeuroWeb, url: wss://parachain-rpc.origin-trail.network]","tests","Tue Apr 01 15:23:12 GMT 2025","passed","Tue Apr 01 15:23:12 GMT 2025","","test_substrate_node_is_synced","",""
"","9","test_has_new_assets[Test for Acurast Canary]","tests","Tue Apr 01 15:21:30 GMT 2025","passed","Tue Apr 01 15:21:30 GMT 2025","TestAssets","test_check_new_assets","",""
"","7","test_has_new_assets[Test for Polkadot Collectives]","tests","Tue Apr 01 15:21:12 GMT 2025","passed","Tue Apr 01 15:21:12 GMT 2025","TestAssets","test_check_new_assets","",""
"","0","test_chainId[Test for Acurast Canary]","tests","Tue Apr 01 15:22:07 GMT 2025","passed","Tue Apr 01 15:22:07 GMT 2025","TestChainId","test_network_parameters","",""
"","5","test_has_new_assets[Test for Bittensor]","tests","Tue Apr 01 15:21:04 GMT 2025","passed","Tue Apr 01 15:21:04 GMT 2025","TestAssets","test_check_new_assets","",""
"","182","test_rpc_node_is_synced[Test for Xode, url: wss://rpcnodea01.xode.net/n7yoxCmcIrCF6VziCcDmYTwL8R03a/rpc]","tests","Tue Apr 01 15:25:04 GMT 2025","passed","Tue Apr 01 15:25:04 GMT 2025","","test_substrate_node_is_synced","",""
"","74","test_rpc_method_is_available[Test for Kusama, url: wss://kusama-rpc.dwellir.com]","tests","Tue Apr 01 15:20:43 GMT 2025","passed","Tue Apr 01 15:20:43 GMT 2025","","test_rpc_methods_availability","",""
"","172","test_rpc_node_is_synced[Test for Westend (TESTNET), url: wss://westend-rpc.dwellir.com]","tests","Tue Apr 01 15:21:38 GMT 2025","passed","Tue Apr 01 15:21:38 GMT 2025","","test_substrate_node_is_synced","",""
"","0","test_can_create_connection[Test for Nodle Parachain, url: wss://nodle-rpc.dwellir.com]","tests","Tue Apr 01 15:22:14 GMT 2025","passed","Tue Apr 01 15:22:14 GMT 2025","","test_nodes_availability","",""
"","0","test_can_create_connection[Test for Crust Shadow, url: wss://rpc2-shadow.crust.network/]","tests","Tue Apr 01 15:21:42 GMT 2025","passed","Tue Apr 01 15:21:42 GMT 2025","","test_nodes_availability","",""
"","6","test_has_new_assets[Test for DENTNet]","tests","Tue Apr 01 15:21:41 GMT 2025","passed","Tue Apr 01 15:21:41 GMT 2025","TestAssets","test_check_new_assets","",""
"","0","test_can_create_connection[Test for Polimec, url: wss://polimec.dotters.network]","tests","Tue Apr 01 15:24:03 GMT 2025","passed","Tue Apr 01 15:24:03 GMT 2025","","test_nodes_availability","",""
"","0","test_precision[Test for Polkadot People]","tests","Tue Apr 01 15:20:31 GMT 2025","passed","Tue Apr 01 15:20:31 GMT 2025","TestPrecision","test_network_parameters","",""
"","0","test_can_create_connection[Test for QUARTZ, url: wss://us-ws-quartz.unique.network]","tests","Tue Apr 01 15:21:49 GMT 2025","passed","Tue Apr 01 15:21:49 GMT 2025","","test_nodes_availability","",""
"","1","test_can_create_connection[Test for Shiden, url: wss://shiden.public.curie.radiumblock.co/ws]","tests","Tue Apr 01 15:21:02 GMT 2025","passed","Tue Apr 01 15:21:02 GMT 2025","","test_nodes_availability","",""
"","9","test_has_new_assets[Test for Polkadot Bridge Hub]","tests","Tue Apr 01 15:21:11 GMT 2025","passed","Tue Apr 01 15:21:11 GMT 2025","TestAssets","test_check_new_assets","",""
"","0","test_address_prefix[Test for DeepBrain]","tests","Tue Apr 01 15:22:14 GMT 2025","passed","Tue Apr 01 15:22:14 GMT 2025","TestNetworkPrefix","test_network_parameters","",""
"","0","test_chainId[Test for Kintsugi]","tests","Tue Apr 01 15:21:07 GMT 2025","passed","Tue Apr 01 15:21:07 GMT 2025","TestChainId","test_network_parameters","",""
