"DESCRIPTION","DURATION IN MS","NAME","PARENT SUITE","START TIME","STATUS","STOP TIME","SUB SUITE","SUITE","TEST CLASS","TEST METHOD"
"","101","test_rpc_method_is_available[Test for Polkadot Asset Hub, url: wss://asset-hub-polkadot.dotters.network]","tests","Wed May 14 15:07:39 GMT 2025","passed","Wed May 14 15:07:39 GMT 2025","","test_rpc_methods_availability","",""
"","7","test_rpc_node_is_synced[Test for Moonbeam, url: wss://moonbeam.ibp.network]","tests","Wed May 14 15:06:32 GMT 2025","passed","Wed May 14 15:06:32 GMT 2025","","test_substrate_node_is_synced","",""
"","0","test_can_create_connection[Test for Energy Web X, url: wss://public-rpc.mainnet.energywebx.com/]","tests","Wed May 14 15:09:03 GMT 2025","passed","Wed May 14 15:09:03 GMT 2025","","test_nodes_availability","",""
"","94","test_rpc_method_is_available[Test for Hydration, url: wss://hydradx-rpc.dwellir.com]","tests","Wed May 14 15:07:12 GMT 2025","passed","Wed May 14 15:07:12 GMT 2025","","test_rpc_methods_availability","",""
"","1","test_precision[Test for Robonomics]","tests","Wed May 14 15:06:44 GMT 2025","passed","Wed May 14 15:06:44 GMT 2025","TestPrecision","test_network_parameters","",""
"","69","test_rpc_method_is_available[Test for Aleph Zero, url: wss://ws.azero.dev]","tests","Wed May 14 15:07:54 GMT 2025","passed","Wed May 14 15:07:54 GMT 2025","","test_rpc_methods_availability","",""
"","0","test_can_create_connection[Test for Shiden, url: wss://rpc.shiden.astar.network]","tests","Wed May 14 15:07:12 GMT 2025","passed","Wed May 14 15:07:12 GMT 2025","","test_nodes_availability","",""
"","8","test_has_new_assets[Test for UNIQUE]","tests","Wed May 14 15:07:06 GMT 2025","passed","Wed May 14 15:07:06 GMT 2025","TestAssets","test_check_new_assets","",""
"","10","test_has_new_assets[Test for Hyperbridge Nexus]","tests","Wed May 14 15:07:33 GMT 2025","passed","Wed May 14 15:07:33 GMT 2025","TestAssets","test_check_new_assets","",""
"","1","test_chainId[Test for Curio]","tests","Wed May 14 15:07:29 GMT 2025","passed","Wed May 14 15:07:29 GMT 2025","TestChainId","test_network_parameters","",""
"","104","test_rpc_node_is_synced[Test for Westend (TESTNET), url: wss://westend-rpc.dwellir.com]","tests","Wed May 14 15:06:49 GMT 2025","passed","Wed May 14 15:06:49 GMT 2025","","test_substrate_node_is_synced","",""
"","0","test_address_prefix[Test for Ajuna]","tests","Wed May 14 15:07:02 GMT 2025","passed","Wed May 14 15:07:02 GMT 2025","TestNetworkPrefix","test_network_parameters","",""
"","6","test_has_new_assets[Test for XX network]","tests","Wed May 14 15:07:06 GMT 2025","passed","Wed May 14 15:07:06 GMT 2025","TestAssets","test_check_new_assets","",""
"","0","test_address_prefix[Test for QUARTZ]","tests","Wed May 14 15:06:36 GMT 2025","passed","Wed May 14 15:06:36 GMT 2025","TestNetworkPrefix","test_network_parameters","",""
"","0","test_address_prefix[Test for Crust Polkadot Parachain]","tests","Wed May 14 15:07:11 GMT 2025","passed","Wed May 14 15:07:11 GMT 2025","TestNetworkPrefix","test_network_parameters","",""
"","95","test_rpc_method_is_available[Test for Moonriver, url: wss://wss.api.moonriver.moonbeam.network]","tests","Wed May 14 15:06:50 GMT 2025","passed","Wed May 14 15:06:50 GMT 2025","","test_rpc_methods_availability","",""
"","109","test_rpc_method_is_available[Test for Kusama, url: wss://apps-kusama-rpc.polkadot.io]","tests","Wed May 14 15:06:31 GMT 2025","passed","Wed May 14 15:06:31 GMT 2025","","test_rpc_methods_availability","",""
"","104","test_rpc_node_is_synced[Test for 3DPass, url: wss://rpc.3dpass.org]","tests","Wed May 14 15:08:35 GMT 2025","passed","Wed May 14 15:08:35 GMT 2025","","test_substrate_node_is_synced","",""
"","0","test_can_create_connection[Test for Polkadot Collectives, url: wss://collectives.public.curie.radiumblock.co/ws]","tests","Wed May 14 15:09:06 GMT 2025","passed","Wed May 14 15:09:06 GMT 2025","","test_nodes_availability","",""
"","106","test_rpc_node_is_synced[Test for Polimec, url: wss://rpc.polimec.org]","tests","Wed May 14 15:08:45 GMT 2025","passed","Wed May 14 15:08:45 GMT 2025","","test_substrate_node_is_synced","",""
"","0","test_can_create_connection[Test for Subsocial, url: wss://para.subsocial.network]","tests","Wed May 14 15:07:18 GMT 2025","passed","Wed May 14 15:07:18 GMT 2025","","test_nodes_availability","",""
"","0","test_chainId[Test for Frequency]","tests","Wed May 14 15:07:21 GMT 2025","passed","Wed May 14 15:07:21 GMT 2025","TestChainId","test_network_parameters","",""
"","0","test_precision[Test for Pendulum]","tests","Wed May 14 15:07:17 GMT 2025","passed","Wed May 14 15:07:17 GMT 2025","TestPrecision","test_network_parameters","",""
"","0","test_precision[Test for Kusama Bridge Hub]","tests","Wed May 14 15:07:28 GMT 2025","passed","Wed May 14 15:07:28 GMT 2025","TestPrecision","test_network_parameters","",""
"","1","test_precision[Test for Kusama]","tests","Wed May 14 15:06:39 GMT 2025","passed","Wed May 14 15:06:39 GMT 2025","TestPrecision","test_network_parameters","",""
"","69","test_rpc_method_is_available[Test for Acala, url: wss://acala-rpc-3.aca-api.network/ws]","tests","Wed May 14 15:07:09 GMT 2025","passed","Wed May 14 15:07:09 GMT 2025","","test_rpc_methods_availability","",""
"","84","test_rpc_node_is_synced[Test for Manta Atlantic, url: wss://ws.manta.systems]","tests","Wed May 14 15:08:44 GMT 2025","passed","Wed May 14 15:08:44 GMT 2025","","test_substrate_node_is_synced","",""
"","99","test_rpc_method_is_available[Test for Polkadot, url: wss://rpc-polkadot.luckyfriday.io]","tests","Wed May 14 15:06:57 GMT 2025","passed","Wed May 14 15:06:57 GMT 2025","","test_rpc_methods_availability","",""
"","106","test_rpc_method_is_available[Test for Energy Web X, url: wss://public-rpc.mainnet.energywebx.com/]","tests","Wed May 14 15:08:45 GMT 2025","passed","Wed May 14 15:08:45 GMT 2025","","test_rpc_methods_availability","",""
"","97","test_rpc_method_is_available[Test for Mythos, url: wss://mythos.dotters.network]","tests","Wed May 14 15:09:03 GMT 2025","passed","Wed May 14 15:09:03 GMT 2025","","test_rpc_methods_availability","",""
"","0","test_can_create_connection[Test for Interlay, url: wss://api.interlay.io/parachain]","tests","Wed May 14 15:07:35 GMT 2025","passed","Wed May 14 15:07:35 GMT 2025","","test_nodes_availability","",""
"","1","test_can_create_connection[Test for Heima, url: wss://rpc.litentry-parachain.litentry.io]","tests","Wed May 14 15:08:29 GMT 2025","passed","Wed May 14 15:08:29 GMT 2025","","test_nodes_availability","",""
"","124","test_rpc_node_is_synced[Test for Phala, url: wss://rpc.helikon.io/phala]","tests","Wed May 14 15:07:27 GMT 2025","passed","Wed May 14 15:07:27 GMT 2025","","test_substrate_node_is_synced","",""
"","236","test_rpc_node_is_synced[Test for XX network, url: wss://rpc.xx.network]","tests","Wed May 14 15:08:28 GMT 2025","passed","Wed May 14 15:08:28 GMT 2025","","test_substrate_node_is_synced","",""
"","9","test_has_new_assets[Test for Enjin Matrix]","tests","Wed May 14 15:07:21 GMT 2025","passed","Wed May 14 15:07:21 GMT 2025","TestAssets","test_check_new_assets","",""
"","1","test_precision[Test for Curio]","tests","Wed May 14 15:07:41 GMT 2025","passed","Wed May 14 15:07:41 GMT 2025","TestPrecision","test_network_parameters","",""
"","94","test_rpc_node_is_synced[Test for DAO IPCI, url: wss://ipci.rpc.robonomics.network]","tests","Wed May 14 15:08:17 GMT 2025","passed","Wed May 14 15:08:17 GMT 2025","","test_substrate_node_is_synced","",""
"","226","test_rpc_node_is_synced[Test for Acala, url: wss://acala-rpc-1.aca-api.network]","tests","Wed May 14 15:06:59 GMT 2025","passed","Wed May 14 15:07:00 GMT 2025","","test_substrate_node_is_synced","",""
"","132","test_rpc_method_is_available[Test for Kusama, url: wss://kusama-rpc.dwellir.com]","tests","Wed May 14 15:06:36 GMT 2025","passed","Wed May 14 15:06:36 GMT 2025","","test_rpc_methods_availability","",""
"","1","test_precision[Test for Laos]","tests","Wed May 14 15:07:53 GMT 2025","passed","Wed May 14 15:07:53 GMT 2025","TestPrecision","test_network_parameters","",""
"","102","test_rpc_method_is_available[Test for Crab, url: wss://crab-rpc.darwinia.network/]","tests","Wed May 14 15:08:18 GMT 2025","passed","Wed May 14 15:08:18 GMT 2025","","test_rpc_methods_availability","",""
"","103","test_rpc_node_is_synced[Test for Heima, url: wss://heima-rpc.n.dwellir.com]","tests","Wed May 14 15:08:22 GMT 2025","passed","Wed May 14 15:08:22 GMT 2025","","test_substrate_node_is_synced","",""
"","111","test_rpc_method_is_available[Test for DeepBrain, url: wss://info.dbcwallet.io]","tests","Wed May 14 15:09:25 GMT 2025","passed","Wed May 14 15:09:25 GMT 2025","","test_rpc_methods_availability","",""
"","0","test_address_prefix[Test for Shiden]","tests","Wed May 14 15:06:36 GMT 2025","passed","Wed May 14 15:06:36 GMT 2025","TestNetworkPrefix","test_network_parameters","",""
"","86","test_rpc_node_is_synced[Test for Creditcoin, url: wss://mainnet3.creditcoin.network]","tests","Wed May 14 15:09:11 GMT 2025","passed","Wed May 14 15:09:12 GMT 2025","","test_substrate_node_is_synced","",""
"","0","test_can_create_connection[Test for Polkadex, url: wss://polkadex.public.curie.radiumblock.co/ws]","tests","Wed May 14 15:08:11 GMT 2025","passed","Wed May 14 15:08:11 GMT 2025","","test_nodes_availability","",""
"","80","test_rpc_method_is_available[Test for Zeitgeist, url: wss://zeitgeist.api.onfinality.io/public-ws]","tests","Wed May 14 15:07:14 GMT 2025","passed","Wed May 14 15:07:14 GMT 2025","","test_rpc_methods_availability","",""
"","0","test_chainId[Test for Amplitude]","tests","Wed May 14 15:06:44 GMT 2025","passed","Wed May 14 15:06:44 GMT 2025","TestChainId","test_network_parameters","",""
"","0","test_can_create_connection[Test for Polkadot, url: wss://rpc-polkadot-1.novasama-tech.org]","tests","Wed May 14 15:06:19 GMT 2025","passed","Wed May 14 15:06:19 GMT 2025","","test_nodes_availability","",""
"","121","test_rpc_method_is_available[Test for Shiden, url: wss://shiden-rpc.dwellir.com]","tests","Wed May 14 15:07:00 GMT 2025","passed","Wed May 14 15:07:00 GMT 2025","","test_rpc_methods_availability","",""
"","0","test_can_create_connection[Test for Kreivo, url: wss://kreivo.io/]","tests","Wed May 14 15:09:29 GMT 2025","broken","Wed May 14 15:09:29 GMT 2025","","test_nodes_availability","",""
"","99","test_rpc_method_is_available[Test for Heima, url: wss://heima-rpc.n.dwellir.com]","tests","Wed May 14 15:08:31 GMT 2025","passed","Wed May 14 15:08:31 GMT 2025","","test_rpc_methods_availability","",""
"","93","test_rpc_method_is_available[Test for QUARTZ, url: wss://asia-ws-quartz.unique.network]","tests","Wed May 14 15:07:58 GMT 2025","passed","Wed May 14 15:07:58 GMT 2025","","test_rpc_methods_availability","",""
"","102","test_rpc_method_is_available[Test for Kintsugi, url: wss://api-kusama.interlay.io/parachain]","tests","Wed May 14 15:07:11 GMT 2025","passed","Wed May 14 15:07:11 GMT 2025","","test_rpc_methods_availability","",""
"","5","test_has_new_assets[Test for Energy Web X]","tests","Wed May 14 15:07:22 GMT 2025","passed","Wed May 14 15:07:22 GMT 2025","TestAssets","test_check_new_assets","",""
"","0","test_can_create_connection[Test for Kusama Coretime, url: wss://ksm-rpc.stakeworld.io/coretime]","tests","Wed May 14 15:09:56 GMT 2025","passed","Wed May 14 15:09:56 GMT 2025","","test_nodes_availability","",""
"","7","test_rpc_node_is_synced[Test for GIANT, url: wss://rpc-anchor-1-mainnet-az-ue1.giantprotocol.org:443]","tests","Wed May 14 15:08:23 GMT 2025","passed","Wed May 14 15:08:23 GMT 2025","","test_substrate_node_is_synced","",""
"","1","test_can_create_connection[Test for Polkadot Bridge Hub, url: wss://bridge-hub-polkadot.dotters.network]","tests","Wed May 14 15:08:49 GMT 2025","passed","Wed May 14 15:08:49 GMT 2025","","test_nodes_availability","",""
"","92","test_rpc_method_is_available[Test for GIANT, url: wss://rpc-anchor-2-mainnet-az-ue1.giantprotocol.org:443]","tests","Wed May 14 15:08:30 GMT 2025","passed","Wed May 14 15:08:30 GMT 2025","","test_rpc_methods_availability","",""
"","0","test_address_prefix[Test for Hydration]","tests","Wed May 14 15:06:40 GMT 2025","passed","Wed May 14 15:06:40 GMT 2025","TestNetworkPrefix","test_network_parameters","",""
"","242","test_rpc_node_is_synced[Test for Phala, url: wss://api.phala.network/ws]","tests","Wed May 14 15:07:41 GMT 2025","passed","Wed May 14 15:07:41 GMT 2025","","test_substrate_node_is_synced","",""
"","6","test_rpc_node_is_synced[Test for Polimec, url: wss://polimec.ibp.network]","tests","Wed May 14 15:08:48 GMT 2025","passed","Wed May 14 15:08:48 GMT 2025","","test_substrate_node_is_synced","",""
"","105","test_rpc_method_is_available[Test for Kusama, url: wss://rpc-kusama-2.novasama-tech.org]","tests","Wed May 14 15:07:07 GMT 2025","passed","Wed May 14 15:07:07 GMT 2025","","test_rpc_methods_availability","",""
"","116","test_rpc_method_is_available[Test for Acala, url: wss://acala-rpc-2.aca-api.network/ws]","tests","Wed May 14 15:07:06 GMT 2025","passed","Wed May 14 15:07:06 GMT 2025","","test_rpc_methods_availability","",""
"","116","test_rpc_method_is_available[Test for Amplitude, url: wss://rpc-amplitude.pendulumchain.tech]","tests","Wed May 14 15:08:05 GMT 2025","passed","Wed May 14 15:08:05 GMT 2025","","test_rpc_methods_availability","",""
"","0","test_precision[Test for Hyperbridge Nexus]","tests","Wed May 14 15:07:39 GMT 2025","passed","Wed May 14 15:07:39 GMT 2025","TestPrecision","test_network_parameters","",""
"","0","test_precision[Test for Kusama Coretime]","tests","Wed May 14 15:07:57 GMT 2025","passed","Wed May 14 15:07:57 GMT 2025","TestPrecision","test_network_parameters","",""
"","7","test_rpc_node_is_synced[Test for Kusama Asset Hub, url: wss://asset-hub-kusama.dotters.network]","tests","Wed May 14 15:06:16 GMT 2025","passed","Wed May 14 15:06:16 GMT 2025","","test_substrate_node_is_synced","",""
"","1","test_can_create_connection[Test for Acala, url: wss://acala-rpc.dwellir.com]","tests","Wed May 14 15:07:19 GMT 2025","passed","Wed May 14 15:07:19 GMT 2025","","test_nodes_availability","",""
"","1","test_address_prefix[Test for Acala]","tests","Wed May 14 15:06:21 GMT 2025","passed","Wed May 14 15:06:21 GMT 2025","TestNetworkPrefix","test_network_parameters","",""
"","94","test_rpc_method_is_available[Test for Phala, url: wss://api.phala.network/ws]","tests","Wed May 14 15:07:40 GMT 2025","passed","Wed May 14 15:07:40 GMT 2025","","test_rpc_methods_availability","",""
"","1","test_can_create_connection[Test for Kusama Asset Hub, url: wss://asset-hub-kusama-rpc.dwellir.com]","tests","Wed May 14 15:06:21 GMT 2025","passed","Wed May 14 15:06:21 GMT 2025","","test_nodes_availability","",""
"","78","test_rpc_method_is_available[Test for Curio, url: wss://parachain.curioinvest.com/]","tests","Wed May 14 15:09:05 GMT 2025","passed","Wed May 14 15:09:05 GMT 2025","","test_rpc_methods_availability","",""
"","93","test_rpc_node_is_synced[Test for Polkadex, url: wss://polkadex.public.curie.radiumblock.co/ws]","tests","Wed May 14 15:07:55 GMT 2025","passed","Wed May 14 15:07:55 GMT 2025","","test_substrate_node_is_synced","",""
"","1","test_can_create_connection[Test for Polkadot People, url: wss://sys.ibp.network/people-polkadot]","tests","Wed May 14 15:06:26 GMT 2025","passed","Wed May 14 15:06:26 GMT 2025","","test_nodes_availability","",""
"","85","test_rpc_method_is_available[Test for CC Enterprise, url: wss://mainnet.creditcoin.network/ws]","tests","Wed May 14 15:09:17 GMT 2025","passed","Wed May 14 15:09:17 GMT 2025","","test_rpc_methods_availability","",""
"","0","test_address_prefix[Test for Robonomics]","tests","Wed May 14 15:06:33 GMT 2025","passed","Wed May 14 15:06:33 GMT 2025","TestNetworkPrefix","test_network_parameters","",""
"","0","test_can_create_connection[Test for Vara, url: wss://rpc.vara-network.io]","tests","Wed May 14 15:08:57 GMT 2025","passed","Wed May 14 15:08:57 GMT 2025","","test_nodes_availability","",""
"","8","test_has_new_assets[Test for Phala]","tests","Wed May 14 15:06:59 GMT 2025","passed","Wed May 14 15:06:59 GMT 2025","TestAssets","test_check_new_assets","",""
"","0","test_can_create_connection[Test for QUARTZ, url: wss://us-ws-quartz.unique.network]","tests","Wed May 14 15:08:19 GMT 2025","passed","Wed May 14 15:08:19 GMT 2025","","test_nodes_availability","",""
"","0","test_can_create_connection[Test for Acala, url: wss://acala-rpc-2.aca-api.network/ws]","tests","Wed May 14 15:07:11 GMT 2025","passed","Wed May 14 15:07:11 GMT 2025","","test_nodes_availability","",""
"","0","test_can_create_connection[Test for Kusama Coretime, url: wss://sys.ibp.network/coretime-kusama]","tests","Wed May 14 15:09:48 GMT 2025","passed","Wed May 14 15:09:48 GMT 2025","","test_nodes_availability","",""
"","0","test_chainId[Test for Pendulum]","tests","Wed May 14 15:07:07 GMT 2025","passed","Wed May 14 15:07:07 GMT 2025","TestChainId","test_network_parameters","",""
"","1","test_address_prefix[Test for Joystream]","tests","Wed May 14 15:07:23 GMT 2025","passed","Wed May 14 15:07:23 GMT 2025","TestNetworkPrefix","test_network_parameters","",""
"","0","test_address_prefix[Test for Polimec]","tests","Wed May 14 15:07:21 GMT 2025","passed","Wed May 14 15:07:21 GMT 2025","TestNetworkPrefix","test_network_parameters","",""
"","119","test_rpc_method_is_available[Test for Kusama Coretime, url: wss://coretime-kusama.dotters.network]","tests","Wed May 14 15:09:34 GMT 2025","passed","Wed May 14 15:09:34 GMT 2025","","test_rpc_methods_availability","",""
"","0","test_precision[Test for Crab]","tests","Wed May 14 15:07:29 GMT 2025","passed","Wed May 14 15:07:29 GMT 2025","TestPrecision","test_network_parameters","",""
"","69","test_rpc_method_is_available[Test for Hydration, url: wss://rpc-hydra.novasama-tech.org]","tests","Wed May 14 15:07:48 GMT 2025","passed","Wed May 14 15:07:48 GMT 2025","","test_rpc_methods_availability","",""
"","7","test_has_new_assets[Test for Ternoa]","tests","Wed May 14 15:06:53 GMT 2025","passed","Wed May 14 15:06:53 GMT 2025","TestAssets","test_check_new_assets","",""
"","107","test_rpc_method_is_available[Test for Cere, url: wss://rpc.mainnet.cere.network/ws]","tests","Wed May 14 15:09:15 GMT 2025","passed","Wed May 14 15:09:15 GMT 2025","","test_rpc_methods_availability","",""
"","103","test_rpc_method_is_available[Test for UNIQUE, url: wss://us-ws.unique.network/]","tests","Wed May 14 15:08:38 GMT 2025","passed","Wed May 14 15:08:38 GMT 2025","","test_rpc_methods_availability","",""
"","8","test_rpc_node_is_synced[Test for Hyperbridge Nexus, url: wss://nexus.ibp.network]","tests","Wed May 14 15:09:00 GMT 2025","passed","Wed May 14 15:09:00 GMT 2025","","test_substrate_node_is_synced","",""
"","109","test_rpc_node_is_synced[Test for Interlay, url: wss://api.interlay.io/parachain]","tests","Wed May 14 15:07:12 GMT 2025","passed","Wed May 14 15:07:12 GMT 2025","","test_substrate_node_is_synced","",""
"","0","test_can_create_connection[Test for Kusama Bridge Hub, url: wss://sys.ibp.network/bridgehub-kusama]","tests","Wed May 14 15:08:56 GMT 2025","passed","Wed May 14 15:08:56 GMT 2025","","test_nodes_availability","",""
"","0","test_precision[Test for UNIQUE]","tests","Wed May 14 15:07:10 GMT 2025","passed","Wed May 14 15:07:10 GMT 2025","TestPrecision","test_network_parameters","",""
"","0","test_can_create_connection[Test for Tangle, url: wss://rpc.tangle.tools]","tests","Wed May 14 15:09:47 GMT 2025","passed","Wed May 14 15:09:47 GMT 2025","","test_nodes_availability","",""
"","91","test_rpc_method_is_available[Test for QUARTZ, url: wss://eu-ws-quartz.unique.network]","tests","Wed May 14 15:07:49 GMT 2025","passed","Wed May 14 15:07:49 GMT 2025","","test_rpc_methods_availability","",""
"","0","test_can_create_connection[Test for Polkadot Coretime, url: wss://polkadot-coretime-rpc.polkadot.io]","tests","Wed May 14 15:09:51 GMT 2025","passed","Wed May 14 15:09:51 GMT 2025","","test_nodes_availability","",""
"","0","test_precision[Test for Aleph Zero]","tests","Wed May 14 15:07:05 GMT 2025","passed","Wed May 14 15:07:05 GMT 2025","TestPrecision","test_network_parameters","",""
"","0","test_precision[Test for Crust Polkadot Parachain]","tests","Wed May 14 15:07:21 GMT 2025","passed","Wed May 14 15:07:21 GMT 2025","TestPrecision","test_network_parameters","",""
"","0","test_chainId[Test for Polimec]","tests","Wed May 14 15:07:21 GMT 2025","passed","Wed May 14 15:07:21 GMT 2025","TestChainId","test_network_parameters","",""
"","98","test_rpc_method_is_available[Test for Interlay, url: wss://api.interlay.io/parachain]","tests","Wed May 14 15:07:17 GMT 2025","passed","Wed May 14 15:07:17 GMT 2025","","test_rpc_methods_availability","",""
"","1","test_precision[Test for Encointer]","tests","Wed May 14 15:06:46 GMT 2025","passed","Wed May 14 15:06:46 GMT 2025","TestPrecision","test_network_parameters","",""
"","95","test_rpc_method_is_available[Test for Westend (TESTNET), url: wss://westend.dotters.network]","tests","Wed May 14 15:07:01 GMT 2025","passed","Wed May 14 15:07:01 GMT 2025","","test_rpc_methods_availability","",""
"","9","test_has_new_assets[Test for Altair]","tests","Wed May 14 15:06:40 GMT 2025","passed","Wed May 14 15:06:40 GMT 2025","TestAssets","test_check_new_assets","",""
"","0","test_can_create_connection[Test for Acala, url: wss://acala-rpc-0.aca-api.network]","tests","Wed May 14 15:08:30 GMT 2025","passed","Wed May 14 15:08:30 GMT 2025","","test_nodes_availability","",""
"","0","test_chainId[Test for Humanode]","tests","Wed May 14 15:07:37 GMT 2025","passed","Wed May 14 15:07:37 GMT 2025","TestChainId","test_network_parameters","",""
"","1","test_can_create_connection[Test for Hydration, url: wss://rpc.hydradx.cloud]","tests","Wed May 14 15:07:51 GMT 2025","passed","Wed May 14 15:07:51 GMT 2025","","test_nodes_availability","",""
"","1","test_chainId[Test for peaq]","tests","Wed May 14 15:07:38 GMT 2025","passed","Wed May 14 15:07:38 GMT 2025","TestChainId","test_network_parameters","",""
"","1","test_can_create_connection[Test for Polkadot Asset Hub, url: wss://asset-hub-polkadot-rpc.dwellir.com]","tests","Wed May 14 15:07:50 GMT 2025","passed","Wed May 14 15:07:50 GMT 2025","","test_nodes_availability","",""
"","97","test_rpc_method_is_available[Test for Manta Atlantic, url: wss://ws.manta.systems]","tests","Wed May 14 15:08:58 GMT 2025","passed","Wed May 14 15:08:58 GMT 2025","","test_rpc_methods_availability","",""
"","143","test_rpc_node_is_synced[Test for Polkadot Asset Hub, url: wss://rpc-assethub.novasama-tech.org]","tests","Wed May 14 15:07:34 GMT 2025","passed","Wed May 14 15:07:34 GMT 2025","","test_substrate_node_is_synced","",""
"","0","test_can_create_connection[Test for Kusama People, url: wss://kusama-people-rpc.polkadot.io]","tests","Wed May 14 15:07:15 GMT 2025","passed","Wed May 14 15:07:15 GMT 2025","","test_nodes_availability","",""
"","82","test_rpc_method_is_available[Test for Polimec, url: wss://rpc.polimec.org]","tests","Wed May 14 15:08:50 GMT 2025","passed","Wed May 14 15:08:50 GMT 2025","","test_rpc_methods_availability","",""
"","0","test_precision[Test for Enjin Matrix]","tests","Wed May 14 15:07:29 GMT 2025","passed","Wed May 14 15:07:29 GMT 2025","TestPrecision","test_network_parameters","",""
"","107","test_rpc_method_is_available[Test for Polkadot, url: wss://rpc.ibp.network/polkadot]","tests","Wed May 14 15:06:31 GMT 2025","passed","Wed May 14 15:06:31 GMT 2025","","test_rpc_methods_availability","",""
"","119","test_rpc_method_is_available[Test for Bifrost Kusama, url: wss://us.bifrost-rpc.liebi.com/ws]","tests","Wed May 14 15:07:18 GMT 2025","passed","Wed May 14 15:07:18 GMT 2025","","test_rpc_methods_availability","",""
"","88","test_rpc_node_is_synced[Test for CC Enterprise, url: wss://mainnet.creditcoin.network/ws]","tests","Wed May 14 15:09:13 GMT 2025","passed","Wed May 14 15:09:13 GMT 2025","","test_substrate_node_is_synced","",""
"","7","test_rpc_node_is_synced[Test for Kusama, url: wss://kusama.dotters.network]","tests","Wed May 14 15:06:19 GMT 2025","passed","Wed May 14 15:06:19 GMT 2025","","test_substrate_node_is_synced","",""
"","97","test_rpc_method_is_available[Test for Polkadot Coretime, url: wss://coretime-polkadot.dotters.network]","tests","Wed May 14 15:09:29 GMT 2025","passed","Wed May 14 15:09:29 GMT 2025","","test_rpc_methods_availability","",""
"","63","test_has_new_assets[Test for Kusama People]","tests","Wed May 14 15:06:27 GMT 2025","passed","Wed May 14 15:06:27 GMT 2025","TestAssets","test_check_new_assets","",""
"","6","test_rpc_node_is_synced[Test for Kusama Coretime, url: wss://sys.ibp.network/coretime-kusama]","tests","Wed May 14 15:09:24 GMT 2025","passed","Wed May 14 15:09:24 GMT 2025","","test_substrate_node_is_synced","",""
"","0","test_can_create_connection[Test for Kusama, url: wss://rpc-kusama.luckyfriday.io]","tests","Wed May 14 15:06:35 GMT 2025","passed","Wed May 14 15:06:35 GMT 2025","","test_nodes_availability","",""
"","75","test_rpc_method_is_available[Test for Kusama Coretime, url: wss://rpc-coretime-kusama.luckyfriday.io]","tests","Wed May 14 15:09:35 GMT 2025","passed","Wed May 14 15:09:36 GMT 2025","","test_rpc_methods_availability","",""
"","0","test_can_create_connection[Test for Hyperbridge Nexus, url: wss://nexus.ibp.network]","tests","Wed May 14 15:09:19 GMT 2025","passed","Wed May 14 15:09:19 GMT 2025","","test_nodes_availability","",""
"","7","test_rpc_node_is_synced[Test for Kusama Coretime, url: wss://rpc-coretime-kusama.luckyfriday.io]","tests","Wed May 14 15:09:25 GMT 2025","passed","Wed May 14 15:09:25 GMT 2025","","test_substrate_node_is_synced","",""
"","82","test_rpc_method_is_available[Test for Polkadot People, url: wss://people-polkadot.public.curie.radiumblock.co/ws]","tests","Wed May 14 15:06:37 GMT 2025","passed","Wed May 14 15:06:37 GMT 2025","","test_rpc_methods_availability","",""
"","0","test_can_create_connection[Test for Kusama Coretime, url: wss://rpc-coretime-kusama.luckyfriday.io]","tests","Wed May 14 15:09:50 GMT 2025","passed","Wed May 14 15:09:50 GMT 2025","","test_nodes_availability","",""
"","115","test_rpc_method_is_available[Test for Kusama Asset Hub, url: wss://asset-hub-kusama-rpc.dwellir.com]","tests","Wed May 14 15:06:25 GMT 2025","passed","Wed May 14 15:06:25 GMT 2025","","test_rpc_methods_availability","",""
"","99","test_rpc_node_is_synced[Test for Tangle, url: wss://tangle-mainnet-rpc.dwellir.com]","tests","Wed May 14 15:09:21 GMT 2025","passed","Wed May 14 15:09:21 GMT 2025","","test_substrate_node_is_synced","",""
"","5","test_has_new_assets[Test for Vara]","tests","Wed May 14 15:07:08 GMT 2025","passed","Wed May 14 15:07:08 GMT 2025","TestAssets","test_check_new_assets","",""
"","222","test_rpc_node_is_synced[Test for Kusama, url: wss://1rpc.io/ksm]","tests","Wed May 14 15:06:40 GMT 2025","passed","Wed May 14 15:06:41 GMT 2025","","test_substrate_node_is_synced","",""
"","0","test_can_create_connection[Test for Joystream, url: wss://rpc.joystream.org]","tests","Wed May 14 15:09:18 GMT 2025","passed","Wed May 14 15:09:18 GMT 2025","","test_nodes_availability","",""
"","6","test_rpc_node_is_synced[Test for Kusama, url: wss://rpc.ibp.network/kusama]","tests","Wed May 14 15:06:16 GMT 2025","passed","Wed May 14 15:06:16 GMT 2025","","test_substrate_node_is_synced","",""
"","84","test_rpc_method_is_available[Test for Enjin Relay, url: wss://rpc.relay.blockchain.enjin.io]","tests","Wed May 14 15:09:03 GMT 2025","passed","Wed May 14 15:09:03 GMT 2025","","test_rpc_methods_availability","",""
"","0","test_address_prefix[Test for Aleph Zero]","tests","Wed May 14 15:06:55 GMT 2025","passed","Wed May 14 15:06:55 GMT 2025","TestNetworkPrefix","test_network_parameters","",""
"","91","test_rpc_node_is_synced[Test for Centrifuge Parachain, url: wss://fullnode.centrifuge.io]","tests","Wed May 14 15:07:31 GMT 2025","passed","Wed May 14 15:07:31 GMT 2025","","test_substrate_node_is_synced","",""
"","125","test_rpc_method_is_available[Test for XX network, url: wss://rpc.xx.network]","tests","Wed May 14 15:08:27 GMT 2025","passed","Wed May 14 15:08:27 GMT 2025","","test_rpc_methods_availability","",""
"","69","test_rpc_method_is_available[Test for Subsocial, url: wss://para.subsocial.network]","tests","Wed May 14 15:07:20 GMT 2025","passed","Wed May 14 15:07:20 GMT 2025","","test_rpc_methods_availability","",""
"","0","test_chainId[Test for XX network]","tests","Wed May 14 15:07:00 GMT 2025","passed","Wed May 14 15:07:00 GMT 2025","TestChainId","test_network_parameters","",""
"","3","test_has_new_assets[Test for Ajuna]","tests","Wed May 14 15:07:08 GMT 2025","passed","Wed May 14 15:07:08 GMT 2025","TestAssets","test_check_new_assets","",""
"","5","test_has_new_assets[Test for Robonomics]","tests","Wed May 14 15:06:39 GMT 2025","passed","Wed May 14 15:06:39 GMT 2025","TestAssets","test_check_new_assets","",""
"","0","test_address_prefix[Test for Acurast Canary]","tests","Wed May 14 15:07:27 GMT 2025","passed","Wed May 14 15:07:27 GMT 2025","TestNetworkPrefix","test_network_parameters","",""
"","0","test_chainId[Test for Darwinia]","tests","Wed May 14 15:07:09 GMT 2025","passed","Wed May 14 15:07:09 GMT 2025","TestChainId","test_network_parameters","",""
"","77","test_rpc_method_is_available[Test for Crust Polkadot Parachain, url: wss://crust-parachain.crustapps.net]","tests","Wed May 14 15:08:11 GMT 2025","passed","Wed May 14 15:08:11 GMT 2025","","test_rpc_methods_availability","",""
"","78","test_rpc_method_is_available[Test for KILT, url: wss://kilt.ibp.network]","tests","Wed May 14 15:07:35 GMT 2025","passed","Wed May 14 15:07:35 GMT 2025","","test_rpc_methods_availability","",""
"","5","test_has_new_assets[Test for Crab]","tests","Wed May 14 15:07:22 GMT 2025","passed","Wed May 14 15:07:22 GMT 2025","TestAssets","test_check_new_assets","",""
"","0","test_chainId[Test for Avail]","tests","Wed May 14 15:07:36 GMT 2025","passed","Wed May 14 15:07:36 GMT 2025","TestChainId","test_network_parameters","",""
"","1","test_chainId[Test for Laos]","tests","Wed May 14 15:07:41 GMT 2025","passed","Wed May 14 15:07:41 GMT 2025","TestChainId","test_network_parameters","",""
"","0","test_address_prefix[Test for Enjin Matrix]","tests","Wed May 14 15:07:16 GMT 2025","passed","Wed May 14 15:07:16 GMT 2025","TestNetworkPrefix","test_network_parameters","",""
"","1","test_can_create_connection[Test for Darwinia, url: wss://rpc.darwinia.network]","tests","Wed May 14 15:08:37 GMT 2025","passed","Wed May 14 15:08:37 GMT 2025","","test_nodes_availability","",""
"","105","test_rpc_node_is_synced[Test for Subsocial, url: wss://para.subsocial.network]","tests","Wed May 14 15:07:12 GMT 2025","passed","Wed May 14 15:07:12 GMT 2025","","test_substrate_node_is_synced","",""
"","104","test_rpc_method_is_available[Test for Enjin Matrix, url: wss://rpc.matrix.blockchain.enjin.io]","tests","Wed May 14 15:08:49 GMT 2025","passed","Wed May 14 15:08:49 GMT 2025","","test_rpc_methods_availability","",""
"","115","test_rpc_method_is_available[Test for Kusama, url: wss://kusama.public.curie.radiumblock.co/ws]","tests","Wed May 14 15:06:51 GMT 2025","passed","Wed May 14 15:06:51 GMT 2025","","test_rpc_methods_availability","",""
"","0","test_chainId[Test for Centrifuge Parachain]","tests","Wed May 14 15:07:01 GMT 2025","passed","Wed May 14 15:07:01 GMT 2025","TestChainId","test_network_parameters","",""
"","99","test_rpc_node_is_synced[Test for peaq, url: wss://peaq-rpc.dwellir.com]","tests","Wed May 14 15:09:16 GMT 2025","passed","Wed May 14 15:09:16 GMT 2025","","test_substrate_node_is_synced","",""
"","116","test_rpc_method_is_available[Test for Moonriver, url: wss://moonriver-rpc.dwellir.com]","tests","Wed May 14 15:06:52 GMT 2025","passed","Wed May 14 15:06:53 GMT 2025","","test_rpc_methods_availability","",""
"","121","test_rpc_method_is_available[Test for Joystream, url: wss://rpc.joystream.org]","tests","Wed May 14 15:09:00 GMT 2025","passed","Wed May 14 15:09:01 GMT 2025","","test_rpc_methods_availability","",""
"","6","test_rpc_node_is_synced[Test for Ajuna, url: wss://ajuna.dotters.network]","tests","Wed May 14 15:08:32 GMT 2025","passed","Wed May 14 15:08:32 GMT 2025","","test_substrate_node_is_synced","",""
"","0","test_address_prefix[Test for NeuroWeb]","tests","Wed May 14 15:06:44 GMT 2025","passed","Wed May 14 15:06:44 GMT 2025","TestNetworkPrefix","test_network_parameters","",""
"","6","test_rpc_node_is_synced[Test for GIANT, url: wss://rpc-anchor-2-mainnet-az-ue1.giantprotocol.org:443]","tests","Wed May 14 15:08:25 GMT 2025","passed","Wed May 14 15:08:25 GMT 2025","","test_substrate_node_is_synced","",""
"","0","test_can_create_connection[Test for Encointer, url: wss://encointer-kusama.dotters.network]","tests","Wed May 14 15:07:59 GMT 2025","passed","Wed May 14 15:07:59 GMT 2025","","test_nodes_availability","",""
"","5","test_has_new_assets[Test for Zeitgeist]","tests","Wed May 14 15:06:46 GMT 2025","passed","Wed May 14 15:06:46 GMT 2025","TestAssets","test_check_new_assets","",""
"","75","test_rpc_method_is_available[Test for UNIQUE, url: wss://unique.dotters.network]","tests","Wed May 14 15:08:03 GMT 2025","passed","Wed May 14 15:08:03 GMT 2025","","test_rpc_methods_availability","",""
"","0","test_precision[Test for Polkadot Bridge Hub]","tests","Wed May 14 15:07:24 GMT 2025","passed","Wed May 14 15:07:24 GMT 2025","TestPrecision","test_network_parameters","",""
"","0","test_chainId[Test for Polkadot Collectives]","tests","Wed May 14 15:07:12 GMT 2025","passed","Wed May 14 15:07:12 GMT 2025","TestChainId","test_network_parameters","",""
"","0","test_precision[Test for Creditcoin]","tests","Wed May 14 15:07:50 GMT 2025","passed","Wed May 14 15:07:50 GMT 2025","TestPrecision","test_network_parameters","",""
"","71","test_rpc_method_is_available[Test for Hyperbridge Nexus, url: wss://nexus.ibp.network]","tests","Wed May 14 15:09:12 GMT 2025","passed","Wed May 14 15:09:12 GMT 2025","","test_rpc_methods_availability","",""
"","0","test_chainId[Test for Polymesh]","tests","Wed May 14 15:06:52 GMT 2025","passed","Wed May 14 15:06:52 GMT 2025","TestChainId","test_network_parameters","",""
"","0","test_address_prefix[Test for Crab]","tests","Wed May 14 15:07:12 GMT 2025","passed","Wed May 14 15:07:12 GMT 2025","TestNetworkPrefix","test_network_parameters","",""
"","0","test_chainId[Test for Subsocial]","tests","Wed May 14 15:06:46 GMT 2025","passed","Wed May 14 15:06:46 GMT 2025","TestChainId","test_network_parameters","",""
"","0","test_can_create_connection[Test for Westend (TESTNET), url: wss://westend.dotters.network]","tests","Wed May 14 15:06:57 GMT 2025","passed","Wed May 14 15:06:57 GMT 2025","","test_nodes_availability","",""
"","0","test_precision[Test for DAO IPCI]","tests","Wed May 14 15:07:11 GMT 2025","passed","Wed May 14 15:07:11 GMT 2025","TestPrecision","test_network_parameters","",""
"","93","test_rpc_node_is_synced[Test for KILT, url: wss://spiritnet.kilt.io/]","tests","Wed May 14 15:07:37 GMT 2025","passed","Wed May 14 15:07:37 GMT 2025","","test_substrate_node_is_synced","",""
"","88","test_rpc_method_is_available[Test for Kusama Asset Hub, url: wss://sys.ibp.network/statemine]","tests","Wed May 14 15:07:07 GMT 2025","passed","Wed May 14 15:07:07 GMT 2025","","test_rpc_methods_availability","",""
"","69","test_rpc_method_is_available[Test for Polymesh, url: wss://mainnet-rpc.polymesh.network]","tests","Wed May 14 15:08:14 GMT 2025","passed","Wed May 14 15:08:15 GMT 2025","","test_rpc_methods_availability","",""
"","0","test_can_create_connection[Test for Phala, url: wss://phala-rpc.dwellir.com]","tests","Wed May 14 15:07:48 GMT 2025","passed","Wed May 14 15:07:48 GMT 2025","","test_nodes_availability","",""
"","78","test_rpc_method_is_available[Test for Avail, url: wss://mainnet-rpc.avail.so/ws]","tests","Wed May 14 15:09:12 GMT 2025","passed","Wed May 14 15:09:12 GMT 2025","","test_rpc_methods_availability","",""
"","0","test_chainId[Test for DAO IPCI]","tests","Wed May 14 15:06:57 GMT 2025","passed","Wed May 14 15:06:57 GMT 2025","TestChainId","test_network_parameters","",""
"","0","test_can_create_connection[Test for Moonriver, url: wss://moonriver-rpc.dwellir.com]","tests","Wed May 14 15:07:06 GMT 2025","passed","Wed May 14 15:07:06 GMT 2025","","test_nodes_availability","",""
"","0","test_address_prefix[Test for Kintsugi]","tests","Wed May 14 15:06:40 GMT 2025","passed","Wed May 14 15:06:40 GMT 2025","TestNetworkPrefix","test_network_parameters","",""
"","1","test_precision[Test for Westend (TESTNET)]","tests","Wed May 14 15:06:46 GMT 2025","passed","Wed May 14 15:06:46 GMT 2025","TestPrecision","test_network_parameters","",""
"","0","test_address_prefix[Test for Kusama Asset Hub]","tests","Wed May 14 15:06:36 GMT 2025","passed","Wed May 14 15:06:36 GMT 2025","TestNetworkPrefix","test_network_parameters","",""
"","0","test_can_create_connection[Test for Westend (TESTNET), url: wss://westend-rpc.dwellir.com]","tests","Wed May 14 15:06:51 GMT 2025","passed","Wed May 14 15:06:51 GMT 2025","","test_nodes_availability","",""
"","23","test_rpc_node_is_synced[Test for Kusama, url: wss://rpc-kusama.luckyfriday.io]","tests","Wed May 14 15:06:33 GMT 2025","passed","Wed May 14 15:06:33 GMT 2025","","test_substrate_node_is_synced","",""
"","0","test_can_create_connection[Test for Polkadot Asset Hub, url: wss://asset-hub-polkadot.dotters.network]","tests","Wed May 14 15:07:45 GMT 2025","passed","Wed May 14 15:07:45 GMT 2025","","test_nodes_availability","",""
"","0","test_can_create_connection[Test for Pendulum, url: wss://rpc-pendulum.prd.pendulumchain.tech]","tests","Wed May 14 15:08:20 GMT 2025","passed","Wed May 14 15:08:20 GMT 2025","","test_nodes_availability","",""
"","0","test_precision[Test for Nodle Parachain]","tests","Wed May 14 15:06:59 GMT 2025","passed","Wed May 14 15:06:59 GMT 2025","TestPrecision","test_network_parameters","",""
"","1","test_address_prefix[Test for Interlay]","tests","Wed May 14 15:06:45 GMT 2025","passed","Wed May 14 15:06:45 GMT 2025","TestNetworkPrefix","test_network_parameters","",""
"","0","test_precision[Test for NeuroWeb]","tests","Wed May 14 15:06:57 GMT 2025","passed","Wed May 14 15:06:57 GMT 2025","TestPrecision","test_network_parameters","",""
"","1","test_address_prefix[Test for Integritee Parachain]","tests","Wed May 14 15:06:56 GMT 2025","passed","Wed May 14 15:06:56 GMT 2025","TestNetworkPrefix","test_network_parameters","",""
"","0","test_precision[Test for Enjin Relay]","tests","Wed May 14 15:07:36 GMT 2025","passed","Wed May 14 15:07:36 GMT 2025","TestPrecision","test_network_parameters","",""
"","10","test_has_new_assets[Test for Bifrost Polkadot]","tests","Wed May 14 15:06:56 GMT 2025","passed","Wed May 14 15:06:56 GMT 2025","TestAssets","test_check_new_assets","",""
"","0","test_precision[Test for Crust Shadow]","tests","Wed May 14 15:07:05 GMT 2025","passed","Wed May 14 15:07:05 GMT 2025","TestPrecision","test_network_parameters","",""
"","7","test_rpc_node_is_synced[Test for Polkadot People, url: wss://sys.ibp.network/people-polkadot]","tests","Wed May 14 15:06:24 GMT 2025","passed","Wed May 14 15:06:24 GMT 2025","","test_substrate_node_is_synced","",""
"","0","test_can_create_connection[Test for Polkadot, url: wss://polkadot-rpc.dwellir.com]","tests","Wed May 14 15:06:41 GMT 2025","passed","Wed May 14 15:06:41 GMT 2025","","test_nodes_availability","",""
"","90","test_rpc_method_is_available[Test for Westend (TESTNET), url: wss://westend.public.curie.radiumblock.co/ws]","tests","Wed May 14 15:07:05 GMT 2025","passed","Wed May 14 15:07:05 GMT 2025","","test_rpc_methods_availability","",""
"","1","test_can_create_connection[Test for XX network, url: wss://rpc-do.xx.network]","tests","Wed May 14 15:08:42 GMT 2025","passed","Wed May 14 15:08:42 GMT 2025","","test_nodes_availability","",""
"","99","test_rpc_node_is_synced[Test for XX network, url: wss://xxnetwork-rpc.dwellir.com]","tests","Wed May 14 15:08:21 GMT 2025","passed","Wed May 14 15:08:21 GMT 2025","","test_substrate_node_is_synced","",""
"","0","test_can_create_connection[Test for Kusama Coretime, url: wss://coretime-kusama-rpc.dwellir.com]","tests","Wed May 14 15:09:50 GMT 2025","passed","Wed May 14 15:09:50 GMT 2025","","test_nodes_availability","",""
"","109","test_rpc_method_is_available[Test for Kusama, url: wss://1rpc.io/ksm]","tests","Wed May 14 15:06:47 GMT 2025","passed","Wed May 14 15:06:47 GMT 2025","","test_rpc_methods_availability","",""
"","0","test_chainId[Test for Nodle Parachain]","tests","Wed May 14 15:06:52 GMT 2025","passed","Wed May 14 15:06:52 GMT 2025","TestChainId","test_network_parameters","",""
"","0","test_precision[Test for Polkadot]","tests","Wed May 14 15:06:35 GMT 2025","passed","Wed May 14 15:06:35 GMT 2025","TestPrecision","test_network_parameters","",""
"","7","test_rpc_node_is_synced[Test for Encointer, url: wss://encointer-kusama.dotters.network]","tests","Wed May 14 15:07:54 GMT 2025","passed","Wed May 14 15:07:54 GMT 2025","","test_substrate_node_is_synced","",""
"","94","test_rpc_method_is_available[Test for Crust Shadow, url: wss://rpc-shadow.crust.network/]","tests","Wed May 14 15:07:31 GMT 2025","passed","Wed May 14 15:07:31 GMT 2025","","test_rpc_methods_availability","",""
"","0","test_can_create_connection[Test for Centrifuge Parachain, url: wss://rpc-centrifuge.luckyfriday.io]","tests","Wed May 14 15:07:41 GMT 2025","passed","Wed May 14 15:07:41 GMT 2025","","test_nodes_availability","",""
"","0","test_chainId[Test for krest]","tests","Wed May 14 15:07:16 GMT 2025","passed","Wed May 14 15:07:16 GMT 2025","TestChainId","test_network_parameters","",""
"","94","test_rpc_method_is_available[Test for Polkadot, url: wss://polkadot-rpc.dwellir.com]","tests","Wed May 14 15:06:44 GMT 2025","passed","Wed May 14 15:06:44 GMT 2025","","test_rpc_methods_availability","",""
"","0","test_chainId[Test for Polkadex]","tests","Wed May 14 15:06:44 GMT 2025","passed","Wed May 14 15:06:44 GMT 2025","TestChainId","test_network_parameters","",""
"","0","test_can_create_connection[Test for DAO IPCI, url: wss://ipci.rpc.robonomics.network]","tests","Wed May 14 15:08:22 GMT 2025","passed","Wed May 14 15:08:22 GMT 2025","","test_nodes_availability","",""
"","0","test_can_create_connection[Test for Polkadot Asset Hub, url: wss://sys.ibp.network/asset-hub-polkadot]","tests","Wed May 14 15:07:43 GMT 2025","passed","Wed May 14 15:07:43 GMT 2025","","test_nodes_availability","",""
"","4","test_has_new_assets[Test for Cere]","tests","Wed May 14 15:07:39 GMT 2025","passed","Wed May 14 15:07:39 GMT 2025","TestAssets","test_check_new_assets","",""
"","1","test_address_prefix[Test for Bifrost Kusama]","tests","Wed May 14 15:06:25 GMT 2025","passed","Wed May 14 15:06:25 GMT 2025","TestNetworkPrefix","test_network_parameters","",""
"","93","test_rpc_method_is_available[Test for Moonbeam, url: wss://moonbeam.public.blastapi.io]","tests","Wed May 14 15:06:47 GMT 2025","passed","Wed May 14 15:06:47 GMT 2025","","test_rpc_methods_availability","",""
"","0","test_chainId[Test for NeuroWeb]","tests","Wed May 14 15:06:47 GMT 2025","passed","Wed May 14 15:06:47 GMT 2025","TestChainId","test_network_parameters","",""
"","0","test_precision[Test for Polkadot Coretime]","tests","Wed May 14 15:07:52 GMT 2025","passed","Wed May 14 15:07:52 GMT 2025","TestPrecision","test_network_parameters","",""
"","18","test_has_new_assets[Test for Amplitude]","tests","Wed May 14 15:06:48 GMT 2025","passed","Wed May 14 15:06:48 GMT 2025","TestAssets","test_check_new_assets","",""
"","0","test_can_create_connection[Test for Crust Shadow, url: wss://rpc2-shadow.crust.network/]","tests","Wed May 14 15:07:21 GMT 2025","passed","Wed May 14 15:07:21 GMT 2025","","test_nodes_availability","",""
"","117","test_rpc_method_is_available[Test for Karura, url: wss://karura-rpc-2.aca-api.network/ws]","tests","Wed May 14 15:06:24 GMT 2025","passed","Wed May 14 15:06:25 GMT 2025","","test_rpc_methods_availability","",""
"","0","test_can_create_connection[Test for Kusama, url: wss://kusama-rpc.dwellir.com]","tests","Wed May 14 15:06:32 GMT 2025","passed","Wed May 14 15:06:32 GMT 2025","","test_nodes_availability","",""
"","30","test_rpc_node_is_synced[Test for Moonriver, url: wss://moonriver.public.blastapi.io]","tests","Wed May 14 15:06:50 GMT 2025","passed","Wed May 14 15:06:50 GMT 2025","","test_substrate_node_is_synced","",""
"","96","test_rpc_node_is_synced[Test for Polkadot People, url: wss://polkadot-people-rpc.polkadot.io]","tests","Wed May 14 15:06:23 GMT 2025","passed","Wed May 14 15:06:23 GMT 2025","","test_substrate_node_is_synced","",""
"","71","test_rpc_method_is_available[Test for Moonbeam, url: wss://moonbeam.public.curie.radiumblock.co/ws]","tests","Wed May 14 15:06:42 GMT 2025","passed","Wed May 14 15:06:42 GMT 2025","","test_rpc_methods_availability","",""
"","0","test_can_create_connection[Test for Cere, url: wss://rpc.mainnet.cere.network/ws]","tests","Wed May 14 15:09:30 GMT 2025","passed","Wed May 14 15:09:30 GMT 2025","","test_nodes_availability","",""
"","0","test_precision[Test for Cere]","tests","Wed May 14 15:07:45 GMT 2025","passed","Wed May 14 15:07:45 GMT 2025","TestPrecision","test_network_parameters","",""
"","7","test_has_new_assets[Test for NeuroWeb]","tests","Wed May 14 15:06:51 GMT 2025","passed","Wed May 14 15:06:51 GMT 2025","TestAssets","test_check_new_assets","",""
"","0","test_rpc_method_is_available[Test for Kreivo, url: wss://kreivo.io/]","tests","Wed May 14 15:09:11 GMT 2025","broken","Wed May 14 15:09:11 GMT 2025","","test_rpc_methods_availability","",""
"","1","test_can_create_connection[Test for peaq, url: wss://peaq-rpc.dwellir.com]","tests","Wed May 14 15:09:40 GMT 2025","passed","Wed May 14 15:09:40 GMT 2025","","test_nodes_availability","",""
"","98","test_rpc_node_is_synced[Test for QUARTZ, url: wss://eu-ws-quartz.unique.network]","tests","Wed May 14 15:07:44 GMT 2025","passed","Wed May 14 15:07:45 GMT 2025","","test_substrate_node_is_synced","",""
"","59","test_rpc_node_is_synced[Test for Moonbeam, url: wss://moonbeam.public.curie.radiumblock.co/ws]","tests","Wed May 14 15:06:39 GMT 2025","passed","Wed May 14 15:06:39 GMT 2025","","test_substrate_node_is_synced","",""
"","0","test_can_create_connection[Test for Kusama, url: wss://apps-kusama-rpc.polkadot.io]","tests","Wed May 14 15:06:26 GMT 2025","passed","Wed May 14 15:06:26 GMT 2025","","test_nodes_availability","",""
"","119","test_rpc_method_is_available[Test for Altair, url: wss://fullnode.altair.centrifuge.io]","tests","Wed May 14 15:07:32 GMT 2025","passed","Wed May 14 15:07:32 GMT 2025","","test_rpc_methods_availability","",""
"","0","test_precision[Test for Joystream]","tests","Wed May 14 15:07:34 GMT 2025","passed","Wed May 14 15:07:34 GMT 2025","TestPrecision","test_network_parameters","",""
"","78","test_rpc_method_is_available[Test for Astar, url: wss://astar-rpc.dwellir.com]","tests","Wed May 14 15:07:23 GMT 2025","passed","Wed May 14 15:07:24 GMT 2025","","test_rpc_methods_availability","",""
"","0","test_can_create_connection[Test for Moonbeam, url: wss://moonbeam.ibp.network]","tests","Wed May 14 15:06:36 GMT 2025","passed","Wed May 14 15:06:36 GMT 2025","","test_nodes_availability","",""
"","101","test_rpc_node_is_synced[Test for Karura, url: wss://karura-rpc-2.aca-api.network/ws]","tests","Wed May 14 15:06:19 GMT 2025","passed","Wed May 14 15:06:19 GMT 2025","","test_substrate_node_is_synced","",""
"","0","test_address_prefix[Test for Cere]","tests","Wed May 14 15:07:29 GMT 2025","passed","Wed May 14 15:07:29 GMT 2025","TestNetworkPrefix","test_network_parameters","",""
"","226","test_rpc_node_is_synced[Test for DeepBrain, url: wss://info.dbcwallet.io]","tests","Wed May 14 15:09:20 GMT 2025","passed","Wed May 14 15:09:21 GMT 2025","","test_substrate_node_is_synced","",""
"","1","test_can_create_connection[Test for XX network, url: wss://rpc.xx.network]","tests","Wed May 14 15:08:32 GMT 2025","passed","Wed May 14 15:08:32 GMT 2025","","test_nodes_availability","",""
"","0","test_address_prefix[Test for CC Enterprise]","tests","Wed May 14 15:07:29 GMT 2025","passed","Wed May 14 15:07:29 GMT 2025","TestNetworkPrefix","test_network_parameters","",""
"","70","test_rpc_method_is_available[Test for Bifrost Polkadot, url: wss://eu.bifrost-polkadot-rpc.liebi.com/ws]","tests","Wed May 14 15:08:20 GMT 2025","passed","Wed May 14 15:08:20 GMT 2025","","test_rpc_methods_availability","",""
"","210","test_rpc_method_is_available[Test for Karura, url: wss://karura-rpc-1.aca-api.network]","tests","Wed May 14 15:06:22 GMT 2025","passed","Wed May 14 15:06:22 GMT 2025","","test_rpc_methods_availability","",""
"","0","test_can_create_connection[Test for Hyperbridge Nexus, url: wss://hyperbridge-nexus-rpc.blockops.network]","tests","Wed May 14 15:09:26 GMT 2025","passed","Wed May 14 15:09:26 GMT 2025","","test_nodes_availability","",""
"","0","test_can_create_connection[Test for Crust Polkadot Parachain, url: wss://crust-parachain.crustapps.net]","tests","Wed May 14 15:08:22 GMT 2025","passed","Wed May 14 15:08:22 GMT 2025","","test_nodes_availability","",""
"","23","test_has_new_assets[Test for Interlay]","tests","Wed May 14 15:06:50 GMT 2025","passed","Wed May 14 15:06:50 GMT 2025","TestAssets","test_check_new_assets","",""
"","0","test_can_create_connection[Test for Enjin Matrix, url: wss://enjin-matrix-rpc-1.dwellir.com]","tests","Wed May 14 15:09:12 GMT 2025","passed","Wed May 14 15:09:12 GMT 2025","","test_nodes_availability","",""
"","117","test_rpc_method_is_available[Test for Encointer, url: wss://sys.ibp.network/encointer-kusama]","tests","Wed May 14 15:07:51 GMT 2025","passed","Wed May 14 15:07:51 GMT 2025","","test_rpc_methods_availability","",""
"","0","test_can_create_connection[Test for UNIQUE, url: wss://unique.dotters.network]","tests","Wed May 14 15:08:07 GMT 2025","passed","Wed May 14 15:08:07 GMT 2025","","test_nodes_availability","",""
"","0","test_can_create_connection[Test for Frequency, url: wss://0.rpc.frequency.xyz]","tests","Wed May 14 15:08:52 GMT 2025","passed","Wed May 14 15:08:52 GMT 2025","","test_nodes_availability","",""
"","4","test_has_new_assets[Test for Aleph Zero]","tests","Wed May 14 15:07:01 GMT 2025","passed","Wed May 14 15:07:01 GMT 2025","TestAssets","test_check_new_assets","",""
"","387","test_rpc_node_is_synced[Test for Ethereum, url: https://ethereum-rpc.publicnode.com]","tests","Wed May 14 15:06:26 GMT 2025","passed","Wed May 14 15:06:26 GMT 2025","TestETHNodesAvailability","test_eth_nodes_availability","",""
"","0","test_can_create_connection[Test for Kusama People, url: wss://sys.ibp.network/people-kusama]","tests","Wed May 14 15:07:16 GMT 2025","passed","Wed May 14 15:07:16 GMT 2025","","test_nodes_availability","",""
"","0","test_can_create_connection[Test for GIANT, url: wss://rpc-anchor-1-mainnet-az-ue1.giantprotocol.org:443]","tests","Wed May 14 15:09:02 GMT 2025","passed","Wed May 14 15:09:02 GMT 2025","","test_nodes_availability","",""
"","8","test_rpc_node_is_synced[Test for Interlay, url: wss://rpc-interlay.luckyfriday.io/]","tests","Wed May 14 15:07:15 GMT 2025","passed","Wed May 14 15:07:15 GMT 2025","","test_substrate_node_is_synced","",""
"","0","test_address_prefix[Test for Frequency]","tests","Wed May 14 15:07:14 GMT 2025","passed","Wed May 14 15:07:14 GMT 2025","TestNetworkPrefix","test_network_parameters","",""
"","138","test_rpc_method_is_available[Test for Polimec, url: wss://polimec.ibp.network]","tests","Wed May 14 15:08:53 GMT 2025","passed","Wed May 14 15:08:53 GMT 2025","","test_rpc_methods_availability","",""
"","92","test_rpc_method_is_available[Test for Bittensor, url: wss://entrypoint-finney.opentensor.ai:443]","tests","Wed May 14 15:08:16 GMT 2025","passed","Wed May 14 15:08:16 GMT 2025","","test_rpc_methods_availability","",""
"","127","test_rpc_method_is_available[Test for Tangle, url: wss://tangle-mainnet-rpc.dwellir.com]","tests","Wed May 14 15:09:27 GMT 2025","passed","Wed May 14 15:09:27 GMT 2025","","test_rpc_methods_availability","",""
"","1","test_chainId[Test for Shiden]","tests","Wed May 14 15:06:35 GMT 2025","passed","Wed May 14 15:06:35 GMT 2025","TestChainId","test_network_parameters","",""
"","131","test_rpc_method_is_available[Test for Creditcoin, url: wss://mainnet3.creditcoin.network]","tests","Wed May 14 15:09:18 GMT 2025","passed","Wed May 14 15:09:18 GMT 2025","","test_rpc_methods_availability","",""
"","72","test_rpc_method_is_available[Test for Polkadot Asset Hub, url: wss://asset-hub-polkadot-rpc.dwellir.com]","tests","Wed May 14 15:07:44 GMT 2025","passed","Wed May 14 15:07:45 GMT 2025","","test_rpc_methods_availability","",""
"","0","test_precision[Test for Bittensor]","tests","Wed May 14 15:07:14 GMT 2025","passed","Wed May 14 15:07:14 GMT 2025","TestPrecision","test_network_parameters","",""
"","0","test_can_create_connection[Test for Bifrost Kusama, url: wss://bifrost-rpc.liebi.com/ws]","tests","Wed May 14 15:07:31 GMT 2025","passed","Wed May 14 15:07:31 GMT 2025","","test_nodes_availability","",""
"","0","test_can_create_connection[Test for Karura, url: wss://karura-rpc-1.aca-api.network]","tests","Wed May 14 15:06:18 GMT 2025","passed","Wed May 14 15:06:18 GMT 2025","","test_nodes_availability","",""
"","103","test_rpc_node_is_synced[Test for Joystream, url: wss://rpc.joystream.org]","tests","Wed May 14 15:08:58 GMT 2025","passed","Wed May 14 15:08:58 GMT 2025","","test_substrate_node_is_synced","",""
"","0","test_can_create_connection[Test for Kintsugi, url: wss://api-kusama.interlay.io/parachain]","tests","Wed May 14 15:07:07 GMT 2025","passed","Wed May 14 15:07:07 GMT 2025","","test_nodes_availability","",""
"","1","test_can_create_connection[Test for Kusama Bridge Hub, url: wss://ksm-rpc.stakeworld.io/bridgehub]","tests","Wed May 14 15:08:56 GMT 2025","passed","Wed May 14 15:08:56 GMT 2025","","test_nodes_availability","",""
"","1520","test_rpc_method_is_available[Test for XX network, url: wss://xxnetwork-rpc.dwellir.com]","tests","Wed May 14 15:08:21 GMT 2025","passed","Wed May 14 15:08:23 GMT 2025","","test_rpc_methods_availability","",""
"","0","test_chainId[Test for Energy Web X]","tests","Wed May 14 15:07:20 GMT 2025","passed","Wed May 14 15:07:20 GMT 2025","TestChainId","test_network_parameters","",""
"","0","test_can_create_connection[Test for Kusama Asset Hub, url: wss://asset-hub-kusama.dotters.network]","tests","Wed May 14 15:06:16 GMT 2025","passed","Wed May 14 15:06:16 GMT 2025","","test_nodes_availability","",""
"","0","test_can_create_connection[Test for DENTNet, url: wss://rpc.dentnet.io/ws]","tests","Wed May 14 15:09:36 GMT 2025","passed","Wed May 14 15:09:36 GMT 2025","","test_nodes_availability","",""
"","111","test_rpc_method_is_available[Test for Mythos, url: wss://polkadot-mythos-rpc.polkadot.io]","tests","Wed May 14 15:09:09 GMT 2025","passed","Wed May 14 15:09:09 GMT 2025","","test_rpc_methods_availability","",""
"","72","test_rpc_method_is_available[Test for Kreivo, url: wss://kreivo.kippu.rocks/]","tests","Wed May 14 15:09:15 GMT 2025","passed","Wed May 14 15:09:15 GMT 2025","","test_rpc_methods_availability","",""
"","77","test_rpc_method_is_available[Test for Interlay, url: wss://rpc-interlay.luckyfriday.io/]","tests","Wed May 14 15:07:19 GMT 2025","passed","Wed May 14 15:07:20 GMT 2025","","test_rpc_methods_availability","",""
"","1","test_precision[Test for KILT]","tests","Wed May 14 15:06:47 GMT 2025","passed","Wed May 14 15:06:47 GMT 2025","TestPrecision","test_network_parameters","",""
"","5","test_has_new_assets[Test for 3DPass]","tests","Wed May 14 15:07:12 GMT 2025","passed","Wed May 14 15:07:12 GMT 2025","TestAssets","test_check_new_assets","",""
"","0","test_precision[Test for Mythos]","tests","Wed May 14 15:07:35 GMT 2025","passed","Wed May 14 15:07:35 GMT 2025","TestPrecision","test_network_parameters","",""
"","1","test_address_prefix[Test for Pendulum]","tests","Wed May 14 15:07:07 GMT 2025","passed","Wed May 14 15:07:07 GMT 2025","TestNetworkPrefix","test_network_parameters","",""
"","162","test_rpc_node_is_synced[Test for Acala, url: wss://acala-rpc-2.aca-api.network/ws]","tests","Wed May 14 15:07:02 GMT 2025","passed","Wed May 14 15:07:02 GMT 2025","","test_substrate_node_is_synced","",""
"","0","test_can_create_connection[Test for Kusama, url: wss://rpc-kusama-1.novasama-tech.org]","tests","Wed May 14 15:06:59 GMT 2025","passed","Wed May 14 15:06:59 GMT 2025","","test_nodes_availability","",""
"","0","test_chainId[Test for Joystream]","tests","Wed May 14 15:07:22 GMT 2025","passed","Wed May 14 15:07:22 GMT 2025","TestChainId","test_network_parameters","",""
"","0","test_address_prefix[Test for Tangle]","tests","Wed May 14 15:07:44 GMT 2025","passed","Wed May 14 15:07:44 GMT 2025","TestNetworkPrefix","test_network_parameters","",""
"","1","test_can_create_connection[Test for Bifrost Polkadot, url: wss://hk.p.bifrost-rpc.liebi.com/ws]","tests","Wed May 14 15:08:17 GMT 2025","passed","Wed May 14 15:08:17 GMT 2025","","test_nodes_availability","",""
"","1","test_precision[Test for Aventus]","tests","Wed May 14 15:07:26 GMT 2025","passed","Wed May 14 15:07:26 GMT 2025","TestPrecision","test_network_parameters","",""
"","97","test_rpc_node_is_synced[Test for Energy Web X, url: wss://public-rpc.mainnet.energywebx.com/]","tests","Wed May 14 15:08:40 GMT 2025","passed","Wed May 14 15:08:41 GMT 2025","","test_substrate_node_is_synced","",""
"","0","test_can_create_connection[Test for Kusama, url: wss://1rpc.io/ksm]","tests","Wed May 14 15:06:41 GMT 2025","passed","Wed May 14 15:06:41 GMT 2025","","test_nodes_availability","",""
"","8","test_has_new_assets[Test for Centrifuge Parachain]","tests","Wed May 14 15:07:06 GMT 2025","passed","Wed May 14 15:07:06 GMT 2025","TestAssets","test_check_new_assets","",""
"","86","test_rpc_method_is_available[Test for Bifrost Polkadot, url: wss://bifrost-polkadot.ibp.network]","tests","Wed May 14 15:08:04 GMT 2025","passed","Wed May 14 15:08:04 GMT 2025","","test_rpc_methods_availability","",""
"","0","test_can_create_connection[Test for Moonriver, url: wss://wss.api.moonriver.moonbeam.network]","tests","Wed May 14 15:06:52 GMT 2025","passed","Wed May 14 15:06:52 GMT 2025","","test_nodes_availability","",""
"","9","test_rpc_node_is_synced[Test for Bifrost Kusama, url: wss://us.bifrost-rpc.liebi.com/ws]","tests","Wed May 14 15:07:15 GMT 2025","passed","Wed May 14 15:07:15 GMT 2025","","test_substrate_node_is_synced","",""
"","0","test_chainId[Test for GIANT]","tests","Wed May 14 15:07:04 GMT 2025","passed","Wed May 14 15:07:04 GMT 2025","TestChainId","test_network_parameters","",""
"","1","test_can_create_connection[Test for NeuroWeb, url: wss://parachain-rpc.origin-trail.network]","tests","Wed May 14 15:08:16 GMT 2025","passed","Wed May 14 15:08:16 GMT 2025","","test_nodes_availability","",""
"","0","test_can_create_connection[Test for Basilisk, url: wss://rpc.basilisk.cloud]","tests","Wed May 14 15:07:41 GMT 2025","passed","Wed May 14 15:07:41 GMT 2025","","test_nodes_availability","",""
"","0","test_chainId[Test for Phala]","tests","Wed May 14 15:06:57 GMT 2025","passed","Wed May 14 15:06:57 GMT 2025","TestChainId","test_network_parameters","",""
"","9","test_has_new_assets[Test for Subsocial]","tests","Wed May 14 15:06:49 GMT 2025","passed","Wed May 14 15:06:49 GMT 2025","TestAssets","test_check_new_assets","",""
"","14","test_rpc_node_is_synced[Test for Avail, url: wss://avail-mainnet.public.blastapi.io/]","tests","Wed May 14 15:09:08 GMT 2025","passed","Wed May 14 15:09:08 GMT 2025","","test_substrate_node_is_synced","",""
"","1","test_chainId[Test for Bifrost Kusama]","tests","Wed May 14 15:06:27 GMT 2025","passed","Wed May 14 15:06:27 GMT 2025","TestChainId","test_network_parameters","",""
"","1","test_chainId[Test for Enjin Relay]","tests","Wed May 14 15:07:27 GMT 2025","passed","Wed May 14 15:07:27 GMT 2025","TestChainId","test_network_parameters","",""
"","7","test_has_new_assets[Test for Polymesh]","tests","Wed May 14 15:06:57 GMT 2025","passed","Wed May 14 15:06:57 GMT 2025","TestAssets","test_check_new_assets","",""
"","0","test_can_create_connection[Test for Encointer, url: wss://sys.ibp.network/encointer-kusama]","tests","Wed May 14 15:07:56 GMT 2025","passed","Wed May 14 15:07:56 GMT 2025","","test_nodes_availability","",""
"","1","test_can_create_connection[Test for Polkadot, url: wss://polkadot.public.curie.radiumblock.co/ws]","tests","Wed May 14 15:06:48 GMT 2025","passed","Wed May 14 15:06:48 GMT 2025","","test_nodes_availability","",""
"","1","test_precision[Test for Polkadex]","tests","Wed May 14 15:06:53 GMT 2025","passed","Wed May 14 15:06:53 GMT 2025","TestPrecision","test_network_parameters","",""
"","32","test_rpc_node_is_synced[Test for Amplitude, url: wss://rpc-amplitude.pendulumchain.tech]","tests","Wed May 14 15:08:05 GMT 2025","passed","Wed May 14 15:08:05 GMT 2025","","test_substrate_node_is_synced","",""
"","7","test_rpc_node_is_synced[Test for Polkadot Bridge Hub, url: wss://sys.ibp.network/bridgehub-polkadot]","tests","Wed May 14 15:08:28 GMT 2025","passed","Wed May 14 15:08:28 GMT 2025","","test_substrate_node_is_synced","",""
"","112","test_has_new_assets[Test for Bifrost Kusama]","tests","Wed May 14 15:06:31 GMT 2025","passed","Wed May 14 15:06:31 GMT 2025","TestAssets","test_check_new_assets","",""
"","1","test_can_create_connection[Test for Subsocial, url: wss://para.f3joule.space]","tests","Wed May 14 15:07:14 GMT 2025","passed","Wed May 14 15:07:14 GMT 2025","","test_nodes_availability","",""
"","0","test_chainId[Test for Polkadot]","tests","Wed May 14 15:06:25 GMT 2025","passed","Wed May 14 15:06:25 GMT 2025","TestChainId","test_network_parameters","",""
"","98","test_rpc_node_is_synced[Test for Integritee Parachain, url: wss://kusama.api.integritee.network]","tests","Wed May 14 15:07:27 GMT 2025","passed","Wed May 14 15:07:27 GMT 2025","","test_substrate_node_is_synced","",""
"","38","test_rpc_node_is_synced[Test for Westend (TESTNET), url: wss://westend.public.curie.radiumblock.co/ws]","tests","Wed May 14 15:07:01 GMT 2025","passed","Wed May 14 15:07:01 GMT 2025","","test_substrate_node_is_synced","",""
"","0","test_can_create_connection[Test for Avail, url: wss://avail-mainnet.public.blastapi.io/]","tests","Wed May 14 15:09:31 GMT 2025","passed","Wed May 14 15:09:31 GMT 2025","","test_nodes_availability","",""
"","0","test_address_prefix[Test for Zeitgeist]","tests","Wed May 14 15:06:43 GMT 2025","passed","Wed May 14 15:06:43 GMT 2025","TestNetworkPrefix","test_network_parameters","",""
"","1","test_can_create_connection[Test for KILT, url: wss://kilt.ibp.network]","tests","Wed May 14 15:07:56 GMT 2025","passed","Wed May 14 15:07:56 GMT 2025","","test_nodes_availability","",""
"","0","test_precision[Test for Kusama People]","tests","Wed May 14 15:06:32 GMT 2025","passed","Wed May 14 15:06:32 GMT 2025","TestPrecision","test_network_parameters","",""
"","0","test_chainId[Test for Manta Atlantic]","tests","Wed May 14 15:07:24 GMT 2025","passed","Wed May 14 15:07:24 GMT 2025","TestChainId","test_network_parameters","",""
"","5","test_has_new_assets[Test for Kreivo]","tests","Wed May 14 15:07:34 GMT 2025","passed","Wed May 14 15:07:34 GMT 2025","TestAssets","test_check_new_assets","",""
"","148","test_rpc_node_is_synced[Test for Kusama, url: wss://rpc-kusama-2.novasama-tech.org]","tests","Wed May 14 15:06:59 GMT 2025","passed","Wed May 14 15:06:59 GMT 2025","","test_substrate_node_is_synced","",""
"","0","test_can_create_connection[Test for Kusama Coretime, url: wss://kusama-coretime-rpc.polkadot.io]","tests","Wed May 14 15:09:57 GMT 2025","passed","Wed May 14 15:09:57 GMT 2025","","test_nodes_availability","",""
"","249","test_rpc_node_is_synced[Test for Crab, url: wss://crab-rpc.darwinia.network/]","tests","Wed May 14 15:08:13 GMT 2025","passed","Wed May 14 15:08:14 GMT 2025","","test_substrate_node_is_synced","",""
"","0","test_can_create_connection[Test for Crab, url: wss://crab-rpc.darwinia.network/]","tests","Wed May 14 15:08:44 GMT 2025","passed","Wed May 14 15:08:44 GMT 2025","","test_nodes_availability","",""
"","90675","test_subquery_is_synced","tests","Wed May 14 15:06:14 GMT 2025","passed","Wed May 14 15:07:45 GMT 2025","","test_subquery_is_synced","",""
"","211","test_rpc_node_is_synced[Test for Karura, url: wss://karura-rpc-3.aca-api.network/ws]","tests","Wed May 14 15:06:22 GMT 2025","passed","Wed May 14 15:06:22 GMT 2025","","test_substrate_node_is_synced","",""
"","0","test_precision[Test for Polkadot Asset Hub]","tests","Wed May 14 15:06:41 GMT 2025","passed","Wed May 14 15:06:41 GMT 2025","TestPrecision","test_network_parameters","",""
"","97","test_rpc_method_is_available[Test for Pendulum, url: wss://rpc-pendulum.prd.pendulumchain.tech]","tests","Wed May 14 15:08:08 GMT 2025","passed","Wed May 14 15:08:08 GMT 2025","","test_rpc_methods_availability","",""
"","0","test_address_prefix[Test for Basilisk]","tests","Wed May 14 15:06:28 GMT 2025","passed","Wed May 14 15:06:28 GMT 2025","TestNetworkPrefix","test_network_parameters","",""
"","1","test_can_create_connection[Test for Humanode, url: wss://explorer-rpc-ws.mainnet.stages.humanode.io]","tests","Wed May 14 15:09:38 GMT 2025","passed","Wed May 14 15:09:38 GMT 2025","","test_nodes_availability","",""
"","0","test_can_create_connection[Test for Frequency, url: wss://1.rpc.frequency.xyz]","tests","Wed May 14 15:08:55 GMT 2025","passed","Wed May 14 15:08:55 GMT 2025","","test_nodes_availability","",""
"","91","test_rpc_node_is_synced[Test for Altair, url: wss://fullnode.altair.centrifuge.io]","tests","Wed May 14 15:07:29 GMT 2025","passed","Wed May 14 15:07:29 GMT 2025","","test_substrate_node_is_synced","",""
"","1","test_can_create_connection[Test for Acala, url: wss://acala-rpc-3.aca-api.network/ws]","tests","Wed May 14 15:07:14 GMT 2025","passed","Wed May 14 15:07:14 GMT 2025","","test_nodes_availability","",""
"","793","test_rpc_node_is_synced[Test for Ethereum, url: https://1rpc.io/eth]","tests","Wed May 14 15:06:26 GMT 2025","passed","Wed May 14 15:06:26 GMT 2025","TestETHNodesAvailability","test_eth_nodes_availability","",""
"","21","test_rpc_node_is_synced[Test for Frequency, url: wss://1.rpc.frequency.xyz]","tests","Wed May 14 15:08:20 GMT 2025","passed","Wed May 14 15:08:20 GMT 2025","","test_substrate_node_is_synced","",""
"","0","test_chainId[Test for DENTNet]","tests","Wed May 14 15:07:35 GMT 2025","passed","Wed May 14 15:07:35 GMT 2025","TestChainId","test_network_parameters","",""
"","0","test_address_prefix[Test for Crust Shadow]","tests","Wed May 14 15:06:52 GMT 2025","passed","Wed May 14 15:06:52 GMT 2025","TestNetworkPrefix","test_network_parameters","",""
"","0","test_chainId[Test for Enjin Matrix]","tests","Wed May 14 15:07:17 GMT 2025","passed","Wed May 14 15:07:17 GMT 2025","TestChainId","test_network_parameters","",""
"","10","test_rpc_node_is_synced[Test for Bittensor, url: wss://entrypoint-finney.opentensor.ai:443]","tests","Wed May 14 15:08:12 GMT 2025","passed","Wed May 14 15:08:12 GMT 2025","","test_substrate_node_is_synced","",""
"","0","test_chainId[Test for Altair]","tests","Wed May 14 15:06:36 GMT 2025","passed","Wed May 14 15:06:36 GMT 2025","TestChainId","test_network_parameters","",""
"","26","test_rpc_node_is_synced[Test for Moonriver, url: wss://wss.api.moonriver.moonbeam.network]","tests","Wed May 14 15:06:47 GMT 2025","passed","Wed May 14 15:06:47 GMT 2025","","test_substrate_node_is_synced","",""
"","1","test_can_create_connection[Test for Moonbeam, url: wss://moonbeam.public.curie.radiumblock.co/ws]","tests","Wed May 14 15:06:46 GMT 2025","passed","Wed May 14 15:06:46 GMT 2025","","test_nodes_availability","",""
"","0","test_can_create_connection[Test for Polkadot Coretime, url: wss://coretime-polkadot.dotters.network]","tests","Wed May 14 15:09:46 GMT 2025","passed","Wed May 14 15:09:46 GMT 2025","","test_nodes_availability","",""
"","6","test_rpc_node_is_synced[Test for Hydration, url: wss://hydration.ibp.network]","tests","Wed May 14 15:07:48 GMT 2025","passed","Wed May 14 15:07:48 GMT 2025","","test_substrate_node_is_synced","",""
"","74","test_rpc_method_is_available[Test for Polkadot People, url: wss://polkadot-people-rpc.polkadot.io]","tests","Wed May 14 15:06:28 GMT 2025","passed","Wed May 14 15:06:28 GMT 2025","","test_rpc_methods_availability","",""
"","81","test_rpc_method_is_available[Test for Kusama Bridge Hub, url: wss://sys.ibp.network/bridgehub-kusama]","tests","Wed May 14 15:08:40 GMT 2025","passed","Wed May 14 15:08:40 GMT 2025","","test_rpc_methods_availability","",""
"","8","test_has_new_assets[Test for krest]","tests","Wed May 14 15:07:18 GMT 2025","passed","Wed May 14 15:07:18 GMT 2025","TestAssets","test_check_new_assets","",""
"","0","test_can_create_connection[Test for Moonbeam, url: wss://moonbeam.dotters.network]","tests","Wed May 14 15:06:39 GMT 2025","passed","Wed May 14 15:06:39 GMT 2025","","test_nodes_availability","",""
"","28","test_rpc_node_is_synced[Test for peaq, url: wss://peaq-rpc.publicnode.com]","tests","Wed May 14 15:09:15 GMT 2025","passed","Wed May 14 15:09:15 GMT 2025","","test_substrate_node_is_synced","",""
"","0","test_can_create_connection[Test for Phala, url: wss://api.phala.network/ws]","tests","Wed May 14 15:07:58 GMT 2025","passed","Wed May 14 15:07:58 GMT 2025","","test_nodes_availability","",""
"","0","test_address_prefix[Test for Polkadot Coretime]","tests","Wed May 14 15:07:36 GMT 2025","passed","Wed May 14 15:07:36 GMT 2025","TestNetworkPrefix","test_network_parameters","",""
"","0","test_can_create_connection[Test for Polkadot People, url: wss://people-polkadot.dotters.network]","tests","Wed May 14 15:06:28 GMT 2025","passed","Wed May 14 15:06:28 GMT 2025","","test_nodes_availability","",""
"","267","test_rpc_node_is_synced[Test for Karura, url: wss://karura-rpc-0.aca-api.network]","tests","Wed May 14 15:06:43 GMT 2025","passed","Wed May 14 15:06:44 GMT 2025","","test_substrate_node_is_synced","",""
"","106","test_rpc_method_is_available[Test for UNIQUE, url: wss://asia-ws.unique.network/]","tests","Wed May 14 15:08:49 GMT 2025","passed","Wed May 14 15:08:49 GMT 2025","","test_rpc_methods_availability","",""
"","0","test_can_create_connection[Test for Polkadot, url: wss://polkadot.dotters.network]","tests","Wed May 14 15:06:31 GMT 2025","passed","Wed May 14 15:06:31 GMT 2025","","test_nodes_availability","",""
"","70","test_rpc_method_is_available[Test for UNIQUE, url: wss://eu-ws.unique.network/]","tests","Wed May 14 15:08:35 GMT 2025","passed","Wed May 14 15:08:35 GMT 2025","","test_rpc_methods_availability","",""
"","89","test_rpc_node_is_synced[Test for Mythos, url: wss://polkadot-mythos-rpc.polkadot.io]","tests","Wed May 14 15:09:06 GMT 2025","passed","Wed May 14 15:09:07 GMT 2025","","test_substrate_node_is_synced","",""
"","0","test_rpc_node_is_synced[Test for Ajuna, url: wss://rpc-para.ajuna.network]","tests","Wed May 14 15:08:23 GMT 2025","broken","Wed May 14 15:08:23 GMT 2025","","test_substrate_node_is_synced","",""
"","0","test_address_prefix[Test for Polkadot Collectives]","tests","Wed May 14 15:07:08 GMT 2025","passed","Wed May 14 15:07:08 GMT 2025","TestNetworkPrefix","test_network_parameters","",""
"","111","test_rpc_node_is_synced[Test for Subsocial, url: wss://para.f3joule.space]","tests","Wed May 14 15:07:09 GMT 2025","passed","Wed May 14 15:07:09 GMT 2025","","test_substrate_node_is_synced","",""
"","1","test_chainId[Test for DeepBrain]","tests","Wed May 14 15:07:46 GMT 2025","passed","Wed May 14 15:07:46 GMT 2025","TestChainId","test_network_parameters","",""
"","422","test_rpc_node_is_synced[Test for Darwinia, url: wss://rpc.darwinia.network]","tests","Wed May 14 15:08:07 GMT 2025","passed","Wed May 14 15:08:07 GMT 2025","","test_substrate_node_is_synced","",""
"","9","test_has_new_assets[Test for Pendulum]","tests","Wed May 14 15:07:10 GMT 2025","passed","Wed May 14 15:07:11 GMT 2025","TestAssets","test_check_new_assets","",""
"","91","test_rpc_method_is_available[Test for Acala, url: wss://acala-rpc-0.aca-api.network]","tests","Wed May 14 15:08:02 GMT 2025","passed","Wed May 14 15:08:02 GMT 2025","","test_rpc_methods_availability","",""
"","1","test_chainId[Test for Ternoa]","tests","Wed May 14 15:06:48 GMT 2025","passed","Wed May 14 15:06:48 GMT 2025","TestChainId","test_network_parameters","",""
"","100","test_rpc_node_is_synced[Test for Enjin Matrix, url: wss://enjin-matrix-rpc-1.dwellir.com]","tests","Wed May 14 15:08:52 GMT 2025","passed","Wed May 14 15:08:52 GMT 2025","","test_substrate_node_is_synced","",""
"","0","test_chainId[Test for Robonomics]","tests","Wed May 14 15:06:36 GMT 2025","passed","Wed May 14 15:06:36 GMT 2025","TestChainId","test_network_parameters","",""
"","0","test_can_create_connection[Test for Kusama, url: wss://rpc.ibp.network/kusama]","tests","Wed May 14 15:06:17 GMT 2025","passed","Wed May 14 15:06:17 GMT 2025","","test_nodes_availability","",""
"","0","test_chainId[Test for Kusama Asset Hub]","tests","Wed May 14 15:06:36 GMT 2025","passed","Wed May 14 15:06:36 GMT 2025","TestChainId","test_network_parameters","",""
"","0","test_rpc_method_is_available[Test for Ajuna, url: wss://rpc-para.ajuna.network]","tests","Wed May 14 15:08:28 GMT 2025","broken","Wed May 14 15:08:28 GMT 2025","","test_rpc_methods_availability","",""
"","0","test_address_prefix[Test for Kusama Bridge Hub]","tests","Wed May 14 15:07:12 GMT 2025","passed","Wed May 14 15:07:12 GMT 2025","TestNetworkPrefix","test_network_parameters","",""
"","102","test_rpc_method_is_available[Test for Frequency, url: wss://0.rpc.frequency.xyz]","tests","Wed May 14 15:08:23 GMT 2025","passed","Wed May 14 15:08:23 GMT 2025","","test_rpc_methods_availability","",""
"","110","test_rpc_node_is_synced[Test for Curio, url: wss://archive.parachain.curioinvest.com]","tests","Wed May 14 15:08:58 GMT 2025","passed","Wed May 14 15:08:58 GMT 2025","","test_substrate_node_is_synced","",""
"","0","test_can_create_connection[Test for Karura, url: wss://karura-rpc.dwellir.com]","tests","Wed May 14 15:06:29 GMT 2025","passed","Wed May 14 15:06:29 GMT 2025","","test_nodes_availability","",""
"","95","test_rpc_method_is_available[Test for Hydration, url: wss://hydration.dotters.network]","tests","Wed May 14 15:08:00 GMT 2025","passed","Wed May 14 15:08:00 GMT 2025","","test_rpc_methods_availability","",""
"","0","test_can_create_connection[Test for KILT, url: wss://kilt.dotters.network]","tests","Wed May 14 15:08:00 GMT 2025","passed","Wed May 14 15:08:00 GMT 2025","","test_nodes_availability","",""
"","0","test_address_prefix[Test for Karura]","tests","Wed May 14 15:06:23 GMT 2025","passed","Wed May 14 15:06:23 GMT 2025","TestNetworkPrefix","test_network_parameters","",""
"","5","test_has_new_assets[Test for Humanode]","tests","Wed May 14 15:07:40 GMT 2025","passed","Wed May 14 15:07:40 GMT 2025","TestAssets","test_check_new_assets","",""
"","79","test_rpc_method_is_available[Test for XX network, url: wss://rpc-do.xx.network]","tests","Wed May 14 15:08:39 GMT 2025","passed","Wed May 14 15:08:39 GMT 2025","","test_rpc_methods_availability","",""
"","7","test_rpc_node_is_synced[Test for Polkadot, url: wss://rpc.ibp.network/polkadot]","tests","Wed May 14 15:06:25 GMT 2025","passed","Wed May 14 15:06:25 GMT 2025","","test_substrate_node_is_synced","",""
"","0","test_chainId[Test for Zeitgeist]","tests","Wed May 14 15:06:43 GMT 2025","passed","Wed May 14 15:06:43 GMT 2025","TestChainId","test_network_parameters","",""
"","0","test_precision[Test for Bifrost Polkadot]","tests","Wed May 14 15:07:00 GMT 2025","passed","Wed May 14 15:07:00 GMT 2025","TestPrecision","test_network_parameters","",""
"","6","test_rpc_node_is_synced[Test for Kusama Bridge Hub, url: wss://bridge-hub-kusama.dotters.network]","tests","Wed May 14 15:08:37 GMT 2025","passed","Wed May 14 15:08:37 GMT 2025","","test_substrate_node_is_synced","",""
"","0","test_chainId[Test for Crust Shadow]","tests","Wed May 14 15:06:52 GMT 2025","passed","Wed May 14 15:06:52 GMT 2025","TestChainId","test_network_parameters","",""
"","9","test_has_new_assets[Test for Curio]","tests","Wed May 14 15:07:33 GMT 2025","passed","Wed May 14 15:07:33 GMT 2025","TestAssets","test_check_new_assets","",""
"","6","test_has_new_assets[Test for Moonbeam]","tests","Wed May 14 15:06:32 GMT 2025","passed","Wed May 14 15:06:32 GMT 2025","TestAssets","test_check_new_assets","",""
"","0","test_address_prefix[Test for Polkadot People]","tests","Wed May 14 15:06:39 GMT 2025","passed","Wed May 14 15:06:39 GMT 2025","TestNetworkPrefix","test_network_parameters","",""
"","5","test_has_new_assets[Test for Aventus]","tests","Wed May 14 15:07:19 GMT 2025","passed","Wed May 14 15:07:19 GMT 2025","TestAssets","test_check_new_assets","",""
"","106","test_rpc_node_is_synced[Test for Astar, url: wss://astar-rpc.dwellir.com]","tests","Wed May 14 15:07:21 GMT 2025","passed","Wed May 14 15:07:21 GMT 2025","","test_substrate_node_is_synced","",""
"","0","test_address_prefix[Test for KILT]","tests","Wed May 14 15:06:34 GMT 2025","passed","Wed May 14 15:06:34 GMT 2025","TestNetworkPrefix","test_network_parameters","",""
"","93","test_rpc_node_is_synced[Test for Pendulum, url: wss://rpc-pendulum.prd.pendulumchain.tech]","tests","Wed May 14 15:08:02 GMT 2025","passed","Wed May 14 15:08:02 GMT 2025","","test_substrate_node_is_synced","",""
"","0","test_chainId[Test for Kusama Coretime]","tests","Wed May 14 15:07:45 GMT 2025","passed","Wed May 14 15:07:45 GMT 2025","TestChainId","test_network_parameters","",""
"","71","test_rpc_method_is_available[Test for Kusama People, url: wss://sys.ibp.network/people-kusama]","tests","Wed May 14 15:06:41 GMT 2025","passed","Wed May 14 15:06:41 GMT 2025","","test_rpc_methods_availability","",""
"","79","test_rpc_method_is_available[Test for Shiden, url: wss://shiden.public.curie.radiumblock.co/ws]","tests","Wed May 14 15:07:07 GMT 2025","passed","Wed May 14 15:07:07 GMT 2025","","test_rpc_methods_availability","",""
"","0","test_chainId[Test for Moonbeam]","tests","Wed May 14 15:06:28 GMT 2025","passed","Wed May 14 15:06:28 GMT 2025","TestChainId","test_network_parameters","",""
"","104","test_rpc_node_is_synced[Test for Enjin Relay, url: wss://enjin-relay-rpc.dwellir.com]","tests","Wed May 14 15:08:54 GMT 2025","passed","Wed May 14 15:08:55 GMT 2025","","test_substrate_node_is_synced","",""
"","79","test_rpc_method_is_available[Test for Westend (TESTNET), url: wss://rpc.ibp.network/westend]","tests","Wed May 14 15:06:58 GMT 2025","passed","Wed May 14 15:06:58 GMT 2025","","test_rpc_methods_availability","",""
"","0","test_can_create_connection[Test for Mythos, url: wss://mythos.ibp.network]","tests","Wed May 14 15:09:21 GMT 2025","passed","Wed May 14 15:09:21 GMT 2025","","test_nodes_availability","",""
"","7","test_rpc_node_is_synced[Test for Bifrost Polkadot, url: wss://bifrost-polkadot.dotters.network]","tests","Wed May 14 15:08:00 GMT 2025","passed","Wed May 14 15:08:00 GMT 2025","","test_substrate_node_is_synced","",""
"","99","test_rpc_node_is_synced[Test for Kusama, url: wss://kusama-rpc.dwellir.com]","tests","Wed May 14 15:06:29 GMT 2025","passed","Wed May 14 15:06:29 GMT 2025","","test_substrate_node_is_synced","",""
"","4","test_has_new_assets[Test for Mythos]","tests","Wed May 14 15:07:34 GMT 2025","passed","Wed May 14 15:07:34 GMT 2025","TestAssets","test_check_new_assets","",""
"","0","test_address_prefix[Test for Energy Web X]","tests","Wed May 14 15:07:16 GMT 2025","passed","Wed May 14 15:07:16 GMT 2025","TestNetworkPrefix","test_network_parameters","",""
"","1","test_address_prefix[Test for krest]","tests","Wed May 14 15:07:12 GMT 2025","passed","Wed May 14 15:07:12 GMT 2025","TestNetworkPrefix","test_network_parameters","",""
"","90","test_rpc_method_is_available[Test for Polkadot, url: wss://apps-rpc.polkadot.io]","tests","Wed May 14 15:06:38 GMT 2025","passed","Wed May 14 15:06:38 GMT 2025","","test_rpc_methods_availability","",""
"","0","test_can_create_connection[Test for Polimec, url: wss://polimec.dotters.network]","tests","Wed May 14 15:09:15 GMT 2025","passed","Wed May 14 15:09:15 GMT 2025","","test_nodes_availability","",""
"","113","test_rpc_method_is_available[Test for Polkadot Collectives, url: wss://collectives.public.curie.radiumblock.co/ws]","tests","Wed May 14 15:08:53 GMT 2025","passed","Wed May 14 15:08:53 GMT 2025","","test_rpc_methods_availability","",""
"","138","test_rpc_node_is_synced[Test for Polkadot, url: wss://rpc-polkadot-1.novasama-tech.org]","tests","Wed May 14 15:06:18 GMT 2025","passed","Wed May 14 15:06:18 GMT 2025","","test_substrate_node_is_synced","",""
"","7","test_rpc_node_is_synced[Test for Bifrost Polkadot, url: wss://bifrost-polkadot.ibp.network]","tests","Wed May 14 15:07:56 GMT 2025","passed","Wed May 14 15:07:56 GMT 2025","","test_substrate_node_is_synced","",""
"","7","test_rpc_node_is_synced[Test for Kusama Coretime, url: wss://coretime-kusama.dotters.network]","tests","Wed May 14 15:09:27 GMT 2025","passed","Wed May 14 15:09:27 GMT 2025","","test_substrate_node_is_synced","",""
"","0","test_chainId[Test for Moonriver]","tests","Wed May 14 15:06:31 GMT 2025","passed","Wed May 14 15:06:31 GMT 2025","TestChainId","test_network_parameters","",""
"","75","test_has_new_assets[Test for Karura]","tests","Wed May 14 15:06:30 GMT 2025","passed","Wed May 14 15:06:30 GMT 2025","TestAssets","test_check_new_assets","",""
"","5","test_has_new_assets[Test for Shiden]","tests","Wed May 14 15:06:39 GMT 2025","passed","Wed May 14 15:06:39 GMT 2025","TestAssets","test_check_new_assets","",""
"","0","test_address_prefix[Test for XX network]","tests","Wed May 14 15:07:02 GMT 2025","passed","Wed May 14 15:07:02 GMT 2025","TestNetworkPrefix","test_network_parameters","",""
"","71","test_rpc_method_is_available[Test for Integritee Parachain, url: wss://kusama.api.integritee.network]","tests","Wed May 14 15:07:34 GMT 2025","passed","Wed May 14 15:07:34 GMT 2025","","test_rpc_methods_availability","",""
"","0","test_address_prefix[Test for GIANT]","tests","Wed May 14 15:07:05 GMT 2025","passed","Wed May 14 15:07:05 GMT 2025","TestNetworkPrefix","test_network_parameters","",""
"","1","test_can_create_connection[Test for Ajuna, url: wss://ajuna.dotters.network]","tests","Wed May 14 15:08:50 GMT 2025","passed","Wed May 14 15:08:50 GMT 2025","","test_nodes_availability","",""
"","6","test_rpc_node_is_synced[Test for Kusama People, url: wss://people-kusama.dotters.network]","tests","Wed May 14 15:06:37 GMT 2025","passed","Wed May 14 15:06:37 GMT 2025","","test_substrate_node_is_synced","",""
"","117","test_rpc_method_is_available[Test for Polkadot Asset Hub, url: wss://sys.ibp.network/asset-hub-polkadot]","tests","Wed May 14 15:07:36 GMT 2025","passed","Wed May 14 15:07:36 GMT 2025","","test_rpc_methods_availability","",""
"","0","test_precision[Test for Tangle]","tests","Wed May 14 15:07:54 GMT 2025","passed","Wed May 14 15:07:54 GMT 2025","TestPrecision","test_network_parameters","",""
"","118","test_rpc_method_is_available[Test for Polkadot People, url: wss://sys.ibp.network/people-polkadot]","tests","Wed May 14 15:06:30 GMT 2025","passed","Wed May 14 15:06:30 GMT 2025","","test_rpc_methods_availability","",""
"","0","test_precision[Test for Darwinia]","tests","Wed May 14 15:07:21 GMT 2025","passed","Wed May 14 15:07:21 GMT 2025","TestPrecision","test_network_parameters","",""
"","1","test_address_prefix[Test for Curio]","tests","Wed May 14 15:07:23 GMT 2025","passed","Wed May 14 15:07:23 GMT 2025","TestNetworkPrefix","test_network_parameters","",""
"","0","test_can_create_connection[Test for Kusama People, url: wss://people-kusama.dotters.network]","tests","Wed May 14 15:07:17 GMT 2025","passed","Wed May 14 15:07:17 GMT 2025","","test_nodes_availability","",""
"","914","test_rpc_method_is_available[Test for Crab, url: wss://darwiniacrab-rpc.dwellir.com]","tests","Wed May 14 15:08:21 GMT 2025","passed","Wed May 14 15:08:22 GMT 2025","","test_rpc_methods_availability","",""
"","202","test_rpc_node_is_synced[Test for Bifrost Polkadot, url: wss://hk.p.bifrost-rpc.liebi.com/ws]","tests","Wed May 14 15:08:07 GMT 2025","passed","Wed May 14 15:08:08 GMT 2025","","test_substrate_node_is_synced","",""
"","1","test_precision[Test for Kusama Asset Hub]","tests","Wed May 14 15:06:48 GMT 2025","passed","Wed May 14 15:06:48 GMT 2025","TestPrecision","test_network_parameters","",""
"","0","test_can_create_connection[Test for Polkadot Asset Hub, url: wss://rpc-assethub.novasama-tech.org]","tests","Wed May 14 15:07:40 GMT 2025","passed","Wed May 14 15:07:40 GMT 2025","","test_nodes_availability","",""
"","6","test_rpc_node_is_synced[Test for Hyperbridge Nexus, url: wss://nexus.dotters.network]","tests","Wed May 14 15:09:03 GMT 2025","passed","Wed May 14 15:09:03 GMT 2025","","test_substrate_node_is_synced","",""
"","70","test_rpc_node_is_synced[Test for Mythos, url: wss://mythos.ibp.network]","tests","Wed May 14 15:08:54 GMT 2025","passed","Wed May 14 15:08:54 GMT 2025","","test_substrate_node_is_synced","",""
"","7","test_rpc_node_is_synced[Test for Westend (TESTNET), url: wss://westend.dotters.network]","tests","Wed May 14 15:06:55 GMT 2025","passed","Wed May 14 15:06:55 GMT 2025","","test_substrate_node_is_synced","",""
"","10","test_has_new_assets[Test for Frequency]","tests","Wed May 14 15:07:26 GMT 2025","passed","Wed May 14 15:07:26 GMT 2025","TestAssets","test_check_new_assets","",""
"","0","test_chainId[Test for Karura]","tests","Wed May 14 15:06:26 GMT 2025","passed","Wed May 14 15:06:26 GMT 2025","TestChainId","test_network_parameters","",""
"","1","test_precision[Test for CC Enterprise]","tests","Wed May 14 15:07:46 GMT 2025","passed","Wed May 14 15:07:46 GMT 2025","TestPrecision","test_network_parameters","",""
"","0","test_address_prefix[Test for DENTNet]","tests","Wed May 14 15:07:31 GMT 2025","passed","Wed May 14 15:07:31 GMT 2025","TestNetworkPrefix","test_network_parameters","",""
"","13","test_rpc_node_is_synced[Test for Polkadot, url: wss://dot-rpc.stakeworld.io]","tests","Wed May 14 15:06:39 GMT 2025","passed","Wed May 14 15:06:39 GMT 2025","","test_substrate_node_is_synced","",""
"","0","test_can_create_connection[Test for Kusama, url: wss://rpc-kusama-2.novasama-tech.org]","tests","Wed May 14 15:07:05 GMT 2025","passed","Wed May 14 15:07:05 GMT 2025","","test_nodes_availability","",""
"","0","test_address_prefix[Test for Mythos]","tests","Wed May 14 15:07:25 GMT 2025","passed","Wed May 14 15:07:25 GMT 2025","TestNetworkPrefix","test_network_parameters","",""
"","10","test_has_new_assets[Test for QUARTZ]","tests","Wed May 14 15:06:45 GMT 2025","passed","Wed May 14 15:06:45 GMT 2025","TestAssets","test_check_new_assets","",""
"","137","test_rpc_node_is_synced[Test for XX network, url: wss://rpc-hetzner.xx.network]","tests","Wed May 14 15:08:32 GMT 2025","passed","Wed May 14 15:08:32 GMT 2025","","test_substrate_node_is_synced","",""
"","99","test_rpc_node_is_synced[Test for Shiden, url: wss://shiden-rpc.dwellir.com]","tests","Wed May 14 15:06:56 GMT 2025","passed","Wed May 14 15:06:56 GMT 2025","","test_substrate_node_is_synced","",""
"","0","test_can_create_connection[Test for Polkadot Collectives, url: wss://collectives-polkadot.dotters.network]","tests","Wed May 14 15:09:01 GMT 2025","passed","Wed May 14 15:09:01 GMT 2025","","test_nodes_availability","",""
"","118","test_rpc_method_is_available[Test for Moonriver, url: wss://moonriver.public.curie.radiumblock.co/ws]","tests","Wed May 14 15:07:00 GMT 2025","passed","Wed May 14 15:07:00 GMT 2025","","test_rpc_methods_availability","",""
"","222","test_rpc_node_is_synced[Test for UNIQUE, url: wss://asia-ws.unique.network/]","tests","Wed May 14 15:08:38 GMT 2025","passed","Wed May 14 15:08:38 GMT 2025","","test_substrate_node_is_synced","",""
"","5","test_has_new_assets[Test for Kusama Asset Hub]","tests","Wed May 14 15:06:40 GMT 2025","passed","Wed May 14 15:06:40 GMT 2025","TestAssets","test_check_new_assets","",""
"","0","test_can_create_connection[Test for Enjin Relay, url: wss://rpc.relay.blockchain.enjin.io]","tests","Wed May 14 15:09:12 GMT 2025","passed","Wed May 14 15:09:12 GMT 2025","","test_nodes_availability","",""
"","99","test_rpc_node_is_synced[Test for Acala, url: wss://acala-rpc.dwellir.com]","tests","Wed May 14 15:07:10 GMT 2025","passed","Wed May 14 15:07:10 GMT 2025","","test_substrate_node_is_synced","",""
"","115","test_rpc_method_is_available[Test for Moonriver, url: wss://moonriver.public.blastapi.io]","tests","Wed May 14 15:06:53 GMT 2025","passed","Wed May 14 15:06:53 GMT 2025","","test_rpc_methods_availability","",""
"","8","test_has_new_assets[Test for Integritee Parachain]","tests","Wed May 14 15:07:00 GMT 2025","passed","Wed May 14 15:07:00 GMT 2025","TestAssets","test_check_new_assets","",""
"","80","test_rpc_method_is_available[Test for Vara, url: wss://rpc.vara-network.io]","tests","Wed May 14 15:08:27 GMT 2025","passed","Wed May 14 15:08:27 GMT 2025","","test_rpc_methods_availability","",""
"","118","test_rpc_node_is_synced[Test for Avail, url: wss://avail.rpc.bountyblok.io]","tests","Wed May 14 15:09:09 GMT 2025","passed","Wed May 14 15:09:10 GMT 2025","","test_substrate_node_is_synced","",""
"","4","test_has_new_assets[Test for peaq]","tests","Wed May 14 15:07:41 GMT 2025","passed","Wed May 14 15:07:41 GMT 2025","TestAssets","test_check_new_assets","",""
"","51","test_has_new_assets[Test for Kintsugi]","tests","Wed May 14 15:06:43 GMT 2025","passed","Wed May 14 15:06:43 GMT 2025","TestAssets","test_check_new_assets","",""
"","91","test_rpc_node_is_synced[Test for Polkadot, url: wss://1rpc.io/dot]","tests","Wed May 14 15:06:46 GMT 2025","passed","Wed May 14 15:06:46 GMT 2025","","test_substrate_node_is_synced","",""
"","100","test_rpc_node_is_synced[Test for Avail, url: wss://mainnet-rpc.avail.so/ws]","tests","Wed May 14 15:09:06 GMT 2025","passed","Wed May 14 15:09:06 GMT 2025","","test_substrate_node_is_synced","",""
"","0","test_precision[Test for Frequency]","tests","Wed May 14 15:07:31 GMT 2025","passed","Wed May 14 15:07:31 GMT 2025","TestPrecision","test_network_parameters","",""
"","8","test_rpc_node_is_synced[Test for Polkadot, url: wss://rpc-polkadot.luckyfriday.io]","tests","Wed May 14 15:06:49 GMT 2025","passed","Wed May 14 15:06:49 GMT 2025","","test_substrate_node_is_synced","",""
"","8","test_rpc_node_is_synced[Test for Polkadot People, url: wss://rpc-people-polkadot.luckyfriday.io]","tests","Wed May 14 15:06:28 GMT 2025","passed","Wed May 14 15:06:28 GMT 2025","","test_substrate_node_is_synced","",""
"","0","test_precision[Test for Ternoa]","tests","Wed May 14 15:07:04 GMT 2025","passed","Wed May 14 15:07:04 GMT 2025","TestPrecision","test_network_parameters","",""
"","192","test_rpc_node_is_synced[Test for Polkadot People, url: wss://people-polkadot.public.curie.radiumblock.co/ws]","tests","Wed May 14 15:06:32 GMT 2025","passed","Wed May 14 15:06:32 GMT 2025","","test_substrate_node_is_synced","",""
"","5","test_has_new_assets[Test for Polimec]","tests","Wed May 14 15:07:23 GMT 2025","passed","Wed May 14 15:07:23 GMT 2025","TestAssets","test_check_new_assets","",""
"","0","test_can_create_connection[Test for Acala, url: wss://acala-rpc-1.aca-api.network]","tests","Wed May 14 15:07:08 GMT 2025","passed","Wed May 14 15:07:08 GMT 2025","","test_nodes_availability","",""
"","103","test_rpc_node_is_synced[Test for Kusama Asset Hub, url: wss://asset-hub-kusama-rpc.dwellir.com]","tests","Wed May 14 15:06:20 GMT 2025","passed","Wed May 14 15:06:20 GMT 2025","","test_substrate_node_is_synced","",""
"","0","test_can_create_connection[Test for Kusama Bridge Hub, url: wss://bridge-hub-kusama.dotters.network]","tests","Wed May 14 15:08:58 GMT 2025","passed","Wed May 14 15:08:58 GMT 2025","","test_nodes_availability","",""
"","109","test_rpc_method_is_available[Test for Hyperbridge Nexus, url: wss://nexus.dotters.network]","tests","Wed May 14 15:09:14 GMT 2025","passed","Wed May 14 15:09:14 GMT 2025","","test_rpc_methods_availability","",""
"","100","test_rpc_method_is_available[Test for Kusama Coretime, url: wss://kusama-coretime-rpc.polkadot.io]","tests","Wed May 14 15:09:35 GMT 2025","passed","Wed May 14 15:09:35 GMT 2025","","test_rpc_methods_availability","",""
"","1","test_can_create_connection[Test for Moonbeam, url: wss://wss.api.moonbeam.network]","tests","Wed May 14 15:06:32 GMT 2025","passed","Wed May 14 15:06:32 GMT 2025","","test_nodes_availability","",""
"","110","test_rpc_method_is_available[Test for Westend (TESTNET), url: wss://westend-rpc.dwellir.com]","tests","Wed May 14 15:06:55 GMT 2025","passed","Wed May 14 15:06:55 GMT 2025","","test_rpc_methods_availability","",""
"","20","test_rpc_node_is_synced[Test for Frequency, url: wss://0.rpc.frequency.xyz]","tests","Wed May 14 15:08:18 GMT 2025","passed","Wed May 14 15:08:18 GMT 2025","","test_substrate_node_is_synced","",""
"","91","test_rpc_node_is_synced[Test for Encointer, url: wss://api.kusama.encointer.org]","tests","Wed May 14 15:07:59 GMT 2025","passed","Wed May 14 15:07:59 GMT 2025","","test_substrate_node_is_synced","",""
"","0","test_address_prefix[Test for Enjin Relay]","tests","Wed May 14 15:07:19 GMT 2025","passed","Wed May 14 15:07:19 GMT 2025","TestNetworkPrefix","test_network_parameters","",""
"","79","test_rpc_method_is_available[Test for Kusama Bridge Hub, url: wss://ksm-rpc.stakeworld.io/bridgehub]","tests","Wed May 14 15:08:43 GMT 2025","passed","Wed May 14 15:08:43 GMT 2025","","test_rpc_methods_availability","",""
"","97","test_rpc_method_is_available[Test for Bifrost Kusama, url: wss://bifrost-rpc.liebi.com/ws]","tests","Wed May 14 15:07:14 GMT 2025","passed","Wed May 14 15:07:14 GMT 2025","","test_rpc_methods_availability","",""
"","1","test_chainId[Test for Crab]","tests","Wed May 14 15:07:19 GMT 2025","passed","Wed May 14 15:07:19 GMT 2025","TestChainId","test_network_parameters","",""
"","0","test_chainId[Test for Kusama People]","tests","Wed May 14 15:06:23 GMT 2025","passed","Wed May 14 15:06:23 GMT 2025","TestChainId","test_network_parameters","",""
"","103","test_rpc_node_is_synced[Test for Crab, url: wss://darwiniacrab-rpc.dwellir.com]","tests","Wed May 14 15:08:17 GMT 2025","passed","Wed May 14 15:08:17 GMT 2025","","test_substrate_node_is_synced","",""
"","0","test_chainId[Test for Interlay]","tests","Wed May 14 15:06:48 GMT 2025","passed","Wed May 14 15:06:48 GMT 2025","TestChainId","test_network_parameters","",""
"","81","test_rpc_method_is_available[Test for Laos, url: wss://rpc.laos.laosfoundation.io]","tests","Wed May 14 15:09:26 GMT 2025","passed","Wed May 14 15:09:26 GMT 2025","","test_rpc_methods_availability","",""
"","115","test_rpc_method_is_available[Test for Polkadot Bridge Hub, url: wss://dot-rpc.stakeworld.io/bridgehub]","tests","Wed May 14 15:08:38 GMT 2025","passed","Wed May 14 15:08:38 GMT 2025","","test_rpc_methods_availability","",""
"","0","test_can_create_connection[Test for Moonriver, url: wss://moonriver.public.blastapi.io]","tests","Wed May 14 15:06:56 GMT 2025","passed","Wed May 14 15:06:56 GMT 2025","","test_nodes_availability","",""
"","0","test_can_create_connection[Test for Bifrost Kusama, url: wss://us.bifrost-rpc.liebi.com/ws]","tests","Wed May 14 15:07:35 GMT 2025","passed","Wed May 14 15:07:35 GMT 2025","","test_nodes_availability","",""
"","0","test_can_create_connection[Test for Astar, url: wss://rpc.astar.network]","tests","Wed May 14 15:07:23 GMT 2025","passed","Wed May 14 15:07:23 GMT 2025","","test_nodes_availability","",""
"","121","test_rpc_method_is_available[Test for Kusama People, url: wss://ksm-rpc.stakeworld.io/people]","tests","Wed May 14 15:06:46 GMT 2025","passed","Wed May 14 15:06:46 GMT 2025","","test_rpc_methods_availability","",""
"","0","test_can_create_connection[Test for Polkadot People, url: wss://people-polkadot.public.curie.radiumblock.co/ws]","tests","Wed May 14 15:07:11 GMT 2025","passed","Wed May 14 15:07:11 GMT 2025","","test_nodes_availability","",""
"","5","test_has_new_assets[Test for Enjin Relay]","tests","Wed May 14 15:07:30 GMT 2025","passed","Wed May 14 15:07:30 GMT 2025","TestAssets","test_check_new_assets","",""
"","1","test_can_create_connection[Test for Crust Shadow, url: wss://rpc-shadow.crust.network/]","tests","Wed May 14 15:07:26 GMT 2025","passed","Wed May 14 15:07:26 GMT 2025","","test_nodes_availability","",""
"","111","test_rpc_method_is_available[Test for Karura, url: wss://karura-rpc.dwellir.com]","tests","Wed May 14 15:06:31 GMT 2025","passed","Wed May 14 15:06:31 GMT 2025","","test_rpc_methods_availability","",""
"","1","test_precision[Test for Basilisk]","tests","Wed May 14 15:06:40 GMT 2025","passed","Wed May 14 15:06:40 GMT 2025","TestPrecision","test_network_parameters","",""
"","0","test_chainId[Test for Cere]","tests","Wed May 14 15:07:34 GMT 2025","passed","Wed May 14 15:07:34 GMT 2025","TestChainId","test_network_parameters","",""
"","99","test_rpc_node_is_synced[Test for Kusama Coretime, url: wss://ksm-rpc.stakeworld.io/coretime]","tests","Wed May 14 15:09:28 GMT 2025","passed","Wed May 14 15:09:28 GMT 2025","","test_substrate_node_is_synced","",""
"","119","test_rpc_method_is_available[Test for Bifrost Polkadot, url: wss://hk.p.bifrost-rpc.liebi.com/ws]","tests","Wed May 14 15:08:14 GMT 2025","passed","Wed May 14 15:08:14 GMT 2025","","test_rpc_methods_availability","",""
"","102","test_rpc_method_is_available[Test for KILT, url: wss://kilt.dotters.network]","tests","Wed May 14 15:07:37 GMT 2025","passed","Wed May 14 15:07:37 GMT 2025","","test_rpc_methods_availability","",""
"","0","test_can_create_connection[Test for Moonbeam, url: wss://moonbeam.public.blastapi.io]","tests","Wed May 14 15:06:48 GMT 2025","passed","Wed May 14 15:06:48 GMT 2025","","test_nodes_availability","",""
"","89","test_rpc_node_is_synced[Test for Polymesh, url: wss://mainnet-rpc.polymesh.network]","tests","Wed May 14 15:08:13 GMT 2025","passed","Wed May 14 15:08:14 GMT 2025","","test_substrate_node_is_synced","",""
"","1","test_can_create_connection[Test for Westend (TESTNET), url: wss://westend.public.curie.radiumblock.co/ws]","tests","Wed May 14 15:07:00 GMT 2025","passed","Wed May 14 15:07:00 GMT 2025","","test_nodes_availability","",""
"","0","test_chainId[Test for Kusama]","tests","Wed May 14 15:06:30 GMT 2025","passed","Wed May 14 15:06:30 GMT 2025","TestChainId","test_network_parameters","",""
"","0","test_can_create_connection[Test for KILT, url: wss://spiritnet.kilt.io/]","tests","Wed May 14 15:08:04 GMT 2025","passed","Wed May 14 15:08:04 GMT 2025","","test_nodes_availability","",""
"","6","test_rpc_node_is_synced[Test for Polkadot Bridge Hub, url: wss://bridge-hub-polkadot.dotters.network]","tests","Wed May 14 15:08:30 GMT 2025","passed","Wed May 14 15:08:30 GMT 2025","","test_substrate_node_is_synced","",""
"","85","test_rpc_method_is_available[Test for Avail, url: wss://avail-mainnet.public.blastapi.io/]","tests","Wed May 14 15:09:15 GMT 2025","passed","Wed May 14 15:09:15 GMT 2025","","test_rpc_methods_availability","",""
"","5","test_has_new_assets[Test for Kusama Bridge Hub]","tests","Wed May 14 15:07:18 GMT 2025","passed","Wed May 14 15:07:18 GMT 2025","TestAssets","test_check_new_assets","",""
"","0","test_chainId[Test for 3DPass]","tests","Wed May 14 15:07:13 GMT 2025","passed","Wed May 14 15:07:13 GMT 2025","TestChainId","test_network_parameters","",""
"","89","test_rpc_node_is_synced[Test for Kusama Coretime, url: wss://kusama-coretime-rpc.polkadot.io]","tests","Wed May 14 15:09:27 GMT 2025","passed","Wed May 14 15:09:27 GMT 2025","","test_substrate_node_is_synced","",""
"","0","test_can_create_connection[Test for Kusama Coretime, url: wss://coretime-kusama.dotters.network]","tests","Wed May 14 15:09:51 GMT 2025","passed","Wed May 14 15:09:51 GMT 2025","","test_nodes_availability","",""
"","0","test_precision[Test for Polymesh]","tests","Wed May 14 15:07:08 GMT 2025","passed","Wed May 14 15:07:08 GMT 2025","TestPrecision","test_network_parameters","",""
"","103","test_rpc_node_is_synced[Test for Phala, url: wss://phala-rpc.dwellir.com]","tests","Wed May 14 15:07:22 GMT 2025","passed","Wed May 14 15:07:23 GMT 2025","","test_substrate_node_is_synced","",""
"","91","test_rpc_node_is_synced[Test for Laos, url: wss://rpc.laos.laosfoundation.io]","tests","Wed May 14 15:09:17 GMT 2025","passed","Wed May 14 15:09:17 GMT 2025","","test_substrate_node_is_synced","",""
"","70","test_rpc_method_is_available[Test for Kusama People, url: wss://kusama-people-rpc.polkadot.io]","tests","Wed May 14 15:06:40 GMT 2025","passed","Wed May 14 15:06:40 GMT 2025","","test_rpc_methods_availability","",""
"","139","test_rpc_method_is_available[Test for Mythos, url: wss://mythos.ibp.network]","tests","Wed May 14 15:09:00 GMT 2025","passed","Wed May 14 15:09:00 GMT 2025","","test_rpc_methods_availability","",""
"","0","test_chainId[Test for Polkadot People]","tests","Wed May 14 15:06:40 GMT 2025","passed","Wed May 14 15:06:40 GMT 2025","TestChainId","test_network_parameters","",""
"","0","test_can_create_connection[Test for Astar, url: wss://astar.public.curie.radiumblock.co/ws]","tests","Wed May 14 15:07:35 GMT 2025","passed","Wed May 14 15:07:35 GMT 2025","","test_nodes_availability","",""
"","0","test_can_create_connection[Test for Laos, url: wss://rpc.laos.laosfoundation.io]","tests","Wed May 14 15:09:43 GMT 2025","passed","Wed May 14 15:09:43 GMT 2025","","test_nodes_availability","",""
"","0","test_address_prefix[Test for peaq]","tests","Wed May 14 15:07:34 GMT 2025","passed","Wed May 14 15:07:34 GMT 2025","TestNetworkPrefix","test_network_parameters","",""
"","117","test_rpc_method_is_available[Test for Polkadot, url: wss://polkadot.public.curie.radiumblock.co/ws]","tests","Wed May 14 15:06:51 GMT 2025","passed","Wed May 14 15:06:51 GMT 2025","","test_rpc_methods_availability","",""
"","118","test_rpc_method_is_available[Test for Polkadot, url: wss://polkadot.dotters.network]","tests","Wed May 14 15:06:34 GMT 2025","passed","Wed May 14 15:06:34 GMT 2025","","test_rpc_methods_availability","",""
"","6","test_rpc_node_is_synced[Test for Polkadot, url: wss://polkadot.dotters.network]","tests","Wed May 14 15:06:28 GMT 2025","passed","Wed May 14 15:06:28 GMT 2025","","test_substrate_node_is_synced","",""
"","10","test_has_new_assets[Test for Polkadot People]","tests","Wed May 14 15:06:44 GMT 2025","passed","Wed May 14 15:06:44 GMT 2025","TestAssets","test_check_new_assets","",""
"","88","test_rpc_node_is_synced[Test for Bifrost Polkadot, url: wss://eu.bifrost-polkadot-rpc.liebi.com/ws]","tests","Wed May 14 15:08:13 GMT 2025","passed","Wed May 14 15:08:13 GMT 2025","","test_substrate_node_is_synced","",""
"","126","test_rpc_method_is_available[Test for Kusama, url: wss://rpc.ibp.network/kusama]","tests","Wed May 14 15:06:22 GMT 2025","passed","Wed May 14 15:06:22 GMT 2025","","test_rpc_methods_availability","",""
"","0","test_can_create_connection[Test for Interlay, url: wss://rpc-interlay.luckyfriday.io/]","tests","Wed May 14 15:07:38 GMT 2025","passed","Wed May 14 15:07:38 GMT 2025","","test_nodes_availability","",""
"","1","test_can_create_connection[Test for Curio, url: wss://archive.parachain.curioinvest.com]","tests","Wed May 14 15:09:16 GMT 2025","passed","Wed May 14 15:09:16 GMT 2025","","test_nodes_availability","",""
"","0","test_can_create_connection[Test for UNIQUE, url: wss://eu-ws.unique.network/]","tests","Wed May 14 15:08:38 GMT 2025","passed","Wed May 14 15:08:38 GMT 2025","","test_nodes_availability","",""
"","0","test_can_create_connection[Test for Polkadot People, url: wss://rpc-people-polkadot.luckyfriday.io]","tests","Wed May 14 15:06:30 GMT 2025","passed","Wed May 14 15:06:30 GMT 2025","","test_nodes_availability","",""
"","1","test_can_create_connection[Test for Polkadot Coretime, url: wss://rpc-coretime-polkadot.luckyfriday.io]","tests","Wed May 14 15:09:45 GMT 2025","passed","Wed May 14 15:09:45 GMT 2025","","test_nodes_availability","",""
"","0","test_can_create_connection[Test for Crab, url: wss://darwiniacrab-rpc.dwellir.com]","tests","Wed May 14 15:08:50 GMT 2025","passed","Wed May 14 15:08:50 GMT 2025","","test_nodes_availability","",""
"","0","test_chainId[Test for Kintsugi]","tests","Wed May 14 15:06:39 GMT 2025","passed","Wed May 14 15:06:39 GMT 2025","TestChainId","test_network_parameters","",""
"","0","test_address_prefix[Test for Ternoa]","tests","Wed May 14 15:06:49 GMT 2025","passed","Wed May 14 15:06:49 GMT 2025","TestNetworkPrefix","test_network_parameters","",""
"","0","test_can_create_connection[Test for Encointer, url: wss://api.kusama.encointer.org]","tests","Wed May 14 15:08:03 GMT 2025","passed","Wed May 14 15:08:03 GMT 2025","","test_nodes_availability","",""
"","120","test_rpc_method_is_available[Test for Basilisk, url: wss://basilisk-rpc.dwellir.com]","tests","Wed May 14 15:07:27 GMT 2025","passed","Wed May 14 15:07:27 GMT 2025","","test_rpc_methods_availability","",""
"","105","test_has_new_assets[Test for Polkadot]","tests","Wed May 14 15:06:28 GMT 2025","passed","Wed May 14 15:06:29 GMT 2025","TestAssets","test_check_new_assets","",""
"","10","test_rpc_node_is_synced[Test for Polkadot Coretime, url: wss://rpc-coretime-polkadot.luckyfriday.io]","tests","Wed May 14 15:09:22 GMT 2025","passed","Wed May 14 15:09:22 GMT 2025","","test_substrate_node_is_synced","",""
"","6","test_rpc_node_is_synced[Test for Polkadot Coretime, url: wss://coretime-polkadot.dotters.network]","tests","Wed May 14 15:09:23 GMT 2025","passed","Wed May 14 15:09:23 GMT 2025","","test_substrate_node_is_synced","",""
"","95","test_rpc_method_is_available[Test for NeuroWeb, url: wss://parachain-rpc.origin-trail.network]","tests","Wed May 14 15:08:02 GMT 2025","passed","Wed May 14 15:08:02 GMT 2025","","test_rpc_methods_availability","",""
"","0","test_address_prefix[Test for JAMTON]","tests","Wed May 14 15:07:39 GMT 2025","passed","Wed May 14 15:07:39 GMT 2025","TestNetworkPrefix","test_network_parameters","",""
"","0","test_chainId[Test for Mythos]","tests","Wed May 14 15:07:25 GMT 2025","passed","Wed May 14 15:07:25 GMT 2025","TestChainId","test_network_parameters","",""
"","0","test_address_prefix[Test for Laos]","tests","Wed May 14 15:07:36 GMT 2025","passed","Wed May 14 15:07:36 GMT 2025","TestNetworkPrefix","test_network_parameters","",""
"","0","test_can_create_connection[Test for 3DPass, url: wss://rpc.3dpass.org]","tests","Wed May 14 15:08:55 GMT 2025","passed","Wed May 14 15:08:55 GMT 2025","","test_nodes_availability","",""
"","118","test_rpc_method_is_available[Test for Polkadot People, url: wss://rpc-people-polkadot.luckyfriday.io]","tests","Wed May 14 15:06:34 GMT 2025","passed","Wed May 14 15:06:34 GMT 2025","","test_rpc_methods_availability","",""
"","94","test_rpc_method_is_available[Test for Polkadot Asset Hub, url: wss://rpc-assethub.novasama-tech.org]","tests","Wed May 14 15:07:34 GMT 2025","passed","Wed May 14 15:07:34 GMT 2025","","test_rpc_methods_availability","",""
"","1","test_precision[Test for QUARTZ]","tests","Wed May 14 15:06:49 GMT 2025","passed","Wed May 14 15:06:49 GMT 2025","TestPrecision","test_network_parameters","",""
"","6","test_rpc_node_is_synced[Test for Polkadot Coretime, url: wss://sys.ibp.network/coretime-polkadot]","tests","Wed May 14 15:09:19 GMT 2025","passed","Wed May 14 15:09:19 GMT 2025","","test_substrate_node_is_synced","",""
"","102","test_rpc_method_is_available[Test for Nodle Parachain, url: wss://nodle-rpc.dwellir.com]","tests","Wed May 14 15:07:24 GMT 2025","passed","Wed May 14 15:07:24 GMT 2025","","test_rpc_methods_availability","",""
"","272","test_rpc_node_is_synced[Test for Astar, url: wss://astar.public.curie.radiumblock.co/ws]","tests","Wed May 14 15:07:28 GMT 2025","passed","Wed May 14 15:07:28 GMT 2025","","test_substrate_node_is_synced","",""
"","0","test_can_create_connection[Test for Karura, url: wss://karura-rpc-3.aca-api.network/ws]","tests","Wed May 14 15:06:25 GMT 2025","passed","Wed May 14 15:06:25 GMT 2025","","test_nodes_availability","",""
"","0","test_can_create_connection[Test for Acurast Canary, url: wss://public-rpc.canary.acurast.com]","tests","Wed May 14 15:09:30 GMT 2025","passed","Wed May 14 15:09:30 GMT 2025","","test_nodes_availability","",""
"","0","test_precision[Test for Kintsugi]","tests","Wed May 14 15:06:52 GMT 2025","passed","Wed May 14 15:06:52 GMT 2025","TestPrecision","test_network_parameters","",""
"","91","test_rpc_method_is_available[Test for Frequency, url: wss://1.rpc.frequency.xyz]","tests","Wed May 14 15:08:25 GMT 2025","passed","Wed May 14 15:08:25 GMT 2025","","test_rpc_methods_availability","",""
"","92","test_rpc_node_is_synced[Test for NeuroWeb, url: wss://parachain-rpc.origin-trail.network]","tests","Wed May 14 15:07:58 GMT 2025","passed","Wed May 14 15:07:58 GMT 2025","","test_substrate_node_is_synced","",""
"","16","test_rpc_node_is_synced[Test for QUARTZ, url: wss://us-ws-quartz.unique.network]","tests","Wed May 14 15:07:49 GMT 2025","passed","Wed May 14 15:07:49 GMT 2025","","test_substrate_node_is_synced","",""
"","90","test_rpc_method_is_available[Test for Phala, url: wss://rpc.helikon.io/phala]","tests","Wed May 14 15:07:32 GMT 2025","passed","Wed May 14 15:07:33 GMT 2025","","test_rpc_methods_availability","",""
"","124","test_rpc_method_is_available[Test for Polkadot Bridge Hub, url: wss://bridge-hub-polkadot.dotters.network]","tests","Wed May 14 15:08:34 GMT 2025","passed","Wed May 14 15:08:34 GMT 2025","","test_rpc_methods_availability","",""
"","267","test_rpc_node_is_synced[Test for Shiden, url: wss://shiden.public.curie.radiumblock.co/ws]","tests","Wed May 14 15:07:05 GMT 2025","passed","Wed May 14 15:07:06 GMT 2025","","test_substrate_node_is_synced","",""
"","5","test_has_new_assets[Test for Bittensor]","tests","Wed May 14 15:07:05 GMT 2025","passed","Wed May 14 15:07:05 GMT 2025","TestAssets","test_check_new_assets","",""
"","0","test_precision[Test for Kreivo]","tests","Wed May 14 15:07:41 GMT 2025","passed","Wed May 14 15:07:41 GMT 2025","TestPrecision","test_network_parameters","",""
"","0","test_address_prefix[Test for Creditcoin]","tests","Wed May 14 15:07:32 GMT 2025","passed","Wed May 14 15:07:32 GMT 2025","TestNetworkPrefix","test_network_parameters","",""
"","0","test_precision[Test for Acurast Canary]","tests","Wed May 14 15:07:42 GMT 2025","passed","Wed May 14 15:07:42 GMT 2025","TestPrecision","test_network_parameters","",""
"","102","test_rpc_node_is_synced[Test for Moonriver, url: wss://moonriver-rpc.dwellir.com]","tests","Wed May 14 15:06:48 GMT 2025","passed","Wed May 14 15:06:48 GMT 2025","","test_substrate_node_is_synced","",""
"","0","test_chainId[Test for Acala]","tests","Wed May 14 15:06:23 GMT 2025","passed","Wed May 14 15:06:23 GMT 2025","TestChainId","test_network_parameters","",""
"","96","test_rpc_method_is_available[Test for Robonomics, url: wss://kusama.rpc.robonomics.network/]","tests","Wed May 14 15:07:48 GMT 2025","passed","Wed May 14 15:07:48 GMT 2025","","test_rpc_methods_availability","",""
"","6","test_rpc_node_is_synced[Test for Polkadot Asset Hub, url: wss://asset-hub-polkadot.dotters.network]","tests","Wed May 14 15:07:40 GMT 2025","passed","Wed May 14 15:07:40 GMT 2025","","test_substrate_node_is_synced","",""
"","70","test_rpc_method_is_available[Test for Kusama Coretime, url: wss://coretime-kusama-rpc.dwellir.com]","tests","Wed May 14 15:09:32 GMT 2025","passed","Wed May 14 15:09:32 GMT 2025","","test_rpc_methods_availability","",""
"","0","test_can_create_connection[Test for Phala, url: wss://phala.public.curie.radiumblock.co/ws]","tests","Wed May 14 15:08:03 GMT 2025","passed","Wed May 14 15:08:03 GMT 2025","","test_nodes_availability","",""
"","0","test_precision[Test for Zeitgeist]","tests","Wed May 14 15:06:55 GMT 2025","passed","Wed May 14 15:06:55 GMT 2025","TestPrecision","test_network_parameters","",""
"","8","test_has_new_assets[Test for Crust Polkadot Parachain]","tests","Wed May 14 15:07:16 GMT 2025","passed","Wed May 14 15:07:16 GMT 2025","TestAssets","test_check_new_assets","",""
"","112","test_rpc_method_is_available[Test for Kusama Coretime, url: wss://sys.ibp.network/coretime-kusama]","tests","Wed May 14 15:09:30 GMT 2025","passed","Wed May 14 15:09:30 GMT 2025","","test_rpc_methods_availability","",""
"","0","test_chainId[Test for Bifrost Polkadot]","tests","Wed May 14 15:06:51 GMT 2025","passed","Wed May 14 15:06:51 GMT 2025","TestChainId","test_network_parameters","",""
"","94","test_rpc_node_is_synced[Test for Polkadot Coretime, url: wss://polkadot-coretime-rpc.polkadot.io]","tests","Wed May 14 15:09:23 GMT 2025","passed","Wed May 14 15:09:23 GMT 2025","","test_substrate_node_is_synced","",""
"","7","test_rpc_node_is_synced[Test for KILT, url: wss://kilt.dotters.network]","tests","Wed May 14 15:07:33 GMT 2025","passed","Wed May 14 15:07:33 GMT 2025","","test_substrate_node_is_synced","",""
"","109","test_rpc_method_is_available[Test for Kusama Coretime, url: wss://ksm-rpc.stakeworld.io/coretime]","tests","Wed May 14 15:09:34 GMT 2025","passed","Wed May 14 15:09:34 GMT 2025","","test_rpc_methods_availability","",""
"","0","test_address_prefix[Test for Phala]","tests","Wed May 14 15:06:53 GMT 2025","passed","Wed May 14 15:06:53 GMT 2025","TestNetworkPrefix","test_network_parameters","",""
"","1","test_precision[Test for Integritee Parachain]","tests","Wed May 14 15:07:09 GMT 2025","passed","Wed May 14 15:07:09 GMT 2025","TestPrecision","test_network_parameters","",""
"","0","test_address_prefix[Test for Astar]","tests","Wed May 14 15:06:26 GMT 2025","passed","Wed May 14 15:06:26 GMT 2025","TestNetworkPrefix","test_network_parameters","",""
"","106","test_rpc_node_is_synced[Test for Crust Polkadot Parachain, url: wss://crust-parachain.crustapps.net]","tests","Wed May 14 15:08:06 GMT 2025","passed","Wed May 14 15:08:06 GMT 2025","","test_substrate_node_is_synced","",""
"","272","test_rpc_node_work_fast[Test for Ethereum, url: https://ethereum-rpc.publicnode.com]","tests","Wed May 14 15:06:26 GMT 2025","passed","Wed May 14 15:06:26 GMT 2025","TestETHNodesAvailability","test_eth_nodes_availability","",""
"","29","test_rpc_node_is_synced[Test for Enjin Relay, url: wss://rpc.relay.blockchain.enjin.io]","tests","Wed May 14 15:08:48 GMT 2025","passed","Wed May 14 15:08:48 GMT 2025","","test_substrate_node_is_synced","",""
"","0","test_address_prefix[Test for Humanode]","tests","Wed May 14 15:07:33 GMT 2025","passed","Wed May 14 15:07:33 GMT 2025","TestNetworkPrefix","test_network_parameters","",""
"","132","test_rpc_node_is_synced[Test for Curio, url: wss://parachain.curioinvest.com/]","tests","Wed May 14 15:09:03 GMT 2025","passed","Wed May 14 15:09:03 GMT 2025","","test_substrate_node_is_synced","",""
"","7","test_has_new_assets[Test for GIANT]","tests","Wed May 14 15:07:12 GMT 2025","passed","Wed May 14 15:07:12 GMT 2025","TestAssets","test_check_new_assets","",""
"","74","test_rpc_method_is_available[Test for Astar, url: wss://rpc.astar.network]","tests","Wed May 14 15:07:19 GMT 2025","passed","Wed May 14 15:07:19 GMT 2025","","test_rpc_methods_availability","",""
"","135","test_rpc_method_is_available[Test for Polkadot Collectives, url: wss://collectives-polkadot.dotters.network]","tests","Wed May 14 15:08:49 GMT 2025","passed","Wed May 14 15:08:49 GMT 2025","","test_rpc_methods_availability","",""
"","96","test_rpc_method_is_available[Test for peaq, url: wss://peaq-rpc.dwellir.com]","tests","Wed May 14 15:09:24 GMT 2025","passed","Wed May 14 15:09:24 GMT 2025","","test_rpc_methods_availability","",""
"","302","test_rpc_node_is_synced[Test for Acurast Canary, url: wss://public-rpc.canary.acurast.com]","tests","Wed May 14 15:09:00 GMT 2025","passed","Wed May 14 15:09:00 GMT 2025","","test_substrate_node_is_synced","",""
"","103","test_rpc_node_is_synced[Test for Kusama People, url: wss://kusama-people-rpc.polkadot.io]","tests","Wed May 14 15:06:34 GMT 2025","passed","Wed May 14 15:06:34 GMT 2025","","test_substrate_node_is_synced","",""
"","96","test_rpc_method_is_available[Test for KILT, url: wss://spiritnet.kilt.io/]","tests","Wed May 14 15:07:42 GMT 2025","passed","Wed May 14 15:07:42 GMT 2025","","test_rpc_methods_availability","",""
"","0","test_can_create_connection[Test for Aleph Zero, url: wss://ws.azero.dev]","tests","Wed May 14 15:08:06 GMT 2025","passed","Wed May 14 15:08:06 GMT 2025","","test_nodes_availability","",""
"","0","test_can_create_connection[Test for Hydration, url: wss://hydration.ibp.network]","tests","Wed May 14 15:07:55 GMT 2025","passed","Wed May 14 15:07:55 GMT 2025","","test_nodes_availability","",""
"","121","test_rpc_method_is_available[Test for Acurast Canary, url: wss://public-rpc.canary.acurast.com]","tests","Wed May 14 15:09:06 GMT 2025","passed","Wed May 14 15:09:06 GMT 2025","","test_rpc_methods_availability","",""
"","0","test_address_prefix[Test for Polkadex]","tests","Wed May 14 15:06:40 GMT 2025","passed","Wed May 14 15:06:40 GMT 2025","TestNetworkPrefix","test_network_parameters","",""
"","676","test_rpc_method_is_available[Test for Kusama Bridge Hub, url: wss://bridge-hub-kusama.dotters.network]","tests","Wed May 14 15:08:41 GMT 2025","passed","Wed May 14 15:08:42 GMT 2025","","test_rpc_methods_availability","",""
"","6","test_has_new_assets[Test for Darwinia]","tests","Wed May 14 15:07:14 GMT 2025","passed","Wed May 14 15:07:14 GMT 2025","TestAssets","test_check_new_assets","",""
"","104","test_rpc_node_is_synced[Test for Basilisk, url: wss://basilisk-rpc.dwellir.com]","tests","Wed May 14 15:07:24 GMT 2025","passed","Wed May 14 15:07:24 GMT 2025","","test_substrate_node_is_synced","",""
"","0","test_chainId[Test for Kreivo]","tests","Wed May 14 15:07:32 GMT 2025","passed","Wed May 14 15:07:32 GMT 2025","TestChainId","test_network_parameters","",""
"","5","test_has_new_assets[Test for Encointer]","tests","Wed May 14 15:06:41 GMT 2025","passed","Wed May 14 15:06:41 GMT 2025","TestAssets","test_check_new_assets","",""
"","7","test_rpc_node_is_synced[Test for Kusama People, url: wss://sys.ibp.network/people-kusama]","tests","Wed May 14 15:06:36 GMT 2025","passed","Wed May 14 15:06:36 GMT 2025","","test_substrate_node_is_synced","",""
"","70","test_rpc_method_is_available[Test for Kusama, url: wss://rpc-kusama.luckyfriday.io]","tests","Wed May 14 15:06:40 GMT 2025","passed","Wed May 14 15:06:40 GMT 2025","","test_rpc_methods_availability","",""
"","0","test_precision[Test for GIANT]","tests","Wed May 14 15:07:19 GMT 2025","passed","Wed May 14 15:07:19 GMT 2025","TestPrecision","test_network_parameters","",""
"","0","test_precision[Test for Interlay]","tests","Wed May 14 15:06:55 GMT 2025","passed","Wed May 14 15:06:55 GMT 2025","TestPrecision","test_network_parameters","",""
"","91","test_rpc_method_is_available[Test for Moonbeam, url: wss://moonbeam.ibp.network]","tests","Wed May 14 15:06:37 GMT 2025","passed","Wed May 14 15:06:37 GMT 2025","","test_rpc_methods_availability","",""
"","92","test_rpc_node_is_synced[Test for Humanode, url: wss://explorer-rpc-ws.mainnet.stages.humanode.io]","tests","Wed May 14 15:09:13 GMT 2025","passed","Wed May 14 15:09:13 GMT 2025","","test_substrate_node_is_synced","",""
"","95","test_rpc_node_is_synced[Test for DENTNet, url: wss://rpc.dentnet.io/ws]","tests","Wed May 14 15:09:12 GMT 2025","passed","Wed May 14 15:09:12 GMT 2025","","test_substrate_node_is_synced","",""
"","0","test_can_create_connection[Test for Westend (TESTNET), url: wss://rpc.ibp.network/westend]","tests","Wed May 14 15:06:54 GMT 2025","passed","Wed May 14 15:06:54 GMT 2025","","test_nodes_availability","",""
"","1","test_precision[Test for Moonbeam]","tests","Wed May 14 15:06:37 GMT 2025","passed","Wed May 14 15:06:37 GMT 2025","TestPrecision","test_network_parameters","",""
"","285","test_rpc_node_is_synced[Test for Acala, url: wss://acala-rpc-3.aca-api.network/ws]","tests","Wed May 14 15:07:05 GMT 2025","passed","Wed May 14 15:07:06 GMT 2025","","test_substrate_node_is_synced","",""
"","7","test_rpc_node_is_synced[Test for Moonbeam, url: wss://moonbeam.dotters.network]","tests","Wed May 14 15:06:34 GMT 2025","passed","Wed May 14 15:06:34 GMT 2025","","test_substrate_node_is_synced","",""
"","0","test_can_create_connection[Test for Robonomics, url: wss://kusama.rpc.robonomics.network/]","tests","Wed May 14 15:07:54 GMT 2025","passed","Wed May 14 15:07:54 GMT 2025","","test_nodes_availability","",""
"","0","test_address_prefix[Test for Avail]","tests","Wed May 14 15:07:30 GMT 2025","passed","Wed May 14 15:07:30 GMT 2025","TestNetworkPrefix","test_network_parameters","",""
"","0","test_can_create_connection[Test for Hydration, url: wss://hydration.dotters.network]","tests","Wed May 14 15:08:00 GMT 2025","passed","Wed May 14 15:08:00 GMT 2025","","test_nodes_availability","",""
"","0","test_can_create_connection[Test for Nodle Parachain, url: wss://nodle-rpc.dwellir.com]","tests","Wed May 14 15:07:43 GMT 2025","passed","Wed May 14 15:07:43 GMT 2025","","test_nodes_availability","",""
"","648","test_rpc_node_work_fast[Test for Ethereum, url: https://1rpc.io/eth]","tests","Wed May 14 15:06:26 GMT 2025","passed","Wed May 14 15:06:26 GMT 2025","TestETHNodesAvailability","test_eth_nodes_availability","",""
"","0","test_can_create_connection[Test for Polymesh, url: wss://mainnet-rpc.polymesh.network]","tests","Wed May 14 15:08:18 GMT 2025","passed","Wed May 14 15:08:18 GMT 2025","","test_nodes_availability","",""
"","7","test_has_new_assets[Test for Creditcoin]","tests","Wed May 14 15:07:39 GMT 2025","passed","Wed May 14 15:07:39 GMT 2025","TestAssets","test_check_new_assets","",""
"","0","test_precision[Test for Heima]","tests","Wed May 14 15:07:06 GMT 2025","passed","Wed May 14 15:07:06 GMT 2025","TestPrecision","test_network_parameters","",""
"","72","test_rpc_method_is_available[Test for Enjin Matrix, url: wss://enjin-matrix-rpc-1.dwellir.com]","tests","Wed May 14 15:08:54 GMT 2025","passed","Wed May 14 15:08:54 GMT 2025","","test_rpc_methods_availability","",""
"","0","test_precision[Test for Subsocial]","tests","Wed May 14 15:06:58 GMT 2025","passed","Wed May 14 15:06:58 GMT 2025","TestPrecision","test_network_parameters","",""
"","95","test_rpc_node_is_synced[Test for Hyperbridge Nexus, url: wss://hyperbridge-nexus-rpc.blockops.network]","tests","Wed May 14 15:09:05 GMT 2025","passed","Wed May 14 15:09:05 GMT 2025","","test_substrate_node_is_synced","",""
"","91","test_rpc_node_is_synced[Test for Ternoa, url: wss://mainnet.ternoa.network]","tests","Wed May 14 15:08:08 GMT 2025","passed","Wed May 14 15:08:08 GMT 2025","","test_substrate_node_is_synced","",""
"","0","test_precision[Test for JAMTON]","tests","Wed May 14 15:07:58 GMT 2025","passed","Wed May 14 15:07:58 GMT 2025","TestPrecision","test_network_parameters","",""
"","9","test_has_new_assets[Test for Polkadex]","tests","Wed May 14 15:06:48 GMT 2025","passed","Wed May 14 15:06:48 GMT 2025","TestAssets","test_check_new_assets","",""
"","4","test_has_new_assets[Test for Tangle]","tests","Wed May 14 15:07:46 GMT 2025","passed","Wed May 14 15:07:46 GMT 2025","TestAssets","test_check_new_assets","",""
"","128","test_rpc_method_is_available[Test for peaq, url: wss://peaq-rpc.publicnode.com]","tests","Wed May 14 15:09:21 GMT 2025","passed","Wed May 14 15:09:22 GMT 2025","","test_rpc_methods_availability","",""
"","99","test_rpc_node_is_synced[Test for Hydration, url: wss://hydradx-rpc.dwellir.com]","tests","Wed May 14 15:07:07 GMT 2025","passed","Wed May 14 15:07:08 GMT 2025","","test_substrate_node_is_synced","",""
"","0","test_address_prefix[Test for Moonbeam]","tests","Wed May 14 15:06:25 GMT 2025","passed","Wed May 14 15:06:25 GMT 2025","TestNetworkPrefix","test_network_parameters","",""
"","211","test_rpc_node_is_synced[Test for Acala, url: wss://acala-rpc-0.aca-api.network]","tests","Wed May 14 15:07:56 GMT 2025","passed","Wed May 14 15:07:57 GMT 2025","","test_substrate_node_is_synced","",""
"","0","test_can_create_connection[Test for Bifrost Polkadot, url: wss://bifrost-polkadot.ibp.network]","tests","Wed May 14 15:08:04 GMT 2025","passed","Wed May 14 15:08:04 GMT 2025","","test_nodes_availability","",""
"","0","test_precision[Test for Amplitude]","tests","Wed May 14 15:07:00 GMT 2025","passed","Wed May 14 15:07:00 GMT 2025","TestPrecision","test_network_parameters","",""
"","0","test_chainId[Test for Polkadot Bridge Hub]","tests","Wed May 14 15:07:06 GMT 2025","passed","Wed May 14 15:07:06 GMT 2025","TestChainId","test_network_parameters","",""
"","1","test_can_create_connection[Test for QUARTZ, url: wss://eu-ws-quartz.unique.network]","tests","Wed May 14 15:08:14 GMT 2025","passed","Wed May 14 15:08:14 GMT 2025","","test_nodes_availability","",""
"","70","test_rpc_method_is_available[Test for QUARTZ, url: wss://quartz.unique.network]","tests","Wed May 14 15:07:44 GMT 2025","passed","Wed May 14 15:07:44 GMT 2025","","test_rpc_methods_availability","",""
"","1","test_chainId[Test for Heima]","tests","Wed May 14 15:06:56 GMT 2025","passed","Wed May 14 15:06:56 GMT 2025","TestChainId","test_network_parameters","",""
"","108","test_rpc_method_is_available[Test for Polkadot, url: wss://dot-rpc.stakeworld.io]","tests","Wed May 14 15:06:47 GMT 2025","passed","Wed May 14 15:06:47 GMT 2025","","test_rpc_methods_availability","",""
"","108","test_rpc_node_is_synced[Test for Polkadot, url: wss://rpc-polkadot-2.novasama-tech.org]","tests","Wed May 14 15:06:22 GMT 2025","passed","Wed May 14 15:06:22 GMT 2025","","test_substrate_node_is_synced","",""
"","0","test_chainId[Test for Encointer]","tests","Wed May 14 15:06:38 GMT 2025","passed","Wed May 14 15:06:38 GMT 2025","TestChainId","test_network_parameters","",""
"","111","test_rpc_method_is_available[Test for Curio, url: wss://archive.parachain.curioinvest.com]","tests","Wed May 14 15:09:02 GMT 2025","passed","Wed May 14 15:09:02 GMT 2025","","test_rpc_methods_availability","",""
"","0","test_address_prefix[Test for Bifrost Polkadot]","tests","Wed May 14 15:06:47 GMT 2025","passed","Wed May 14 15:06:47 GMT 2025","TestNetworkPrefix","test_network_parameters","",""
"","6","test_rpc_node_is_synced[Test for Hydration, url: wss://hydration.dotters.network]","tests","Wed May 14 15:07:52 GMT 2025","passed","Wed May 14 15:07:52 GMT 2025","","test_substrate_node_is_synced","",""
"","4","test_has_new_assets[Test for Manta Atlantic]","tests","Wed May 14 15:07:28 GMT 2025","passed","Wed May 14 15:07:28 GMT 2025","TestAssets","test_check_new_assets","",""
"","0","test_can_create_connection[Test for Ternoa, url: wss://mainnet.ternoa.network]","tests","Wed May 14 15:08:15 GMT 2025","passed","Wed May 14 15:08:15 GMT 2025","","test_nodes_availability","",""
"","0","test_can_create_connection[Test for Bifrost Polkadot, url: wss://eu.bifrost-polkadot-rpc.liebi.com/ws]","tests","Wed May 14 15:08:23 GMT 2025","passed","Wed May 14 15:08:23 GMT 2025","","test_nodes_availability","",""
"","0","test_can_create_connection[Test for UNIQUE, url: wss://us-ws.unique.network/]","tests","Wed May 14 15:08:41 GMT 2025","passed","Wed May 14 15:08:41 GMT 2025","","test_nodes_availability","",""
"","0","test_chainId[Test for Basilisk]","tests","Wed May 14 15:06:31 GMT 2025","passed","Wed May 14 15:06:31 GMT 2025","TestChainId","test_network_parameters","",""
"","0","test_can_create_connection[Test for Polkadot, url: wss://rpc-polkadot.luckyfriday.io]","tests","Wed May 14 15:06:54 GMT 2025","passed","Wed May 14 15:06:54 GMT 2025","","test_nodes_availability","",""
"","0","test_can_create_connection[Test for Astar, url: wss://astar-rpc.dwellir.com]","tests","Wed May 14 15:07:28 GMT 2025","passed","Wed May 14 15:07:28 GMT 2025","","test_nodes_availability","",""
"","74","test_rpc_node_is_synced[Test for Aventus, url: wss://public-rpc.mainnet.aventus.io]","tests","Wed May 14 15:08:09 GMT 2025","passed","Wed May 14 15:08:09 GMT 2025","","test_substrate_node_is_synced","",""
"","0","test_can_create_connection[Test for Polkadot, url: wss://apps-rpc.polkadot.io]","tests","Wed May 14 15:06:36 GMT 2025","passed","Wed May 14 15:06:36 GMT 2025","","test_nodes_availability","",""
"","0","test_address_prefix[Test for UNIQUE]","tests","Wed May 14 15:06:57 GMT 2025","passed","Wed May 14 15:06:57 GMT 2025","TestNetworkPrefix","test_network_parameters","",""
"","70","test_rpc_method_is_available[Test for Phala, url: wss://phala-rpc.dwellir.com]","tests","Wed May 14 15:07:28 GMT 2025","passed","Wed May 14 15:07:28 GMT 2025","","test_rpc_methods_availability","",""
"","0","test_can_create_connection[Test for Kusama, url: wss://kusama.public.curie.radiumblock.co/ws]","tests","Wed May 14 15:06:46 GMT 2025","passed","Wed May 14 15:06:46 GMT 2025","","test_nodes_availability","",""
"","6","test_rpc_node_is_synced[Test for Westend (TESTNET), url: wss://rpc.ibp.network/westend]","tests","Wed May 14 15:06:52 GMT 2025","passed","Wed May 14 15:06:52 GMT 2025","","test_substrate_node_is_synced","",""
"","7","test_has_new_assets[Test for Polkadot Collectives]","tests","Wed May 14 15:07:15 GMT 2025","passed","Wed May 14 15:07:15 GMT 2025","TestAssets","test_check_new_assets","",""
"","0","test_precision[Test for Polkadot Collectives]","tests","Wed May 14 15:07:23 GMT 2025","passed","Wed May 14 15:07:23 GMT 2025","TestPrecision","test_network_parameters","",""
"","0","test_chainId[Test for Ajuna]","tests","Wed May 14 15:07:07 GMT 2025","passed","Wed May 14 15:07:07 GMT 2025","TestChainId","test_network_parameters","",""
"","76","test_rpc_method_is_available[Test for Ternoa, url: wss://mainnet.ternoa.network]","tests","Wed May 14 15:08:10 GMT 2025","passed","Wed May 14 15:08:10 GMT 2025","","test_rpc_methods_availability","",""
"","497","test_rpc_node_is_synced[Test for Aleph Zero, url: wss://ws.azero.dev]","tests","Wed May 14 15:07:50 GMT 2025","passed","Wed May 14 15:07:51 GMT 2025","","test_substrate_node_is_synced","",""
"","276","test_rpc_node_is_synced[Test for Astar, url: wss://rpc.astar.network]","tests","Wed May 14 15:07:16 GMT 2025","passed","Wed May 14 15:07:17 GMT 2025","","test_substrate_node_is_synced","",""
"","104","test_rpc_node_is_synced[Test for Nodle Parachain, url: wss://nodle-rpc.dwellir.com]","tests","Wed May 14 15:07:18 GMT 2025","passed","Wed May 14 15:07:18 GMT 2025","","test_substrate_node_is_synced","",""
"","0","test_address_prefix[Test for Hyperbridge Nexus]","tests","Wed May 14 15:07:26 GMT 2025","passed","Wed May 14 15:07:26 GMT 2025","TestNetworkPrefix","test_network_parameters","",""
"","1","test_can_create_connection[Test for Enjin Matrix, url: wss://rpc.matrix.blockchain.enjin.io]","tests","Wed May 14 15:09:03 GMT 2025","passed","Wed May 14 15:09:03 GMT 2025","","test_nodes_availability","",""
"","42","test_rpc_node_is_synced[Test for Phala, url: wss://phala.public.curie.radiumblock.co/ws]","tests","Wed May 14 15:07:47 GMT 2025","passed","Wed May 14 15:07:47 GMT 2025","","test_substrate_node_is_synced","",""
"","94","test_rpc_node_is_synced[Test for krest, url: wss://wss-krest.peaq.network/]","tests","Wed May 14 15:08:44 GMT 2025","passed","Wed May 14 15:08:44 GMT 2025","","test_substrate_node_is_synced","",""
"","0","test_can_create_connection[Test for Curio, url: wss://parachain.curioinvest.com/]","tests","Wed May 14 15:09:20 GMT 2025","passed","Wed May 14 15:09:20 GMT 2025","","test_nodes_availability","",""
"","7","test_rpc_node_is_synced[Test for Kusama Bridge Hub, url: wss://sys.ibp.network/bridgehub-kusama]","tests","Wed May 14 15:08:35 GMT 2025","passed","Wed May 14 15:08:35 GMT 2025","","test_substrate_node_is_synced","",""
"","1","test_can_create_connection[Test for Integritee Parachain, url: wss://kusama.api.integritee.network]","tests","Wed May 14 15:07:31 GMT 2025","passed","Wed May 14 15:07:31 GMT 2025","","test_nodes_availability","",""
"","1","test_can_create_connection[Test for Creditcoin, url: wss://mainnet3.creditcoin.network]","tests","Wed May 14 15:09:36 GMT 2025","passed","Wed May 14 15:09:36 GMT 2025","","test_nodes_availability","",""
"","0","test_can_create_connection[Test for DeepBrain, url: wss://info.dbcwallet.io]","tests","Wed May 14 15:09:46 GMT 2025","passed","Wed May 14 15:09:46 GMT 2025","","test_nodes_availability","",""
"","0","test_address_prefix[Test for Kusama People]","tests","Wed May 14 15:06:21 GMT 2025","passed","Wed May 14 15:06:21 GMT 2025","TestNetworkPrefix","test_network_parameters","",""
"","0","test_chainId[Test for Vara]","tests","Wed May 14 15:07:03 GMT 2025","passed","Wed May 14 15:07:03 GMT 2025","TestChainId","test_network_parameters","",""
"","0","test_can_create_connection[Test for Bifrost Polkadot, url: wss://bifrost-polkadot.dotters.network]","tests","Wed May 14 15:08:10 GMT 2025","passed","Wed May 14 15:08:10 GMT 2025","","test_nodes_availability","",""
"","6","test_rpc_node_is_synced[Test for Polimec, url: wss://polimec.dotters.network]","tests","Wed May 14 15:08:50 GMT 2025","passed","Wed May 14 15:08:50 GMT 2025","","test_substrate_node_is_synced","",""
"","5","test_has_new_assets[Test for Hydration]","tests","Wed May 14 15:06:46 GMT 2025","passed","Wed May 14 15:06:46 GMT 2025","TestAssets","test_check_new_assets","",""
"","94","test_rpc_method_is_available[Test for Moonbeam, url: wss://wss.api.moonbeam.network]","tests","Wed May 14 15:06:34 GMT 2025","passed","Wed May 14 15:06:34 GMT 2025","","test_rpc_methods_availability","",""
"","0","test_can_create_connection[Test for Kusama People, url: wss://ksm-rpc.stakeworld.io/people]","tests","Wed May 14 15:07:21 GMT 2025","passed","Wed May 14 15:07:21 GMT 2025","","test_nodes_availability","",""
"","70","test_rpc_method_is_available[Test for Karura, url: wss://karura-rpc-3.aca-api.network/ws]","tests","Wed May 14 15:06:27 GMT 2025","passed","Wed May 14 15:06:27 GMT 2025","","test_rpc_methods_availability","",""
"","0","test_can_create_connection[Test for Polkadot, url: wss://1rpc.io/dot]","tests","Wed May 14 15:06:51 GMT 2025","passed","Wed May 14 15:06:51 GMT 2025","","test_nodes_availability","",""
"","0","test_chainId[Test for Crust Polkadot Parachain]","tests","Wed May 14 15:07:12 GMT 2025","passed","Wed May 14 15:07:12 GMT 2025","TestChainId","test_network_parameters","",""
"","96","test_rpc_node_is_synced[Test for Kusama, url: wss://apps-kusama-rpc.polkadot.io]","tests","Wed May 14 15:06:24 GMT 2025","passed","Wed May 14 15:06:24 GMT 2025","","test_substrate_node_is_synced","",""
"","80","test_rpc_method_is_available[Test for Polimec, url: wss://polimec.dotters.network]","tests","Wed May 14 15:08:55 GMT 2025","passed","Wed May 14 15:08:55 GMT 2025","","test_rpc_methods_availability","",""
"","0","test_address_prefix[Test for Heima]","tests","Wed May 14 15:06:53 GMT 2025","passed","Wed May 14 15:06:53 GMT 2025","TestNetworkPrefix","test_network_parameters","",""
"","104","test_rpc_node_is_synced[Test for Heima, url: wss://rpc.litentry-parachain.litentry.io]","tests","Wed May 14 15:08:18 GMT 2025","passed","Wed May 14 15:08:18 GMT 2025","","test_substrate_node_is_synced","",""
"","0","test_precision[Test for Bifrost Kusama]","tests","Wed May 14 15:06:36 GMT 2025","passed","Wed May 14 15:06:36 GMT 2025","TestPrecision","test_network_parameters","",""
"","0","test_chainId[Test for Hydration]","tests","Wed May 14 15:06:44 GMT 2025","passed","Wed May 14 15:06:44 GMT 2025","TestChainId","test_network_parameters","",""
"","0","test_precision[Test for Polimec]","tests","Wed May 14 15:07:32 GMT 2025","passed","Wed May 14 15:07:32 GMT 2025","TestPrecision","test_network_parameters","",""
"","0","test_chainId[Test for Polkadot Coretime]","tests","Wed May 14 15:07:40 GMT 2025","passed","Wed May 14 15:07:40 GMT 2025","TestChainId","test_network_parameters","",""
"","0","test_address_prefix[Test for Vara]","tests","Wed May 14 15:07:03 GMT 2025","passed","Wed May 14 15:07:03 GMT 2025","TestNetworkPrefix","test_network_parameters","",""
"","0","test_address_prefix[Test for Centrifuge Parachain]","tests","Wed May 14 15:07:01 GMT 2025","passed","Wed May 14 15:07:01 GMT 2025","TestNetworkPrefix","test_network_parameters","",""
"","138","test_rpc_method_is_available[Test for Hyperbridge Nexus, url: wss://hyperbridge-nexus-rpc.blockops.network]","tests","Wed May 14 15:09:11 GMT 2025","passed","Wed May 14 15:09:11 GMT 2025","","test_rpc_methods_availability","",""
"","0","test_precision[Test for Polkadot People]","tests","Wed May 14 15:06:51 GMT 2025","passed","Wed May 14 15:06:51 GMT 2025","TestPrecision","test_network_parameters","",""
"","7","test_has_new_assets[Test for Moonriver]","tests","Wed May 14 15:06:35 GMT 2025","passed","Wed May 14 15:06:35 GMT 2025","TestAssets","test_check_new_assets","",""
"","0","test_chainId[Test for Aventus]","tests","Wed May 14 15:07:16 GMT 2025","passed","Wed May 14 15:07:16 GMT 2025","TestChainId","test_network_parameters","",""
"","0","test_can_create_connection[Test for Polkadot, url: wss://rpc.ibp.network/polkadot]","tests","Wed May 14 15:06:27 GMT 2025","passed","Wed May 14 15:06:27 GMT 2025","","test_nodes_availability","",""
"","112","test_rpc_node_is_synced[Test for QUARTZ, url: wss://asia-ws-quartz.unique.network]","tests","Wed May 14 15:07:54 GMT 2025","passed","Wed May 14 15:07:54 GMT 2025","","test_substrate_node_is_synced","",""
"","107","test_rpc_node_is_synced[Test for Tangle, url: wss://rpc.tangle.tools]","tests","Wed May 14 15:09:20 GMT 2025","passed","Wed May 14 15:09:20 GMT 2025","","test_substrate_node_is_synced","",""
"","0","test_chainId[Test for QUARTZ]","tests","Wed May 14 15:06:40 GMT 2025","passed","Wed May 14 15:06:40 GMT 2025","TestChainId","test_network_parameters","",""
"","69","test_rpc_method_is_available[Test for DAO IPCI, url: wss://ipci.rpc.robonomics.network]","tests","Wed May 14 15:08:18 GMT 2025","passed","Wed May 14 15:08:18 GMT 2025","","test_rpc_methods_availability","",""
"","99","test_rpc_node_is_synced[Test for Moonbeam, url: wss://moonbeam.public.blastapi.io]","tests","Wed May 14 15:06:44 GMT 2025","passed","Wed May 14 15:06:44 GMT 2025","","test_substrate_node_is_synced","",""
"","0","test_can_create_connection[Test for Polkadot Bridge Hub, url: wss://sys.ibp.network/bridgehub-polkadot]","tests","Wed May 14 15:08:46 GMT 2025","passed","Wed May 14 15:08:46 GMT 2025","","test_nodes_availability","",""
"","78","test_rpc_method_is_available[Test for DENTNet, url: wss://rpc.dentnet.io/ws]","tests","Wed May 14 15:09:19 GMT 2025","passed","Wed May 14 15:09:19 GMT 2025","","test_rpc_methods_availability","",""
"","0","test_can_create_connection[Test for Avail, url: wss://avail.rpc.bountyblok.io]","tests","Wed May 14 15:09:34 GMT 2025","passed","Wed May 14 15:09:34 GMT 2025","","test_nodes_availability","",""
"","0","test_can_create_connection[Test for Heima, url: wss://heima-rpc.n.dwellir.com]","tests","Wed May 14 15:08:34 GMT 2025","passed","Wed May 14 15:08:34 GMT 2025","","test_nodes_availability","",""
"","0","test_can_create_connection[Test for Phala, url: wss://rpc.helikon.io/phala]","tests","Wed May 14 15:07:54 GMT 2025","passed","Wed May 14 15:07:54 GMT 2025","","test_nodes_availability","",""
"","0","test_chainId[Test for CC Enterprise]","tests","Wed May 14 15:07:35 GMT 2025","passed","Wed May 14 15:07:35 GMT 2025","TestChainId","test_network_parameters","",""
"","0","test_can_create_connection[Test for Polkadot, url: wss://dot-rpc.stakeworld.io]","tests","Wed May 14 15:06:44 GMT 2025","passed","Wed May 14 15:06:44 GMT 2025","","test_nodes_availability","",""
"","0","test_address_prefix[Test for DAO IPCI]","tests","Wed May 14 15:06:57 GMT 2025","passed","Wed May 14 15:06:57 GMT 2025","TestNetworkPrefix","test_network_parameters","",""
"","1","test_chainId[Test for Integritee Parachain]","tests","Wed May 14 15:06:56 GMT 2025","passed","Wed May 14 15:06:56 GMT 2025","TestChainId","test_network_parameters","",""
"","131","test_rpc_node_is_synced[Test for JAMTON, url: wss://rpc.jamton.network]","tests","Wed May 14 15:09:25 GMT 2025","passed","Wed May 14 15:09:25 GMT 2025","","test_substrate_node_is_synced","",""
"","96","test_rpc_method_is_available[Test for Encointer, url: wss://api.kusama.encointer.org]","tests","Wed May 14 15:07:57 GMT 2025","passed","Wed May 14 15:07:57 GMT 2025","","test_rpc_methods_availability","",""
"","8","test_has_new_assets[Test for DENTNet]","tests","Wed May 14 15:07:39 GMT 2025","passed","Wed May 14 15:07:39 GMT 2025","TestAssets","test_check_new_assets","",""
"","0","test_precision[Test for Astar]","tests","Wed May 14 15:06:36 GMT 2025","passed","Wed May 14 15:06:36 GMT 2025","TestPrecision","test_network_parameters","",""
"","0","test_address_prefix[Test for Polkadot]","tests","Wed May 14 15:06:24 GMT 2025","passed","Wed May 14 15:06:24 GMT 2025","TestNetworkPrefix","test_network_parameters","",""
"","0","test_precision[Test for Moonriver]","tests","Wed May 14 15:06:40 GMT 2025","passed","Wed May 14 15:06:40 GMT 2025","TestPrecision","test_network_parameters","",""
"","7","test_has_new_assets[Test for Kusama Coretime]","tests","Wed May 14 15:07:49 GMT 2025","passed","Wed May 14 15:07:49 GMT 2025","TestAssets","test_check_new_assets","",""
"","1","test_chainId[Test for Astar]","tests","Wed May 14 15:06:29 GMT 2025","passed","Wed May 14 15:06:29 GMT 2025","TestChainId","test_network_parameters","",""
"","87","test_rpc_method_is_available[Test for XX network, url: wss://rpc-hetzner.xx.network]","tests","Wed May 14 15:08:32 GMT 2025","passed","Wed May 14 15:08:32 GMT 2025","","test_rpc_methods_availability","",""
"","113","test_rpc_node_is_synced[Test for Polkadot Bridge Hub, url: wss://dot-rpc.stakeworld.io/bridgehub]","tests","Wed May 14 15:08:33 GMT 2025","passed","Wed May 14 15:08:33 GMT 2025","","test_substrate_node_is_synced","",""
"","6","test_rpc_node_is_synced[Test for Ajuna, url: wss://ajuna.ibp.network]","tests","Wed May 14 15:08:28 GMT 2025","passed","Wed May 14 15:08:28 GMT 2025","","test_substrate_node_is_synced","",""
"","110","test_rpc_node_is_synced[Test for Kusama Coretime, url: wss://coretime-kusama-rpc.dwellir.com]","tests","Wed May 14 15:09:28 GMT 2025","passed","Wed May 14 15:09:28 GMT 2025","","test_substrate_node_is_synced","",""
"","0","test_can_create_connection[Test for Tangle, url: wss://tangle-mainnet-rpc.dwellir.com]","tests","Wed May 14 15:09:52 GMT 2025","passed","Wed May 14 15:09:52 GMT 2025","","test_nodes_availability","",""
"","0","test_can_create_connection[Test for Polimec, url: wss://polimec.ibp.network]","tests","Wed May 14 15:09:12 GMT 2025","passed","Wed May 14 15:09:12 GMT 2025","","test_nodes_availability","",""
"","7","test_rpc_node_is_synced[Test for KILT, url: wss://kilt.ibp.network]","tests","Wed May 14 15:07:31 GMT 2025","passed","Wed May 14 15:07:31 GMT 2025","","test_substrate_node_is_synced","",""
"","6","test_rpc_node_is_synced[Test for Polkadot Collectives, url: wss://sys.ibp.network/collectives-polkadot]","tests","Wed May 14 15:08:42 GMT 2025","passed","Wed May 14 15:08:42 GMT 2025","","test_substrate_node_is_synced","",""
"","74","test_rpc_method_is_available[Test for 3DPass, url: wss://rpc.3dpass.org]","tests","Wed May 14 15:08:40 GMT 2025","passed","Wed May 14 15:08:40 GMT 2025","","test_rpc_methods_availability","",""
"","0","test_can_create_connection[Test for Kusama, url: wss://kusama.dotters.network]","tests","Wed May 14 15:06:20 GMT 2025","passed","Wed May 14 15:06:20 GMT 2025","","test_nodes_availability","",""
"","135","test_rpc_method_is_available[Test for Polkadot Collectives, url: wss://sys.ibp.network/collectives-polkadot]","tests","Wed May 14 15:08:46 GMT 2025","passed","Wed May 14 15:08:47 GMT 2025","","test_rpc_methods_availability","",""
"","118","test_rpc_node_is_synced[Test for Polkadot Asset Hub, url: wss://asset-hub-polkadot-rpc.dwellir.com]","tests","Wed May 14 15:07:44 GMT 2025","passed","Wed May 14 15:07:44 GMT 2025","","test_substrate_node_is_synced","",""
"","0","test_can_create_connection[Test for QUARTZ, url: wss://quartz.unique.network]","tests","Wed May 14 15:08:09 GMT 2025","passed","Wed May 14 15:08:09 GMT 2025","","test_nodes_availability","",""
"","84","test_rpc_method_is_available[Test for Polkadot, url: wss://1rpc.io/dot]","tests","Wed May 14 15:06:54 GMT 2025","passed","Wed May 14 15:06:55 GMT 2025","","test_rpc_methods_availability","",""
"","68","test_rpc_method_is_available[Test for Centrifuge Parachain, url: wss://rpc-centrifuge.luckyfriday.io]","tests","Wed May 14 15:07:43 GMT 2025","passed","Wed May 14 15:07:43 GMT 2025","","test_rpc_methods_availability","",""
"","120","test_rpc_node_is_synced[Test for Basilisk, url: wss://rpc.basilisk.cloud]","tests","Wed May 14 15:07:20 GMT 2025","passed","Wed May 14 15:07:20 GMT 2025","","test_substrate_node_is_synced","",""
"","0","test_precision[Test for Karura]","tests","Wed May 14 15:06:35 GMT 2025","passed","Wed May 14 15:06:35 GMT 2025","TestPrecision","test_network_parameters","",""
"","7","test_rpc_node_is_synced[Test for UNIQUE, url: wss://unique.ibp.network]","tests","Wed May 14 15:08:40 GMT 2025","passed","Wed May 14 15:08:40 GMT 2025","","test_substrate_node_is_synced","",""
"","0","test_can_create_connection[Test for Hydration, url: wss://hydradx-rpc.dwellir.com]","tests","Wed May 14 15:07:30 GMT 2025","passed","Wed May 14 15:07:30 GMT 2025","","test_nodes_availability","",""
"","78","test_rpc_method_is_available[Test for Astar, url: wss://astar.public.curie.radiumblock.co/ws]","tests","Wed May 14 15:07:29 GMT 2025","passed","Wed May 14 15:07:29 GMT 2025","","test_rpc_methods_availability","",""
"","0","test_can_create_connection[Test for Mythos, url: wss://mythos.dotters.network]","tests","Wed May 14 15:09:25 GMT 2025","passed","Wed May 14 15:09:25 GMT 2025","","test_nodes_availability","",""
"","1","test_precision[Test for Hydration]","tests","Wed May 14 15:06:51 GMT 2025","passed","Wed May 14 15:06:51 GMT 2025","TestPrecision","test_network_parameters","",""
"","1","test_chainId[Test for Creditcoin]","tests","Wed May 14 15:07:38 GMT 2025","passed","Wed May 14 15:07:38 GMT 2025","TestChainId","test_network_parameters","",""
"","7","test_rpc_node_is_synced[Test for Polkadot Collectives, url: wss://collectives-polkadot.dotters.network]","tests","Wed May 14 15:08:44 GMT 2025","passed","Wed May 14 15:08:44 GMT 2025","","test_substrate_node_is_synced","",""
"","0","test_can_create_connection[Test for Polkadot, url: wss://rpc-polkadot-2.novasama-tech.org]","tests","Wed May 14 15:06:24 GMT 2025","passed","Wed May 14 15:06:24 GMT 2025","","test_nodes_availability","",""
"","10","test_has_new_assets[Test for Basilisk]","tests","Wed May 14 15:06:35 GMT 2025","passed","Wed May 14 15:06:35 GMT 2025","TestAssets","test_check_new_assets","",""
"","0","test_address_prefix[Test for Polkadot Bridge Hub]","tests","Wed May 14 15:07:10 GMT 2025","passed","Wed May 14 15:07:10 GMT 2025","TestNetworkPrefix","test_network_parameters","",""
"","213","test_rpc_method_is_available[Test for Kusama Asset Hub, url: wss://asset-hub-kusama.dotters.network]","tests","Wed May 14 15:06:21 GMT 2025","passed","Wed May 14 15:06:21 GMT 2025","","test_rpc_methods_availability","",""
"","1","test_precision[Test for Avail]","tests","Wed May 14 15:07:46 GMT 2025","passed","Wed May 14 15:07:46 GMT 2025","TestPrecision","test_network_parameters","",""
"","72","test_rpc_method_is_available[Test for Kusama People, url: wss://people-kusama.dotters.network]","tests","Wed May 14 15:06:43 GMT 2025","passed","Wed May 14 15:06:43 GMT 2025","","test_rpc_methods_availability","",""
"","1","test_chainId[Test for Acurast Canary]","tests","Wed May 14 15:07:31 GMT 2025","passed","Wed May 14 15:07:31 GMT 2025","TestChainId","test_network_parameters","",""
"","114","test_rpc_method_is_available[Test for Subsocial, url: wss://para.f3joule.space]","tests","Wed May 14 15:07:18 GMT 2025","passed","Wed May 14 15:07:18 GMT 2025","","test_rpc_methods_availability","",""
"","1","test_can_create_connection[Test for Ajuna, url: wss://ajuna.ibp.network]","tests","Wed May 14 15:08:45 GMT 2025","passed","Wed May 14 15:08:45 GMT 2025","","test_nodes_availability","",""
"","1","test_precision[Test for Centrifuge Parachain]","tests","Wed May 14 15:07:14 GMT 2025","passed","Wed May 14 15:07:14 GMT 2025","TestPrecision","test_network_parameters","",""
"","114","test_rpc_node_is_synced[Test for Shiden, url: wss://rpc.shiden.astar.network]","tests","Wed May 14 15:06:51 GMT 2025","passed","Wed May 14 15:06:52 GMT 2025","","test_substrate_node_is_synced","",""
"","0","test_can_create_connection[Test for Karura, url: wss://karura-rpc-2.aca-api.network/ws]","tests","Wed May 14 15:06:21 GMT 2025","passed","Wed May 14 15:06:21 GMT 2025","","test_nodes_availability","",""
"","0","test_address_prefix[Test for Subsocial]","tests","Wed May 14 15:06:46 GMT 2025","passed","Wed May 14 15:06:46 GMT 2025","TestNetworkPrefix","test_network_parameters","",""
"","0","test_address_prefix[Test for Kusama Coretime]","tests","Wed May 14 15:07:40 GMT 2025","passed","Wed May 14 15:07:40 GMT 2025","TestNetworkPrefix","test_network_parameters","",""
"","0","test_address_prefix[Test for Altair]","tests","Wed May 14 15:06:32 GMT 2025","passed","Wed May 14 15:06:32 GMT 2025","TestNetworkPrefix","test_network_parameters","",""
"","0","test_can_create_connection[Test for Altair, url: wss://fullnode.altair.centrifuge.io]","tests","Wed May 14 15:07:53 GMT 2025","passed","Wed May 14 15:07:53 GMT 2025","","test_nodes_availability","",""
"","0","test_chainId[Test for KILT]","tests","Wed May 14 15:06:38 GMT 2025","passed","Wed May 14 15:06:38 GMT 2025","TestChainId","test_network_parameters","",""
"","0","test_precision[Test for peaq]","tests","Wed May 14 15:07:50 GMT 2025","passed","Wed May 14 15:07:50 GMT 2025","TestPrecision","test_network_parameters","",""
"","0","test_precision[Test for Shiden]","tests","Wed May 14 15:06:48 GMT 2025","passed","Wed May 14 15:06:48 GMT 2025","TestPrecision","test_network_parameters","",""
"","5","test_has_new_assets[Test for CC Enterprise]","tests","Wed May 14 15:07:36 GMT 2025","passed","Wed May 14 15:07:36 GMT 2025","TestAssets","test_check_new_assets","",""
"","0","test_can_create_connection[Test for CC Enterprise, url: wss://mainnet.creditcoin.network/ws]","tests","Wed May 14 15:09:32 GMT 2025","passed","Wed May 14 15:09:32 GMT 2025","","test_nodes_availability","",""
"","203","test_rpc_node_is_synced[Test for Bifrost Kusama, url: wss://bifrost-rpc.liebi.com/ws]","tests","Wed May 14 15:07:12 GMT 2025","passed","Wed May 14 15:07:12 GMT 2025","","test_substrate_node_is_synced","",""
"","0","test_can_create_connection[Test for XX network, url: wss://xxnetwork-rpc.dwellir.com]","tests","Wed May 14 15:08:27 GMT 2025","passed","Wed May 14 15:08:27 GMT 2025","","test_nodes_availability","",""
"","108","test_rpc_node_is_synced[Test for Polkadot Collectives, url: wss://dot-rpc.stakeworld.io/collectives]","tests","Wed May 14 15:08:54 GMT 2025","passed","Wed May 14 15:08:54 GMT 2025","","test_substrate_node_is_synced","",""
"","98","test_rpc_node_is_synced[Test for Karura, url: wss://karura-rpc.dwellir.com]","tests","Wed May 14 15:06:26 GMT 2025","passed","Wed May 14 15:06:26 GMT 2025","","test_substrate_node_is_synced","",""
"","0","test_address_prefix[Test for Amplitude]","tests","Wed May 14 15:06:46 GMT 2025","passed","Wed May 14 15:06:46 GMT 2025","TestNetworkPrefix","test_network_parameters","",""
"","0","test_can_create_connection[Test for Hydration, url: wss://rpc-hydra.novasama-tech.org]","tests","Wed May 14 15:07:46 GMT 2025","passed","Wed May 14 15:07:46 GMT 2025","","test_nodes_availability","",""
"","0","test_address_prefix[Test for Polymesh]","tests","Wed May 14 15:06:54 GMT 2025","passed","Wed May 14 15:06:54 GMT 2025","TestNetworkPrefix","test_network_parameters","",""
"","0","test_precision[Test for XX network]","tests","Wed May 14 15:07:11 GMT 2025","passed","Wed May 14 15:07:11 GMT 2025","TestPrecision","test_network_parameters","",""
"","0","test_address_prefix[Test for 3DPass]","tests","Wed May 14 15:07:06 GMT 2025","passed","Wed May 14 15:07:06 GMT 2025","TestNetworkPrefix","test_network_parameters","",""
"","0","test_can_create_connection[Test for Polkadot Collectives, url: wss://sys.ibp.network/collectives-polkadot]","tests","Wed May 14 15:08:59 GMT 2025","passed","Wed May 14 15:08:59 GMT 2025","","test_nodes_availability","",""
"","0","test_precision[Test for Acala]","tests","Wed May 14 15:06:32 GMT 2025","passed","Wed May 14 15:06:32 GMT 2025","TestPrecision","test_network_parameters","",""
"","0","test_can_create_connection[Test for Centrifuge Parachain, url: wss://fullnode.centrifuge.io]","tests","Wed May 14 15:07:37 GMT 2025","passed","Wed May 14 15:07:37 GMT 2025","","test_nodes_availability","",""
"","27","test_rpc_node_is_synced[Test for Hydration, url: wss://rpc.hydradx.cloud]","tests","Wed May 14 15:07:44 GMT 2025","passed","Wed May 14 15:07:44 GMT 2025","","test_substrate_node_is_synced","",""
"","82","test_rpc_method_is_available[Test for Hydration, url: wss://hydration.ibp.network]","tests","Wed May 14 15:07:55 GMT 2025","passed","Wed May 14 15:07:56 GMT 2025","","test_rpc_methods_availability","",""
"","4","test_has_new_assets[Test for Nodle Parachain]","tests","Wed May 14 15:06:54 GMT 2025","passed","Wed May 14 15:06:54 GMT 2025","TestAssets","test_check_new_assets","",""
"","70","test_rpc_method_is_available[Test for Polkadot, url: wss://rpc-polkadot-2.novasama-tech.org]","tests","Wed May 14 15:06:28 GMT 2025","passed","Wed May 14 15:06:28 GMT 2025","","test_rpc_methods_availability","",""
"","0","test_can_create_connection[Test for QUARTZ, url: wss://asia-ws-quartz.unique.network]","tests","Wed May 14 15:08:24 GMT 2025","passed","Wed May 14 15:08:24 GMT 2025","","test_nodes_availability","",""
"","81","test_rpc_method_is_available[Test for Avail, url: wss://avail.rpc.bountyblok.io]","tests","Wed May 14 15:09:20 GMT 2025","passed","Wed May 14 15:09:20 GMT 2025","","test_rpc_methods_availability","",""
"","96","test_rpc_method_is_available[Test for Polkadot People, url: wss://people-polkadot.dotters.network]","tests","Wed May 14 15:06:32 GMT 2025","passed","Wed May 14 15:06:32 GMT 2025","","test_rpc_methods_availability","",""
"","113","test_rpc_method_is_available[Test for Kusama, url: wss://rpc-kusama-1.novasama-tech.org]","tests","Wed May 14 15:07:02 GMT 2025","passed","Wed May 14 15:07:02 GMT 2025","","test_rpc_methods_availability","",""
"","117","test_rpc_method_is_available[Test for Polkadot Bridge Hub, url: wss://sys.ibp.network/bridgehub-polkadot]","tests","Wed May 14 15:08:32 GMT 2025","passed","Wed May 14 15:08:32 GMT 2025","","test_rpc_methods_availability","",""
"","3","test_has_new_assets[Test for Polkadot Asset Hub]","tests","Wed May 14 15:06:36 GMT 2025","passed","Wed May 14 15:06:36 GMT 2025","TestAssets","test_check_new_assets","",""
"","71","test_rpc_method_is_available[Test for Humanode, url: wss://explorer-rpc-ws.mainnet.stages.humanode.io]","tests","Wed May 14 15:09:20 GMT 2025","passed","Wed May 14 15:09:20 GMT 2025","","test_rpc_methods_availability","",""
"","0","test_can_create_connection[Test for Karura, url: wss://karura-rpc-0.aca-api.network]","tests","Wed May 14 15:07:24 GMT 2025","passed","Wed May 14 15:07:24 GMT 2025","","test_nodes_availability","",""
"","5","test_has_new_assets[Test for DeepBrain]","tests","Wed May 14 15:07:47 GMT 2025","passed","Wed May 14 15:07:47 GMT 2025","TestAssets","test_check_new_assets","",""
"","201","test_rpc_method_is_available[Test for Polkadot, url: wss://rpc-polkadot-1.novasama-tech.org]","tests","Wed May 14 15:06:24 GMT 2025","passed","Wed May 14 15:06:24 GMT 2025","","test_rpc_methods_availability","",""
"","0","test_precision[Test for Humanode]","tests","Wed May 14 15:07:49 GMT 2025","passed","Wed May 14 15:07:49 GMT 2025","TestPrecision","test_network_parameters","",""
"","91","test_rpc_method_is_available[Test for GIANT, url: wss://rpc-anchor-1-mainnet-az-ue1.giantprotocol.org:443]","tests","Wed May 14 15:08:28 GMT 2025","passed","Wed May 14 15:08:29 GMT 2025","","test_rpc_methods_availability","",""
"","17","test_has_new_assets[Test for JAMTON]","tests","Wed May 14 15:07:45 GMT 2025","passed","Wed May 14 15:07:45 GMT 2025","TestAssets","test_check_new_assets","",""
"","104","test_rpc_method_is_available[Test for Polkadot Coretime, url: wss://sys.ibp.network/coretime-polkadot]","tests","Wed May 14 15:09:28 GMT 2025","passed","Wed May 14 15:09:28 GMT 2025","","test_rpc_methods_availability","",""
"","0","test_can_create_connection[Test for Polkadot Bridge Hub, url: wss://dot-rpc.stakeworld.io/bridgehub]","tests","Wed May 14 15:08:54 GMT 2025","passed","Wed May 14 15:08:54 GMT 2025","","test_nodes_availability","",""
"","7","test_has_new_assets[Test for Crust Shadow]","tests","Wed May 14 15:06:56 GMT 2025","passed","Wed May 14 15:06:56 GMT 2025","TestAssets","test_check_new_assets","",""
"","7","test_has_new_assets[Test for Avail]","tests","Wed May 14 15:07:36 GMT 2025","passed","Wed May 14 15:07:36 GMT 2025","TestAssets","test_check_new_assets","",""
"","3","test_has_new_assets[Test for Astar]","tests","Wed May 14 15:06:31 GMT 2025","passed","Wed May 14 15:06:31 GMT 2025","TestAssets","test_check_new_assets","",""
"","76","test_rpc_method_is_available[Test for Acala, url: wss://acala-rpc-1.aca-api.network]","tests","Wed May 14 15:07:03 GMT 2025","passed","Wed May 14 15:07:03 GMT 2025","","test_rpc_methods_availability","",""
"","93","test_rpc_method_is_available[Test for krest, url: wss://wss-krest.peaq.network/]","tests","Wed May 14 15:08:45 GMT 2025","passed","Wed May 14 15:08:45 GMT 2025","","test_rpc_methods_availability","",""
"","12","test_has_new_assets[Test for Acurast Canary]","tests","Wed May 14 15:07:30 GMT 2025","passed","Wed May 14 15:07:30 GMT 2025","TestAssets","test_check_new_assets","",""
"","82","test_rpc_method_is_available[Test for Polkadex, url: wss://polkadex.public.curie.radiumblock.co/ws]","tests","Wed May 14 15:07:58 GMT 2025","passed","Wed May 14 15:07:58 GMT 2025","","test_rpc_methods_availability","",""
"","0","test_chainId[Test for Aleph Zero]","tests","Wed May 14 15:06:59 GMT 2025","passed","Wed May 14 15:06:59 GMT 2025","TestChainId","test_network_parameters","",""
"","0","test_can_create_connection[Test for Hyperbridge Nexus, url: wss://nexus.dotters.network]","tests","Wed May 14 15:09:21 GMT 2025","passed","Wed May 14 15:09:21 GMT 2025","","test_nodes_availability","",""
"","0","test_precision[Test for Phala]","tests","Wed May 14 15:07:04 GMT 2025","passed","Wed May 14 15:07:04 GMT 2025","TestPrecision","test_network_parameters","",""
"","65","test_rpc_node_is_synced[Test for Karura, url: wss://karura-rpc-1.aca-api.network]","tests","Wed May 14 15:06:17 GMT 2025","passed","Wed May 14 15:06:17 GMT 2025","","test_substrate_node_is_synced","",""
"","49","test_rpc_node_is_synced[Test for Polkadot Collectives, url: wss://collectives.public.curie.radiumblock.co/ws]","tests","Wed May 14 15:08:50 GMT 2025","passed","Wed May 14 15:08:50 GMT 2025","","test_substrate_node_is_synced","",""
"","0","test_rpc_node_is_synced[Test for Kreivo, url: wss://kreivo.io/]","tests","Wed May 14 15:09:05 GMT 2025","broken","Wed May 14 15:09:05 GMT 2025","","test_substrate_node_is_synced","",""
"","84","test_rpc_method_is_available[Test for Tangle, url: wss://rpc.tangle.tools]","tests","Wed May 14 15:09:29 GMT 2025","passed","Wed May 14 15:09:29 GMT 2025","","test_rpc_methods_availability","",""
"","0","test_can_create_connection[Test for Bittensor, url: wss://entrypoint-finney.opentensor.ai:443]","tests","Wed May 14 15:08:30 GMT 2025","passed","Wed May 14 15:08:30 GMT 2025","","test_nodes_availability","",""
"","0","test_can_create_connection[Test for UNIQUE, url: wss://asia-ws.unique.network/]","tests","Wed May 14 15:08:48 GMT 2025","passed","Wed May 14 15:08:48 GMT 2025","","test_nodes_availability","",""
"","1","test_can_create_connection[Test for Polkadot Collectives, url: wss://dot-rpc.stakeworld.io/collectives]","tests","Wed May 14 15:09:11 GMT 2025","passed","Wed May 14 15:09:11 GMT 2025","","test_nodes_availability","",""
"","86","test_rpc_method_is_available[Test for Crust Shadow, url: wss://rpc2-shadow.crust.network/]","tests","Wed May 14 15:07:25 GMT 2025","passed","Wed May 14 15:07:25 GMT 2025","","test_rpc_methods_availability","",""
"","6","test_has_new_assets[Test for DAO IPCI]","tests","Wed May 14 15:07:02 GMT 2025","passed","Wed May 14 15:07:02 GMT 2025","TestAssets","test_check_new_assets","",""
"","0","test_can_create_connection[Test for Basilisk, url: wss://basilisk-rpc.dwellir.com]","tests","Wed May 14 15:07:46 GMT 2025","passed","Wed May 14 15:07:46 GMT 2025","","test_nodes_availability","",""
"","83","test_rpc_node_is_synced[Test for Cere, url: wss://rpc.mainnet.cere.network/ws]","tests","Wed May 14 15:09:08 GMT 2025","passed","Wed May 14 15:09:09 GMT 2025","","test_substrate_node_is_synced","",""
"","0","test_can_create_connection[Test for Moonriver, url: wss://moonriver.public.curie.radiumblock.co/ws]","tests","Wed May 14 15:07:01 GMT 2025","passed","Wed May 14 15:07:01 GMT 2025","","test_nodes_availability","",""
"","9","test_rpc_node_is_synced[Test for Zeitgeist, url: wss://zeitgeist.api.onfinality.io/public-ws]","tests","Wed May 14 15:07:06 GMT 2025","passed","Wed May 14 15:07:06 GMT 2025","","test_substrate_node_is_synced","",""
"","0","test_address_prefix[Test for Aventus]","tests","Wed May 14 15:07:17 GMT 2025","passed","Wed May 14 15:07:17 GMT 2025","TestNetworkPrefix","test_network_parameters","",""
"","0","test_chainId[Test for UNIQUE]","tests","Wed May 14 15:07:00 GMT 2025","passed","Wed May 14 15:07:00 GMT 2025","TestChainId","test_network_parameters","",""
"","16","test_rpc_node_is_synced[Test for QUARTZ, url: wss://quartz.unique.network]","tests","Wed May 14 15:07:41 GMT 2025","passed","Wed May 14 15:07:41 GMT 2025","","test_substrate_node_is_synced","",""
"","3","test_has_new_assets[Test for Polkadot Bridge Hub]","tests","Wed May 14 15:07:16 GMT 2025","passed","Wed May 14 15:07:16 GMT 2025","TestAssets","test_check_new_assets","",""
"","103","test_rpc_node_is_synced[Test for Robonomics, url: wss://kusama.rpc.robonomics.network/]","tests","Wed May 14 15:07:48 GMT 2025","passed","Wed May 14 15:07:48 GMT 2025","","test_substrate_node_is_synced","",""
"","0","test_address_prefix[Test for Kusama]","tests","Wed May 14 15:06:29 GMT 2025","passed","Wed May 14 15:06:29 GMT 2025","TestNetworkPrefix","test_network_parameters","",""
"","7","test_rpc_node_is_synced[Test for Mythos, url: wss://mythos.dotters.network]","tests","Wed May 14 15:08:57 GMT 2025","passed","Wed May 14 15:08:57 GMT 2025","","test_substrate_node_is_synced","",""
"","6","test_rpc_node_is_synced[Test for UNIQUE, url: wss://unique.dotters.network]","tests","Wed May 14 15:08:01 GMT 2025","passed","Wed May 14 15:08:01 GMT 2025","","test_substrate_node_is_synced","",""
"","1","test_can_create_connection[Test for Polimec, url: wss://rpc.polimec.org]","tests","Wed May 14 15:09:08 GMT 2025","passed","Wed May 14 15:09:08 GMT 2025","","test_nodes_availability","",""
"","10","test_has_new_assets[Test for Kusama]","tests","Wed May 14 15:06:34 GMT 2025","passed","Wed May 14 15:06:34 GMT 2025","TestAssets","test_check_new_assets","",""
"","0","test_can_create_connection[Test for Zeitgeist, url: wss://zeitgeist.api.onfinality.io/public-ws]","tests","Wed May 14 15:07:10 GMT 2025","passed","Wed May 14 15:07:10 GMT 2025","","test_nodes_availability","",""
"","33","test_rpc_node_is_synced[Test for Vara, url: wss://rpc.vara-network.io]","tests","Wed May 14 15:08:23 GMT 2025","passed","Wed May 14 15:08:23 GMT 2025","","test_substrate_node_is_synced","",""
"","0","test_address_prefix[Test for Kreivo]","tests","Wed May 14 15:07:26 GMT 2025","passed","Wed May 14 15:07:26 GMT 2025","TestNetworkPrefix","test_network_parameters","",""
"","6","test_has_new_assets[Test for Heima]","tests","Wed May 14 15:07:02 GMT 2025","passed","Wed May 14 15:07:02 GMT 2025","TestAssets","test_check_new_assets","",""
"","78","test_has_new_assets[Test for Acala]","tests","Wed May 14 15:06:26 GMT 2025","passed","Wed May 14 15:06:27 GMT 2025","TestAssets","test_check_new_assets","",""
"","0","test_can_create_connection[Test for peaq, url: wss://peaq-rpc.publicnode.com]","tests","Wed May 14 15:09:36 GMT 2025","passed","Wed May 14 15:09:36 GMT 2025","","test_nodes_availability","",""
"","5","test_has_new_assets[Test for Polkadot Coretime]","tests","Wed May 14 15:07:51 GMT 2025","passed","Wed May 14 15:07:51 GMT 2025","TestAssets","test_check_new_assets","",""
"","5","test_has_new_assets[Test for Westend (TESTNET)]","tests","Wed May 14 15:06:39 GMT 2025","passed","Wed May 14 15:06:39 GMT 2025","TestAssets","test_check_new_assets","",""
"","88","test_rpc_node_is_synced[Test for UNIQUE, url: wss://eu-ws.unique.network/]","tests","Wed May 14 15:08:27 GMT 2025","passed","Wed May 14 15:08:27 GMT 2025","","test_substrate_node_is_synced","",""
"","77","test_rpc_method_is_available[Test for Heima, url: wss://rpc.litentry-parachain.litentry.io]","tests","Wed May 14 15:08:25 GMT 2025","passed","Wed May 14 15:08:25 GMT 2025","","test_rpc_methods_availability","",""
"","0","test_can_create_connection[Test for Aventus, url: wss://public-rpc.mainnet.aventus.io]","tests","Wed May 14 15:08:27 GMT 2025","passed","Wed May 14 15:08:27 GMT 2025","","test_nodes_availability","",""
"","0","test_can_create_connection[Test for Enjin Relay, url: wss://enjin-relay-rpc.dwellir.com]","tests","Wed May 14 15:09:17 GMT 2025","passed","Wed May 14 15:09:17 GMT 2025","","test_nodes_availability","",""
"","1","test_can_create_connection[Test for Amplitude, url: wss://rpc-amplitude.pendulumchain.tech]","tests","Wed May 14 15:08:10 GMT 2025","passed","Wed May 14 15:08:10 GMT 2025","","test_nodes_availability","",""
"","0","test_precision[Test for Altair]","tests","Wed May 14 15:06:44 GMT 2025","passed","Wed May 14 15:06:44 GMT 2025","TestPrecision","test_network_parameters","",""
"","74","test_rpc_method_is_available[Test for Centrifuge Parachain, url: wss://fullnode.centrifuge.io]","tests","Wed May 14 15:07:39 GMT 2025","passed","Wed May 14 15:07:39 GMT 2025","","test_rpc_methods_availability","",""
"","0","test_address_prefix[Test for Manta Atlantic]","tests","Wed May 14 15:07:19 GMT 2025","passed","Wed May 14 15:07:19 GMT 2025","TestNetworkPrefix","test_network_parameters","",""
"","48","test_rpc_node_is_synced[Test for Kreivo, url: wss://kreivo.kippu.rocks/]","tests","Wed May 14 15:09:10 GMT 2025","passed","Wed May 14 15:09:10 GMT 2025","","test_substrate_node_is_synced","",""
"","7","test_rpc_node_is_synced[Test for Encointer, url: wss://sys.ibp.network/encointer-kusama]","tests","Wed May 14 15:07:52 GMT 2025","passed","Wed May 14 15:07:52 GMT 2025","","test_substrate_node_is_synced","",""
"","102","test_rpc_node_is_synced[Test for Polkadot, url: wss://apps-rpc.polkadot.io]","tests","Wed May 14 15:06:32 GMT 2025","passed","Wed May 14 15:06:32 GMT 2025","","test_substrate_node_is_synced","",""
"","1","test_can_create_connection[Test for Avail, url: wss://mainnet-rpc.avail.so/ws]","tests","Wed May 14 15:09:27 GMT 2025","passed","Wed May 14 15:09:27 GMT 2025","","test_nodes_availability","",""
"","0","test_can_create_connection[Test for Kreivo, url: wss://kreivo.kippu.rocks/]","tests","Wed May 14 15:09:34 GMT 2025","passed","Wed May 14 15:09:34 GMT 2025","","test_nodes_availability","",""
"","0","test_precision[Test for DeepBrain]","tests","Wed May 14 15:07:52 GMT 2025","passed","Wed May 14 15:07:52 GMT 2025","TestPrecision","test_network_parameters","",""
"","7","test_rpc_node_is_synced[Test for Polkadot People, url: wss://people-polkadot.dotters.network]","tests","Wed May 14 15:06:26 GMT 2025","passed","Wed May 14 15:06:26 GMT 2025","","test_substrate_node_is_synced","",""
"","237","test_rpc_node_is_synced[Test for Crust Shadow, url: wss://rpc-shadow.crust.network/]","tests","Wed May 14 15:07:23 GMT 2025","passed","Wed May 14 15:07:23 GMT 2025","","test_substrate_node_is_synced","",""
"","0","test_chainId[Test for Westend (TESTNET)]","tests","Wed May 14 15:06:35 GMT 2025","passed","Wed May 14 15:06:35 GMT 2025","TestChainId","test_network_parameters","",""
"","0","test_chainId[Test for Hyperbridge Nexus]","tests","Wed May 14 15:07:28 GMT 2025","passed","Wed May 14 15:07:28 GMT 2025","TestChainId","test_network_parameters","",""
"","0","test_precision[Test for krest]","tests","Wed May 14 15:07:27 GMT 2025","passed","Wed May 14 15:07:27 GMT 2025","TestPrecision","test_network_parameters","",""
"","94","test_rpc_method_is_available[Test for Kusama, url: wss://kusama.dotters.network]","tests","Wed May 14 15:06:26 GMT 2025","passed","Wed May 14 15:06:26 GMT 2025","","test_rpc_methods_availability","",""
"","115","test_rpc_method_is_available[Test for Karura, url: wss://karura-rpc-0.aca-api.network]","tests","Wed May 14 15:06:48 GMT 2025","passed","Wed May 14 15:06:48 GMT 2025","","test_rpc_methods_availability","",""
"","0","test_address_prefix[Test for Moonriver]","tests","Wed May 14 15:06:28 GMT 2025","passed","Wed May 14 15:06:28 GMT 2025","TestNetworkPrefix","test_network_parameters","",""
"","109","test_rpc_method_is_available[Test for UNIQUE, url: wss://unique.ibp.network]","tests","Wed May 14 15:08:51 GMT 2025","passed","Wed May 14 15:08:51 GMT 2025","","test_rpc_methods_availability","",""
"","123","test_rpc_method_is_available[Test for Polkadot Collectives, url: wss://dot-rpc.stakeworld.io/collectives]","tests","Wed May 14 15:08:57 GMT 2025","passed","Wed May 14 15:08:57 GMT 2025","","test_rpc_methods_availability","",""
"","98","test_rpc_method_is_available[Test for Ajuna, url: wss://ajuna.ibp.network]","tests","Wed May 14 15:08:33 GMT 2025","passed","Wed May 14 15:08:33 GMT 2025","","test_rpc_methods_availability","",""
"","0","test_precision[Test for 3DPass]","tests","Wed May 14 15:07:22 GMT 2025","passed","Wed May 14 15:07:22 GMT 2025","TestPrecision","test_network_parameters","",""
"","0","test_can_create_connection[Test for JAMTON, url: wss://rpc.jamton.network]","tests","Wed May 14 15:09:40 GMT 2025","passed","Wed May 14 15:09:40 GMT 2025","","test_nodes_availability","",""
"","0","test_can_create_connection[Test for Polkadot People, url: wss://polkadot-people-rpc.polkadot.io]","tests","Wed May 14 15:06:25 GMT 2025","passed","Wed May 14 15:06:25 GMT 2025","","test_nodes_availability","",""
"","0","test_chainId[Test for Bittensor]","tests","Wed May 14 15:07:03 GMT 2025","passed","Wed May 14 15:07:03 GMT 2025","TestChainId","test_network_parameters","",""
"","0","test_can_create_connection[Test for Ajuna, url: wss://rpc-para.ajuna.network]","tests","Wed May 14 15:08:42 GMT 2025","broken","Wed May 14 15:08:42 GMT 2025","","test_nodes_availability","",""
"","12","test_rpc_node_is_synced[Test for Polkadot, url: wss://polkadot.public.curie.radiumblock.co/ws]","tests","Wed May 14 15:06:42 GMT 2025","passed","Wed May 14 15:06:42 GMT 2025","","test_substrate_node_is_synced","",""
"","120","test_rpc_method_is_available[Test for JAMTON, url: wss://rpc.jamton.network]","tests","Wed May 14 15:09:29 GMT 2025","passed","Wed May 14 15:09:29 GMT 2025","","test_rpc_methods_availability","",""
"","103","test_rpc_method_is_available[Test for Polkadot Coretime, url: wss://rpc-coretime-polkadot.luckyfriday.io]","tests","Wed May 14 15:09:31 GMT 2025","passed","Wed May 14 15:09:31 GMT 2025","","test_rpc_methods_availability","",""
"","25","test_rpc_node_is_synced[Test for Moonbeam, url: wss://wss.api.moonbeam.network]","tests","Wed May 14 15:06:29 GMT 2025","passed","Wed May 14 15:06:29 GMT 2025","","test_substrate_node_is_synced","",""
"","230","test_rpc_node_is_synced[Test for Crust Shadow, url: wss://rpc2-shadow.crust.network/]","tests","Wed May 14 15:07:17 GMT 2025","passed","Wed May 14 15:07:18 GMT 2025","","test_substrate_node_is_synced","",""
"","0","test_can_create_connection[Test for krest, url: wss://wss-krest.peaq.network/]","tests","Wed May 14 15:09:00 GMT 2025","passed","Wed May 14 15:09:00 GMT 2025","","test_nodes_availability","",""
"","0","test_can_create_connection[Test for XX network, url: wss://rpc-hetzner.xx.network]","tests","Wed May 14 15:08:37 GMT 2025","passed","Wed May 14 15:08:37 GMT 2025","","test_nodes_availability","",""
"","0","test_rpc_method_is_available[Test for Phala, url: wss://phala.public.curie.radiumblock.co/ws]","tests","Wed May 14 15:07:50 GMT 2025","broken","Wed May 14 15:07:50 GMT 2025","","test_rpc_methods_availability","",""
"","216","test_rpc_node_is_synced[Test for Moonriver, url: wss://moonriver.public.curie.radiumblock.co/ws]","tests","Wed May 14 15:06:56 GMT 2025","passed","Wed May 14 15:06:56 GMT 2025","","test_substrate_node_is_synced","",""
"","0","test_can_create_connection[Test for GIANT, url: wss://rpc-anchor-2-mainnet-az-ue1.giantprotocol.org:443]","tests","Wed May 14 15:08:44 GMT 2025","passed","Wed May 14 15:08:44 GMT 2025","","test_nodes_availability","",""
"","0","test_can_create_connection[Test for Mythos, url: wss://polkadot-mythos-rpc.polkadot.io]","tests","Wed May 14 15:09:25 GMT 2025","passed","Wed May 14 15:09:25 GMT 2025","","test_nodes_availability","",""
"","238","test_rpc_node_is_synced[Test for XX network, url: wss://rpc-do.xx.network]","tests","Wed May 14 15:08:38 GMT 2025","passed","Wed May 14 15:08:38 GMT 2025","","test_substrate_node_is_synced","",""
"","0","test_address_prefix[Test for Nodle Parachain]","tests","Wed May 14 15:06:48 GMT 2025","passed","Wed May 14 15:06:48 GMT 2025","TestNetworkPrefix","test_network_parameters","",""
"","29","test_rpc_node_is_synced[Test for UNIQUE, url: wss://us-ws.unique.network/]","tests","Wed May 14 15:08:30 GMT 2025","passed","Wed May 14 15:08:30 GMT 2025","","test_substrate_node_is_synced","",""
"","0","test_precision[Test for Vara]","tests","Wed May 14 15:07:17 GMT 2025","passed","Wed May 14 15:07:17 GMT 2025","TestPrecision","test_network_parameters","",""
"","0","test_can_create_connection[Test for Manta Atlantic, url: wss://ws.manta.systems]","tests","Wed May 14 15:09:06 GMT 2025","passed","Wed May 14 15:09:06 GMT 2025","","test_nodes_availability","",""
"","1","test_address_prefix[Test for Encointer]","tests","Wed May 14 15:06:35 GMT 2025","passed","Wed May 14 15:06:35 GMT 2025","TestNetworkPrefix","test_network_parameters","",""
"","0","test_address_prefix[Test for Bittensor]","tests","Wed May 14 15:06:58 GMT 2025","passed","Wed May 14 15:06:58 GMT 2025","TestNetworkPrefix","test_network_parameters","",""
"","119","test_rpc_method_is_available[Test for Darwinia, url: wss://rpc.darwinia.network]","tests","Wed May 14 15:08:10 GMT 2025","passed","Wed May 14 15:08:10 GMT 2025","","test_rpc_methods_availability","",""
"","25","test_rpc_node_is_synced[Test for Enjin Matrix, url: wss://rpc.matrix.blockchain.enjin.io]","tests","Wed May 14 15:08:47 GMT 2025","passed","Wed May 14 15:08:47 GMT 2025","","test_substrate_node_is_synced","",""
"","103","test_rpc_node_is_synced[Test for Polkadot, url: wss://polkadot-rpc.dwellir.com]","tests","Wed May 14 15:06:36 GMT 2025","passed","Wed May 14 15:06:36 GMT 2025","","test_substrate_node_is_synced","",""
"","101","test_rpc_node_is_synced[Test for Kusama, url: wss://kusama.public.curie.radiumblock.co/ws]","tests","Wed May 14 15:06:44 GMT 2025","passed","Wed May 14 15:06:44 GMT 2025","","test_substrate_node_is_synced","",""
"","91","test_rpc_method_is_available[Test for Basilisk, url: wss://rpc.basilisk.cloud]","tests","Wed May 14 15:07:22 GMT 2025","passed","Wed May 14 15:07:23 GMT 2025","","test_rpc_methods_availability","",""
"","0","test_can_create_connection[Test for Shiden, url: wss://shiden-rpc.dwellir.com]","tests","Wed May 14 15:07:15 GMT 2025","passed","Wed May 14 15:07:15 GMT 2025","","test_nodes_availability","",""
"","0","test_address_prefix[Test for Darwinia]","tests","Wed May 14 15:07:06 GMT 2025","passed","Wed May 14 15:07:06 GMT 2025","TestNetworkPrefix","test_network_parameters","",""
"","77","test_rpc_method_is_available[Test for Acala, url: wss://acala-rpc.dwellir.com]","tests","Wed May 14 15:07:14 GMT 2025","passed","Wed May 14 15:07:14 GMT 2025","","test_rpc_methods_availability","",""
"","0","test_address_prefix[Test for Polkadot Asset Hub]","tests","Wed May 14 15:06:30 GMT 2025","passed","Wed May 14 15:06:30 GMT 2025","TestNetworkPrefix","test_network_parameters","",""
"","0","test_precision[Test for Manta Atlantic]","tests","Wed May 14 15:07:35 GMT 2025","passed","Wed May 14 15:07:35 GMT 2025","TestPrecision","test_network_parameters","",""
"","92","test_rpc_method_is_available[Test for QUARTZ, url: wss://us-ws-quartz.unique.network]","tests","Wed May 14 15:07:53 GMT 2025","passed","Wed May 14 15:07:53 GMT 2025","","test_rpc_methods_availability","",""
"","117","test_rpc_method_is_available[Test for Moonbeam, url: wss://moonbeam.dotters.network]","tests","Wed May 14 15:06:39 GMT 2025","passed","Wed May 14 15:06:39 GMT 2025","","test_rpc_methods_availability","",""
"","0","test_address_prefix[Test for DeepBrain]","tests","Wed May 14 15:07:37 GMT 2025","passed","Wed May 14 15:07:37 GMT 2025","TestNetworkPrefix","test_network_parameters","",""
"","8","test_has_new_assets[Test for Laos]","tests","Wed May 14 15:07:46 GMT 2025","passed","Wed May 14 15:07:46 GMT 2025","TestAssets","test_check_new_assets","",""
"","0","test_chainId[Test for JAMTON]","tests","Wed May 14 15:07:42 GMT 2025","passed","Wed May 14 15:07:42 GMT 2025","TestChainId","test_network_parameters","",""
"","7","test_rpc_node_is_synced[Test for Polkadot Asset Hub, url: wss://sys.ibp.network/asset-hub-polkadot]","tests","Wed May 14 15:07:36 GMT 2025","passed","Wed May 14 15:07:36 GMT 2025","","test_substrate_node_is_synced","",""
"","0","test_precision[Test for Energy Web X]","tests","Wed May 14 15:07:31 GMT 2025","passed","Wed May 14 15:07:31 GMT 2025","TestPrecision","test_network_parameters","",""
"","77","test_rpc_method_is_available[Test for Polkadot Coretime, url: wss://polkadot-coretime-rpc.polkadot.io]","tests","Wed May 14 15:09:32 GMT 2025","passed","Wed May 14 15:09:32 GMT 2025","","test_rpc_methods_availability","",""
"","10","test_has_new_assets[Test for Joystream]","tests","Wed May 14 15:07:29 GMT 2025","passed","Wed May 14 15:07:29 GMT 2025","TestAssets","test_check_new_assets","",""
"","0","test_chainId[Test for Tangle]","tests","Wed May 14 15:07:50 GMT 2025","passed","Wed May 14 15:07:50 GMT 2025","TestChainId","test_network_parameters","",""
"","0","test_precision[Test for Ajuna]","tests","Wed May 14 15:07:17 GMT 2025","passed","Wed May 14 15:07:17 GMT 2025","TestPrecision","test_network_parameters","",""
"","149","test_rpc_node_is_synced[Test for Hydration, url: wss://rpc-hydra.novasama-tech.org]","tests","Wed May 14 15:07:41 GMT 2025","passed","Wed May 14 15:07:41 GMT 2025","","test_substrate_node_is_synced","",""
"","97","test_rpc_node_is_synced[Test for Kusama Bridge Hub, url: wss://ksm-rpc.stakeworld.io/bridgehub]","tests","Wed May 14 15:08:38 GMT 2025","passed","Wed May 14 15:08:38 GMT 2025","","test_substrate_node_is_synced","",""
"","0","test_can_create_connection[Test for Kusama Asset Hub, url: wss://sys.ibp.network/statemine]","tests","Wed May 14 15:07:02 GMT 2025","passed","Wed May 14 15:07:02 GMT 2025","","test_nodes_availability","",""
"","174","test_rpc_node_is_synced[Test for Kusama, url: wss://rpc-kusama-1.novasama-tech.org]","tests","Wed May 14 15:06:54 GMT 2025","passed","Wed May 14 15:06:54 GMT 2025","","test_substrate_node_is_synced","",""
"","0","test_can_create_connection[Test for UNIQUE, url: wss://unique.ibp.network]","tests","Wed May 14 15:08:51 GMT 2025","passed","Wed May 14 15:08:51 GMT 2025","","test_nodes_availability","",""
"","0","test_address_prefix[Test for Westend (TESTNET)]","tests","Wed May 14 15:06:34 GMT 2025","passed","Wed May 14 15:06:34 GMT 2025","TestNetworkPrefix","test_network_parameters","",""
"","0","test_can_create_connection[Test for Shiden, url: wss://shiden.public.curie.radiumblock.co/ws]","tests","Wed May 14 15:07:25 GMT 2025","passed","Wed May 14 15:07:25 GMT 2025","","test_nodes_availability","",""
"","10","test_rpc_node_is_synced[Test for Centrifuge Parachain, url: wss://rpc-centrifuge.luckyfriday.io]","tests","Wed May 14 15:07:35 GMT 2025","passed","Wed May 14 15:07:35 GMT 2025","","test_substrate_node_is_synced","",""
"","109","test_rpc_node_is_synced[Test for Kintsugi, url: wss://api-kusama.interlay.io/parachain]","tests","Wed May 14 15:07:03 GMT 2025","passed","Wed May 14 15:07:03 GMT 2025","","test_substrate_node_is_synced","",""
"","69","test_rpc_method_is_available[Test for Bifrost Polkadot, url: wss://bifrost-polkadot.dotters.network]","tests","Wed May 14 15:08:07 GMT 2025","passed","Wed May 14 15:08:07 GMT 2025","","test_rpc_methods_availability","",""
"","0","test_precision[Test for DENTNet]","tests","Wed May 14 15:07:46 GMT 2025","passed","Wed May 14 15:07:46 GMT 2025","TestPrecision","test_network_parameters","",""
"","72","test_rpc_method_is_available[Test for Enjin Relay, url: wss://enjin-relay-rpc.dwellir.com]","tests","Wed May 14 15:09:07 GMT 2025","passed","Wed May 14 15:09:07 GMT 2025","","test_rpc_methods_availability","",""
"","6","test_rpc_node_is_synced[Test for Kusama Asset Hub, url: wss://sys.ibp.network/statemine]","tests","Wed May 14 15:07:03 GMT 2025","passed","Wed May 14 15:07:03 GMT 2025","","test_substrate_node_is_synced","",""
"","10","test_has_new_assets[Test for KILT]","tests","Wed May 14 15:06:42 GMT 2025","passed","Wed May 14 15:06:42 GMT 2025","TestAssets","test_check_new_assets","",""
"","95","test_rpc_method_is_available[Test for Hydration, url: wss://rpc.hydradx.cloud]","tests","Wed May 14 15:07:52 GMT 2025","passed","Wed May 14 15:07:52 GMT 2025","","test_rpc_methods_availability","",""
"","0","test_chainId[Test for Polkadot Asset Hub]","tests","Wed May 14 15:06:33 GMT 2025","passed","Wed May 14 15:06:33 GMT 2025","TestChainId","test_network_parameters","",""
"","107","test_rpc_method_is_available[Test for Shiden, url: wss://rpc.shiden.astar.network]","tests","Wed May 14 15:06:56 GMT 2025","passed","Wed May 14 15:06:56 GMT 2025","","test_rpc_methods_availability","",""
"","75","test_rpc_method_is_available[Test for Aventus, url: wss://public-rpc.mainnet.aventus.io]","tests","Wed May 14 15:08:15 GMT 2025","passed","Wed May 14 15:08:15 GMT 2025","","test_rpc_methods_availability","",""
"","0","test_chainId[Test for Kusama Bridge Hub]","tests","Wed May 14 15:07:08 GMT 2025","passed","Wed May 14 15:07:08 GMT 2025","TestChainId","test_network_parameters","",""
"","97","test_rpc_method_is_available[Test for Encointer, url: wss://encointer-kusama.dotters.network]","tests","Wed May 14 15:07:53 GMT 2025","passed","Wed May 14 15:07:53 GMT 2025","","test_rpc_methods_availability","",""
"","118","test_rpc_node_is_synced[Test for Kusama People, url: wss://ksm-rpc.stakeworld.io/people]","tests","Wed May 14 15:06:40 GMT 2025","passed","Wed May 14 15:06:40 GMT 2025","","test_substrate_node_is_synced","",""
"","120","test_rpc_method_is_available[Test for Ajuna, url: wss://ajuna.dotters.network]","tests","Wed May 14 15:08:36 GMT 2025","passed","Wed May 14 15:08:36 GMT 2025","","test_rpc_methods_availability","",""
"","0","test_can_create_connection[Test for Polkadot Coretime, url: wss://sys.ibp.network/coretime-polkadot]","tests","Wed May 14 15:09:42 GMT 2025","passed","Wed May 14 15:09:42 GMT 2025","","test_nodes_availability","",""
