"DESCRIPTION","DURATION IN MS","NAME","PARENT SUITE","START TIME","STATUS","STOP TIME","SUB SUITE","SUITE","TEST CLASS","TEST METHOD"
"","0","test_can_create_connection[Test for DAO IPCI, url: wss://ipci.rpc.robonomics.network]","tests","Sun May 03 15:20:14 UTC 2026","passed","Sun May 03 15:20:14 UTC 2026","","test_nodes_availability","",""
"","90","test_rpc_node_is_synced[Test for Encointer, url: wss://api.kusama.encointer.org]","tests","Sun May 03 15:18:25 UTC 2026","passed","Sun May 03 15:18:25 UTC 2026","","test_substrate_node_is_synced","",""
"","142","test_rpc_method_is_available[Test for Polkadot Collectives, url: wss://dot-rpc.stakeworld.io/collectives]","tests","Sun May 03 15:20:59 UTC 2026","passed","Sun May 03 15:20:59 UTC 2026","","test_rpc_methods_availability","",""
"","106","test_rpc_method_is_available[Test for Polkadot Relay, url: wss://1rpc.io/dot]","tests","Sun May 03 15:18:09 UTC 2026","passed","Sun May 03 15:18:09 UTC 2026","","test_rpc_methods_availability","",""
"","81","test_rpc_node_is_synced[Test for Crust Polkadot Parachain, url: wss://crust-parachain.crustapps.net]","tests","Sun May 03 15:20:26 UTC 2026","passed","Sun May 03 15:20:26 UTC 2026","","test_substrate_node_is_synced","",""
"","12","test_has_new_assets[Test for Moonbeam]","tests","Sun May 03 15:17:45 UTC 2026","passed","Sun May 03 15:17:45 UTC 2026","TestAssets","test_check_new_assets","",""
"","0","test_precision[Test for Vara]","tests","Sun May 03 15:18:38 UTC 2026","passed","Sun May 03 15:18:38 UTC 2026","TestPrecision","test_network_parameters","",""
"","0","test_chainId[Test for Heima]","tests","Sun May 03 15:18:15 UTC 2026","passed","Sun May 03 15:18:15 UTC 2026","TestChainId","test_network_parameters","",""
"","7","test_has_new_assets[Test for Acurast Canary]","tests","Sun May 03 15:18:58 UTC 2026","passed","Sun May 03 15:18:58 UTC 2026","TestAssets","test_check_new_assets","",""
"","101","test_rpc_method_is_available[Test for Robonomics, url: wss://kusama.rpc.robonomics.network/]","tests","Sun May 03 15:19:21 UTC 2026","passed","Sun May 03 15:19:21 UTC 2026","","test_rpc_methods_availability","",""
"","101","test_rpc_method_is_available[Test for Kusama Coretime, url: wss://ksm-rpc.stakeworld.io/coretime]","tests","Sun May 03 15:22:02 UTC 2026","passed","Sun May 03 15:22:02 UTC 2026","","test_rpc_methods_availability","",""
"","0","test_can_create_connection[Test for Aleph Zero, url: wss://ws.azero.dev]","tests","Sun May 03 15:20:06 UTC 2026","passed","Sun May 03 15:20:06 UTC 2026","","test_nodes_availability","",""
"","104","test_rpc_method_is_available[Test for Heima, url: wss://heima-rpc.n.dwellir.com]","tests","Sun May 03 15:20:03 UTC 2026","passed","Sun May 03 15:20:03 UTC 2026","","test_rpc_methods_availability","",""
"","0","test_precision[Test for peaq]","tests","Sun May 03 15:19:20 UTC 2026","passed","Sun May 03 15:19:20 UTC 2026","TestPrecision","test_network_parameters","",""
"","1","test_address_prefix[Test for Polkadot Asset Hub]","tests","Sun May 03 15:17:51 UTC 2026","passed","Sun May 03 15:17:51 UTC 2026","TestNetworkPrefix","test_network_parameters","",""
"","8","test_has_new_assets[Test for Crust Polkadot Parachain]","tests","Sun May 03 15:18:33 UTC 2026","passed","Sun May 03 15:18:33 UTC 2026","TestAssets","test_check_new_assets","",""
"","148","test_rpc_node_is_synced[Test for XX network, url: wss://rpc-hetzner.xx.network]","tests","Sun May 03 15:20:35 UTC 2026","passed","Sun May 03 15:20:35 UTC 2026","","test_substrate_node_is_synced","",""
"","10","test_rpc_node_is_synced[Test for Polkadot Collectives, url: wss://collectives-polkadot.dotters.network]","tests","Sun May 03 15:21:04 UTC 2026","passed","Sun May 03 15:21:04 UTC 2026","","test_substrate_node_is_synced","",""
"","105","test_rpc_method_is_available[Test for Polkadex, url: wss://so.polkadex.ee]","tests","Sun May 03 15:20:14 UTC 2026","passed","Sun May 03 15:20:14 UTC 2026","","test_rpc_methods_availability","",""
"","114","test_rpc_node_is_synced[Test for Interlay, url: wss://api.interlay.io/parachain]","tests","Sun May 03 15:18:40 UTC 2026","passed","Sun May 03 15:18:40 UTC 2026","","test_substrate_node_is_synced","",""
"","0","test_precision[Test for Pendulum]","tests","Sun May 03 15:18:34 UTC 2026","passed","Sun May 03 15:18:34 UTC 2026","TestPrecision","test_network_parameters","",""
"","6","test_rpc_node_is_synced[Test for Bittensor, url: wss://entrypoint-finney.opentensor.ai:443]","tests","Sun May 03 15:20:42 UTC 2026","passed","Sun May 03 15:20:42 UTC 2026","","test_substrate_node_is_synced","",""
"","1","test_can_create_connection[Test for Kusama Coretime, url: wss://coretime-kusama.dotters.network]","tests","Sun May 03 15:21:57 UTC 2026","passed","Sun May 03 15:21:57 UTC 2026","","test_nodes_availability","",""
"","0","test_can_create_connection[Test for Hydration, url: wss://hydration.ibp.network]","tests","Sun May 03 15:19:14 UTC 2026","passed","Sun May 03 15:19:14 UTC 2026","","test_nodes_availability","",""
"","10","test_has_new_assets[Test for Kreivo]","tests","Sun May 03 15:19:10 UTC 2026","passed","Sun May 03 15:19:10 UTC 2026","TestAssets","test_check_new_assets","",""
"","170","test_rpc_node_is_synced[Test for Polkadot Relay, url: wss://rpc-polkadot-1.novasama-tech.org]","tests","Sun May 03 15:17:39 UTC 2026","passed","Sun May 03 15:17:39 UTC 2026","","test_substrate_node_is_synced","",""
"","0","test_precision[Test for Acurast]","tests","Sun May 03 15:19:46 UTC 2026","passed","Sun May 03 15:19:46 UTC 2026","TestPrecision","test_network_parameters","",""
"","106","test_rpc_method_is_available[Test for Mythos, url: wss://mythos-rpc.dmarket.com]","tests","Sun May 03 15:21:16 UTC 2026","passed","Sun May 03 15:21:16 UTC 2026","","test_rpc_methods_availability","",""
"","0","test_rpc_node_is_synced[Test for Ajuna, url: wss://ajuna.ibp.network]","tests","Sun May 03 15:20:51 UTC 2026","broken","Sun May 03 15:20:51 UTC 2026","","test_substrate_node_is_synced","",""
"","108","test_rpc_node_is_synced[Test for Kusama Relay, url: wss://kusama.public.curie.radiumblock.co/ws]","tests","Sun May 03 15:18:08 UTC 2026","passed","Sun May 03 15:18:08 UTC 2026","","test_substrate_node_is_synced","",""
"","98","test_rpc_node_is_synced[Test for Kusama Coretime, url: wss://ksm-rpc.stakeworld.io/coretime]","tests","Sun May 03 15:22:01 UTC 2026","passed","Sun May 03 15:22:01 UTC 2026","","test_substrate_node_is_synced","",""
"","0","test_can_create_connection[Test for Kusama Relay, url: wss://1rpc.io/ksm]","tests","Sun May 03 15:18:03 UTC 2026","passed","Sun May 03 15:18:03 UTC 2026","","test_nodes_availability","",""
"","1","test_can_create_connection[Test for Kusama Relay, url: wss://rpc-kusama.luckyfriday.io]","tests","Sun May 03 15:17:56 UTC 2026","passed","Sun May 03 15:17:56 UTC 2026","","test_nodes_availability","",""
"","0","test_address_prefix[Test for Polkadot Relay]","tests","Sun May 03 15:17:32 UTC 2026","passed","Sun May 03 15:17:32 UTC 2026","TestNetworkPrefix","test_network_parameters","",""
"","0","test_address_prefix[Test for Robonomics]","tests","Sun May 03 15:17:54 UTC 2026","passed","Sun May 03 15:17:54 UTC 2026","TestNetworkPrefix","test_network_parameters","",""
"","0","test_precision[Test for Polymesh]","tests","Sun May 03 15:18:13 UTC 2026","passed","Sun May 03 15:18:13 UTC 2026","TestPrecision","test_network_parameters","",""
"","78","test_rpc_node_is_synced[Test for Avail, url: wss://mainnet.avail-rpc.com/]","tests","Sun May 03 15:21:25 UTC 2026","passed","Sun May 03 15:21:25 UTC 2026","","test_substrate_node_is_synced","",""
"","1","test_chainId[Test for Energy Web X]","tests","Sun May 03 15:18:54 UTC 2026","passed","Sun May 03 15:18:54 UTC 2026","TestChainId","test_network_parameters","",""
"","0","test_can_create_connection[Test for Darwinia, url: wss://rpc.darwinia.network]","tests","Sun May 03 15:21:22 UTC 2026","passed","Sun May 03 15:21:22 UTC 2026","","test_nodes_availability","",""
"","141","test_rpc_node_is_synced[Test for Karura, url: wss://karura-rpc-3.aca-api.network/ws]","tests","Sun May 03 15:17:51 UTC 2026","passed","Sun May 03 15:17:51 UTC 2026","","test_substrate_node_is_synced","",""
"","0","test_chainId[Test for Kintsugi]","tests","Sun May 03 15:17:59 UTC 2026","passed","Sun May 03 15:17:59 UTC 2026","TestChainId","test_network_parameters","",""
"","13","test_has_new_assets[Test for krest]","tests","Sun May 03 15:18:46 UTC 2026","passed","Sun May 03 15:18:46 UTC 2026","TestAssets","test_check_new_assets","",""
"","1","test_can_create_connection[Test for Polkadot People, url: wss://sys.ibp.network/people-polkadot]","tests","Sun May 03 15:17:45 UTC 2026","passed","Sun May 03 15:17:45 UTC 2026","","test_nodes_availability","",""
"","0","test_address_prefix[Test for Moonriver]","tests","Sun May 03 15:17:30 UTC 2026","passed","Sun May 03 15:17:30 UTC 2026","TestNetworkPrefix","test_network_parameters","",""
"","0","test_address_prefix[Test for NeuroWeb]","tests","Sun May 03 15:17:59 UTC 2026","passed","Sun May 03 15:17:59 UTC 2026","TestNetworkPrefix","test_network_parameters","",""
"","166","test_rpc_method_is_available[Test for Polkadot Relay, url: wss://rpc-polkadot-2.novasama-tech.org]","tests","Sun May 03 15:17:45 UTC 2026","passed","Sun May 03 15:17:46 UTC 2026","","test_rpc_methods_availability","",""
"","0","test_address_prefix[Test for JAMTON]","tests","Sun May 03 15:19:19 UTC 2026","passed","Sun May 03 15:19:19 UTC 2026","TestNetworkPrefix","test_network_parameters","",""
"","0","test_can_create_connection[Test for Kusama Coretime, url: wss://kusama-coretime-rpc.polkadot.io]","tests","Sun May 03 15:22:01 UTC 2026","passed","Sun May 03 15:22:01 UTC 2026","","test_nodes_availability","",""
"","0","test_address_prefix[Test for CC Enterprise]","tests","Sun May 03 15:19:11 UTC 2026","passed","Sun May 03 15:19:11 UTC 2026","TestNetworkPrefix","test_network_parameters","",""
"","29","test_rpc_node_is_synced[Test for Moonbeam, url: wss://wss.api.moonbeam.network]","tests","Sun May 03 15:17:59 UTC 2026","passed","Sun May 03 15:17:59 UTC 2026","","test_substrate_node_is_synced","",""
"","0","test_address_prefix[Test for XX network]","tests","Sun May 03 15:18:19 UTC 2026","passed","Sun May 03 15:18:19 UTC 2026","TestNetworkPrefix","test_network_parameters","",""
"","0","test_can_create_connection[Test for Shiden, url: wss://rpc.shiden.astar.network]","tests","Sun May 03 15:19:21 UTC 2026","passed","Sun May 03 15:19:21 UTC 2026","","test_nodes_availability","",""
"","1","test_can_create_connection[Test for Polkadot Relay, url: wss://rpc.ibp.network/polkadot]","tests","Sun May 03 15:17:48 UTC 2026","passed","Sun May 03 15:17:48 UTC 2026","","test_nodes_availability","",""
"","0","test_address_prefix[Test for Polkadot Collectives]","tests","Sun May 03 15:18:35 UTC 2026","passed","Sun May 03 15:18:35 UTC 2026","TestNetworkPrefix","test_network_parameters","",""
"","102","test_rpc_method_is_available[Test for Energy Web X, url: wss://public-rpc.mainnet.energywebx.com/]","tests","Sun May 03 15:21:10 UTC 2026","passed","Sun May 03 15:21:10 UTC 2026","","test_rpc_methods_availability","",""
"","0","test_can_create_connection[Test for Polkadot Coretime, url: wss://rpc-coretime-polkadot.luckyfriday.io]","tests","Sun May 03 15:21:49 UTC 2026","passed","Sun May 03 15:21:49 UTC 2026","","test_nodes_availability","",""
"","107","test_rpc_node_is_synced[Test for Heima, url: wss://rpc.litentry-parachain.litentry.io]","tests","Sun May 03 15:19:59 UTC 2026","passed","Sun May 03 15:20:00 UTC 2026","","test_substrate_node_is_synced","",""
"","1","test_address_prefix[Test for Polkadot Bridge Hub]","tests","Sun May 03 15:18:34 UTC 2026","passed","Sun May 03 15:18:34 UTC 2026","TestNetworkPrefix","test_network_parameters","",""
"","98","test_rpc_method_is_available[Test for Zeitgeist, url: wss://zeitgeist.api.onfinality.io/public-ws]","tests","Sun May 03 15:18:32 UTC 2026","passed","Sun May 03 15:18:32 UTC 2026","","test_rpc_methods_availability","",""
"","0","test_can_create_connection[Test for Karura, url: wss://karura-rpc-2.aca-api.network/ws]","tests","Sun May 03 15:17:45 UTC 2026","passed","Sun May 03 15:17:45 UTC 2026","","test_nodes_availability","",""
"","0","test_address_prefix[Test for Nodle Parachain]","tests","Sun May 03 15:18:16 UTC 2026","broken","Sun May 03 15:18:16 UTC 2026","TestNetworkPrefix","test_network_parameters","",""
"","0","test_chainId[Test for Hydration]","tests","Sun May 03 15:17:55 UTC 2026","passed","Sun May 03 15:17:55 UTC 2026","TestChainId","test_network_parameters","",""
"","0","test_chainId[Test for Hyperbridge Nexus]","tests","Sun May 03 15:19:46 UTC 2026","broken","Sun May 03 15:19:46 UTC 2026","TestChainId","test_network_parameters","",""
"","100","test_rpc_method_is_available[Test for Cere, url: wss://rpc.mainnet.cere.network/ws]","tests","Sun May 03 15:22:18 UTC 2026","passed","Sun May 03 15:22:18 UTC 2026","","test_rpc_methods_availability","",""
"","9","test_has_new_assets[Test for NeuroWeb]","tests","Sun May 03 15:18:02 UTC 2026","passed","Sun May 03 15:18:02 UTC 2026","TestAssets","test_check_new_assets","",""
"","0","test_can_create_connection[Test for Polkadex, url: wss://so.polkadex.ee]","tests","Sun May 03 15:20:11 UTC 2026","passed","Sun May 03 15:20:11 UTC 2026","","test_nodes_availability","",""
"","0","test_chainId[Test for Astar]","tests","Sun May 03 15:17:52 UTC 2026","passed","Sun May 03 15:17:52 UTC 2026","TestChainId","test_network_parameters","",""
"","1","test_chainId[Test for Mythos]","tests","Sun May 03 15:19:06 UTC 2026","passed","Sun May 03 15:19:06 UTC 2026","TestChainId","test_network_parameters","",""
"","1","test_chainId[Test for Moonbeam]","tests","Sun May 03 15:17:38 UTC 2026","passed","Sun May 03 15:17:38 UTC 2026","TestChainId","test_network_parameters","",""
"","104","test_rpc_node_is_synced[Test for Heima, url: wss://heima-rpc.n.dwellir.com]","tests","Sun May 03 15:20:05 UTC 2026","passed","Sun May 03 15:20:05 UTC 2026","","test_substrate_node_is_synced","",""
"","13","test_has_new_assets[Test for Kusama Bridge Hub]","tests","Sun May 03 15:18:38 UTC 2026","passed","Sun May 03 15:18:38 UTC 2026","TestAssets","test_check_new_assets","",""
"","0","test_address_prefix[Test for Westend (TESTNET)]","tests","Sun May 03 15:17:42 UTC 2026","passed","Sun May 03 15:17:42 UTC 2026","TestNetworkPrefix","test_network_parameters","",""
"","1","test_precision[Test for Kintsugi]","tests","Sun May 03 15:18:22 UTC 2026","passed","Sun May 03 15:18:22 UTC 2026","TestPrecision","test_network_parameters","",""
"","0","test_can_create_connection[Test for Polkadot Coretime, url: wss://coretime-polkadot.dotters.network]","tests","Sun May 03 15:21:59 UTC 2026","passed","Sun May 03 15:21:59 UTC 2026","","test_nodes_availability","",""
"","103","test_rpc_node_is_synced[Test for Shiden, url: wss://shiden-rpc.n.dwellir.com]","tests","Sun May 03 15:19:45 UTC 2026","passed","Sun May 03 15:19:45 UTC 2026","","test_substrate_node_is_synced","",""
"","94","test_rpc_method_is_available[Test for Enjin Relay, url: wss://rpc.relay.blockchain.enjin.io]","tests","Sun May 03 15:21:09 UTC 2026","passed","Sun May 03 15:21:09 UTC 2026","","test_rpc_methods_availability","",""
"","1","test_address_prefix[Test for Darwinia]","tests","Sun May 03 15:18:22 UTC 2026","passed","Sun May 03 15:18:22 UTC 2026","TestNetworkPrefix","test_network_parameters","",""
"","112","test_rpc_node_is_synced[Test for UNIQUE, url: wss://asia-ws.unique.network/]","tests","Sun May 03 15:20:19 UTC 2026","passed","Sun May 03 15:20:19 UTC 2026","","test_substrate_node_is_synced","",""
"","99","test_rpc_method_is_available[Test for Hydration, url: wss://hydration.ibp.network]","tests","Sun May 03 15:19:13 UTC 2026","passed","Sun May 03 15:19:14 UTC 2026","","test_rpc_methods_availability","",""
"","141","test_rpc_method_is_available[Test for Westend (TESTNET), url: wss://westend-rpc.polkadot.io]","tests","Sun May 03 15:18:12 UTC 2026","passed","Sun May 03 15:18:13 UTC 2026","","test_rpc_methods_availability","",""
"","138","test_rpc_method_is_available[Test for Kusama Relay, url: wss://apps-kusama-rpc.polkadot.io]","tests","Sun May 03 15:17:52 UTC 2026","passed","Sun May 03 15:17:52 UTC 2026","","test_rpc_methods_availability","",""
"","0","test_chainId[Test for Tangle]","tests","Sun May 03 15:19:41 UTC 2026","broken","Sun May 03 15:19:41 UTC 2026","TestChainId","test_network_parameters","",""
"","105","test_rpc_node_is_synced[Test for Darwinia, url: wss://rpc.darwinia.network]","tests","Sun May 03 15:21:22 UTC 2026","passed","Sun May 03 15:21:22 UTC 2026","","test_substrate_node_is_synced","",""
"","0","test_chainId[Test for Polkadot Coretime]","tests","Sun May 03 15:19:45 UTC 2026","passed","Sun May 03 15:19:45 UTC 2026","TestChainId","test_network_parameters","",""
"","0","test_precision[Test for Hydration]","tests","Sun May 03 15:17:59 UTC 2026","passed","Sun May 03 15:17:59 UTC 2026","TestPrecision","test_network_parameters","",""
"","1","test_chainId[Test for Polkadot People]","tests","Sun May 03 15:17:29 UTC 2026","passed","Sun May 03 15:17:29 UTC 2026","TestChainId","test_network_parameters","",""
"","0","test_address_prefix[Test for Centrifuge Parachain]","tests","Sun May 03 15:17:54 UTC 2026","passed","Sun May 03 15:17:54 UTC 2026","TestNetworkPrefix","test_network_parameters","",""
"","0","test_rpc_method_is_available[Test for XX network, url: wss://rpc.xx.network]","tests","Sun May 03 15:20:25 UTC 2026","broken","Sun May 03 15:20:25 UTC 2026","","test_rpc_methods_availability","",""
"","104","test_rpc_node_is_synced[Test for Karura, url: wss://karura-rpc.n.dwellir.com]","tests","Sun May 03 15:17:56 UTC 2026","passed","Sun May 03 15:17:56 UTC 2026","","test_substrate_node_is_synced","",""
"","102","test_rpc_method_is_available[Test for Acala, url: wss://acala-rpc-1.aca-api.network]","tests","Sun May 03 15:20:38 UTC 2026","passed","Sun May 03 15:20:38 UTC 2026","","test_rpc_methods_availability","",""
"","1","test_can_create_connection[Test for Encointer, url: wss://sys.ibp.network/encointer-kusama]","tests","Sun May 03 15:19:26 UTC 2026","passed","Sun May 03 15:19:26 UTC 2026","","test_nodes_availability","",""
"","0","test_can_create_connection[Test for Polymesh, url: wss://mainnet-rpc.polymesh.network]","tests","Sun May 03 15:20:11 UTC 2026","passed","Sun May 03 15:20:11 UTC 2026","","test_nodes_availability","",""
"","72","test_rpc_node_is_synced[Test for CC Enterprise, url: wss://mainnet.creditcoin.network/ws]","tests","Sun May 03 15:21:39 UTC 2026","passed","Sun May 03 15:21:39 UTC 2026","","test_substrate_node_is_synced","",""
"","0","test_rpc_method_is_available[Test for 3DPass, url: wss://rpc.3dpass.org]","tests","Sun May 03 15:21:11 UTC 2026","broken","Sun May 03 15:21:11 UTC 2026","","test_rpc_methods_availability","",""
"","1","test_address_prefix[Test for Cere]","tests","Sun May 03 15:19:00 UTC 2026","passed","Sun May 03 15:19:00 UTC 2026","TestNetworkPrefix","test_network_parameters","",""
"","0","test_address_prefix[Test for Bifrost Kusama]","tests","Sun May 03 15:17:43 UTC 2026","passed","Sun May 03 15:17:43 UTC 2026","TestNetworkPrefix","test_network_parameters","",""
"","11","test_has_new_assets[Test for XX network]","tests","Sun May 03 15:18:25 UTC 2026","passed","Sun May 03 15:18:25 UTC 2026","TestAssets","test_check_new_assets","",""
"","0","test_address_prefix[Test for Bittensor]","tests","Sun May 03 15:18:17 UTC 2026","passed","Sun May 03 15:18:17 UTC 2026","TestNetworkPrefix","test_network_parameters","",""
"","107","test_rpc_method_is_available[Test for Ternoa, url: wss://mainnet.ternoa.network]","tests","Sun May 03 15:20:04 UTC 2026","passed","Sun May 03 15:20:04 UTC 2026","","test_rpc_methods_availability","",""
"","0","test_can_create_connection[Test for Nodle Parachain, url: wss://nodle-parachain.api.onfinality.io/public-ws]","tests","Sun May 03 15:18:53 UTC 2026","broken","Sun May 03 15:18:53 UTC 2026","","test_nodes_availability","",""
"","1","test_chainId[Test for Moonriver]","tests","Sun May 03 15:17:28 UTC 2026","passed","Sun May 03 15:17:28 UTC 2026","TestChainId","test_network_parameters","",""
"","6","test_rpc_node_is_synced[Test for Kusama Relay, url: wss://rpc.ibp.network/kusama]","tests","Sun May 03 15:17:42 UTC 2026","passed","Sun May 03 15:17:42 UTC 2026","","test_substrate_node_is_synced","",""
"","0","test_rpc_method_is_available[Test for Bifrost Polkadot, url: wss://bifrost-polkadot.ibp.network]","tests","Sun May 03 15:19:28 UTC 2026","broken","Sun May 03 15:19:28 UTC 2026","","test_rpc_methods_availability","",""
"","0","test_rpc_node_is_synced[Test for Tangle, url: wss://rpc.tangle.tools]","tests","Sun May 03 15:21:56 UTC 2026","broken","Sun May 03 15:21:56 UTC 2026","","test_substrate_node_is_synced","",""
"","102","test_rpc_method_is_available[Test for Acala, url: wss://acala-rpc-2.aca-api.network/ws]","tests","Sun May 03 15:18:22 UTC 2026","passed","Sun May 03 15:18:23 UTC 2026","","test_rpc_methods_availability","",""
"","100","test_rpc_method_is_available[Test for Bifrost Kusama, url: wss://us.bifrost-rpc.liebi.com/ws]","tests","Sun May 03 15:19:44 UTC 2026","passed","Sun May 03 15:19:44 UTC 2026","","test_rpc_methods_availability","",""
"","0","test_address_prefix[Test for Enjin Relay]","tests","Sun May 03 15:18:51 UTC 2026","passed","Sun May 03 15:18:51 UTC 2026","TestNetworkPrefix","test_network_parameters","",""
"","1","test_can_create_connection[Test for Polkadot Relay, url: wss://dot-rpc.stakeworld.io]","tests","Sun May 03 15:18:00 UTC 2026","passed","Sun May 03 15:18:00 UTC 2026","","test_nodes_availability","",""
"","151","test_rpc_node_is_synced[Test for Bittensor, url: wss://bittensor-finney.api.onfinality.io/public-ws]","tests","Sun May 03 15:20:40 UTC 2026","passed","Sun May 03 15:20:40 UTC 2026","","test_substrate_node_is_synced","",""
"","145","test_rpc_method_is_available[Test for Polkadot Relay, url: wss://rpc.ibp.network/polkadot]","tests","Sun May 03 15:17:49 UTC 2026","passed","Sun May 03 15:17:49 UTC 2026","","test_rpc_methods_availability","",""
"","1","test_chainId[Test for Kreivo]","tests","Sun May 03 15:19:12 UTC 2026","passed","Sun May 03 15:19:12 UTC 2026","TestChainId","test_network_parameters","",""
"","0","test_can_create_connection[Test for peaq, url: wss://peaq-rpc.publicnode.com]","tests","Sun May 03 15:21:46 UTC 2026","passed","Sun May 03 15:21:46 UTC 2026","","test_nodes_availability","",""
"","100","test_rpc_method_is_available[Test for Centrifuge Parachain, url: wss://fullnode.centrifuge.io]","tests","Sun May 03 15:18:53 UTC 2026","passed","Sun May 03 15:18:53 UTC 2026","","test_rpc_methods_availability","",""
"","102","test_rpc_method_is_available[Test for Encointer, url: wss://sys.ibp.network/encointer-kusama]","tests","Sun May 03 15:19:23 UTC 2026","passed","Sun May 03 15:19:23 UTC 2026","","test_rpc_methods_availability","",""
"","6","test_rpc_node_is_synced[Test for Polkadot Collectives, url: wss://sys.ibp.network/collectives-polkadot]","tests","Sun May 03 15:21:02 UTC 2026","passed","Sun May 03 15:21:02 UTC 2026","","test_substrate_node_is_synced","",""
"","1","test_precision[Test for JAMTON]","tests","Sun May 03 15:19:26 UTC 2026","passed","Sun May 03 15:19:26 UTC 2026","TestPrecision","test_network_parameters","",""
"","0","test_can_create_connection[Test for DeepBrain, url: wss://info.dbcwallet.io]","tests","Sun May 03 15:21:43 UTC 2026","broken","Sun May 03 15:21:43 UTC 2026","","test_nodes_availability","",""
"","11","test_has_new_assets[Test for CC Enterprise]","tests","Sun May 03 15:19:14 UTC 2026","passed","Sun May 03 15:19:14 UTC 2026","TestAssets","test_check_new_assets","",""
"","0","test_can_create_connection[Test for Ajuna, url: wss://ajuna.dotters.network]","tests","Sun May 03 15:21:02 UTC 2026","broken","Sun May 03 15:21:02 UTC 2026","","test_nodes_availability","",""
"","8","test_has_new_assets[Test for DAO IPCI]","tests","Sun May 03 15:18:15 UTC 2026","passed","Sun May 03 15:18:15 UTC 2026","TestAssets","test_check_new_assets","",""
"","1","test_precision[Test for Zeitgeist]","tests","Sun May 03 15:18:25 UTC 2026","passed","Sun May 03 15:18:25 UTC 2026","TestPrecision","test_network_parameters","",""
"","0","test_rpc_node_is_synced[Test for Bifrost Polkadot, url: wss://bifrost-polkadot.dotters.network]","tests","Sun May 03 15:19:40 UTC 2026","broken","Sun May 03 15:19:40 UTC 2026","","test_substrate_node_is_synced","",""
"","7","test_rpc_node_is_synced[Test for Kusama Relay, url: wss://kusama.dotters.network]","tests","Sun May 03 15:17:46 UTC 2026","passed","Sun May 03 15:17:46 UTC 2026","","test_substrate_node_is_synced","",""
"","12","test_has_new_assets[Test for Centrifuge Parachain]","tests","Sun May 03 15:17:54 UTC 2026","passed","Sun May 03 15:17:54 UTC 2026","TestAssets","test_check_new_assets","",""
"","1","test_can_create_connection[Test for Karura, url: wss://karura-rpc.n.dwellir.com]","tests","Sun May 03 15:17:55 UTC 2026","passed","Sun May 03 15:17:55 UTC 2026","","test_nodes_availability","",""
"","7","test_rpc_node_is_synced[Test for Interlay, url: wss://rpc-interlay.luckyfriday.io/]","tests","Sun May 03 15:18:42 UTC 2026","passed","Sun May 03 15:18:42 UTC 2026","","test_substrate_node_is_synced","",""
"","100","test_rpc_method_is_available[Test for Humanode, url: wss://explorer-rpc-ws.mainnet.stages.humanode.io]","tests","Sun May 03 15:21:32 UTC 2026","passed","Sun May 03 15:21:32 UTC 2026","","test_rpc_methods_availability","",""
"","1","test_address_prefix[Test for Kusama Asset Hub]","tests","Sun May 03 15:17:49 UTC 2026","passed","Sun May 03 15:17:49 UTC 2026","TestNetworkPrefix","test_network_parameters","",""
"","101","test_rpc_method_is_available[Test for Polkadot Asset Hub, url: wss://asset-hub-polkadot.dotters.network]","tests","Sun May 03 15:19:18 UTC 2026","passed","Sun May 03 15:19:18 UTC 2026","","test_rpc_methods_availability","",""
"","0","test_can_create_connection[Test for Polkadot Bridge Hub, url: wss://dot-rpc.stakeworld.io/bridgehub]","tests","Sun May 03 15:20:51 UTC 2026","passed","Sun May 03 15:20:51 UTC 2026","","test_nodes_availability","",""
"","0","test_can_create_connection[Test for Kusama Bridge Hub, url: wss://bridge-hub-kusama.dotters.network]","tests","Sun May 03 15:20:46 UTC 2026","passed","Sun May 03 15:20:46 UTC 2026","","test_nodes_availability","",""
"","7","test_has_new_assets[Test for Heima]","tests","Sun May 03 15:18:15 UTC 2026","passed","Sun May 03 15:18:15 UTC 2026","TestAssets","test_check_new_assets","",""
"","95","test_rpc_node_is_synced[Test for Vara, url: wss://rpc.vara-network.io]","tests","Sun May 03 15:20:51 UTC 2026","passed","Sun May 03 15:20:51 UTC 2026","","test_substrate_node_is_synced","",""
"","97","test_has_new_assets[Test for Polkadot People]","tests","Sun May 03 15:17:33 UTC 2026","passed","Sun May 03 15:17:33 UTC 2026","TestAssets","test_check_new_assets","",""
"","0","test_chainId[Test for Kusama Asset Hub]","tests","Sun May 03 15:17:44 UTC 2026","passed","Sun May 03 15:17:44 UTC 2026","TestChainId","test_network_parameters","",""
"","7","test_has_new_assets[Test for Encointer]","tests","Sun May 03 15:17:57 UTC 2026","passed","Sun May 03 15:17:57 UTC 2026","TestAssets","test_check_new_assets","",""
"","0","test_address_prefix[Test for DeepBrain]","tests","Sun May 03 15:19:23 UTC 2026","broken","Sun May 03 15:19:23 UTC 2026","TestNetworkPrefix","test_network_parameters","",""
"","0","test_rpc_node_is_synced[Test for Bifrost Polkadot, url: wss://bifrost-polkadot.ibp.network]","tests","Sun May 03 15:19:29 UTC 2026","broken","Sun May 03 15:19:29 UTC 2026","","test_substrate_node_is_synced","",""
"","0","test_precision[Test for Crust Polkadot Parachain]","tests","Sun May 03 15:18:36 UTC 2026","passed","Sun May 03 15:18:36 UTC 2026","TestPrecision","test_network_parameters","",""
"","0","test_can_create_connection[Test for Bifrost Polkadot, url: wss://bifrost-polkadot.ibp.network]","tests","Sun May 03 15:19:29 UTC 2026","broken","Sun May 03 15:19:29 UTC 2026","","test_nodes_availability","",""
"","0","test_chainId[Test for Pendulum]","tests","Sun May 03 15:18:41 UTC 2026","passed","Sun May 03 15:18:41 UTC 2026","TestChainId","test_network_parameters","",""
"","102","test_rpc_node_is_synced[Test for Acala, url: wss://acala-rpc.n.dwellir.com]","tests","Sun May 03 15:18:47 UTC 2026","passed","Sun May 03 15:18:47 UTC 2026","","test_substrate_node_is_synced","",""
"","1","test_chainId[Test for Avail]","tests","Sun May 03 15:19:38 UTC 2026","passed","Sun May 03 15:19:38 UTC 2026","TestChainId","test_network_parameters","",""
"","118","test_rpc_method_is_available[Test for Bifrost Kusama, url: wss://bifrost-rpc.liebi.com/ws]","tests","Sun May 03 15:19:39 UTC 2026","passed","Sun May 03 15:19:40 UTC 2026","","test_rpc_methods_availability","",""
"","0","test_rpc_node_is_synced[Test for Curio, url: wss://parachain.curioinvest.com/]","tests","Sun May 03 15:21:15 UTC 2026","broken","Sun May 03 15:21:15 UTC 2026","","test_substrate_node_is_synced","",""
"","0","test_can_create_connection[Test for 3DPass, url: wss://rpc.p3d.top]","tests","Sun May 03 15:21:17 UTC 2026","passed","Sun May 03 15:21:17 UTC 2026","","test_nodes_availability","",""
"","0","test_can_create_connection[Test for GIANT, url: wss://rpc-anchor-1-mainnet-az-ue1.giantprotocol.org:443]","tests","Sun May 03 15:20:50 UTC 2026","passed","Sun May 03 15:20:50 UTC 2026","","test_nodes_availability","",""
"","0","test_precision[Test for Creditcoin]","tests","Sun May 03 15:19:41 UTC 2026","passed","Sun May 03 15:19:41 UTC 2026","TestPrecision","test_network_parameters","",""
"","0","test_address_prefix[Test for Moonbeam]","tests","Sun May 03 15:17:44 UTC 2026","passed","Sun May 03 15:17:44 UTC 2026","TestNetworkPrefix","test_network_parameters","",""
"","0","test_can_create_connection[Test for Hydration, url: wss://rpc.hydradx.cloud]","tests","Sun May 03 15:19:10 UTC 2026","passed","Sun May 03 15:19:10 UTC 2026","","test_nodes_availability","",""
"","0","test_chainId[Test for Enjin Relay]","tests","Sun May 03 15:19:01 UTC 2026","passed","Sun May 03 15:19:01 UTC 2026","TestChainId","test_network_parameters","",""
"","242","test_rpc_node_is_synced[Test for Hydration, url: wss://rpc.hydradx.cloud]","tests","Sun May 03 15:19:11 UTC 2026","passed","Sun May 03 15:19:11 UTC 2026","","test_substrate_node_is_synced","",""
"","1","test_precision[Test for Crust Shadow]","tests","Sun May 03 15:18:32 UTC 2026","passed","Sun May 03 15:18:32 UTC 2026","TestPrecision","test_network_parameters","",""
"","7","test_has_new_assets[Test for Cere]","tests","Sun May 03 15:19:05 UTC 2026","passed","Sun May 03 15:19:05 UTC 2026","TestAssets","test_check_new_assets","",""
"","6","test_rpc_node_is_synced[Test for Polkadot Coretime, url: wss://coretime-polkadot.dotters.network]","tests","Sun May 03 15:21:58 UTC 2026","passed","Sun May 03 15:21:58 UTC 2026","","test_substrate_node_is_synced","",""
"","11","test_has_new_assets[Test for Creditcoin]","tests","Sun May 03 15:19:15 UTC 2026","passed","Sun May 03 15:19:15 UTC 2026","TestAssets","test_check_new_assets","",""
"","50","test_has_new_assets[Test for Kintsugi]","tests","Sun May 03 15:18:03 UTC 2026","passed","Sun May 03 15:18:03 UTC 2026","TestAssets","test_check_new_assets","",""
"","1","test_can_create_connection[Test for Polkadot People, url: wss://people-polkadot.dotters.network]","tests","Sun May 03 15:17:47 UTC 2026","passed","Sun May 03 15:17:47 UTC 2026","","test_nodes_availability","",""
"","0","test_address_prefix[Test for Zeitgeist]","tests","Sun May 03 15:18:07 UTC 2026","passed","Sun May 03 15:18:07 UTC 2026","TestNetworkPrefix","test_network_parameters","",""
"","0","test_chainId[Test for DENTNet]","tests","Sun May 03 15:20:08 UTC 2026","passed","Sun May 03 15:20:08 UTC 2026","TestChainId","test_network_parameters","",""
"","81","test_rpc_node_is_synced[Test for Cere, url: wss://rpc.mainnet.cere.network/ws]","tests","Sun May 03 15:22:19 UTC 2026","passed","Sun May 03 15:22:20 UTC 2026","","test_substrate_node_is_synced","",""
"","0","test_precision[Test for Encointer]","tests","Sun May 03 15:18:16 UTC 2026","passed","Sun May 03 15:18:16 UTC 2026","TestPrecision","test_network_parameters","",""
"","0","test_precision[Test for Moonbeam]","tests","Sun May 03 15:17:43 UTC 2026","passed","Sun May 03 15:17:43 UTC 2026","TestPrecision","test_network_parameters","",""
"","142","test_rpc_method_is_available[Test for Polkadot People, url: wss://people-polkadot.public.curie.radiumblock.co/ws]","tests","Sun May 03 15:17:52 UTC 2026","passed","Sun May 03 15:17:52 UTC 2026","","test_rpc_methods_availability","",""
"","72","test_rpc_node_is_synced[Test for Aventus, url: wss://public-rpc.mainnet.aventus.io]","tests","Sun May 03 15:20:33 UTC 2026","passed","Sun May 03 15:20:33 UTC 2026","","test_substrate_node_is_synced","",""
"","0","test_chainId[Test for UNIQUE]","tests","Sun May 03 15:18:19 UTC 2026","passed","Sun May 03 15:18:19 UTC 2026","TestChainId","test_network_parameters","",""
"","7","test_has_new_assets[Test for Laos]","tests","Sun May 03 15:19:23 UTC 2026","passed","Sun May 03 15:19:23 UTC 2026","TestAssets","test_check_new_assets","",""
"","1","test_chainId[Test for Enjin Matrix]","tests","Sun May 03 15:18:54 UTC 2026","passed","Sun May 03 15:18:54 UTC 2026","TestChainId","test_network_parameters","",""
"","0","test_can_create_connection[Test for Moonbeam, url: wss://moonbeam.ibp.network]","tests","Sun May 03 15:18:09 UTC 2026","broken","Sun May 03 15:18:09 UTC 2026","","test_nodes_availability","",""
"","0","test_can_create_connection[Test for Hyperbridge Nexus, url: wss://nexus.ibp.network]","tests","Sun May 03 15:21:19 UTC 2026","broken","Sun May 03 15:21:19 UTC 2026","","test_nodes_availability","",""
"","0","test_address_prefix[Test for Kusama Coretime]","tests","Sun May 03 15:19:37 UTC 2026","passed","Sun May 03 15:19:37 UTC 2026","TestNetworkPrefix","test_network_parameters","",""
"","0","test_can_create_connection[Test for Polkadot Relay, url: wss://polkadot.dotters.network]","tests","Sun May 03 15:17:52 UTC 2026","passed","Sun May 03 15:17:52 UTC 2026","","test_nodes_availability","",""
"","278","test_rpc_node_is_synced[Test for Shiden, url: wss://rpc.shiden.astar.network]","tests","Sun May 03 15:19:40 UTC 2026","passed","Sun May 03 15:19:41 UTC 2026","","test_substrate_node_is_synced","",""
"","108","test_rpc_node_is_synced[Test for Kusama People, url: wss://kusama-people-rpc.polkadot.io]","tests","Sun May 03 15:17:57 UTC 2026","passed","Sun May 03 15:17:57 UTC 2026","","test_substrate_node_is_synced","",""
"","1","test_chainId[Test for Bifrost Kusama]","tests","Sun May 03 15:18:02 UTC 2026","passed","Sun May 03 15:18:02 UTC 2026","TestChainId","test_network_parameters","",""
"","10","test_has_new_assets[Test for Mythos]","tests","Sun May 03 15:18:54 UTC 2026","passed","Sun May 03 15:18:54 UTC 2026","TestAssets","test_check_new_assets","",""
"","0","test_address_prefix[Test for Heima]","tests","Sun May 03 15:18:12 UTC 2026","passed","Sun May 03 15:18:12 UTC 2026","TestNetworkPrefix","test_network_parameters","",""
"","0","test_can_create_connection[Test for krest, url: wss://krest.api.onfinality.io/public-ws']","tests","Sun May 03 15:21:02 UTC 2026","passed","Sun May 03 15:21:02 UTC 2026","","test_nodes_availability","",""
"","108","test_rpc_method_is_available[Test for Crust Shadow, url: wss://rpc2-shadow.crust.network/]","tests","Sun May 03 15:18:43 UTC 2026","passed","Sun May 03 15:18:43 UTC 2026","","test_rpc_methods_availability","",""
"","0","test_can_create_connection[Test for Robonomics, url: wss://kusama.rpc.robonomics.network/]","tests","Sun May 03 15:19:23 UTC 2026","passed","Sun May 03 15:19:23 UTC 2026","","test_nodes_availability","",""
"","104","test_rpc_method_is_available[Test for JAMTON, url: wss://rpc.jamton.network]","tests","Sun May 03 15:21:50 UTC 2026","passed","Sun May 03 15:21:50 UTC 2026","","test_rpc_methods_availability","",""
"","279","test_rpc_node_is_synced[Test for Acala, url: wss://acala-rpc-1.aca-api.network]","tests","Sun May 03 15:20:58 UTC 2026","passed","Sun May 03 15:20:58 UTC 2026","","test_substrate_node_is_synced","",""
"","0","test_address_prefix[Test for Astar]","tests","Sun May 03 15:17:51 UTC 2026","passed","Sun May 03 15:17:51 UTC 2026","TestNetworkPrefix","test_network_parameters","",""
"","10","test_has_new_assets[Test for Basilisk]","tests","Sun May 03 15:17:52 UTC 2026","passed","Sun May 03 15:17:52 UTC 2026","TestAssets","test_check_new_assets","",""
"","0","test_can_create_connection[Test for Hydration, url: wss://hydration.dotters.network]","tests","Sun May 03 15:19:18 UTC 2026","passed","Sun May 03 15:19:18 UTC 2026","","test_nodes_availability","",""
"","1","test_can_create_connection[Test for Karura, url: wss://karura-rpc-1.aca-api.network]","tests","Sun May 03 15:17:40 UTC 2026","passed","Sun May 03 15:17:40 UTC 2026","","test_nodes_availability","",""
"","0","test_rpc_method_is_available[Test for Kusama People, url: wss://sys.ibp.network/people-kusama]","tests","Sun May 03 15:18:07 UTC 2026","broken","Sun May 03 15:18:07 UTC 2026","","test_rpc_methods_availability","",""
"","163","test_rpc_method_is_available[Test for Acala, url: wss://acala-rpc-0.aca-api.network]","tests","Sun May 03 15:20:35 UTC 2026","passed","Sun May 03 15:20:36 UTC 2026","","test_rpc_methods_availability","",""
"","100","test_rpc_method_is_available[Test for Bittensor, url: wss://bittensor-finney.api.onfinality.io/public-ws]","tests","Sun May 03 15:20:39 UTC 2026","passed","Sun May 03 15:20:39 UTC 2026","","test_rpc_methods_availability","",""
"","7","test_has_new_assets[Test for Energy Web X]","tests","Sun May 03 15:18:47 UTC 2026","passed","Sun May 03 15:18:47 UTC 2026","TestAssets","test_check_new_assets","",""
"","0","test_address_prefix[Test for Tangle]","tests","Sun May 03 15:19:29 UTC 2026","broken","Sun May 03 15:19:29 UTC 2026","TestNetworkPrefix","test_network_parameters","",""
"","0","test_rpc_method_is_available[Test for Curio, url: wss://parachain.curioinvest.com/]","tests","Sun May 03 15:21:12 UTC 2026","broken","Sun May 03 15:21:12 UTC 2026","","test_rpc_methods_availability","",""
"","105","test_rpc_method_is_available[Test for Altair, url: wss://altair.api.onfinality.io/public-ws]","tests","Sun May 03 15:19:57 UTC 2026","passed","Sun May 03 15:19:57 UTC 2026","","test_rpc_methods_availability","",""
"","7","test_rpc_node_is_synced[Test for Polkadot Relay, url: wss://rpc-polkadot.luckyfriday.io]","tests","Sun May 03 15:18:12 UTC 2026","passed","Sun May 03 15:18:12 UTC 2026","","test_substrate_node_is_synced","",""
"","92","test_rpc_node_is_synced[Test for Basilisk, url: wss://rpc.basilisk.cloud]","tests","Sun May 03 15:20:11 UTC 2026","passed","Sun May 03 15:20:11 UTC 2026","","test_substrate_node_is_synced","",""
"","0","test_rpc_method_is_available[Test for Moonbeam, url: wss://moonbeam.dotters.network]","tests","Sun May 03 15:18:22 UTC 2026","broken","Sun May 03 15:18:22 UTC 2026","","test_rpc_methods_availability","",""
"","13","test_rpc_node_is_synced[Test for Kusama Coretime, url: wss://rpc-coretime-kusama.luckyfriday.io]","tests","Sun May 03 15:21:57 UTC 2026","passed","Sun May 03 15:21:57 UTC 2026","","test_substrate_node_is_synced","",""
"","75","test_rpc_node_is_synced[Test for Aleph Zero, url: wss://ws.azero.dev]","tests","Sun May 03 15:20:08 UTC 2026","passed","Sun May 03 15:20:08 UTC 2026","","test_substrate_node_is_synced","",""
"","100","test_rpc_method_is_available[Test for Acurast, url: wss://public-archive.mainnet.acurast.com]","tests","Sun May 03 15:22:06 UTC 2026","passed","Sun May 03 15:22:06 UTC 2026","","test_rpc_methods_availability","",""
"","0","test_rpc_method_is_available[Test for DeepBrain, url: wss://info.dbcwallet.io]","tests","Sun May 03 15:21:45 UTC 2026","broken","Sun May 03 15:21:45 UTC 2026","","test_rpc_methods_availability","",""
"","7","test_rpc_node_is_synced[Test for Polkadot People, url: wss://sys.ibp.network/people-polkadot]","tests","Sun May 03 15:17:45 UTC 2026","passed","Sun May 03 15:17:45 UTC 2026","","test_substrate_node_is_synced","",""
"","6","test_rpc_node_is_synced[Test for Polkadot Asset Hub, url: wss://sys.ibp.network/asset-hub-polkadot]","tests","Sun May 03 15:19:14 UTC 2026","passed","Sun May 03 15:19:14 UTC 2026","","test_substrate_node_is_synced","",""
"","6","test_rpc_node_is_synced[Test for Encointer, url: wss://encointer-kusama.dotters.network]","tests","Sun May 03 15:19:25 UTC 2026","passed","Sun May 03 15:19:25 UTC 2026","","test_substrate_node_is_synced","",""
"","10","test_has_new_assets[Test for peaq]","tests","Sun May 03 15:19:18 UTC 2026","passed","Sun May 03 15:19:18 UTC 2026","TestAssets","test_check_new_assets","",""
"","0","test_precision[Test for Robonomics]","tests","Sun May 03 15:18:12 UTC 2026","passed","Sun May 03 15:18:12 UTC 2026","TestPrecision","test_network_parameters","",""
"","0","test_chainId[Test for Centrifuge Parachain]","tests","Sun May 03 15:17:49 UTC 2026","passed","Sun May 03 15:17:49 UTC 2026","TestChainId","test_network_parameters","",""
"","100","test_rpc_method_is_available[Test for Aleph Zero, url: wss://ws.azero.dev]","tests","Sun May 03 15:20:09 UTC 2026","passed","Sun May 03 15:20:09 UTC 2026","","test_rpc_methods_availability","",""
"","0","test_rpc_method_is_available[Test for QUARTZ, url: wss://us-ws-quartz.unique.network]","tests","Sun May 03 15:20:31 UTC 2026","broken","Sun May 03 15:20:31 UTC 2026","","test_rpc_methods_availability","",""
"","546","test_rpc_node_work_fast[Test for Ethereum, url: https://1rpc.io/eth]","tests","Sun May 03 15:17:28 UTC 2026","passed","Sun May 03 15:17:28 UTC 2026","TestETHNodesAvailability","test_eth_nodes_availability","",""
"","0","test_chainId[Test for Zeitgeist]","tests","Sun May 03 15:18:02 UTC 2026","passed","Sun May 03 15:18:02 UTC 2026","TestChainId","test_network_parameters","",""
"","0","test_can_create_connection[Test for Kusama Asset Hub, url: wss://asset-hub-kusama.dotters.network]","tests","Sun May 03 15:17:38 UTC 2026","passed","Sun May 03 15:17:38 UTC 2026","","test_nodes_availability","",""
"","9","test_rpc_node_is_synced[Test for Bittensor, url: wss://lite.sub.latent.to:443]","tests","Sun May 03 15:20:37 UTC 2026","passed","Sun May 03 15:20:37 UTC 2026","","test_substrate_node_is_synced","",""
"","0","test_can_create_connection[Test for Kusama Coretime, url: wss://ksm-rpc.stakeworld.io/coretime]","tests","Sun May 03 15:22:04 UTC 2026","passed","Sun May 03 15:22:04 UTC 2026","","test_nodes_availability","",""
"","186","test_rpc_method_is_available[Test for Kusama Relay, url: wss://rpc-kusama-2.novasama-tech.org]","tests","Sun May 03 15:17:38 UTC 2026","passed","Sun May 03 15:17:38 UTC 2026","","test_rpc_methods_availability","",""
"","114","test_rpc_node_is_synced[Test for Kusama Coretime, url: wss://kusama-coretime-rpc.polkadot.io]","tests","Sun May 03 15:21:59 UTC 2026","passed","Sun May 03 15:21:59 UTC 2026","","test_substrate_node_is_synced","",""
"","7","test_rpc_node_is_synced[Test for Hydration, url: wss://hydration.ibp.network]","tests","Sun May 03 15:19:15 UTC 2026","passed","Sun May 03 15:19:15 UTC 2026","","test_substrate_node_is_synced","",""
"","1","test_address_prefix[Test for Kusama People]","tests","Sun May 03 15:17:36 UTC 2026","passed","Sun May 03 15:17:36 UTC 2026","TestNetworkPrefix","test_network_parameters","",""
"","1","test_can_create_connection[Test for Energy Web X, url: wss://public-rpc.mainnet.energywebx.com/]","tests","Sun May 03 15:21:08 UTC 2026","passed","Sun May 03 15:21:08 UTC 2026","","test_nodes_availability","",""
"","0","test_can_create_connection[Test for Bifrost Polkadot, url: wss://bifrost-polkadot.dotters.network]","tests","Sun May 03 15:19:40 UTC 2026","broken","Sun May 03 15:19:40 UTC 2026","","test_nodes_availability","",""
"","41","test_rpc_node_is_synced[Test for Shiden, url: wss://shiden.public.curie.radiumblock.co/ws]","tests","Sun May 03 15:19:48 UTC 2026","passed","Sun May 03 15:19:48 UTC 2026","","test_substrate_node_is_synced","",""
"","6","test_rpc_node_is_synced[Test for Kusama Asset Hub, url: wss://sys.ibp.network/statemine]","tests","Sun May 03 15:18:21 UTC 2026","passed","Sun May 03 15:18:21 UTC 2026","","test_substrate_node_is_synced","",""
"","439","test_rpc_node_is_synced[Test for Karura, url: wss://karura-rpc-1.aca-api.network]","tests","Sun May 03 15:17:42 UTC 2026","passed","Sun May 03 15:17:43 UTC 2026","","test_substrate_node_is_synced","",""
"","6","test_rpc_node_is_synced[Test for Polkadot People, url: wss://people-polkadot.dotters.network]","tests","Sun May 03 15:17:47 UTC 2026","passed","Sun May 03 15:17:47 UTC 2026","","test_substrate_node_is_synced","",""
"","102","test_rpc_method_is_available[Test for Polkadot Asset Hub, url: wss://rpc-assethub.novasama-tech.org]","tests","Sun May 03 15:19:05 UTC 2026","passed","Sun May 03 15:19:05 UTC 2026","","test_rpc_methods_availability","",""
"","0","test_address_prefix[Test for peaq]","tests","Sun May 03 15:19:16 UTC 2026","passed","Sun May 03 15:19:16 UTC 2026","TestNetworkPrefix","test_network_parameters","",""
"","0","test_precision[Test for Polkadot Relay]","tests","Sun May 03 15:17:33 UTC 2026","passed","Sun May 03 15:17:33 UTC 2026","TestPrecision","test_network_parameters","",""
"","0","test_can_create_connection[Test for NeuroWeb, url: wss://parachain-rpc.origin-trail.network]","tests","Sun May 03 15:20:27 UTC 2026","passed","Sun May 03 15:20:27 UTC 2026","","test_nodes_availability","",""
"","17","test_rpc_node_is_synced[Test for Polkadot Relay, url: wss://polkadot.public.curie.radiumblock.co/ws]","tests","Sun May 03 15:18:04 UTC 2026","passed","Sun May 03 15:18:04 UTC 2026","","test_substrate_node_is_synced","",""
"","19","test_rpc_node_is_synced[Test for Polkadot Coretime, url: wss://rpc-coretime-polkadot.luckyfriday.io]","tests","Sun May 03 15:21:50 UTC 2026","passed","Sun May 03 15:21:50 UTC 2026","","test_substrate_node_is_synced","",""
"","0","test_can_create_connection[Test for Pendulum, url: wss://rpc-pendulum.prd.pendulumchain.tech]","tests","Sun May 03 15:20:22 UTC 2026","passed","Sun May 03 15:20:22 UTC 2026","","test_nodes_availability","",""
"","0","test_precision[Test for Polkadot Bridge Hub]","tests","Sun May 03 15:18:45 UTC 2026","passed","Sun May 03 15:18:45 UTC 2026","TestPrecision","test_network_parameters","",""
"","0","test_chainId[Test for Phala]","tests","Sun May 03 15:18:52 UTC 2026","broken","Sun May 03 15:18:52 UTC 2026","TestChainId","test_network_parameters","",""
"","1","test_address_prefix[Test for 3DPass]","tests","Sun May 03 15:18:26 UTC 2026","passed","Sun May 03 15:18:26 UTC 2026","TestNetworkPrefix","test_network_parameters","",""
"","0","test_precision[Test for Moonriver]","tests","Sun May 03 15:17:32 UTC 2026","passed","Sun May 03 15:17:32 UTC 2026","TestPrecision","test_network_parameters","",""
"","0","test_address_prefix[Test for Tanssi]","tests","Sun May 03 15:19:28 UTC 2026","passed","Sun May 03 15:19:28 UTC 2026","TestNetworkPrefix","test_network_parameters","",""
"","99","test_rpc_method_is_available[Test for Kintsugi, url: wss://api-kusama.interlay.io/parachain]","tests","Sun May 03 15:18:29 UTC 2026","passed","Sun May 03 15:18:29 UTC 2026","","test_rpc_methods_availability","",""
"","0","test_precision[Test for Amplitude]","tests","Sun May 03 15:18:05 UTC 2026","broken","Sun May 03 15:18:05 UTC 2026","TestPrecision","test_network_parameters","",""
"","0","test_address_prefix[Test for Karura]","tests","Sun May 03 15:17:38 UTC 2026","passed","Sun May 03 15:17:38 UTC 2026","TestNetworkPrefix","test_network_parameters","",""
"","94","test_rpc_method_is_available[Test for Pendulum, url: wss://rpc-pendulum.prd.pendulumchain.tech]","tests","Sun May 03 15:20:21 UTC 2026","passed","Sun May 03 15:20:21 UTC 2026","","test_rpc_methods_availability","",""
"","1","test_precision[Test for Ternoa]","tests","Sun May 03 15:18:09 UTC 2026","passed","Sun May 03 15:18:09 UTC 2026","TestPrecision","test_network_parameters","",""
"","1","test_chainId[Test for Bifrost Polkadot]","tests","Sun May 03 15:18:10 UTC 2026","passed","Sun May 03 15:18:10 UTC 2026","TestChainId","test_network_parameters","",""
"","1","test_can_create_connection[Test for Moonbeam, url: wss://wss.api.moonbeam.network]","tests","Sun May 03 15:17:58 UTC 2026","passed","Sun May 03 15:17:58 UTC 2026","","test_nodes_availability","",""
"","0","test_address_prefix[Test for GIANT]","tests","Sun May 03 15:18:33 UTC 2026","passed","Sun May 03 15:18:33 UTC 2026","TestNetworkPrefix","test_network_parameters","",""
"","174","test_rpc_method_is_available[Test for DENTNet, url: wss://rpc.dentnet.io/ws]","tests","Sun May 03 15:21:45 UTC 2026","passed","Sun May 03 15:21:45 UTC 2026","","test_rpc_methods_availability","",""
"","0","test_precision[Test for 3DPass]","tests","Sun May 03 15:18:34 UTC 2026","passed","Sun May 03 15:18:34 UTC 2026","TestPrecision","test_network_parameters","",""
"","101","test_rpc_method_is_available[Test for CC Enterprise, url: wss://mainnet.creditcoin.network/ws]","tests","Sun May 03 15:21:27 UTC 2026","passed","Sun May 03 15:21:27 UTC 2026","","test_rpc_methods_availability","",""
"","93","test_rpc_method_is_available[Test for peaq, url: wss://peaq-rpc.publicnode.com]","tests","Sun May 03 15:21:47 UTC 2026","passed","Sun May 03 15:21:47 UTC 2026","","test_rpc_methods_availability","",""
"","0","test_address_prefix[Test for Enjin Matrix]","tests","Sun May 03 15:18:41 UTC 2026","passed","Sun May 03 15:18:41 UTC 2026","TestNetworkPrefix","test_network_parameters","",""
"","129","test_rpc_method_is_available[Test for Darwinia, url: wss://rpc.darwinia.network]","tests","Sun May 03 15:21:19 UTC 2026","passed","Sun May 03 15:21:19 UTC 2026","","test_rpc_methods_availability","",""
"","1","test_address_prefix[Test for Avail]","tests","Sun May 03 15:19:50 UTC 2026","passed","Sun May 03 15:19:50 UTC 2026","TestNetworkPrefix","test_network_parameters","",""
"","1","test_can_create_connection[Test for Bittensor, url: wss://lite.sub.latent.to:443]","tests","Sun May 03 15:20:37 UTC 2026","passed","Sun May 03 15:20:37 UTC 2026","","test_nodes_availability","",""
"","11","test_has_new_assets[Test for JAMTON]","tests","Sun May 03 15:19:35 UTC 2026","passed","Sun May 03 15:19:35 UTC 2026","TestAssets","test_check_new_assets","",""
"","0","test_address_prefix[Test for DENTNet]","tests","Sun May 03 15:19:06 UTC 2026","passed","Sun May 03 15:19:06 UTC 2026","TestNetworkPrefix","test_network_parameters","",""
"","99","test_rpc_node_is_synced[Test for Kusama Relay, url: wss://apps-kusama-rpc.polkadot.io]","tests","Sun May 03 15:17:52 UTC 2026","passed","Sun May 03 15:17:52 UTC 2026","","test_substrate_node_is_synced","",""
"","0","test_rpc_node_is_synced[Test for Hyperbridge Nexus, url: wss://nexus.dotters.network]","tests","Sun May 03 15:21:44 UTC 2026","broken","Sun May 03 15:21:44 UTC 2026","","test_substrate_node_is_synced","",""
"","0","test_rpc_method_is_available[Test for UNIQUE, url: wss://unique.dotters.network]","tests","Sun May 03 15:19:48 UTC 2026","broken","Sun May 03 15:19:48 UTC 2026","","test_rpc_methods_availability","",""
"","10","test_has_new_assets[Test for Polymesh]","tests","Sun May 03 15:18:11 UTC 2026","passed","Sun May 03 15:18:11 UTC 2026","TestAssets","test_check_new_assets","",""
"","45","test_rpc_node_is_synced[Test for Phala, url: wss://phala.public.curie.radiumblock.co/ws]","tests","Sun May 03 15:20:05 UTC 2026","passed","Sun May 03 15:20:05 UTC 2026","","test_substrate_node_is_synced","",""
"","0","test_precision[Test for Kusama Relay]","tests","Sun May 03 15:17:38 UTC 2026","passed","Sun May 03 15:17:38 UTC 2026","TestPrecision","test_network_parameters","",""
"","0","test_address_prefix[Test for DAO IPCI]","tests","Sun May 03 15:18:15 UTC 2026","passed","Sun May 03 15:18:15 UTC 2026","TestNetworkPrefix","test_network_parameters","",""
"","0","test_can_create_connection[Test for CC Enterprise, url: wss://mainnet.creditcoin.network/ws]","tests","Sun May 03 15:21:57 UTC 2026","passed","Sun May 03 15:21:57 UTC 2026","","test_nodes_availability","",""
"","11","test_has_new_assets[Test for Aleph Zero]","tests","Sun May 03 15:19:16 UTC 2026","passed","Sun May 03 15:19:16 UTC 2026","TestAssets","test_check_new_assets","",""
"","99","test_rpc_method_is_available[Test for Interlay, url: wss://rpc-interlay.luckyfriday.io/]","tests","Sun May 03 15:18:44 UTC 2026","passed","Sun May 03 15:18:44 UTC 2026","","test_rpc_methods_availability","",""
"","0","test_rpc_node_is_synced[Test for Moonbeam, url: wss://moonbeam.ibp.network]","tests","Sun May 03 15:18:09 UTC 2026","broken","Sun May 03 15:18:09 UTC 2026","","test_substrate_node_is_synced","",""
"","1","test_precision[Test for Centrifuge Parachain]","tests","Sun May 03 15:17:52 UTC 2026","passed","Sun May 03 15:17:52 UTC 2026","TestPrecision","test_network_parameters","",""
"","113","test_rpc_method_is_available[Test for NeuroWeb, url: wss://parachain-rpc.origin-trail.network]","tests","Sun May 03 15:20:30 UTC 2026","passed","Sun May 03 15:20:30 UTC 2026","","test_rpc_methods_availability","",""
"","0","test_precision[Test for XX network]","tests","Sun May 03 15:18:29 UTC 2026","passed","Sun May 03 15:18:29 UTC 2026","TestPrecision","test_network_parameters","",""
"","0","test_address_prefix[Test for Crab]","tests","Sun May 03 15:18:33 UTC 2026","broken","Sun May 03 15:18:33 UTC 2026","TestNetworkPrefix","test_network_parameters","",""
"","13","test_has_new_assets[Test for 3DPass]","tests","Sun May 03 15:18:27 UTC 2026","passed","Sun May 03 15:18:27 UTC 2026","TestAssets","test_check_new_assets","",""
"","103","test_rpc_node_is_synced[Test for Basilisk, url: wss://basilisk-rpc.n.dwellir.com]","tests","Sun May 03 15:20:06 UTC 2026","passed","Sun May 03 15:20:06 UTC 2026","","test_substrate_node_is_synced","",""
"","0","test_chainId[Test for JAMTON]","tests","Sun May 03 15:19:29 UTC 2026","passed","Sun May 03 15:19:29 UTC 2026","TestChainId","test_network_parameters","",""
"","0","test_chainId[Test for Interlay]","tests","Sun May 03 15:18:00 UTC 2026","passed","Sun May 03 15:18:00 UTC 2026","TestChainId","test_network_parameters","",""
"","0","test_can_create_connection[Test for Heima, url: wss://rpc.litentry-parachain.litentry.io]","tests","Sun May 03 15:19:59 UTC 2026","passed","Sun May 03 15:19:59 UTC 2026","","test_nodes_availability","",""
"","0","test_can_create_connection[Test for Phala, url: wss://phala-rpc.n.dwellir.com]","tests","Sun May 03 15:19:05 UTC 2026","broken","Sun May 03 15:19:05 UTC 2026","","test_nodes_availability","",""
"","8","test_rpc_node_is_synced[Test for Polkadot People, url: wss://rpc-people-polkadot.luckyfriday.io]","tests","Sun May 03 15:17:50 UTC 2026","passed","Sun May 03 15:17:50 UTC 2026","","test_substrate_node_is_synced","",""
"","0","test_rpc_method_is_available[Test for Hyperbridge Nexus, url: wss://hyperbridge-nexus-rpc.blockops.network]","tests","Sun May 03 15:21:59 UTC 2026","broken","Sun May 03 15:21:59 UTC 2026","","test_rpc_methods_availability","",""
"","1","test_address_prefix[Test for Energy Web X]","tests","Sun May 03 15:18:48 UTC 2026","passed","Sun May 03 15:18:48 UTC 2026","TestNetworkPrefix","test_network_parameters","",""
"","1","test_precision[Test for Bittensor]","tests","Sun May 03 15:18:24 UTC 2026","passed","Sun May 03 15:18:24 UTC 2026","TestPrecision","test_network_parameters","",""
"","1","test_can_create_connection[Test for Polkadot People, url: wss://people-polkadot.public.curie.radiumblock.co/ws]","tests","Sun May 03 15:17:53 UTC 2026","passed","Sun May 03 15:17:53 UTC 2026","","test_nodes_availability","",""
"","1","test_precision[Test for Westend (TESTNET)]","tests","Sun May 03 15:17:43 UTC 2026","passed","Sun May 03 15:17:43 UTC 2026","TestPrecision","test_network_parameters","",""
"","0","test_rpc_node_is_synced[Test for Kusama People, url: wss://sys.ibp.network/people-kusama]","tests","Sun May 03 15:18:08 UTC 2026","broken","Sun May 03 15:18:08 UTC 2026","","test_substrate_node_is_synced","",""
"","0","test_rpc_node_is_synced[Test for Phala, url: wss://phala-rpc.n.dwellir.com]","tests","Sun May 03 15:19:04 UTC 2026","broken","Sun May 03 15:19:04 UTC 2026","","test_substrate_node_is_synced","",""
"","18","test_rpc_node_is_synced[Test for Polkadot Collectives, url: wss://collectives.public.curie.radiumblock.co/ws]","tests","Sun May 03 15:20:56 UTC 2026","passed","Sun May 03 15:20:56 UTC 2026","","test_substrate_node_is_synced","",""
"","0","test_chainId[Test for Kusama Bridge Hub]","tests","Sun May 03 15:18:47 UTC 2026","passed","Sun May 03 15:18:47 UTC 2026","TestChainId","test_network_parameters","",""
"","0","test_can_create_connection[Test for QUARTZ, url: wss://quartz.unique.network]","tests","Sun May 03 15:20:09 UTC 2026","broken","Sun May 03 15:20:09 UTC 2026","","test_nodes_availability","",""
"","94","test_rpc_node_is_synced[Test for Humanode, url: wss://explorer-rpc-ws.mainnet.stages.humanode.io]","tests","Sun May 03 15:21:36 UTC 2026","passed","Sun May 03 15:21:36 UTC 2026","","test_substrate_node_is_synced","",""
"","93","test_rpc_node_is_synced[Test for Astar, url: wss://rpc.astar.network]","tests","Sun May 03 15:18:51 UTC 2026","passed","Sun May 03 15:18:51 UTC 2026","","test_substrate_node_is_synced","",""
"","102","test_rpc_method_is_available[Test for Polkadot Relay, url: wss://polkadot.public.curie.radiumblock.co/ws]","tests","Sun May 03 15:18:04 UTC 2026","passed","Sun May 03 15:18:04 UTC 2026","","test_rpc_methods_availability","",""
"","1","test_can_create_connection[Test for Acala, url: wss://acala-rpc-3.aca-api.network/ws]","tests","Sun May 03 15:18:25 UTC 2026","passed","Sun May 03 15:18:25 UTC 2026","","test_nodes_availability","",""
"","1","test_can_create_connection[Test for Ternoa, url: wss://mainnet.ternoa.network]","tests","Sun May 03 15:20:07 UTC 2026","passed","Sun May 03 15:20:07 UTC 2026","","test_nodes_availability","",""
"","1","test_can_create_connection[Test for Westend (TESTNET), url: wss://westend.public.curie.radiumblock.co/ws]","tests","Sun May 03 15:18:18 UTC 2026","passed","Sun May 03 15:18:18 UTC 2026","","test_nodes_availability","",""
"","0","test_can_create_connection[Test for Kusama Bridge Hub, url: wss://sys.ibp.network/bridgehub-kusama]","tests","Sun May 03 15:20:54 UTC 2026","passed","Sun May 03 15:20:54 UTC 2026","","test_nodes_availability","",""
"","0","test_can_create_connection[Test for Kusama Relay, url: wss://kusama.public.curie.radiumblock.co/ws]","tests","Sun May 03 15:18:07 UTC 2026","passed","Sun May 03 15:18:07 UTC 2026","","test_nodes_availability","",""
"","1","test_chainId[Test for Robonomics]","tests","Sun May 03 15:17:47 UTC 2026","passed","Sun May 03 15:17:47 UTC 2026","TestChainId","test_network_parameters","",""
"","96","test_rpc_method_is_available[Test for Bittensor, url: wss://lite.sub.latent.to:443]","tests","Sun May 03 15:20:36 UTC 2026","passed","Sun May 03 15:20:36 UTC 2026","","test_rpc_methods_availability","",""
"","103","test_rpc_method_is_available[Test for Kusama Bridge Hub, url: wss://ksm-rpc.stakeworld.io/bridgehub]","tests","Sun May 03 15:20:50 UTC 2026","passed","Sun May 03 15:20:51 UTC 2026","","test_rpc_methods_availability","",""
"","0","test_precision[Test for Cere]","tests","Sun May 03 15:19:10 UTC 2026","passed","Sun May 03 15:19:10 UTC 2026","TestPrecision","test_network_parameters","",""
"","107","test_rpc_method_is_available[Test for Polkadot Asset Hub, url: wss://asset-hub-polkadot-rpc.n.dwellir.com]","tests","Sun May 03 15:19:10 UTC 2026","passed","Sun May 03 15:19:10 UTC 2026","","test_rpc_methods_availability","",""
"","0","test_can_create_connection[Test for Hyperbridge Nexus, url: wss://nexus.dotters.network]","tests","Sun May 03 15:21:30 UTC 2026","broken","Sun May 03 15:21:30 UTC 2026","","test_nodes_availability","",""
"","281","test_rpc_node_is_synced[Test for Acala, url: wss://acala-rpc-3.aca-api.network/ws]","tests","Sun May 03 15:18:24 UTC 2026","passed","Sun May 03 15:18:24 UTC 2026","","test_substrate_node_is_synced","",""
"","102","test_rpc_method_is_available[Test for UNIQUE, url: wss://eu-ws.unique.network/]","tests","Sun May 03 15:20:08 UTC 2026","passed","Sun May 03 15:20:08 UTC 2026","","test_rpc_methods_availability","",""
"","0","test_address_prefix[Test for Kusama Bridge Hub]","tests","Sun May 03 15:18:40 UTC 2026","passed","Sun May 03 15:18:40 UTC 2026","TestNetworkPrefix","test_network_parameters","",""
"","0","test_rpc_method_is_available[Test for Polkadex, url: wss://polkadex.public.curie.radiumblock.co/ws]","tests","Sun May 03 15:20:25 UTC 2026","broken","Sun May 03 15:20:25 UTC 2026","","test_rpc_methods_availability","",""
"","1","test_chainId[Test for Polkadot Relay]","tests","Sun May 03 15:17:30 UTC 2026","passed","Sun May 03 15:17:30 UTC 2026","TestChainId","test_network_parameters","",""
"","281","test_rpc_node_is_synced[Test for Acala, url: wss://acala-rpc-2.aca-api.network/ws]","tests","Sun May 03 15:18:21 UTC 2026","passed","Sun May 03 15:18:22 UTC 2026","","test_substrate_node_is_synced","",""
"","1","test_chainId[Test for DAO IPCI]","tests","Sun May 03 15:18:30 UTC 2026","passed","Sun May 03 15:18:30 UTC 2026","TestChainId","test_network_parameters","",""
"","0","test_chainId[Test for Joystream]","tests","Sun May 03 15:19:02 UTC 2026","passed","Sun May 03 15:19:02 UTC 2026","TestChainId","test_network_parameters","",""
"","0","test_chainId[Test for Ajuna]","tests","Sun May 03 15:18:27 UTC 2026","passed","Sun May 03 15:18:27 UTC 2026","TestChainId","test_network_parameters","",""
"","0","test_precision[Test for DENTNet]","tests","Sun May 03 15:20:08 UTC 2026","passed","Sun May 03 15:20:08 UTC 2026","TestPrecision","test_network_parameters","",""
"","0","test_can_create_connection[Test for Acala, url: wss://acala-rpc-0.aca-api.network]","tests","Sun May 03 15:20:37 UTC 2026","passed","Sun May 03 15:20:37 UTC 2026","","test_nodes_availability","",""
"","102","test_rpc_method_is_available[Test for Shiden, url: wss://shiden.public.curie.radiumblock.co/ws]","tests","Sun May 03 15:19:31 UTC 2026","passed","Sun May 03 15:19:32 UTC 2026","","test_rpc_methods_availability","",""
"","0","test_can_create_connection[Test for Avail, url: wss://avail.api.onfinality.io/public-ws]","tests","Sun May 03 15:21:54 UTC 2026","passed","Sun May 03 15:21:54 UTC 2026","","test_nodes_availability","",""
"","0","test_chainId[Test for Nodle Parachain]","tests","Sun May 03 15:18:11 UTC 2026","broken","Sun May 03 15:18:11 UTC 2026","TestChainId","test_network_parameters","",""
"","93","test_rpc_method_is_available[Test for Polkadot Bridge Hub, url: wss://bridge-hub-polkadot.dotters.network]","tests","Sun May 03 15:20:47 UTC 2026","passed","Sun May 03 15:20:47 UTC 2026","","test_rpc_methods_availability","",""
"","0","test_can_create_connection[Test for Polkadot Relay, url: wss://rpc-polkadot-2.novasama-tech.org]","tests","Sun May 03 15:17:44 UTC 2026","passed","Sun May 03 15:17:44 UTC 2026","","test_nodes_availability","",""
"","0","test_chainId[Test for XX network]","tests","Sun May 03 15:18:37 UTC 2026","broken","Sun May 03 15:18:37 UTC 2026","TestChainId","test_network_parameters","",""
"","111","test_rpc_node_is_synced[Test for Tanssi, url: wss://services.tanssi-mainnet.network/tanssi]","tests","Sun May 03 15:22:04 UTC 2026","passed","Sun May 03 15:22:04 UTC 2026","","test_substrate_node_is_synced","",""
"","0","test_can_create_connection[Test for Polkadot Relay, url: wss://rpc-polkadot-1.novasama-tech.org]","tests","Sun May 03 15:17:38 UTC 2026","passed","Sun May 03 15:17:38 UTC 2026","","test_nodes_availability","",""
"","0","test_chainId[Test for Crab]","tests","Sun May 03 15:18:48 UTC 2026","broken","Sun May 03 15:18:48 UTC 2026","TestChainId","test_network_parameters","",""
"","110","test_rpc_method_is_available[Test for Kusama Coretime, url: wss://rpc-coretime-kusama.luckyfriday.io]","tests","Sun May 03 15:21:57 UTC 2026","passed","Sun May 03 15:21:57 UTC 2026","","test_rpc_methods_availability","",""
"","0","test_address_prefix[Test for Aleph Zero]","tests","Sun May 03 15:19:15 UTC 2026","passed","Sun May 03 15:19:15 UTC 2026","TestNetworkPrefix","test_network_parameters","",""
"","0","test_has_new_assets[Test for Nodle Parachain]","tests","Sun May 03 15:18:16 UTC 2026","broken","Sun May 03 15:18:16 UTC 2026","TestAssets","test_check_new_assets","",""
"","120","test_rpc_node_is_synced[Test for Polkadot Coretime, url: wss://polkadot-coretime-rpc.polkadot.io]","tests","Sun May 03 15:21:54 UTC 2026","passed","Sun May 03 15:21:54 UTC 2026","","test_substrate_node_is_synced","",""
"","99","test_rpc_node_is_synced[Test for Robonomics, url: wss://kusama.rpc.robonomics.network/]","tests","Sun May 03 15:19:21 UTC 2026","passed","Sun May 03 15:19:21 UTC 2026","","test_substrate_node_is_synced","",""
"","0","test_address_prefix[Test for Laos]","tests","Sun May 03 15:19:29 UTC 2026","passed","Sun May 03 15:19:29 UTC 2026","TestNetworkPrefix","test_network_parameters","",""
"","7","test_rpc_node_is_synced[Test for Encointer, url: wss://sys.ibp.network/encointer-kusama]","tests","Sun May 03 15:19:23 UTC 2026","passed","Sun May 03 15:19:23 UTC 2026","","test_substrate_node_is_synced","",""
"","0","test_precision[Test for GIANT]","tests","Sun May 03 15:18:40 UTC 2026","passed","Sun May 03 15:18:40 UTC 2026","TestPrecision","test_network_parameters","",""
"","155","test_rpc_method_is_available[Test for Kusama People, url: wss://people-kusama.dotters.network]","tests","Sun May 03 15:18:10 UTC 2026","passed","Sun May 03 15:18:10 UTC 2026","","test_rpc_methods_availability","",""
"","0","test_rpc_method_is_available[Test for Acala, url: wss://acala-rpc.n.dwellir.com]","tests","Sun May 03 15:18:43 UTC 2026","broken","Sun May 03 15:18:43 UTC 2026","","test_rpc_methods_availability","",""
"","6","test_rpc_node_is_synced[Test for GIANT, url: wss://rpc-anchor-2-mainnet-az-ue1.giantprotocol.org:443]","tests","Sun May 03 15:20:44 UTC 2026","passed","Sun May 03 15:20:44 UTC 2026","","test_substrate_node_is_synced","",""
"","1","test_can_create_connection[Test for Kusama Relay, url: wss://rpc-kusama-2.novasama-tech.org]","tests","Sun May 03 15:17:39 UTC 2026","passed","Sun May 03 15:17:39 UTC 2026","","test_nodes_availability","",""
"","0","test_can_create_connection[Test for Acala, url: wss://acala-rpc.n.dwellir.com]","tests","Sun May 03 15:18:47 UTC 2026","passed","Sun May 03 15:18:47 UTC 2026","","test_nodes_availability","",""
"","0","test_can_create_connection[Test for Kusama Bridge Hub, url: wss://ksm-rpc.stakeworld.io/bridgehub]","tests","Sun May 03 15:20:49 UTC 2026","passed","Sun May 03 15:20:49 UTC 2026","","test_nodes_availability","",""
"","0","test_chainId[Test for DeepBrain]","tests","Sun May 03 15:19:29 UTC 2026","broken","Sun May 03 15:19:29 UTC 2026","TestChainId","test_network_parameters","",""
"","0","test_has_new_assets[Test for Amplitude]","tests","Sun May 03 15:18:02 UTC 2026","broken","Sun May 03 15:18:02 UTC 2026","TestAssets","test_check_new_assets","",""
"","0","test_can_create_connection[Test for Polkadot Asset Hub, url: wss://sys.ibp.network/asset-hub-polkadot]","tests","Sun May 03 15:19:15 UTC 2026","passed","Sun May 03 15:19:15 UTC 2026","","test_nodes_availability","",""
"","101","test_rpc_method_is_available[Test for Avail, url: wss://mainnet.avail-rpc.com/]","tests","Sun May 03 15:21:25 UTC 2026","passed","Sun May 03 15:21:25 UTC 2026","","test_rpc_methods_availability","",""
"","0","test_precision[Test for Kusama Asset Hub]","tests","Sun May 03 15:17:47 UTC 2026","passed","Sun May 03 15:17:47 UTC 2026","TestPrecision","test_network_parameters","",""
"","176","test_rpc_method_is_available[Test for Polkadot People, url: wss://people-polkadot.dotters.network]","tests","Sun May 03 15:17:46 UTC 2026","passed","Sun May 03 15:17:46 UTC 2026","","test_rpc_methods_availability","",""
"","110","test_rpc_node_is_synced[Test for Kintsugi, url: wss://api-kusama.interlay.io/parachain]","tests","Sun May 03 15:18:29 UTC 2026","passed","Sun May 03 15:18:29 UTC 2026","","test_substrate_node_is_synced","",""
"","0","test_can_create_connection[Test for Acurast Canary, url: wss://public-rpc.canary.acurast.com]","tests","Sun May 03 15:21:18 UTC 2026","passed","Sun May 03 15:21:18 UTC 2026","","test_nodes_availability","",""
"","0","test_precision[Test for Crab]","tests","Sun May 03 15:18:47 UTC 2026","broken","Sun May 03 15:18:47 UTC 2026","TestPrecision","test_network_parameters","",""
"","0","test_can_create_connection[Test for Astar, url: wss://rpc.astar.network]","tests","Sun May 03 15:18:51 UTC 2026","passed","Sun May 03 15:18:51 UTC 2026","","test_nodes_availability","",""
"","1","test_precision[Test for Aventus]","tests","Sun May 03 15:18:42 UTC 2026","passed","Sun May 03 15:18:42 UTC 2026","TestPrecision","test_network_parameters","",""
"","8","test_has_new_assets[Test for Acurast]","tests","Sun May 03 15:19:40 UTC 2026","passed","Sun May 03 15:19:40 UTC 2026","TestAssets","test_check_new_assets","",""
"","108","test_rpc_method_is_available[Test for Encointer, url: wss://api.kusama.encointer.org]","tests","Sun May 03 15:18:25 UTC 2026","passed","Sun May 03 15:18:25 UTC 2026","","test_rpc_methods_availability","",""
"","0","test_precision[Test for Darwinia]","tests","Sun May 03 15:18:36 UTC 2026","passed","Sun May 03 15:18:36 UTC 2026","TestPrecision","test_network_parameters","",""
"","10","test_rpc_node_is_synced[Test for Centrifuge Parachain, url: wss://rpc-centrifuge.luckyfriday.io]","tests","Sun May 03 15:18:56 UTC 2026","passed","Sun May 03 15:18:56 UTC 2026","","test_substrate_node_is_synced","",""
"","0","test_can_create_connection[Test for Creditcoin, url: wss://mainnet3.creditcoin.network]","tests","Sun May 03 15:21:28 UTC 2026","passed","Sun May 03 15:21:28 UTC 2026","","test_nodes_availability","",""
"","0","test_rpc_method_is_available[Test for QUARTZ, url: wss://quartz.unique.network]","tests","Sun May 03 15:20:08 UTC 2026","broken","Sun May 03 15:20:08 UTC 2026","","test_rpc_methods_availability","",""
"","112","test_rpc_method_is_available[Test for Kusama Asset Hub, url: wss://sys.ibp.network/statemine]","tests","Sun May 03 15:18:22 UTC 2026","passed","Sun May 03 15:18:22 UTC 2026","","test_rpc_methods_availability","",""
"","0","test_can_create_connection[Test for Moonriver, url: wss://moonriver-rpc.publicnode.com]","tests","Sun May 03 15:18:18 UTC 2026","passed","Sun May 03 15:18:18 UTC 2026","","test_nodes_availability","",""
"","0","test_rpc_method_is_available[Test for Curio, url: wss://archive.parachain.curioinvest.com]","tests","Sun May 03 15:21:20 UTC 2026","broken","Sun May 03 15:21:20 UTC 2026","","test_rpc_methods_availability","",""
"","0","test_address_prefix[Test for Joystream]","tests","Sun May 03 15:18:45 UTC 2026","passed","Sun May 03 15:18:45 UTC 2026","TestNetworkPrefix","test_network_parameters","",""
"","0","test_chainId[Test for Curio]","tests","Sun May 03 15:19:16 UTC 2026","broken","Sun May 03 15:19:16 UTC 2026","TestChainId","test_network_parameters","",""
"","122","test_rpc_node_is_synced[Test for Polkadot Relay, url: wss://rpc-polkadot-2.novasama-tech.org]","tests","Sun May 03 15:17:44 UTC 2026","passed","Sun May 03 15:17:45 UTC 2026","","test_substrate_node_is_synced","",""
"","0","test_precision[Test for Acurast Canary]","tests","Sun May 03 15:19:14 UTC 2026","passed","Sun May 03 15:19:14 UTC 2026","TestPrecision","test_network_parameters","",""
"","0","test_can_create_connection[Test for Bifrost Kusama, url: wss://us.bifrost-rpc.liebi.com/ws]","tests","Sun May 03 15:19:46 UTC 2026","passed","Sun May 03 15:19:46 UTC 2026","","test_nodes_availability","",""
"","99","test_rpc_method_is_available[Test for Kusama People, url: wss://ksm-rpc.stakeworld.io/people]","tests","Sun May 03 15:18:13 UTC 2026","passed","Sun May 03 15:18:13 UTC 2026","","test_rpc_methods_availability","",""
"","1","test_chainId[Test for krest]","tests","Sun May 03 15:18:55 UTC 2026","passed","Sun May 03 15:18:55 UTC 2026","TestChainId","test_network_parameters","",""
"","0","test_address_prefix[Test for Kusama Relay]","tests","Sun May 03 15:17:37 UTC 2026","passed","Sun May 03 15:17:37 UTC 2026","TestNetworkPrefix","test_network_parameters","",""
"","0","test_precision[Test for Polkadot Coretime]","tests","Sun May 03 15:19:42 UTC 2026","passed","Sun May 03 15:19:42 UTC 2026","TestPrecision","test_network_parameters","",""
"","0","test_rpc_node_is_synced[Test for DeepBrain, url: wss://info.dbcwallet.io]","tests","Sun May 03 15:21:48 UTC 2026","broken","Sun May 03 15:21:48 UTC 2026","","test_substrate_node_is_synced","",""
"","101","test_rpc_method_is_available[Test for Acurast Canary, url: wss://public-rpc.canary.acurast.com]","tests","Sun May 03 15:21:15 UTC 2026","passed","Sun May 03 15:21:15 UTC 2026","","test_rpc_methods_availability","",""
"","52","test_rpc_node_is_synced[Test for Moonriver, url: wss://moonriver-rpc.publicnode.com]","tests","Sun May 03 15:18:19 UTC 2026","passed","Sun May 03 15:18:19 UTC 2026","","test_substrate_node_is_synced","",""
"","104","test_rpc_method_is_available[Test for Crust Shadow, url: wss://rpc-sha-subscan.crustnetwork.xyz]","tests","Sun May 03 15:18:38 UTC 2026","passed","Sun May 03 15:18:38 UTC 2026","","test_rpc_methods_availability","",""
"","229","test_rpc_node_is_synced[Test for Crust Shadow, url: wss://rpc-shadow.crust.network/]","tests","Sun May 03 15:18:49 UTC 2026","passed","Sun May 03 15:18:49 UTC 2026","","test_substrate_node_is_synced","",""
"","0","test_address_prefix[Test for Polkadot People]","tests","Sun May 03 15:17:32 UTC 2026","passed","Sun May 03 15:17:32 UTC 2026","TestNetworkPrefix","test_network_parameters","",""
"","0","test_can_create_connection[Test for Ajuna, url: wss://rpc-para.ajuna.network]","tests","Sun May 03 15:20:40 UTC 2026","passed","Sun May 03 15:20:40 UTC 2026","","test_nodes_availability","",""
"","100","test_rpc_method_is_available[Test for Crust Shadow, url: wss://rpc-shadow.crust.network/]","tests","Sun May 03 15:18:48 UTC 2026","passed","Sun May 03 15:18:48 UTC 2026","","test_rpc_methods_availability","",""
"","164","test_has_new_assets[Test for Moonriver]","tests","Sun May 03 15:17:32 UTC 2026","passed","Sun May 03 15:17:32 UTC 2026","TestAssets","test_check_new_assets","",""
"","94","test_rpc_method_is_available[Test for krest, url: wss://krest.api.onfinality.io/public-ws']","tests","Sun May 03 15:21:02 UTC 2026","passed","Sun May 03 15:21:02 UTC 2026","","test_rpc_methods_availability","",""
"","0","test_can_create_connection[Test for Kusama Asset Hub, url: wss://sys.ibp.network/statemine]","tests","Sun May 03 15:18:22 UTC 2026","passed","Sun May 03 15:18:22 UTC 2026","","test_nodes_availability","",""
"","0","test_can_create_connection[Test for GIANT, url: wss://rpc-anchor-2-mainnet-az-ue1.giantprotocol.org:443]","tests","Sun May 03 15:20:42 UTC 2026","passed","Sun May 03 15:20:42 UTC 2026","","test_nodes_availability","",""
"","0","test_can_create_connection[Test for Kusama Coretime, url: wss://rpc-coretime-kusama.luckyfriday.io]","tests","Sun May 03 15:22:00 UTC 2026","passed","Sun May 03 15:22:00 UTC 2026","","test_nodes_availability","",""
"","0","test_can_create_connection[Test for Kusama Coretime, url: wss://sys.ibp.network/coretime-kusama]","tests","Sun May 03 15:21:55 UTC 2026","passed","Sun May 03 15:21:55 UTC 2026","","test_nodes_availability","",""
"","0","test_address_prefix[Test for Frequency]","tests","Sun May 03 15:18:36 UTC 2026","passed","Sun May 03 15:18:36 UTC 2026","TestNetworkPrefix","test_network_parameters","",""
"","9","test_has_new_assets[Test for Bifrost Polkadot]","tests","Sun May 03 15:18:11 UTC 2026","passed","Sun May 03 15:18:11 UTC 2026","TestAssets","test_check_new_assets","",""
"","1","test_address_prefix[Test for Polymesh]","tests","Sun May 03 15:18:11 UTC 2026","passed","Sun May 03 15:18:11 UTC 2026","TestNetworkPrefix","test_network_parameters","",""
"","140","test_rpc_method_is_available[Test for Joystream, url: wss://rpc.joystream.org]","tests","Sun May 03 15:21:06 UTC 2026","passed","Sun May 03 15:21:06 UTC 2026","","test_rpc_methods_availability","",""
"","7","test_has_new_assets[Test for Enjin Relay]","tests","Sun May 03 15:18:50 UTC 2026","passed","Sun May 03 15:18:50 UTC 2026","TestAssets","test_check_new_assets","",""
"","0","test_can_create_connection[Test for Polkadot People, url: wss://rpc-people-polkadot.luckyfriday.io]","tests","Sun May 03 15:17:50 UTC 2026","passed","Sun May 03 15:17:50 UTC 2026","","test_nodes_availability","",""
"","13","test_has_new_assets[Test for Kusama Coretime]","tests","Sun May 03 15:19:33 UTC 2026","passed","Sun May 03 15:19:33 UTC 2026","TestAssets","test_check_new_assets","",""
"","16","test_has_new_assets[Test for Astar]","tests","Sun May 03 15:17:51 UTC 2026","passed","Sun May 03 15:17:51 UTC 2026","TestAssets","test_check_new_assets","",""
"","213","test_rpc_node_is_synced[Test for DENTNet, url: wss://rpc.dentnet.io/ws]","tests","Sun May 03 15:21:30 UTC 2026","passed","Sun May 03 15:21:30 UTC 2026","","test_substrate_node_is_synced","",""
"","91","test_rpc_node_is_synced[Test for Centrifuge Parachain, url: wss://fullnode.centrifuge.io]","tests","Sun May 03 15:18:54 UTC 2026","passed","Sun May 03 15:18:54 UTC 2026","","test_substrate_node_is_synced","",""
"","145","test_rpc_method_is_available[Test for Karura, url: wss://karura-rpc-2.aca-api.network/ws]","tests","Sun May 03 15:17:47 UTC 2026","passed","Sun May 03 15:17:47 UTC 2026","","test_rpc_methods_availability","",""
"","99","test_rpc_method_is_available[Test for Basilisk, url: wss://basilisk-rpc.n.dwellir.com]","tests","Sun May 03 15:19:50 UTC 2026","passed","Sun May 03 15:19:50 UTC 2026","","test_rpc_methods_availability","",""
"","7","test_has_new_assets[Test for DENTNet]","tests","Sun May 03 15:19:11 UTC 2026","passed","Sun May 03 15:19:11 UTC 2026","TestAssets","test_check_new_assets","",""
"","0","test_chainId[Test for Shiden]","tests","Sun May 03 15:17:53 UTC 2026","passed","Sun May 03 15:17:53 UTC 2026","TestChainId","test_network_parameters","",""
"","0","test_chainId[Test for Polkadex]","tests","Sun May 03 15:17:56 UTC 2026","passed","Sun May 03 15:17:56 UTC 2026","TestChainId","test_network_parameters","",""
"","72","test_rpc_node_is_synced[Test for Manta Atlantic, url: wss://ws.manta.systems]","tests","Sun May 03 15:21:06 UTC 2026","passed","Sun May 03 15:21:06 UTC 2026","","test_substrate_node_is_synced","",""
"","7","test_has_new_assets[Test for Frequency]","tests","Sun May 03 15:18:39 UTC 2026","passed","Sun May 03 15:18:39 UTC 2026","TestAssets","test_check_new_assets","",""
"","0","test_can_create_connection[Test for Joystream, url: wss://rpc.joystream.org]","tests","Sun May 03 15:21:03 UTC 2026","passed","Sun May 03 15:21:03 UTC 2026","","test_nodes_availability","",""
"","0","test_rpc_node_is_synced[Test for Hyperbridge Nexus, url: wss://hyperbridge-nexus-rpc.blockops.network]","tests","Sun May 03 15:22:00 UTC 2026","broken","Sun May 03 15:22:00 UTC 2026","","test_substrate_node_is_synced","",""
"","0","test_rpc_method_is_available[Test for QUARTZ, url: wss://eu-ws-quartz.unique.network]","tests","Sun May 03 15:20:19 UTC 2026","broken","Sun May 03 15:20:19 UTC 2026","","test_rpc_methods_availability","",""
"","8","test_rpc_node_is_synced[Test for Enjin Relay, url: wss://rpc.relay.blockchain.enjin.io]","tests","Sun May 03 15:21:10 UTC 2026","passed","Sun May 03 15:21:10 UTC 2026","","test_substrate_node_is_synced","",""
"","1","test_can_create_connection[Test for Polkadot People, url: wss://polkadot-people-rpc.polkadot.io]","tests","Sun May 03 15:17:42 UTC 2026","passed","Sun May 03 15:17:42 UTC 2026","","test_nodes_availability","",""
"","0","test_chainId[Test for Altair]","tests","Sun May 03 15:17:29 UTC 2026","passed","Sun May 03 15:17:29 UTC 2026","TestChainId","test_network_parameters","",""
"","1","test_precision[Test for Kusama Coretime]","tests","Sun May 03 15:19:39 UTC 2026","passed","Sun May 03 15:19:39 UTC 2026","TestPrecision","test_network_parameters","",""
"","1","test_precision[Test for Avail]","tests","Sun May 03 15:19:39 UTC 2026","passed","Sun May 03 15:19:39 UTC 2026","TestPrecision","test_network_parameters","",""
"","0","test_chainId[Test for Kusama People]","tests","Sun May 03 15:17:32 UTC 2026","passed","Sun May 03 15:17:32 UTC 2026","TestChainId","test_network_parameters","",""
"","0","test_chainId[Test for Aleph Zero]","tests","Sun May 03 15:19:12 UTC 2026","passed","Sun May 03 15:19:12 UTC 2026","TestChainId","test_network_parameters","",""
"","0","test_can_create_connection[Test for QUARTZ, url: wss://us-ws-quartz.unique.network]","tests","Sun May 03 15:20:32 UTC 2026","broken","Sun May 03 15:20:32 UTC 2026","","test_nodes_availability","",""
"","0","test_can_create_connection[Test for Crust Polkadot Parachain, url: wss://crust-parachain.crustapps.net]","tests","Sun May 03 15:20:26 UTC 2026","passed","Sun May 03 15:20:26 UTC 2026","","test_nodes_availability","",""
"","0","test_rpc_node_is_synced[Test for Ajuna, url: wss://ajuna.dotters.network]","tests","Sun May 03 15:21:03 UTC 2026","broken","Sun May 03 15:21:03 UTC 2026","","test_substrate_node_is_synced","",""
"","1","test_precision[Test for Manta Atlantic]","tests","Sun May 03 15:18:53 UTC 2026","passed","Sun May 03 15:18:53 UTC 2026","TestPrecision","test_network_parameters","",""
"","0","test_can_create_connection[Test for UNIQUE, url: wss://eu-ws.unique.network/]","tests","Sun May 03 15:20:09 UTC 2026","passed","Sun May 03 15:20:09 UTC 2026","","test_nodes_availability","",""
"","0","test_can_create_connection[Test for Acala, url: wss://acala-rpc-1.aca-api.network]","tests","Sun May 03 15:20:39 UTC 2026","passed","Sun May 03 15:20:39 UTC 2026","","test_nodes_availability","",""
"","0","test_precision[Test for Interlay]","tests","Sun May 03 15:18:03 UTC 2026","passed","Sun May 03 15:18:03 UTC 2026","TestPrecision","test_network_parameters","",""
"","1","test_can_create_connection[Test for Polkadot Asset Hub, url: wss://rpc-assethub.novasama-tech.org]","tests","Sun May 03 15:19:05 UTC 2026","passed","Sun May 03 15:19:05 UTC 2026","","test_nodes_availability","",""
"","8","test_has_new_assets[Test for Kusama Relay]","tests","Sun May 03 15:17:39 UTC 2026","passed","Sun May 03 15:17:39 UTC 2026","TestAssets","test_check_new_assets","",""
"","457","test_rpc_node_is_synced[Test for Acurast Canary, url: wss://public-rpc.canary.acurast.com]","tests","Sun May 03 15:21:16 UTC 2026","passed","Sun May 03 15:21:16 UTC 2026","","test_substrate_node_is_synced","",""
"","0","test_can_create_connection[Test for Shiden, url: wss://shiden-rpc.n.dwellir.com]","tests","Sun May 03 15:19:24 UTC 2026","passed","Sun May 03 15:19:24 UTC 2026","","test_nodes_availability","",""
"","0","test_rpc_node_is_synced[Test for Polkadex, url: wss://polkadex.public.curie.radiumblock.co/ws]","tests","Sun May 03 15:20:27 UTC 2026","broken","Sun May 03 15:20:27 UTC 2026","","test_substrate_node_is_synced","",""
"","72","test_rpc_node_is_synced[Test for Kusama People, url: wss://people-kusama.dotters.network]","tests","Sun May 03 15:18:11 UTC 2026","passed","Sun May 03 15:18:11 UTC 2026","","test_substrate_node_is_synced","",""
"","279","test_rpc_node_is_synced[Test for Karura, url: wss://karura-rpc-0.aca-api.network]","tests","Sun May 03 15:17:39 UTC 2026","passed","Sun May 03 15:17:39 UTC 2026","","test_substrate_node_is_synced","",""
"","8","test_rpc_node_is_synced[Test for Kusama Relay, url: wss://rpc-kusama.luckyfriday.io]","tests","Sun May 03 15:17:56 UTC 2026","passed","Sun May 03 15:17:56 UTC 2026","","test_substrate_node_is_synced","",""
"","11","test_has_new_assets[Test for Bittensor]","tests","Sun May 03 15:18:17 UTC 2026","passed","Sun May 03 15:18:17 UTC 2026","TestAssets","test_check_new_assets","",""
"","1","test_can_create_connection[Test for Vara, url: wss://rpc.vara-network.io]","tests","Sun May 03 15:20:49 UTC 2026","passed","Sun May 03 15:20:49 UTC 2026","","test_nodes_availability","",""
"","236","test_rpc_node_is_synced[Test for Ethereum, url: https://1rpc.io/eth]","tests","Sun May 03 15:17:39 UTC 2026","broken","Sun May 03 15:17:39 UTC 2026","TestETHNodesAvailability","test_eth_nodes_availability","",""
"","1","test_address_prefix[Test for Vara]","tests","Sun May 03 15:18:31 UTC 2026","passed","Sun May 03 15:18:31 UTC 2026","TestNetworkPrefix","test_network_parameters","",""
"","107","test_rpc_method_is_available[Test for Ajuna, url: wss://rpc-para.ajuna.network]","tests","Sun May 03 15:20:36 UTC 2026","passed","Sun May 03 15:20:36 UTC 2026","","test_rpc_methods_availability","",""
"","0","test_precision[Test for Frequency]","tests","Sun May 03 15:18:50 UTC 2026","passed","Sun May 03 15:18:50 UTC 2026","TestPrecision","test_network_parameters","",""
"","95","test_rpc_method_is_available[Test for Polkadot Bridge Hub, url: wss://sys.ibp.network/bridgehub-polkadot]","tests","Sun May 03 15:20:45 UTC 2026","passed","Sun May 03 15:20:45 UTC 2026","","test_rpc_methods_availability","",""
"","243","test_rpc_node_is_synced[Test for Crust Shadow, url: wss://rpc-sha-subscan.crustnetwork.xyz]","tests","Sun May 03 15:18:37 UTC 2026","passed","Sun May 03 15:18:37 UTC 2026","","test_substrate_node_is_synced","",""
"","88","test_has_new_assets[Test for Polkadot Relay]","tests","Sun May 03 15:17:34 UTC 2026","passed","Sun May 03 15:17:34 UTC 2026","TestAssets","test_check_new_assets","",""
"","0","test_can_create_connection[Test for Bifrost Polkadot, url: wss://hk.p.bifrost-rpc.liebi.com/ws]","tests","Sun May 03 15:19:48 UTC 2026","passed","Sun May 03 15:19:48 UTC 2026","","test_nodes_availability","",""
"","110","test_rpc_node_is_synced[Test for Polkadot Bridge Hub, url: wss://dot-rpc.stakeworld.io/bridgehub]","tests","Sun May 03 15:20:51 UTC 2026","passed","Sun May 03 15:20:52 UTC 2026","","test_substrate_node_is_synced","",""
"","93","test_rpc_method_is_available[Test for Crust Polkadot Parachain, url: wss://crust-parachain.crustapps.net]","tests","Sun May 03 15:20:24 UTC 2026","passed","Sun May 03 15:20:24 UTC 2026","","test_rpc_methods_availability","",""
"","0","test_precision[Test for Bifrost Kusama]","tests","Sun May 03 15:17:44 UTC 2026","passed","Sun May 03 15:17:44 UTC 2026","TestPrecision","test_network_parameters","",""
"","235","test_rpc_node_is_synced[Test for Polkadot Relay, url: wss://1rpc.io/dot]","tests","Sun May 03 15:18:09 UTC 2026","passed","Sun May 03 15:18:09 UTC 2026","","test_substrate_node_is_synced","",""
"","0","test_address_prefix[Test for QUARTZ]","tests","Sun May 03 15:17:42 UTC 2026","broken","Sun May 03 15:17:42 UTC 2026","TestNetworkPrefix","test_network_parameters","",""
"","0","test_can_create_connection[Test for Moonriver, url: wss://moonriver.public.curie.radiumblock.co/ws]","tests","Sun May 03 15:18:58 UTC 2026","broken","Sun May 03 15:18:58 UTC 2026","","test_nodes_availability","",""
"","0","test_can_create_connection[Test for QUARTZ, url: wss://eu-ws-quartz.unique.network]","tests","Sun May 03 15:20:20 UTC 2026","broken","Sun May 03 15:20:20 UTC 2026","","test_nodes_availability","",""
"","0","test_chainId[Test for Encointer]","tests","Sun May 03 15:17:53 UTC 2026","passed","Sun May 03 15:17:53 UTC 2026","TestChainId","test_network_parameters","",""
"","0","test_can_create_connection[Test for Avail, url: wss://mainnet.avail-rpc.com/]","tests","Sun May 03 15:21:24 UTC 2026","passed","Sun May 03 15:21:24 UTC 2026","","test_nodes_availability","",""
"","0","test_precision[Test for DAO IPCI]","tests","Sun May 03 15:18:18 UTC 2026","passed","Sun May 03 15:18:18 UTC 2026","TestPrecision","test_network_parameters","",""
"","92","test_rpc_node_is_synced[Test for NeuroWeb, url: wss://parachain-rpc.origin-trail.network]","tests","Sun May 03 15:20:31 UTC 2026","passed","Sun May 03 15:20:31 UTC 2026","","test_substrate_node_is_synced","",""
"","0","test_rpc_node_is_synced[Test for Amplitude, url: wss://rpc-amplitude.pendulumchain.tech]","tests","Sun May 03 15:20:00 UTC 2026","broken","Sun May 03 15:20:00 UTC 2026","","test_substrate_node_is_synced","",""
"","0","test_can_create_connection[Test for Humanode, url: wss://explorer-rpc-ws.mainnet.stages.humanode.io]","tests","Sun May 03 15:21:30 UTC 2026","passed","Sun May 03 15:21:30 UTC 2026","","test_nodes_availability","",""
"","133","test_rpc_node_is_synced[Test for Karura, url: wss://karura-rpc-2.aca-api.network/ws]","tests","Sun May 03 15:17:47 UTC 2026","passed","Sun May 03 15:17:47 UTC 2026","","test_substrate_node_is_synced","",""
"","1","test_can_create_connection[Test for UNIQUE, url: wss://us-ws.unique.network/]","tests","Sun May 03 15:20:12 UTC 2026","passed","Sun May 03 15:20:12 UTC 2026","","test_nodes_availability","",""
"","0","test_can_create_connection[Test for Altair, url: wss://altair.api.onfinality.io/public-ws]","tests","Sun May 03 15:19:59 UTC 2026","passed","Sun May 03 15:19:59 UTC 2026","","test_nodes_availability","",""
"","0","test_can_create_connection[Test for Interlay, url: wss://api.interlay.io/parachain]","tests","Sun May 03 15:18:40 UTC 2026","passed","Sun May 03 15:18:40 UTC 2026","","test_nodes_availability","",""
"","0","test_precision[Test for Polkadot Collectives]","tests","Sun May 03 15:18:45 UTC 2026","passed","Sun May 03 15:18:45 UTC 2026","TestPrecision","test_network_parameters","",""
"","104","test_rpc_node_is_synced[Test for Astar, url: wss://astar-rpc.n.dwellir.com]","tests","Sun May 03 15:18:55 UTC 2026","passed","Sun May 03 15:18:55 UTC 2026","","test_substrate_node_is_synced","",""
"","0","test_chainId[Test for Ternoa]","tests","Sun May 03 15:18:23 UTC 2026","passed","Sun May 03 15:18:23 UTC 2026","TestChainId","test_network_parameters","",""
"","0","test_can_create_connection[Test for Crust Shadow, url: wss://rpc-sha-subscan.crustnetwork.xyz]","tests","Sun May 03 15:18:38 UTC 2026","passed","Sun May 03 15:18:38 UTC 2026","","test_nodes_availability","",""
"","0","test_can_create_connection[Test for Enjin Relay, url: wss://rpc.relay.blockchain.enjin.io]","tests","Sun May 03 15:21:02 UTC 2026","passed","Sun May 03 15:21:02 UTC 2026","","test_nodes_availability","",""
"","101","test_rpc_method_is_available[Test for GIANT, url: wss://rpc-anchor-1-mainnet-az-ue1.giantprotocol.org:443]","tests","Sun May 03 15:21:01 UTC 2026","passed","Sun May 03 15:21:01 UTC 2026","","test_rpc_methods_availability","",""
"","95","test_rpc_method_is_available[Test for Polkadot Collectives, url: wss://collectives.public.curie.radiumblock.co/ws]","tests","Sun May 03 15:20:55 UTC 2026","passed","Sun May 03 15:20:55 UTC 2026","","test_rpc_methods_availability","",""
"","99","test_rpc_method_is_available[Test for Basilisk, url: wss://rpc.basilisk.cloud]","tests","Sun May 03 15:19:54 UTC 2026","passed","Sun May 03 15:19:54 UTC 2026","","test_rpc_methods_availability","",""
"","0","test_can_create_connection[Test for Bittensor, url: wss://entrypoint-finney.opentensor.ai:443]","tests","Sun May 03 15:20:43 UTC 2026","passed","Sun May 03 15:20:43 UTC 2026","","test_nodes_availability","",""
"","0","test_rpc_node_is_synced[Test for QUARTZ, url: wss://quartz.unique.network]","tests","Sun May 03 15:20:26 UTC 2026","broken","Sun May 03 15:20:26 UTC 2026","","test_substrate_node_is_synced","",""
"","1","test_can_create_connection[Test for UNIQUE, url: wss://asia-ws.unique.network/]","tests","Sun May 03 15:20:17 UTC 2026","passed","Sun May 03 15:20:17 UTC 2026","","test_nodes_availability","",""
"","0","test_chainId[Test for CC Enterprise]","tests","Sun May 03 15:19:14 UTC 2026","passed","Sun May 03 15:19:14 UTC 2026","TestChainId","test_network_parameters","",""
"","6","test_rpc_node_is_synced[Test for Hydration, url: wss://hydration.dotters.network]","tests","Sun May 03 15:19:19 UTC 2026","passed","Sun May 03 15:19:19 UTC 2026","","test_substrate_node_is_synced","",""
"","6","test_rpc_node_is_synced[Test for Polkadot Bridge Hub, url: wss://bridge-hub-polkadot.dotters.network]","tests","Sun May 03 15:20:47 UTC 2026","passed","Sun May 03 15:20:47 UTC 2026","","test_substrate_node_is_synced","",""
"","102","test_rpc_method_is_available[Test for Kusama Relay, url: wss://rpc-kusama-1.novasama-tech.org]","tests","Sun May 03 15:18:18 UTC 2026","passed","Sun May 03 15:18:19 UTC 2026","","test_rpc_methods_availability","",""
"","0","test_rpc_method_is_available[Test for Moonbeam, url: wss://moonbeam.ibp.network]","tests","Sun May 03 15:18:10 UTC 2026","broken","Sun May 03 15:18:10 UTC 2026","","test_rpc_methods_availability","",""
"","1","test_can_create_connection[Test for Encointer, url: wss://api.kusama.encointer.org]","tests","Sun May 03 15:18:26 UTC 2026","passed","Sun May 03 15:18:26 UTC 2026","","test_nodes_availability","",""
"","0","test_can_create_connection[Test for Polkadot Relay, url: wss://apps-rpc.polkadot.io]","tests","Sun May 03 15:17:57 UTC 2026","passed","Sun May 03 15:17:57 UTC 2026","","test_nodes_availability","",""
"","105","test_rpc_node_is_synced[Test for DAO IPCI, url: wss://ipci.rpc.robonomics.network]","tests","Sun May 03 15:20:13 UTC 2026","passed","Sun May 03 15:20:13 UTC 2026","","test_substrate_node_is_synced","",""
"","0","test_precision[Test for CC Enterprise]","tests","Sun May 03 15:19:16 UTC 2026","passed","Sun May 03 15:19:16 UTC 2026","TestPrecision","test_network_parameters","",""
"","12","test_has_new_assets[Test for Polkadot Bridge Hub]","tests","Sun May 03 15:18:36 UTC 2026","passed","Sun May 03 15:18:36 UTC 2026","TestAssets","test_check_new_assets","",""
"","0","test_rpc_method_is_available[Test for Ajuna, url: wss://ajuna.ibp.network]","tests","Sun May 03 15:20:47 UTC 2026","broken","Sun May 03 15:20:47 UTC 2026","","test_rpc_methods_availability","",""
"","1","test_chainId[Test for Crust Shadow]","tests","Sun May 03 15:18:10 UTC 2026","passed","Sun May 03 15:18:10 UTC 2026","TestChainId","test_network_parameters","",""
"","6","test_rpc_node_is_synced[Test for Kusama Bridge Hub, url: wss://sys.ibp.network/bridgehub-kusama]","tests","Sun May 03 15:20:54 UTC 2026","passed","Sun May 03 15:20:54 UTC 2026","","test_substrate_node_is_synced","",""
"","0","test_precision[Test for Acala]","tests","Sun May 03 15:17:46 UTC 2026","passed","Sun May 03 15:17:46 UTC 2026","TestPrecision","test_network_parameters","",""
"","0","test_chainId[Test for Kusama Relay]","tests","Sun May 03 15:17:34 UTC 2026","passed","Sun May 03 15:17:34 UTC 2026","TestChainId","test_network_parameters","",""
"","0","test_rpc_node_is_synced[Test for Moonriver, url: wss://moonriver.public.curie.radiumblock.co/ws]","tests","Sun May 03 15:18:59 UTC 2026","broken","Sun May 03 15:18:59 UTC 2026","","test_substrate_node_is_synced","",""
"","7","test_rpc_node_is_synced[Test for Kusama Bridge Hub, url: wss://bridge-hub-kusama.dotters.network]","tests","Sun May 03 15:20:55 UTC 2026","passed","Sun May 03 15:20:55 UTC 2026","","test_substrate_node_is_synced","",""
"","12","test_rpc_node_is_synced[Test for Westend (TESTNET), url: wss://westend.public.curie.radiumblock.co/ws]","tests","Sun May 03 15:18:18 UTC 2026","passed","Sun May 03 15:18:18 UTC 2026","","test_substrate_node_is_synced","",""
"","1","test_address_prefix[Test for Basilisk]","tests","Sun May 03 15:17:49 UTC 2026","passed","Sun May 03 15:17:49 UTC 2026","TestNetworkPrefix","test_network_parameters","",""
"","52","test_rpc_node_is_synced[Test for Pendulum, url: wss://rpc-pendulum.prd.pendulumchain.tech]","tests","Sun May 03 15:20:22 UTC 2026","passed","Sun May 03 15:20:22 UTC 2026","","test_substrate_node_is_synced","",""
"","0","test_has_new_assets[Test for Crab]","tests","Sun May 03 15:18:37 UTC 2026","broken","Sun May 03 15:18:37 UTC 2026","TestAssets","test_check_new_assets","",""
"","99","test_rpc_method_is_available[Test for Avail, url: wss://avail.api.onfinality.io/public-ws]","tests","Sun May 03 15:21:38 UTC 2026","passed","Sun May 03 15:21:38 UTC 2026","","test_rpc_methods_availability","",""
"","103","test_has_new_assets[Test for Bifrost Kusama]","tests","Sun May 03 15:17:46 UTC 2026","passed","Sun May 03 15:17:46 UTC 2026","TestAssets","test_check_new_assets","",""
"","0","test_can_create_connection[Test for Polkadot Asset Hub, url: wss://asset-hub-polkadot.dotters.network]","tests","Sun May 03 15:19:20 UTC 2026","passed","Sun May 03 15:19:20 UTC 2026","","test_nodes_availability","",""
"","0","test_has_new_assets[Test for Phala]","tests","Sun May 03 15:18:56 UTC 2026","broken","Sun May 03 15:18:56 UTC 2026","TestAssets","test_check_new_assets","",""
"","13","test_has_new_assets[Test for Westend (TESTNET)]","tests","Sun May 03 15:17:45 UTC 2026","passed","Sun May 03 15:17:45 UTC 2026","TestAssets","test_check_new_assets","",""
"","0","test_address_prefix[Test for Kreivo]","tests","Sun May 03 15:18:55 UTC 2026","passed","Sun May 03 15:18:55 UTC 2026","TestNetworkPrefix","test_network_parameters","",""
"","12","test_has_new_assets[Test for Polkadot Asset Hub]","tests","Sun May 03 15:17:51 UTC 2026","passed","Sun May 03 15:17:51 UTC 2026","TestAssets","test_check_new_assets","",""
"","12","test_has_new_assets[Test for Shiden]","tests","Sun May 03 15:17:38 UTC 2026","passed","Sun May 03 15:17:38 UTC 2026","TestAssets","test_check_new_assets","",""
"","11","test_rpc_node_is_synced[Test for krest, url: wss://krest.api.onfinality.io/public-ws']","tests","Sun May 03 15:21:03 UTC 2026","passed","Sun May 03 15:21:03 UTC 2026","","test_substrate_node_is_synced","",""
"","0","test_precision[Test for QUARTZ]","tests","Sun May 03 15:17:42 UTC 2026","broken","Sun May 03 15:17:42 UTC 2026","TestPrecision","test_network_parameters","",""
"","0","test_precision[Test for Kreivo]","tests","Sun May 03 15:19:05 UTC 2026","passed","Sun May 03 15:19:05 UTC 2026","TestPrecision","test_network_parameters","",""
"","0","test_can_create_connection[Test for Kusama People, url: wss://people-kusama.dotters.network]","tests","Sun May 03 15:18:11 UTC 2026","passed","Sun May 03 15:18:11 UTC 2026","","test_nodes_availability","",""
"","0","test_precision[Test for Tangle]","tests","Sun May 03 15:19:38 UTC 2026","broken","Sun May 03 15:19:38 UTC 2026","TestPrecision","test_network_parameters","",""
"","0","test_address_prefix[Test for Acala]","tests","Sun May 03 15:17:46 UTC 2026","passed","Sun May 03 15:17:46 UTC 2026","TestNetworkPrefix","test_network_parameters","",""
"","116","test_rpc_node_is_synced[Test for Westend (TESTNET), url: wss://westend-rpc.polkadot.io]","tests","Sun May 03 15:18:13 UTC 2026","passed","Sun May 03 15:18:13 UTC 2026","","test_substrate_node_is_synced","",""
"","1","test_precision[Test for UNIQUE]","tests","Sun May 03 15:18:21 UTC 2026","passed","Sun May 03 15:18:21 UTC 2026","TestPrecision","test_network_parameters","",""
"","103","test_rpc_method_is_available[Test for Kusama Relay, url: wss://kusama.public.curie.radiumblock.co/ws]","tests","Sun May 03 15:18:07 UTC 2026","passed","Sun May 03 15:18:08 UTC 2026","","test_rpc_methods_availability","",""
"","8","test_has_new_assets[Test for Ternoa]","tests","Sun May 03 15:18:07 UTC 2026","passed","Sun May 03 15:18:07 UTC 2026","TestAssets","test_check_new_assets","",""
"","0","test_address_prefix[Test for Mythos]","tests","Sun May 03 15:18:49 UTC 2026","passed","Sun May 03 15:18:49 UTC 2026","TestNetworkPrefix","test_network_parameters","",""
"","6","test_rpc_node_is_synced[Test for GIANT, url: wss://rpc-anchor-1-mainnet-az-ue1.giantprotocol.org:443]","tests","Sun May 03 15:20:52 UTC 2026","passed","Sun May 03 15:20:52 UTC 2026","","test_substrate_node_is_synced","",""
"","1","test_chainId[Test for Acurast Canary]","tests","Sun May 03 15:19:05 UTC 2026","passed","Sun May 03 15:19:05 UTC 2026","TestChainId","test_network_parameters","",""
"","0","test_rpc_node_is_synced[Test for Moonbeam, url: wss://moonbeam.dotters.network]","tests","Sun May 03 15:18:20 UTC 2026","broken","Sun May 03 15:18:20 UTC 2026","","test_substrate_node_is_synced","",""
"","93","test_rpc_node_is_synced[Test for Kusama Bridge Hub, url: wss://ksm-rpc.stakeworld.io/bridgehub]","tests","Sun May 03 15:20:58 UTC 2026","passed","Sun May 03 15:20:58 UTC 2026","","test_substrate_node_is_synced","",""
"","0","test_can_create_connection[Test for Polkadot Relay, url: wss://1rpc.io/dot]","tests","Sun May 03 15:18:11 UTC 2026","passed","Sun May 03 15:18:11 UTC 2026","","test_nodes_availability","",""
"","0","test_precision[Test for Ajuna]","tests","Sun May 03 15:18:30 UTC 2026","passed","Sun May 03 15:18:30 UTC 2026","TestPrecision","test_network_parameters","",""
"","0","test_can_create_connection[Test for Curio, url: wss://parachain.curioinvest.com/]","tests","Sun May 03 15:21:14 UTC 2026","broken","Sun May 03 15:21:14 UTC 2026","","test_nodes_availability","",""
"","0","test_can_create_connection[Test for Tanssi, url: wss://services.tanssi-mainnet.network/tanssi]","tests","Sun May 03 15:22:05 UTC 2026","passed","Sun May 03 15:22:05 UTC 2026","","test_nodes_availability","",""
"","62","test_has_new_assets[Test for Karura]","tests","Sun May 03 15:17:39 UTC 2026","passed","Sun May 03 15:17:39 UTC 2026","TestAssets","test_check_new_assets","",""
"","0","test_rpc_node_is_synced[Test for Hyperbridge Nexus, url: wss://nexus.ibp.network]","tests","Sun May 03 15:21:32 UTC 2026","broken","Sun May 03 15:21:32 UTC 2026","","test_substrate_node_is_synced","",""
"","0","test_can_create_connection[Test for Astar, url: wss://astar.public.curie.radiumblock.co/ws]","tests","Sun May 03 15:19:01 UTC 2026","passed","Sun May 03 15:19:01 UTC 2026","","test_nodes_availability","",""
"","1","test_can_create_connection[Test for Bittensor, url: wss://bittensor-finney.api.onfinality.io/public-ws]","tests","Sun May 03 15:20:41 UTC 2026","passed","Sun May 03 15:20:41 UTC 2026","","test_nodes_availability","",""
"","11","test_has_new_assets[Test for Humanode]","tests","Sun May 03 15:19:18 UTC 2026","passed","Sun May 03 15:19:18 UTC 2026","TestAssets","test_check_new_assets","",""
"","8","test_has_new_assets[Test for Polkadot Coretime]","tests","Sun May 03 15:19:25 UTC 2026","passed","Sun May 03 15:19:25 UTC 2026","TestAssets","test_check_new_assets","",""
"","6","test_rpc_node_is_synced[Test for Polkadot Relay, url: wss://polkadot.dotters.network]","tests","Sun May 03 15:17:52 UTC 2026","passed","Sun May 03 15:17:52 UTC 2026","","test_substrate_node_is_synced","",""
"","95","test_rpc_node_is_synced[Test for Energy Web X, url: wss://public-rpc.mainnet.energywebx.com/]","tests","Sun May 03 15:21:11 UTC 2026","passed","Sun May 03 15:21:11 UTC 2026","","test_substrate_node_is_synced","",""
"","99","test_rpc_method_is_available[Test for Polkadot Coretime, url: wss://coretime-polkadot.dotters.network]","tests","Sun May 03 15:21:52 UTC 2026","passed","Sun May 03 15:21:52 UTC 2026","","test_rpc_methods_availability","",""
"","0","test_address_prefix[Test for Kintsugi]","tests","Sun May 03 15:18:04 UTC 2026","passed","Sun May 03 15:18:04 UTC 2026","TestNetworkPrefix","test_network_parameters","",""
"","226","test_rpc_node_is_synced[Test for Crust Shadow, url: wss://rpc2-shadow.crust.network/]","tests","Sun May 03 15:18:43 UTC 2026","passed","Sun May 03 15:18:43 UTC 2026","","test_substrate_node_is_synced","",""
"","110","test_rpc_method_is_available[Test for Polkadot Collectives, url: wss://collectives-polkadot.dotters.network]","tests","Sun May 03 15:20:57 UTC 2026","passed","Sun May 03 15:20:57 UTC 2026","","test_rpc_methods_availability","",""
"","104","test_rpc_method_is_available[Test for Tanssi, url: wss://services.tanssi-mainnet.network/tanssi]","tests","Sun May 03 15:22:05 UTC 2026","passed","Sun May 03 15:22:05 UTC 2026","","test_rpc_methods_availability","",""
"","6","test_rpc_node_is_synced[Test for Polkadot Bridge Hub, url: wss://sys.ibp.network/bridgehub-polkadot]","tests","Sun May 03 15:20:45 UTC 2026","passed","Sun May 03 15:20:45 UTC 2026","","test_substrate_node_is_synced","",""
"","13","test_rpc_node_is_synced[Test for Zeitgeist, url: wss://zeitgeist.api.onfinality.io/public-ws]","tests","Sun May 03 15:18:32 UTC 2026","passed","Sun May 03 15:18:32 UTC 2026","","test_substrate_node_is_synced","",""
"","0","test_chainId[Test for GIANT]","tests","Sun May 03 15:18:36 UTC 2026","passed","Sun May 03 15:18:36 UTC 2026","TestChainId","test_network_parameters","",""
"","0","test_address_prefix[Test for Ajuna]","tests","Sun May 03 15:18:23 UTC 2026","passed","Sun May 03 15:18:23 UTC 2026","TestNetworkPrefix","test_network_parameters","",""
"","1","test_chainId[Test for Frequency]","tests","Sun May 03 15:18:50 UTC 2026","passed","Sun May 03 15:18:50 UTC 2026","TestChainId","test_network_parameters","",""
"","149","test_rpc_method_is_available[Test for Kreivo, url: wss://kreivo.kippu.rocks/]","tests","Sun May 03 15:21:19 UTC 2026","passed","Sun May 03 15:21:19 UTC 2026","","test_rpc_methods_availability","",""
"","161","test_rpc_method_is_available[Test for UNIQUE, url: wss://us-ws.unique.network/]","tests","Sun May 03 15:20:12 UTC 2026","passed","Sun May 03 15:20:13 UTC 2026","","test_rpc_methods_availability","",""
"","156","test_rpc_method_is_available[Test for Polkadot Collectives, url: wss://sys.ibp.network/collectives-polkadot]","tests","Sun May 03 15:20:53 UTC 2026","passed","Sun May 03 15:20:53 UTC 2026","","test_rpc_methods_availability","",""
"","0","test_address_prefix[Test for Amplitude]","tests","Sun May 03 15:18:02 UTC 2026","broken","Sun May 03 15:18:02 UTC 2026","TestNetworkPrefix","test_network_parameters","",""
"","108","test_rpc_method_is_available[Test for Kusama Relay, url: wss://1rpc.io/ksm]","tests","Sun May 03 15:18:03 UTC 2026","passed","Sun May 03 15:18:03 UTC 2026","","test_rpc_methods_availability","",""
"","0","test_chainId[Test for Crust Polkadot Parachain]","tests","Sun May 03 15:18:44 UTC 2026","passed","Sun May 03 15:18:44 UTC 2026","TestChainId","test_network_parameters","",""
"","106","test_rpc_node_is_synced[Test for Acurast, url: wss://public-archive.mainnet.acurast.com]","tests","Sun May 03 15:22:03 UTC 2026","passed","Sun May 03 15:22:04 UTC 2026","","test_substrate_node_is_synced","",""
"","167","test_rpc_method_is_available[Test for XX network, url: wss://rpc-hetzner.xx.network]","tests","Sun May 03 15:20:44 UTC 2026","passed","Sun May 03 15:20:45 UTC 2026","","test_rpc_methods_availability","",""
"","1","test_can_create_connection[Test for Kusama Relay, url: wss://apps-kusama-rpc.polkadot.io]","tests","Sun May 03 15:17:52 UTC 2026","passed","Sun May 03 15:17:52 UTC 2026","","test_nodes_availability","",""
"","0","test_rpc_node_is_synced[Test for Moonbeam, url: wss://moonbeam.public.curie.radiumblock.co/ws]","tests","Sun May 03 15:18:32 UTC 2026","broken","Sun May 03 15:18:32 UTC 2026","","test_substrate_node_is_synced","",""
"","110","test_rpc_method_is_available[Test for Polkadot Relay, url: wss://polkadot.dotters.network]","tests","Sun May 03 15:17:53 UTC 2026","passed","Sun May 03 15:17:53 UTC 2026","","test_rpc_methods_availability","",""
"","0","test_precision[Test for Altair]","tests","Sun May 03 15:17:31 UTC 2026","passed","Sun May 03 15:17:31 UTC 2026","TestPrecision","test_network_parameters","",""
"","98","test_rpc_method_is_available[Test for Polkadot Coretime, url: wss://rpc-coretime-polkadot.luckyfriday.io]","tests","Sun May 03 15:22:00 UTC 2026","passed","Sun May 03 15:22:00 UTC 2026","","test_rpc_methods_availability","",""
"","12","test_has_new_assets[Test for Joystream]","tests","Sun May 03 15:18:50 UTC 2026","passed","Sun May 03 15:18:50 UTC 2026","TestAssets","test_check_new_assets","",""
"","0","test_chainId[Test for Polkadot Collectives]","tests","Sun May 03 15:18:52 UTC 2026","passed","Sun May 03 15:18:52 UTC 2026","TestChainId","test_network_parameters","",""
"","7","test_has_new_assets[Test for Avail]","tests","Sun May 03 15:19:52 UTC 2026","passed","Sun May 03 15:19:53 UTC 2026","TestAssets","test_check_new_assets","",""
"","92","test_rpc_node_is_synced[Test for Laos, url: wss://rpc.laos.laosfoundation.io]","tests","Sun May 03 15:21:53 UTC 2026","passed","Sun May 03 15:21:53 UTC 2026","","test_substrate_node_is_synced","",""
"","0","test_address_prefix[Test for Pendulum]","tests","Sun May 03 15:18:22 UTC 2026","passed","Sun May 03 15:18:22 UTC 2026","TestNetworkPrefix","test_network_parameters","",""
"","0","test_precision[Test for Kusama People]","tests","Sun May 03 15:17:35 UTC 2026","passed","Sun May 03 15:17:35 UTC 2026","TestPrecision","test_network_parameters","",""
"","125","test_rpc_node_is_synced[Test for Kusama Relay, url: wss://rpc-kusama-1.novasama-tech.org]","tests","Sun May 03 15:18:18 UTC 2026","passed","Sun May 03 15:18:18 UTC 2026","","test_substrate_node_is_synced","",""
"","0","test_rpc_method_is_available[Test for Moonriver, url: wss://moonriver.public.curie.radiumblock.co/ws]","tests","Sun May 03 15:18:57 UTC 2026","broken","Sun May 03 15:18:57 UTC 2026","","test_rpc_methods_availability","",""
"","0","test_can_create_connection[Test for Crab, url: wss://crab-rpc.darwinia.network/]","tests","Sun May 03 15:20:39 UTC 2026","broken","Sun May 03 15:20:39 UTC 2026","","test_nodes_availability","",""
"","104","test_rpc_method_is_available[Test for Shiden, url: wss://shiden-rpc.n.dwellir.com]","tests","Sun May 03 15:19:25 UTC 2026","passed","Sun May 03 15:19:25 UTC 2026","","test_rpc_methods_availability","",""
"","0","test_address_prefix[Test for Crust Shadow]","tests","Sun May 03 15:18:14 UTC 2026","passed","Sun May 03 15:18:14 UTC 2026","TestNetworkPrefix","test_network_parameters","",""
"","112","test_rpc_node_is_synced[Test for Polkadot Asset Hub, url: wss://asset-hub-polkadot-rpc.n.dwellir.com]","tests","Sun May 03 15:19:10 UTC 2026","passed","Sun May 03 15:19:10 UTC 2026","","test_substrate_node_is_synced","",""
"","0","test_address_prefix[Test for UNIQUE]","tests","Sun May 03 15:18:18 UTC 2026","passed","Sun May 03 15:18:18 UTC 2026","TestNetworkPrefix","test_network_parameters","",""
"","1","test_address_prefix[Test for Bifrost Polkadot]","tests","Sun May 03 15:18:07 UTC 2026","passed","Sun May 03 15:18:07 UTC 2026","TestNetworkPrefix","test_network_parameters","",""
"","0","test_can_create_connection[Test for XX network, url: wss://rpc-hetzner.xx.network]","tests","Sun May 03 15:20:34 UTC 2026","passed","Sun May 03 15:20:34 UTC 2026","","test_nodes_availability","",""
"","0","test_rpc_node_is_synced[Test for Crab, url: wss://crab-rpc.darwinia.network/]","tests","Sun May 03 15:20:43 UTC 2026","broken","Sun May 03 15:20:43 UTC 2026","","test_substrate_node_is_synced","",""
"","16","test_rpc_node_is_synced[Test for Frequency, url: wss://1.rpc.frequency.xyz]","tests","Sun May 03 15:20:46 UTC 2026","passed","Sun May 03 15:20:46 UTC 2026","","test_substrate_node_is_synced","",""
"","99","test_rpc_method_is_available[Test for Kusama Coretime, url: wss://coretime-kusama.dotters.network]","tests","Sun May 03 15:21:57 UTC 2026","passed","Sun May 03 15:21:57 UTC 2026","","test_rpc_methods_availability","",""
"","144","test_rpc_method_is_available[Test for Polkadot People, url: wss://rpc-people-polkadot.luckyfriday.io]","tests","Sun May 03 15:17:49 UTC 2026","passed","Sun May 03 15:17:49 UTC 2026","","test_rpc_methods_availability","",""
"","0","test_chainId[Test for Darwinia]","tests","Sun May 03 15:18:36 UTC 2026","passed","Sun May 03 15:18:36 UTC 2026","TestChainId","test_network_parameters","",""
"","27","test_rpc_node_is_synced[Test for peaq, url: wss://peaq-rpc.publicnode.com]","tests","Sun May 03 15:21:47 UTC 2026","passed","Sun May 03 15:21:47 UTC 2026","","test_substrate_node_is_synced","",""
"","107","test_rpc_method_is_available[Test for Westend (TESTNET), url: wss://westend.public.curie.radiumblock.co/ws]","tests","Sun May 03 15:18:18 UTC 2026","passed","Sun May 03 15:18:18 UTC 2026","","test_rpc_methods_availability","",""
"","159","test_rpc_method_is_available[Test for Karura, url: wss://karura-rpc-3.aca-api.network/ws]","tests","Sun May 03 15:17:51 UTC 2026","passed","Sun May 03 15:17:51 UTC 2026","","test_rpc_methods_availability","",""
"","0","test_chainId[Test for peaq]","tests","Sun May 03 15:19:25 UTC 2026","passed","Sun May 03 15:19:25 UTC 2026","TestChainId","test_network_parameters","",""
"","0","test_chainId[Test for Tanssi]","tests","Sun May 03 15:19:46 UTC 2026","passed","Sun May 03 15:19:46 UTC 2026","TestChainId","test_network_parameters","",""
"","11","test_has_new_assets[Test for Vara]","tests","Sun May 03 15:18:32 UTC 2026","passed","Sun May 03 15:18:32 UTC 2026","TestAssets","test_check_new_assets","",""
"","0","test_chainId[Test for Karura]","tests","Sun May 03 15:17:35 UTC 2026","passed","Sun May 03 15:17:35 UTC 2026","TestChainId","test_network_parameters","",""
"","0","test_address_prefix[Test for Hydration]","tests","Sun May 03 15:18:00 UTC 2026","passed","Sun May 03 15:18:00 UTC 2026","TestNetworkPrefix","test_network_parameters","",""
"","1","test_can_create_connection[Test for XX network, url: wss://rpc.xx.network]","tests","Sun May 03 15:20:18 UTC 2026","passed","Sun May 03 15:20:18 UTC 2026","","test_nodes_availability","",""
"","145","test_rpc_node_is_synced[Test for JAMTON, url: wss://rpc.jamton.network]","tests","Sun May 03 15:21:44 UTC 2026","passed","Sun May 03 15:21:45 UTC 2026","","test_substrate_node_is_synced","",""
"","0","test_can_create_connection[Test for UNIQUE, url: wss://unique.dotters.network]","tests","Sun May 03 15:19:51 UTC 2026","broken","Sun May 03 15:19:51 UTC 2026","","test_nodes_availability","",""
"","6","test_rpc_node_is_synced[Test for Kusama Coretime, url: wss://coretime-kusama.dotters.network]","tests","Sun May 03 15:21:56 UTC 2026","passed","Sun May 03 15:21:56 UTC 2026","","test_substrate_node_is_synced","",""
"","1","test_can_create_connection[Test for Polkadot Collectives, url: wss://dot-rpc.stakeworld.io/collectives]","tests","Sun May 03 15:20:59 UTC 2026","passed","Sun May 03 15:20:59 UTC 2026","","test_nodes_availability","",""
"","108","test_rpc_node_is_synced[Test for Polkadex, url: wss://so.polkadex.ee]","tests","Sun May 03 15:20:13 UTC 2026","passed","Sun May 03 15:20:13 UTC 2026","","test_substrate_node_is_synced","",""
"","0","test_has_new_assets[Test for Curio]","tests","Sun May 03 15:19:03 UTC 2026","broken","Sun May 03 15:19:03 UTC 2026","TestAssets","test_check_new_assets","",""
"","0","test_precision[Test for Polkadex]","tests","Sun May 03 15:17:54 UTC 2026","passed","Sun May 03 15:17:54 UTC 2026","TestPrecision","test_network_parameters","",""
"","7","test_rpc_node_is_synced[Test for Kusama Coretime, url: wss://sys.ibp.network/coretime-kusama]","tests","Sun May 03 15:21:55 UTC 2026","passed","Sun May 03 15:21:55 UTC 2026","","test_substrate_node_is_synced","",""
"","0","test_can_create_connection[Test for Aventus, url: wss://public-rpc.mainnet.aventus.io]","tests","Sun May 03 15:20:33 UTC 2026","passed","Sun May 03 15:20:33 UTC 2026","","test_nodes_availability","",""
"","177","test_rpc_method_is_available[Test for Polkadot People, url: wss://polkadot-people-rpc.polkadot.io]","tests","Sun May 03 15:17:41 UTC 2026","passed","Sun May 03 15:17:41 UTC 2026","","test_rpc_methods_availability","",""
"","0","test_chainId[Test for Acurast]","tests","Sun May 03 15:19:47 UTC 2026","passed","Sun May 03 15:19:47 UTC 2026","TestChainId","test_network_parameters","",""
"","100","test_rpc_method_is_available[Test for Karura, url: wss://karura-rpc.n.dwellir.com]","tests","Sun May 03 15:17:57 UTC 2026","passed","Sun May 03 15:17:57 UTC 2026","","test_rpc_methods_availability","",""
"","7","test_rpc_node_is_synced[Test for Polkadot Relay, url: wss://rpc.ibp.network/polkadot]","tests","Sun May 03 15:17:48 UTC 2026","passed","Sun May 03 15:17:48 UTC 2026","","test_substrate_node_is_synced","",""
"","0","test_chainId[Test for Kusama Coretime]","tests","Sun May 03 15:19:41 UTC 2026","passed","Sun May 03 15:19:41 UTC 2026","TestChainId","test_network_parameters","",""
"","0","test_can_create_connection[Test for Aventus, url: wss://avn-parachain.mainnet.aventus.io]","tests","Sun May 03 15:20:30 UTC 2026","passed","Sun May 03 15:20:30 UTC 2026","","test_nodes_availability","",""
"","0","test_chainId[Test for Polymesh]","tests","Sun May 03 15:18:27 UTC 2026","passed","Sun May 03 15:18:27 UTC 2026","TestChainId","test_network_parameters","",""
"","0","test_rpc_method_is_available[Test for UNIQUE, url: wss://unique.ibp.network]","tests","Sun May 03 15:19:37 UTC 2026","broken","Sun May 03 15:19:37 UTC 2026","","test_rpc_methods_availability","",""
"","1","test_can_create_connection[Test for Westend (TESTNET), url: wss://westend-rpc.polkadot.io]","tests","Sun May 03 15:18:12 UTC 2026","passed","Sun May 03 15:18:12 UTC 2026","","test_nodes_availability","",""
"","96","test_rpc_method_is_available[Test for Bittensor, url: wss://entrypoint-finney.opentensor.ai:443]","tests","Sun May 03 15:20:41 UTC 2026","passed","Sun May 03 15:20:41 UTC 2026","","test_rpc_methods_availability","",""
"","104","test_rpc_method_is_available[Test for Laos, url: wss://rpc.laos.laosfoundation.io]","tests","Sun May 03 15:21:51 UTC 2026","passed","Sun May 03 15:21:51 UTC 2026","","test_rpc_methods_availability","",""
"","0","test_precision[Test for Basilisk]","tests","Sun May 03 15:17:49 UTC 2026","passed","Sun May 03 15:17:49 UTC 2026","TestPrecision","test_network_parameters","",""
"","0","test_rpc_method_is_available[Test for Phala, url: wss://phala-rpc.n.dwellir.com]","tests","Sun May 03 15:19:07 UTC 2026","broken","Sun May 03 15:19:07 UTC 2026","","test_rpc_methods_availability","",""
"","1","test_address_prefix[Test for Acurast Canary]","tests","Sun May 03 15:19:07 UTC 2026","passed","Sun May 03 15:19:07 UTC 2026","TestNetworkPrefix","test_network_parameters","",""
"","0","test_can_create_connection[Test for Kintsugi, url: wss://api-kusama.interlay.io/parachain]","tests","Sun May 03 15:18:30 UTC 2026","passed","Sun May 03 15:18:30 UTC 2026","","test_nodes_availability","",""
"","105","test_rpc_node_is_synced[Test for UNIQUE, url: wss://eu-ws.unique.network/]","tests","Sun May 03 15:20:10 UTC 2026","passed","Sun May 03 15:20:10 UTC 2026","","test_substrate_node_is_synced","",""
"","107","test_rpc_method_is_available[Test for Hydration, url: wss://rpc.hydradx.cloud]","tests","Sun May 03 15:19:09 UTC 2026","passed","Sun May 03 15:19:09 UTC 2026","","test_rpc_methods_availability","",""
"","0","test_precision[Test for Humanode]","tests","Sun May 03 15:19:17 UTC 2026","passed","Sun May 03 15:19:17 UTC 2026","TestPrecision","test_network_parameters","",""
"","8","test_has_new_assets[Test for Robonomics]","tests","Sun May 03 15:17:54 UTC 2026","passed","Sun May 03 15:17:54 UTC 2026","TestAssets","test_check_new_assets","",""
"","11","test_has_new_assets[Test for Aventus]","tests","Sun May 03 15:18:37 UTC 2026","passed","Sun May 03 15:18:37 UTC 2026","TestAssets","test_check_new_assets","",""
"","0","test_rpc_method_is_available[Test for Hyperbridge Nexus, url: wss://nexus.ibp.network]","tests","Sun May 03 15:21:31 UTC 2026","broken","Sun May 03 15:21:31 UTC 2026","","test_rpc_methods_availability","",""
"","10","test_has_new_assets[Test for Kusama People]","tests","Sun May 03 15:17:36 UTC 2026","passed","Sun May 03 15:17:36 UTC 2026","TestAssets","test_check_new_assets","",""
"","108","test_rpc_method_is_available[Test for Kusama Coretime, url: wss://sys.ibp.network/coretime-kusama]","tests","Sun May 03 15:21:55 UTC 2026","passed","Sun May 03 15:21:55 UTC 2026","","test_rpc_methods_availability","",""
"","0","test_can_create_connection[Test for Bifrost Kusama, url: wss://bifrost-rpc.liebi.com/ws]","tests","Sun May 03 15:19:41 UTC 2026","passed","Sun May 03 15:19:41 UTC 2026","","test_nodes_availability","",""
"","0","test_chainId[Test for Cere]","tests","Sun May 03 15:19:21 UTC 2026","passed","Sun May 03 15:19:21 UTC 2026","TestChainId","test_network_parameters","",""
"","0","test_precision[Test for Aleph Zero]","tests","Sun May 03 15:19:14 UTC 2026","passed","Sun May 03 15:19:14 UTC 2026","TestPrecision","test_network_parameters","",""
"","0","test_precision[Test for Phala]","tests","Sun May 03 15:18:55 UTC 2026","broken","Sun May 03 15:18:55 UTC 2026","TestPrecision","test_network_parameters","",""
"","138","test_rpc_method_is_available[Test for Kusama People, url: wss://kusama-people-rpc.polkadot.io]","tests","Sun May 03 15:17:56 UTC 2026","passed","Sun May 03 15:17:56 UTC 2026","","test_rpc_methods_availability","",""
"","104","test_rpc_method_is_available[Test for Astar, url: wss://astar.public.curie.radiumblock.co/ws]","tests","Sun May 03 15:18:59 UTC 2026","passed","Sun May 03 15:18:59 UTC 2026","","test_rpc_methods_availability","",""
"","94","test_rpc_method_is_available[Test for Bifrost Polkadot, url: wss://hk.p.bifrost-rpc.liebi.com/ws]","tests","Sun May 03 15:19:47 UTC 2026","passed","Sun May 03 15:19:47 UTC 2026","","test_rpc_methods_availability","",""
"","0","test_can_create_connection[Test for UNIQUE, url: wss://unique.ibp.network]","tests","Sun May 03 15:19:38 UTC 2026","broken","Sun May 03 15:19:38 UTC 2026","","test_nodes_availability","",""
"","1","test_chainId[Test for Polkadot Bridge Hub]","tests","Sun May 03 15:18:41 UTC 2026","passed","Sun May 03 15:18:41 UTC 2026","TestChainId","test_network_parameters","",""
"","8","test_has_new_assets[Test for Darwinia]","tests","Sun May 03 15:18:25 UTC 2026","passed","Sun May 03 15:18:25 UTC 2026","TestAssets","test_check_new_assets","",""
"","179","test_rpc_method_is_available[Test for Karura, url: wss://karura-rpc-1.aca-api.network]","tests","Sun May 03 15:17:43 UTC 2026","passed","Sun May 03 15:17:43 UTC 2026","","test_rpc_methods_availability","",""
"","0","test_rpc_method_is_available[Test for Amplitude, url: wss://rpc-amplitude.pendulumchain.tech]","tests","Sun May 03 15:20:00 UTC 2026","broken","Sun May 03 15:20:00 UTC 2026","","test_rpc_methods_availability","",""
"","0","test_chainId[Test for Basilisk]","tests","Sun May 03 15:18:07 UTC 2026","passed","Sun May 03 15:18:07 UTC 2026","TestChainId","test_network_parameters","",""
"","0","test_can_create_connection[Test for 3DPass, url: wss://rpc.3dpass.org]","tests","Sun May 03 15:21:15 UTC 2026","broken","Sun May 03 15:21:15 UTC 2026","","test_nodes_availability","",""
"","100","test_rpc_method_is_available[Test for Encointer, url: wss://encointer-kusama.dotters.network]","tests","Sun May 03 15:19:26 UTC 2026","passed","Sun May 03 15:19:26 UTC 2026","","test_rpc_methods_availability","",""
"","0","test_can_create_connection[Test for Ajuna, url: wss://ajuna.ibp.network]","tests","Sun May 03 15:20:51 UTC 2026","broken","Sun May 03 15:20:51 UTC 2026","","test_nodes_availability","",""
"","197","test_rpc_node_is_synced[Test for Bifrost Polkadot, url: wss://hk.p.bifrost-rpc.liebi.com/ws]","tests","Sun May 03 15:19:48 UTC 2026","passed","Sun May 03 15:19:48 UTC 2026","","test_substrate_node_is_synced","",""
"","100","test_rpc_method_is_available[Test for Polkadot People, url: wss://sys.ibp.network/people-polkadot]","tests","Sun May 03 15:17:43 UTC 2026","passed","Sun May 03 15:17:43 UTC 2026","","test_rpc_methods_availability","",""
"","100","test_rpc_method_is_available[Test for Polkadot Relay, url: wss://apps-rpc.polkadot.io]","tests","Sun May 03 15:17:58 UTC 2026","passed","Sun May 03 15:17:58 UTC 2026","","test_rpc_methods_availability","",""
"","32","test_rpc_node_is_synced[Test for Moonriver, url: wss://wss.api.moonriver.moonbeam.network]","tests","Sun May 03 15:18:36 UTC 2026","passed","Sun May 03 15:18:36 UTC 2026","","test_substrate_node_is_synced","",""
"","0","test_can_create_connection[Test for Kusama Relay, url: wss://rpc-kusama-1.novasama-tech.org]","tests","Sun May 03 15:18:20 UTC 2026","passed","Sun May 03 15:18:20 UTC 2026","","test_nodes_availability","",""
"","139","test_rpc_method_is_available[Test for 3DPass, url: wss://rpc.p3d.top]","tests","Sun May 03 15:21:14 UTC 2026","passed","Sun May 03 15:21:14 UTC 2026","","test_rpc_methods_availability","",""
"","0","test_can_create_connection[Test for Polkadot Collectives, url: wss://collectives-polkadot.dotters.network]","tests","Sun May 03 15:20:54 UTC 2026","passed","Sun May 03 15:20:54 UTC 2026","","test_nodes_availability","",""
"","99","test_rpc_method_is_available[Test for Centrifuge Parachain, url: wss://rpc-centrifuge.luckyfriday.io]","tests","Sun May 03 15:18:56 UTC 2026","passed","Sun May 03 15:18:56 UTC 2026","","test_rpc_methods_availability","",""
"","0","test_can_create_connection[Test for Interlay, url: wss://rpc-interlay.luckyfriday.io/]","tests","Sun May 03 15:18:42 UTC 2026","passed","Sun May 03 15:18:42 UTC 2026","","test_nodes_availability","",""
"","10","test_has_new_assets[Test for UNIQUE]","tests","Sun May 03 15:18:21 UTC 2026","passed","Sun May 03 15:18:21 UTC 2026","TestAssets","test_check_new_assets","",""
"","0","test_can_create_connection[Test for Moonriver, url: wss://wss.api.moonriver.moonbeam.network]","tests","Sun May 03 15:18:36 UTC 2026","passed","Sun May 03 15:18:36 UTC 2026","","test_nodes_availability","",""
"","0","test_precision[Test for Nodle Parachain]","tests","Sun May 03 15:18:14 UTC 2026","broken","Sun May 03 15:18:14 UTC 2026","TestPrecision","test_network_parameters","",""
"","1","test_precision[Test for Bifrost Polkadot]","tests","Sun May 03 15:18:10 UTC 2026","passed","Sun May 03 15:18:10 UTC 2026","TestPrecision","test_network_parameters","",""
"","0","test_address_prefix[Test for Hyperbridge Nexus]","tests","Sun May 03 15:19:32 UTC 2026","broken","Sun May 03 15:19:32 UTC 2026","TestNetworkPrefix","test_network_parameters","",""
"","82","test_rpc_node_is_synced[Test for Ternoa, url: wss://mainnet.ternoa.network]","tests","Sun May 03 15:20:04 UTC 2026","passed","Sun May 03 15:20:05 UTC 2026","","test_substrate_node_is_synced","",""
"","0","test_rpc_method_is_available[Test for Phala, url: wss://api.phala.network/ws]","tests","Sun May 03 15:19:48 UTC 2026","broken","Sun May 03 15:19:48 UTC 2026","","test_rpc_methods_availability","",""
"","0","test_can_create_connection[Test for Acala, url: wss://acala-rpc-2.aca-api.network/ws]","tests","Sun May 03 15:18:23 UTC 2026","passed","Sun May 03 15:18:23 UTC 2026","","test_nodes_availability","",""
"","0","test_rpc_method_is_available[Test for Ajuna, url: wss://ajuna.dotters.network]","tests","Sun May 03 15:20:58 UTC 2026","broken","Sun May 03 15:20:58 UTC 2026","","test_rpc_methods_availability","",""
"","0","test_can_create_connection[Test for Laos, url: wss://rpc.laos.laosfoundation.io]","tests","Sun May 03 15:21:40 UTC 2026","passed","Sun May 03 15:21:40 UTC 2026","","test_nodes_availability","",""
"","1","test_precision[Test for Astar]","tests","Sun May 03 15:17:54 UTC 2026","passed","Sun May 03 15:17:54 UTC 2026","TestPrecision","test_network_parameters","",""
"","7","test_has_new_assets[Test for Pendulum]","tests","Sun May 03 15:18:28 UTC 2026","passed","Sun May 03 15:18:28 UTC 2026","TestAssets","test_check_new_assets","",""
"","0","test_can_create_connection[Test for Kusama People, url: wss://sys.ibp.network/people-kusama]","tests","Sun May 03 15:18:08 UTC 2026","broken","Sun May 03 15:18:08 UTC 2026","","test_nodes_availability","",""
"","0","test_can_create_connection[Test for Moonbeam, url: wss://moonbeam.public.curie.radiumblock.co/ws]","tests","Sun May 03 15:18:32 UTC 2026","broken","Sun May 03 15:18:32 UTC 2026","","test_nodes_availability","",""
"","0","test_rpc_node_is_synced[Test for 3DPass, url: wss://rpc.3dpass.org]","tests","Sun May 03 15:21:14 UTC 2026","broken","Sun May 03 15:21:14 UTC 2026","","test_substrate_node_is_synced","",""
"","0","test_rpc_method_is_available[Test for Bifrost Polkadot, url: wss://bifrost-polkadot.dotters.network]","tests","Sun May 03 15:19:39 UTC 2026","broken","Sun May 03 15:19:39 UTC 2026","","test_rpc_methods_availability","",""
"","178","test_rpc_method_is_available[Test for Kusama Relay, url: wss://rpc.ibp.network/kusama]","tests","Sun May 03 15:17:42 UTC 2026","passed","Sun May 03 15:17:42 UTC 2026","","test_rpc_methods_availability","",""
"","0","test_precision[Test for Hyperbridge Nexus]","tests","Sun May 03 15:19:46 UTC 2026","broken","Sun May 03 15:19:46 UTC 2026","TestPrecision","test_network_parameters","",""
"","14","test_has_new_assets[Test for Zeitgeist]","tests","Sun May 03 15:18:06 UTC 2026","passed","Sun May 03 15:18:06 UTC 2026","TestAssets","test_check_new_assets","",""
"","95","test_rpc_method_is_available[Test for GIANT, url: wss://rpc-anchor-2-mainnet-az-ue1.giantprotocol.org:443]","tests","Sun May 03 15:20:43 UTC 2026","passed","Sun May 03 15:20:43 UTC 2026","","test_rpc_methods_availability","",""
"","0","test_can_create_connection[Test for JAMTON, url: wss://rpc.jamton.network]","tests","Sun May 03 15:21:45 UTC 2026","passed","Sun May 03 15:21:45 UTC 2026","","test_nodes_availability","",""
"","7","test_rpc_node_is_synced[Test for Kusama Asset Hub, url: wss://asset-hub-kusama.dotters.network]","tests","Sun May 03 15:17:38 UTC 2026","passed","Sun May 03 15:17:38 UTC 2026","","test_substrate_node_is_synced","",""
"","0","test_can_create_connection[Test for Kreivo, url: wss://kreivo.kippu.rocks/]","tests","Sun May 03 15:21:22 UTC 2026","passed","Sun May 03 15:21:22 UTC 2026","","test_nodes_availability","",""
"","177","test_rpc_method_is_available[Test for Frequency, url: wss://0.rpc.frequency.xyz]","tests","Sun May 03 15:20:52 UTC 2026","passed","Sun May 03 15:20:53 UTC 2026","","test_rpc_methods_availability","",""
"","0","test_address_prefix[Test for Curio]","tests","Sun May 03 15:18:59 UTC 2026","broken","Sun May 03 15:18:59 UTC 2026","TestNetworkPrefix","test_network_parameters","",""
"","81","test_rpc_node_is_synced[Test for Polymesh, url: wss://mainnet-rpc.polymesh.network]","tests","Sun May 03 15:20:10 UTC 2026","passed","Sun May 03 15:20:10 UTC 2026","","test_substrate_node_is_synced","",""
"","0","test_can_create_connection[Test for Acurast, url: wss://public-archive.mainnet.acurast.com]","tests","Sun May 03 15:22:05 UTC 2026","passed","Sun May 03 15:22:05 UTC 2026","","test_nodes_availability","",""
"","6","test_rpc_node_is_synced[Test for Polkadot Asset Hub, url: wss://asset-hub-polkadot.dotters.network]","tests","Sun May 03 15:19:18 UTC 2026","passed","Sun May 03 15:19:18 UTC 2026","","test_substrate_node_is_synced","",""
"","102","test_rpc_method_is_available[Test for Shiden, url: wss://rpc.shiden.astar.network]","tests","Sun May 03 15:19:20 UTC 2026","passed","Sun May 03 15:19:20 UTC 2026","","test_rpc_methods_availability","",""
"","0","test_precision[Test for Mythos]","tests","Sun May 03 15:19:05 UTC 2026","passed","Sun May 03 15:19:05 UTC 2026","TestPrecision","test_network_parameters","",""
"","0","test_rpc_node_is_synced[Test for Phala, url: wss://api.phala.network/ws]","tests","Sun May 03 15:19:45 UTC 2026","broken","Sun May 03 15:19:45 UTC 2026","","test_substrate_node_is_synced","",""
"","97","test_rpc_node_is_synced[Test for Mythos, url: wss://mythos-rpc.dmarket.com]","tests","Sun May 03 15:21:20 UTC 2026","passed","Sun May 03 15:21:20 UTC 2026","","test_substrate_node_is_synced","",""
"","0","test_can_create_connection[Test for Polkadot Coretime, url: wss://polkadot-coretime-rpc.polkadot.io]","tests","Sun May 03 15:21:53 UTC 2026","passed","Sun May 03 15:21:53 UTC 2026","","test_nodes_availability","",""
"","312","test_rpc_method_is_available[Test for Kusama Asset Hub, url: wss://asset-hub-kusama.dotters.network]","tests","Sun May 03 15:17:37 UTC 2026","passed","Sun May 03 15:17:37 UTC 2026","","test_rpc_methods_availability","",""
"","1","test_precision[Test for Energy Web X]","tests","Sun May 03 15:18:53 UTC 2026","passed","Sun May 03 15:18:53 UTC 2026","TestPrecision","test_network_parameters","",""
"","0","test_can_create_connection[Test for Polkadot Collectives, url: wss://collectives.public.curie.radiumblock.co/ws]","tests","Sun May 03 15:20:54 UTC 2026","passed","Sun May 03 15:20:54 UTC 2026","","test_nodes_availability","",""
"","0","test_can_create_connection[Test for Phala, url: wss://api.phala.network/ws]","tests","Sun May 03 15:19:46 UTC 2026","broken","Sun May 03 15:19:46 UTC 2026","","test_nodes_availability","",""
"","0","test_rpc_node_is_synced[Test for UNIQUE, url: wss://unique.ibp.network]","tests","Sun May 03 15:19:36 UTC 2026","broken","Sun May 03 15:19:36 UTC 2026","","test_substrate_node_is_synced","",""
"","0","test_can_create_connection[Test for Zeitgeist, url: wss://zeitgeist.api.onfinality.io/public-ws]","tests","Sun May 03 15:18:33 UTC 2026","passed","Sun May 03 15:18:33 UTC 2026","","test_nodes_availability","",""
"","123","test_rpc_node_is_synced[Test for Astar, url: wss://astar.public.curie.radiumblock.co/ws]","tests","Sun May 03 15:18:59 UTC 2026","passed","Sun May 03 15:18:59 UTC 2026","","test_substrate_node_is_synced","",""
"","102","test_rpc_method_is_available[Test for Polkadot Asset Hub, url: wss://sys.ibp.network/asset-hub-polkadot]","tests","Sun May 03 15:19:15 UTC 2026","passed","Sun May 03 15:19:15 UTC 2026","","test_rpc_methods_availability","",""
"","0","test_chainId[Test for Creditcoin]","tests","Sun May 03 15:19:17 UTC 2026","passed","Sun May 03 15:19:17 UTC 2026","TestChainId","test_network_parameters","",""
"","103","test_rpc_method_is_available[Test for Acala, url: wss://acala-rpc-3.aca-api.network/ws]","tests","Sun May 03 15:18:26 UTC 2026","passed","Sun May 03 15:18:26 UTC 2026","","test_rpc_methods_availability","",""
"","1","test_can_create_connection[Test for Kusama Relay, url: wss://kusama.dotters.network]","tests","Sun May 03 15:17:46 UTC 2026","passed","Sun May 03 15:17:46 UTC 2026","","test_nodes_availability","",""
"","1","test_can_create_connection[Test for Mythos, url: wss://mythos-rpc.dmarket.com]","tests","Sun May 03 15:21:18 UTC 2026","passed","Sun May 03 15:21:18 UTC 2026","","test_nodes_availability","",""
"","0","test_precision[Test for Enjin Matrix]","tests","Sun May 03 15:18:54 UTC 2026","passed","Sun May 03 15:18:54 UTC 2026","TestPrecision","test_network_parameters","",""
"","107","test_rpc_method_is_available[Test for Kusama Bridge Hub, url: wss://bridge-hub-kusama.dotters.network]","tests","Sun May 03 15:20:46 UTC 2026","passed","Sun May 03 15:20:46 UTC 2026","","test_rpc_methods_availability","",""
"","50","test_has_new_assets[Test for Interlay]","tests","Sun May 03 15:18:04 UTC 2026","passed","Sun May 03 15:18:05 UTC 2026","TestAssets","test_check_new_assets","",""
"","0","test_precision[Test for krest]","tests","Sun May 03 15:18:48 UTC 2026","passed","Sun May 03 15:18:48 UTC 2026","TestPrecision","test_network_parameters","",""
"","0","test_rpc_node_is_synced[Test for QUARTZ, url: wss://eu-ws-quartz.unique.network]","tests","Sun May 03 15:20:37 UTC 2026","broken","Sun May 03 15:20:37 UTC 2026","","test_substrate_node_is_synced","",""
"","12","test_rpc_node_is_synced[Test for Polkadot People, url: wss://people-polkadot.public.curie.radiumblock.co/ws]","tests","Sun May 03 15:17:53 UTC 2026","passed","Sun May 03 15:17:53 UTC 2026","","test_substrate_node_is_synced","",""
"","9","test_has_new_assets[Test for Kusama Asset Hub]","tests","Sun May 03 15:17:49 UTC 2026","passed","Sun May 03 15:17:49 UTC 2026","TestAssets","test_check_new_assets","",""
"","8","test_rpc_node_is_synced[Test for Enjin Matrix, url: wss://rpc.matrix.blockchain.enjin.io]","tests","Sun May 03 15:21:02 UTC 2026","passed","Sun May 03 15:21:02 UTC 2026","","test_substrate_node_is_synced","",""
"","71","test_rpc_node_is_synced[Test for Kreivo, url: wss://kreivo.kippu.rocks/]","tests","Sun May 03 15:21:22 UTC 2026","passed","Sun May 03 15:21:22 UTC 2026","","test_substrate_node_is_synced","",""
"","0","test_can_create_connection[Test for Basilisk, url: wss://rpc.basilisk.cloud]","tests","Sun May 03 15:19:55 UTC 2026","passed","Sun May 03 15:19:55 UTC 2026","","test_nodes_availability","",""
"","93","test_rpc_node_is_synced[Test for Kusama People, url: wss://ksm-rpc.stakeworld.io/people]","tests","Sun May 03 15:18:15 UTC 2026","passed","Sun May 03 15:18:15 UTC 2026","","test_substrate_node_is_synced","",""
"","0","test_can_create_connection[Test for Kusama People, url: wss://ksm-rpc.stakeworld.io/people]","tests","Sun May 03 15:18:15 UTC 2026","passed","Sun May 03 15:18:15 UTC 2026","","test_nodes_availability","",""
"","0","test_can_create_connection[Test for Enjin Matrix, url: wss://rpc.matrix.blockchain.enjin.io]","tests","Sun May 03 15:20:58 UTC 2026","passed","Sun May 03 15:20:58 UTC 2026","","test_nodes_availability","",""
"","0","test_precision[Test for Polkadot People]","tests","Sun May 03 15:17:32 UTC 2026","passed","Sun May 03 15:17:32 UTC 2026","TestPrecision","test_network_parameters","",""
"","0","test_precision[Test for Shiden]","tests","Sun May 03 15:17:36 UTC 2026","passed","Sun May 03 15:17:36 UTC 2026","TestPrecision","test_network_parameters","",""
"","0","test_precision[Test for Tanssi]","tests","Sun May 03 15:19:45 UTC 2026","passed","Sun May 03 15:19:45 UTC 2026","TestPrecision","test_network_parameters","",""
"","0","test_can_create_connection[Test for Phala, url: wss://phala.public.curie.radiumblock.co/ws]","tests","Sun May 03 15:20:04 UTC 2026","passed","Sun May 03 15:20:04 UTC 2026","","test_nodes_availability","",""
"","117","test_rpc_method_is_available[Test for Polkadot Bridge Hub, url: wss://dot-rpc.stakeworld.io/bridgehub]","tests","Sun May 03 15:20:50 UTC 2026","passed","Sun May 03 15:20:51 UTC 2026","","test_rpc_methods_availability","",""
"","1","test_address_prefix[Test for Interlay]","tests","Sun May 03 15:18:04 UTC 2026","passed","Sun May 03 15:18:04 UTC 2026","TestNetworkPrefix","test_network_parameters","",""
"","0","test_precision[Test for Karura]","tests","Sun May 03 15:17:38 UTC 2026","passed","Sun May 03 15:17:38 UTC 2026","TestPrecision","test_network_parameters","",""
"","1","test_address_prefix[Test for Manta Atlantic]","tests","Sun May 03 15:18:45 UTC 2026","passed","Sun May 03 15:18:45 UTC 2026","TestNetworkPrefix","test_network_parameters","",""
"","0","test_can_create_connection[Test for Polkadex, url: wss://polkadex.public.curie.radiumblock.co/ws]","tests","Sun May 03 15:20:23 UTC 2026","broken","Sun May 03 15:20:23 UTC 2026","","test_nodes_availability","",""
"","107","test_rpc_node_is_synced[Test for Ajuna, url: wss://rpc-para.ajuna.network]","tests","Sun May 03 15:20:40 UTC 2026","passed","Sun May 03 15:20:41 UTC 2026","","test_substrate_node_is_synced","",""
"","0","test_rpc_node_is_synced[Test for Nodle Parachain, url: wss://nodle-parachain.api.onfinality.io/public-ws]","tests","Sun May 03 15:18:52 UTC 2026","broken","Sun May 03 15:18:52 UTC 2026","","test_substrate_node_is_synced","",""
"","0","test_address_prefix[Test for Creditcoin]","tests","Sun May 03 15:19:09 UTC 2026","passed","Sun May 03 15:19:09 UTC 2026","TestNetworkPrefix","test_network_parameters","",""
"","96","test_rpc_method_is_available[Test for Bifrost Polkadot, url: wss://eu.bifrost-polkadot-rpc.liebi.com/ws]","tests","Sun May 03 15:19:53 UTC 2026","passed","Sun May 03 15:19:53 UTC 2026","","test_rpc_methods_availability","",""
"","220","test_rpc_node_is_synced[Test for Bifrost Kusama, url: wss://bifrost-rpc.liebi.com/ws]","tests","Sun May 03 15:19:55 UTC 2026","passed","Sun May 03 15:19:56 UTC 2026","","test_substrate_node_is_synced","",""
"","0","test_can_create_connection[Test for Polkadot Relay, url: wss://rpc-polkadot.luckyfriday.io]","tests","Sun May 03 15:18:14 UTC 2026","passed","Sun May 03 15:18:14 UTC 2026","","test_nodes_availability","",""
"","0","test_chainId[Test for Laos]","tests","Sun May 03 15:19:35 UTC 2026","passed","Sun May 03 15:19:35 UTC 2026","TestChainId","test_network_parameters","",""
"","0","test_can_create_connection[Test for Basilisk, url: wss://basilisk-rpc.n.dwellir.com]","tests","Sun May 03 15:19:52 UTC 2026","passed","Sun May 03 15:19:52 UTC 2026","","test_nodes_availability","",""
"","0","test_chainId[Test for Amplitude]","tests","Sun May 03 15:18:18 UTC 2026","broken","Sun May 03 15:18:18 UTC 2026","TestChainId","test_network_parameters","",""
"","0","test_has_new_assets[Test for DeepBrain]","tests","Sun May 03 15:19:28 UTC 2026","broken","Sun May 03 15:19:28 UTC 2026","TestAssets","test_check_new_assets","",""
"","0","test_address_prefix[Test for Phala]","tests","Sun May 03 15:18:56 UTC 2026","broken","Sun May 03 15:18:56 UTC 2026","TestNetworkPrefix","test_network_parameters","",""
"","0","test_rpc_method_is_available[Test for Tangle, url: wss://rpc.tangle.tools]","tests","Sun May 03 15:21:58 UTC 2026","broken","Sun May 03 15:21:58 UTC 2026","","test_rpc_methods_availability","",""
"","0","test_address_prefix[Test for krest]","tests","Sun May 03 15:18:42 UTC 2026","passed","Sun May 03 15:18:42 UTC 2026","TestNetworkPrefix","test_network_parameters","",""
"","0","test_rpc_method_is_available[Test for Hyperbridge Nexus, url: wss://nexus.dotters.network]","tests","Sun May 03 15:21:43 UTC 2026","broken","Sun May 03 15:21:43 UTC 2026","","test_rpc_methods_availability","",""
"","107","test_rpc_node_is_synced[Test for Polkadot Collectives, url: wss://dot-rpc.stakeworld.io/collectives]","tests","Sun May 03 15:21:00 UTC 2026","passed","Sun May 03 15:21:00 UTC 2026","","test_substrate_node_is_synced","",""
"","1","test_can_create_connection[Test for Shiden, url: wss://shiden.public.curie.radiumblock.co/ws]","tests","Sun May 03 15:19:32 UTC 2026","passed","Sun May 03 15:19:32 UTC 2026","","test_nodes_availability","",""
"","1","test_can_create_connection[Test for Crust Shadow, url: wss://rpc-shadow.crust.network/]","tests","Sun May 03 15:18:49 UTC 2026","passed","Sun May 03 15:18:49 UTC 2026","","test_nodes_availability","",""
"","0","test_can_create_connection[Test for Frequency, url: wss://0.rpc.frequency.xyz]","tests","Sun May 03 15:20:41 UTC 2026","passed","Sun May 03 15:20:41 UTC 2026","","test_nodes_availability","",""
"","0","test_can_create_connection[Test for Frequency, url: wss://1.rpc.frequency.xyz]","tests","Sun May 03 15:20:43 UTC 2026","passed","Sun May 03 15:20:43 UTC 2026","","test_nodes_availability","",""
"","103","test_rpc_method_is_available[Test for Moonriver, url: wss://wss.api.moonriver.moonbeam.network]","tests","Sun May 03 15:18:37 UTC 2026","passed","Sun May 03 15:18:37 UTC 2026","","test_rpc_methods_availability","",""
"","102","test_rpc_method_is_available[Test for Vara, url: wss://rpc.vara-network.io]","tests","Sun May 03 15:21:00 UTC 2026","passed","Sun May 03 15:21:00 UTC 2026","","test_rpc_methods_availability","",""
"","0","test_can_create_connection[Test for Polkadot Coretime, url: wss://sys.ibp.network/coretime-polkadot]","tests","Sun May 03 15:21:48 UTC 2026","passed","Sun May 03 15:21:48 UTC 2026","","test_nodes_availability","",""
"","0","test_address_prefix[Test for Polkadot Coretime]","tests","Sun May 03 15:19:22 UTC 2026","passed","Sun May 03 15:19:22 UTC 2026","TestNetworkPrefix","test_network_parameters","",""
"","105","test_rpc_method_is_available[Test for Polkadot Relay, url: wss://dot-rpc.stakeworld.io]","tests","Sun May 03 15:18:01 UTC 2026","passed","Sun May 03 15:18:01 UTC 2026","","test_rpc_methods_availability","",""
"","91","test_rpc_node_is_synced[Test for Bifrost Kusama, url: wss://us.bifrost-rpc.liebi.com/ws]","tests","Sun May 03 15:20:01 UTC 2026","passed","Sun May 03 15:20:01 UTC 2026","","test_substrate_node_is_synced","",""
"","1","test_can_create_connection[Test for Manta Atlantic, url: wss://ws.manta.systems]","tests","Sun May 03 15:20:58 UTC 2026","passed","Sun May 03 15:20:58 UTC 2026","","test_nodes_availability","",""
"","199","test_rpc_node_work_fast[Test for Ethereum, url: https://ethereum-rpc.publicnode.com]","tests","Sun May 03 15:17:28 UTC 2026","passed","Sun May 03 15:17:28 UTC 2026","TestETHNodesAvailability","test_eth_nodes_availability","",""
"","0","test_can_create_connection[Test for Heima, url: wss://heima-rpc.n.dwellir.com]","tests","Sun May 03 15:20:04 UTC 2026","passed","Sun May 03 15:20:04 UTC 2026","","test_nodes_availability","",""
"","45","test_has_new_assets[Test for Acala]","tests","Sun May 03 15:17:47 UTC 2026","passed","Sun May 03 15:17:47 UTC 2026","TestAssets","test_check_new_assets","",""
"","110","test_rpc_node_is_synced[Test for Polkadot People, url: wss://polkadot-people-rpc.polkadot.io]","tests","Sun May 03 15:17:42 UTC 2026","passed","Sun May 03 15:17:42 UTC 2026","","test_substrate_node_is_synced","",""
"","7","test_has_new_assets[Test for Manta Atlantic]","tests","Sun May 03 15:18:53 UTC 2026","passed","Sun May 03 15:18:53 UTC 2026","TestAssets","test_check_new_assets","",""
"","0","test_precision[Test for Kusama Bridge Hub]","tests","Sun May 03 15:18:47 UTC 2026","passed","Sun May 03 15:18:47 UTC 2026","TestPrecision","test_network_parameters","",""
"","245","test_rpc_node_is_synced[Test for Ethereum, url: https://ethereum-rpc.publicnode.com]","tests","Sun May 03 15:17:39 UTC 2026","broken","Sun May 03 15:17:39 UTC 2026","TestETHNodesAvailability","test_eth_nodes_availability","",""
"","108","test_rpc_method_is_available[Test for Interlay, url: wss://api.interlay.io/parachain]","tests","Sun May 03 15:18:41 UTC 2026","passed","Sun May 03 15:18:41 UTC 2026","","test_rpc_methods_availability","",""
"","94","test_rpc_method_is_available[Test for Heima, url: wss://rpc.litentry-parachain.litentry.io]","tests","Sun May 03 15:19:58 UTC 2026","passed","Sun May 03 15:19:58 UTC 2026","","test_rpc_methods_availability","",""
"","14","test_rpc_node_is_synced[Test for Polkadot Relay, url: wss://dot-rpc.stakeworld.io]","tests","Sun May 03 15:18:01 UTC 2026","passed","Sun May 03 15:18:01 UTC 2026","","test_substrate_node_is_synced","",""
"","0","test_precision[Test for Curio]","tests","Sun May 03 15:19:06 UTC 2026","broken","Sun May 03 15:19:06 UTC 2026","TestPrecision","test_network_parameters","",""
"","129","test_rpc_method_is_available[Test for Kusama Coretime, url: wss://kusama-coretime-rpc.polkadot.io]","tests","Sun May 03 15:22:00 UTC 2026","passed","Sun May 03 15:22:01 UTC 2026","","test_rpc_methods_availability","",""
"","0","test_can_create_connection[Test for Encointer, url: wss://encointer-kusama.dotters.network]","tests","Sun May 03 15:19:28 UTC 2026","passed","Sun May 03 15:19:28 UTC 2026","","test_nodes_availability","",""
"","0","test_can_create_connection[Test for Astar, url: wss://astar-rpc.n.dwellir.com]","tests","Sun May 03 15:18:56 UTC 2026","passed","Sun May 03 15:18:56 UTC 2026","","test_nodes_availability","",""
"","96","test_rpc_method_is_available[Test for Aventus, url: wss://avn-parachain.mainnet.aventus.io]","tests","Sun May 03 15:20:28 UTC 2026","passed","Sun May 03 15:20:28 UTC 2026","","test_rpc_methods_availability","",""
"","187","test_rpc_method_is_available[Test for Karura, url: wss://karura-rpc-0.aca-api.network]","tests","Sun May 03 15:17:38 UTC 2026","passed","Sun May 03 15:17:39 UTC 2026","","test_rpc_methods_availability","",""
"","0","test_chainId[Test for Westend (TESTNET)]","tests","Sun May 03 15:17:40 UTC 2026","passed","Sun May 03 15:17:40 UTC 2026","TestChainId","test_network_parameters","",""
"","0","test_can_create_connection[Test for Polkadot Bridge Hub, url: wss://bridge-hub-polkadot.dotters.network]","tests","Sun May 03 15:20:48 UTC 2026","passed","Sun May 03 15:20:48 UTC 2026","","test_nodes_availability","",""
"","0","test_can_create_connection[Test for Hyperbridge Nexus, url: wss://hyperbridge-nexus-rpc.blockops.network]","tests","Sun May 03 15:21:58 UTC 2026","broken","Sun May 03 15:21:58 UTC 2026","","test_nodes_availability","",""
"","0","test_chainId[Test for Vara]","tests","Sun May 03 15:18:35 UTC 2026","passed","Sun May 03 15:18:35 UTC 2026","TestChainId","test_network_parameters","",""
"","0","test_address_prefix[Test for Crust Polkadot Parachain]","tests","Sun May 03 15:18:27 UTC 2026","passed","Sun May 03 15:18:27 UTC 2026","TestNetworkPrefix","test_network_parameters","",""
"","13","test_has_new_assets[Test for Ajuna]","tests","Sun May 03 15:18:23 UTC 2026","passed","Sun May 03 15:18:23 UTC 2026","TestAssets","test_check_new_assets","",""
"","109","test_rpc_node_is_synced[Test for Polkadot Relay, url: wss://apps-rpc.polkadot.io]","tests","Sun May 03 15:17:58 UTC 2026","passed","Sun May 03 15:17:58 UTC 2026","","test_substrate_node_is_synced","",""
"","165","test_rpc_method_is_available[Test for Enjin Matrix, url: wss://rpc.matrix.blockchain.enjin.io]","tests","Sun May 03 15:21:01 UTC 2026","passed","Sun May 03 15:21:01 UTC 2026","","test_rpc_methods_availability","",""
"","0","test_address_prefix[Test for Polkadex]","tests","Sun May 03 15:17:54 UTC 2026","passed","Sun May 03 15:17:54 UTC 2026","TestNetworkPrefix","test_network_parameters","",""
"","0","test_precision[Test for Heima]","tests","Sun May 03 15:18:14 UTC 2026","passed","Sun May 03 15:18:14 UTC 2026","TestPrecision","test_network_parameters","",""
"","14","test_has_new_assets[Test for Hydration]","tests","Sun May 03 15:18:00 UTC 2026","passed","Sun May 03 15:18:00 UTC 2026","TestAssets","test_check_new_assets","",""
"","7","test_has_new_assets[Test for Polkadot Collectives]","tests","Sun May 03 15:18:40 UTC 2026","passed","Sun May 03 15:18:40 UTC 2026","TestAssets","test_check_new_assets","",""
"","272","test_rpc_method_is_available[Test for Polkadot Relay, url: wss://rpc-polkadot-1.novasama-tech.org]","tests","Sun May 03 15:17:38 UTC 2026","passed","Sun May 03 15:17:38 UTC 2026","","test_rpc_methods_availability","",""
"","174","test_rpc_method_is_available[Test for Moonbeam, url: wss://wss.api.moonbeam.network]","tests","Sun May 03 15:17:59 UTC 2026","passed","Sun May 03 15:17:59 UTC 2026","","test_rpc_methods_availability","",""
"","11","test_rpc_node_is_synced[Test for Avail, url: wss://avail.api.onfinality.io/public-ws]","tests","Sun May 03 15:21:37 UTC 2026","passed","Sun May 03 15:21:37 UTC 2026","","test_substrate_node_is_synced","",""
"","0","test_can_create_connection[Test for Centrifuge Parachain, url: wss://fullnode.centrifuge.io]","tests","Sun May 03 15:18:54 UTC 2026","passed","Sun May 03 15:18:54 UTC 2026","","test_nodes_availability","",""
"","1","test_address_prefix[Test for Ternoa]","tests","Sun May 03 15:18:07 UTC 2026","passed","Sun May 03 15:18:07 UTC 2026","TestNetworkPrefix","test_network_parameters","",""
"","0","test_has_new_assets[Test for Tangle]","tests","Sun May 03 15:19:30 UTC 2026","broken","Sun May 03 15:19:30 UTC 2026","TestAssets","test_check_new_assets","",""
"","106","test_rpc_method_is_available[Test for Astar, url: wss://rpc.astar.network]","tests","Sun May 03 15:18:51 UTC 2026","passed","Sun May 03 15:18:51 UTC 2026","","test_rpc_methods_availability","",""
"","0","test_chainId[Test for 3DPass]","tests","Sun May 03 15:18:33 UTC 2026","passed","Sun May 03 15:18:33 UTC 2026","TestChainId","test_network_parameters","",""
"","0","test_chainId[Test for Bittensor]","tests","Sun May 03 15:18:23 UTC 2026","passed","Sun May 03 15:18:23 UTC 2026","TestChainId","test_network_parameters","",""
"","0","test_chainId[Test for Aventus]","tests","Sun May 03 15:18:50 UTC 2026","passed","Sun May 03 15:18:50 UTC 2026","TestChainId","test_network_parameters","",""
"","0","test_has_new_assets[Test for QUARTZ]","tests","Sun May 03 15:17:43 UTC 2026","broken","Sun May 03 15:17:43 UTC 2026","TestAssets","test_check_new_assets","",""
"","0","test_can_create_connection[Test for Polkadot Collectives, url: wss://sys.ibp.network/collectives-polkadot]","tests","Sun May 03 15:20:52 UTC 2026","passed","Sun May 03 15:20:52 UTC 2026","","test_nodes_availability","",""
"","0","test_can_create_connection[Test for Polkadot Asset Hub, url: wss://asset-hub-polkadot-rpc.n.dwellir.com]","tests","Sun May 03 15:19:11 UTC 2026","passed","Sun May 03 15:19:11 UTC 2026","","test_nodes_availability","",""
"","1","test_can_create_connection[Test for Karura, url: wss://karura-rpc-3.aca-api.network/ws]","tests","Sun May 03 15:17:50 UTC 2026","passed","Sun May 03 15:17:50 UTC 2026","","test_nodes_availability","",""
"","8","test_rpc_node_is_synced[Test for Altair, url: wss://altair.api.onfinality.io/public-ws]","tests","Sun May 03 15:20:15 UTC 2026","passed","Sun May 03 15:20:15 UTC 2026","","test_substrate_node_is_synced","",""
"","160","test_rpc_method_is_available[Test for Moonriver, url: wss://moonriver-rpc.publicnode.com]","tests","Sun May 03 15:18:16 UTC 2026","passed","Sun May 03 15:18:16 UTC 2026","","test_rpc_methods_availability","",""
"","26","test_chainId[Test for Humanode]","tests","Sun May 03 15:19:42 UTC 2026","passed","Sun May 03 15:19:42 UTC 2026","TestChainId","test_network_parameters","",""
"","7","test_rpc_node_is_synced[Test for 3DPass, url: wss://rpc.p3d.top]","tests","Sun May 03 15:21:18 UTC 2026","passed","Sun May 03 15:21:18 UTC 2026","","test_substrate_node_is_synced","",""
"","100","test_rpc_method_is_available[Test for Creditcoin, url: wss://mainnet3.creditcoin.network]","tests","Sun May 03 15:21:30 UTC 2026","passed","Sun May 03 15:21:30 UTC 2026","","test_rpc_methods_availability","",""
"","0","test_can_create_connection[Test for Amplitude, url: wss://rpc-amplitude.pendulumchain.tech]","tests","Sun May 03 15:20:03 UTC 2026","broken","Sun May 03 15:20:03 UTC 2026","","test_nodes_availability","",""
"","0","test_precision[Test for Enjin Relay]","tests","Sun May 03 15:18:57 UTC 2026","passed","Sun May 03 15:18:57 UTC 2026","TestPrecision","test_network_parameters","",""
"","0","test_can_create_connection[Test for Kusama People, url: wss://kusama-people-rpc.polkadot.io]","tests","Sun May 03 15:17:57 UTC 2026","passed","Sun May 03 15:17:57 UTC 2026","","test_nodes_availability","",""
"","0","test_rpc_node_is_synced[Test for Curio, url: wss://archive.parachain.curioinvest.com]","tests","Sun May 03 15:21:21 UTC 2026","broken","Sun May 03 15:21:21 UTC 2026","","test_substrate_node_is_synced","",""
"","142","test_rpc_node_is_synced[Test for Hydration, url: wss://rpc-hydra.novasama-tech.org]","tests","Sun May 03 15:19:03 UTC 2026","passed","Sun May 03 15:19:03 UTC 2026","","test_substrate_node_is_synced","",""
"","7","test_has_new_assets[Test for Tanssi]","tests","Sun May 03 15:19:34 UTC 2026","passed","Sun May 03 15:19:34 UTC 2026","TestAssets","test_check_new_assets","",""
"","1","test_chainId[Test for Acala]","tests","Sun May 03 15:17:44 UTC 2026","passed","Sun May 03 15:17:44 UTC 2026","TestChainId","test_network_parameters","",""
"","139","test_rpc_method_is_available[Test for Manta Atlantic, url: wss://ws.manta.systems]","tests","Sun May 03 15:21:05 UTC 2026","passed","Sun May 03 15:21:05 UTC 2026","","test_rpc_methods_availability","",""
"","95","test_rpc_node_is_synced[Test for Polkadot Asset Hub, url: wss://rpc-assethub.novasama-tech.org]","tests","Sun May 03 15:19:04 UTC 2026","passed","Sun May 03 15:19:04 UTC 2026","","test_substrate_node_is_synced","",""
"","0","test_chainId[Test for Polkadot Asset Hub]","tests","Sun May 03 15:17:44 UTC 2026","passed","Sun May 03 15:17:44 UTC 2026","TestChainId","test_network_parameters","",""
"","1","test_can_create_connection[Test for Bifrost Polkadot, url: wss://eu.bifrost-polkadot-rpc.liebi.com/ws]","tests","Sun May 03 15:19:54 UTC 2026","passed","Sun May 03 15:19:54 UTC 2026","","test_nodes_availability","",""
"","0","test_rpc_method_is_available[Test for Moonbeam, url: wss://moonbeam.public.curie.radiumblock.co/ws]","tests","Sun May 03 15:18:34 UTC 2026","broken","Sun May 03 15:18:34 UTC 2026","","test_rpc_methods_availability","",""
"","0","test_has_new_assets[Test for Hyperbridge Nexus]","tests","Sun May 03 15:19:34 UTC 2026","broken","Sun May 03 15:19:34 UTC 2026","TestAssets","test_check_new_assets","",""
"","145","test_has_new_assets[Test for Altair]","tests","Sun May 03 15:17:32 UTC 2026","passed","Sun May 03 15:17:33 UTC 2026","TestAssets","test_check_new_assets","",""
"","0","test_address_prefix[Test for Shiden]","tests","Sun May 03 15:17:36 UTC 2026","passed","Sun May 03 15:17:36 UTC 2026","TestNetworkPrefix","test_network_parameters","",""
"","0","test_precision[Test for Joystream]","tests","Sun May 03 15:18:58 UTC 2026","passed","Sun May 03 15:18:58 UTC 2026","TestPrecision","test_network_parameters","",""
"","0","test_can_create_connection[Test for DENTNet, url: wss://rpc.dentnet.io/ws]","tests","Sun May 03 15:21:36 UTC 2026","passed","Sun May 03 15:21:36 UTC 2026","","test_nodes_availability","",""
"","97","test_rpc_node_is_synced[Test for Kusama Relay, url: wss://rpc-kusama-2.novasama-tech.org]","tests","Sun May 03 15:17:39 UTC 2026","passed","Sun May 03 15:17:39 UTC 2026","","test_substrate_node_is_synced","",""
"","6","test_rpc_node_is_synced[Test for Polkadot Coretime, url: wss://sys.ibp.network/coretime-polkadot]","tests","Sun May 03 15:21:49 UTC 2026","passed","Sun May 03 15:21:49 UTC 2026","","test_substrate_node_is_synced","",""
"","0","test_can_create_connection[Test for Kusama Relay, url: wss://rpc.ibp.network/kusama]","tests","Sun May 03 15:17:43 UTC 2026","passed","Sun May 03 15:17:43 UTC 2026","","test_nodes_availability","",""
"","13","test_has_new_assets[Test for Polkadex]","tests","Sun May 03 15:17:57 UTC 2026","passed","Sun May 03 15:17:57 UTC 2026","TestAssets","test_check_new_assets","",""
"","0","test_precision[Test for Polkadot Asset Hub]","tests","Sun May 03 15:18:09 UTC 2026","passed","Sun May 03 15:18:09 UTC 2026","TestPrecision","test_network_parameters","",""
"","1","test_address_prefix[Test for Humanode]","tests","Sun May 03 15:19:13 UTC 2026","passed","Sun May 03 15:19:13 UTC 2026","TestNetworkPrefix","test_network_parameters","",""
"","1","test_address_prefix[Test for Acurast]","tests","Sun May 03 15:19:33 UTC 2026","passed","Sun May 03 15:19:33 UTC 2026","TestNetworkPrefix","test_network_parameters","",""
"","0","test_can_create_connection[Test for Polkadot Bridge Hub, url: wss://sys.ibp.network/bridgehub-polkadot]","tests","Sun May 03 15:20:44 UTC 2026","passed","Sun May 03 15:20:44 UTC 2026","","test_nodes_availability","",""
"","93","test_rpc_method_is_available[Test for UNIQUE, url: wss://asia-ws.unique.network/]","tests","Sun May 03 15:20:16 UTC 2026","passed","Sun May 03 15:20:16 UTC 2026","","test_rpc_methods_availability","",""
"","8","test_has_new_assets[Test for GIANT]","tests","Sun May 03 15:18:34 UTC 2026","passed","Sun May 03 15:18:34 UTC 2026","TestAssets","test_check_new_assets","",""
"","169","test_rpc_method_is_available[Test for Polymesh, url: wss://mainnet-rpc.polymesh.network]","tests","Sun May 03 15:20:08 UTC 2026","passed","Sun May 03 15:20:09 UTC 2026","","test_rpc_methods_availability","",""
"","72","test_rpc_node_is_synced[Test for Aventus, url: wss://avn-parachain.mainnet.aventus.io]","tests","Sun May 03 15:20:30 UTC 2026","passed","Sun May 03 15:20:30 UTC 2026","","test_substrate_node_is_synced","",""
"","0","test_can_create_connection[Test for Curio, url: wss://archive.parachain.curioinvest.com]","tests","Sun May 03 15:21:13 UTC 2026","broken","Sun May 03 15:21:13 UTC 2026","","test_nodes_availability","",""
"","99","test_rpc_method_is_available[Test for Polkadot Coretime, url: wss://sys.ibp.network/coretime-polkadot]","tests","Sun May 03 15:21:51 UTC 2026","passed","Sun May 03 15:21:51 UTC 2026","","test_rpc_methods_availability","",""
"","0","test_rpc_node_is_synced[Test for QUARTZ, url: wss://us-ws-quartz.unique.network]","tests","Sun May 03 15:20:48 UTC 2026","broken","Sun May 03 15:20:48 UTC 2026","","test_substrate_node_is_synced","",""
"","235","test_rpc_node_is_synced[Test for Kusama Relay, url: wss://1rpc.io/ksm]","tests","Sun May 03 15:18:03 UTC 2026","passed","Sun May 03 15:18:03 UTC 2026","","test_substrate_node_is_synced","",""
"","0","test_chainId[Test for Manta Atlantic]","tests","Sun May 03 15:19:02 UTC 2026","passed","Sun May 03 15:19:02 UTC 2026","TestChainId","test_network_parameters","",""
"","0","test_address_prefix[Test for Aventus]","tests","Sun May 03 15:18:32 UTC 2026","passed","Sun May 03 15:18:32 UTC 2026","TestNetworkPrefix","test_network_parameters","",""
"","170","test_rpc_method_is_available[Test for Aventus, url: wss://public-rpc.mainnet.aventus.io]","tests","Sun May 03 15:20:33 UTC 2026","passed","Sun May 03 15:20:33 UTC 2026","","test_rpc_methods_availability","",""
"","107","test_rpc_method_is_available[Test for Astar, url: wss://astar-rpc.n.dwellir.com]","tests","Sun May 03 15:18:56 UTC 2026","passed","Sun May 03 15:18:56 UTC 2026","","test_rpc_methods_availability","",""
"","0","test_can_create_connection[Test for Cere, url: wss://rpc.mainnet.cere.network/ws]","tests","Sun May 03 15:22:18 UTC 2026","passed","Sun May 03 15:22:18 UTC 2026","","test_nodes_availability","",""
"","0","test_can_create_connection[Test for Hydration, url: wss://rpc-hydra.novasama-tech.org]","tests","Sun May 03 15:19:03 UTC 2026","passed","Sun May 03 15:19:03 UTC 2026","","test_nodes_availability","",""
"","0","test_rpc_method_is_available[Test for Crab, url: wss://crab-rpc.darwinia.network/]","tests","Sun May 03 15:20:50 UTC 2026","broken","Sun May 03 15:20:50 UTC 2026","","test_rpc_methods_availability","",""
"","135","test_rpc_method_is_available[Test for Hydration, url: wss://rpc-hydra.novasama-tech.org]","tests","Sun May 03 15:19:01 UTC 2026","passed","Sun May 03 15:19:02 UTC 2026","","test_rpc_methods_availability","",""
"","283","test_rpc_node_is_synced[Test for Acala, url: wss://acala-rpc-0.aca-api.network]","tests","Sun May 03 15:20:53 UTC 2026","passed","Sun May 03 15:20:53 UTC 2026","","test_substrate_node_is_synced","",""
"","131","test_rpc_method_is_available[Test for Hydration, url: wss://hydration.dotters.network]","tests","Sun May 03 15:19:17 UTC 2026","passed","Sun May 03 15:19:18 UTC 2026","","test_rpc_methods_availability","",""
"","0","test_can_create_connection[Test for Polkadot Relay, url: wss://polkadot.public.curie.radiumblock.co/ws]","tests","Sun May 03 15:18:04 UTC 2026","passed","Sun May 03 15:18:04 UTC 2026","","test_nodes_availability","",""
"","112","test_rpc_method_is_available[Test for Polkadot Coretime, url: wss://polkadot-coretime-rpc.polkadot.io]","tests","Sun May 03 15:21:55 UTC 2026","passed","Sun May 03 15:21:55 UTC 2026","","test_rpc_methods_availability","",""
"","0","test_can_create_connection[Test for Moonbeam, url: wss://moonbeam.dotters.network]","tests","Sun May 03 15:18:20 UTC 2026","broken","Sun May 03 15:18:20 UTC 2026","","test_nodes_availability","",""
"","0","test_chainId[Test for QUARTZ]","tests","Sun May 03 15:17:40 UTC 2026","broken","Sun May 03 15:17:40 UTC 2026","TestChainId","test_network_parameters","",""
"","1","test_chainId[Test for NeuroWeb]","tests","Sun May 03 15:18:01 UTC 2026","passed","Sun May 03 15:18:01 UTC 2026","TestChainId","test_network_parameters","",""
"","0","test_can_create_connection[Test for Crust Shadow, url: wss://rpc2-shadow.crust.network/]","tests","Sun May 03 15:18:44 UTC 2026","passed","Sun May 03 15:18:44 UTC 2026","","test_nodes_availability","",""
"","0","test_rpc_node_is_synced[Test for UNIQUE, url: wss://unique.dotters.network]","tests","Sun May 03 15:19:47 UTC 2026","broken","Sun May 03 15:19:47 UTC 2026","","test_substrate_node_is_synced","",""
"","12","test_has_new_assets[Test for Enjin Matrix]","tests","Sun May 03 15:18:45 UTC 2026","passed","Sun May 03 15:18:45 UTC 2026","TestAssets","test_check_new_assets","",""
"","0","test_precision[Test for Laos]","tests","Sun May 03 15:19:34 UTC 2026","passed","Sun May 03 15:19:34 UTC 2026","TestPrecision","test_network_parameters","",""
"","0","test_can_create_connection[Test for Tangle, url: wss://rpc.tangle.tools]","tests","Sun May 03 15:21:56 UTC 2026","broken","Sun May 03 15:21:56 UTC 2026","","test_nodes_availability","",""
"","11","test_has_new_assets[Test for Crust Shadow]","tests","Sun May 03 15:18:13 UTC 2026","passed","Sun May 03 15:18:13 UTC 2026","TestAssets","test_check_new_assets","",""
"","0","test_address_prefix[Test for Encointer]","tests","Sun May 03 15:17:58 UTC 2026","passed","Sun May 03 15:17:58 UTC 2026","TestNetworkPrefix","test_network_parameters","",""
"","162","test_rpc_method_is_available[Test for Frequency, url: wss://1.rpc.frequency.xyz]","tests","Sun May 03 15:20:54 UTC 2026","passed","Sun May 03 15:20:55 UTC 2026","","test_rpc_methods_availability","",""
"","91","test_rpc_node_is_synced[Test for Bifrost Polkadot, url: wss://eu.bifrost-polkadot-rpc.liebi.com/ws]","tests","Sun May 03 15:19:54 UTC 2026","passed","Sun May 03 15:19:54 UTC 2026","","test_substrate_node_is_synced","",""
"","94","test_rpc_method_is_available[Test for Kusama Bridge Hub, url: wss://sys.ibp.network/bridgehub-kusama]","tests","Sun May 03 15:20:52 UTC 2026","passed","Sun May 03 15:20:52 UTC 2026","","test_rpc_methods_availability","",""
"","0","test_precision[Test for DeepBrain]","tests","Sun May 03 15:19:29 UTC 2026","broken","Sun May 03 15:19:29 UTC 2026","TestPrecision","test_network_parameters","",""
"","109","test_rpc_node_is_synced[Test for Joystream, url: wss://rpc.joystream.org]","tests","Sun May 03 15:21:07 UTC 2026","passed","Sun May 03 15:21:07 UTC 2026","","test_substrate_node_is_synced","",""
"","209","test_rpc_node_is_synced[Test for Creditcoin, url: wss://mainnet3.creditcoin.network]","tests","Sun May 03 15:21:33 UTC 2026","passed","Sun May 03 15:21:33 UTC 2026","","test_substrate_node_is_synced","",""
"","102","test_rpc_node_is_synced[Test for UNIQUE, url: wss://us-ws.unique.network/]","tests","Sun May 03 15:20:14 UTC 2026","passed","Sun May 03 15:20:14 UTC 2026","","test_substrate_node_is_synced","",""
"","107","test_rpc_method_is_available[Test for DAO IPCI, url: wss://ipci.rpc.robonomics.network]","tests","Sun May 03 15:20:11 UTC 2026","passed","Sun May 03 15:20:11 UTC 2026","","test_rpc_methods_availability","",""
"","148","test_rpc_method_is_available[Test for Kusama Relay, url: wss://kusama.dotters.network]","tests","Sun May 03 15:17:46 UTC 2026","passed","Sun May 03 15:17:46 UTC 2026","","test_rpc_methods_availability","",""
"","0","test_can_create_connection[Test for Centrifuge Parachain, url: wss://rpc-centrifuge.luckyfriday.io]","tests","Sun May 03 15:18:57 UTC 2026","passed","Sun May 03 15:18:57 UTC 2026","","test_nodes_availability","",""
"","0","test_can_create_connection[Test for Karura, url: wss://karura-rpc-0.aca-api.network]","tests","Sun May 03 15:17:37 UTC 2026","passed","Sun May 03 15:17:37 UTC 2026","","test_nodes_availability","",""
"","178","test_rpc_method_is_available[Test for Kusama Relay, url: wss://rpc-kusama.luckyfriday.io]","tests","Sun May 03 15:17:55 UTC 2026","passed","Sun May 03 15:17:55 UTC 2026","","test_rpc_methods_availability","",""
"","0","test_rpc_method_is_available[Test for Nodle Parachain, url: wss://nodle-parachain.api.onfinality.io/public-ws]","tests","Sun May 03 15:18:54 UTC 2026","broken","Sun May 03 15:18:54 UTC 2026","","test_rpc_methods_availability","",""
"","143","test_rpc_method_is_available[Test for Phala, url: wss://phala.public.curie.radiumblock.co/ws]","tests","Sun May 03 15:20:06 UTC 2026","passed","Sun May 03 15:20:07 UTC 2026","","test_rpc_methods_availability","",""
"","1","test_address_prefix[Test for Altair]","tests","Sun May 03 15:17:31 UTC 2026","passed","Sun May 03 15:17:31 UTC 2026","TestNetworkPrefix","test_network_parameters","",""
"","155","test_rpc_node_is_synced[Test for XX network, url: wss://rpc.xx.network]","tests","Sun May 03 15:20:19 UTC 2026","passed","Sun May 03 15:20:19 UTC 2026","","test_substrate_node_is_synced","",""
"","0","test_precision[Test for NeuroWeb]","tests","Sun May 03 15:17:59 UTC 2026","passed","Sun May 03 15:17:59 UTC 2026","TestPrecision","test_network_parameters","",""
"","101","test_rpc_method_is_available[Test for Polkadot Relay, url: wss://rpc-polkadot.luckyfriday.io]","tests","Sun May 03 15:18:13 UTC 2026","passed","Sun May 03 15:18:13 UTC 2026","","test_rpc_methods_availability","",""
"","17","test_rpc_node_is_synced[Test for Frequency, url: wss://0.rpc.frequency.xyz]","tests","Sun May 03 15:20:45 UTC 2026","passed","Sun May 03 15:20:45 UTC 2026","","test_substrate_node_is_synced","",""
