"DESCRIPTION","DURATION IN MS","NAME","PARENT SUITE","START TIME","STATUS","STOP TIME","SUB SUITE","SUITE","TEST CLASS","TEST METHOD"
"","0","test_rpc_method_is_available[Test for Bifrost Kusama, url: wss://us.bifrost-rpc.liebi.com/ws]","tests","Sat May 16 15:26:53 UTC 2026","broken","Sat May 16 15:26:53 UTC 2026","","test_rpc_methods_availability","",""
"","7","test_has_new_assets[Test for NeuroWeb]","tests","Sat May 16 15:24:57 UTC 2026","passed","Sat May 16 15:24:57 UTC 2026","TestAssets","test_check_new_assets","",""
"","213","test_rpc_node_is_synced[Test for Crust Shadow, url: wss://rpc2-shadow.crust.network/]","tests","Sat May 16 15:25:42 UTC 2026","passed","Sat May 16 15:25:42 UTC 2026","","test_substrate_node_is_synced","",""
"","1","test_address_prefix[Test for DENTNet]","tests","Sat May 16 15:26:30 UTC 2026","passed","Sat May 16 15:26:30 UTC 2026","TestNetworkPrefix","test_network_parameters","",""
"","0","test_precision[Test for Crust Polkadot Parachain]","tests","Sat May 16 15:25:08 UTC 2026","passed","Sat May 16 15:25:08 UTC 2026","TestPrecision","test_network_parameters","",""
"","10","test_has_new_assets[Test for Astar]","tests","Sat May 16 15:24:40 UTC 2026","passed","Sat May 16 15:24:40 UTC 2026","TestAssets","test_check_new_assets","",""
"","0","test_chainId[Test for Joystream]","tests","Sat May 16 15:25:47 UTC 2026","passed","Sat May 16 15:25:47 UTC 2026","TestChainId","test_network_parameters","",""
"","130","test_rpc_node_is_synced[Test for Bifrost Polkadot, url: wss://eu.bifrost-polkadot-rpc.liebi.com/ws]","tests","Sat May 16 15:26:58 UTC 2026","passed","Sat May 16 15:26:58 UTC 2026","","test_substrate_node_is_synced","",""
"","7","test_has_new_assets[Test for Manta Atlantic]","tests","Sat May 16 15:25:49 UTC 2026","passed","Sat May 16 15:25:49 UTC 2026","TestAssets","test_check_new_assets","",""
"","0","test_can_create_connection[Test for Aventus, url: wss://public-rpc.mainnet.aventus.io]","tests","Sat May 16 15:27:40 UTC 2026","passed","Sat May 16 15:27:40 UTC 2026","","test_nodes_availability","",""
"","1","test_precision[Test for Zeitgeist]","tests","Sat May 16 15:24:53 UTC 2026","passed","Sat May 16 15:24:53 UTC 2026","TestPrecision","test_network_parameters","",""
"","0","test_can_create_connection[Test for Moonbeam, url: wss://wss.api.moonbeam.network]","tests","Sat May 16 15:24:47 UTC 2026","passed","Sat May 16 15:24:47 UTC 2026","","test_nodes_availability","",""
"","1","test_precision[Test for Robonomics]","tests","Sat May 16 15:24:41 UTC 2026","passed","Sat May 16 15:24:41 UTC 2026","TestPrecision","test_network_parameters","",""
"","130","test_rpc_node_is_synced[Test for Polkadot Coretime, url: wss://polkadot-coretime-rpc.polkadot.io]","tests","Sat May 16 15:29:28 UTC 2026","passed","Sat May 16 15:29:28 UTC 2026","","test_substrate_node_is_synced","",""
"","136","test_rpc_method_is_available[Test for Kusama Relay, url: wss://kusama.dotters.network]","tests","Sat May 16 15:24:29 UTC 2026","passed","Sat May 16 15:24:30 UTC 2026","","test_rpc_methods_availability","",""
"","1","test_can_create_connection[Test for Astar, url: wss://astar-rpc.n.dwellir.com]","tests","Sat May 16 15:25:54 UTC 2026","passed","Sat May 16 15:25:54 UTC 2026","","test_nodes_availability","",""
"","0","test_precision[Test for Mythos]","tests","Sat May 16 15:25:51 UTC 2026","passed","Sat May 16 15:25:51 UTC 2026","TestPrecision","test_network_parameters","",""
"","331","test_rpc_node_is_synced[Test for Karura, url: wss://karura-rpc-0.aca-api.network]","tests","Sat May 16 15:24:25 UTC 2026","passed","Sat May 16 15:24:25 UTC 2026","","test_substrate_node_is_synced","",""
"","414","test_rpc_node_is_synced[Test for Karura, url: wss://karura-rpc-2.aca-api.network/ws]","tests","Sat May 16 15:24:33 UTC 2026","passed","Sat May 16 15:24:33 UTC 2026","","test_substrate_node_is_synced","",""
"","0","test_chainId[Test for Frequency]","tests","Sat May 16 15:25:37 UTC 2026","passed","Sat May 16 15:25:37 UTC 2026","TestChainId","test_network_parameters","",""
"","1","test_can_create_connection[Test for Crust Shadow, url: wss://rpc-shadow.crust.network/]","tests","Sat May 16 15:25:46 UTC 2026","passed","Sat May 16 15:25:46 UTC 2026","","test_nodes_availability","",""
"","0","test_can_create_connection[Test for Polkadot Collectives, url: wss://collectives-polkadot.dotters.network]","tests","Sat May 16 15:28:35 UTC 2026","passed","Sat May 16 15:28:35 UTC 2026","","test_nodes_availability","",""
"","69","test_rpc_node_is_synced[Test for Polkadot Relay, url: wss://1rpc.io/dot]","tests","Sat May 16 15:25:02 UTC 2026","passed","Sat May 16 15:25:02 UTC 2026","","test_substrate_node_is_synced","",""
"","0","test_can_create_connection[Test for Avail, url: wss://mainnet.avail-rpc.com/]","tests","Sat May 16 15:28:57 UTC 2026","passed","Sat May 16 15:28:57 UTC 2026","","test_nodes_availability","",""
"","134","test_rpc_node_is_synced[Test for NeuroWeb, url: wss://parachain-rpc.origin-trail.network]","tests","Sat May 16 15:27:34 UTC 2026","passed","Sat May 16 15:27:34 UTC 2026","","test_substrate_node_is_synced","",""
"","0","test_chainId[Test for Curio]","tests","Sat May 16 15:25:59 UTC 2026","broken","Sat May 16 15:25:59 UTC 2026","TestChainId","test_network_parameters","",""
"","0","test_address_prefix[Test for Mythos]","tests","Sat May 16 15:26:16 UTC 2026","passed","Sat May 16 15:26:16 UTC 2026","TestNetworkPrefix","test_network_parameters","",""
"","0","test_address_prefix[Test for Polkadot Asset Hub]","tests","Sat May 16 15:24:33 UTC 2026","passed","Sat May 16 15:24:33 UTC 2026","TestNetworkPrefix","test_network_parameters","",""
"","0","test_chainId[Test for Karura]","tests","Sat May 16 15:24:35 UTC 2026","passed","Sat May 16 15:24:35 UTC 2026","TestChainId","test_network_parameters","",""
"","0","test_address_prefix[Test for Kintsugi]","tests","Sat May 16 15:24:44 UTC 2026","passed","Sat May 16 15:24:44 UTC 2026","TestNetworkPrefix","test_network_parameters","",""
"","93","test_rpc_method_is_available[Test for Kusama People, url: wss://ksm-rpc.stakeworld.io/people]","tests","Sat May 16 15:24:47 UTC 2026","passed","Sat May 16 15:24:47 UTC 2026","","test_rpc_methods_availability","",""
"","94","test_rpc_method_is_available[Test for Kusama Coretime, url: wss://ksm-rpc.stakeworld.io/coretime]","tests","Sat May 16 15:28:57 UTC 2026","passed","Sat May 16 15:28:58 UTC 2026","","test_rpc_methods_availability","",""
"","133","test_rpc_node_is_synced[Test for Ethereum, url: https://ethereum-rpc.publicnode.com]","tests","Sat May 16 15:24:32 UTC 2026","broken","Sat May 16 15:24:32 UTC 2026","TestETHNodesAvailability","test_eth_nodes_availability","",""
"","93","test_rpc_method_is_available[Test for Kusama Coretime, url: wss://sys.ibp.network/coretime-kusama]","tests","Sat May 16 15:28:57 UTC 2026","passed","Sat May 16 15:28:58 UTC 2026","","test_rpc_methods_availability","",""
"","131","test_rpc_node_is_synced[Test for Westend (TESTNET), url: wss://westend-rpc.polkadot.io]","tests","Sat May 16 15:25:04 UTC 2026","passed","Sat May 16 15:25:04 UTC 2026","","test_substrate_node_is_synced","",""
"","0","test_chainId[Test for XX network]","tests","Sat May 16 15:25:08 UTC 2026","passed","Sat May 16 15:25:08 UTC 2026","TestChainId","test_network_parameters","",""
"","7","test_has_new_assets[Test for Polkadot Coretime]","tests","Sat May 16 15:26:19 UTC 2026","passed","Sat May 16 15:26:19 UTC 2026","TestAssets","test_check_new_assets","",""
"","0","test_rpc_node_is_synced[Test for Amplitude, url: wss://rpc-amplitude.pendulumchain.tech]","tests","Sat May 16 15:27:47 UTC 2026","broken","Sat May 16 15:27:47 UTC 2026","","test_substrate_node_is_synced","",""
"","0","test_precision[Test for Curio]","tests","Sat May 16 15:25:58 UTC 2026","broken","Sat May 16 15:25:58 UTC 2026","TestPrecision","test_network_parameters","",""
"","0","test_rpc_method_is_available[Test for DAO IPCI, url: wss://ipci.rpc.robonomics.network]","tests","Sat May 16 15:27:02 UTC 2026","broken","Sat May 16 15:27:02 UTC 2026","","test_rpc_methods_availability","",""
"","0","test_rpc_node_is_synced[Test for Curio, url: wss://archive.parachain.curioinvest.com]","tests","Sat May 16 15:28:49 UTC 2026","broken","Sat May 16 15:28:49 UTC 2026","","test_substrate_node_is_synced","",""
"","192","test_rpc_node_is_synced[Test for Acala, url: wss://acala-rpc-3.aca-api.network/ws]","tests","Sat May 16 15:25:39 UTC 2026","passed","Sat May 16 15:25:39 UTC 2026","","test_substrate_node_is_synced","",""
"","0","test_can_create_connection[Test for QUARTZ, url: wss://quartz.unique.network]","tests","Sat May 16 15:28:11 UTC 2026","broken","Sat May 16 15:28:11 UTC 2026","","test_nodes_availability","",""
"","0","test_address_prefix[Test for Polkadot Relay]","tests","Sat May 16 15:24:43 UTC 2026","passed","Sat May 16 15:24:43 UTC 2026","TestNetworkPrefix","test_network_parameters","",""
"","0","test_rpc_method_is_available[Test for Bifrost Polkadot, url: wss://bifrost-polkadot.ibp.network]","tests","Sat May 16 15:26:17 UTC 2026","broken","Sat May 16 15:26:17 UTC 2026","","test_rpc_methods_availability","",""
"","110","test_rpc_node_is_synced[Test for Aventus, url: wss://public-rpc.mainnet.aventus.io]","tests","Sat May 16 15:27:42 UTC 2026","passed","Sat May 16 15:27:42 UTC 2026","","test_substrate_node_is_synced","",""
"","95","test_rpc_method_is_available[Test for Bittensor, url: wss://lite.sub.latent.to:443]","tests","Sat May 16 15:27:26 UTC 2026","passed","Sat May 16 15:27:26 UTC 2026","","test_rpc_methods_availability","",""
"","0","test_address_prefix[Test for 3DPass]","tests","Sat May 16 15:25:48 UTC 2026","passed","Sat May 16 15:25:48 UTC 2026","TestNetworkPrefix","test_network_parameters","",""
"","0","test_precision[Test for Enjin Matrix]","tests","Sat May 16 15:25:38 UTC 2026","passed","Sat May 16 15:25:38 UTC 2026","TestPrecision","test_network_parameters","",""
"","0","test_can_create_connection[Test for Polkadot People, url: wss://people-polkadot.public.curie.radiumblock.co/ws]","tests","Sat May 16 15:24:41 UTC 2026","passed","Sat May 16 15:24:41 UTC 2026","","test_nodes_availability","",""
"","1","test_chainId[Test for Humanode]","tests","Sat May 16 15:26:14 UTC 2026","passed","Sat May 16 15:26:14 UTC 2026","TestChainId","test_network_parameters","",""
"","93","test_rpc_method_is_available[Test for Kusama Bridge Hub, url: wss://sys.ibp.network/bridgehub-kusama]","tests","Sat May 16 15:27:46 UTC 2026","passed","Sat May 16 15:27:46 UTC 2026","","test_rpc_methods_availability","",""
"","0","test_chainId[Test for Vara]","tests","Sat May 16 15:25:24 UTC 2026","passed","Sat May 16 15:25:24 UTC 2026","TestChainId","test_network_parameters","",""
"","143","test_rpc_node_is_synced[Test for UNIQUE, url: wss://eu-ws.unique.network/]","tests","Sat May 16 15:27:15 UTC 2026","passed","Sat May 16 15:27:15 UTC 2026","","test_substrate_node_is_synced","",""
"","0","test_can_create_connection[Test for CC Enterprise, url: wss://mainnet.creditcoin.network/ws]","tests","Sat May 16 15:28:59 UTC 2026","passed","Sat May 16 15:28:59 UTC 2026","","test_nodes_availability","",""
"","0","test_precision[Test for Kusama People]","tests","Sat May 16 15:24:24 UTC 2026","passed","Sat May 16 15:24:24 UTC 2026","TestPrecision","test_network_parameters","",""
"","0","test_can_create_connection[Test for 3DPass, url: wss://rpc.p3d.top]","tests","Sat May 16 15:28:17 UTC 2026","passed","Sat May 16 15:28:17 UTC 2026","","test_nodes_availability","",""
"","1","test_precision[Test for Polkadot Asset Hub]","tests","Sat May 16 15:24:38 UTC 2026","passed","Sat May 16 15:24:38 UTC 2026","TestPrecision","test_network_parameters","",""
"","0","test_can_create_connection[Test for Kusama Relay, url: wss://rpc.ibp.network/kusama]","tests","Sat May 16 15:24:28 UTC 2026","passed","Sat May 16 15:24:28 UTC 2026","","test_nodes_availability","",""
"","36","test_rpc_node_is_synced[Test for Kusama Relay, url: wss://rpc.ibp.network/kusama]","tests","Sat May 16 15:24:32 UTC 2026","passed","Sat May 16 15:24:32 UTC 2026","","test_substrate_node_is_synced","",""
"","0","test_address_prefix[Test for Moonbeam]","tests","Sat May 16 15:24:28 UTC 2026","passed","Sat May 16 15:24:28 UTC 2026","TestNetworkPrefix","test_network_parameters","",""
"","0","test_precision[Test for Kusama Relay]","tests","Sat May 16 15:24:48 UTC 2026","passed","Sat May 16 15:24:48 UTC 2026","TestPrecision","test_network_parameters","",""
"","0","test_address_prefix[Test for Aventus]","tests","Sat May 16 15:26:04 UTC 2026","passed","Sat May 16 15:26:04 UTC 2026","TestNetworkPrefix","test_network_parameters","",""
"","0","test_precision[Test for Polymesh]","tests","Sat May 16 15:25:20 UTC 2026","passed","Sat May 16 15:25:20 UTC 2026","TestPrecision","test_network_parameters","",""
"","7","test_has_new_assets[Test for JAMTON]","tests","Sat May 16 15:26:15 UTC 2026","passed","Sat May 16 15:26:15 UTC 2026","TestAssets","test_check_new_assets","",""
"","0","test_can_create_connection[Test for QUARTZ, url: wss://us-ws-quartz.unique.network]","tests","Sat May 16 15:28:34 UTC 2026","broken","Sat May 16 15:28:34 UTC 2026","","test_nodes_availability","",""
"","0","test_rpc_method_is_available[Test for Moonriver, url: wss://moonriver.public.curie.radiumblock.co/ws]","tests","Sat May 16 15:25:32 UTC 2026","broken","Sat May 16 15:25:32 UTC 2026","","test_rpc_methods_availability","",""
"","92","test_rpc_method_is_available[Test for Bifrost Kusama, url: wss://bifrost-rpc.liebi.com/ws]","tests","Sat May 16 15:26:12 UTC 2026","passed","Sat May 16 15:26:12 UTC 2026","","test_rpc_methods_availability","",""
"","0","test_address_prefix[Test for Ajuna]","tests","Sat May 16 15:25:44 UTC 2026","passed","Sat May 16 15:25:44 UTC 2026","TestNetworkPrefix","test_network_parameters","",""
"","1","test_address_prefix[Test for Bittensor]","tests","Sat May 16 15:25:39 UTC 2026","passed","Sat May 16 15:25:39 UTC 2026","TestNetworkPrefix","test_network_parameters","",""
"","0","test_rpc_node_is_synced[Test for QUARTZ, url: wss://quartz.unique.network]","tests","Sat May 16 15:27:56 UTC 2026","broken","Sat May 16 15:27:56 UTC 2026","","test_substrate_node_is_synced","",""
"","128","test_rpc_method_is_available[Test for Polkadot Collectives, url: wss://dot-rpc.stakeworld.io/collectives]","tests","Sat May 16 15:27:55 UTC 2026","passed","Sat May 16 15:27:55 UTC 2026","","test_rpc_methods_availability","",""
"","9","test_has_new_assets[Test for Creditcoin]","tests","Sat May 16 15:26:06 UTC 2026","passed","Sat May 16 15:26:06 UTC 2026","TestAssets","test_check_new_assets","",""
"","91","test_has_new_assets[Test for Altair]","tests","Sat May 16 15:24:22 UTC 2026","passed","Sat May 16 15:24:22 UTC 2026","TestAssets","test_check_new_assets","",""
"","11","test_has_new_assets[Test for Polkadot Collectives]","tests","Sat May 16 15:25:35 UTC 2026","passed","Sat May 16 15:25:35 UTC 2026","TestAssets","test_check_new_assets","",""
"","167","test_rpc_node_is_synced[Test for Kusama Relay, url: wss://rpc-kusama-1.novasama-tech.org]","tests","Sat May 16 15:25:31 UTC 2026","passed","Sat May 16 15:25:31 UTC 2026","","test_substrate_node_is_synced","",""
"","0","test_rpc_node_is_synced[Test for UNIQUE, url: wss://unique.ibp.network]","tests","Sat May 16 15:27:24 UTC 2026","broken","Sat May 16 15:27:24 UTC 2026","","test_substrate_node_is_synced","",""
"","93","test_rpc_method_is_available[Test for Bittensor, url: wss://entrypoint-finney.opentensor.ai:443]","tests","Sat May 16 15:27:32 UTC 2026","passed","Sat May 16 15:27:32 UTC 2026","","test_rpc_methods_availability","",""
"","1","test_can_create_connection[Test for Centrifuge Parachain, url: wss://fullnode.centrifuge.io]","tests","Sat May 16 15:25:52 UTC 2026","passed","Sat May 16 15:25:52 UTC 2026","","test_nodes_availability","",""
"","0","test_chainId[Test for Kusama People]","tests","Sat May 16 15:24:31 UTC 2026","passed","Sat May 16 15:24:31 UTC 2026","TestChainId","test_network_parameters","",""
"","1","test_can_create_connection[Test for Kreivo, url: wss://kreivo.kippu.rocks/]","tests","Sat May 16 15:28:52 UTC 2026","passed","Sat May 16 15:28:52 UTC 2026","","test_nodes_availability","",""
"","93","test_rpc_method_is_available[Test for Kusama Relay, url: wss://kusama.public.curie.radiumblock.co/ws]","tests","Sat May 16 15:24:52 UTC 2026","passed","Sat May 16 15:24:53 UTC 2026","","test_rpc_methods_availability","",""
"","22","test_rpc_node_is_synced[Test for Phala, url: wss://phala.public.curie.radiumblock.co/ws]","tests","Sat May 16 15:27:04 UTC 2026","passed","Sat May 16 15:27:04 UTC 2026","","test_substrate_node_is_synced","",""
"","92","test_rpc_method_is_available[Test for Kusama Bridge Hub, url: wss://bridge-hub-kusama.dotters.network]","tests","Sat May 16 15:27:48 UTC 2026","passed","Sat May 16 15:27:48 UTC 2026","","test_rpc_methods_availability","",""
"","0","test_address_prefix[Test for Crab]","tests","Sat May 16 15:26:05 UTC 2026","broken","Sat May 16 15:26:05 UTC 2026","TestNetworkPrefix","test_network_parameters","",""
"","0","test_address_prefix[Test for Bifrost Kusama]","tests","Sat May 16 15:24:34 UTC 2026","passed","Sat May 16 15:24:34 UTC 2026","TestNetworkPrefix","test_network_parameters","",""
"","1","test_can_create_connection[Test for Kusama Bridge Hub, url: wss://sys.ibp.network/bridgehub-kusama]","tests","Sat May 16 15:28:23 UTC 2026","passed","Sat May 16 15:28:23 UTC 2026","","test_nodes_availability","",""
"","0","test_precision[Test for peaq]","tests","Sat May 16 15:26:12 UTC 2026","passed","Sat May 16 15:26:12 UTC 2026","TestPrecision","test_network_parameters","",""
"","97","test_rpc_method_is_available[Test for NeuroWeb, url: wss://parachain-rpc.origin-trail.network]","tests","Sat May 16 15:27:24 UTC 2026","passed","Sat May 16 15:27:24 UTC 2026","","test_rpc_methods_availability","",""
"","0","test_chainId[Test for Laos]","tests","Sat May 16 15:26:40 UTC 2026","broken","Sat May 16 15:26:40 UTC 2026","TestChainId","test_network_parameters","",""
"","1","test_precision[Test for Pendulum]","tests","Sat May 16 15:25:04 UTC 2026","passed","Sat May 16 15:25:04 UTC 2026","TestPrecision","test_network_parameters","",""
"","163","test_rpc_method_is_available[Test for Ajuna, url: wss://rpc-para.ajuna.network]","tests","Sat May 16 15:27:20 UTC 2026","passed","Sat May 16 15:27:20 UTC 2026","","test_rpc_methods_availability","",""
"","156","test_rpc_method_is_available[Test for Kusama Relay, url: wss://rpc.ibp.network/kusama]","tests","Sat May 16 15:24:25 UTC 2026","passed","Sat May 16 15:24:25 UTC 2026","","test_rpc_methods_availability","",""
"","36","test_rpc_node_is_synced[Test for Frequency, url: wss://1.rpc.frequency.xyz]","tests","Sat May 16 15:28:06 UTC 2026","passed","Sat May 16 15:28:07 UTC 2026","","test_substrate_node_is_synced","",""
"","112","test_rpc_node_is_synced[Test for Moonriver, url: wss://wss.api.moonriver.moonbeam.network]","tests","Sat May 16 15:25:35 UTC 2026","passed","Sat May 16 15:25:35 UTC 2026","","test_substrate_node_is_synced","",""
"","0","test_can_create_connection[Test for Moonriver, url: wss://moonriver.public.curie.radiumblock.co/ws]","tests","Sat May 16 15:25:41 UTC 2026","broken","Sat May 16 15:25:41 UTC 2026","","test_nodes_availability","",""
"","1","test_can_create_connection[Test for Polkadot Relay, url: wss://rpc.ibp.network/polkadot]","tests","Sat May 16 15:24:35 UTC 2026","passed","Sat May 16 15:24:35 UTC 2026","","test_nodes_availability","",""
"","0","test_rpc_method_is_available[Test for Crab, url: wss://crab-rpc.darwinia.network/]","tests","Sat May 16 15:27:35 UTC 2026","broken","Sat May 16 15:27:35 UTC 2026","","test_rpc_methods_availability","",""
"","0","test_can_create_connection[Test for Acala, url: wss://acala-rpc-3.aca-api.network/ws]","tests","Sat May 16 15:25:19 UTC 2026","passed","Sat May 16 15:25:19 UTC 2026","","test_nodes_availability","",""
"","0","test_can_create_connection[Test for QUARTZ, url: wss://eu-ws-quartz.unique.network]","tests","Sat May 16 15:28:23 UTC 2026","broken","Sat May 16 15:28:23 UTC 2026","","test_nodes_availability","",""
"","52","test_rpc_node_is_synced[Test for Centrifuge Parachain, url: wss://rpc-centrifuge.luckyfriday.io]","tests","Sat May 16 15:25:56 UTC 2026","passed","Sat May 16 15:25:56 UTC 2026","","test_substrate_node_is_synced","",""
"","0","test_precision[Test for Moonriver]","tests","Sat May 16 15:24:21 UTC 2026","passed","Sat May 16 15:24:21 UTC 2026","TestPrecision","test_network_parameters","",""
"","12","test_has_new_assets[Test for Frequency]","tests","Sat May 16 15:25:35 UTC 2026","passed","Sat May 16 15:25:35 UTC 2026","TestAssets","test_check_new_assets","",""
"","137","test_rpc_node_is_synced[Test for Centrifuge Parachain, url: wss://fullnode.centrifuge.io]","tests","Sat May 16 15:25:52 UTC 2026","passed","Sat May 16 15:25:52 UTC 2026","","test_substrate_node_is_synced","",""
"","101","test_rpc_method_is_available[Test for Polkadot Coretime, url: wss://coretime-polkadot.dotters.network]","tests","Sat May 16 15:28:40 UTC 2026","passed","Sat May 16 15:28:40 UTC 2026","","test_rpc_methods_availability","",""
"","0","test_chainId[Test for Pendulum]","tests","Sat May 16 15:25:11 UTC 2026","passed","Sat May 16 15:25:11 UTC 2026","TestChainId","test_network_parameters","",""
"","51","test_rpc_node_is_synced[Test for Kusama Coretime, url: wss://coretime-kusama.dotters.network]","tests","Sat May 16 15:29:31 UTC 2026","passed","Sat May 16 15:29:31 UTC 2026","","test_substrate_node_is_synced","",""
"","762","test_subquery_is_synced","tests","Sat May 16 15:24:31 UTC 2026","broken","Sat May 16 15:24:31 UTC 2026","","test_subquery_is_synced","",""
"","0","test_chainId[Test for peaq]","tests","Sat May 16 15:26:20 UTC 2026","passed","Sat May 16 15:26:20 UTC 2026","TestChainId","test_network_parameters","",""
"","8","test_has_new_assets[Test for Encointer]","tests","Sat May 16 15:24:42 UTC 2026","passed","Sat May 16 15:24:42 UTC 2026","TestAssets","test_check_new_assets","",""
"","0","test_rpc_method_is_available[Test for UNIQUE, url: wss://unique.ibp.network]","tests","Sat May 16 15:26:15 UTC 2026","broken","Sat May 16 15:26:15 UTC 2026","","test_rpc_methods_availability","",""
"","36","test_rpc_node_is_synced[Test for Kusama Asset Hub, url: wss://sys.ibp.network/statemine]","tests","Sat May 16 15:25:14 UTC 2026","passed","Sat May 16 15:25:14 UTC 2026","","test_substrate_node_is_synced","",""
"","1","test_address_prefix[Test for Acala]","tests","Sat May 16 15:24:34 UTC 2026","passed","Sat May 16 15:24:34 UTC 2026","TestNetworkPrefix","test_network_parameters","",""
"","0","test_precision[Test for Moonbeam]","tests","Sat May 16 15:24:30 UTC 2026","passed","Sat May 16 15:24:30 UTC 2026","TestPrecision","test_network_parameters","",""
"","151","test_rpc_node_is_synced[Test for UNIQUE, url: wss://us-ws.unique.network/]","tests","Sat May 16 15:27:20 UTC 2026","passed","Sat May 16 15:27:20 UTC 2026","","test_substrate_node_is_synced","",""
"","51","test_rpc_node_is_synced[Test for Kusama Coretime, url: wss://rpc-coretime-kusama.luckyfriday.io]","tests","Sat May 16 15:29:30 UTC 2026","passed","Sat May 16 15:29:30 UTC 2026","","test_substrate_node_is_synced","",""
"","0","test_chainId[Test for Enjin Relay]","tests","Sat May 16 15:25:49 UTC 2026","passed","Sat May 16 15:25:49 UTC 2026","TestChainId","test_network_parameters","",""
"","10","test_has_new_assets[Test for Crust Polkadot Parachain]","tests","Sat May 16 15:25:13 UTC 2026","passed","Sat May 16 15:25:13 UTC 2026","TestAssets","test_check_new_assets","",""
"","0","test_precision[Test for Bifrost Polkadot]","tests","Sat May 16 15:25:05 UTC 2026","passed","Sat May 16 15:25:05 UTC 2026","TestPrecision","test_network_parameters","",""
"","171","test_rpc_node_is_synced[Test for Polkadot Collectives, url: wss://dot-rpc.stakeworld.io/collectives]","tests","Sat May 16 15:28:36 UTC 2026","passed","Sat May 16 15:28:36 UTC 2026","","test_substrate_node_is_synced","",""
"","0","test_can_create_connection[Test for Polkadot Asset Hub, url: wss://sys.ibp.network/asset-hub-polkadot]","tests","Sat May 16 15:26:20 UTC 2026","passed","Sat May 16 15:26:20 UTC 2026","","test_nodes_availability","",""
"","104","test_rpc_method_is_available[Test for Heima, url: wss://heima-rpc.n.dwellir.com]","tests","Sat May 16 15:26:53 UTC 2026","passed","Sat May 16 15:26:53 UTC 2026","","test_rpc_methods_availability","",""
"","1","test_address_prefix[Test for Humanode]","tests","Sat May 16 15:26:34 UTC 2026","passed","Sat May 16 15:26:34 UTC 2026","TestNetworkPrefix","test_network_parameters","",""
"","264","test_rpc_node_is_synced[Test for Acala, url: wss://acala-rpc-2.aca-api.network/ws]","tests","Sat May 16 15:25:35 UTC 2026","passed","Sat May 16 15:25:35 UTC 2026","","test_substrate_node_is_synced","",""
"","1","test_can_create_connection[Test for Polkadot Relay, url: wss://rpc-polkadot-1.novasama-tech.org]","tests","Sat May 16 15:24:27 UTC 2026","passed","Sat May 16 15:24:27 UTC 2026","","test_nodes_availability","",""
"","0","test_can_create_connection[Test for Polkadot Relay, url: wss://polkadot.dotters.network]","tests","Sat May 16 15:24:40 UTC 2026","passed","Sat May 16 15:24:40 UTC 2026","","test_nodes_availability","",""
"","171","test_rpc_method_is_available[Test for Polkadot Relay, url: wss://rpc-polkadot-2.novasama-tech.org]","tests","Sat May 16 15:24:27 UTC 2026","passed","Sat May 16 15:24:27 UTC 2026","","test_rpc_methods_availability","",""
"","94","test_rpc_method_is_available[Test for Polkadot Relay, url: wss://1rpc.io/dot]","tests","Sat May 16 15:24:54 UTC 2026","passed","Sat May 16 15:24:54 UTC 2026","","test_rpc_methods_availability","",""
"","0","test_precision[Test for DeepBrain]","tests","Sat May 16 15:26:17 UTC 2026","broken","Sat May 16 15:26:17 UTC 2026","TestPrecision","test_network_parameters","",""
"","95","test_rpc_method_is_available[Test for Polkadot Relay, url: wss://polkadot.public.curie.radiumblock.co/ws]","tests","Sat May 16 15:24:48 UTC 2026","passed","Sat May 16 15:24:48 UTC 2026","","test_rpc_methods_availability","",""
"","7","test_has_new_assets[Test for Westend (TESTNET)]","tests","Sat May 16 15:24:33 UTC 2026","passed","Sat May 16 15:24:33 UTC 2026","TestAssets","test_check_new_assets","",""
"","0","test_rpc_method_is_available[Test for Hyperbridge Nexus, url: wss://hyperbridge-nexus-rpc.blockops.network]","tests","Sat May 16 15:29:01 UTC 2026","broken","Sat May 16 15:29:01 UTC 2026","","test_rpc_methods_availability","",""
"","0","test_can_create_connection[Test for Astar, url: wss://astar.public.curie.radiumblock.co/ws]","tests","Sat May 16 15:25:59 UTC 2026","passed","Sat May 16 15:25:59 UTC 2026","","test_nodes_availability","",""
"","0","test_rpc_method_is_available[Test for Moonbeam, url: wss://moonbeam.dotters.network]","tests","Sat May 16 15:25:08 UTC 2026","broken","Sat May 16 15:25:08 UTC 2026","","test_rpc_methods_availability","",""
"","0","test_chainId[Test for Creditcoin]","tests","Sat May 16 15:26:13 UTC 2026","passed","Sat May 16 15:26:13 UTC 2026","TestChainId","test_network_parameters","",""
"","216","test_rpc_node_is_synced[Test for Hydration, url: wss://rpc.hydradx.cloud]","tests","Sat May 16 15:26:09 UTC 2026","passed","Sat May 16 15:26:09 UTC 2026","","test_substrate_node_is_synced","",""
"","52","test_rpc_node_is_synced[Test for Kusama People, url: wss://people-kusama.dotters.network]","tests","Sat May 16 15:25:01 UTC 2026","passed","Sat May 16 15:25:01 UTC 2026","","test_substrate_node_is_synced","",""
"","1","test_can_create_connection[Test for Karura, url: wss://karura-rpc-2.aca-api.network/ws]","tests","Sat May 16 15:24:33 UTC 2026","passed","Sat May 16 15:24:33 UTC 2026","","test_nodes_availability","",""
"","8","test_has_new_assets[Test for Moonbeam]","tests","Sat May 16 15:24:31 UTC 2026","passed","Sat May 16 15:24:31 UTC 2026","TestAssets","test_check_new_assets","",""
"","0","test_precision[Test for Shiden]","tests","Sat May 16 15:24:26 UTC 2026","passed","Sat May 16 15:24:26 UTC 2026","TestPrecision","test_network_parameters","",""
"","0","test_can_create_connection[Test for Kusama Asset Hub, url: wss://asset-hub-kusama.dotters.network]","tests","Sat May 16 15:24:24 UTC 2026","passed","Sat May 16 15:24:24 UTC 2026","","test_nodes_availability","",""
"","223","test_rpc_node_is_synced[Test for Karura, url: wss://karura-rpc-3.aca-api.network/ws]","tests","Sat May 16 15:24:37 UTC 2026","passed","Sat May 16 15:24:37 UTC 2026","","test_substrate_node_is_synced","",""
"","0","test_can_create_connection[Test for krest, url: wss://krest.api.onfinality.io/public-ws']","tests","Sat May 16 15:28:40 UTC 2026","passed","Sat May 16 15:28:40 UTC 2026","","test_nodes_availability","",""
"","0","test_address_prefix[Test for Heima]","tests","Sat May 16 15:25:49 UTC 2026","passed","Sat May 16 15:25:49 UTC 2026","TestNetworkPrefix","test_network_parameters","",""
"","0","test_address_prefix[Test for Westend (TESTNET)]","tests","Sat May 16 15:24:53 UTC 2026","passed","Sat May 16 15:24:53 UTC 2026","TestNetworkPrefix","test_network_parameters","",""
"","35","test_rpc_node_is_synced[Test for Frequency, url: wss://0.rpc.frequency.xyz]","tests","Sat May 16 15:28:05 UTC 2026","passed","Sat May 16 15:28:05 UTC 2026","","test_substrate_node_is_synced","",""
"","0","test_can_create_connection[Test for Bifrost Polkadot, url: wss://hk.p.bifrost-rpc.liebi.com/ws]","tests","Sat May 16 15:26:54 UTC 2026","passed","Sat May 16 15:26:54 UTC 2026","","test_nodes_availability","",""
"","0","test_can_create_connection[Test for Kusama Relay, url: wss://rpc-kusama-2.novasama-tech.org]","tests","Sat May 16 15:24:24 UTC 2026","passed","Sat May 16 15:24:24 UTC 2026","","test_nodes_availability","",""
"","0","test_precision[Test for Bifrost Kusama]","tests","Sat May 16 15:24:32 UTC 2026","passed","Sat May 16 15:24:32 UTC 2026","TestPrecision","test_network_parameters","",""
"","0","test_can_create_connection[Test for Shiden, url: wss://rpc.shiden.astar.network]","tests","Sat May 16 15:26:23 UTC 2026","passed","Sat May 16 15:26:23 UTC 2026","","test_nodes_availability","",""
"","0","test_chainId[Test for Polkadot People]","tests","Sat May 16 15:24:28 UTC 2026","passed","Sat May 16 15:24:28 UTC 2026","TestChainId","test_network_parameters","",""
"","0","test_rpc_method_is_available[Test for Ajuna, url: wss://ajuna.ibp.network]","tests","Sat May 16 15:27:31 UTC 2026","broken","Sat May 16 15:27:31 UTC 2026","","test_rpc_methods_availability","",""
"","95","test_rpc_method_is_available[Test for Polkadot Asset Hub, url: wss://asset-hub-polkadot-rpc.n.dwellir.com]","tests","Sat May 16 15:25:47 UTC 2026","passed","Sat May 16 15:25:47 UTC 2026","","test_rpc_methods_availability","",""
"","133","test_rpc_node_is_synced[Test for Kusama Relay, url: wss://apps-kusama-rpc.polkadot.io]","tests","Sat May 16 15:24:42 UTC 2026","passed","Sat May 16 15:24:43 UTC 2026","","test_substrate_node_is_synced","",""
"","7","test_has_new_assets[Test for 3DPass]","tests","Sat May 16 15:25:26 UTC 2026","passed","Sat May 16 15:25:26 UTC 2026","TestAssets","test_check_new_assets","",""
"","0","test_chainId[Test for DAO IPCI]","tests","Sat May 16 15:25:21 UTC 2026","broken","Sat May 16 15:25:21 UTC 2026","TestChainId","test_network_parameters","",""
"","51","test_rpc_node_is_synced[Test for Polkadot People, url: wss://people-polkadot.dotters.network]","tests","Sat May 16 15:24:41 UTC 2026","passed","Sat May 16 15:24:41 UTC 2026","","test_substrate_node_is_synced","",""
"","0","test_chainId[Test for Energy Web X]","tests","Sat May 16 15:25:45 UTC 2026","passed","Sat May 16 15:25:45 UTC 2026","TestChainId","test_network_parameters","",""
"","0","test_precision[Test for NeuroWeb]","tests","Sat May 16 15:24:54 UTC 2026","passed","Sat May 16 15:24:54 UTC 2026","TestPrecision","test_network_parameters","",""
"","209","test_rpc_node_is_synced[Test for Crust Shadow, url: wss://rpc-shadow.crust.network/]","tests","Sat May 16 15:25:47 UTC 2026","passed","Sat May 16 15:25:47 UTC 2026","","test_substrate_node_is_synced","",""
"","167","test_rpc_node_is_synced[Test for peaq, url: wss://peaq-rpc.publicnode.com]","tests","Sat May 16 15:29:21 UTC 2026","passed","Sat May 16 15:29:21 UTC 2026","","test_substrate_node_is_synced","",""
"","49","test_rpc_node_is_synced[Test for Westend (TESTNET), url: wss://westend.public.curie.radiumblock.co/ws]","tests","Sat May 16 15:25:09 UTC 2026","passed","Sat May 16 15:25:09 UTC 2026","","test_substrate_node_is_synced","",""
"","0","test_has_new_assets[Test for Laos]","tests","Sat May 16 15:26:31 UTC 2026","broken","Sat May 16 15:26:31 UTC 2026","TestAssets","test_check_new_assets","",""
"","0","test_can_create_connection[Test for GIANT, url: wss://rpc-anchor-2-mainnet-az-ue1.giantprotocol.org:443]","tests","Sat May 16 15:28:08 UTC 2026","passed","Sat May 16 15:28:08 UTC 2026","","test_nodes_availability","",""
"","1","test_precision[Test for DENTNet]","tests","Sat May 16 15:26:06 UTC 2026","passed","Sat May 16 15:26:06 UTC 2026","TestPrecision","test_network_parameters","",""
"","0","test_can_create_connection[Test for Laos, url: wss://rpc.laos.laosfoundation.io]","tests","Sat May 16 15:29:17 UTC 2026","broken","Sat May 16 15:29:17 UTC 2026","","test_nodes_availability","",""
"","0","test_chainId[Test for Tanssi]","tests","Sat May 16 15:26:36 UTC 2026","passed","Sat May 16 15:26:36 UTC 2026","TestChainId","test_network_parameters","",""
"","0","test_chainId[Test for Bittensor]","tests","Sat May 16 15:25:28 UTC 2026","passed","Sat May 16 15:25:28 UTC 2026","TestChainId","test_network_parameters","",""
"","0","test_chainId[Test for Kusama Asset Hub]","tests","Sat May 16 15:24:44 UTC 2026","passed","Sat May 16 15:24:44 UTC 2026","TestChainId","test_network_parameters","",""
"","112","test_rpc_method_is_available[Test for Crust Shadow, url: wss://rpc-sha-subscan.crustnetwork.xyz]","tests","Sat May 16 15:25:23 UTC 2026","passed","Sat May 16 15:25:23 UTC 2026","","test_rpc_methods_availability","",""
"","0","test_can_create_connection[Test for Shiden, url: wss://shiden-rpc.n.dwellir.com]","tests","Sat May 16 15:26:28 UTC 2026","passed","Sat May 16 15:26:28 UTC 2026","","test_nodes_availability","",""
"","7","test_has_new_assets[Test for Kusama Bridge Hub]","tests","Sat May 16 15:25:32 UTC 2026","passed","Sat May 16 15:25:32 UTC 2026","TestAssets","test_check_new_assets","",""
"","95","test_rpc_method_is_available[Test for Encointer, url: wss://encointer-kusama.dotters.network]","tests","Sat May 16 15:26:04 UTC 2026","passed","Sat May 16 15:26:04 UTC 2026","","test_rpc_methods_availability","",""
"","96","test_rpc_method_is_available[Test for Kusama Coretime, url: wss://rpc-coretime-kusama.luckyfriday.io]","tests","Sat May 16 15:28:51 UTC 2026","passed","Sat May 16 15:28:51 UTC 2026","","test_rpc_methods_availability","",""
"","0","test_rpc_node_is_synced[Test for Polkadex, url: wss://so.polkadex.ee]","tests","Sat May 16 15:27:18 UTC 2026","broken","Sat May 16 15:27:18 UTC 2026","","test_substrate_node_is_synced","",""
"","0","test_precision[Test for Astar]","tests","Sat May 16 15:24:38 UTC 2026","passed","Sat May 16 15:24:38 UTC 2026","TestPrecision","test_network_parameters","",""
"","0","test_rpc_node_is_synced[Test for QUARTZ, url: wss://eu-ws-quartz.unique.network]","tests","Sat May 16 15:28:07 UTC 2026","broken","Sat May 16 15:28:07 UTC 2026","","test_substrate_node_is_synced","",""
"","161","test_rpc_node_is_synced[Test for Hydration, url: wss://rpc-hydra.novasama-tech.org]","tests","Sat May 16 15:26:02 UTC 2026","passed","Sat May 16 15:26:02 UTC 2026","","test_substrate_node_is_synced","",""
"","0","test_can_create_connection[Test for Polkadot Coretime, url: wss://polkadot-coretime-rpc.polkadot.io]","tests","Sat May 16 15:29:28 UTC 2026","passed","Sat May 16 15:29:28 UTC 2026","","test_nodes_availability","",""
"","51","test_rpc_node_is_synced[Test for Kusama Bridge Hub, url: wss://bridge-hub-kusama.dotters.network]","tests","Sat May 16 15:28:27 UTC 2026","passed","Sat May 16 15:28:27 UTC 2026","","test_substrate_node_is_synced","",""
"","1","test_address_prefix[Test for Polkadot Collectives]","tests","Sat May 16 15:26:07 UTC 2026","passed","Sat May 16 15:26:07 UTC 2026","TestNetworkPrefix","test_network_parameters","",""
"","130","test_rpc_method_is_available[Test for krest, url: wss://krest.api.onfinality.io/public-ws']","tests","Sat May 16 15:28:01 UTC 2026","passed","Sat May 16 15:28:01 UTC 2026","","test_rpc_methods_availability","",""
"","0","test_address_prefix[Test for Energy Web X]","tests","Sat May 16 15:26:13 UTC 2026","passed","Sat May 16 15:26:13 UTC 2026","TestNetworkPrefix","test_network_parameters","",""
"","0","test_chainId[Test for Polymesh]","tests","Sat May 16 15:25:05 UTC 2026","passed","Sat May 16 15:25:05 UTC 2026","TestChainId","test_network_parameters","",""
"","171","test_rpc_method_is_available[Test for Enjin Relay, url: wss://rpc.relay.blockchain.enjin.io]","tests","Sat May 16 15:28:09 UTC 2026","passed","Sat May 16 15:28:09 UTC 2026","","test_rpc_methods_availability","",""
"","1","test_can_create_connection[Test for Kusama Relay, url: wss://rpc-kusama.luckyfriday.io]","tests","Sat May 16 15:24:45 UTC 2026","passed","Sat May 16 15:24:45 UTC 2026","","test_nodes_availability","",""
"","53","test_rpc_node_is_synced[Test for Polkadot Relay, url: wss://rpc-polkadot.luckyfriday.io]","tests","Sat May 16 15:25:06 UTC 2026","passed","Sat May 16 15:25:06 UTC 2026","","test_substrate_node_is_synced","",""
"","85","test_rpc_node_is_synced[Test for Crust Polkadot Parachain, url: wss://crust-parachain.crustapps.net]","tests","Sat May 16 15:27:31 UTC 2026","passed","Sat May 16 15:27:31 UTC 2026","","test_substrate_node_is_synced","",""
"","0","test_can_create_connection[Test for Phala, url: wss://phala.public.curie.radiumblock.co/ws]","tests","Sat May 16 15:26:54 UTC 2026","passed","Sat May 16 15:26:54 UTC 2026","","test_nodes_availability","",""
"","0","test_address_prefix[Test for Kreivo]","tests","Sat May 16 15:26:23 UTC 2026","passed","Sat May 16 15:26:23 UTC 2026","TestNetworkPrefix","test_network_parameters","",""
"","135","test_rpc_node_is_synced[Test for Kusama People, url: wss://ksm-rpc.stakeworld.io/people]","tests","Sat May 16 15:25:05 UTC 2026","passed","Sat May 16 15:25:05 UTC 2026","","test_substrate_node_is_synced","",""
"","0","test_chainId[Test for Crust Polkadot Parachain]","tests","Sat May 16 15:25:16 UTC 2026","passed","Sat May 16 15:25:16 UTC 2026","TestChainId","test_network_parameters","",""
"","92","test_rpc_method_is_available[Test for Creditcoin, url: wss://mainnet3.creditcoin.network]","tests","Sat May 16 15:28:23 UTC 2026","passed","Sat May 16 15:28:23 UTC 2026","","test_rpc_methods_availability","",""
"","36","test_rpc_node_is_synced[Test for Kusama Bridge Hub, url: wss://sys.ibp.network/bridgehub-kusama]","tests","Sat May 16 15:28:28 UTC 2026","passed","Sat May 16 15:28:28 UTC 2026","","test_substrate_node_is_synced","",""
"","0","test_rpc_method_is_available[Test for Curio, url: wss://parachain.curioinvest.com/]","tests","Sat May 16 15:28:14 UTC 2026","broken","Sat May 16 15:28:14 UTC 2026","","test_rpc_methods_availability","",""
"","0","test_can_create_connection[Test for Karura, url: wss://karura-rpc-0.aca-api.network]","tests","Sat May 16 15:24:25 UTC 2026","passed","Sat May 16 15:24:25 UTC 2026","","test_nodes_availability","",""
"","0","test_chainId[Test for Acala]","tests","Sat May 16 15:24:42 UTC 2026","passed","Sat May 16 15:24:42 UTC 2026","TestChainId","test_network_parameters","",""
"","181","test_rpc_node_is_synced[Test for Polkadot People, url: wss://polkadot-people-rpc.polkadot.io]","tests","Sat May 16 15:24:36 UTC 2026","passed","Sat May 16 15:24:36 UTC 2026","","test_substrate_node_is_synced","",""
"","0","test_precision[Test for Polkadex]","tests","Sat May 16 15:24:50 UTC 2026","broken","Sat May 16 15:24:50 UTC 2026","TestPrecision","test_network_parameters","",""
"","0","test_chainId[Test for Heima]","tests","Sat May 16 15:25:14 UTC 2026","passed","Sat May 16 15:25:14 UTC 2026","TestChainId","test_network_parameters","",""
"","1","test_precision[Test for Energy Web X]","tests","Sat May 16 15:25:43 UTC 2026","passed","Sat May 16 15:25:43 UTC 2026","TestPrecision","test_network_parameters","",""
"","71","test_has_new_assets[Test for Bifrost Kusama]","tests","Sat May 16 15:24:57 UTC 2026","passed","Sat May 16 15:24:57 UTC 2026","TestAssets","test_check_new_assets","",""
"","52","test_rpc_node_is_synced[Test for krest, url: wss://krest.api.onfinality.io/public-ws']","tests","Sat May 16 15:28:40 UTC 2026","passed","Sat May 16 15:28:40 UTC 2026","","test_substrate_node_is_synced","",""
"","12","test_has_new_assets[Test for Kusama Asset Hub]","tests","Sat May 16 15:24:38 UTC 2026","passed","Sat May 16 15:24:38 UTC 2026","TestAssets","test_check_new_assets","",""
"","8","test_has_new_assets[Test for Polymesh]","tests","Sat May 16 15:25:19 UTC 2026","passed","Sat May 16 15:25:19 UTC 2026","TestAssets","test_check_new_assets","",""
"","1","test_address_prefix[Test for Moonriver]","tests","Sat May 16 15:24:19 UTC 2026","passed","Sat May 16 15:24:19 UTC 2026","TestNetworkPrefix","test_network_parameters","",""
"","0","test_precision[Test for Ajuna]","tests","Sat May 16 15:25:20 UTC 2026","passed","Sat May 16 15:25:20 UTC 2026","TestPrecision","test_network_parameters","",""
"","0","test_precision[Test for Hyperbridge Nexus]","tests","Sat May 16 15:26:32 UTC 2026","broken","Sat May 16 15:26:32 UTC 2026","TestPrecision","test_network_parameters","",""
"","0","test_address_prefix[Test for Karura]","tests","Sat May 16 15:24:25 UTC 2026","passed","Sat May 16 15:24:25 UTC 2026","TestNetworkPrefix","test_network_parameters","",""
"","0","test_chainId[Test for Shiden]","tests","Sat May 16 15:24:32 UTC 2026","passed","Sat May 16 15:24:32 UTC 2026","TestChainId","test_network_parameters","",""
"","0","test_can_create_connection[Test for Kusama People, url: wss://kusama-people-rpc.polkadot.io]","tests","Sat May 16 15:24:46 UTC 2026","passed","Sat May 16 15:24:46 UTC 2026","","test_nodes_availability","",""
"","51","test_rpc_node_is_synced[Test for Polkadot Coretime, url: wss://coretime-polkadot.dotters.network]","tests","Sat May 16 15:29:25 UTC 2026","passed","Sat May 16 15:29:25 UTC 2026","","test_substrate_node_is_synced","",""
"","1","test_can_create_connection[Test for Basilisk, url: wss://rpc.basilisk.cloud]","tests","Sat May 16 15:27:55 UTC 2026","passed","Sat May 16 15:27:55 UTC 2026","","test_nodes_availability","",""
"","137","test_rpc_node_is_synced[Test for Kusama Coretime, url: wss://ksm-rpc.stakeworld.io/coretime]","tests","Sat May 16 15:29:34 UTC 2026","passed","Sat May 16 15:29:34 UTC 2026","","test_substrate_node_is_synced","",""
"","7","test_has_new_assets[Test for Humanode]","tests","Sat May 16 15:26:11 UTC 2026","passed","Sat May 16 15:26:11 UTC 2026","TestAssets","test_check_new_assets","",""
"","0","test_can_create_connection[Test for UNIQUE, url: wss://asia-ws.unique.network/]","tests","Sat May 16 15:27:30 UTC 2026","passed","Sat May 16 15:27:30 UTC 2026","","test_nodes_availability","",""
"","34","test_rpc_node_is_synced[Test for Pendulum, url: wss://rpc-pendulum.prd.pendulumchain.tech]","tests","Sat May 16 15:27:29 UTC 2026","passed","Sat May 16 15:27:29 UTC 2026","","test_substrate_node_is_synced","",""
"","0","test_can_create_connection[Test for Tangle, url: wss://rpc.tangle.tools]","tests","Sat May 16 15:29:24 UTC 2026","broken","Sat May 16 15:29:24 UTC 2026","","test_nodes_availability","",""
"","93","test_rpc_method_is_available[Test for Encointer, url: wss://api.kusama.encointer.org]","tests","Sat May 16 15:25:10 UTC 2026","passed","Sat May 16 15:25:11 UTC 2026","","test_rpc_methods_availability","",""
"","0","test_precision[Test for Tangle]","tests","Sat May 16 15:26:23 UTC 2026","broken","Sat May 16 15:26:23 UTC 2026","TestPrecision","test_network_parameters","",""
"","0","test_can_create_connection[Test for Shiden, url: wss://shiden.public.curie.radiumblock.co/ws]","tests","Sat May 16 15:26:31 UTC 2026","passed","Sat May 16 15:26:31 UTC 2026","","test_nodes_availability","",""
"","8","test_has_new_assets[Test for Kusama People]","tests","Sat May 16 15:24:25 UTC 2026","passed","Sat May 16 15:24:25 UTC 2026","TestAssets","test_check_new_assets","",""
"","1","test_chainId[Test for Polkadot Asset Hub]","tests","Sat May 16 15:24:44 UTC 2026","passed","Sat May 16 15:24:44 UTC 2026","TestChainId","test_network_parameters","",""
"","51","test_rpc_node_is_synced[Test for Polkadot Bridge Hub, url: wss://bridge-hub-polkadot.dotters.network]","tests","Sat May 16 15:28:20 UTC 2026","passed","Sat May 16 15:28:20 UTC 2026","","test_substrate_node_is_synced","",""
"","100","test_rpc_method_is_available[Test for Moonriver, url: wss://wss.api.moonriver.moonbeam.network]","tests","Sat May 16 15:25:23 UTC 2026","passed","Sat May 16 15:25:23 UTC 2026","","test_rpc_methods_availability","",""
"","0","test_has_new_assets[Test for Amplitude]","tests","Sat May 16 15:25:10 UTC 2026","broken","Sat May 16 15:25:10 UTC 2026","TestAssets","test_check_new_assets","",""
"","0","test_can_create_connection[Test for Acala, url: wss://acala-rpc.n.dwellir.com]","tests","Sat May 16 15:25:37 UTC 2026","broken","Sat May 16 15:25:37 UTC 2026","","test_nodes_availability","",""
"","0","test_rpc_method_is_available[Test for Nodle Parachain, url: wss://nodle-parachain.api.onfinality.io/public-ws]","tests","Sat May 16 15:25:41 UTC 2026","broken","Sat May 16 15:25:41 UTC 2026","","test_rpc_methods_availability","",""
"","0","test_can_create_connection[Test for Polkadot Bridge Hub, url: wss://dot-rpc.stakeworld.io/bridgehub]","tests","Sat May 16 15:28:21 UTC 2026","passed","Sat May 16 15:28:21 UTC 2026","","test_nodes_availability","",""
"","6","test_has_new_assets[Test for Crust Shadow]","tests","Sat May 16 15:24:59 UTC 2026","passed","Sat May 16 15:24:59 UTC 2026","TestAssets","test_check_new_assets","",""
"","167","test_rpc_method_is_available[Test for Kusama Relay, url: wss://rpc-kusama.luckyfriday.io]","tests","Sat May 16 15:24:40 UTC 2026","passed","Sat May 16 15:24:40 UTC 2026","","test_rpc_methods_availability","",""
"","0","test_rpc_method_is_available[Test for Moonbeam, url: wss://moonbeam.public.curie.radiumblock.co/ws]","tests","Sat May 16 15:25:20 UTC 2026","broken","Sat May 16 15:25:20 UTC 2026","","test_rpc_methods_availability","",""
"","51","test_rpc_node_is_synced[Test for Hydration, url: wss://hydration.ibp.network]","tests","Sat May 16 15:26:14 UTC 2026","passed","Sat May 16 15:26:14 UTC 2026","","test_substrate_node_is_synced","",""
"","13","test_has_new_assets[Test for Heima]","tests","Sat May 16 15:25:10 UTC 2026","passed","Sat May 16 15:25:10 UTC 2026","TestAssets","test_check_new_assets","",""
"","52","test_rpc_node_is_synced[Test for Kusama Asset Hub, url: wss://asset-hub-kusama.dotters.network]","tests","Sat May 16 15:24:31 UTC 2026","passed","Sat May 16 15:24:32 UTC 2026","","test_substrate_node_is_synced","",""
"","0","test_can_create_connection[Test for Polkadot Bridge Hub, url: wss://bridge-hub-polkadot.dotters.network]","tests","Sat May 16 15:28:15 UTC 2026","passed","Sat May 16 15:28:15 UTC 2026","","test_nodes_availability","",""
"","0","test_rpc_node_is_synced[Test for Curio, url: wss://parachain.curioinvest.com/]","tests","Sat May 16 15:28:50 UTC 2026","broken","Sat May 16 15:28:50 UTC 2026","","test_substrate_node_is_synced","",""
"","0","test_rpc_node_is_synced[Test for Crab, url: wss://crab-rpc.darwinia.network/]","tests","Sat May 16 15:28:03 UTC 2026","broken","Sat May 16 15:28:03 UTC 2026","","test_substrate_node_is_synced","",""
"","135","test_rpc_node_is_synced[Test for Energy Web X, url: wss://public-rpc.mainnet.energywebx.com/]","tests","Sat May 16 15:28:42 UTC 2026","passed","Sat May 16 15:28:42 UTC 2026","","test_substrate_node_is_synced","",""
"","96","test_has_new_assets[Test for Polkadot Relay]","tests","Sat May 16 15:24:24 UTC 2026","passed","Sat May 16 15:24:24 UTC 2026","TestAssets","test_check_new_assets","",""
"","103","test_rpc_method_is_available[Test for Frequency, url: wss://0.rpc.frequency.xyz]","tests","Sat May 16 15:27:37 UTC 2026","passed","Sat May 16 15:27:38 UTC 2026","","test_rpc_methods_availability","",""
"","1","test_chainId[Test for Ajuna]","tests","Sat May 16 15:25:34 UTC 2026","passed","Sat May 16 15:25:34 UTC 2026","TestChainId","test_network_parameters","",""
"","0","test_precision[Test for Polkadot Relay]","tests","Sat May 16 15:24:43 UTC 2026","passed","Sat May 16 15:24:43 UTC 2026","TestPrecision","test_network_parameters","",""
"","190","test_rpc_method_is_available[Test for Polkadot Relay, url: wss://rpc-polkadot-1.novasama-tech.org]","tests","Sat May 16 15:24:22 UTC 2026","passed","Sat May 16 15:24:22 UTC 2026","","test_rpc_methods_availability","",""
"","1","test_chainId[Test for Polkadot Bridge Hub]","tests","Sat May 16 15:25:31 UTC 2026","passed","Sat May 16 15:25:31 UTC 2026","TestChainId","test_network_parameters","",""
"","0","test_chainId[Test for Polkadot Collectives]","tests","Sat May 16 15:25:37 UTC 2026","passed","Sat May 16 15:25:37 UTC 2026","TestChainId","test_network_parameters","",""
"","1","test_can_create_connection[Test for Polkadot Asset Hub, url: wss://asset-hub-polkadot-rpc.n.dwellir.com]","tests","Sat May 16 15:26:15 UTC 2026","passed","Sat May 16 15:26:15 UTC 2026","","test_nodes_availability","",""
"","1","test_chainId[Test for GIANT]","tests","Sat May 16 15:25:26 UTC 2026","passed","Sat May 16 15:25:26 UTC 2026","TestChainId","test_network_parameters","",""
"","0","test_can_create_connection[Test for Darwinia, url: wss://rpc.darwinia.network]","tests","Sat May 16 15:28:23 UTC 2026","passed","Sat May 16 15:28:23 UTC 2026","","test_nodes_availability","",""
"","123","test_rpc_method_is_available[Test for Acala, url: wss://acala-rpc.n.dwellir.com]","tests","Sat May 16 15:25:15 UTC 2026","passed","Sat May 16 15:25:15 UTC 2026","","test_rpc_methods_availability","",""
"","148","test_rpc_node_is_synced[Test for Darwinia, url: wss://rpc.darwinia.network]","tests","Sat May 16 15:28:25 UTC 2026","passed","Sat May 16 15:28:25 UTC 2026","","test_substrate_node_is_synced","",""
"","143","test_rpc_method_is_available[Test for Kusama People, url: wss://people-kusama.dotters.network]","tests","Sat May 16 15:24:43 UTC 2026","passed","Sat May 16 15:24:43 UTC 2026","","test_rpc_methods_availability","",""
"","94","test_rpc_method_is_available[Test for Hydration, url: wss://rpc-hydra.novasama-tech.org]","tests","Sat May 16 15:25:48 UTC 2026","passed","Sat May 16 15:25:48 UTC 2026","","test_rpc_methods_availability","",""
"","0","test_can_create_connection[Test for Kusama Relay, url: wss://apps-kusama-rpc.polkadot.io]","tests","Sat May 16 15:24:40 UTC 2026","passed","Sat May 16 15:24:40 UTC 2026","","test_nodes_availability","",""
"","36","test_rpc_node_is_synced[Test for Polkadot Collectives, url: wss://sys.ibp.network/collectives-polkadot]","tests","Sat May 16 15:28:35 UTC 2026","passed","Sat May 16 15:28:35 UTC 2026","","test_substrate_node_is_synced","",""
"","9","test_has_new_assets[Test for Tanssi]","tests","Sat May 16 15:26:34 UTC 2026","passed","Sat May 16 15:26:34 UTC 2026","TestAssets","test_check_new_assets","",""
"","128","test_rpc_method_is_available[Test for Karura, url: wss://karura-rpc.n.dwellir.com]","tests","Sat May 16 15:24:42 UTC 2026","passed","Sat May 16 15:24:42 UTC 2026","","test_rpc_methods_availability","",""
"","98","test_rpc_method_is_available[Test for Vara, url: wss://rpc.vara-network.io]","tests","Sat May 16 15:27:45 UTC 2026","passed","Sat May 16 15:27:45 UTC 2026","","test_rpc_methods_availability","",""
"","0","test_can_create_connection[Test for Heima, url: wss://rpc.litentry-parachain.litentry.io]","tests","Sat May 16 15:27:08 UTC 2026","passed","Sat May 16 15:27:08 UTC 2026","","test_nodes_availability","",""
"","0","test_can_create_connection[Test for Hydration, url: wss://rpc-hydra.novasama-tech.org]","tests","Sat May 16 15:26:03 UTC 2026","passed","Sat May 16 15:26:03 UTC 2026","","test_nodes_availability","",""
"","83","test_rpc_node_is_synced[Test for Moonbeam, url: wss://wss.api.moonbeam.network]","tests","Sat May 16 15:24:48 UTC 2026","passed","Sat May 16 15:24:48 UTC 2026","","test_substrate_node_is_synced","",""
"","1","test_address_prefix[Test for Enjin Relay]","tests","Sat May 16 15:26:17 UTC 2026","passed","Sat May 16 15:26:17 UTC 2026","TestNetworkPrefix","test_network_parameters","",""
"","0","test_chainId[Test for Kreivo]","tests","Sat May 16 15:25:56 UTC 2026","passed","Sat May 16 15:25:56 UTC 2026","TestChainId","test_network_parameters","",""
"","0","test_can_create_connection[Test for Polkadot Relay, url: wss://rpc-polkadot.luckyfriday.io]","tests","Sat May 16 15:25:08 UTC 2026","passed","Sat May 16 15:25:08 UTC 2026","","test_nodes_availability","",""
"","12","test_has_new_assets[Test for Aventus]","tests","Sat May 16 15:25:17 UTC 2026","passed","Sat May 16 15:25:17 UTC 2026","TestAssets","test_check_new_assets","",""
"","0","test_has_new_assets[Test for Phala]","tests","Sat May 16 15:25:44 UTC 2026","broken","Sat May 16 15:25:44 UTC 2026","TestAssets","test_check_new_assets","",""
"","0","test_precision[Test for XX network]","tests","Sat May 16 15:25:01 UTC 2026","passed","Sat May 16 15:25:01 UTC 2026","TestPrecision","test_network_parameters","",""
"","216","test_rpc_node_is_synced[Test for Karura, url: wss://karura-rpc-1.aca-api.network]","tests","Sat May 16 15:24:29 UTC 2026","passed","Sat May 16 15:24:29 UTC 2026","","test_substrate_node_is_synced","",""
"","137","test_rpc_node_is_synced[Test for Basilisk, url: wss://rpc.basilisk.cloud]","tests","Sat May 16 15:27:39 UTC 2026","passed","Sat May 16 15:27:40 UTC 2026","","test_substrate_node_is_synced","",""
"","1","test_precision[Test for Ternoa]","tests","Sat May 16 15:25:16 UTC 2026","passed","Sat May 16 15:25:16 UTC 2026","TestPrecision","test_network_parameters","",""
"","0","test_can_create_connection[Test for Mythos, url: wss://mythos-rpc.dmarket.com]","tests","Sat May 16 15:28:56 UTC 2026","passed","Sat May 16 15:28:56 UTC 2026","","test_nodes_availability","",""
"","163","test_rpc_method_is_available[Test for Polkadot People, url: wss://people-polkadot.public.curie.radiumblock.co/ws]","tests","Sat May 16 15:24:35 UTC 2026","passed","Sat May 16 15:24:35 UTC 2026","","test_rpc_methods_availability","",""
"","135","test_rpc_node_is_synced[Test for Astar, url: wss://astar-rpc.n.dwellir.com]","tests","Sat May 16 15:26:11 UTC 2026","passed","Sat May 16 15:26:11 UTC 2026","","test_substrate_node_is_synced","",""
"","0","test_precision[Test for Kusama Asset Hub]","tests","Sat May 16 15:24:56 UTC 2026","passed","Sat May 16 15:24:56 UTC 2026","TestPrecision","test_network_parameters","",""
"","7","test_has_new_assets[Test for Kusama Relay]","tests","Sat May 16 15:24:28 UTC 2026","passed","Sat May 16 15:24:28 UTC 2026","TestAssets","test_check_new_assets","",""
"","104","test_rpc_method_is_available[Test for Altair, url: wss://altair.api.onfinality.io/public-ws]","tests","Sat May 16 15:27:21 UTC 2026","passed","Sat May 16 15:27:21 UTC 2026","","test_rpc_methods_availability","",""
"","0","test_can_create_connection[Test for DeepBrain, url: wss://info.dbcwallet.io]","tests","Sat May 16 15:29:11 UTC 2026","broken","Sat May 16 15:29:11 UTC 2026","","test_nodes_availability","",""
"","0","test_address_prefix[Test for Interlay]","tests","Sat May 16 15:24:55 UTC 2026","passed","Sat May 16 15:24:55 UTC 2026","TestNetworkPrefix","test_network_parameters","",""
"","133","test_rpc_node_is_synced[Test for Kusama Bridge Hub, url: wss://ksm-rpc.stakeworld.io/bridgehub]","tests","Sat May 16 15:28:30 UTC 2026","passed","Sat May 16 15:28:31 UTC 2026","","test_substrate_node_is_synced","",""
"","0","test_can_create_connection[Test for Kusama Coretime, url: wss://coretime-kusama.dotters.network]","tests","Sat May 16 15:29:29 UTC 2026","passed","Sat May 16 15:29:29 UTC 2026","","test_nodes_availability","",""
"","129","test_rpc_node_is_synced[Test for Manta Atlantic, url: wss://ws.manta.systems]","tests","Sat May 16 15:28:32 UTC 2026","passed","Sat May 16 15:28:32 UTC 2026","","test_substrate_node_is_synced","",""
"","92","test_rpc_method_is_available[Test for Heima, url: wss://rpc.litentry-parachain.litentry.io]","tests","Sat May 16 15:26:48 UTC 2026","passed","Sat May 16 15:26:48 UTC 2026","","test_rpc_methods_availability","",""
"","0","test_can_create_connection[Test for Polkadex, url: wss://so.polkadex.ee]","tests","Sat May 16 15:27:06 UTC 2026","broken","Sat May 16 15:27:06 UTC 2026","","test_nodes_availability","",""
"","94","test_rpc_method_is_available[Test for Acurast Canary, url: wss://public-rpc.canary.acurast.com]","tests","Sat May 16 15:28:12 UTC 2026","passed","Sat May 16 15:28:12 UTC 2026","","test_rpc_methods_availability","",""
"","1","test_precision[Test for Joystream]","tests","Sat May 16 15:25:45 UTC 2026","passed","Sat May 16 15:25:45 UTC 2026","TestPrecision","test_network_parameters","",""
"","7","test_has_new_assets[Test for Joystream]","tests","Sat May 16 15:25:45 UTC 2026","passed","Sat May 16 15:25:45 UTC 2026","TestAssets","test_check_new_assets","",""
"","0","test_can_create_connection[Test for UNIQUE, url: wss://unique.ibp.network]","tests","Sat May 16 15:26:45 UTC 2026","broken","Sat May 16 15:26:45 UTC 2026","","test_nodes_availability","",""
"","0","test_address_prefix[Test for Acurast Canary]","tests","Sat May 16 15:26:20 UTC 2026","passed","Sat May 16 15:26:20 UTC 2026","TestNetworkPrefix","test_network_parameters","",""
"","0","test_rpc_method_is_available[Test for Moonbeam, url: wss://moonbeam.ibp.network]","tests","Sat May 16 15:24:56 UTC 2026","broken","Sat May 16 15:24:56 UTC 2026","","test_rpc_methods_availability","",""
"","0","test_can_create_connection[Test for Bittensor, url: wss://bittensor-finney.api.onfinality.io/public-ws]","tests","Sat May 16 15:27:52 UTC 2026","passed","Sat May 16 15:27:52 UTC 2026","","test_nodes_availability","",""
"","89","test_rpc_method_is_available[Test for XX network, url: wss://rpc-hetzner.xx.network]","tests","Sat May 16 15:27:13 UTC 2026","passed","Sat May 16 15:27:13 UTC 2026","","test_rpc_methods_availability","",""
"","0","test_can_create_connection[Test for Encointer, url: wss://api.kusama.encointer.org]","tests","Sat May 16 15:25:25 UTC 2026","passed","Sat May 16 15:25:25 UTC 2026","","test_nodes_availability","",""
"","0","test_can_create_connection[Test for Westend (TESTNET), url: wss://westend-rpc.polkadot.io]","tests","Sat May 16 15:25:02 UTC 2026","passed","Sat May 16 15:25:02 UTC 2026","","test_nodes_availability","",""
"","96","test_rpc_method_is_available[Test for Kusama People, url: wss://sys.ibp.network/people-kusama]","tests","Sat May 16 15:24:41 UTC 2026","passed","Sat May 16 15:24:41 UTC 2026","","test_rpc_methods_availability","",""
"","0","test_address_prefix[Test for Laos]","tests","Sat May 16 15:26:54 UTC 2026","broken","Sat May 16 15:26:54 UTC 2026","TestNetworkPrefix","test_network_parameters","",""
"","0","test_chainId[Test for Polkadot Coretime]","tests","Sat May 16 15:26:43 UTC 2026","passed","Sat May 16 15:26:43 UTC 2026","TestChainId","test_network_parameters","",""
"","0","test_has_new_assets[Test for Crab]","tests","Sat May 16 15:25:32 UTC 2026","broken","Sat May 16 15:25:32 UTC 2026","TestAssets","test_check_new_assets","",""
"","0","test_precision[Test for Cere]","tests","Sat May 16 15:26:00 UTC 2026","passed","Sat May 16 15:26:00 UTC 2026","TestPrecision","test_network_parameters","",""
"","9","test_has_new_assets[Test for Polkadot Asset Hub]","tests","Sat May 16 15:24:36 UTC 2026","passed","Sat May 16 15:24:37 UTC 2026","TestAssets","test_check_new_assets","",""
"","135","test_rpc_method_is_available[Test for Manta Atlantic, url: wss://ws.manta.systems]","tests","Sat May 16 15:28:04 UTC 2026","passed","Sat May 16 15:28:04 UTC 2026","","test_rpc_methods_availability","",""
"","93","test_rpc_method_is_available[Test for Bifrost Polkadot, url: wss://hk.p.bifrost-rpc.liebi.com/ws]","tests","Sat May 16 15:26:37 UTC 2026","passed","Sat May 16 15:26:37 UTC 2026","","test_rpc_methods_availability","",""
"","8","test_has_new_assets[Test for Enjin Relay]","tests","Sat May 16 15:25:49 UTC 2026","passed","Sat May 16 15:25:49 UTC 2026","TestAssets","test_check_new_assets","",""
"","0","test_precision[Test for Polkadot Bridge Hub]","tests","Sat May 16 15:25:42 UTC 2026","passed","Sat May 16 15:25:42 UTC 2026","TestPrecision","test_network_parameters","",""
"","0","test_precision[Test for Avail]","tests","Sat May 16 15:26:53 UTC 2026","passed","Sat May 16 15:26:53 UTC 2026","TestPrecision","test_network_parameters","",""
"","7","test_has_new_assets[Test for Polkadot Bridge Hub]","tests","Sat May 16 15:25:30 UTC 2026","passed","Sat May 16 15:25:30 UTC 2026","TestAssets","test_check_new_assets","",""
"","0","test_chainId[Test for Moonbeam]","tests","Sat May 16 15:24:38 UTC 2026","passed","Sat May 16 15:24:38 UTC 2026","TestChainId","test_network_parameters","",""
"","93","test_rpc_method_is_available[Test for Polkadot Coretime, url: wss://polkadot-coretime-rpc.polkadot.io]","tests","Sat May 16 15:28:47 UTC 2026","passed","Sat May 16 15:28:47 UTC 2026","","test_rpc_methods_availability","",""
"","167","test_rpc_method_is_available[Test for Shiden, url: wss://shiden-rpc.n.dwellir.com]","tests","Sat May 16 15:25:57 UTC 2026","passed","Sat May 16 15:25:57 UTC 2026","","test_rpc_methods_availability","",""
"","93","test_rpc_method_is_available[Test for Tanssi, url: wss://services.tanssi-mainnet.network/tanssi]","tests","Sat May 16 15:29:02 UTC 2026","passed","Sat May 16 15:29:03 UTC 2026","","test_rpc_methods_availability","",""
"","1","test_can_create_connection[Test for Kusama Coretime, url: wss://rpc-coretime-kusama.luckyfriday.io]","tests","Sat May 16 15:29:31 UTC 2026","passed","Sat May 16 15:29:31 UTC 2026","","test_nodes_availability","",""
"","50","test_rpc_node_is_synced[Test for Polkadot People, url: wss://rpc-people-polkadot.luckyfriday.io]","tests","Sat May 16 15:24:45 UTC 2026","passed","Sat May 16 15:24:45 UTC 2026","","test_substrate_node_is_synced","",""
"","0","test_can_create_connection[Test for Acurast Canary, url: wss://public-rpc.canary.acurast.com]","tests","Sat May 16 15:28:47 UTC 2026","passed","Sat May 16 15:28:47 UTC 2026","","test_nodes_availability","",""
"","96","test_rpc_method_is_available[Test for Westend (TESTNET), url: wss://westend.public.curie.radiumblock.co/ws]","tests","Sat May 16 15:25:02 UTC 2026","passed","Sat May 16 15:25:02 UTC 2026","","test_rpc_methods_availability","",""
"","0","test_can_create_connection[Test for Aventus, url: wss://avn-parachain.mainnet.aventus.io]","tests","Sat May 16 15:27:34 UTC 2026","passed","Sat May 16 15:27:34 UTC 2026","","test_nodes_availability","",""
"","0","test_precision[Test for krest]","tests","Sat May 16 15:25:37 UTC 2026","passed","Sat May 16 15:25:37 UTC 2026","TestPrecision","test_network_parameters","",""
"","51","test_rpc_node_is_synced[Test for Hydration, url: wss://hydration.dotters.network]","tests","Sat May 16 15:26:22 UTC 2026","passed","Sat May 16 15:26:22 UTC 2026","","test_substrate_node_is_synced","",""
"","0","test_can_create_connection[Test for DENTNet, url: wss://rpc.dentnet.io/ws]","tests","Sat May 16 15:29:03 UTC 2026","passed","Sat May 16 15:29:03 UTC 2026","","test_nodes_availability","",""
"","171","test_rpc_method_is_available[Test for Polkadot People, url: wss://people-polkadot.dotters.network]","tests","Sat May 16 15:24:29 UTC 2026","passed","Sat May 16 15:24:29 UTC 2026","","test_rpc_methods_availability","",""
"","0","test_can_create_connection[Test for Interlay, url: wss://api.interlay.io/parachain]","tests","Sat May 16 15:25:29 UTC 2026","passed","Sat May 16 15:25:29 UTC 2026","","test_nodes_availability","",""
"","185","test_rpc_node_is_synced[Test for JAMTON, url: wss://rpc.jamton.network]","tests","Sat May 16 15:29:22 UTC 2026","passed","Sat May 16 15:29:22 UTC 2026","","test_substrate_node_is_synced","",""
"","37","test_rpc_node_is_synced[Test for Avail, url: wss://mainnet.avail-rpc.com/]","tests","Sat May 16 15:28:55 UTC 2026","passed","Sat May 16 15:28:55 UTC 2026","","test_substrate_node_is_synced","",""
"","0","test_chainId[Test for UNIQUE]","tests","Sat May 16 15:25:20 UTC 2026","passed","Sat May 16 15:25:20 UTC 2026","TestChainId","test_network_parameters","",""
"","0","test_precision[Test for CC Enterprise]","tests","Sat May 16 15:26:05 UTC 2026","passed","Sat May 16 15:26:05 UTC 2026","TestPrecision","test_network_parameters","",""
"","0","test_can_create_connection[Test for Polkadot Relay, url: wss://dot-rpc.stakeworld.io]","tests","Sat May 16 15:24:50 UTC 2026","passed","Sat May 16 15:24:50 UTC 2026","","test_nodes_availability","",""
"","97","test_rpc_method_is_available[Test for Hydration, url: wss://rpc.hydradx.cloud]","tests","Sat May 16 15:25:56 UTC 2026","passed","Sat May 16 15:25:56 UTC 2026","","test_rpc_methods_availability","",""
"","1","test_can_create_connection[Test for Astar, url: wss://rpc.astar.network]","tests","Sat May 16 15:25:49 UTC 2026","passed","Sat May 16 15:25:49 UTC 2026","","test_nodes_availability","",""
"","0","test_chainId[Test for krest]","tests","Sat May 16 15:25:41 UTC 2026","passed","Sat May 16 15:25:41 UTC 2026","TestChainId","test_network_parameters","",""
"","10","test_has_new_assets[Test for Cere]","tests","Sat May 16 15:26:01 UTC 2026","passed","Sat May 16 15:26:01 UTC 2026","TestAssets","test_check_new_assets","",""
"","0","test_can_create_connection[Test for Manta Atlantic, url: wss://ws.manta.systems]","tests","Sat May 16 15:28:40 UTC 2026","passed","Sat May 16 15:28:40 UTC 2026","","test_nodes_availability","",""
"","0","test_rpc_method_is_available[Test for QUARTZ, url: wss://us-ws-quartz.unique.network]","tests","Sat May 16 15:27:58 UTC 2026","broken","Sat May 16 15:27:58 UTC 2026","","test_rpc_methods_availability","",""
"","0","test_can_create_connection[Test for Bittensor, url: wss://lite.sub.latent.to:443]","tests","Sat May 16 15:27:43 UTC 2026","passed","Sat May 16 15:27:43 UTC 2026","","test_nodes_availability","",""
"","124","test_rpc_method_is_available[Test for Polkadot Bridge Hub, url: wss://dot-rpc.stakeworld.io/bridgehub]","tests","Sat May 16 15:27:42 UTC 2026","passed","Sat May 16 15:27:43 UTC 2026","","test_rpc_methods_availability","",""
"","0","test_rpc_node_is_synced[Test for Ajuna, url: wss://ajuna.dotters.network]","tests","Sat May 16 15:28:04 UTC 2026","broken","Sat May 16 15:28:04 UTC 2026","","test_substrate_node_is_synced","",""
"","95","test_rpc_method_is_available[Test for Bifrost Polkadot, url: wss://eu.bifrost-polkadot-rpc.liebi.com/ws]","tests","Sat May 16 15:26:42 UTC 2026","passed","Sat May 16 15:26:42 UTC 2026","","test_rpc_methods_availability","",""
"","0","test_chainId[Test for Altair]","tests","Sat May 16 15:24:27 UTC 2026","passed","Sat May 16 15:24:27 UTC 2026","TestChainId","test_network_parameters","",""
"","0","test_address_prefix[Test for CC Enterprise]","tests","Sat May 16 15:27:15 UTC 2026","passed","Sat May 16 15:27:15 UTC 2026","TestNetworkPrefix","test_network_parameters","",""
"","0","test_precision[Test for Kusama Bridge Hub]","tests","Sat May 16 15:25:45 UTC 2026","passed","Sat May 16 15:25:45 UTC 2026","TestPrecision","test_network_parameters","",""
"","112","test_has_new_assets[Test for Karura]","tests","Sat May 16 15:24:28 UTC 2026","passed","Sat May 16 15:24:28 UTC 2026","TestAssets","test_check_new_assets","",""
"","0","test_precision[Test for Encointer]","tests","Sat May 16 15:24:44 UTC 2026","passed","Sat May 16 15:24:44 UTC 2026","TestPrecision","test_network_parameters","",""
"","0","test_rpc_node_is_synced[Test for Nodle Parachain, url: wss://nodle-parachain.api.onfinality.io/public-ws]","tests","Sat May 16 15:25:53 UTC 2026","broken","Sat May 16 15:25:53 UTC 2026","","test_substrate_node_is_synced","",""
"","158","test_rpc_node_is_synced[Test for Polkadot Bridge Hub, url: wss://dot-rpc.stakeworld.io/bridgehub]","tests","Sat May 16 15:28:25 UTC 2026","passed","Sat May 16 15:28:25 UTC 2026","","test_substrate_node_is_synced","",""
"","8","test_has_new_assets[Test for Centrifuge Parachain]","tests","Sat May 16 15:24:43 UTC 2026","passed","Sat May 16 15:24:43 UTC 2026","TestAssets","test_check_new_assets","",""
"","0","test_can_create_connection[Test for Acala, url: wss://acala-rpc-2.aca-api.network/ws]","tests","Sat May 16 15:25:16 UTC 2026","passed","Sat May 16 15:25:16 UTC 2026","","test_nodes_availability","",""
"","0","test_can_create_connection[Test for Frequency, url: wss://0.rpc.frequency.xyz]","tests","Sat May 16 15:28:09 UTC 2026","passed","Sat May 16 15:28:09 UTC 2026","","test_nodes_availability","",""
"","168","test_rpc_method_is_available[Test for Enjin Matrix, url: wss://rpc.matrix.blockchain.enjin.io]","tests","Sat May 16 15:28:02 UTC 2026","passed","Sat May 16 15:28:02 UTC 2026","","test_rpc_methods_availability","",""
"","175","test_rpc_node_is_synced[Test for XX network, url: wss://rpc.xx.network]","tests","Sat May 16 15:28:18 UTC 2026","passed","Sat May 16 15:28:19 UTC 2026","","test_substrate_node_is_synced","",""
"","129","test_rpc_node_is_synced[Test for Kusama People, url: wss://kusama-people-rpc.polkadot.io]","tests","Sat May 16 15:24:51 UTC 2026","passed","Sat May 16 15:24:52 UTC 2026","","test_substrate_node_is_synced","",""
"","0","test_can_create_connection[Test for Polkadot Coretime, url: wss://coretime-polkadot.dotters.network]","tests","Sat May 16 15:29:20 UTC 2026","passed","Sat May 16 15:29:20 UTC 2026","","test_nodes_availability","",""
"","0","test_precision[Test for Aleph Zero]","tests","Sat May 16 15:26:01 UTC 2026","passed","Sat May 16 15:26:01 UTC 2026","TestPrecision","test_network_parameters","",""
"","11","test_has_new_assets[Test for Ternoa]","tests","Sat May 16 15:25:14 UTC 2026","passed","Sat May 16 15:25:14 UTC 2026","TestAssets","test_check_new_assets","",""
"","51","test_rpc_node_is_synced[Test for Polkadot Relay, url: wss://polkadot.dotters.network]","tests","Sat May 16 15:24:45 UTC 2026","passed","Sat May 16 15:24:45 UTC 2026","","test_substrate_node_is_synced","",""
"","0","test_precision[Test for UNIQUE]","tests","Sat May 16 15:25:16 UTC 2026","passed","Sat May 16 15:25:16 UTC 2026","TestPrecision","test_network_parameters","",""
"","90","test_rpc_method_is_available[Test for Ternoa, url: wss://mainnet.ternoa.network]","tests","Sat May 16 15:26:43 UTC 2026","passed","Sat May 16 15:26:43 UTC 2026","","test_rpc_methods_availability","",""
"","0","test_can_create_connection[Test for DAO IPCI, url: wss://ipci.rpc.robonomics.network]","tests","Sat May 16 15:27:34 UTC 2026","broken","Sat May 16 15:27:34 UTC 2026","","test_nodes_availability","",""
"","1","test_address_prefix[Test for UNIQUE]","tests","Sat May 16 15:25:54 UTC 2026","passed","Sat May 16 15:25:54 UTC 2026","TestNetworkPrefix","test_network_parameters","",""
"","1","test_can_create_connection[Test for Kusama People, url: wss://sys.ibp.network/people-kusama]","tests","Sat May 16 15:24:48 UTC 2026","passed","Sat May 16 15:24:48 UTC 2026","","test_nodes_availability","",""
"","1","test_can_create_connection[Test for Crust Polkadot Parachain, url: wss://crust-parachain.crustapps.net]","tests","Sat May 16 15:27:29 UTC 2026","passed","Sat May 16 15:27:29 UTC 2026","","test_nodes_availability","",""
"","0","test_address_prefix[Test for peaq]","tests","Sat May 16 15:26:34 UTC 2026","passed","Sat May 16 15:26:34 UTC 2026","TestNetworkPrefix","test_network_parameters","",""
"","0","test_chainId[Test for QUARTZ]","tests","Sat May 16 15:24:38 UTC 2026","broken","Sat May 16 15:24:38 UTC 2026","TestChainId","test_network_parameters","",""
"","0","test_can_create_connection[Test for Karura, url: wss://karura-rpc-1.aca-api.network]","tests","Sat May 16 15:24:29 UTC 2026","passed","Sat May 16 15:24:29 UTC 2026","","test_nodes_availability","",""
"","0","test_can_create_connection[Test for XX network, url: wss://rpc.xx.network]","tests","Sat May 16 15:28:00 UTC 2026","passed","Sat May 16 15:28:00 UTC 2026","","test_nodes_availability","",""
"","131","test_rpc_node_is_synced[Test for Kusama Coretime, url: wss://kusama-coretime-rpc.polkadot.io]","tests","Sat May 16 15:29:32 UTC 2026","passed","Sat May 16 15:29:32 UTC 2026","","test_substrate_node_is_synced","",""
"","38","test_rpc_node_is_synced[Test for Polkadot People, url: wss://sys.ibp.network/people-polkadot]","tests","Sat May 16 15:24:39 UTC 2026","passed","Sat May 16 15:24:39 UTC 2026","","test_substrate_node_is_synced","",""
"","0","test_address_prefix[Test for XX network]","tests","Sat May 16 15:25:37 UTC 2026","broken","Sat May 16 15:25:37 UTC 2026","TestNetworkPrefix","test_network_parameters","",""
"","10","test_has_new_assets[Test for UNIQUE]","tests","Sat May 16 15:25:15 UTC 2026","passed","Sat May 16 15:25:15 UTC 2026","TestAssets","test_check_new_assets","",""
"","1","test_chainId[Test for CC Enterprise]","tests","Sat May 16 15:26:10 UTC 2026","passed","Sat May 16 15:26:10 UTC 2026","TestChainId","test_network_parameters","",""
"","36","test_rpc_node_is_synced[Test for Polkadot Coretime, url: wss://sys.ibp.network/coretime-polkadot]","tests","Sat May 16 15:29:26 UTC 2026","passed","Sat May 16 15:29:26 UTC 2026","","test_substrate_node_is_synced","",""
"","137","test_rpc_method_is_available[Test for Polkadot Relay, url: wss://polkadot.dotters.network]","tests","Sat May 16 15:24:35 UTC 2026","passed","Sat May 16 15:24:35 UTC 2026","","test_rpc_methods_availability","",""
"","262","test_rpc_node_is_synced[Test for Acala, url: wss://acala-rpc-1.aca-api.network]","tests","Sat May 16 15:28:27 UTC 2026","passed","Sat May 16 15:28:27 UTC 2026","","test_substrate_node_is_synced","",""
"","1","test_can_create_connection[Test for Vara, url: wss://rpc.vara-network.io]","tests","Sat May 16 15:28:16 UTC 2026","passed","Sat May 16 15:28:16 UTC 2026","","test_nodes_availability","",""
"","36","test_rpc_node_is_synced[Test for Kusama People, url: wss://sys.ibp.network/people-kusama]","tests","Sat May 16 15:24:54 UTC 2026","passed","Sat May 16 15:24:54 UTC 2026","","test_substrate_node_is_synced","",""
"","0","test_rpc_node_is_synced[Test for Hyperbridge Nexus, url: wss://nexus.dotters.network]","tests","Sat May 16 15:29:05 UTC 2026","broken","Sat May 16 15:29:05 UTC 2026","","test_substrate_node_is_synced","",""
"","0","test_chainId[Test for Hyperbridge Nexus]","tests","Sat May 16 15:26:31 UTC 2026","broken","Sat May 16 15:26:31 UTC 2026","TestChainId","test_network_parameters","",""
"","95","test_rpc_method_is_available[Test for Cere, url: wss://rpc.mainnet.cere.network/ws]","tests","Sat May 16 15:29:22 UTC 2026","passed","Sat May 16 15:29:22 UTC 2026","","test_rpc_methods_availability","",""
"","0","test_can_create_connection[Test for Kintsugi, url: wss://api-kusama.interlay.io/parachain]","tests","Sat May 16 15:25:30 UTC 2026","passed","Sat May 16 15:25:30 UTC 2026","","test_nodes_availability","",""
"","0","test_can_create_connection[Test for XX network, url: wss://rpc-hetzner.xx.network]","tests","Sat May 16 15:28:06 UTC 2026","passed","Sat May 16 15:28:06 UTC 2026","","test_nodes_availability","",""
"","152","test_rpc_method_is_available[Test for Hydration, url: wss://hydration.ibp.network]","tests","Sat May 16 15:26:02 UTC 2026","passed","Sat May 16 15:26:02 UTC 2026","","test_rpc_methods_availability","",""
"","0","test_precision[Test for Kreivo]","tests","Sat May 16 15:26:02 UTC 2026","passed","Sat May 16 15:26:02 UTC 2026","TestPrecision","test_network_parameters","",""
"","0","test_chainId[Test for Kusama Bridge Hub]","tests","Sat May 16 15:25:34 UTC 2026","passed","Sat May 16 15:25:34 UTC 2026","TestChainId","test_network_parameters","",""
"","178","test_rpc_node_work_fast[Test for Ethereum, url: https://ethereum-rpc.publicnode.com]","tests","Sat May 16 15:24:21 UTC 2026","passed","Sat May 16 15:24:21 UTC 2026","TestETHNodesAvailability","test_eth_nodes_availability","",""
"","94","test_rpc_method_is_available[Test for UNIQUE, url: wss://eu-ws.unique.network/]","tests","Sat May 16 15:26:57 UTC 2026","passed","Sat May 16 15:26:57 UTC 2026","","test_rpc_methods_availability","",""
"","128","test_rpc_method_is_available[Test for Basilisk, url: wss://rpc.basilisk.cloud]","tests","Sat May 16 15:27:18 UTC 2026","passed","Sat May 16 15:27:18 UTC 2026","","test_rpc_methods_availability","",""
"","0","test_can_create_connection[Test for Energy Web X, url: wss://public-rpc.mainnet.energywebx.com/]","tests","Sat May 16 15:28:41 UTC 2026","passed","Sat May 16 15:28:41 UTC 2026","","test_nodes_availability","",""
"","153","test_rpc_node_is_synced[Test for Joystream, url: wss://rpc.joystream.org]","tests","Sat May 16 15:28:38 UTC 2026","passed","Sat May 16 15:28:38 UTC 2026","","test_substrate_node_is_synced","",""
"","0","test_address_prefix[Test for Creditcoin]","tests","Sat May 16 15:26:28 UTC 2026","passed","Sat May 16 15:26:28 UTC 2026","TestNetworkPrefix","test_network_parameters","",""
"","0","test_can_create_connection[Test for Westend (TESTNET), url: wss://westend.public.curie.radiumblock.co/ws]","tests","Sat May 16 15:25:08 UTC 2026","passed","Sat May 16 15:25:08 UTC 2026","","test_nodes_availability","",""
"","0","test_chainId[Test for Kusama Relay]","tests","Sat May 16 15:24:34 UTC 2026","passed","Sat May 16 15:24:34 UTC 2026","TestChainId","test_network_parameters","",""
"","100","test_rpc_method_is_available[Test for Centrifuge Parachain, url: wss://rpc-centrifuge.luckyfriday.io]","tests","Sat May 16 15:25:42 UTC 2026","passed","Sat May 16 15:25:43 UTC 2026","","test_rpc_methods_availability","",""
"","0","test_chainId[Test for Ternoa]","tests","Sat May 16 15:25:02 UTC 2026","passed","Sat May 16 15:25:02 UTC 2026","TestChainId","test_network_parameters","",""
"","90","test_rpc_method_is_available[Test for XX network, url: wss://rpc.xx.network]","tests","Sat May 16 15:27:07 UTC 2026","passed","Sat May 16 15:27:07 UTC 2026","","test_rpc_methods_availability","",""
"","116","test_rpc_method_is_available[Test for Astar, url: wss://rpc.astar.network]","tests","Sat May 16 15:25:23 UTC 2026","passed","Sat May 16 15:25:23 UTC 2026","","test_rpc_methods_availability","",""
"","146","test_rpc_node_is_synced[Test for Polkadot Relay, url: wss://rpc-polkadot-1.novasama-tech.org]","tests","Sat May 16 15:24:26 UTC 2026","passed","Sat May 16 15:24:26 UTC 2026","","test_substrate_node_is_synced","",""
"","0","test_can_create_connection[Test for Hydration, url: wss://rpc.hydradx.cloud]","tests","Sat May 16 15:26:10 UTC 2026","passed","Sat May 16 15:26:10 UTC 2026","","test_nodes_availability","",""
"","0","test_chainId[Test for Kusama Coretime]","tests","Sat May 16 15:26:44 UTC 2026","passed","Sat May 16 15:26:44 UTC 2026","TestChainId","test_network_parameters","",""
"","0","test_chainId[Test for Zeitgeist]","tests","Sat May 16 15:24:57 UTC 2026","passed","Sat May 16 15:24:57 UTC 2026","TestChainId","test_network_parameters","",""
"","1","test_can_create_connection[Test for Tanssi, url: wss://services.tanssi-mainnet.network/tanssi]","tests","Sat May 16 15:29:37 UTC 2026","passed","Sat May 16 15:29:37 UTC 2026","","test_nodes_availability","",""
"","13","test_has_new_assets[Test for Mythos]","tests","Sat May 16 15:26:05 UTC 2026","passed","Sat May 16 15:26:05 UTC 2026","TestAssets","test_check_new_assets","",""
"","51","test_rpc_node_is_synced[Test for Polkadot Collectives, url: wss://collectives.public.curie.radiumblock.co/ws]","tests","Sat May 16 15:28:29 UTC 2026","passed","Sat May 16 15:28:29 UTC 2026","","test_substrate_node_is_synced","",""
"","1","test_can_create_connection[Test for Acala, url: wss://acala-rpc-0.aca-api.network]","tests","Sat May 16 15:28:40 UTC 2026","passed","Sat May 16 15:28:40 UTC 2026","","test_nodes_availability","",""
"","0","test_rpc_node_is_synced[Test for Ajuna, url: wss://ajuna.ibp.network]","tests","Sat May 16 15:27:52 UTC 2026","broken","Sat May 16 15:27:52 UTC 2026","","test_substrate_node_is_synced","",""
"","9","test_has_new_assets[Test for Darwinia]","tests","Sat May 16 15:25:21 UTC 2026","passed","Sat May 16 15:25:21 UTC 2026","TestAssets","test_check_new_assets","",""
"","1","test_can_create_connection[Test for Polkadot Coretime, url: wss://rpc-coretime-polkadot.luckyfriday.io]","tests","Sat May 16 15:29:23 UTC 2026","passed","Sat May 16 15:29:23 UTC 2026","","test_nodes_availability","",""
"","45","test_has_new_assets[Test for Acala]","tests","Sat May 16 15:24:36 UTC 2026","passed","Sat May 16 15:24:36 UTC 2026","TestAssets","test_check_new_assets","",""
"","51","test_rpc_node_is_synced[Test for GIANT, url: wss://rpc-anchor-2-mainnet-az-ue1.giantprotocol.org:443]","tests","Sat May 16 15:28:14 UTC 2026","passed","Sat May 16 15:28:14 UTC 2026","","test_substrate_node_is_synced","",""
"","97","test_rpc_method_is_available[Test for GIANT, url: wss://rpc-anchor-1-mainnet-az-ue1.giantprotocol.org:443]","tests","Sat May 16 15:27:46 UTC 2026","passed","Sat May 16 15:27:46 UTC 2026","","test_rpc_methods_availability","",""
"","0","test_rpc_node_is_synced[Test for Hyperbridge Nexus, url: wss://hyperbridge-nexus-rpc.blockops.network]","tests","Sat May 16 15:29:30 UTC 2026","broken","Sat May 16 15:29:30 UTC 2026","","test_substrate_node_is_synced","",""
"","0","test_precision[Test for Laos]","tests","Sat May 16 15:26:23 UTC 2026","broken","Sat May 16 15:26:23 UTC 2026","TestPrecision","test_network_parameters","",""
"","1","test_can_create_connection[Test for Polkadot People, url: wss://rpc-people-polkadot.luckyfriday.io]","tests","Sat May 16 15:24:38 UTC 2026","passed","Sat May 16 15:24:38 UTC 2026","","test_nodes_availability","",""
"","188","test_rpc_node_is_synced[Test for Kusama Relay, url: wss://rpc-kusama-2.novasama-tech.org]","tests","Sat May 16 15:24:27 UTC 2026","passed","Sat May 16 15:24:27 UTC 2026","","test_substrate_node_is_synced","",""
"","0","test_can_create_connection[Test for Kusama Bridge Hub, url: wss://ksm-rpc.stakeworld.io/bridgehub]","tests","Sat May 16 15:28:26 UTC 2026","passed","Sat May 16 15:28:26 UTC 2026","","test_nodes_availability","",""
"","98","test_rpc_method_is_available[Test for Kusama Relay, url: wss://apps-kusama-rpc.polkadot.io]","tests","Sat May 16 15:24:35 UTC 2026","passed","Sat May 16 15:24:35 UTC 2026","","test_rpc_methods_availability","",""
"","52","test_rpc_node_is_synced[Test for Avail, url: wss://avail.api.onfinality.io/public-ws]","tests","Sat May 16 15:28:53 UTC 2026","passed","Sat May 16 15:28:53 UTC 2026","","test_substrate_node_is_synced","",""
"","0","test_address_prefix[Test for Kusama People]","tests","Sat May 16 15:24:23 UTC 2026","passed","Sat May 16 15:24:23 UTC 2026","TestNetworkPrefix","test_network_parameters","",""
"","1","test_precision[Test for Acurast Canary]","tests","Sat May 16 15:25:54 UTC 2026","passed","Sat May 16 15:25:54 UTC 2026","TestPrecision","test_network_parameters","",""
"","0","test_rpc_method_is_available[Test for QUARTZ, url: wss://eu-ws-quartz.unique.network]","tests","Sat May 16 15:27:47 UTC 2026","broken","Sat May 16 15:27:47 UTC 2026","","test_rpc_methods_availability","",""
"","94","test_rpc_method_is_available[Test for Zeitgeist, url: wss://zeitgeist.api.onfinality.io/public-ws]","tests","Sat May 16 15:25:18 UTC 2026","passed","Sat May 16 15:25:18 UTC 2026","","test_rpc_methods_availability","",""
"","0","test_chainId[Test for Acurast Canary]","tests","Sat May 16 15:26:09 UTC 2026","passed","Sat May 16 15:26:09 UTC 2026","TestChainId","test_network_parameters","",""
"","97","test_rpc_method_is_available[Test for Polkadot Collectives, url: wss://collectives.public.curie.radiumblock.co/ws]","tests","Sat May 16 15:27:51 UTC 2026","passed","Sat May 16 15:27:51 UTC 2026","","test_rpc_methods_availability","",""
"","93","test_rpc_method_is_available[Test for Polkadot Coretime, url: wss://sys.ibp.network/coretime-polkadot]","tests","Sat May 16 15:28:39 UTC 2026","passed","Sat May 16 15:28:39 UTC 2026","","test_rpc_methods_availability","",""
"","0","test_can_create_connection[Test for Interlay, url: wss://rpc-interlay.luckyfriday.io/]","tests","Sat May 16 15:25:32 UTC 2026","passed","Sat May 16 15:25:32 UTC 2026","","test_nodes_availability","",""
"","0","test_precision[Test for DAO IPCI]","tests","Sat May 16 15:25:37 UTC 2026","broken","Sat May 16 15:25:37 UTC 2026","TestPrecision","test_network_parameters","",""
"","52","test_rpc_node_is_synced[Test for Zeitgeist, url: wss://zeitgeist.api.onfinality.io/public-ws]","tests","Sat May 16 15:25:32 UTC 2026","passed","Sat May 16 15:25:32 UTC 2026","","test_substrate_node_is_synced","",""
"","0","test_chainId[Test for Acurast]","tests","Sat May 16 15:26:41 UTC 2026","passed","Sat May 16 15:26:41 UTC 2026","TestChainId","test_network_parameters","",""
"","137","test_rpc_node_is_synced[Test for Ethereum, url: https://1rpc.io/eth]","tests","Sat May 16 15:24:32 UTC 2026","broken","Sat May 16 15:24:32 UTC 2026","TestETHNodesAvailability","test_eth_nodes_availability","",""
"","0","test_can_create_connection[Test for Moonbeam, url: wss://moonbeam.dotters.network]","tests","Sat May 16 15:25:09 UTC 2026","broken","Sat May 16 15:25:09 UTC 2026","","test_nodes_availability","",""
"","1","test_can_create_connection[Test for Polkadot Relay, url: wss://polkadot.public.curie.radiumblock.co/ws]","tests","Sat May 16 15:24:57 UTC 2026","passed","Sat May 16 15:24:57 UTC 2026","","test_nodes_availability","",""
"","0","test_can_create_connection[Test for Polkadex, url: wss://polkadex.public.curie.radiumblock.co/ws]","tests","Sat May 16 15:27:18 UTC 2026","broken","Sat May 16 15:27:18 UTC 2026","","test_nodes_availability","",""
"","0","test_precision[Test for Westend (TESTNET)]","tests","Sat May 16 15:24:53 UTC 2026","passed","Sat May 16 15:24:53 UTC 2026","TestPrecision","test_network_parameters","",""
"","0","test_can_create_connection[Test for Nodle Parachain, url: wss://nodle-parachain.api.onfinality.io/public-ws]","tests","Sat May 16 15:25:43 UTC 2026","broken","Sat May 16 15:25:43 UTC 2026","","test_nodes_availability","",""
"","94","test_rpc_method_is_available[Test for Avail, url: wss://avail.api.onfinality.io/public-ws]","tests","Sat May 16 15:28:18 UTC 2026","passed","Sat May 16 15:28:19 UTC 2026","","test_rpc_methods_availability","",""
"","0","test_precision[Test for Darwinia]","tests","Sat May 16 15:25:20 UTC 2026","passed","Sat May 16 15:25:20 UTC 2026","TestPrecision","test_network_parameters","",""
"","139","test_rpc_method_is_available[Test for Aventus, url: wss://avn-parachain.mainnet.aventus.io]","tests","Sat May 16 15:27:18 UTC 2026","passed","Sat May 16 15:27:18 UTC 2026","","test_rpc_methods_availability","",""
"","0","test_can_create_connection[Test for NeuroWeb, url: wss://parachain-rpc.origin-trail.network]","tests","Sat May 16 15:27:22 UTC 2026","passed","Sat May 16 15:27:22 UTC 2026","","test_nodes_availability","",""
"","0","test_address_prefix[Test for Ternoa]","tests","Sat May 16 15:25:09 UTC 2026","passed","Sat May 16 15:25:09 UTC 2026","TestNetworkPrefix","test_network_parameters","",""
"","0","test_can_create_connection[Test for Crab, url: wss://crab-rpc.darwinia.network/]","tests","Sat May 16 15:28:05 UTC 2026","broken","Sat May 16 15:28:05 UTC 2026","","test_nodes_availability","",""
"","0","test_rpc_node_is_synced[Test for QUARTZ, url: wss://us-ws-quartz.unique.network]","tests","Sat May 16 15:28:18 UTC 2026","broken","Sat May 16 15:28:18 UTC 2026","","test_substrate_node_is_synced","",""
"","8","test_has_new_assets[Test for Pendulum]","tests","Sat May 16 15:25:10 UTC 2026","passed","Sat May 16 15:25:10 UTC 2026","TestAssets","test_check_new_assets","",""
"","132","test_rpc_method_is_available[Test for Interlay, url: wss://api.interlay.io/parachain]","tests","Sat May 16 15:25:27 UTC 2026","passed","Sat May 16 15:25:28 UTC 2026","","test_rpc_methods_availability","",""
"","95","test_rpc_method_is_available[Test for Aventus, url: wss://public-rpc.mainnet.aventus.io]","tests","Sat May 16 15:27:23 UTC 2026","passed","Sat May 16 15:27:24 UTC 2026","","test_rpc_methods_availability","",""
"","0","test_can_create_connection[Test for Frequency, url: wss://1.rpc.frequency.xyz]","tests","Sat May 16 15:28:11 UTC 2026","passed","Sat May 16 15:28:11 UTC 2026","","test_nodes_availability","",""
"","159","test_rpc_node_is_synced[Test for XX network, url: wss://rpc-hetzner.xx.network]","tests","Sat May 16 15:28:23 UTC 2026","passed","Sat May 16 15:28:23 UTC 2026","","test_substrate_node_is_synced","",""
"","0","test_precision[Test for Interlay]","tests","Sat May 16 15:24:51 UTC 2026","passed","Sat May 16 15:24:51 UTC 2026","TestPrecision","test_network_parameters","",""
"","0","test_has_new_assets[Test for Tangle]","tests","Sat May 16 15:26:28 UTC 2026","broken","Sat May 16 15:26:28 UTC 2026","TestAssets","test_check_new_assets","",""
"","0","test_can_create_connection[Test for Curio, url: wss://parachain.curioinvest.com/]","tests","Sat May 16 15:28:52 UTC 2026","broken","Sat May 16 15:28:52 UTC 2026","","test_nodes_availability","",""
"","0","test_chainId[Test for Amplitude]","tests","Sat May 16 15:24:57 UTC 2026","broken","Sat May 16 15:24:57 UTC 2026","TestChainId","test_network_parameters","",""
"","418","test_rpc_node_work_fast[Test for Ethereum, url: https://1rpc.io/eth]","tests","Sat May 16 15:24:21 UTC 2026","passed","Sat May 16 15:24:22 UTC 2026","TestETHNodesAvailability","test_eth_nodes_availability","",""
"","0","test_address_prefix[Test for Phala]","tests","Sat May 16 15:25:46 UTC 2026","broken","Sat May 16 15:25:46 UTC 2026","TestNetworkPrefix","test_network_parameters","",""
"","0","test_can_create_connection[Test for Phala, url: wss://phala-rpc.n.dwellir.com]","tests","Sat May 16 15:25:54 UTC 2026","broken","Sat May 16 15:25:54 UTC 2026","","test_nodes_availability","",""
"","1","test_precision[Test for Crust Shadow]","tests","Sat May 16 15:24:59 UTC 2026","passed","Sat May 16 15:24:59 UTC 2026","TestPrecision","test_network_parameters","",""
"","0","test_address_prefix[Test for Darwinia]","tests","Sat May 16 15:25:54 UTC 2026","passed","Sat May 16 15:25:54 UTC 2026","TestNetworkPrefix","test_network_parameters","",""
"","9","test_has_new_assets[Test for GIANT]","tests","Sat May 16 15:25:43 UTC 2026","passed","Sat May 16 15:25:43 UTC 2026","TestAssets","test_check_new_assets","",""
"","0","test_can_create_connection[Test for Joystream, url: wss://rpc.joystream.org]","tests","Sat May 16 15:28:33 UTC 2026","passed","Sat May 16 15:28:33 UTC 2026","","test_nodes_availability","",""
"","0","test_can_create_connection[Test for Polkadot Collectives, url: wss://dot-rpc.stakeworld.io/collectives]","tests","Sat May 16 15:28:35 UTC 2026","passed","Sat May 16 15:28:35 UTC 2026","","test_nodes_availability","",""
"","94","test_rpc_method_is_available[Test for Interlay, url: wss://rpc-interlay.luckyfriday.io/]","tests","Sat May 16 15:25:31 UTC 2026","passed","Sat May 16 15:25:31 UTC 2026","","test_rpc_methods_availability","",""
"","7","test_has_new_assets[Test for XX network]","tests","Sat May 16 15:25:06 UTC 2026","passed","Sat May 16 15:25:06 UTC 2026","TestAssets","test_check_new_assets","",""
"","0","test_can_create_connection[Test for Kusama Relay, url: wss://1rpc.io/ksm]","tests","Sat May 16 15:24:51 UTC 2026","passed","Sat May 16 15:24:51 UTC 2026","","test_nodes_availability","",""
"","0","test_can_create_connection[Test for Kusama Coretime, url: wss://sys.ibp.network/coretime-kusama]","tests","Sat May 16 15:29:25 UTC 2026","passed","Sat May 16 15:29:25 UTC 2026","","test_nodes_availability","",""
"","37","test_rpc_node_is_synced[Test for Encointer, url: wss://sys.ibp.network/encointer-kusama]","tests","Sat May 16 15:27:08 UTC 2026","passed","Sat May 16 15:27:08 UTC 2026","","test_substrate_node_is_synced","",""
"","1","test_chainId[Test for Aventus]","tests","Sat May 16 15:25:20 UTC 2026","passed","Sat May 16 15:25:20 UTC 2026","TestChainId","test_network_parameters","",""
"","0","test_can_create_connection[Test for Encointer, url: wss://sys.ibp.network/encointer-kusama]","tests","Sat May 16 15:26:31 UTC 2026","passed","Sat May 16 15:26:31 UTC 2026","","test_nodes_availability","",""
"","13","test_has_new_assets[Test for Shiden]","tests","Sat May 16 15:24:50 UTC 2026","passed","Sat May 16 15:24:50 UTC 2026","TestAssets","test_check_new_assets","",""
"","156","test_rpc_method_is_available[Test for Karura, url: wss://karura-rpc-1.aca-api.network]","tests","Sat May 16 15:24:27 UTC 2026","passed","Sat May 16 15:24:27 UTC 2026","","test_rpc_methods_availability","",""
"","7","test_has_new_assets[Test for CC Enterprise]","tests","Sat May 16 15:26:08 UTC 2026","passed","Sat May 16 15:26:08 UTC 2026","TestAssets","test_check_new_assets","",""
"","161","test_rpc_node_is_synced[Test for Bifrost Polkadot, url: wss://hk.p.bifrost-rpc.liebi.com/ws]","tests","Sat May 16 15:26:51 UTC 2026","passed","Sat May 16 15:26:51 UTC 2026","","test_substrate_node_is_synced","",""
"","0","test_rpc_method_is_available[Test for Polkadex, url: wss://so.polkadex.ee]","tests","Sat May 16 15:27:07 UTC 2026","broken","Sat May 16 15:27:07 UTC 2026","","test_rpc_methods_availability","",""
"","0","test_address_prefix[Test for QUARTZ]","tests","Sat May 16 15:24:30 UTC 2026","broken","Sat May 16 15:24:30 UTC 2026","TestNetworkPrefix","test_network_parameters","",""
"","92","test_rpc_method_is_available[Test for Crust Shadow, url: wss://rpc-shadow.crust.network/]","tests","Sat May 16 15:25:34 UTC 2026","passed","Sat May 16 15:25:34 UTC 2026","","test_rpc_methods_availability","",""
"","135","test_rpc_node_is_synced[Test for Shiden, url: wss://shiden-rpc.n.dwellir.com]","tests","Sat May 16 15:26:17 UTC 2026","passed","Sat May 16 15:26:17 UTC 2026","","test_substrate_node_is_synced","",""
"","1","test_chainId[Test for Westend (TESTNET)]","tests","Sat May 16 15:24:40 UTC 2026","passed","Sat May 16 15:24:40 UTC 2026","TestChainId","test_network_parameters","",""
"","0","test_can_create_connection[Test for Phala, url: wss://api.phala.network/ws]","tests","Sat May 16 15:26:35 UTC 2026","broken","Sat May 16 15:26:35 UTC 2026","","test_nodes_availability","",""
"","315","test_rpc_node_is_synced[Test for DENTNet, url: wss://rpc.dentnet.io/ws]","tests","Sat May 16 15:29:01 UTC 2026","passed","Sat May 16 15:29:01 UTC 2026","","test_substrate_node_is_synced","",""
"","1","test_precision[Test for Tanssi]","tests","Sat May 16 15:26:27 UTC 2026","passed","Sat May 16 15:26:27 UTC 2026","TestPrecision","test_network_parameters","",""
"","93","test_rpc_method_is_available[Test for Hydration, url: wss://hydration.dotters.network]","tests","Sat May 16 15:26:06 UTC 2026","passed","Sat May 16 15:26:06 UTC 2026","","test_rpc_methods_availability","",""
"","98","test_rpc_method_is_available[Test for Pendulum, url: wss://rpc-pendulum.prd.pendulumchain.tech]","tests","Sat May 16 15:27:10 UTC 2026","passed","Sat May 16 15:27:10 UTC 2026","","test_rpc_methods_availability","",""
"","0","test_rpc_node_is_synced[Test for Phala, url: wss://api.phala.network/ws]","tests","Sat May 16 15:26:45 UTC 2026","broken","Sat May 16 15:26:45 UTC 2026","","test_substrate_node_is_synced","",""
"","36","test_rpc_node_is_synced[Test for Polkadot Bridge Hub, url: wss://sys.ibp.network/bridgehub-polkadot]","tests","Sat May 16 15:28:17 UTC 2026","passed","Sat May 16 15:28:17 UTC 2026","","test_substrate_node_is_synced","",""
"","93","test_rpc_method_is_available[Test for Kusama Asset Hub, url: wss://sys.ibp.network/statemine]","tests","Sat May 16 15:25:06 UTC 2026","passed","Sat May 16 15:25:06 UTC 2026","","test_rpc_methods_availability","",""
"","95","test_rpc_method_is_available[Test for UNIQUE, url: wss://asia-ws.unique.network/]","tests","Sat May 16 15:27:07 UTC 2026","passed","Sat May 16 15:27:07 UTC 2026","","test_rpc_methods_availability","",""
"","166","test_rpc_node_is_synced[Test for Heima, url: wss://rpc.litentry-parachain.litentry.io]","tests","Sat May 16 15:27:04 UTC 2026","passed","Sat May 16 15:27:04 UTC 2026","","test_substrate_node_is_synced","",""
"","0","test_rpc_method_is_available[Test for Phala, url: wss://phala-rpc.n.dwellir.com]","tests","Sat May 16 15:25:54 UTC 2026","broken","Sat May 16 15:25:54 UTC 2026","","test_rpc_methods_availability","",""
"","0","test_chainId[Test for Avail]","tests","Sat May 16 15:26:53 UTC 2026","passed","Sat May 16 15:26:53 UTC 2026","TestChainId","test_network_parameters","",""
"","50","test_rpc_node_is_synced[Test for Enjin Matrix, url: wss://rpc.matrix.blockchain.enjin.io]","tests","Sat May 16 15:28:31 UTC 2026","passed","Sat May 16 15:28:31 UTC 2026","","test_substrate_node_is_synced","",""
"","128","test_rpc_node_is_synced[Test for Ternoa, url: wss://mainnet.ternoa.network]","tests","Sat May 16 15:27:52 UTC 2026","passed","Sat May 16 15:27:52 UTC 2026","","test_substrate_node_is_synced","",""
"","95","test_rpc_method_is_available[Test for Polkadot Bridge Hub, url: wss://bridge-hub-polkadot.dotters.network]","tests","Sat May 16 15:27:38 UTC 2026","passed","Sat May 16 15:27:39 UTC 2026","","test_rpc_methods_availability","",""
"","8","test_has_new_assets[Test for Kreivo]","tests","Sat May 16 15:25:53 UTC 2026","passed","Sat May 16 15:25:53 UTC 2026","TestAssets","test_check_new_assets","",""
"","24","test_rpc_node_is_synced[Test for Polkadot People, url: wss://people-polkadot.public.curie.radiumblock.co/ws]","tests","Sat May 16 15:24:47 UTC 2026","passed","Sat May 16 15:24:48 UTC 2026","","test_substrate_node_is_synced","",""
"","0","test_address_prefix[Test for Joystream]","tests","Sat May 16 15:26:13 UTC 2026","passed","Sat May 16 15:26:13 UTC 2026","TestNetworkPrefix","test_network_parameters","",""
"","648","test_rpc_node_is_synced[Test for Acurast Canary, url: wss://public-rpc.canary.acurast.com]","tests","Sat May 16 15:28:44 UTC 2026","passed","Sat May 16 15:28:45 UTC 2026","","test_substrate_node_is_synced","",""
"","94","test_rpc_method_is_available[Test for Polkadot Coretime, url: wss://rpc-coretime-polkadot.luckyfriday.io]","tests","Sat May 16 15:28:44 UTC 2026","passed","Sat May 16 15:28:44 UTC 2026","","test_rpc_methods_availability","",""
"","0","test_precision[Test for Karura]","tests","Sat May 16 15:24:26 UTC 2026","passed","Sat May 16 15:24:26 UTC 2026","TestPrecision","test_network_parameters","",""
"","162","test_rpc_method_is_available[Test for Kusama People, url: wss://kusama-people-rpc.polkadot.io]","tests","Sat May 16 15:24:37 UTC 2026","passed","Sat May 16 15:24:38 UTC 2026","","test_rpc_methods_availability","",""
"","136","test_rpc_method_is_available[Test for Polkadot People, url: wss://sys.ibp.network/people-polkadot]","tests","Sat May 16 15:24:26 UTC 2026","passed","Sat May 16 15:24:27 UTC 2026","","test_rpc_methods_availability","",""
"","96","test_rpc_method_is_available[Test for Karura, url: wss://karura-rpc-3.aca-api.network/ws]","tests","Sat May 16 15:24:36 UTC 2026","passed","Sat May 16 15:24:36 UTC 2026","","test_rpc_methods_availability","",""
"","11","test_has_new_assets[Test for peaq]","tests","Sat May 16 15:26:15 UTC 2026","passed","Sat May 16 15:26:15 UTC 2026","TestAssets","test_check_new_assets","",""
"","0","test_address_prefix[Test for Shiden]","tests","Sat May 16 15:24:26 UTC 2026","passed","Sat May 16 15:24:26 UTC 2026","TestNetworkPrefix","test_network_parameters","",""
"","135","test_rpc_method_is_available[Test for Polkadot Relay, url: wss://rpc.ibp.network/polkadot]","tests","Sat May 16 15:24:31 UTC 2026","passed","Sat May 16 15:24:31 UTC 2026","","test_rpc_methods_availability","",""
"","92","test_rpc_method_is_available[Test for Crust Polkadot Parachain, url: wss://crust-parachain.crustapps.net]","tests","Sat May 16 15:27:13 UTC 2026","passed","Sat May 16 15:27:13 UTC 2026","","test_rpc_methods_availability","",""
"","0","test_has_new_assets[Test for Nodle Parachain]","tests","Sat May 16 15:25:03 UTC 2026","broken","Sat May 16 15:25:03 UTC 2026","TestAssets","test_check_new_assets","",""
"","1","test_can_create_connection[Test for Karura, url: wss://karura-rpc.n.dwellir.com]","tests","Sat May 16 15:24:42 UTC 2026","passed","Sat May 16 15:24:42 UTC 2026","","test_nodes_availability","",""
"","0","test_precision[Test for Polkadot Coretime]","tests","Sat May 16 15:26:27 UTC 2026","passed","Sat May 16 15:26:27 UTC 2026","TestPrecision","test_network_parameters","",""
"","94","test_rpc_method_is_available[Test for Astar, url: wss://astar.public.curie.radiumblock.co/ws]","tests","Sat May 16 15:25:33 UTC 2026","passed","Sat May 16 15:25:33 UTC 2026","","test_rpc_methods_availability","",""
"","0","test_address_prefix[Test for Polkadot People]","tests","Sat May 16 15:24:20 UTC 2026","passed","Sat May 16 15:24:20 UTC 2026","TestNetworkPrefix","test_network_parameters","",""
"","0","test_can_create_connection[Test for Bifrost Polkadot, url: wss://bifrost-polkadot.ibp.network]","tests","Sat May 16 15:26:36 UTC 2026","broken","Sat May 16 15:26:36 UTC 2026","","test_nodes_availability","",""
"","0","test_can_create_connection[Test for Pendulum, url: wss://rpc-pendulum.prd.pendulumchain.tech]","tests","Sat May 16 15:27:26 UTC 2026","passed","Sat May 16 15:27:26 UTC 2026","","test_nodes_availability","",""
"","1","test_precision[Test for 3DPass]","tests","Sat May 16 15:25:24 UTC 2026","passed","Sat May 16 15:25:24 UTC 2026","TestPrecision","test_network_parameters","",""
"","0","test_precision[Test for Humanode]","tests","Sat May 16 15:26:10 UTC 2026","passed","Sat May 16 15:26:10 UTC 2026","TestPrecision","test_network_parameters","",""
"","0","test_address_prefix[Test for Amplitude]","tests","Sat May 16 15:25:05 UTC 2026","broken","Sat May 16 15:25:05 UTC 2026","TestNetworkPrefix","test_network_parameters","",""
"","142","test_rpc_method_is_available[Test for Polkadot Relay, url: wss://dot-rpc.stakeworld.io]","tests","Sat May 16 15:24:44 UTC 2026","passed","Sat May 16 15:24:44 UTC 2026","","test_rpc_methods_availability","",""
"","176","test_rpc_method_is_available[Test for Basilisk, url: wss://basilisk-rpc.n.dwellir.com]","tests","Sat May 16 15:27:12 UTC 2026","passed","Sat May 16 15:27:12 UTC 2026","","test_rpc_methods_availability","",""
"","0","test_rpc_method_is_available[Test for Tangle, url: wss://rpc.tangle.tools]","tests","Sat May 16 15:28:53 UTC 2026","broken","Sat May 16 15:28:53 UTC 2026","","test_rpc_methods_availability","",""
"","0","test_rpc_method_is_available[Test for Ajuna, url: wss://ajuna.dotters.network]","tests","Sat May 16 15:27:42 UTC 2026","broken","Sat May 16 15:27:42 UTC 2026","","test_rpc_methods_availability","",""
"","0","test_can_create_connection[Test for Kusama Relay, url: wss://kusama.dotters.network]","tests","Sat May 16 15:24:34 UTC 2026","passed","Sat May 16 15:24:34 UTC 2026","","test_nodes_availability","",""
"","0","test_rpc_node_is_synced[Test for Moonbeam, url: wss://moonbeam.public.curie.radiumblock.co/ws]","tests","Sat May 16 15:25:30 UTC 2026","broken","Sat May 16 15:25:30 UTC 2026","","test_substrate_node_is_synced","",""
"","0","test_address_prefix[Test for Tangle]","tests","Sat May 16 15:26:46 UTC 2026","broken","Sat May 16 15:26:46 UTC 2026","TestNetworkPrefix","test_network_parameters","",""
"","7","test_has_new_assets[Test for Acurast Canary]","tests","Sat May 16 15:25:53 UTC 2026","passed","Sat May 16 15:25:53 UTC 2026","TestAssets","test_check_new_assets","",""
"","102","test_rpc_method_is_available[Test for Shiden, url: wss://rpc.shiden.astar.network]","tests","Sat May 16 15:25:52 UTC 2026","passed","Sat May 16 15:25:52 UTC 2026","","test_rpc_methods_availability","",""
"","150","test_rpc_node_is_synced[Test for Ajuna, url: wss://rpc-para.ajuna.network]","tests","Sat May 16 15:27:41 UTC 2026","passed","Sat May 16 15:27:41 UTC 2026","","test_substrate_node_is_synced","",""
"","0","test_rpc_method_is_available[Test for Amplitude, url: wss://rpc-amplitude.pendulumchain.tech]","tests","Sat May 16 15:26:38 UTC 2026","broken","Sat May 16 15:26:38 UTC 2026","","test_rpc_methods_availability","",""
"","0","test_address_prefix[Test for Frequency]","tests","Sat May 16 15:26:08 UTC 2026","passed","Sat May 16 15:26:08 UTC 2026","TestNetworkPrefix","test_network_parameters","",""
"","92","test_rpc_method_is_available[Test for 3DPass, url: wss://rpc.p3d.top]","tests","Sat May 16 15:27:56 UTC 2026","passed","Sat May 16 15:27:57 UTC 2026","","test_rpc_methods_availability","",""
"","0","test_can_create_connection[Test for Karura, url: wss://karura-rpc-3.aca-api.network/ws]","tests","Sat May 16 15:24:37 UTC 2026","passed","Sat May 16 15:24:37 UTC 2026","","test_nodes_availability","",""
"","0","test_chainId[Test for 3DPass]","tests","Sat May 16 15:25:38 UTC 2026","passed","Sat May 16 15:25:38 UTC 2026","TestChainId","test_network_parameters","",""
"","88","test_rpc_node_is_synced[Test for Polymesh, url: wss://mainnet-rpc.polymesh.network]","tests","Sat May 16 15:27:57 UTC 2026","passed","Sat May 16 15:27:57 UTC 2026","","test_substrate_node_is_synced","",""
"","0","test_can_create_connection[Test for Polkadot People, url: wss://people-polkadot.dotters.network]","tests","Sat May 16 15:24:35 UTC 2026","passed","Sat May 16 15:24:35 UTC 2026","","test_nodes_availability","",""
"","12","test_has_new_assets[Test for Avail]","tests","Sat May 16 15:26:53 UTC 2026","passed","Sat May 16 15:26:53 UTC 2026","TestAssets","test_check_new_assets","",""
"","141","test_rpc_method_is_available[Test for Moonriver, url: wss://moonriver-rpc.publicnode.com]","tests","Sat May 16 15:24:52 UTC 2026","passed","Sat May 16 15:24:52 UTC 2026","","test_rpc_methods_availability","",""
"","131","test_rpc_node_is_synced[Test for Vara, url: wss://rpc.vara-network.io]","tests","Sat May 16 15:28:10 UTC 2026","passed","Sat May 16 15:28:10 UTC 2026","","test_substrate_node_is_synced","",""
"","275","test_rpc_method_is_available[Test for Kusama Asset Hub, url: wss://asset-hub-kusama.dotters.network]","tests","Sat May 16 15:24:20 UTC 2026","passed","Sat May 16 15:24:21 UTC 2026","","test_rpc_methods_availability","",""
"","0","test_address_prefix[Test for Curio]","tests","Sat May 16 15:26:27 UTC 2026","broken","Sat May 16 15:26:27 UTC 2026","TestNetworkPrefix","test_network_parameters","",""
"","97","test_rpc_method_is_available[Test for Kusama Relay, url: wss://rpc-kusama-1.novasama-tech.org]","tests","Sat May 16 15:25:02 UTC 2026","passed","Sat May 16 15:25:02 UTC 2026","","test_rpc_methods_availability","",""
"","0","test_rpc_node_is_synced[Test for Moonbeam, url: wss://moonbeam.ibp.network]","tests","Sat May 16 15:24:59 UTC 2026","broken","Sat May 16 15:24:59 UTC 2026","","test_substrate_node_is_synced","",""
"","1","test_precision[Test for Creditcoin]","tests","Sat May 16 15:26:04 UTC 2026","passed","Sat May 16 15:26:04 UTC 2026","TestPrecision","test_network_parameters","",""
"","0","test_address_prefix[Test for Pendulum]","tests","Sat May 16 15:25:56 UTC 2026","passed","Sat May 16 15:25:56 UTC 2026","TestNetworkPrefix","test_network_parameters","",""
"","0","test_chainId[Test for Interlay]","tests","Sat May 16 15:25:21 UTC 2026","passed","Sat May 16 15:25:21 UTC 2026","TestChainId","test_network_parameters","",""
"","0","test_address_prefix[Test for Bifrost Polkadot]","tests","Sat May 16 15:25:45 UTC 2026","passed","Sat May 16 15:25:45 UTC 2026","TestNetworkPrefix","test_network_parameters","",""
"","0","test_address_prefix[Test for NeuroWeb]","tests","Sat May 16 15:25:37 UTC 2026","passed","Sat May 16 15:25:37 UTC 2026","TestNetworkPrefix","test_network_parameters","",""
"","1","test_can_create_connection[Test for Basilisk, url: wss://basilisk-rpc.n.dwellir.com]","tests","Sat May 16 15:27:50 UTC 2026","passed","Sat May 16 15:27:50 UTC 2026","","test_nodes_availability","",""
"","52","test_rpc_node_is_synced[Test for Bittensor, url: wss://bittensor-finney.api.onfinality.io/public-ws]","tests","Sat May 16 15:27:48 UTC 2026","passed","Sat May 16 15:27:48 UTC 2026","","test_substrate_node_is_synced","",""
"","446","test_rpc_node_is_synced[Test for Encointer, url: wss://api.kusama.encointer.org]","tests","Sat May 16 15:25:18 UTC 2026","passed","Sat May 16 15:25:19 UTC 2026","","test_substrate_node_is_synced","",""
"","51","test_rpc_node_is_synced[Test for GIANT, url: wss://rpc-anchor-1-mainnet-az-ue1.giantprotocol.org:443]","tests","Sat May 16 15:28:12 UTC 2026","passed","Sat May 16 15:28:12 UTC 2026","","test_substrate_node_is_synced","",""
"","0","test_chainId[Test for Darwinia]","tests","Sat May 16 15:25:24 UTC 2026","passed","Sat May 16 15:25:24 UTC 2026","TestChainId","test_network_parameters","",""
"","1","test_address_prefix[Test for Kusama Relay]","tests","Sat May 16 15:24:48 UTC 2026","passed","Sat May 16 15:24:48 UTC 2026","TestNetworkPrefix","test_network_parameters","",""
"","0","test_can_create_connection[Test for Ajuna, url: wss://ajuna.dotters.network]","tests","Sat May 16 15:28:01 UTC 2026","broken","Sat May 16 15:28:01 UTC 2026","","test_nodes_availability","",""
"","90","test_rpc_method_is_available[Test for Polymesh, url: wss://mainnet-rpc.polymesh.network]","tests","Sat May 16 15:26:48 UTC 2026","passed","Sat May 16 15:26:48 UTC 2026","","test_rpc_methods_availability","",""
"","0","test_chainId[Test for Mythos]","tests","Sat May 16 15:25:51 UTC 2026","passed","Sat May 16 15:25:51 UTC 2026","TestChainId","test_network_parameters","",""
"","93","test_rpc_method_is_available[Test for Westend (TESTNET), url: wss://westend-rpc.polkadot.io]","tests","Sat May 16 15:24:57 UTC 2026","passed","Sat May 16 15:24:57 UTC 2026","","test_rpc_methods_availability","",""
"","0","test_precision[Test for Crab]","tests","Sat May 16 15:25:31 UTC 2026","broken","Sat May 16 15:25:31 UTC 2026","TestPrecision","test_network_parameters","",""
"","95","test_rpc_method_is_available[Test for Kreivo, url: wss://kreivo.kippu.rocks/]","tests","Sat May 16 15:28:16 UTC 2026","passed","Sat May 16 15:28:16 UTC 2026","","test_rpc_methods_availability","",""
"","0","test_precision[Test for Bittensor]","tests","Sat May 16 15:25:15 UTC 2026","passed","Sat May 16 15:25:15 UTC 2026","TestPrecision","test_network_parameters","",""
"","0","test_precision[Test for Acala]","tests","Sat May 16 15:24:34 UTC 2026","passed","Sat May 16 15:24:34 UTC 2026","TestPrecision","test_network_parameters","",""
"","0","test_can_create_connection[Test for Crust Shadow, url: wss://rpc2-shadow.crust.network/]","tests","Sat May 16 15:25:43 UTC 2026","passed","Sat May 16 15:25:43 UTC 2026","","test_nodes_availability","",""
"","152","test_rpc_method_is_available[Test for UNIQUE, url: wss://us-ws.unique.network/]","tests","Sat May 16 15:27:02 UTC 2026","passed","Sat May 16 15:27:02 UTC 2026","","test_rpc_methods_availability","",""
"","132","test_rpc_node_is_synced[Test for Polkadot Asset Hub, url: wss://asset-hub-polkadot-rpc.n.dwellir.com]","tests","Sat May 16 15:26:50 UTC 2026","passed","Sat May 16 15:26:50 UTC 2026","","test_substrate_node_is_synced","",""
"","0","test_can_create_connection[Test for GIANT, url: wss://rpc-anchor-1-mainnet-az-ue1.giantprotocol.org:443]","tests","Sat May 16 15:28:18 UTC 2026","passed","Sat May 16 15:28:18 UTC 2026","","test_nodes_availability","",""
"","0","test_chainId[Test for Bifrost Kusama]","tests","Sat May 16 15:24:39 UTC 2026","passed","Sat May 16 15:24:39 UTC 2026","TestChainId","test_network_parameters","",""
"","8","test_has_new_assets[Test for DENTNet]","tests","Sat May 16 15:26:07 UTC 2026","passed","Sat May 16 15:26:07 UTC 2026","TestAssets","test_check_new_assets","",""
"","0","test_can_create_connection[Test for Enjin Relay, url: wss://rpc.relay.blockchain.enjin.io]","tests","Sat May 16 15:28:46 UTC 2026","passed","Sat May 16 15:28:46 UTC 2026","","test_nodes_availability","",""
"","51","test_rpc_node_is_synced[Test for Polkadot Asset Hub, url: wss://asset-hub-polkadot.dotters.network]","tests","Sat May 16 15:26:59 UTC 2026","passed","Sat May 16 15:26:59 UTC 2026","","test_substrate_node_is_synced","",""
"","40","test_has_new_assets[Test for Kintsugi]","tests","Sat May 16 15:24:47 UTC 2026","passed","Sat May 16 15:24:47 UTC 2026","TestAssets","test_check_new_assets","",""
"","0","test_can_create_connection[Test for Kusama Bridge Hub, url: wss://bridge-hub-kusama.dotters.network]","tests","Sat May 16 15:28:22 UTC 2026","passed","Sat May 16 15:28:22 UTC 2026","","test_nodes_availability","",""
"","0","test_can_create_connection[Test for Polkadot Relay, url: wss://rpc-polkadot-2.novasama-tech.org]","tests","Sat May 16 15:24:32 UTC 2026","passed","Sat May 16 15:24:32 UTC 2026","","test_nodes_availability","",""
"","0","test_address_prefix[Test for Polkadot Coretime]","tests","Sat May 16 15:26:42 UTC 2026","passed","Sat May 16 15:26:42 UTC 2026","TestNetworkPrefix","test_network_parameters","",""
"","0","test_rpc_method_is_available[Test for DeepBrain, url: wss://info.dbcwallet.io]","tests","Sat May 16 15:28:54 UTC 2026","broken","Sat May 16 15:28:54 UTC 2026","","test_rpc_methods_availability","",""
"","0","test_address_prefix[Test for Nodle Parachain]","tests","Sat May 16 15:25:05 UTC 2026","broken","Sat May 16 15:25:05 UTC 2026","TestNetworkPrefix","test_network_parameters","",""
"","0","test_precision[Test for Basilisk]","tests","Sat May 16 15:24:37 UTC 2026","passed","Sat May 16 15:24:37 UTC 2026","TestPrecision","test_network_parameters","",""
"","0","test_rpc_method_is_available[Test for Hyperbridge Nexus, url: wss://nexus.dotters.network]","tests","Sat May 16 15:28:34 UTC 2026","broken","Sat May 16 15:28:34 UTC 2026","","test_rpc_methods_availability","",""
"","0","test_can_create_connection[Test for Bifrost Polkadot, url: wss://bifrost-polkadot.dotters.network]","tests","Sat May 16 15:26:47 UTC 2026","broken","Sat May 16 15:26:47 UTC 2026","","test_nodes_availability","",""
"","96","test_rpc_method_is_available[Test for Acala, url: wss://acala-rpc-1.aca-api.network]","tests","Sat May 16 15:28:06 UTC 2026","passed","Sat May 16 15:28:07 UTC 2026","","test_rpc_methods_availability","",""
"","0","test_can_create_connection[Test for Curio, url: wss://archive.parachain.curioinvest.com]","tests","Sat May 16 15:28:57 UTC 2026","broken","Sat May 16 15:28:57 UTC 2026","","test_nodes_availability","",""
"","0","test_rpc_method_is_available[Test for Bifrost Polkadot, url: wss://bifrost-polkadot.dotters.network]","tests","Sat May 16 15:26:28 UTC 2026","broken","Sat May 16 15:26:28 UTC 2026","","test_rpc_methods_availability","",""
"","0","test_can_create_connection[Test for Bittensor, url: wss://entrypoint-finney.opentensor.ai:443]","tests","Sat May 16 15:27:54 UTC 2026","passed","Sat May 16 15:27:54 UTC 2026","","test_nodes_availability","",""
"","101","test_rpc_method_is_available[Test for Kusama Bridge Hub, url: wss://ksm-rpc.stakeworld.io/bridgehub]","tests","Sat May 16 15:27:51 UTC 2026","passed","Sat May 16 15:27:51 UTC 2026","","test_rpc_methods_availability","",""
"","0","test_rpc_method_is_available[Test for Curio, url: wss://archive.parachain.curioinvest.com]","tests","Sat May 16 15:28:21 UTC 2026","broken","Sat May 16 15:28:21 UTC 2026","","test_rpc_methods_availability","",""
"","0","test_can_create_connection[Test for Polkadot Asset Hub, url: wss://rpc-assethub.novasama-tech.org]","tests","Sat May 16 15:26:07 UTC 2026","passed","Sat May 16 15:26:07 UTC 2026","","test_nodes_availability","",""
"","0","test_precision[Test for Nodle Parachain]","tests","Sat May 16 15:25:03 UTC 2026","broken","Sat May 16 15:25:03 UTC 2026","TestPrecision","test_network_parameters","",""
"","0","test_address_prefix[Test for GIANT]","tests","Sat May 16 15:26:01 UTC 2026","passed","Sat May 16 15:26:01 UTC 2026","TestNetworkPrefix","test_network_parameters","",""
"","0","test_can_create_connection[Test for Polkadot Collectives, url: wss://collectives.public.curie.radiumblock.co/ws]","tests","Sat May 16 15:28:31 UTC 2026","passed","Sat May 16 15:28:31 UTC 2026","","test_nodes_availability","",""
"","0","test_precision[Test for Amplitude]","tests","Sat May 16 15:25:10 UTC 2026","broken","Sat May 16 15:25:10 UTC 2026","TestPrecision","test_network_parameters","",""
"","90","test_rpc_method_is_available[Test for Avail, url: wss://mainnet.avail-rpc.com/]","tests","Sat May 16 15:28:21 UTC 2026","passed","Sat May 16 15:28:21 UTC 2026","","test_rpc_methods_availability","",""
"","97","test_rpc_method_is_available[Test for Acala, url: wss://acala-rpc-3.aca-api.network/ws]","tests","Sat May 16 15:25:10 UTC 2026","passed","Sat May 16 15:25:10 UTC 2026","","test_rpc_methods_availability","",""
"","0","test_can_create_connection[Test for Heima, url: wss://heima-rpc.n.dwellir.com]","tests","Sat May 16 15:27:14 UTC 2026","passed","Sat May 16 15:27:14 UTC 2026","","test_nodes_availability","",""
"","144","test_rpc_node_is_synced[Test for Mythos, url: wss://mythos-rpc.dmarket.com]","tests","Sat May 16 15:28:54 UTC 2026","passed","Sat May 16 15:28:54 UTC 2026","","test_substrate_node_is_synced","",""
"","292","test_rpc_node_is_synced[Test for Acala, url: wss://acala-rpc-0.aca-api.network]","tests","Sat May 16 15:28:22 UTC 2026","passed","Sat May 16 15:28:22 UTC 2026","","test_substrate_node_is_synced","",""
"","110","test_rpc_node_is_synced[Test for Aventus, url: wss://avn-parachain.mainnet.aventus.io]","tests","Sat May 16 15:27:36 UTC 2026","passed","Sat May 16 15:27:37 UTC 2026","","test_substrate_node_is_synced","",""
"","52","test_rpc_node_is_synced[Test for Bittensor, url: wss://entrypoint-finney.opentensor.ai:443]","tests","Sat May 16 15:27:52 UTC 2026","passed","Sat May 16 15:27:52 UTC 2026","","test_substrate_node_is_synced","",""
"","100","test_rpc_method_is_available[Test for Frequency, url: wss://1.rpc.frequency.xyz]","tests","Sat May 16 15:27:39 UTC 2026","passed","Sat May 16 15:27:39 UTC 2026","","test_rpc_methods_availability","",""
"","145","test_rpc_node_is_synced[Test for Astar, url: wss://rpc.astar.network]","tests","Sat May 16 15:26:05 UTC 2026","passed","Sat May 16 15:26:05 UTC 2026","","test_substrate_node_is_synced","",""
"","130","test_rpc_node_is_synced[Test for Humanode, url: wss://explorer-rpc-ws.mainnet.stages.humanode.io]","tests","Sat May 16 15:29:05 UTC 2026","passed","Sat May 16 15:29:05 UTC 2026","","test_substrate_node_is_synced","",""
"","0","test_precision[Test for Kintsugi]","tests","Sat May 16 15:24:49 UTC 2026","passed","Sat May 16 15:24:49 UTC 2026","TestPrecision","test_network_parameters","",""
"","0","test_address_prefix[Test for Aleph Zero]","tests","Sat May 16 15:26:04 UTC 2026","passed","Sat May 16 15:26:04 UTC 2026","TestNetworkPrefix","test_network_parameters","",""
"","104","test_rpc_method_is_available[Test for Polkadot Asset Hub, url: wss://sys.ibp.network/asset-hub-polkadot]","tests","Sat May 16 15:25:50 UTC 2026","passed","Sat May 16 15:25:50 UTC 2026","","test_rpc_methods_availability","",""
"","7","test_has_new_assets[Test for Ajuna]","tests","Sat May 16 15:25:23 UTC 2026","passed","Sat May 16 15:25:23 UTC 2026","TestAssets","test_check_new_assets","",""
"","0","test_chainId[Test for Cere]","tests","Sat May 16 15:26:00 UTC 2026","passed","Sat May 16 15:26:00 UTC 2026","TestChainId","test_network_parameters","",""
"","172","test_rpc_node_is_synced[Test for Polkadot Relay, url: wss://rpc-polkadot-2.novasama-tech.org]","tests","Sat May 16 15:24:31 UTC 2026","passed","Sat May 16 15:24:31 UTC 2026","","test_substrate_node_is_synced","",""
"","0","test_can_create_connection[Test for Bifrost Polkadot, url: wss://eu.bifrost-polkadot-rpc.liebi.com/ws]","tests","Sat May 16 15:27:02 UTC 2026","passed","Sat May 16 15:27:02 UTC 2026","","test_nodes_availability","",""
"","102","test_rpc_method_is_available[Test for Polkadot Collectives, url: wss://sys.ibp.network/collectives-polkadot]","tests","Sat May 16 15:27:53 UTC 2026","passed","Sat May 16 15:27:53 UTC 2026","","test_rpc_methods_availability","",""
"","153","test_rpc_node_is_synced[Test for Interlay, url: wss://api.interlay.io/parachain]","tests","Sat May 16 15:25:39 UTC 2026","passed","Sat May 16 15:25:40 UTC 2026","","test_substrate_node_is_synced","",""
"","54","test_rpc_node_is_synced[Test for Polkadot Coretime, url: wss://rpc-coretime-polkadot.luckyfriday.io]","tests","Sat May 16 15:29:25 UTC 2026","passed","Sat May 16 15:29:25 UTC 2026","","test_substrate_node_is_synced","",""
"","1","test_can_create_connection[Test for Encointer, url: wss://encointer-kusama.dotters.network]","tests","Sat May 16 15:26:34 UTC 2026","passed","Sat May 16 15:26:34 UTC 2026","","test_nodes_availability","",""
"","0","test_chainId[Test for Polkadex]","tests","Sat May 16 15:24:56 UTC 2026","broken","Sat May 16 15:24:56 UTC 2026","TestChainId","test_network_parameters","",""
"","0","test_can_create_connection[Test for Acurast, url: wss://public-archive.mainnet.acurast.com]","tests","Sat May 16 15:29:39 UTC 2026","passed","Sat May 16 15:29:39 UTC 2026","","test_nodes_availability","",""
"","13","test_has_new_assets[Test for Vara]","tests","Sat May 16 15:25:41 UTC 2026","passed","Sat May 16 15:25:41 UTC 2026","TestAssets","test_check_new_assets","",""
"","0","test_can_create_connection[Test for Moonbeam, url: wss://moonbeam.ibp.network]","tests","Sat May 16 15:24:58 UTC 2026","broken","Sat May 16 15:24:58 UTC 2026","","test_nodes_availability","",""
"","0","test_can_create_connection[Test for Avail, url: wss://avail.api.onfinality.io/public-ws]","tests","Sat May 16 15:28:55 UTC 2026","passed","Sat May 16 15:28:55 UTC 2026","","test_nodes_availability","",""
"","1","test_can_create_connection[Test for Polymesh, url: wss://mainnet-rpc.polymesh.network]","tests","Sat May 16 15:27:17 UTC 2026","passed","Sat May 16 15:27:17 UTC 2026","","test_nodes_availability","",""
"","53","test_rpc_node_is_synced[Test for Kusama Relay, url: wss://rpc-kusama.luckyfriday.io]","tests","Sat May 16 15:24:47 UTC 2026","passed","Sat May 16 15:24:47 UTC 2026","","test_substrate_node_is_synced","",""
"","0","test_can_create_connection[Test for 3DPass, url: wss://rpc.3dpass.org]","tests","Sat May 16 15:28:13 UTC 2026","broken","Sat May 16 15:28:13 UTC 2026","","test_nodes_availability","",""
"","0","test_has_new_assets[Test for QUARTZ]","tests","Sat May 16 15:24:33 UTC 2026","broken","Sat May 16 15:24:33 UTC 2026","TestAssets","test_check_new_assets","",""
"","39","test_has_new_assets[Test for Interlay]","tests","Sat May 16 15:24:52 UTC 2026","passed","Sat May 16 15:24:52 UTC 2026","TestAssets","test_check_new_assets","",""
"","175","test_rpc_method_is_available[Test for Polkadot Relay, url: wss://apps-rpc.polkadot.io]","tests","Sat May 16 15:24:40 UTC 2026","passed","Sat May 16 15:24:40 UTC 2026","","test_rpc_methods_availability","",""
"","95","test_rpc_method_is_available[Test for DENTNet, url: wss://rpc.dentnet.io/ws]","tests","Sat May 16 15:28:26 UTC 2026","passed","Sat May 16 15:28:26 UTC 2026","","test_rpc_methods_availability","",""
"","214","test_rpc_method_is_available[Test for Kusama Relay, url: wss://rpc-kusama-2.novasama-tech.org]","tests","Sat May 16 15:24:22 UTC 2026","passed","Sat May 16 15:24:22 UTC 2026","","test_rpc_methods_availability","",""
"","11","test_has_new_assets[Test for Kusama Coretime]","tests","Sat May 16 15:26:22 UTC 2026","passed","Sat May 16 15:26:22 UTC 2026","TestAssets","test_check_new_assets","",""
"","0","test_chainId[Test for Encointer]","tests","Sat May 16 15:24:50 UTC 2026","passed","Sat May 16 15:24:50 UTC 2026","TestChainId","test_network_parameters","",""
"","137","test_rpc_node_is_synced[Test for Karura, url: wss://karura-rpc.n.dwellir.com]","tests","Sat May 16 15:24:43 UTC 2026","passed","Sat May 16 15:24:43 UTC 2026","","test_substrate_node_is_synced","",""
"","0","test_address_prefix[Test for JAMTON]","tests","Sat May 16 15:26:39 UTC 2026","passed","Sat May 16 15:26:39 UTC 2026","TestNetworkPrefix","test_network_parameters","",""
"","95","test_rpc_method_is_available[Test for Shiden, url: wss://shiden.public.curie.radiumblock.co/ws]","tests","Sat May 16 15:26:02 UTC 2026","passed","Sat May 16 15:26:02 UTC 2026","","test_rpc_methods_availability","",""
"","8","test_has_new_assets[Test for Enjin Matrix]","tests","Sat May 16 15:25:38 UTC 2026","passed","Sat May 16 15:25:38 UTC 2026","TestAssets","test_check_new_assets","",""
"","0","test_can_create_connection[Test for Humanode, url: wss://explorer-rpc-ws.mainnet.stages.humanode.io]","tests","Sat May 16 15:29:10 UTC 2026","passed","Sat May 16 15:29:10 UTC 2026","","test_nodes_availability","",""
"","0","test_precision[Test for Vara]","tests","Sat May 16 15:25:28 UTC 2026","passed","Sat May 16 15:25:28 UTC 2026","TestPrecision","test_network_parameters","",""
"","134","test_rpc_node_is_synced[Test for CC Enterprise, url: wss://mainnet.creditcoin.network/ws]","tests","Sat May 16 15:28:58 UTC 2026","passed","Sat May 16 15:28:58 UTC 2026","","test_substrate_node_is_synced","",""
"","12","test_has_new_assets[Test for krest]","tests","Sat May 16 15:25:38 UTC 2026","passed","Sat May 16 15:25:38 UTC 2026","TestAssets","test_check_new_assets","",""
"","0","test_chainId[Test for NeuroWeb]","tests","Sat May 16 15:25:01 UTC 2026","passed","Sat May 16 15:25:01 UTC 2026","TestChainId","test_network_parameters","",""
"","0","test_precision[Test for Heima]","tests","Sat May 16 15:25:10 UTC 2026","passed","Sat May 16 15:25:10 UTC 2026","TestPrecision","test_network_parameters","",""
"","0","test_address_prefix[Test for Centrifuge Parachain]","tests","Sat May 16 15:24:44 UTC 2026","passed","Sat May 16 15:24:44 UTC 2026","TestNetworkPrefix","test_network_parameters","",""
"","218","test_rpc_method_is_available[Test for Karura, url: wss://karura-rpc-0.aca-api.network]","tests","Sat May 16 15:24:22 UTC 2026","passed","Sat May 16 15:24:22 UTC 2026","","test_rpc_methods_availability","",""
"","91","test_rpc_method_is_available[Test for Mythos, url: wss://mythos-rpc.dmarket.com]","tests","Sat May 16 15:28:19 UTC 2026","passed","Sat May 16 15:28:19 UTC 2026","","test_rpc_methods_availability","",""
"","49","test_rpc_node_is_synced[Test for Enjin Relay, url: wss://rpc.relay.blockchain.enjin.io]","tests","Sat May 16 15:28:38 UTC 2026","passed","Sat May 16 15:28:38 UTC 2026","","test_substrate_node_is_synced","",""
"","0","test_address_prefix[Test for Kusama Coretime]","tests","Sat May 16 15:26:50 UTC 2026","passed","Sat May 16 15:26:50 UTC 2026","TestNetworkPrefix","test_network_parameters","",""
"","0","test_precision[Test for Polkadot People]","tests","Sat May 16 15:24:21 UTC 2026","passed","Sat May 16 15:24:21 UTC 2026","TestPrecision","test_network_parameters","",""
"","1","test_can_create_connection[Test for Polkadot People, url: wss://sys.ibp.network/people-polkadot]","tests","Sat May 16 15:24:31 UTC 2026","passed","Sat May 16 15:24:31 UTC 2026","","test_nodes_availability","",""
"","0","test_chainId[Test for Crab]","tests","Sat May 16 15:25:34 UTC 2026","broken","Sat May 16 15:25:34 UTC 2026","TestChainId","test_network_parameters","",""
"","123","test_rpc_node_is_synced[Test for Cere, url: wss://rpc.mainnet.cere.network/ws]","tests","Sat May 16 15:29:50 UTC 2026","passed","Sat May 16 15:29:50 UTC 2026","","test_substrate_node_is_synced","",""
"","0","test_address_prefix[Test for Zeitgeist]","tests","Sat May 16 15:24:47 UTC 2026","passed","Sat May 16 15:24:47 UTC 2026","TestNetworkPrefix","test_network_parameters","",""
"","0","test_precision[Test for Enjin Relay]","tests","Sat May 16 15:25:49 UTC 2026","passed","Sat May 16 15:25:49 UTC 2026","TestPrecision","test_network_parameters","",""
"","1","test_can_create_connection[Test for Ajuna, url: wss://rpc-para.ajuna.network]","tests","Sat May 16 15:27:36 UTC 2026","passed","Sat May 16 15:27:36 UTC 2026","","test_nodes_availability","",""
"","0","test_rpc_node_is_synced[Test for 3DPass, url: wss://rpc.3dpass.org]","tests","Sat May 16 15:28:15 UTC 2026","broken","Sat May 16 15:28:15 UTC 2026","","test_substrate_node_is_synced","",""
"","127","test_rpc_method_is_available[Test for Karura, url: wss://karura-rpc-2.aca-api.network/ws]","tests","Sat May 16 15:24:31 UTC 2026","passed","Sat May 16 15:24:31 UTC 2026","","test_rpc_methods_availability","",""
"","51","test_rpc_node_is_synced[Test for Polkadot Collectives, url: wss://collectives-polkadot.dotters.network]","tests","Sat May 16 15:28:38 UTC 2026","passed","Sat May 16 15:28:38 UTC 2026","","test_substrate_node_is_synced","",""
"","0","test_can_create_connection[Test for Robonomics, url: wss://kusama.rpc.robonomics.network/]","tests","Sat May 16 15:26:28 UTC 2026","passed","Sat May 16 15:26:28 UTC 2026","","test_nodes_availability","",""
"","137","test_has_new_assets[Test for Polkadot People]","tests","Sat May 16 15:24:22 UTC 2026","passed","Sat May 16 15:24:22 UTC 2026","TestAssets","test_check_new_assets","",""
"","0","test_rpc_method_is_available[Test for UNIQUE, url: wss://unique.dotters.network]","tests","Sat May 16 15:26:26 UTC 2026","broken","Sat May 16 15:26:26 UTC 2026","","test_rpc_methods_availability","",""
"","0","test_chainId[Test for Phala]","tests","Sat May 16 15:26:13 UTC 2026","broken","Sat May 16 15:26:13 UTC 2026","TestChainId","test_network_parameters","",""
"","0","test_chainId[Test for Crust Shadow]","tests","Sat May 16 15:25:04 UTC 2026","passed","Sat May 16 15:25:04 UTC 2026","TestChainId","test_network_parameters","",""
"","99","test_rpc_method_is_available[Test for Polkadot Relay, url: wss://rpc-polkadot.luckyfriday.io]","tests","Sat May 16 15:24:57 UTC 2026","passed","Sat May 16 15:24:57 UTC 2026","","test_rpc_methods_availability","",""
"","0","test_address_prefix[Test for DAO IPCI]","tests","Sat May 16 15:25:30 UTC 2026","broken","Sat May 16 15:25:30 UTC 2026","TestNetworkPrefix","test_network_parameters","",""
"","0","test_address_prefix[Test for Basilisk]","tests","Sat May 16 15:24:39 UTC 2026","passed","Sat May 16 15:24:39 UTC 2026","TestNetworkPrefix","test_network_parameters","",""
"","93","test_rpc_method_is_available[Test for Acala, url: wss://acala-rpc-2.aca-api.network/ws]","tests","Sat May 16 15:25:06 UTC 2026","passed","Sat May 16 15:25:06 UTC 2026","","test_rpc_methods_availability","",""
"","0","test_address_prefix[Test for Polymesh]","tests","Sat May 16 15:25:12 UTC 2026","passed","Sat May 16 15:25:12 UTC 2026","TestNetworkPrefix","test_network_parameters","",""
"","0","test_address_prefix[Test for Vara]","tests","Sat May 16 15:25:58 UTC 2026","passed","Sat May 16 15:25:58 UTC 2026","TestNetworkPrefix","test_network_parameters","",""
"","0","test_precision[Test for Kusama Coretime]","tests","Sat May 16 15:26:27 UTC 2026","passed","Sat May 16 15:26:27 UTC 2026","TestPrecision","test_network_parameters","",""
"","91","test_rpc_method_is_available[Test for Humanode, url: wss://explorer-rpc-ws.mainnet.stages.humanode.io]","tests","Sat May 16 15:28:27 UTC 2026","passed","Sat May 16 15:28:27 UTC 2026","","test_rpc_methods_availability","",""
"","0","test_can_create_connection[Test for UNIQUE, url: wss://eu-ws.unique.network/]","tests","Sat May 16 15:27:19 UTC 2026","passed","Sat May 16 15:27:19 UTC 2026","","test_nodes_availability","",""
"","134","test_rpc_node_is_synced[Test for Heima, url: wss://heima-rpc.n.dwellir.com]","tests","Sat May 16 15:27:10 UTC 2026","passed","Sat May 16 15:27:10 UTC 2026","","test_substrate_node_is_synced","",""
"","0","test_can_create_connection[Test for Altair, url: wss://altair.api.onfinality.io/public-ws]","tests","Sat May 16 15:28:00 UTC 2026","passed","Sat May 16 15:28:00 UTC 2026","","test_nodes_availability","",""
"","0","test_chainId[Test for Basilisk]","tests","Sat May 16 15:24:45 UTC 2026","passed","Sat May 16 15:24:45 UTC 2026","TestChainId","test_network_parameters","",""
"","10","test_has_new_assets[Test for Energy Web X]","tests","Sat May 16 15:25:46 UTC 2026","passed","Sat May 16 15:25:46 UTC 2026","TestAssets","test_check_new_assets","",""
"","0","test_address_prefix[Test for Tanssi]","tests","Sat May 16 15:26:47 UTC 2026","passed","Sat May 16 15:26:47 UTC 2026","TestNetworkPrefix","test_network_parameters","",""
"","0","test_rpc_node_is_synced[Test for Bifrost Polkadot, url: wss://bifrost-polkadot.dotters.network]","tests","Sat May 16 15:26:44 UTC 2026","broken","Sat May 16 15:26:44 UTC 2026","","test_substrate_node_is_synced","",""
"","0","test_rpc_node_is_synced[Test for Tangle, url: wss://rpc.tangle.tools]","tests","Sat May 16 15:29:23 UTC 2026","broken","Sat May 16 15:29:23 UTC 2026","","test_substrate_node_is_synced","",""
"","0","test_can_create_connection[Test for Enjin Matrix, url: wss://rpc.matrix.blockchain.enjin.io]","tests","Sat May 16 15:28:28 UTC 2026","passed","Sat May 16 15:28:28 UTC 2026","","test_nodes_availability","",""
"","0","test_can_create_connection[Test for Kusama Coretime, url: wss://kusama-coretime-rpc.polkadot.io]","tests","Sat May 16 15:29:31 UTC 2026","passed","Sat May 16 15:29:31 UTC 2026","","test_nodes_availability","",""
"","0","test_can_create_connection[Test for Hydration, url: wss://hydration.ibp.network]","tests","Sat May 16 15:26:15 UTC 2026","passed","Sat May 16 15:26:15 UTC 2026","","test_nodes_availability","",""
"","0","test_chainId[Test for Hydration]","tests","Sat May 16 15:25:16 UTC 2026","passed","Sat May 16 15:25:16 UTC 2026","TestChainId","test_network_parameters","",""
"","0","test_chainId[Test for Tangle]","tests","Sat May 16 15:26:38 UTC 2026","broken","Sat May 16 15:26:38 UTC 2026","TestChainId","test_network_parameters","",""
"","94","test_rpc_method_is_available[Test for Astar, url: wss://astar-rpc.n.dwellir.com]","tests","Sat May 16 15:25:29 UTC 2026","passed","Sat May 16 15:25:29 UTC 2026","","test_rpc_methods_availability","",""
"","0","test_precision[Test for Phala]","tests","Sat May 16 15:25:43 UTC 2026","broken","Sat May 16 15:25:43 UTC 2026","TestPrecision","test_network_parameters","",""
"","94","test_rpc_method_is_available[Test for Encointer, url: wss://sys.ibp.network/encointer-kusama]","tests","Sat May 16 15:26:02 UTC 2026","passed","Sat May 16 15:26:02 UTC 2026","","test_rpc_methods_availability","",""
"","153","test_rpc_node_is_synced[Test for Tanssi, url: wss://services.tanssi-mainnet.network/tanssi]","tests","Sat May 16 15:29:36 UTC 2026","passed","Sat May 16 15:29:37 UTC 2026","","test_substrate_node_is_synced","",""
"","0","test_can_create_connection[Test for Polkadot People, url: wss://polkadot-people-rpc.polkadot.io]","tests","Sat May 16 15:24:28 UTC 2026","passed","Sat May 16 15:24:28 UTC 2026","","test_nodes_availability","",""
"","23","test_rpc_node_is_synced[Test for Shiden, url: wss://shiden.public.curie.radiumblock.co/ws]","tests","Sat May 16 15:26:19 UTC 2026","passed","Sat May 16 15:26:19 UTC 2026","","test_substrate_node_is_synced","",""
"","98","test_rpc_method_is_available[Test for Aleph Zero, url: wss://ws.azero.dev]","tests","Sat May 16 15:26:56 UTC 2026","passed","Sat May 16 15:26:56 UTC 2026","","test_rpc_methods_availability","",""
"","0","test_address_prefix[Test for Robonomics]","tests","Sat May 16 15:24:36 UTC 2026","passed","Sat May 16 15:24:36 UTC 2026","TestNetworkPrefix","test_network_parameters","",""
"","197","test_rpc_node_is_synced[Test for Kusama Relay, url: wss://1rpc.io/ksm]","tests","Sat May 16 15:24:53 UTC 2026","passed","Sat May 16 15:24:53 UTC 2026","","test_substrate_node_is_synced","",""
"","134","test_rpc_node_is_synced[Test for Polkadot Relay, url: wss://apps-rpc.polkadot.io]","tests","Sat May 16 15:24:50 UTC 2026","passed","Sat May 16 15:24:50 UTC 2026","","test_substrate_node_is_synced","",""
"","0","test_can_create_connection[Test for Kusama Relay, url: wss://rpc-kusama-1.novasama-tech.org]","tests","Sat May 16 15:25:14 UTC 2026","passed","Sat May 16 15:25:14 UTC 2026","","test_nodes_availability","",""
"","0","test_can_create_connection[Test for JAMTON, url: wss://rpc.jamton.network]","tests","Sat May 16 15:29:24 UTC 2026","passed","Sat May 16 15:29:24 UTC 2026","","test_nodes_availability","",""
"","46","test_rpc_node_is_synced[Test for 3DPass, url: wss://rpc.p3d.top]","tests","Sat May 16 15:28:19 UTC 2026","passed","Sat May 16 15:28:19 UTC 2026","","test_substrate_node_is_synced","",""
"","172","test_rpc_method_is_available[Test for Polkadot People, url: wss://rpc-people-polkadot.luckyfriday.io]","tests","Sat May 16 15:24:32 UTC 2026","passed","Sat May 16 15:24:32 UTC 2026","","test_rpc_methods_availability","",""
"","0","test_can_create_connection[Test for UNIQUE, url: wss://unique.dotters.network]","tests","Sat May 16 15:26:57 UTC 2026","broken","Sat May 16 15:26:57 UTC 2026","","test_nodes_availability","",""
"","0","test_can_create_connection[Test for Hyperbridge Nexus, url: wss://nexus.ibp.network]","tests","Sat May 16 15:28:56 UTC 2026","broken","Sat May 16 15:28:56 UTC 2026","","test_nodes_availability","",""
"","145","test_rpc_node_is_synced[Test for UNIQUE, url: wss://asia-ws.unique.network/]","tests","Sat May 16 15:27:25 UTC 2026","passed","Sat May 16 15:27:26 UTC 2026","","test_substrate_node_is_synced","",""
"","0","test_can_create_connection[Test for Aleph Zero, url: wss://ws.azero.dev]","tests","Sat May 16 15:26:55 UTC 2026","passed","Sat May 16 15:26:55 UTC 2026","","test_nodes_availability","",""
"","0","test_can_create_connection[Test for Hyperbridge Nexus, url: wss://nexus.dotters.network]","tests","Sat May 16 15:29:07 UTC 2026","broken","Sat May 16 15:29:07 UTC 2026","","test_nodes_availability","",""
"","0","test_precision[Test for Centrifuge Parachain]","tests","Sat May 16 15:24:41 UTC 2026","passed","Sat May 16 15:24:41 UTC 2026","TestPrecision","test_network_parameters","",""
"","0","test_has_new_assets[Test for Hyperbridge Nexus]","tests","Sat May 16 15:26:34 UTC 2026","broken","Sat May 16 15:26:34 UTC 2026","TestAssets","test_check_new_assets","",""
"","1","test_can_create_connection[Test for Zeitgeist, url: wss://zeitgeist.api.onfinality.io/public-ws]","tests","Sat May 16 15:25:33 UTC 2026","passed","Sat May 16 15:25:33 UTC 2026","","test_nodes_availability","",""
"","0","test_can_create_connection[Test for Kusama Relay, url: wss://kusama.public.curie.radiumblock.co/ws]","tests","Sat May 16 15:24:57 UTC 2026","passed","Sat May 16 15:24:57 UTC 2026","","test_nodes_availability","",""
"","130","test_rpc_method_is_available[Test for Kusama Relay, url: wss://1rpc.io/ksm]","tests","Sat May 16 15:24:47 UTC 2026","passed","Sat May 16 15:24:48 UTC 2026","","test_rpc_methods_availability","",""
"","0","test_can_create_connection[Test for Kusama People, url: wss://people-kusama.dotters.network]","tests","Sat May 16 15:24:51 UTC 2026","passed","Sat May 16 15:24:51 UTC 2026","","test_nodes_availability","",""
"","0","test_address_prefix[Test for Crust Polkadot Parachain]","tests","Sat May 16 15:26:00 UTC 2026","passed","Sat May 16 15:26:00 UTC 2026","TestNetworkPrefix","test_network_parameters","",""
"","37","test_rpc_node_is_synced[Test for Polkadot Relay, url: wss://rpc.ibp.network/polkadot]","tests","Sat May 16 15:24:36 UTC 2026","passed","Sat May 16 15:24:36 UTC 2026","","test_substrate_node_is_synced","",""
"","149","test_rpc_node_is_synced[Test for Kusama Relay, url: wss://kusama.public.curie.radiumblock.co/ws]","tests","Sat May 16 15:24:58 UTC 2026","passed","Sat May 16 15:24:58 UTC 2026","","test_substrate_node_is_synced","",""
"","94","test_rpc_method_is_available[Test for Polkadot Asset Hub, url: wss://rpc-assethub.novasama-tech.org]","tests","Sat May 16 15:25:40 UTC 2026","passed","Sat May 16 15:25:40 UTC 2026","","test_rpc_methods_availability","",""
"","0","test_can_create_connection[Test for Crust Shadow, url: wss://rpc-sha-subscan.crustnetwork.xyz]","tests","Sat May 16 15:25:38 UTC 2026","passed","Sat May 16 15:25:38 UTC 2026","","test_nodes_availability","",""
"","0","test_precision[Test for Hydration]","tests","Sat May 16 15:24:46 UTC 2026","passed","Sat May 16 15:24:46 UTC 2026","TestPrecision","test_network_parameters","",""
"","168","test_rpc_method_is_available[Test for Polkadot Asset Hub, url: wss://asset-hub-polkadot.dotters.network]","tests","Sat May 16 15:25:55 UTC 2026","passed","Sat May 16 15:25:55 UTC 2026","","test_rpc_methods_availability","",""
"","0","test_address_prefix[Test for Polkadex]","tests","Sat May 16 15:25:32 UTC 2026","broken","Sat May 16 15:25:32 UTC 2026","TestNetworkPrefix","test_network_parameters","",""
"","0","test_rpc_node_is_synced[Test for Polkadex, url: wss://polkadex.public.curie.radiumblock.co/ws]","tests","Sat May 16 15:27:30 UTC 2026","broken","Sat May 16 15:27:30 UTC 2026","","test_substrate_node_is_synced","",""
"","0","test_precision[Test for Manta Atlantic]","tests","Sat May 16 15:25:47 UTC 2026","passed","Sat May 16 15:25:47 UTC 2026","TestPrecision","test_network_parameters","",""
"","168","test_rpc_method_is_available[Test for Moonbeam, url: wss://wss.api.moonbeam.network]","tests","Sat May 16 15:24:45 UTC 2026","passed","Sat May 16 15:24:45 UTC 2026","","test_rpc_methods_availability","",""
"","0","test_chainId[Test for Astar]","tests","Sat May 16 15:24:46 UTC 2026","passed","Sat May 16 15:24:46 UTC 2026","TestChainId","test_network_parameters","",""
"","166","test_rpc_node_is_synced[Test for Polkadot Asset Hub, url: wss://rpc-assethub.novasama-tech.org]","tests","Sat May 16 15:26:42 UTC 2026","passed","Sat May 16 15:26:42 UTC 2026","","test_substrate_node_is_synced","",""
"","1","test_precision[Test for Polkadot Collectives]","tests","Sat May 16 15:25:32 UTC 2026","passed","Sat May 16 15:25:32 UTC 2026","TestPrecision","test_network_parameters","",""
"","11","test_has_new_assets[Test for Zeitgeist]","tests","Sat May 16 15:24:51 UTC 2026","passed","Sat May 16 15:24:51 UTC 2026","TestAssets","test_check_new_assets","",""
"","37","test_rpc_node_is_synced[Test for Kusama Coretime, url: wss://sys.ibp.network/coretime-kusama]","tests","Sat May 16 15:29:28 UTC 2026","passed","Sat May 16 15:29:28 UTC 2026","","test_substrate_node_is_synced","",""
"","0","test_can_create_connection[Test for Polkadot Bridge Hub, url: wss://sys.ibp.network/bridgehub-polkadot]","tests","Sat May 16 15:28:11 UTC 2026","passed","Sat May 16 15:28:11 UTC 2026","","test_nodes_availability","",""
"","0","test_can_create_connection[Test for Bifrost Kusama, url: wss://us.bifrost-rpc.liebi.com/ws]","tests","Sat May 16 15:27:19 UTC 2026","broken","Sat May 16 15:27:19 UTC 2026","","test_nodes_availability","",""
"","0","test_can_create_connection[Test for Polkadot Relay, url: wss://1rpc.io/dot]","tests","Sat May 16 15:25:04 UTC 2026","passed","Sat May 16 15:25:04 UTC 2026","","test_nodes_availability","",""
"","0","test_address_prefix[Test for Avail]","tests","Sat May 16 15:26:31 UTC 2026","passed","Sat May 16 15:26:31 UTC 2026","TestNetworkPrefix","test_network_parameters","",""
"","0","test_chainId[Test for Bifrost Polkadot]","tests","Sat May 16 15:25:09 UTC 2026","passed","Sat May 16 15:25:09 UTC 2026","TestChainId","test_network_parameters","",""
"","57","test_rpc_node_is_synced[Test for Kreivo, url: wss://kreivo.kippu.rocks/]","tests","Sat May 16 15:28:49 UTC 2026","passed","Sat May 16 15:28:49 UTC 2026","","test_substrate_node_is_synced","",""
"","0","test_can_create_connection[Test for Hyperbridge Nexus, url: wss://hyperbridge-nexus-rpc.blockops.network]","tests","Sat May 16 15:29:37 UTC 2026","broken","Sat May 16 15:29:37 UTC 2026","","test_nodes_availability","",""
"","1","test_precision[Test for Acurast]","tests","Sat May 16 15:26:33 UTC 2026","passed","Sat May 16 15:26:33 UTC 2026","TestPrecision","test_network_parameters","",""
"","0","test_rpc_node_is_synced[Test for Laos, url: wss://rpc.laos.laosfoundation.io]","tests","Sat May 16 15:29:16 UTC 2026","broken","Sat May 16 15:29:16 UTC 2026","","test_substrate_node_is_synced","",""
"","0","test_rpc_method_is_available[Test for Polkadex, url: wss://polkadex.public.curie.radiumblock.co/ws]","tests","Sat May 16 15:27:19 UTC 2026","broken","Sat May 16 15:27:19 UTC 2026","","test_rpc_methods_availability","",""
"","0","test_can_create_connection[Test for Kusama Asset Hub, url: wss://sys.ibp.network/statemine]","tests","Sat May 16 15:25:12 UTC 2026","passed","Sat May 16 15:25:12 UTC 2026","","test_nodes_availability","",""
"","0","test_chainId[Test for DENTNet]","tests","Sat May 16 15:26:07 UTC 2026","passed","Sat May 16 15:26:07 UTC 2026","TestChainId","test_network_parameters","",""
"","0","test_rpc_method_is_available[Test for QUARTZ, url: wss://quartz.unique.network]","tests","Sat May 16 15:27:32 UTC 2026","broken","Sat May 16 15:27:32 UTC 2026","","test_rpc_methods_availability","",""
"","164","test_has_new_assets[Test for Moonriver]","tests","Sat May 16 15:24:21 UTC 2026","passed","Sat May 16 15:24:22 UTC 2026","TestAssets","test_check_new_assets","",""
"","143","test_rpc_node_is_synced[Test for Acurast, url: wss://public-archive.mainnet.acurast.com]","tests","Sat May 16 15:29:38 UTC 2026","passed","Sat May 16 15:29:38 UTC 2026","","test_substrate_node_is_synced","",""
"","0","test_chainId[Test for Manta Atlantic]","tests","Sat May 16 15:25:45 UTC 2026","passed","Sat May 16 15:25:45 UTC 2026","TestChainId","test_network_parameters","",""
"","0","test_address_prefix[Test for Hydration]","tests","Sat May 16 15:24:49 UTC 2026","passed","Sat May 16 15:24:49 UTC 2026","TestNetworkPrefix","test_network_parameters","",""
"","0","test_has_new_assets[Test for DeepBrain]","tests","Sat May 16 15:26:19 UTC 2026","broken","Sat May 16 15:26:19 UTC 2026","TestAssets","test_check_new_assets","",""
"","0","test_can_create_connection[Test for Cere, url: wss://rpc.mainnet.cere.network/ws]","tests","Sat May 16 15:29:59 UTC 2026","passed","Sat May 16 15:29:59 UTC 2026","","test_nodes_availability","",""
"","99","test_rpc_method_is_available[Test for Crust Shadow, url: wss://rpc2-shadow.crust.network/]","tests","Sat May 16 15:25:29 UTC 2026","passed","Sat May 16 15:25:29 UTC 2026","","test_rpc_methods_availability","",""
"","0","test_can_create_connection[Test for Bifrost Kusama, url: wss://bifrost-rpc.liebi.com/ws]","tests","Sat May 16 15:26:38 UTC 2026","passed","Sat May 16 15:26:38 UTC 2026","","test_nodes_availability","",""
"","7","test_has_new_assets[Test for Bifrost Polkadot]","tests","Sat May 16 15:25:06 UTC 2026","passed","Sat May 16 15:25:06 UTC 2026","TestAssets","test_check_new_assets","",""
"","0","test_rpc_method_is_available[Test for Hyperbridge Nexus, url: wss://nexus.ibp.network]","tests","Sat May 16 15:28:23 UTC 2026","broken","Sat May 16 15:28:23 UTC 2026","","test_rpc_methods_availability","",""
"","7","test_has_new_assets[Test for Basilisk]","tests","Sat May 16 15:25:02 UTC 2026","passed","Sat May 16 15:25:02 UTC 2026","TestAssets","test_check_new_assets","",""
"","0","test_can_create_connection[Test for Polkadot Coretime, url: wss://sys.ibp.network/coretime-polkadot]","tests","Sat May 16 15:29:27 UTC 2026","passed","Sat May 16 15:29:27 UTC 2026","","test_nodes_availability","",""
"","0","test_rpc_node_is_synced[Test for Moonriver, url: wss://moonriver.public.curie.radiumblock.co/ws]","tests","Sat May 16 15:25:49 UTC 2026","broken","Sat May 16 15:25:49 UTC 2026","","test_substrate_node_is_synced","",""
"","0","test_address_prefix[Test for DeepBrain]","tests","Sat May 16 15:26:41 UTC 2026","broken","Sat May 16 15:26:41 UTC 2026","TestNetworkPrefix","test_network_parameters","",""
"","92","test_rpc_method_is_available[Test for Centrifuge Parachain, url: wss://fullnode.centrifuge.io]","tests","Sat May 16 15:25:39 UTC 2026","passed","Sat May 16 15:25:39 UTC 2026","","test_rpc_methods_availability","",""
"","0","test_address_prefix[Test for Kusama Asset Hub]","tests","Sat May 16 15:24:57 UTC 2026","passed","Sat May 16 15:24:57 UTC 2026","TestNetworkPrefix","test_network_parameters","",""
"","0","test_can_create_connection[Test for Polkadot Asset Hub, url: wss://asset-hub-polkadot.dotters.network]","tests","Sat May 16 15:26:25 UTC 2026","passed","Sat May 16 15:26:25 UTC 2026","","test_nodes_availability","",""
"","0","test_rpc_node_is_synced[Test for Bifrost Polkadot, url: wss://bifrost-polkadot.ibp.network]","tests","Sat May 16 15:26:33 UTC 2026","broken","Sat May 16 15:26:33 UTC 2026","","test_substrate_node_is_synced","",""
"","0","test_address_prefix[Test for Crust Shadow]","tests","Sat May 16 15:24:54 UTC 2026","passed","Sat May 16 15:24:54 UTC 2026","TestNetworkPrefix","test_network_parameters","",""
"","98","test_rpc_method_is_available[Test for Acurast, url: wss://public-archive.mainnet.acurast.com]","tests","Sat May 16 15:29:02 UTC 2026","passed","Sat May 16 15:29:02 UTC 2026","","test_rpc_methods_availability","",""
"","0","test_rpc_node_is_synced[Test for UNIQUE, url: wss://unique.dotters.network]","tests","Sat May 16 15:27:35 UTC 2026","broken","Sat May 16 15:27:35 UTC 2026","","test_substrate_node_is_synced","",""
"","0","test_address_prefix[Test for Acurast]","tests","Sat May 16 15:26:56 UTC 2026","passed","Sat May 16 15:26:56 UTC 2026","TestNetworkPrefix","test_network_parameters","",""
"","1","test_chainId[Test for Aleph Zero]","tests","Sat May 16 15:26:30 UTC 2026","passed","Sat May 16 15:26:30 UTC 2026","TestChainId","test_network_parameters","",""
"","0","test_rpc_node_is_synced[Test for DAO IPCI, url: wss://ipci.rpc.robonomics.network]","tests","Sat May 16 15:28:12 UTC 2026","broken","Sat May 16 15:28:12 UTC 2026","","test_substrate_node_is_synced","",""
"","0","test_address_prefix[Test for Polkadot Bridge Hub]","tests","Sat May 16 15:26:04 UTC 2026","passed","Sat May 16 15:26:04 UTC 2026","TestNetworkPrefix","test_network_parameters","",""
"","0","test_chainId[Test for DeepBrain]","tests","Sat May 16 15:26:26 UTC 2026","broken","Sat May 16 15:26:26 UTC 2026","TestChainId","test_network_parameters","",""
"","0","test_can_create_connection[Test for Moonbeam, url: wss://moonbeam.public.curie.radiumblock.co/ws]","tests","Sat May 16 15:25:20 UTC 2026","broken","Sat May 16 15:25:20 UTC 2026","","test_nodes_availability","",""
"","149","test_rpc_method_is_available[Test for Polkadot People, url: wss://polkadot-people-rpc.polkadot.io]","tests","Sat May 16 15:24:24 UTC 2026","passed","Sat May 16 15:24:24 UTC 2026","","test_rpc_methods_availability","",""
"","0","test_address_prefix[Test for Kusama Bridge Hub]","tests","Sat May 16 15:26:06 UTC 2026","passed","Sat May 16 15:26:06 UTC 2026","TestNetworkPrefix","test_network_parameters","",""
"","93","test_rpc_method_is_available[Test for JAMTON, url: wss://rpc.jamton.network]","tests","Sat May 16 15:29:12 UTC 2026","passed","Sat May 16 15:29:13 UTC 2026","","test_rpc_methods_availability","",""
"","90","test_rpc_method_is_available[Test for Darwinia, url: wss://rpc.darwinia.network]","tests","Sat May 16 15:28:03 UTC 2026","passed","Sat May 16 15:28:03 UTC 2026","","test_rpc_methods_availability","",""
"","0","test_can_create_connection[Test for Creditcoin, url: wss://mainnet3.creditcoin.network]","tests","Sat May 16 15:29:05 UTC 2026","passed","Sat May 16 15:29:05 UTC 2026","","test_nodes_availability","",""
"","0","test_can_create_connection[Test for Kusama People, url: wss://ksm-rpc.stakeworld.io/people]","tests","Sat May 16 15:24:56 UTC 2026","passed","Sat May 16 15:24:56 UTC 2026","","test_nodes_availability","",""
"","37","test_rpc_node_is_synced[Test for Polkadot Asset Hub, url: wss://sys.ibp.network/asset-hub-polkadot]","tests","Sat May 16 15:26:55 UTC 2026","passed","Sat May 16 15:26:55 UTC 2026","","test_substrate_node_is_synced","",""
"","0","test_rpc_node_is_synced[Test for Phala, url: wss://phala-rpc.n.dwellir.com]","tests","Sat May 16 15:26:05 UTC 2026","broken","Sat May 16 15:26:05 UTC 2026","","test_substrate_node_is_synced","",""
"","0","test_chainId[Test for Enjin Matrix]","tests","Sat May 16 15:25:43 UTC 2026","passed","Sat May 16 15:25:43 UTC 2026","TestChainId","test_network_parameters","",""
"","0","test_can_create_connection[Test for Moonriver, url: wss://moonriver-rpc.publicnode.com]","tests","Sat May 16 15:25:01 UTC 2026","passed","Sat May 16 15:25:01 UTC 2026","","test_nodes_availability","",""
"","0","test_precision[Test for JAMTON]","tests","Sat May 16 15:26:23 UTC 2026","passed","Sat May 16 15:26:23 UTC 2026","TestPrecision","test_network_parameters","",""
"","91","test_rpc_node_is_synced[Test for Moonriver, url: wss://moonriver-rpc.publicnode.com]","tests","Sat May 16 15:25:09 UTC 2026","passed","Sat May 16 15:25:09 UTC 2026","","test_substrate_node_is_synced","",""
"","95","test_rpc_method_is_available[Test for Bittensor, url: wss://bittensor-finney.api.onfinality.io/public-ws]","tests","Sat May 16 15:27:28 UTC 2026","passed","Sat May 16 15:27:28 UTC 2026","","test_rpc_methods_availability","",""
"","0","test_can_create_connection[Test for Moonriver, url: wss://wss.api.moonriver.moonbeam.network]","tests","Sat May 16 15:25:24 UTC 2026","passed","Sat May 16 15:25:24 UTC 2026","","test_nodes_availability","",""
"","56","test_rpc_node_is_synced[Test for Polkadot Relay, url: wss://dot-rpc.stakeworld.io]","tests","Sat May 16 15:24:54 UTC 2026","passed","Sat May 16 15:24:54 UTC 2026","","test_substrate_node_is_synced","",""
"","1","test_can_create_connection[Test for UNIQUE, url: wss://us-ws.unique.network/]","tests","Sat May 16 15:27:25 UTC 2026","passed","Sat May 16 15:27:25 UTC 2026","","test_nodes_availability","",""
"","0","test_address_prefix[Test for Astar]","tests","Sat May 16 15:25:21 UTC 2026","passed","Sat May 16 15:25:21 UTC 2026","TestNetworkPrefix","test_network_parameters","",""
"","128","test_rpc_node_is_synced[Test for Creditcoin, url: wss://mainnet3.creditcoin.network]","tests","Sat May 16 15:29:10 UTC 2026","passed","Sat May 16 15:29:10 UTC 2026","","test_substrate_node_is_synced","",""
"","0","test_address_prefix[Test for Hyperbridge Nexus]","tests","Sat May 16 15:26:58 UTC 2026","broken","Sat May 16 15:26:58 UTC 2026","TestNetworkPrefix","test_network_parameters","",""
"","0","test_rpc_method_is_available[Test for Laos, url: wss://rpc.laos.laosfoundation.io]","tests","Sat May 16 15:28:40 UTC 2026","broken","Sat May 16 15:28:40 UTC 2026","","test_rpc_methods_availability","",""
"","0","test_precision[Test for Aventus]","tests","Sat May 16 15:25:11 UTC 2026","passed","Sat May 16 15:25:11 UTC 2026","TestPrecision","test_network_parameters","",""
"","0","test_precision[Test for QUARTZ]","tests","Sat May 16 15:24:31 UTC 2026","broken","Sat May 16 15:24:31 UTC 2026","TestPrecision","test_network_parameters","",""
"","96","test_rpc_method_is_available[Test for GIANT, url: wss://rpc-anchor-2-mainnet-az-ue1.giantprotocol.org:443]","tests","Sat May 16 15:27:33 UTC 2026","passed","Sat May 16 15:27:33 UTC 2026","","test_rpc_methods_availability","",""
"","0","test_precision[Test for Frequency]","tests","Sat May 16 15:25:34 UTC 2026","passed","Sat May 16 15:25:34 UTC 2026","TestPrecision","test_network_parameters","",""
"","21","test_address_prefix[Test for Cere]","tests","Sat May 16 15:26:25 UTC 2026","passed","Sat May 16 15:26:25 UTC 2026","TestNetworkPrefix","test_network_parameters","",""
"","0","test_can_create_connection[Test for Centrifuge Parachain, url: wss://rpc-centrifuge.luckyfriday.io]","tests","Sat May 16 15:25:57 UTC 2026","passed","Sat May 16 15:25:57 UTC 2026","","test_nodes_availability","",""
"","143","test_rpc_node_is_synced[Test for Astar, url: wss://astar.public.curie.radiumblock.co/ws]","tests","Sat May 16 15:26:17 UTC 2026","passed","Sat May 16 15:26:17 UTC 2026","","test_substrate_node_is_synced","",""
"","10","test_has_new_assets[Test for Hydration]","tests","Sat May 16 15:24:49 UTC 2026","passed","Sat May 16 15:24:49 UTC 2026","TestAssets","test_check_new_assets","",""
"","0","test_address_prefix[Test for krest]","tests","Sat May 16 15:26:15 UTC 2026","passed","Sat May 16 15:26:15 UTC 2026","TestNetworkPrefix","test_network_parameters","",""
"","93","test_rpc_method_is_available[Test for Kusama Coretime, url: wss://coretime-kusama.dotters.network]","tests","Sat May 16 15:28:49 UTC 2026","passed","Sat May 16 15:28:49 UTC 2026","","test_rpc_methods_availability","",""
"","147","test_rpc_node_is_synced[Test for Kintsugi, url: wss://api-kusama.interlay.io/parachain]","tests","Sat May 16 15:25:23 UTC 2026","passed","Sat May 16 15:25:23 UTC 2026","","test_substrate_node_is_synced","",""
"","0","test_chainId[Test for Nodle Parachain]","tests","Sat May 16 15:25:32 UTC 2026","broken","Sat May 16 15:25:32 UTC 2026","TestChainId","test_network_parameters","",""
"","0","test_has_new_assets[Test for Curio]","tests","Sat May 16 15:25:56 UTC 2026","broken","Sat May 16 15:25:56 UTC 2026","TestAssets","test_check_new_assets","",""
"","0","test_has_new_assets[Test for Polkadex]","tests","Sat May 16 15:24:52 UTC 2026","broken","Sat May 16 15:24:52 UTC 2026","TestAssets","test_check_new_assets","",""
"","97","test_rpc_method_is_available[Test for Polkadot Bridge Hub, url: wss://sys.ibp.network/bridgehub-polkadot]","tests","Sat May 16 15:27:36 UTC 2026","passed","Sat May 16 15:27:36 UTC 2026","","test_rpc_methods_availability","",""
"","0","test_chainId[Test for JAMTON]","tests","Sat May 16 15:26:25 UTC 2026","passed","Sat May 16 15:26:25 UTC 2026","TestChainId","test_network_parameters","",""
"","98","test_rpc_method_is_available[Test for Energy Web X, url: wss://public-rpc.mainnet.energywebx.com/]","tests","Sat May 16 15:28:11 UTC 2026","passed","Sat May 16 15:28:11 UTC 2026","","test_rpc_methods_availability","",""
"","219","test_rpc_node_is_synced[Test for Crust Shadow, url: wss://rpc-sha-subscan.crustnetwork.xyz]","tests","Sat May 16 15:25:37 UTC 2026","passed","Sat May 16 15:25:37 UTC 2026","","test_substrate_node_is_synced","",""
"","0","test_rpc_method_is_available[Test for Phala, url: wss://api.phala.network/ws]","tests","Sat May 16 15:26:35 UTC 2026","broken","Sat May 16 15:26:35 UTC 2026","","test_rpc_methods_availability","",""
"","7","test_has_new_assets[Test for Bittensor]","tests","Sat May 16 15:25:17 UTC 2026","passed","Sat May 16 15:25:17 UTC 2026","TestAssets","test_check_new_assets","",""
"","0","test_can_create_connection[Test for Ternoa, url: wss://mainnet.ternoa.network]","tests","Sat May 16 15:27:14 UTC 2026","passed","Sat May 16 15:27:14 UTC 2026","","test_nodes_availability","",""
"","56","test_rpc_node_is_synced[Test for Interlay, url: wss://rpc-interlay.luckyfriday.io/]","tests","Sat May 16 15:25:43 UTC 2026","passed","Sat May 16 15:25:43 UTC 2026","","test_substrate_node_is_synced","",""
"","94","test_rpc_method_is_available[Test for Kusama Coretime, url: wss://kusama-coretime-rpc.polkadot.io]","tests","Sat May 16 15:28:55 UTC 2026","passed","Sat May 16 15:28:55 UTC 2026","","test_rpc_methods_availability","",""
"","51","test_rpc_node_is_synced[Test for Kusama Relay, url: wss://kusama.dotters.network]","tests","Sat May 16 15:24:36 UTC 2026","passed","Sat May 16 15:24:36 UTC 2026","","test_substrate_node_is_synced","",""
"","0","test_can_create_connection[Test for Polkadot Relay, url: wss://apps-rpc.polkadot.io]","tests","Sat May 16 15:24:46 UTC 2026","passed","Sat May 16 15:24:46 UTC 2026","","test_nodes_availability","",""
"","8","test_has_new_assets[Test for Robonomics]","tests","Sat May 16 15:24:39 UTC 2026","passed","Sat May 16 15:24:39 UTC 2026","TestAssets","test_check_new_assets","",""
"","0","test_chainId[Test for Robonomics]","tests","Sat May 16 15:24:47 UTC 2026","passed","Sat May 16 15:24:47 UTC 2026","TestChainId","test_network_parameters","",""
"","0","test_chainId[Test for Moonriver]","tests","Sat May 16 15:24:27 UTC 2026","passed","Sat May 16 15:24:27 UTC 2026","TestChainId","test_network_parameters","",""
"","1","test_address_prefix[Test for Enjin Matrix]","tests","Sat May 16 15:26:09 UTC 2026","passed","Sat May 16 15:26:09 UTC 2026","TestNetworkPrefix","test_network_parameters","",""
"","0","test_rpc_node_is_synced[Test for Hyperbridge Nexus, url: wss://nexus.ibp.network]","tests","Sat May 16 15:28:53 UTC 2026","broken","Sat May 16 15:28:53 UTC 2026","","test_substrate_node_is_synced","",""
"","0","test_can_create_connection[Test for Kusama Coretime, url: wss://ksm-rpc.stakeworld.io/coretime]","tests","Sat May 16 15:29:32 UTC 2026","passed","Sat May 16 15:29:32 UTC 2026","","test_nodes_availability","",""
"","7","test_has_new_assets[Test for Acurast]","tests","Sat May 16 15:26:27 UTC 2026","passed","Sat May 16 15:26:27 UTC 2026","TestAssets","test_check_new_assets","",""
"","94","test_rpc_method_is_available[Test for Phala, url: wss://phala.public.curie.radiumblock.co/ws]","tests","Sat May 16 15:26:54 UTC 2026","passed","Sat May 16 15:26:54 UTC 2026","","test_rpc_methods_availability","",""
"","30","test_rpc_node_is_synced[Test for Aleph Zero, url: wss://ws.azero.dev]","tests","Sat May 16 15:27:06 UTC 2026","passed","Sat May 16 15:27:06 UTC 2026","","test_substrate_node_is_synced","",""
"","0","test_can_create_connection[Test for Hydration, url: wss://hydration.dotters.network]","tests","Sat May 16 15:26:20 UTC 2026","passed","Sat May 16 15:26:20 UTC 2026","","test_nodes_availability","",""
"","92","test_rpc_method_is_available[Test for Robonomics, url: wss://kusama.rpc.robonomics.network/]","tests","Sat May 16 15:25:59 UTC 2026","passed","Sat May 16 15:25:59 UTC 2026","","test_rpc_methods_availability","",""
"","0","test_rpc_node_is_synced[Test for Bifrost Kusama, url: wss://us.bifrost-rpc.liebi.com/ws]","tests","Sat May 16 15:27:13 UTC 2026","broken","Sat May 16 15:27:13 UTC 2026","","test_substrate_node_is_synced","",""
"","1","test_address_prefix[Test for Encointer]","tests","Sat May 16 15:24:39 UTC 2026","passed","Sat May 16 15:24:39 UTC 2026","TestNetworkPrefix","test_network_parameters","",""
"","139","test_rpc_method_is_available[Test for Polkadot Collectives, url: wss://collectives-polkadot.dotters.network]","tests","Sat May 16 15:27:57 UTC 2026","passed","Sat May 16 15:27:57 UTC 2026","","test_rpc_methods_availability","",""
"","113","test_rpc_method_is_available[Test for Acala, url: wss://acala-rpc-0.aca-api.network]","tests","Sat May 16 15:28:02 UTC 2026","passed","Sat May 16 15:28:02 UTC 2026","","test_rpc_methods_availability","",""
"","0","test_can_create_connection[Test for Polkadot Collectives, url: wss://sys.ibp.network/collectives-polkadot]","tests","Sat May 16 15:28:30 UTC 2026","passed","Sat May 16 15:28:30 UTC 2026","","test_nodes_availability","",""
"","7","test_has_new_assets[Test for Aleph Zero]","tests","Sat May 16 15:26:03 UTC 2026","passed","Sat May 16 15:26:03 UTC 2026","TestAssets","test_check_new_assets","",""
"","0","test_rpc_method_is_available[Test for 3DPass, url: wss://rpc.3dpass.org]","tests","Sat May 16 15:27:54 UTC 2026","broken","Sat May 16 15:27:54 UTC 2026","","test_rpc_methods_availability","",""
"","130","test_rpc_node_is_synced[Test for Robonomics, url: wss://kusama.rpc.robonomics.network/]","tests","Sat May 16 15:27:05 UTC 2026","passed","Sat May 16 15:27:06 UTC 2026","","test_substrate_node_is_synced","",""
"","0","test_chainId[Test for Polkadot Relay]","tests","Sat May 16 15:24:28 UTC 2026","passed","Sat May 16 15:24:28 UTC 2026","TestChainId","test_network_parameters","",""
"","0","test_rpc_node_is_synced[Test for Acala, url: wss://acala-rpc.n.dwellir.com]","tests","Sat May 16 15:25:57 UTC 2026","broken","Sat May 16 15:25:57 UTC 2026","","test_substrate_node_is_synced","",""
"","0","test_address_prefix[Test for Altair]","tests","Sat May 16 15:24:19 UTC 2026","passed","Sat May 16 15:24:19 UTC 2026","TestNetworkPrefix","test_network_parameters","",""
"","130","test_rpc_method_is_available[Test for Joystream, url: wss://rpc.joystream.org]","tests","Sat May 16 15:28:07 UTC 2026","passed","Sat May 16 15:28:07 UTC 2026","","test_rpc_methods_availability","",""
"","0","test_rpc_node_is_synced[Test for Moonbeam, url: wss://moonbeam.dotters.network]","tests","Sat May 16 15:25:14 UTC 2026","broken","Sat May 16 15:25:14 UTC 2026","","test_substrate_node_is_synced","",""
"","50","test_rpc_node_is_synced[Test for Polkadot Relay, url: wss://polkadot.public.curie.radiumblock.co/ws]","tests","Sat May 16 15:24:58 UTC 2026","passed","Sat May 16 15:24:58 UTC 2026","","test_substrate_node_is_synced","",""
"","0","test_precision[Test for GIANT]","tests","Sat May 16 15:25:30 UTC 2026","passed","Sat May 16 15:25:30 UTC 2026","TestPrecision","test_network_parameters","",""
"","106","test_rpc_method_is_available[Test for Kintsugi, url: wss://api-kusama.interlay.io/parachain]","tests","Sat May 16 15:25:14 UTC 2026","passed","Sat May 16 15:25:15 UTC 2026","","test_rpc_methods_availability","",""
"","93","test_rpc_method_is_available[Test for peaq, url: wss://peaq-rpc.publicnode.com]","tests","Sat May 16 15:28:38 UTC 2026","passed","Sat May 16 15:28:38 UTC 2026","","test_rpc_methods_availability","",""
"","0","test_rpc_node_is_synced[Test for DeepBrain, url: wss://info.dbcwallet.io]","tests","Sat May 16 15:29:10 UTC 2026","broken","Sat May 16 15:29:10 UTC 2026","","test_substrate_node_is_synced","",""
"","51","test_rpc_node_is_synced[Test for Encointer, url: wss://encointer-kusama.dotters.network]","tests","Sat May 16 15:27:11 UTC 2026","passed","Sat May 16 15:27:11 UTC 2026","","test_substrate_node_is_synced","",""
"","0","test_has_new_assets[Test for DAO IPCI]","tests","Sat May 16 15:25:33 UTC 2026","broken","Sat May 16 15:25:33 UTC 2026","TestAssets","test_check_new_assets","",""
"","182","test_rpc_node_is_synced[Test for Bifrost Kusama, url: wss://bifrost-rpc.liebi.com/ws]","tests","Sat May 16 15:26:26 UTC 2026","passed","Sat May 16 15:26:26 UTC 2026","","test_substrate_node_is_synced","",""
"","0","test_precision[Test for Altair]","tests","Sat May 16 15:24:20 UTC 2026","passed","Sat May 16 15:24:20 UTC 2026","TestPrecision","test_network_parameters","",""
"","0","test_chainId[Test for Centrifuge Parachain]","tests","Sat May 16 15:24:49 UTC 2026","passed","Sat May 16 15:24:49 UTC 2026","TestChainId","test_network_parameters","",""
"","133","test_rpc_node_is_synced[Test for Basilisk, url: wss://basilisk-rpc.n.dwellir.com]","tests","Sat May 16 15:27:35 UTC 2026","passed","Sat May 16 15:27:35 UTC 2026","","test_substrate_node_is_synced","",""
"","265","test_rpc_node_is_synced[Test for Shiden, url: wss://rpc.shiden.astar.network]","tests","Sat May 16 15:26:12 UTC 2026","passed","Sat May 16 15:26:12 UTC 2026","","test_substrate_node_is_synced","",""
"","0","test_can_create_connection[Test for Amplitude, url: wss://rpc-amplitude.pendulumchain.tech]","tests","Sat May 16 15:27:08 UTC 2026","broken","Sat May 16 15:27:08 UTC 2026","","test_nodes_availability","",""
"","0","test_can_create_connection[Test for peaq, url: wss://peaq-rpc.publicnode.com]","tests","Sat May 16 15:29:17 UTC 2026","passed","Sat May 16 15:29:17 UTC 2026","","test_nodes_availability","",""
"","52","test_rpc_node_is_synced[Test for Bittensor, url: wss://lite.sub.latent.to:443]","tests","Sat May 16 15:27:46 UTC 2026","passed","Sat May 16 15:27:46 UTC 2026","","test_substrate_node_is_synced","",""
"","95","test_rpc_method_is_available[Test for CC Enterprise, url: wss://mainnet.creditcoin.network/ws]","tests","Sat May 16 15:28:29 UTC 2026","passed","Sat May 16 15:28:29 UTC 2026","","test_rpc_methods_availability","",""
"","0","test_address_prefix[Test for Manta Atlantic]","tests","Sat May 16 15:26:12 UTC 2026","passed","Sat May 16 15:26:12 UTC 2026","TestNetworkPrefix","test_network_parameters","",""
"","53","test_rpc_node_is_synced[Test for Altair, url: wss://altair.api.onfinality.io/public-ws]","tests","Sat May 16 15:27:45 UTC 2026","passed","Sat May 16 15:27:45 UTC 2026","","test_substrate_node_is_synced","",""
"","0","test_can_create_connection[Test for Ajuna, url: wss://ajuna.ibp.network]","tests","Sat May 16 15:27:50 UTC 2026","broken","Sat May 16 15:27:50 UTC 2026","","test_nodes_availability","",""
"","0","test_chainId[Test for Kintsugi]","tests","Sat May 16 15:24:55 UTC 2026","passed","Sat May 16 15:24:55 UTC 2026","TestChainId","test_network_parameters","",""
"","1","test_can_create_connection[Test for Acala, url: wss://acala-rpc-1.aca-api.network]","tests","Sat May 16 15:28:45 UTC 2026","passed","Sat May 16 15:28:45 UTC 2026","","test_nodes_availability","",""
