"DESCRIPTION","DURATION IN MS","NAME","PARENT SUITE","START TIME","STATUS","STOP TIME","SUB SUITE","SUITE","TEST CLASS","TEST METHOD"
"","0","test_can_create_connection[Test for QUARTZ, url: wss://quartz.unique.network]","tests","Wed Mar 18 09:23:53 UTC 2026","broken","Wed Mar 18 09:23:53 UTC 2026","","test_nodes_availability","",""
"","0","test_can_create_connection[Test for Bittensor, url: wss://bittensor-finney.api.onfinality.io/public-ws]","tests","Wed Mar 18 09:24:37 UTC 2026","passed","Wed Mar 18 09:24:37 UTC 2026","","test_nodes_availability","",""
"","25","test_rpc_node_is_synced[Test for Polkadot People, url: wss://people-polkadot.public.curie.radiumblock.co/ws]","tests","Wed Mar 18 09:21:46 UTC 2026","passed","Wed Mar 18 09:21:46 UTC 2026","","test_substrate_node_is_synced","",""
"","0","test_address_prefix[Test for DENTNet]","tests","Wed Mar 18 09:23:05 UTC 2026","passed","Wed Mar 18 09:23:05 UTC 2026","TestNetworkPrefix","test_network_parameters","",""
"","1","test_can_create_connection[Test for Polkadot People, url: wss://people-polkadot.public.curie.radiumblock.co/ws]","tests","Wed Mar 18 09:21:43 UTC 2026","passed","Wed Mar 18 09:21:43 UTC 2026","","test_nodes_availability","",""
"","135","test_rpc_node_is_synced[Test for Basilisk, url: wss://basilisk-rpc.n.dwellir.com]","tests","Wed Mar 18 09:22:48 UTC 2026","passed","Wed Mar 18 09:22:48 UTC 2026","","test_substrate_node_is_synced","",""
"","0","test_chainId[Test for KILT]","tests","Wed Mar 18 09:21:29 UTC 2026","passed","Wed Mar 18 09:21:29 UTC 2026","TestChainId","test_network_parameters","",""
"","0","test_chainId[Test for JAMTON]","tests","Wed Mar 18 09:23:07 UTC 2026","passed","Wed Mar 18 09:23:07 UTC 2026","TestChainId","test_network_parameters","",""
"","0","test_rpc_method_is_available[Test for Polkadex, url: wss://polkadex.public.curie.radiumblock.co/ws]","tests","Wed Mar 18 09:23:17 UTC 2026","broken","Wed Mar 18 09:23:17 UTC 2026","","test_rpc_methods_availability","",""
"","0","test_can_create_connection[Test for UNIQUE, url: wss://unique.ibp.network]","tests","Wed Mar 18 09:23:38 UTC 2026","passed","Wed Mar 18 09:23:38 UTC 2026","","test_nodes_availability","",""
"","0","test_chainId[Test for Crust Shadow]","tests","Wed Mar 18 09:21:45 UTC 2026","passed","Wed Mar 18 09:21:45 UTC 2026","TestChainId","test_network_parameters","",""
"","0","test_chainId[Test for GIANT]","tests","Wed Mar 18 09:22:30 UTC 2026","passed","Wed Mar 18 09:22:30 UTC 2026","TestChainId","test_network_parameters","",""
"","0","test_can_create_connection[Test for Polkadot Coretime, url: wss://polkadot-coretime-rpc.polkadot.io]","tests","Wed Mar 18 09:25:28 UTC 2026","passed","Wed Mar 18 09:25:28 UTC 2026","","test_nodes_availability","",""
"","108","test_rpc_method_is_available[Test for Polkadot Collectives, url: wss://collectives-polkadot.dotters.network]","tests","Wed Mar 18 09:24:37 UTC 2026","passed","Wed Mar 18 09:24:37 UTC 2026","","test_rpc_methods_availability","",""
"","37","test_rpc_node_is_synced[Test for Kusama Coretime, url: wss://coretime-kusama.dotters.network]","tests","Wed Mar 18 09:25:21 UTC 2026","passed","Wed Mar 18 09:25:21 UTC 2026","","test_substrate_node_is_synced","",""
"","101","test_rpc_method_is_available[Test for Kusama People, url: wss://people-kusama.dotters.network]","tests","Wed Mar 18 09:21:53 UTC 2026","passed","Wed Mar 18 09:21:53 UTC 2026","","test_rpc_methods_availability","",""
"","182","test_rpc_method_is_available[Test for Altair, url: wss://altair.api.onfinality.io/public-ws]","tests","Wed Mar 18 09:23:51 UTC 2026","passed","Wed Mar 18 09:23:51 UTC 2026","","test_rpc_methods_availability","",""
"","47","test_rpc_node_is_synced[Test for Frequency, url: wss://0.rpc.frequency.xyz]","tests","Wed Mar 18 09:24:36 UTC 2026","passed","Wed Mar 18 09:24:36 UTC 2026","","test_substrate_node_is_synced","",""
"","176","test_rpc_method_is_available[Test for Polkadot Collectives, url: wss://collectives.public.curie.radiumblock.co/ws]","tests","Wed Mar 18 09:24:40 UTC 2026","passed","Wed Mar 18 09:24:40 UTC 2026","","test_rpc_methods_availability","",""
"","39","test_rpc_node_is_synced[Test for Polkadot People, url: wss://sys.ibp.network/people-polkadot]","tests","Wed Mar 18 09:21:38 UTC 2026","passed","Wed Mar 18 09:21:38 UTC 2026","","test_substrate_node_is_synced","",""
"","0","test_address_prefix[Test for Acurast]","tests","Wed Mar 18 09:24:15 UTC 2026","passed","Wed Mar 18 09:24:15 UTC 2026","TestNetworkPrefix","test_network_parameters","",""
"","0","test_can_create_connection[Test for Curio, url: wss://parachain.curioinvest.com/]","tests","Wed Mar 18 09:25:03 UTC 2026","broken","Wed Mar 18 09:25:03 UTC 2026","","test_nodes_availability","",""
"","105","test_rpc_method_is_available[Test for GIANT, url: wss://rpc-anchor-2-mainnet-az-ue1.giantprotocol.org:443]","tests","Wed Mar 18 09:24:23 UTC 2026","passed","Wed Mar 18 09:24:23 UTC 2026","","test_rpc_methods_availability","",""
"","93","test_rpc_method_is_available[Test for 3DPass, url: wss://rpc.p3d.top]","tests","Wed Mar 18 09:24:31 UTC 2026","passed","Wed Mar 18 09:24:31 UTC 2026","","test_rpc_methods_availability","",""
"","97","test_rpc_method_is_available[Test for Enjin Relay, url: wss://rpc.relay.blockchain.enjin.io]","tests","Wed Mar 18 09:24:50 UTC 2026","passed","Wed Mar 18 09:24:50 UTC 2026","","test_rpc_methods_availability","",""
"","554","test_rpc_node_is_synced[Test for Acala, url: wss://acala-rpc-2.aca-api.network/ws]","tests","Wed Mar 18 09:22:38 UTC 2026","passed","Wed Mar 18 09:22:39 UTC 2026","","test_substrate_node_is_synced","",""
"","0","test_rpc_method_is_available[Test for Astar, url: wss://rpc.astar.network]","tests","Wed Mar 18 09:23:28 UTC 2026","broken","Wed Mar 18 09:23:28 UTC 2026","","test_rpc_methods_availability","",""
"","0","test_address_prefix[Test for Acala]","tests","Wed Mar 18 09:21:44 UTC 2026","passed","Wed Mar 18 09:21:44 UTC 2026","TestNetworkPrefix","test_network_parameters","",""
"","101","test_rpc_method_is_available[Test for Polkadot Asset Hub, url: wss://asset-hub-polkadot-rpc.n.dwellir.com]","tests","Wed Mar 18 09:24:02 UTC 2026","passed","Wed Mar 18 09:24:02 UTC 2026","","test_rpc_methods_availability","",""
"","297","test_rpc_node_is_synced[Test for Acala, url: wss://acala-rpc-0.aca-api.network]","tests","Wed Mar 18 09:22:30 UTC 2026","passed","Wed Mar 18 09:22:30 UTC 2026","","test_substrate_node_is_synced","",""
"","0","test_chainId[Test for Basilisk]","tests","Wed Mar 18 09:21:41 UTC 2026","passed","Wed Mar 18 09:21:41 UTC 2026","TestChainId","test_network_parameters","",""
"","0","test_chainId[Test for Polkadot Bridge Hub]","tests","Wed Mar 18 09:22:28 UTC 2026","passed","Wed Mar 18 09:22:28 UTC 2026","TestChainId","test_network_parameters","",""
"","107","test_rpc_method_is_available[Test for Encointer, url: wss://encointer-kusama.dotters.network]","tests","Wed Mar 18 09:22:13 UTC 2026","passed","Wed Mar 18 09:22:13 UTC 2026","","test_rpc_methods_availability","",""
"","284","test_rpc_node_is_synced[Test for DENTNet, url: wss://rpc.dentnet.io/ws]","tests","Wed Mar 18 09:25:08 UTC 2026","passed","Wed Mar 18 09:25:09 UTC 2026","","test_substrate_node_is_synced","",""
"","0","test_rpc_node_is_synced[Test for Nodle Parachain, url: wss://nodle-parachain.api.onfinality.io/public-ws]","tests","Wed Mar 18 09:22:47 UTC 2026","broken","Wed Mar 18 09:22:47 UTC 2026","","test_substrate_node_is_synced","",""
"","100","test_rpc_method_is_available[Test for Westend (TESTNET), url: wss://westend-rpc.polkadot.io]","tests","Wed Mar 18 09:22:04 UTC 2026","passed","Wed Mar 18 09:22:04 UTC 2026","","test_rpc_methods_availability","",""
"","0","test_can_create_connection[Test for Ajuna, url: wss://ajuna.dotters.network]","tests","Wed Mar 18 09:24:48 UTC 2026","passed","Wed Mar 18 09:24:48 UTC 2026","","test_nodes_availability","",""
"","0","test_rpc_method_is_available[Test for DeepBrain, url: wss://info.dbcwallet.io]","tests","Wed Mar 18 09:25:21 UTC 2026","broken","Wed Mar 18 09:25:21 UTC 2026","","test_rpc_methods_availability","",""
"","0","test_can_create_connection[Test for Kusama People, url: wss://kusama-people-rpc.polkadot.io]","tests","Wed Mar 18 09:21:48 UTC 2026","passed","Wed Mar 18 09:21:48 UTC 2026","","test_nodes_availability","",""
"","0","test_can_create_connection[Test for Kusama Coretime, url: wss://sys.ibp.network/coretime-kusama]","tests","Wed Mar 18 09:25:28 UTC 2026","passed","Wed Mar 18 09:25:28 UTC 2026","","test_nodes_availability","",""
"","0","test_address_prefix[Test for Laos]","tests","Wed Mar 18 09:23:12 UTC 2026","passed","Wed Mar 18 09:23:12 UTC 2026","TestNetworkPrefix","test_network_parameters","",""
"","0","test_address_prefix[Test for Tangle]","tests","Wed Mar 18 09:23:53 UTC 2026","broken","Wed Mar 18 09:23:53 UTC 2026","TestNetworkPrefix","test_network_parameters","",""
"","0","test_address_prefix[Test for Kusama Coretime]","tests","Wed Mar 18 09:23:29 UTC 2026","passed","Wed Mar 18 09:23:29 UTC 2026","TestNetworkPrefix","test_network_parameters","",""
"","0","test_can_create_connection[Test for CC Enterprise, url: wss://mainnet.creditcoin.network/ws]","tests","Wed Mar 18 09:25:17 UTC 2026","passed","Wed Mar 18 09:25:17 UTC 2026","","test_nodes_availability","",""
"","55","test_rpc_node_is_synced[Test for Enjin Matrix, url: wss://rpc.matrix.blockchain.enjin.io]","tests","Wed Mar 18 09:24:40 UTC 2026","passed","Wed Mar 18 09:24:40 UTC 2026","","test_substrate_node_is_synced","",""
"","0","test_can_create_connection[Test for Crust Polkadot Parachain, url: wss://crust-parachain.crustapps.net]","tests","Wed Mar 18 09:24:19 UTC 2026","passed","Wed Mar 18 09:24:19 UTC 2026","","test_nodes_availability","",""
"","0","test_can_create_connection[Test for KILT, url: wss://kilt.dotters.network]","tests","Wed Mar 18 09:23:29 UTC 2026","passed","Wed Mar 18 09:23:29 UTC 2026","","test_nodes_availability","",""
"","1","test_can_create_connection[Test for UNIQUE, url: wss://us-ws.unique.network/]","tests","Wed Mar 18 09:24:03 UTC 2026","passed","Wed Mar 18 09:24:03 UTC 2026","","test_nodes_availability","",""
"","0","test_address_prefix[Test for Crab]","tests","Wed Mar 18 09:22:39 UTC 2026","broken","Wed Mar 18 09:22:39 UTC 2026","TestNetworkPrefix","test_network_parameters","",""
"","152","test_rpc_node_is_synced[Test for Interlay, url: wss://api.interlay.io/parachain]","tests","Wed Mar 18 09:22:32 UTC 2026","passed","Wed Mar 18 09:22:32 UTC 2026","","test_substrate_node_is_synced","",""
"","0","test_address_prefix[Test for Amplitude]","tests","Wed Mar 18 09:21:59 UTC 2026","broken","Wed Mar 18 09:21:59 UTC 2026","TestNetworkPrefix","test_network_parameters","",""
"","0","test_address_prefix[Test for CC Enterprise]","tests","Wed Mar 18 09:23:12 UTC 2026","passed","Wed Mar 18 09:23:12 UTC 2026","TestNetworkPrefix","test_network_parameters","",""
"","0","test_can_create_connection[Test for NeuroWeb, url: wss://parachain-rpc.origin-trail.network]","tests","Wed Mar 18 09:23:16 UTC 2026","passed","Wed Mar 18 09:23:16 UTC 2026","","test_nodes_availability","",""
"","0","test_rpc_node_is_synced[Test for 3DPass, url: wss://rpc.3dpass.org]","tests","Wed Mar 18 09:24:38 UTC 2026","broken","Wed Mar 18 09:24:38 UTC 2026","","test_substrate_node_is_synced","",""
"","381","test_rpc_node_is_synced[Test for Karura, url: wss://karura-rpc-0.aca-api.network]","tests","Wed Mar 18 09:21:31 UTC 2026","passed","Wed Mar 18 09:21:31 UTC 2026","","test_substrate_node_is_synced","",""
"","106","test_rpc_method_is_available[Test for Aleph Zero, url: wss://ws.azero.dev]","tests","Wed Mar 18 09:23:02 UTC 2026","passed","Wed Mar 18 09:23:02 UTC 2026","","test_rpc_methods_availability","",""
"","0","test_can_create_connection[Test for Polkadot Asset Hub, url: wss://asset-hub-polkadot-rpc.n.dwellir.com]","tests","Wed Mar 18 09:23:50 UTC 2026","passed","Wed Mar 18 09:23:50 UTC 2026","","test_nodes_availability","",""
"","39","test_rpc_node_is_synced[Test for Kusama Relay, url: wss://kusama.dotters.network]","tests","Wed Mar 18 09:21:42 UTC 2026","passed","Wed Mar 18 09:21:42 UTC 2026","","test_substrate_node_is_synced","",""
"","164","test_rpc_method_is_available[Test for Moonriver, url: wss://moonriver-rpc.publicnode.com]","tests","Wed Mar 18 09:22:01 UTC 2026","passed","Wed Mar 18 09:22:01 UTC 2026","","test_rpc_methods_availability","",""
"","1","test_address_prefix[Test for Polkadot Collectives]","tests","Wed Mar 18 09:22:43 UTC 2026","passed","Wed Mar 18 09:22:43 UTC 2026","TestNetworkPrefix","test_network_parameters","",""
"","209","test_rpc_node_is_synced[Test for Crust Shadow, url: wss://rpc2-shadow.crust.network/]","tests","Wed Mar 18 09:23:00 UTC 2026","passed","Wed Mar 18 09:23:00 UTC 2026","","test_substrate_node_is_synced","",""
"","132","test_rpc_node_is_synced[Test for Cere, url: wss://rpc.mainnet.cere.network/ws]","tests","Wed Mar 18 09:25:10 UTC 2026","passed","Wed Mar 18 09:25:10 UTC 2026","","test_substrate_node_is_synced","",""
"","172","test_rpc_method_is_available[Test for Kusama Relay, url: wss://apps-kusama-rpc.polkadot.io]","tests","Wed Mar 18 09:21:40 UTC 2026","passed","Wed Mar 18 09:21:40 UTC 2026","","test_rpc_methods_availability","",""
"","0","test_can_create_connection[Test for 3DPass, url: wss://rpc.3dpass.org]","tests","Wed Mar 18 09:24:59 UTC 2026","broken","Wed Mar 18 09:24:59 UTC 2026","","test_nodes_availability","",""
"","0","test_address_prefix[Test for Phala]","tests","Wed Mar 18 09:22:18 UTC 2026","passed","Wed Mar 18 09:22:18 UTC 2026","TestNetworkPrefix","test_network_parameters","",""
"","137","test_rpc_method_is_available[Test for Polkadot Coretime, url: wss://polkadot-coretime-rpc.polkadot.io]","tests","Wed Mar 18 09:25:22 UTC 2026","passed","Wed Mar 18 09:25:22 UTC 2026","","test_rpc_methods_availability","",""
"","100","test_rpc_method_is_available[Test for Bifrost Polkadot, url: wss://bifrost-polkadot.ibp.network]","tests","Wed Mar 18 09:23:12 UTC 2026","passed","Wed Mar 18 09:23:12 UTC 2026","","test_rpc_methods_availability","",""
"","0","test_chainId[Test for Enjin Relay]","tests","Wed Mar 18 09:22:48 UTC 2026","passed","Wed Mar 18 09:22:48 UTC 2026","TestChainId","test_network_parameters","",""
"","94","test_rpc_method_is_available[Test for Polkadot Collectives, url: wss://sys.ibp.network/collectives-polkadot]","tests","Wed Mar 18 09:24:42 UTC 2026","passed","Wed Mar 18 09:24:42 UTC 2026","","test_rpc_methods_availability","",""
"","131","test_rpc_node_is_synced[Test for Bifrost Polkadot, url: wss://eu.bifrost-polkadot-rpc.liebi.com/ws]","tests","Wed Mar 18 09:23:55 UTC 2026","passed","Wed Mar 18 09:23:55 UTC 2026","","test_substrate_node_is_synced","",""
"","184","test_rpc_node_is_synced[Test for Kusama Relay, url: wss://1rpc.io/ksm]","tests","Wed Mar 18 09:22:00 UTC 2026","passed","Wed Mar 18 09:22:00 UTC 2026","","test_substrate_node_is_synced","",""
"","129","test_rpc_node_is_synced[Test for Polkadot People, url: wss://polkadot-people-rpc.polkadot.io]","tests","Wed Mar 18 09:21:35 UTC 2026","passed","Wed Mar 18 09:21:36 UTC 2026","","test_substrate_node_is_synced","",""
"","0","test_can_create_connection[Test for Karura, url: wss://karura-rpc-2.aca-api.network/ws]","tests","Wed Mar 18 09:21:35 UTC 2026","passed","Wed Mar 18 09:21:35 UTC 2026","","test_nodes_availability","",""
"","138","test_rpc_node_is_synced[Test for Centrifuge Parachain, url: wss://fullnode.centrifuge.io]","tests","Wed Mar 18 09:23:09 UTC 2026","passed","Wed Mar 18 09:23:10 UTC 2026","","test_substrate_node_is_synced","",""
"","1","test_chainId[Test for Centrifuge Parachain]","tests","Wed Mar 18 09:21:50 UTC 2026","passed","Wed Mar 18 09:21:50 UTC 2026","TestChainId","test_network_parameters","",""
"","0","test_can_create_connection[Test for Shiden, url: wss://rpc.shiden.astar.network]","tests","Wed Mar 18 09:22:35 UTC 2026","passed","Wed Mar 18 09:22:35 UTC 2026","","test_nodes_availability","",""
"","0","test_can_create_connection[Test for Kusama Relay, url: wss://rpc-kusama.luckyfriday.io]","tests","Wed Mar 18 09:21:51 UTC 2026","passed","Wed Mar 18 09:21:51 UTC 2026","","test_nodes_availability","",""
"","42","test_rpc_node_is_synced[Test for Ajuna, url: wss://ajuna.dotters.network]","tests","Wed Mar 18 09:24:26 UTC 2026","passed","Wed Mar 18 09:24:26 UTC 2026","","test_substrate_node_is_synced","",""
"","23","test_rpc_node_is_synced[Test for Moonbeam, url: wss://moonbeam.public.curie.radiumblock.co/ws]","tests","Wed Mar 18 09:22:10 UTC 2026","passed","Wed Mar 18 09:22:10 UTC 2026","","test_substrate_node_is_synced","",""
"","0","test_can_create_connection[Test for UNIQUE, url: wss://unique.dotters.network]","tests","Wed Mar 18 09:23:42 UTC 2026","passed","Wed Mar 18 09:23:42 UTC 2026","","test_nodes_availability","",""
"","0","test_can_create_connection[Test for Polymesh, url: wss://mainnet-rpc.polymesh.network]","tests","Wed Mar 18 09:24:02 UTC 2026","passed","Wed Mar 18 09:24:02 UTC 2026","","test_nodes_availability","",""
"","0","test_can_create_connection[Test for UNIQUE, url: wss://eu-ws.unique.network/]","tests","Wed Mar 18 09:23:57 UTC 2026","passed","Wed Mar 18 09:23:57 UTC 2026","","test_nodes_availability","",""
"","0","test_can_create_connection[Test for Encointer, url: wss://encointer-kusama.dotters.network]","tests","Wed Mar 18 09:22:16 UTC 2026","passed","Wed Mar 18 09:22:16 UTC 2026","","test_nodes_availability","",""
"","0","test_address_prefix[Test for Joystream]","tests","Wed Mar 18 09:22:42 UTC 2026","passed","Wed Mar 18 09:22:42 UTC 2026","TestNetworkPrefix","test_network_parameters","",""
"","0","test_chainId[Test for Robonomics]","tests","Wed Mar 18 09:22:14 UTC 2026","passed","Wed Mar 18 09:22:14 UTC 2026","TestChainId","test_network_parameters","",""
"","0","test_can_create_connection[Test for Phala, url: wss://phala-rpc.n.dwellir.com]","tests","Wed Mar 18 09:22:59 UTC 2026","broken","Wed Mar 18 09:22:59 UTC 2026","","test_nodes_availability","",""
"","61","test_rpc_node_is_synced[Test for Enjin Relay, url: wss://rpc.relay.blockchain.enjin.io]","tests","Wed Mar 18 09:24:54 UTC 2026","passed","Wed Mar 18 09:24:55 UTC 2026","","test_substrate_node_is_synced","",""
"","100","test_rpc_method_is_available[Test for Karura, url: wss://karura-rpc.n.dwellir.com]","tests","Wed Mar 18 09:21:41 UTC 2026","passed","Wed Mar 18 09:21:41 UTC 2026","","test_rpc_methods_availability","",""
"","110","test_rpc_method_is_available[Test for Polkadot People, url: wss://sys.ibp.network/people-polkadot]","tests","Wed Mar 18 09:21:36 UTC 2026","passed","Wed Mar 18 09:21:36 UTC 2026","","test_rpc_methods_availability","",""
"","0","test_can_create_connection[Test for GIANT, url: wss://rpc-anchor-1-mainnet-az-ue1.giantprotocol.org:443]","tests","Wed Mar 18 09:24:15 UTC 2026","passed","Wed Mar 18 09:24:15 UTC 2026","","test_nodes_availability","",""
"","106","test_rpc_method_is_available[Test for Bifrost Kusama, url: wss://us.bifrost-rpc.liebi.com/ws]","tests","Wed Mar 18 09:23:25 UTC 2026","passed","Wed Mar 18 09:23:25 UTC 2026","","test_rpc_methods_availability","",""
"","0","test_rpc_node_is_synced[Test for Curio, url: wss://archive.parachain.curioinvest.com]","tests","Wed Mar 18 09:25:06 UTC 2026","broken","Wed Mar 18 09:25:06 UTC 2026","","test_substrate_node_is_synced","",""
"","258","test_rpc_node_is_synced[Test for Karura, url: wss://karura-rpc-1.aca-api.network]","tests","Wed Mar 18 09:21:35 UTC 2026","passed","Wed Mar 18 09:21:35 UTC 2026","","test_substrate_node_is_synced","",""
"","0","test_chainId[Test for Bifrost Kusama]","tests","Wed Mar 18 09:21:35 UTC 2026","passed","Wed Mar 18 09:21:35 UTC 2026","TestChainId","test_network_parameters","",""
"","0","test_can_create_connection[Test for Polkadot Relay, url: wss://rpc-polkadot-1.novasama-tech.org]","tests","Wed Mar 18 09:21:27 UTC 2026","passed","Wed Mar 18 09:21:27 UTC 2026","","test_nodes_availability","",""
"","0","test_can_create_connection[Test for Kusama People, url: wss://sys.ibp.network/people-kusama]","tests","Wed Mar 18 09:21:50 UTC 2026","passed","Wed Mar 18 09:21:50 UTC 2026","","test_nodes_availability","",""
"","0","test_address_prefix[Test for Shiden]","tests","Wed Mar 18 09:21:26 UTC 2026","passed","Wed Mar 18 09:21:26 UTC 2026","TestNetworkPrefix","test_network_parameters","",""
"","29","test_rpc_node_is_synced[Test for Pendulum, url: wss://rpc-pendulum.prd.pendulumchain.tech]","tests","Wed Mar 18 09:23:56 UTC 2026","passed","Wed Mar 18 09:23:56 UTC 2026","","test_substrate_node_is_synced","",""
"","0","test_rpc_method_is_available[Test for Amplitude, url: wss://rpc-amplitude.pendulumchain.tech]","tests","Wed Mar 18 09:23:40 UTC 2026","broken","Wed Mar 18 09:23:40 UTC 2026","","test_rpc_methods_availability","",""
"","0","test_chainId[Test for Crab]","tests","Wed Mar 18 09:22:41 UTC 2026","broken","Wed Mar 18 09:22:41 UTC 2026","TestChainId","test_network_parameters","",""
"","1","test_can_create_connection[Test for Encointer, url: wss://api.kusama.encointer.org]","tests","Wed Mar 18 09:22:21 UTC 2026","passed","Wed Mar 18 09:22:21 UTC 2026","","test_nodes_availability","",""
"","0","test_can_create_connection[Test for Moonbeam, url: wss://moonbeam.ibp.network]","tests","Wed Mar 18 09:21:53 UTC 2026","passed","Wed Mar 18 09:21:53 UTC 2026","","test_nodes_availability","",""
"","46","test_rpc_node_is_synced[Test for Altair, url: wss://altair.api.onfinality.io/public-ws]","tests","Wed Mar 18 09:22:57 UTC 2026","passed","Wed Mar 18 09:22:57 UTC 2026","","test_substrate_node_is_synced","",""
"","0","test_can_create_connection[Test for Kusama Asset Hub, url: wss://asset-hub-kusama.dotters.network]","tests","Wed Mar 18 09:21:27 UTC 2026","passed","Wed Mar 18 09:21:27 UTC 2026","","test_nodes_availability","",""
"","0","test_address_prefix[Test for QUARTZ]","tests","Wed Mar 18 09:21:40 UTC 2026","broken","Wed Mar 18 09:21:40 UTC 2026","TestNetworkPrefix","test_network_parameters","",""
"","164","test_rpc_method_is_available[Test for Kusama People, url: wss://sys.ibp.network/people-kusama]","tests","Wed Mar 18 09:21:51 UTC 2026","passed","Wed Mar 18 09:21:51 UTC 2026","","test_rpc_methods_availability","",""
"","102","test_rpc_method_is_available[Test for Kusama Coretime, url: wss://sys.ibp.network/coretime-kusama]","tests","Wed Mar 18 09:25:20 UTC 2026","passed","Wed Mar 18 09:25:20 UTC 2026","","test_rpc_methods_availability","",""
"","113","test_rpc_method_is_available[Test for Ternoa, url: wss://mainnet.ternoa.network]","tests","Wed Mar 18 09:23:44 UTC 2026","passed","Wed Mar 18 09:23:44 UTC 2026","","test_rpc_methods_availability","",""
"","0","test_can_create_connection[Test for Crust Shadow, url: wss://rpc2-shadow.crust.network/]","tests","Wed Mar 18 09:22:41 UTC 2026","passed","Wed Mar 18 09:22:41 UTC 2026","","test_nodes_availability","",""
"","141","test_rpc_method_is_available[Test for Kusama People, url: wss://kusama-people-rpc.polkadot.io]","tests","Wed Mar 18 09:21:48 UTC 2026","passed","Wed Mar 18 09:21:48 UTC 2026","","test_rpc_methods_availability","",""
"","0","test_rpc_node_is_synced[Test for QUARTZ, url: wss://quartz.unique.network]","tests","Wed Mar 18 09:23:35 UTC 2026","broken","Wed Mar 18 09:23:35 UTC 2026","","test_substrate_node_is_synced","",""
"","174","test_rpc_node_is_synced[Test for XX network, url: wss://rpc.xx.network]","tests","Wed Mar 18 09:24:16 UTC 2026","passed","Wed Mar 18 09:24:16 UTC 2026","","test_substrate_node_is_synced","",""
"","137","test_rpc_node_is_synced[Test for Kusama People, url: wss://kusama-people-rpc.polkadot.io]","tests","Wed Mar 18 09:21:50 UTC 2026","passed","Wed Mar 18 09:21:50 UTC 2026","","test_substrate_node_is_synced","",""
"","301","test_rpc_node_is_synced[Test for Robonomics, url: wss://kusama.rpc.robonomics.network/]","tests","Wed Mar 18 09:23:56 UTC 2026","passed","Wed Mar 18 09:23:57 UTC 2026","","test_substrate_node_is_synced","",""
"","0","test_address_prefix[Test for GIANT]","tests","Wed Mar 18 09:22:27 UTC 2026","passed","Wed Mar 18 09:22:27 UTC 2026","TestNetworkPrefix","test_network_parameters","",""
"","0","test_can_create_connection[Test for Hyperbridge Nexus, url: wss://nexus.ibp.network]","tests","Wed Mar 18 09:25:09 UTC 2026","passed","Wed Mar 18 09:25:09 UTC 2026","","test_nodes_availability","",""
"","137","test_rpc_method_is_available[Test for Frequency, url: wss://0.rpc.frequency.xyz]","tests","Wed Mar 18 09:24:35 UTC 2026","passed","Wed Mar 18 09:24:35 UTC 2026","","test_rpc_methods_availability","",""
"","0","test_can_create_connection[Test for Aleph Zero, url: wss://ws.azero.dev]","tests","Wed Mar 18 09:23:12 UTC 2026","passed","Wed Mar 18 09:23:12 UTC 2026","","test_nodes_availability","",""
"","39","test_rpc_node_is_synced[Test for Bittensor, url: wss://entrypoint-finney.opentensor.ai:443]","tests","Wed Mar 18 09:24:03 UTC 2026","passed","Wed Mar 18 09:24:03 UTC 2026","","test_substrate_node_is_synced","",""
"","0","test_can_create_connection[Test for Hydration, url: wss://hydration.dotters.network]","tests","Wed Mar 18 09:22:27 UTC 2026","passed","Wed Mar 18 09:22:27 UTC 2026","","test_nodes_availability","",""
"","42","test_rpc_node_is_synced[Test for Bifrost Polkadot, url: wss://bifrost-polkadot.dotters.network]","tests","Wed Mar 18 09:23:41 UTC 2026","passed","Wed Mar 18 09:23:41 UTC 2026","","test_substrate_node_is_synced","",""
"","0","test_rpc_method_is_available[Test for 3DPass, url: wss://rpc.3dpass.org]","tests","Wed Mar 18 09:24:28 UTC 2026","broken","Wed Mar 18 09:24:28 UTC 2026","","test_rpc_methods_availability","",""
"","196","test_rpc_method_is_available[Test for Kusama Asset Hub, url: wss://asset-hub-kusama.dotters.network]","tests","Wed Mar 18 09:21:26 UTC 2026","passed","Wed Mar 18 09:21:26 UTC 2026","","test_rpc_methods_availability","",""
"","399","test_rpc_node_work_fast[Test for Ethereum, url: https://1rpc.io/eth]","tests","Wed Mar 18 09:21:13 UTC 2026","passed","Wed Mar 18 09:21:14 UTC 2026","TestETHNodesAvailability","test_eth_nodes_availability","",""
"","0","test_rpc_method_is_available[Test for QUARTZ, url: wss://eu-ws-quartz.unique.network]","tests","Wed Mar 18 09:24:43 UTC 2026","broken","Wed Mar 18 09:24:43 UTC 2026","","test_rpc_methods_availability","",""
"","0","test_can_create_connection[Test for Enjin Relay, url: wss://rpc.relay.blockchain.enjin.io]","tests","Wed Mar 18 09:24:54 UTC 2026","passed","Wed Mar 18 09:24:54 UTC 2026","","test_nodes_availability","",""
"","0","test_address_prefix[Test for Kreivo]","tests","Wed Mar 18 09:23:00 UTC 2026","passed","Wed Mar 18 09:23:00 UTC 2026","TestNetworkPrefix","test_network_parameters","",""
"","174","test_rpc_method_is_available[Test for Kusama People, url: wss://ksm-rpc.stakeworld.io/people]","tests","Wed Mar 18 09:21:57 UTC 2026","passed","Wed Mar 18 09:21:57 UTC 2026","","test_rpc_methods_availability","",""
"","51","test_rpc_node_is_synced[Test for Zeitgeist, url: wss://zeitgeist.api.onfinality.io/public-ws]","tests","Wed Mar 18 09:22:49 UTC 2026","passed","Wed Mar 18 09:22:49 UTC 2026","","test_substrate_node_is_synced","",""
"","0","test_chainId[Test for Karura]","tests","Wed Mar 18 09:21:33 UTC 2026","passed","Wed Mar 18 09:21:33 UTC 2026","TestChainId","test_network_parameters","",""
"","106","test_rpc_method_is_available[Test for Acala, url: wss://acala-rpc-1.aca-api.network]","tests","Wed Mar 18 09:22:19 UTC 2026","passed","Wed Mar 18 09:22:19 UTC 2026","","test_rpc_methods_availability","",""
"","88","test_rpc_node_is_synced[Test for Crust Polkadot Parachain, url: wss://crust-parachain.crustapps.net]","tests","Wed Mar 18 09:24:00 UTC 2026","passed","Wed Mar 18 09:24:00 UTC 2026","","test_substrate_node_is_synced","",""
"","40","test_rpc_node_is_synced[Test for Polkadot Relay, url: wss://polkadot.dotters.network]","tests","Wed Mar 18 09:21:47 UTC 2026","passed","Wed Mar 18 09:21:47 UTC 2026","","test_substrate_node_is_synced","",""
"","0","test_can_create_connection[Test for Laos, url: wss://rpc.laos.laosfoundation.io]","tests","Wed Mar 18 09:25:22 UTC 2026","passed","Wed Mar 18 09:25:22 UTC 2026","","test_nodes_availability","",""
"","53","test_rpc_node_is_synced[Test for Kusama Relay, url: wss://rpc-kusama.luckyfriday.io]","tests","Wed Mar 18 09:21:53 UTC 2026","passed","Wed Mar 18 09:21:53 UTC 2026","","test_substrate_node_is_synced","",""
"","0","test_rpc_node_is_synced[Test for Amplitude, url: wss://rpc-amplitude.pendulumchain.tech]","tests","Wed Mar 18 09:23:56 UTC 2026","broken","Wed Mar 18 09:23:56 UTC 2026","","test_substrate_node_is_synced","",""
"","104","test_rpc_method_is_available[Test for Polkadot Relay, url: wss://rpc.ibp.network/polkadot]","tests","Wed Mar 18 09:21:36 UTC 2026","passed","Wed Mar 18 09:21:36 UTC 2026","","test_rpc_methods_availability","",""
"","40","test_rpc_node_is_synced[Test for Kusama Coretime, url: wss://sys.ibp.network/coretime-kusama]","tests","Wed Mar 18 09:25:21 UTC 2026","passed","Wed Mar 18 09:25:21 UTC 2026","","test_substrate_node_is_synced","",""
"","0","test_can_create_connection[Test for Manta Atlantic, url: wss://ws.manta.systems]","tests","Wed Mar 18 09:24:49 UTC 2026","passed","Wed Mar 18 09:24:49 UTC 2026","","test_nodes_availability","",""
"","108","test_rpc_method_is_available[Test for Acurast Canary, url: wss://public-rpc.canary.acurast.com]","tests","Wed Mar 18 09:24:53 UTC 2026","passed","Wed Mar 18 09:24:53 UTC 2026","","test_rpc_methods_availability","",""
"","346","test_rpc_node_is_synced[Test for Astar, url: wss://rpc.astar.network]","tests","Wed Mar 18 09:23:16 UTC 2026","passed","Wed Mar 18 09:23:17 UTC 2026","","test_substrate_node_is_synced","",""
"","96","test_rpc_method_is_available[Test for Crust Shadow, url: wss://rpc-shadow.crust.network/]","tests","Wed Mar 18 09:22:40 UTC 2026","passed","Wed Mar 18 09:22:40 UTC 2026","","test_rpc_methods_availability","",""
"","105","test_rpc_method_is_available[Test for Basilisk, url: wss://basilisk-rpc.n.dwellir.com]","tests","Wed Mar 18 09:23:30 UTC 2026","passed","Wed Mar 18 09:23:30 UTC 2026","","test_rpc_methods_availability","",""
"","0","test_chainId[Test for krest]","tests","Wed Mar 18 09:22:38 UTC 2026","passed","Wed Mar 18 09:22:38 UTC 2026","TestChainId","test_network_parameters","",""
"","0","test_chainId[Test for Polkadot Relay]","tests","Wed Mar 18 09:21:27 UTC 2026","passed","Wed Mar 18 09:21:27 UTC 2026","TestChainId","test_network_parameters","",""
"","105","test_rpc_method_is_available[Test for Polkadot Coretime, url: wss://coretime-polkadot.dotters.network]","tests","Wed Mar 18 09:25:16 UTC 2026","passed","Wed Mar 18 09:25:16 UTC 2026","","test_rpc_methods_availability","",""
"","52","test_rpc_node_is_synced[Test for Polkadot People, url: wss://rpc-people-polkadot.luckyfriday.io]","tests","Wed Mar 18 09:21:43 UTC 2026","passed","Wed Mar 18 09:21:43 UTC 2026","","test_substrate_node_is_synced","",""
"","107","test_rpc_method_is_available[Test for DAO IPCI, url: wss://ipci.rpc.robonomics.network]","tests","Wed Mar 18 09:23:53 UTC 2026","passed","Wed Mar 18 09:23:53 UTC 2026","","test_rpc_methods_availability","",""
"","136","test_rpc_method_is_available[Test for Pendulum, url: wss://rpc-pendulum.prd.pendulumchain.tech]","tests","Wed Mar 18 09:23:59 UTC 2026","passed","Wed Mar 18 09:23:59 UTC 2026","","test_rpc_methods_availability","",""
"","0","test_rpc_node_is_synced[Test for Polkadex, url: wss://polkadex.public.curie.radiumblock.co/ws]","tests","Wed Mar 18 09:23:24 UTC 2026","broken","Wed Mar 18 09:23:24 UTC 2026","","test_substrate_node_is_synced","",""
"","0","test_can_create_connection[Test for Shiden, url: wss://shiden-rpc.n.dwellir.com]","tests","Wed Mar 18 09:22:41 UTC 2026","passed","Wed Mar 18 09:22:41 UTC 2026","","test_nodes_availability","",""
"","0","test_rpc_node_is_synced[Test for QUARTZ, url: wss://us-ws-quartz.unique.network]","tests","Wed Mar 18 09:22:25 UTC 2026","broken","Wed Mar 18 09:22:25 UTC 2026","","test_substrate_node_is_synced","",""
"","0","test_can_create_connection[Test for Encointer, url: wss://sys.ibp.network/encointer-kusama]","tests","Wed Mar 18 09:24:07 UTC 2026","passed","Wed Mar 18 09:24:07 UTC 2026","","test_nodes_availability","",""
"","43","test_rpc_node_is_synced[Test for Bifrost Polkadot, url: wss://bifrost-polkadot.ibp.network]","tests","Wed Mar 18 09:23:35 UTC 2026","passed","Wed Mar 18 09:23:36 UTC 2026","","test_substrate_node_is_synced","",""
"","0","test_chainId[Test for QUARTZ]","tests","Wed Mar 18 09:21:40 UTC 2026","broken","Wed Mar 18 09:21:40 UTC 2026","TestChainId","test_network_parameters","",""
"","39","test_rpc_node_is_synced[Test for Polkadot Asset Hub, url: wss://asset-hub-polkadot.dotters.network]","tests","Wed Mar 18 09:23:50 UTC 2026","passed","Wed Mar 18 09:23:50 UTC 2026","","test_substrate_node_is_synced","",""
"","108","test_rpc_node_is_synced[Test for Aventus, url: wss://avn-parachain.mainnet.aventus.io]","tests","Wed Mar 18 09:24:04 UTC 2026","passed","Wed Mar 18 09:24:04 UTC 2026","","test_substrate_node_is_synced","",""
"","0","test_chainId[Test for Kreivo]","tests","Wed Mar 18 09:22:52 UTC 2026","passed","Wed Mar 18 09:22:52 UTC 2026","TestChainId","test_network_parameters","",""
"","0","test_chainId[Test for Manta Atlantic]","tests","Wed Mar 18 09:22:42 UTC 2026","passed","Wed Mar 18 09:22:42 UTC 2026","TestChainId","test_network_parameters","",""
"","108","test_rpc_method_is_available[Test for Robonomics, url: wss://kusama.rpc.robonomics.network/]","tests","Wed Mar 18 09:24:18 UTC 2026","passed","Wed Mar 18 09:24:18 UTC 2026","","test_rpc_methods_availability","",""
"","0","test_can_create_connection[Test for Karura, url: wss://karura-rpc-3.aca-api.network/ws]","tests","Wed Mar 18 09:21:39 UTC 2026","passed","Wed Mar 18 09:21:39 UTC 2026","","test_nodes_availability","",""
"","50","test_rpc_node_is_synced[Test for Bittensor, url: wss://lite.sub.latent.to:443]","tests","Wed Mar 18 09:24:14 UTC 2026","passed","Wed Mar 18 09:24:14 UTC 2026","","test_substrate_node_is_synced","",""
"","103","test_rpc_method_is_available[Test for Karura, url: wss://karura-rpc-1.aca-api.network]","tests","Wed Mar 18 09:21:27 UTC 2026","passed","Wed Mar 18 09:21:27 UTC 2026","","test_rpc_methods_availability","",""
"","1","test_can_create_connection[Test for Acala, url: wss://acala-rpc.n.dwellir.com]","tests","Wed Mar 18 09:22:39 UTC 2026","passed","Wed Mar 18 09:22:39 UTC 2026","","test_nodes_availability","",""
"","168","test_rpc_node_is_synced[Test for Bifrost Polkadot, url: wss://hk.p.bifrost-rpc.liebi.com/ws]","tests","Wed Mar 18 09:23:48 UTC 2026","passed","Wed Mar 18 09:23:48 UTC 2026","","test_substrate_node_is_synced","",""
"","1","test_address_prefix[Test for Acurast Canary]","tests","Wed Mar 18 09:23:12 UTC 2026","passed","Wed Mar 18 09:23:12 UTC 2026","TestNetworkPrefix","test_network_parameters","",""
"","162","test_rpc_node_is_synced[Test for Polkadot Bridge Hub, url: wss://dot-rpc.stakeworld.io/bridgehub]","tests","Wed Mar 18 09:24:35 UTC 2026","passed","Wed Mar 18 09:24:35 UTC 2026","","test_substrate_node_is_synced","",""
"","0","test_can_create_connection[Test for Acala, url: wss://acala-rpc-3.aca-api.network/ws]","tests","Wed Mar 18 09:22:34 UTC 2026","passed","Wed Mar 18 09:22:34 UTC 2026","","test_nodes_availability","",""
"","0","test_can_create_connection[Test for Vara, url: wss://rpc.vara-network.io]","tests","Wed Mar 18 09:24:37 UTC 2026","passed","Wed Mar 18 09:24:37 UTC 2026","","test_nodes_availability","",""
"","0","test_address_prefix[Test for Encointer]","tests","Wed Mar 18 09:22:46 UTC 2026","passed","Wed Mar 18 09:22:46 UTC 2026","TestNetworkPrefix","test_network_parameters","",""
"","0","test_chainId[Test for Ternoa]","tests","Wed Mar 18 09:22:05 UTC 2026","passed","Wed Mar 18 09:22:05 UTC 2026","TestChainId","test_network_parameters","",""
"","0","test_can_create_connection[Test for Ternoa, url: wss://mainnet.ternoa.network]","tests","Wed Mar 18 09:23:59 UTC 2026","passed","Wed Mar 18 09:23:59 UTC 2026","","test_nodes_availability","",""
"","144","test_rpc_node_is_synced[Test for Westend (TESTNET), url: wss://westend-rpc.polkadot.io]","tests","Wed Mar 18 09:22:12 UTC 2026","passed","Wed Mar 18 09:22:12 UTC 2026","","test_substrate_node_is_synced","",""
"","152","test_rpc_node_is_synced[Test for XX network, url: wss://rpc-hetzner.xx.network]","tests","Wed Mar 18 09:23:52 UTC 2026","passed","Wed Mar 18 09:23:52 UTC 2026","","test_substrate_node_is_synced","",""
"","0","test_can_create_connection[Test for Kusama Relay, url: wss://kusama.public.curie.radiumblock.co/ws]","tests","Wed Mar 18 09:22:04 UTC 2026","passed","Wed Mar 18 09:22:04 UTC 2026","","test_nodes_availability","",""
"","219","test_rpc_method_is_available[Test for Polkadot Relay, url: wss://rpc-polkadot-1.novasama-tech.org]","tests","Wed Mar 18 09:21:26 UTC 2026","passed","Wed Mar 18 09:21:26 UTC 2026","","test_rpc_methods_availability","",""
"","82","test_rpc_node_is_synced[Test for Polymesh, url: wss://mainnet-rpc.polymesh.network]","tests","Wed Mar 18 09:24:06 UTC 2026","passed","Wed Mar 18 09:24:06 UTC 2026","","test_substrate_node_is_synced","",""
"","0","test_rpc_method_is_available[Test for Tangle, url: wss://rpc.tangle.tools]","tests","Wed Mar 18 09:26:03 UTC 2026","broken","Wed Mar 18 09:26:03 UTC 2026","","test_rpc_methods_availability","",""
"","1","test_chainId[Test for Heima]","tests","Wed Mar 18 09:22:00 UTC 2026","passed","Wed Mar 18 09:22:00 UTC 2026","TestChainId","test_network_parameters","",""
"","0","test_can_create_connection[Test for Hydration, url: wss://rpc-hydra.novasama-tech.org]","tests","Wed Mar 18 09:23:00 UTC 2026","passed","Wed Mar 18 09:23:00 UTC 2026","","test_nodes_availability","",""
"","0","test_rpc_method_is_available[Test for Shiden, url: wss://rpc.shiden.astar.network]","tests","Wed Mar 18 09:22:47 UTC 2026","broken","Wed Mar 18 09:22:47 UTC 2026","","test_rpc_methods_availability","",""
"","163","test_rpc_method_is_available[Test for Polkadot Relay, url: wss://apps-rpc.polkadot.io]","tests","Wed Mar 18 09:21:46 UTC 2026","passed","Wed Mar 18 09:21:46 UTC 2026","","test_rpc_methods_availability","",""
"","0","test_can_create_connection[Test for Altair, url: wss://altair.api.onfinality.io/public-ws]","tests","Wed Mar 18 09:23:13 UTC 2026","passed","Wed Mar 18 09:23:13 UTC 2026","","test_nodes_availability","",""
"","95","test_rpc_method_is_available[Test for Hyperbridge Nexus, url: wss://nexus.ibp.network]","tests","Wed Mar 18 09:25:04 UTC 2026","passed","Wed Mar 18 09:25:04 UTC 2026","","test_rpc_methods_availability","",""
"","147","test_rpc_node_is_synced[Test for Hyperbridge Nexus, url: wss://hyperbridge-nexus-rpc.blockops.network]","tests","Wed Mar 18 09:25:03 UTC 2026","passed","Wed Mar 18 09:25:03 UTC 2026","","test_substrate_node_is_synced","",""
"","0","test_chainId[Test for 3DPass]","tests","Wed Mar 18 09:22:23 UTC 2026","passed","Wed Mar 18 09:22:23 UTC 2026","TestChainId","test_network_parameters","",""
"","0","test_rpc_method_is_available[Test for QUARTZ, url: wss://us-ws-quartz.unique.network]","tests","Wed Mar 18 09:22:13 UTC 2026","broken","Wed Mar 18 09:22:13 UTC 2026","","test_rpc_methods_availability","",""
"","42","test_rpc_node_is_synced[Test for Moonbeam, url: wss://moonbeam.dotters.network]","tests","Wed Mar 18 09:22:02 UTC 2026","passed","Wed Mar 18 09:22:02 UTC 2026","","test_substrate_node_is_synced","",""
"","1","test_address_prefix[Test for Creditcoin]","tests","Wed Mar 18 09:23:07 UTC 2026","passed","Wed Mar 18 09:23:07 UTC 2026","TestNetworkPrefix","test_network_parameters","",""
"","163","test_rpc_method_is_available[Test for Moonriver, url: wss://wss.api.moonriver.moonbeam.network]","tests","Wed Mar 18 09:22:02 UTC 2026","passed","Wed Mar 18 09:22:02 UTC 2026","","test_rpc_methods_availability","",""
"","0","test_can_create_connection[Test for Polkadot People, url: wss://polkadot-people-rpc.polkadot.io]","tests","Wed Mar 18 09:21:31 UTC 2026","passed","Wed Mar 18 09:21:31 UTC 2026","","test_nodes_availability","",""
"","115","test_rpc_method_is_available[Test for Encointer, url: wss://api.kusama.encointer.org]","tests","Wed Mar 18 09:22:16 UTC 2026","passed","Wed Mar 18 09:22:16 UTC 2026","","test_rpc_methods_availability","",""
"","0","test_can_create_connection[Test for Kreivo, url: wss://kreivo.kippu.rocks/]","tests","Wed Mar 18 09:25:04 UTC 2026","passed","Wed Mar 18 09:25:04 UTC 2026","","test_nodes_availability","",""
"","0","test_rpc_method_is_available[Test for Crab, url: wss://crab-rpc.darwinia.network/]","tests","Wed Mar 18 09:24:33 UTC 2026","broken","Wed Mar 18 09:24:33 UTC 2026","","test_rpc_methods_availability","",""
"","174","test_rpc_method_is_available[Test for Polkadot People, url: wss://rpc-people-polkadot.luckyfriday.io]","tests","Wed Mar 18 09:21:41 UTC 2026","passed","Wed Mar 18 09:21:41 UTC 2026","","test_rpc_methods_availability","",""
"","145","test_rpc_node_is_synced[Test for Heima, url: wss://rpc.litentry-parachain.litentry.io]","tests","Wed Mar 18 09:24:02 UTC 2026","passed","Wed Mar 18 09:24:02 UTC 2026","","test_substrate_node_is_synced","",""
"","0","test_can_create_connection[Test for Kusama Coretime, url: wss://kusama-coretime-rpc.polkadot.io]","tests","Wed Mar 18 09:25:35 UTC 2026","passed","Wed Mar 18 09:25:35 UTC 2026","","test_nodes_availability","",""
"","0","test_address_prefix[Test for Crust Shadow]","tests","Wed Mar 18 09:21:44 UTC 2026","passed","Wed Mar 18 09:21:44 UTC 2026","TestNetworkPrefix","test_network_parameters","",""
"","0","test_can_create_connection[Test for Bifrost Kusama, url: wss://us.bifrost-rpc.liebi.com/ws]","tests","Wed Mar 18 09:22:57 UTC 2026","passed","Wed Mar 18 09:22:57 UTC 2026","","test_nodes_availability","",""
"","1","test_can_create_connection[Test for Joystream, url: wss://rpc.joystream.org]","tests","Wed Mar 18 09:24:47 UTC 2026","passed","Wed Mar 18 09:24:47 UTC 2026","","test_nodes_availability","",""
"","43","test_rpc_node_is_synced[Test for Hyperbridge Nexus, url: wss://nexus.ibp.network]","tests","Wed Mar 18 09:24:54 UTC 2026","passed","Wed Mar 18 09:24:54 UTC 2026","","test_substrate_node_is_synced","",""
"","177","test_rpc_method_is_available[Test for UNIQUE, url: wss://asia-ws.unique.network/]","tests","Wed Mar 18 09:23:22 UTC 2026","passed","Wed Mar 18 09:23:23 UTC 2026","","test_rpc_methods_availability","",""
"","0","test_can_create_connection[Test for KILT, url: wss://kilt.ibp.network]","tests","Wed Mar 18 09:23:24 UTC 2026","broken","Wed Mar 18 09:23:24 UTC 2026","","test_nodes_availability","",""
"","0","test_chainId[Test for Aventus]","tests","Wed Mar 18 09:22:11 UTC 2026","passed","Wed Mar 18 09:22:11 UTC 2026","TestChainId","test_network_parameters","",""
"","0","test_can_create_connection[Test for Aventus, url: wss://avn-parachain.mainnet.aventus.io]","tests","Wed Mar 18 09:24:23 UTC 2026","passed","Wed Mar 18 09:24:23 UTC 2026","","test_nodes_availability","",""
"","47","test_rpc_node_is_synced[Test for 3DPass, url: wss://rpc.p3d.top]","tests","Wed Mar 18 09:24:44 UTC 2026","passed","Wed Mar 18 09:24:44 UTC 2026","","test_substrate_node_is_synced","",""
"","214","test_rpc_node_is_synced[Test for Acala, url: wss://acala-rpc-3.aca-api.network/ws]","tests","Wed Mar 18 09:22:43 UTC 2026","passed","Wed Mar 18 09:22:43 UTC 2026","","test_substrate_node_is_synced","",""
"","39","test_rpc_node_is_synced[Test for Polkadot Bridge Hub, url: wss://sys.ibp.network/bridgehub-polkadot]","tests","Wed Mar 18 09:24:27 UTC 2026","passed","Wed Mar 18 09:24:27 UTC 2026","","test_substrate_node_is_synced","",""
"","104","test_rpc_method_is_available[Test for Shiden, url: wss://shiden.public.curie.radiumblock.co/ws]","tests","Wed Mar 18 09:23:12 UTC 2026","passed","Wed Mar 18 09:23:12 UTC 2026","","test_rpc_methods_availability","",""
"","187","test_rpc_node_is_synced[Test for Kusama Relay, url: wss://rpc-kusama-2.novasama-tech.org]","tests","Wed Mar 18 09:21:32 UTC 2026","passed","Wed Mar 18 09:21:32 UTC 2026","","test_substrate_node_is_synced","",""
"","1","test_address_prefix[Test for Centrifuge Parachain]","tests","Wed Mar 18 09:21:49 UTC 2026","passed","Wed Mar 18 09:21:49 UTC 2026","TestNetworkPrefix","test_network_parameters","",""
"","0","test_chainId[Test for Acurast]","tests","Wed Mar 18 09:23:15 UTC 2026","passed","Wed Mar 18 09:23:15 UTC 2026","TestChainId","test_network_parameters","",""
"","0","test_can_create_connection[Test for Crust Shadow, url: wss://rpc-shadow.crust.network/]","tests","Wed Mar 18 09:22:44 UTC 2026","passed","Wed Mar 18 09:22:44 UTC 2026","","test_nodes_availability","",""
"","93","test_rpc_method_is_available[Test for Heima, url: wss://rpc.litentry-parachain.litentry.io]","tests","Wed Mar 18 09:23:37 UTC 2026","passed","Wed Mar 18 09:23:37 UTC 2026","","test_rpc_methods_availability","",""
"","0","test_rpc_method_is_available[Test for Acala, url: wss://acala-rpc.n.dwellir.com]","tests","Wed Mar 18 09:22:44 UTC 2026","broken","Wed Mar 18 09:22:44 UTC 2026","","test_rpc_methods_availability","",""
"","42","test_rpc_node_is_synced[Test for Hydration, url: wss://hydration.ibp.network]","tests","Wed Mar 18 09:23:32 UTC 2026","passed","Wed Mar 18 09:23:32 UTC 2026","","test_substrate_node_is_synced","",""
"","54","test_rpc_node_is_synced[Test for Polkadot Relay, url: wss://dot-rpc.stakeworld.io]","tests","Wed Mar 18 09:21:57 UTC 2026","passed","Wed Mar 18 09:21:57 UTC 2026","","test_substrate_node_is_synced","",""
"","100","test_rpc_method_is_available[Test for Polkadot Bridge Hub, url: wss://sys.ibp.network/bridgehub-polkadot]","tests","Wed Mar 18 09:24:26 UTC 2026","passed","Wed Mar 18 09:24:27 UTC 2026","","test_rpc_methods_availability","",""
"","1","test_chainId[Test for Creditcoin]","tests","Wed Mar 18 09:22:57 UTC 2026","passed","Wed Mar 18 09:22:57 UTC 2026","TestChainId","test_network_parameters","",""
"","110","test_rpc_method_is_available[Test for Kreivo, url: wss://kreivo.kippu.rocks/]","tests","Wed Mar 18 09:24:59 UTC 2026","passed","Wed Mar 18 09:24:59 UTC 2026","","test_rpc_methods_availability","",""
"","95","test_rpc_method_is_available[Test for Centrifuge Parachain, url: wss://fullnode.centrifuge.io]","tests","Wed Mar 18 09:22:45 UTC 2026","passed","Wed Mar 18 09:22:45 UTC 2026","","test_rpc_methods_availability","",""
"","0","test_can_create_connection[Test for Tanssi, url: wss://services.tanssi-mainnet.network/tanssi]","tests","Wed Mar 18 09:25:42 UTC 2026","passed","Wed Mar 18 09:25:42 UTC 2026","","test_nodes_availability","",""
"","0","test_chainId[Test for Westend (TESTNET)]","tests","Wed Mar 18 09:21:37 UTC 2026","passed","Wed Mar 18 09:21:37 UTC 2026","TestChainId","test_network_parameters","",""
"","144","test_rpc_method_is_available[Test for Kusama Bridge Hub, url: wss://ksm-rpc.stakeworld.io/bridgehub]","tests","Wed Mar 18 09:24:40 UTC 2026","passed","Wed Mar 18 09:24:40 UTC 2026","","test_rpc_methods_availability","",""
"","42","test_rpc_node_is_synced[Test for UNIQUE, url: wss://unique.ibp.network]","tests","Wed Mar 18 09:23:41 UTC 2026","passed","Wed Mar 18 09:23:41 UTC 2026","","test_substrate_node_is_synced","",""
"","91","test_rpc_method_is_available[Test for Centrifuge Parachain, url: wss://rpc-centrifuge.luckyfriday.io]","tests","Wed Mar 18 09:22:49 UTC 2026","passed","Wed Mar 18 09:22:49 UTC 2026","","test_rpc_methods_availability","",""
"","111","test_rpc_method_is_available[Test for UNIQUE, url: wss://us-ws.unique.network/]","tests","Wed Mar 18 09:23:52 UTC 2026","passed","Wed Mar 18 09:23:52 UTC 2026","","test_rpc_methods_availability","",""
"","0","test_can_create_connection[Test for Darwinia, url: wss://rpc.darwinia.network]","tests","Wed Mar 18 09:24:12 UTC 2026","passed","Wed Mar 18 09:24:12 UTC 2026","","test_nodes_availability","",""
"","108","test_rpc_method_is_available[Test for Astar, url: wss://astar.public.curie.radiumblock.co/ws]","tests","Wed Mar 18 09:23:55 UTC 2026","passed","Wed Mar 18 09:23:55 UTC 2026","","test_rpc_methods_availability","",""
"","0","test_can_create_connection[Test for Nodle Parachain, url: wss://nodle-parachain.api.onfinality.io/public-ws]","tests","Wed Mar 18 09:22:48 UTC 2026","broken","Wed Mar 18 09:22:48 UTC 2026","","test_nodes_availability","",""
"","135","test_rpc_node_is_synced[Test for Kusama Relay, url: wss://apps-kusama-rpc.polkadot.io]","tests","Wed Mar 18 09:21:48 UTC 2026","passed","Wed Mar 18 09:21:48 UTC 2026","","test_substrate_node_is_synced","",""
"","140","test_rpc_node_is_synced[Test for NeuroWeb, url: wss://parachain-rpc.origin-trail.network]","tests","Wed Mar 18 09:23:31 UTC 2026","passed","Wed Mar 18 09:23:31 UTC 2026","","test_substrate_node_is_synced","",""
"","0","test_address_prefix[Test for Aleph Zero]","tests","Wed Mar 18 09:21:48 UTC 2026","passed","Wed Mar 18 09:21:48 UTC 2026","TestNetworkPrefix","test_network_parameters","",""
"","73","test_rpc_node_is_synced[Test for Moonriver, url: wss://moonriver-rpc.publicnode.com]","tests","Wed Mar 18 09:22:04 UTC 2026","passed","Wed Mar 18 09:22:04 UTC 2026","","test_substrate_node_is_synced","",""
"","0","test_can_create_connection[Test for Karura, url: wss://karura-rpc.n.dwellir.com]","tests","Wed Mar 18 09:21:45 UTC 2026","passed","Wed Mar 18 09:21:45 UTC 2026","","test_nodes_availability","",""
"","183","test_rpc_method_is_available[Test for KILT, url: wss://kilt.dotters.network]","tests","Wed Mar 18 09:24:06 UTC 2026","passed","Wed Mar 18 09:24:06 UTC 2026","","test_rpc_methods_availability","",""
"","0","test_chainId[Test for Encointer]","tests","Wed Mar 18 09:22:16 UTC 2026","passed","Wed Mar 18 09:22:16 UTC 2026","TestChainId","test_network_parameters","",""
"","164","test_rpc_node_is_synced[Test for Ajuna, url: wss://ajuna.ibp.network]","tests","Wed Mar 18 09:24:20 UTC 2026","passed","Wed Mar 18 09:24:20 UTC 2026","","test_substrate_node_is_synced","",""
"","123","test_rpc_node_is_synced[Test for Humanode, url: wss://explorer-rpc-ws.mainnet.stages.humanode.io]","tests","Wed Mar 18 09:25:09 UTC 2026","passed","Wed Mar 18 09:25:09 UTC 2026","","test_substrate_node_is_synced","",""
"","33","test_rpc_node_is_synced[Test for Ethereum, url: https://ethereum-rpc.publicnode.com]","tests","Wed Mar 18 09:21:24 UTC 2026","broken","Wed Mar 18 09:21:24 UTC 2026","TestETHNodesAvailability","test_eth_nodes_availability","",""
"","0","test_chainId[Test for Mythos]","tests","Wed Mar 18 09:22:47 UTC 2026","passed","Wed Mar 18 09:22:47 UTC 2026","TestChainId","test_network_parameters","",""
"","107","test_rpc_method_is_available[Test for Polkadot Asset Hub, url: wss://sys.ibp.network/asset-hub-polkadot]","tests","Wed Mar 18 09:24:08 UTC 2026","passed","Wed Mar 18 09:24:08 UTC 2026","","test_rpc_methods_availability","",""
"","0","test_chainId[Test for Frequency]","tests","Wed Mar 18 09:22:23 UTC 2026","passed","Wed Mar 18 09:22:23 UTC 2026","TestChainId","test_network_parameters","",""
"","128","test_rpc_method_is_available[Test for Avail, url: wss://mainnet.avail-rpc.com/]","tests","Wed Mar 18 09:25:02 UTC 2026","passed","Wed Mar 18 09:25:02 UTC 2026","","test_rpc_methods_availability","",""
"","98","test_rpc_method_is_available[Test for Frequency, url: wss://1.rpc.frequency.xyz]","tests","Wed Mar 18 09:24:37 UTC 2026","passed","Wed Mar 18 09:24:37 UTC 2026","","test_rpc_methods_availability","",""
"","0","test_address_prefix[Test for Bifrost Kusama]","tests","Wed Mar 18 09:21:33 UTC 2026","passed","Wed Mar 18 09:21:33 UTC 2026","TestNetworkPrefix","test_network_parameters","",""
"","0","test_can_create_connection[Test for Moonriver, url: wss://wss.api.moonriver.moonbeam.network]","tests","Wed Mar 18 09:22:05 UTC 2026","passed","Wed Mar 18 09:22:05 UTC 2026","","test_nodes_availability","",""
"","0","test_rpc_node_is_synced[Test for KILT, url: wss://spiritnet.kilt.io/]","tests","Wed Mar 18 09:23:23 UTC 2026","broken","Wed Mar 18 09:23:23 UTC 2026","","test_substrate_node_is_synced","",""
"","152","test_rpc_method_is_available[Test for Karura, url: wss://karura-rpc-2.aca-api.network/ws]","tests","Wed Mar 18 09:21:31 UTC 2026","passed","Wed Mar 18 09:21:31 UTC 2026","","test_rpc_methods_availability","",""
"","0","test_chainId[Test for Kusama Bridge Hub]","tests","Wed Mar 18 09:22:31 UTC 2026","passed","Wed Mar 18 09:22:31 UTC 2026","TestChainId","test_network_parameters","",""
"","102","test_rpc_method_is_available[Test for Basilisk, url: wss://rpc.basilisk.cloud]","tests","Wed Mar 18 09:23:35 UTC 2026","passed","Wed Mar 18 09:23:35 UTC 2026","","test_rpc_methods_availability","",""
"","0","test_can_create_connection[Test for Bifrost Polkadot, url: wss://hk.p.bifrost-rpc.liebi.com/ws]","tests","Wed Mar 18 09:23:33 UTC 2026","passed","Wed Mar 18 09:23:33 UTC 2026","","test_nodes_availability","",""
"","0","test_address_prefix[Test for Hydration]","tests","Wed Mar 18 09:21:55 UTC 2026","passed","Wed Mar 18 09:21:55 UTC 2026","TestNetworkPrefix","test_network_parameters","",""
"","1","test_address_prefix[Test for Frequency]","tests","Wed Mar 18 09:22:21 UTC 2026","passed","Wed Mar 18 09:22:21 UTC 2026","TestNetworkPrefix","test_network_parameters","",""
"","0","test_address_prefix[Test for Astar]","tests","Wed Mar 18 09:22:14 UTC 2026","broken","Wed Mar 18 09:22:14 UTC 2026","TestNetworkPrefix","test_network_parameters","",""
"","0","test_can_create_connection[Test for peaq, url: wss://peaq-rpc.publicnode.com]","tests","Wed Mar 18 09:25:18 UTC 2026","passed","Wed Mar 18 09:25:18 UTC 2026","","test_nodes_availability","",""
"","0","test_chainId[Test for Polymesh]","tests","Wed Mar 18 09:22:08 UTC 2026","passed","Wed Mar 18 09:22:08 UTC 2026","TestChainId","test_network_parameters","",""
"","0","test_chainId[Test for Bittensor]","tests","Wed Mar 18 09:22:15 UTC 2026","passed","Wed Mar 18 09:22:15 UTC 2026","TestChainId","test_network_parameters","",""
"","0","test_can_create_connection[Test for Astar, url: wss://astar.public.curie.radiumblock.co/ws]","tests","Wed Mar 18 09:23:42 UTC 2026","passed","Wed Mar 18 09:23:42 UTC 2026","","test_nodes_availability","",""
"","0","test_can_create_connection[Test for Westend (TESTNET), url: wss://westend.public.curie.radiumblock.co/ws]","tests","Wed Mar 18 09:22:17 UTC 2026","passed","Wed Mar 18 09:22:17 UTC 2026","","test_nodes_availability","",""
"","147","test_rpc_method_is_available[Test for CC Enterprise, url: wss://mainnet.creditcoin.network/ws]","tests","Wed Mar 18 09:25:06 UTC 2026","passed","Wed Mar 18 09:25:06 UTC 2026","","test_rpc_methods_availability","",""
"","98","test_rpc_method_is_available[Test for Crust Shadow, url: wss://rpc-sha-subscan.crustnetwork.xyz]","tests","Wed Mar 18 09:22:30 UTC 2026","passed","Wed Mar 18 09:22:31 UTC 2026","","test_rpc_methods_availability","",""
"","390","test_rpc_node_is_synced[Test for Acurast Canary, url: wss://public-rpc.canary.acurast.com]","tests","Wed Mar 18 09:24:55 UTC 2026","passed","Wed Mar 18 09:24:55 UTC 2026","","test_substrate_node_is_synced","",""
"","0","test_can_create_connection[Test for Polkadot Collectives, url: wss://dot-rpc.stakeworld.io/collectives]","tests","Wed Mar 18 09:24:50 UTC 2026","passed","Wed Mar 18 09:24:50 UTC 2026","","test_nodes_availability","",""
"","139","test_rpc_node_is_synced[Test for Kusama Coretime, url: wss://ksm-rpc.stakeworld.io/coretime]","tests","Wed Mar 18 09:25:28 UTC 2026","passed","Wed Mar 18 09:25:28 UTC 2026","","test_substrate_node_is_synced","",""
"","0","test_chainId[Test for Nodle Parachain]","tests","Wed Mar 18 09:22:11 UTC 2026","broken","Wed Mar 18 09:22:11 UTC 2026","TestChainId","test_network_parameters","",""
"","103","test_rpc_method_is_available[Test for Polkadot Collectives, url: wss://dot-rpc.stakeworld.io/collectives]","tests","Wed Mar 18 09:24:46 UTC 2026","passed","Wed Mar 18 09:24:46 UTC 2026","","test_rpc_methods_availability","",""
"","105","test_rpc_method_is_available[Test for Ajuna, url: wss://ajuna.ibp.network]","tests","Wed Mar 18 09:24:13 UTC 2026","passed","Wed Mar 18 09:24:13 UTC 2026","","test_rpc_methods_availability","",""
"","94","test_rpc_method_is_available[Test for Kusama Coretime, url: wss://ksm-rpc.stakeworld.io/coretime]","tests","Wed Mar 18 09:25:24 UTC 2026","passed","Wed Mar 18 09:25:25 UTC 2026","","test_rpc_methods_availability","",""
"","153","test_rpc_node_is_synced[Test for Kusama People, url: wss://ksm-rpc.stakeworld.io/people]","tests","Wed Mar 18 09:22:00 UTC 2026","passed","Wed Mar 18 09:22:00 UTC 2026","","test_substrate_node_is_synced","",""
"","98","test_rpc_method_is_available[Test for Acala, url: wss://acala-rpc-2.aca-api.network/ws]","tests","Wed Mar 18 09:22:23 UTC 2026","passed","Wed Mar 18 09:22:23 UTC 2026","","test_rpc_methods_availability","",""
"","168","test_rpc_method_is_available[Test for Hyperbridge Nexus, url: wss://nexus.dotters.network]","tests","Wed Mar 18 09:25:09 UTC 2026","passed","Wed Mar 18 09:25:09 UTC 2026","","test_rpc_methods_availability","",""
"","0","test_chainId[Test for Polkadot Coretime]","tests","Wed Mar 18 09:23:06 UTC 2026","passed","Wed Mar 18 09:23:06 UTC 2026","TestChainId","test_network_parameters","",""
"","92","test_rpc_method_is_available[Test for Bifrost Polkadot, url: wss://eu.bifrost-polkadot-rpc.liebi.com/ws]","tests","Wed Mar 18 09:23:32 UTC 2026","passed","Wed Mar 18 09:23:32 UTC 2026","","test_rpc_methods_availability","",""
"","154","test_rpc_method_is_available[Test for Kusama Bridge Hub, url: wss://bridge-hub-kusama.dotters.network]","tests","Wed Mar 18 09:24:36 UTC 2026","passed","Wed Mar 18 09:24:36 UTC 2026","","test_rpc_methods_availability","",""
"","0","test_can_create_connection[Test for Interlay, url: wss://rpc-interlay.luckyfriday.io/]","tests","Wed Mar 18 09:22:37 UTC 2026","passed","Wed Mar 18 09:22:37 UTC 2026","","test_nodes_availability","",""
"","153","test_rpc_method_is_available[Test for XX network, url: wss://rpc.xx.network]","tests","Wed Mar 18 09:23:57 UTC 2026","passed","Wed Mar 18 09:23:57 UTC 2026","","test_rpc_methods_availability","",""
"","335","test_rpc_method_is_available[Test for Karura, url: wss://karura-rpc-0.aca-api.network]","tests","Wed Mar 18 09:21:23 UTC 2026","passed","Wed Mar 18 09:21:23 UTC 2026","","test_rpc_methods_availability","",""
"","168","test_rpc_method_is_available[Test for Polymesh, url: wss://mainnet-rpc.polymesh.network]","tests","Wed Mar 18 09:23:48 UTC 2026","passed","Wed Mar 18 09:23:49 UTC 2026","","test_rpc_methods_availability","",""
"","0","test_can_create_connection[Test for XX network, url: wss://rpc-hetzner.xx.network]","tests","Wed Mar 18 09:24:12 UTC 2026","passed","Wed Mar 18 09:24:12 UTC 2026","","test_nodes_availability","",""
"","99","test_rpc_method_is_available[Test for Crust Shadow, url: wss://rpc2-shadow.crust.network/]","tests","Wed Mar 18 09:22:36 UTC 2026","passed","Wed Mar 18 09:22:36 UTC 2026","","test_rpc_methods_availability","",""
"","0","test_can_create_connection[Test for Bifrost Polkadot, url: wss://bifrost-polkadot.dotters.network]","tests","Wed Mar 18 09:23:26 UTC 2026","passed","Wed Mar 18 09:23:26 UTC 2026","","test_nodes_availability","",""
"","130","test_rpc_node_is_synced[Test for Kusama Coretime, url: wss://kusama-coretime-rpc.polkadot.io]","tests","Wed Mar 18 09:25:26 UTC 2026","passed","Wed Mar 18 09:25:26 UTC 2026","","test_substrate_node_is_synced","",""
"","182","test_rpc_node_is_synced[Test for JAMTON, url: wss://rpc.jamton.network]","tests","Wed Mar 18 09:25:15 UTC 2026","passed","Wed Mar 18 09:25:15 UTC 2026","","test_substrate_node_is_synced","",""
"","0","test_chainId[Test for Zeitgeist]","tests","Wed Mar 18 09:22:25 UTC 2026","passed","Wed Mar 18 09:22:25 UTC 2026","TestChainId","test_network_parameters","",""
"","23","test_rpc_node_is_synced[Test for Kusama Relay, url: wss://kusama.public.curie.radiumblock.co/ws]","tests","Wed Mar 18 09:22:05 UTC 2026","passed","Wed Mar 18 09:22:05 UTC 2026","","test_substrate_node_is_synced","",""
"","0","test_address_prefix[Test for XX network]","tests","Wed Mar 18 09:22:42 UTC 2026","passed","Wed Mar 18 09:22:42 UTC 2026","TestNetworkPrefix","test_network_parameters","",""
"","155","test_rpc_node_is_synced[Test for Polkadot Relay, url: wss://apps-rpc.polkadot.io]","tests","Wed Mar 18 09:21:53 UTC 2026","passed","Wed Mar 18 09:21:53 UTC 2026","","test_substrate_node_is_synced","",""
"","0","test_address_prefix[Test for Polymesh]","tests","Wed Mar 18 09:22:08 UTC 2026","passed","Wed Mar 18 09:22:08 UTC 2026","TestNetworkPrefix","test_network_parameters","",""
"","132","test_rpc_node_is_synced[Test for DAO IPCI, url: wss://ipci.rpc.robonomics.network]","tests","Wed Mar 18 09:24:10 UTC 2026","passed","Wed Mar 18 09:24:10 UTC 2026","","test_substrate_node_is_synced","",""
"","31","test_rpc_node_is_synced[Test for Ethereum, url: https://1rpc.io/eth]","tests","Wed Mar 18 09:21:24 UTC 2026","broken","Wed Mar 18 09:21:24 UTC 2026","TestETHNodesAvailability","test_eth_nodes_availability","",""
"","0","test_chainId[Test for peaq]","tests","Wed Mar 18 09:23:04 UTC 2026","passed","Wed Mar 18 09:23:04 UTC 2026","TestChainId","test_network_parameters","",""
"","0","test_rpc_node_is_synced[Test for Phala, url: wss://phala-rpc.n.dwellir.com]","tests","Wed Mar 18 09:22:58 UTC 2026","broken","Wed Mar 18 09:22:58 UTC 2026","","test_substrate_node_is_synced","",""
"","42","test_rpc_node_is_synced[Test for KILT, url: wss://kilt.dotters.network]","tests","Wed Mar 18 09:23:11 UTC 2026","passed","Wed Mar 18 09:23:11 UTC 2026","","test_substrate_node_is_synced","",""
"","178","test_rpc_method_is_available[Test for Encointer, url: wss://sys.ibp.network/encointer-kusama]","tests","Wed Mar 18 09:24:20 UTC 2026","passed","Wed Mar 18 09:24:20 UTC 2026","","test_rpc_methods_availability","",""
"","40","test_rpc_node_is_synced[Test for Kusama People, url: wss://sys.ibp.network/people-kusama]","tests","Wed Mar 18 09:21:53 UTC 2026","passed","Wed Mar 18 09:21:53 UTC 2026","","test_substrate_node_is_synced","",""
"","137","test_rpc_method_is_available[Test for Darwinia, url: wss://rpc.darwinia.network]","tests","Wed Mar 18 09:24:22 UTC 2026","passed","Wed Mar 18 09:24:23 UTC 2026","","test_rpc_methods_availability","",""
"","166","test_rpc_method_is_available[Test for Energy Web X, url: wss://public-rpc.mainnet.energywebx.com/]","tests","Wed Mar 18 09:24:58 UTC 2026","passed","Wed Mar 18 09:24:58 UTC 2026","","test_rpc_methods_availability","",""
"","0","test_rpc_node_is_synced[Test for QUARTZ, url: wss://eu-ws-quartz.unique.network]","tests","Wed Mar 18 09:23:47 UTC 2026","broken","Wed Mar 18 09:23:47 UTC 2026","","test_substrate_node_is_synced","",""
"","92","test_rpc_method_is_available[Test for Hydration, url: wss://rpc-hydra.novasama-tech.org]","tests","Wed Mar 18 09:22:54 UTC 2026","passed","Wed Mar 18 09:22:55 UTC 2026","","test_rpc_methods_availability","",""
"","136","test_rpc_node_is_synced[Test for Heima, url: wss://heima-rpc.n.dwellir.com]","tests","Wed Mar 18 09:24:08 UTC 2026","passed","Wed Mar 18 09:24:08 UTC 2026","","test_substrate_node_is_synced","",""
"","97","test_rpc_method_is_available[Test for Polkadot Coretime, url: wss://rpc-coretime-polkadot.luckyfriday.io]","tests","Wed Mar 18 09:25:17 UTC 2026","passed","Wed Mar 18 09:25:17 UTC 2026","","test_rpc_methods_availability","",""
"","106","test_rpc_method_is_available[Test for Polkadot Relay, url: wss://rpc-polkadot.luckyfriday.io]","tests","Wed Mar 18 09:22:05 UTC 2026","passed","Wed Mar 18 09:22:05 UTC 2026","","test_rpc_methods_availability","",""
"","0","test_rpc_method_is_available[Test for KILT, url: wss://kilt.ibp.network]","tests","Wed Mar 18 09:24:02 UTC 2026","broken","Wed Mar 18 09:24:02 UTC 2026","","test_rpc_methods_availability","",""
"","172","test_rpc_method_is_available[Test for Polkadot Relay, url: wss://polkadot.public.curie.radiumblock.co/ws]","tests","Wed Mar 18 09:21:55 UTC 2026","passed","Wed Mar 18 09:21:55 UTC 2026","","test_rpc_methods_availability","",""
"","0","test_chainId[Test for Kusama Coretime]","tests","Wed Mar 18 09:23:13 UTC 2026","passed","Wed Mar 18 09:23:13 UTC 2026","TestChainId","test_network_parameters","",""
"","24","test_rpc_node_is_synced[Test for Polkadot Collectives, url: wss://collectives.public.curie.radiumblock.co/ws]","tests","Wed Mar 18 09:24:40 UTC 2026","passed","Wed Mar 18 09:24:40 UTC 2026","","test_substrate_node_is_synced","",""
"","52","test_rpc_node_is_synced[Test for Polkadot Relay, url: wss://rpc-polkadot.luckyfriday.io]","tests","Wed Mar 18 09:22:14 UTC 2026","passed","Wed Mar 18 09:22:14 UTC 2026","","test_substrate_node_is_synced","",""
"","0","test_can_create_connection[Test for QUARTZ, url: wss://eu-ws-quartz.unique.network]","tests","Wed Mar 18 09:24:04 UTC 2026","broken","Wed Mar 18 09:24:04 UTC 2026","","test_nodes_availability","",""
"","0","test_can_create_connection[Test for JAMTON, url: wss://rpc.jamton.network]","tests","Wed Mar 18 09:25:23 UTC 2026","passed","Wed Mar 18 09:25:23 UTC 2026","","test_nodes_availability","",""
"","0","test_can_create_connection[Test for Polkadot Relay, url: wss://rpc-polkadot.luckyfriday.io]","tests","Wed Mar 18 09:22:08 UTC 2026","passed","Wed Mar 18 09:22:08 UTC 2026","","test_nodes_availability","",""
"","105","test_rpc_method_is_available[Test for Polkadot Relay, url: wss://rpc-polkadot-2.novasama-tech.org]","tests","Wed Mar 18 09:21:31 UTC 2026","passed","Wed Mar 18 09:21:31 UTC 2026","","test_rpc_methods_availability","",""
"","102","test_rpc_method_is_available[Test for Bifrost Polkadot, url: wss://bifrost-polkadot.dotters.network]","tests","Wed Mar 18 09:23:17 UTC 2026","passed","Wed Mar 18 09:23:17 UTC 2026","","test_rpc_methods_availability","",""
"","0","test_can_create_connection[Test for Pendulum, url: wss://rpc-pendulum.prd.pendulumchain.tech]","tests","Wed Mar 18 09:24:16 UTC 2026","passed","Wed Mar 18 09:24:16 UTC 2026","","test_nodes_availability","",""
"","143","test_rpc_method_is_available[Test for Zeitgeist, url: wss://zeitgeist.api.onfinality.io/public-ws]","tests","Wed Mar 18 09:22:25 UTC 2026","passed","Wed Mar 18 09:22:25 UTC 2026","","test_rpc_methods_availability","",""
"","0","test_address_prefix[Test for DeepBrain]","tests","Wed Mar 18 09:23:25 UTC 2026","broken","Wed Mar 18 09:23:25 UTC 2026","TestNetworkPrefix","test_network_parameters","",""
"","53","test_rpc_node_is_synced[Test for Kusama Coretime, url: wss://rpc-coretime-kusama.luckyfriday.io]","tests","Wed Mar 18 09:25:23 UTC 2026","passed","Wed Mar 18 09:25:24 UTC 2026","","test_substrate_node_is_synced","",""
"","0","test_can_create_connection[Test for Avail, url: wss://avail.api.onfinality.io/public-ws]","tests","Wed Mar 18 09:25:07 UTC 2026","passed","Wed Mar 18 09:25:07 UTC 2026","","test_nodes_availability","",""
"","1","test_can_create_connection[Test for Polkadot People, url: wss://rpc-people-polkadot.luckyfriday.io]","tests","Wed Mar 18 09:21:40 UTC 2026","passed","Wed Mar 18 09:21:40 UTC 2026","","test_nodes_availability","",""
"","39","test_rpc_node_is_synced[Test for Polkadot Relay, url: wss://rpc.ibp.network/polkadot]","tests","Wed Mar 18 09:21:42 UTC 2026","passed","Wed Mar 18 09:21:42 UTC 2026","","test_substrate_node_is_synced","",""
"","46","test_rpc_node_is_synced[Test for krest, url: wss://krest.api.onfinality.io/public-ws']","tests","Wed Mar 18 09:24:49 UTC 2026","passed","Wed Mar 18 09:24:49 UTC 2026","","test_substrate_node_is_synced","",""
"","0","test_address_prefix[Test for Polkadot People]","tests","Wed Mar 18 09:21:23 UTC 2026","passed","Wed Mar 18 09:21:23 UTC 2026","TestNetworkPrefix","test_network_parameters","",""
"","43","test_rpc_node_is_synced[Test for Moonbeam, url: wss://moonbeam.ibp.network]","tests","Wed Mar 18 09:21:58 UTC 2026","passed","Wed Mar 18 09:21:58 UTC 2026","","test_substrate_node_is_synced","",""
"","0","test_can_create_connection[Test for Hydration, url: wss://hydration.ibp.network]","tests","Wed Mar 18 09:23:11 UTC 2026","passed","Wed Mar 18 09:23:11 UTC 2026","","test_nodes_availability","",""
"","0","test_address_prefix[Test for Enjin Relay]","tests","Wed Mar 18 09:22:54 UTC 2026","passed","Wed Mar 18 09:22:54 UTC 2026","TestNetworkPrefix","test_network_parameters","",""
"","0","test_address_prefix[Test for Kusama People]","tests","Wed Mar 18 09:21:26 UTC 2026","passed","Wed Mar 18 09:21:26 UTC 2026","TestNetworkPrefix","test_network_parameters","",""
"","0","test_can_create_connection[Test for Bittensor, url: wss://lite.sub.latent.to:443]","tests","Wed Mar 18 09:24:33 UTC 2026","passed","Wed Mar 18 09:24:33 UTC 2026","","test_nodes_availability","",""
"","99","test_rpc_method_is_available[Test for Hyperbridge Nexus, url: wss://hyperbridge-nexus-rpc.blockops.network]","tests","Wed Mar 18 09:25:03 UTC 2026","passed","Wed Mar 18 09:25:03 UTC 2026","","test_rpc_methods_availability","",""
"","1","test_can_create_connection[Test for Hydration, url: wss://rpc.hydradx.cloud]","tests","Wed Mar 18 09:23:06 UTC 2026","passed","Wed Mar 18 09:23:06 UTC 2026","","test_nodes_availability","",""
"","171","test_rpc_method_is_available[Test for Cere, url: wss://rpc.mainnet.cere.network/ws]","tests","Wed Mar 18 09:25:09 UTC 2026","passed","Wed Mar 18 09:25:09 UTC 2026","","test_rpc_methods_availability","",""
"","1","test_can_create_connection[Test for Kusama Relay, url: wss://rpc-kusama-2.novasama-tech.org]","tests","Wed Mar 18 09:21:28 UTC 2026","passed","Wed Mar 18 09:21:28 UTC 2026","","test_nodes_availability","",""
"","0","test_can_create_connection[Test for Kintsugi, url: wss://api-kusama.interlay.io/parachain]","tests","Wed Mar 18 09:22:27 UTC 2026","passed","Wed Mar 18 09:22:27 UTC 2026","","test_nodes_availability","",""
"","0","test_chainId[Test for Kusama Asset Hub]","tests","Wed Mar 18 09:21:40 UTC 2026","passed","Wed Mar 18 09:21:40 UTC 2026","TestChainId","test_network_parameters","",""
"","0","test_can_create_connection[Test for Kusama Bridge Hub, url: wss://bridge-hub-kusama.dotters.network]","tests","Wed Mar 18 09:24:33 UTC 2026","passed","Wed Mar 18 09:24:33 UTC 2026","","test_nodes_availability","",""
"","38","test_rpc_node_is_synced[Test for Kusama Bridge Hub, url: wss://bridge-hub-kusama.dotters.network]","tests","Wed Mar 18 09:24:25 UTC 2026","passed","Wed Mar 18 09:24:25 UTC 2026","","test_substrate_node_is_synced","",""
"","132","test_rpc_node_is_synced[Test for Laos, url: wss://rpc.laos.laosfoundation.io]","tests","Wed Mar 18 09:25:16 UTC 2026","passed","Wed Mar 18 09:25:16 UTC 2026","","test_substrate_node_is_synced","",""
"","0","test_can_create_connection[Test for Hyperbridge Nexus, url: wss://hyperbridge-nexus-rpc.blockops.network]","tests","Wed Mar 18 09:25:07 UTC 2026","passed","Wed Mar 18 09:25:07 UTC 2026","","test_nodes_availability","",""
"","219","test_rpc_node_is_synced[Test for Kusama Relay, url: wss://rpc-kusama-1.novasama-tech.org]","tests","Wed Mar 18 09:22:31 UTC 2026","passed","Wed Mar 18 09:22:32 UTC 2026","","test_substrate_node_is_synced","",""
"","0","test_address_prefix[Test for Interlay]","tests","Wed Mar 18 09:21:59 UTC 2026","passed","Wed Mar 18 09:21:59 UTC 2026","TestNetworkPrefix","test_network_parameters","",""
"","0","test_address_prefix[Test for Nodle Parachain]","tests","Wed Mar 18 09:22:10 UTC 2026","broken","Wed Mar 18 09:22:10 UTC 2026","TestNetworkPrefix","test_network_parameters","",""
"","105","test_rpc_method_is_available[Test for Kusama Coretime, url: wss://rpc-coretime-kusama.luckyfriday.io]","tests","Wed Mar 18 09:25:22 UTC 2026","passed","Wed Mar 18 09:25:22 UTC 2026","","test_rpc_methods_availability","",""
"","39","test_rpc_node_is_synced[Test for Polkadot Bridge Hub, url: wss://bridge-hub-polkadot.dotters.network]","tests","Wed Mar 18 09:24:29 UTC 2026","passed","Wed Mar 18 09:24:29 UTC 2026","","test_substrate_node_is_synced","",""
"","141","test_rpc_method_is_available[Test for Polkadot People, url: wss://people-polkadot.public.curie.radiumblock.co/ws]","tests","Wed Mar 18 09:21:44 UTC 2026","passed","Wed Mar 18 09:21:44 UTC 2026","","test_rpc_methods_availability","",""
"","66","test_rpc_node_is_synced[Test for Moonbeam, url: wss://wss.api.moonbeam.network]","tests","Wed Mar 18 09:21:55 UTC 2026","passed","Wed Mar 18 09:21:55 UTC 2026","","test_substrate_node_is_synced","",""
"","0","test_address_prefix[Test for Crust Polkadot Parachain]","tests","Wed Mar 18 09:22:49 UTC 2026","passed","Wed Mar 18 09:22:49 UTC 2026","TestNetworkPrefix","test_network_parameters","",""
"","82","test_rpc_node_is_synced[Test for Polkadot Relay, url: wss://1rpc.io/dot]","tests","Wed Mar 18 09:22:10 UTC 2026","passed","Wed Mar 18 09:22:10 UTC 2026","","test_substrate_node_is_synced","",""
"","1","test_address_prefix[Test for Pendulum]","tests","Wed Mar 18 09:22:45 UTC 2026","passed","Wed Mar 18 09:22:45 UTC 2026","TestNetworkPrefix","test_network_parameters","",""
"","0","test_address_prefix[Test for Curio]","tests","Wed Mar 18 09:23:02 UTC 2026","broken","Wed Mar 18 09:23:02 UTC 2026","TestNetworkPrefix","test_network_parameters","",""
"","198","test_rpc_node_is_synced[Test for Polkadot Relay, url: wss://rpc-polkadot-1.novasama-tech.org]","tests","Wed Mar 18 09:21:32 UTC 2026","passed","Wed Mar 18 09:21:32 UTC 2026","","test_substrate_node_is_synced","",""
"","1","test_chainId[Test for Bifrost Polkadot]","tests","Wed Mar 18 09:21:56 UTC 2026","passed","Wed Mar 18 09:21:56 UTC 2026","TestChainId","test_network_parameters","",""
"","0","test_chainId[Test for Altair]","tests","Wed Mar 18 09:21:26 UTC 2026","passed","Wed Mar 18 09:21:26 UTC 2026","TestChainId","test_network_parameters","",""
"","0","test_can_create_connection[Test for Kusama Relay, url: wss://rpc-kusama-1.novasama-tech.org]","tests","Wed Mar 18 09:22:13 UTC 2026","passed","Wed Mar 18 09:22:13 UTC 2026","","test_nodes_availability","",""
"","40","test_rpc_node_is_synced[Test for Polkadot People, url: wss://people-polkadot.dotters.network]","tests","Wed Mar 18 09:21:41 UTC 2026","passed","Wed Mar 18 09:21:41 UTC 2026","","test_substrate_node_is_synced","",""
"","0","test_can_create_connection[Test for Polkadot Bridge Hub, url: wss://sys.ibp.network/bridgehub-polkadot]","tests","Wed Mar 18 09:24:20 UTC 2026","passed","Wed Mar 18 09:24:20 UTC 2026","","test_nodes_availability","",""
"","1","test_can_create_connection[Test for Moonbeam, url: wss://moonbeam.public.curie.radiumblock.co/ws]","tests","Wed Mar 18 09:22:02 UTC 2026","passed","Wed Mar 18 09:22:02 UTC 2026","","test_nodes_availability","",""
"","0","test_chainId[Test for XX network]","tests","Wed Mar 18 09:22:34 UTC 2026","passed","Wed Mar 18 09:22:34 UTC 2026","TestChainId","test_network_parameters","",""
"","101","test_rpc_method_is_available[Test for Moonriver, url: wss://moonriver.public.curie.radiumblock.co/ws]","tests","Wed Mar 18 09:22:07 UTC 2026","passed","Wed Mar 18 09:22:07 UTC 2026","","test_rpc_methods_availability","",""
"","40","test_rpc_node_is_synced[Test for Encointer, url: wss://encointer-kusama.dotters.network]","tests","Wed Mar 18 09:22:35 UTC 2026","passed","Wed Mar 18 09:22:35 UTC 2026","","test_substrate_node_is_synced","",""
"","135","test_rpc_node_is_synced[Test for Acala, url: wss://acala-rpc.n.dwellir.com]","tests","Wed Mar 18 09:22:49 UTC 2026","passed","Wed Mar 18 09:22:49 UTC 2026","","test_substrate_node_is_synced","",""
"","0","test_can_create_connection[Test for Polkadot Collectives, url: wss://sys.ibp.network/collectives-polkadot]","tests","Wed Mar 18 09:24:41 UTC 2026","passed","Wed Mar 18 09:24:41 UTC 2026","","test_nodes_availability","",""
"","174","test_rpc_method_is_available[Test for Polkadot People, url: wss://people-polkadot.dotters.network]","tests","Wed Mar 18 09:21:39 UTC 2026","passed","Wed Mar 18 09:21:39 UTC 2026","","test_rpc_methods_availability","",""
"","0","test_can_create_connection[Test for Polkadex, url: wss://so.polkadex.ee]","tests","Wed Mar 18 09:23:16 UTC 2026","passed","Wed Mar 18 09:23:16 UTC 2026","","test_nodes_availability","",""
"","182","test_rpc_method_is_available[Test for Avail, url: wss://avail.api.onfinality.io/public-ws]","tests","Wed Mar 18 09:25:01 UTC 2026","passed","Wed Mar 18 09:25:01 UTC 2026","","test_rpc_methods_availability","",""
"","24","test_rpc_node_is_synced[Test for Moonriver, url: wss://moonriver.public.curie.radiumblock.co/ws]","tests","Wed Mar 18 09:22:09 UTC 2026","passed","Wed Mar 18 09:22:09 UTC 2026","","test_substrate_node_is_synced","",""
"","0","test_can_create_connection[Test for UNIQUE, url: wss://asia-ws.unique.network/]","tests","Wed Mar 18 09:23:34 UTC 2026","passed","Wed Mar 18 09:23:34 UTC 2026","","test_nodes_availability","",""
"","147","test_rpc_node_is_synced[Test for Tanssi, url: wss://services.tanssi-mainnet.network/tanssi]","tests","Wed Mar 18 09:25:31 UTC 2026","passed","Wed Mar 18 09:25:31 UTC 2026","","test_substrate_node_is_synced","",""
"","23","test_rpc_node_is_synced[Test for Westend (TESTNET), url: wss://westend.public.curie.radiumblock.co/ws]","tests","Wed Mar 18 09:22:18 UTC 2026","passed","Wed Mar 18 09:22:18 UTC 2026","","test_substrate_node_is_synced","",""
"","0","test_chainId[Test for Kusama Relay]","tests","Wed Mar 18 09:21:32 UTC 2026","passed","Wed Mar 18 09:21:32 UTC 2026","TestChainId","test_network_parameters","",""
"","0","test_address_prefix[Test for Energy Web X]","tests","Wed Mar 18 09:22:51 UTC 2026","passed","Wed Mar 18 09:22:51 UTC 2026","TestNetworkPrefix","test_network_parameters","",""
"","132","test_rpc_node_is_synced[Test for Vara, url: wss://rpc.vara-network.io]","tests","Wed Mar 18 09:24:44 UTC 2026","passed","Wed Mar 18 09:24:44 UTC 2026","","test_substrate_node_is_synced","",""
"","0","test_rpc_node_is_synced[Test for Tangle, url: wss://rpc.tangle.tools]","tests","Wed Mar 18 09:25:52 UTC 2026","broken","Wed Mar 18 09:25:52 UTC 2026","","test_substrate_node_is_synced","",""
"","99","test_rpc_method_is_available[Test for Westend (TESTNET), url: wss://westend.public.curie.radiumblock.co/ws]","tests","Wed Mar 18 09:22:10 UTC 2026","passed","Wed Mar 18 09:22:10 UTC 2026","","test_rpc_methods_availability","",""
"","0","test_rpc_method_is_available[Test for Curio, url: wss://parachain.curioinvest.com/]","tests","Wed Mar 18 09:24:53 UTC 2026","broken","Wed Mar 18 09:24:53 UTC 2026","","test_rpc_methods_availability","",""
"","0","test_chainId[Test for Polkadot Collectives]","tests","Wed Mar 18 09:22:34 UTC 2026","passed","Wed Mar 18 09:22:34 UTC 2026","TestChainId","test_network_parameters","",""
"","173","test_rpc_method_is_available[Test for Polkadot Relay, url: wss://polkadot.dotters.network]","tests","Wed Mar 18 09:21:40 UTC 2026","passed","Wed Mar 18 09:21:40 UTC 2026","","test_rpc_methods_availability","",""
"","0","test_address_prefix[Test for Darwinia]","tests","Wed Mar 18 09:22:27 UTC 2026","passed","Wed Mar 18 09:22:27 UTC 2026","TestNetworkPrefix","test_network_parameters","",""
"","99","test_rpc_method_is_available[Test for UNIQUE, url: wss://unique.ibp.network]","tests","Wed Mar 18 09:23:26 UTC 2026","passed","Wed Mar 18 09:23:26 UTC 2026","","test_rpc_methods_availability","",""
"","0","test_chainId[Test for Hyperbridge Nexus]","tests","Wed Mar 18 09:22:50 UTC 2026","passed","Wed Mar 18 09:22:50 UTC 2026","TestChainId","test_network_parameters","",""
"","0","test_address_prefix[Test for Karura]","tests","Wed Mar 18 09:21:30 UTC 2026","passed","Wed Mar 18 09:21:30 UTC 2026","TestNetworkPrefix","test_network_parameters","",""
"","168","test_rpc_method_is_available[Test for UNIQUE, url: wss://eu-ws.unique.network/]","tests","Wed Mar 18 09:23:47 UTC 2026","passed","Wed Mar 18 09:23:47 UTC 2026","","test_rpc_methods_availability","",""
"","348","test_rpc_node_is_synced[Test for Shiden, url: wss://rpc.shiden.astar.network]","tests","Wed Mar 18 09:22:16 UTC 2026","passed","Wed Mar 18 09:22:16 UTC 2026","","test_substrate_node_is_synced","",""
"","98","test_rpc_method_is_available[Test for Heima, url: wss://heima-rpc.n.dwellir.com]","tests","Wed Mar 18 09:23:42 UTC 2026","passed","Wed Mar 18 09:23:42 UTC 2026","","test_rpc_methods_availability","",""
"","101","test_rpc_method_is_available[Test for Kusama Coretime, url: wss://kusama-coretime-rpc.polkadot.io]","tests","Wed Mar 18 09:25:23 UTC 2026","passed","Wed Mar 18 09:25:23 UTC 2026","","test_rpc_methods_availability","",""
"","0","test_can_create_connection[Test for Polkadot Relay, url: wss://apps-rpc.polkadot.io]","tests","Wed Mar 18 09:21:48 UTC 2026","passed","Wed Mar 18 09:21:48 UTC 2026","","test_nodes_availability","",""
"","76","test_rpc_node_is_synced[Test for peaq, url: wss://peaq-rpc.publicnode.com]","tests","Wed Mar 18 09:25:12 UTC 2026","passed","Wed Mar 18 09:25:12 UTC 2026","","test_substrate_node_is_synced","",""
"","0","test_chainId[Test for DeepBrain]","tests","Wed Mar 18 09:23:10 UTC 2026","broken","Wed Mar 18 09:23:10 UTC 2026","TestChainId","test_network_parameters","",""
"","175","test_rpc_method_is_available[Test for Polkadot People, url: wss://polkadot-people-rpc.polkadot.io]","tests","Wed Mar 18 09:21:29 UTC 2026","passed","Wed Mar 18 09:21:30 UTC 2026","","test_rpc_methods_availability","",""
"","0","test_chainId[Test for Laos]","tests","Wed Mar 18 09:23:07 UTC 2026","passed","Wed Mar 18 09:23:07 UTC 2026","TestChainId","test_network_parameters","",""
"","134","test_rpc_node_is_synced[Test for Encointer, url: wss://api.kusama.encointer.org]","tests","Wed Mar 18 09:22:40 UTC 2026","passed","Wed Mar 18 09:22:40 UTC 2026","","test_substrate_node_is_synced","",""
"","0","test_can_create_connection[Test for DeepBrain, url: wss://info.dbcwallet.io]","tests","Wed Mar 18 09:25:30 UTC 2026","broken","Wed Mar 18 09:25:30 UTC 2026","","test_nodes_availability","",""
"","160","test_rpc_method_is_available[Test for Polkadot Relay, url: wss://1rpc.io/dot]","tests","Wed Mar 18 09:22:01 UTC 2026","passed","Wed Mar 18 09:22:01 UTC 2026","","test_rpc_methods_availability","",""
"","0","test_chainId[Test for Amplitude]","tests","Wed Mar 18 09:22:00 UTC 2026","broken","Wed Mar 18 09:22:00 UTC 2026","TestChainId","test_network_parameters","",""
"","0","test_can_create_connection[Test for Centrifuge Parachain, url: wss://rpc-centrifuge.luckyfriday.io]","tests","Wed Mar 18 09:22:55 UTC 2026","passed","Wed Mar 18 09:22:55 UTC 2026","","test_nodes_availability","",""
"","158","test_rpc_node_is_synced[Test for Darwinia, url: wss://rpc.darwinia.network]","tests","Wed Mar 18 09:24:21 UTC 2026","passed","Wed Mar 18 09:24:21 UTC 2026","","test_substrate_node_is_synced","",""
"","64","test_rpc_node_is_synced[Test for Kreivo, url: wss://kreivo.kippu.rocks/]","tests","Wed Mar 18 09:25:00 UTC 2026","passed","Wed Mar 18 09:25:00 UTC 2026","","test_substrate_node_is_synced","",""
"","0","test_chainId[Test for Tangle]","tests","Wed Mar 18 09:23:52 UTC 2026","broken","Wed Mar 18 09:23:52 UTC 2026","TestChainId","test_network_parameters","",""
"","40","test_rpc_node_is_synced[Test for Polkadot Collectives, url: wss://collectives-polkadot.dotters.network]","tests","Wed Mar 18 09:24:36 UTC 2026","passed","Wed Mar 18 09:24:36 UTC 2026","","test_substrate_node_is_synced","",""
"","0","test_address_prefix[Test for Polkadot Bridge Hub]","tests","Wed Mar 18 09:22:30 UTC 2026","passed","Wed Mar 18 09:22:30 UTC 2026","TestNetworkPrefix","test_network_parameters","",""
"","93","test_rpc_method_is_available[Test for Crust Polkadot Parachain, url: wss://crust-parachain.crustapps.net]","tests","Wed Mar 18 09:24:02 UTC 2026","passed","Wed Mar 18 09:24:02 UTC 2026","","test_rpc_methods_availability","",""
"","0","test_address_prefix[Test for Polkadot Relay]","tests","Wed Mar 18 09:21:28 UTC 2026","passed","Wed Mar 18 09:21:28 UTC 2026","TestNetworkPrefix","test_network_parameters","",""
"","177","test_rpc_method_is_available[Test for UNIQUE, url: wss://unique.dotters.network]","tests","Wed Mar 18 09:23:29 UTC 2026","passed","Wed Mar 18 09:23:29 UTC 2026","","test_rpc_methods_availability","",""
"","1","test_address_prefix[Test for Zeitgeist]","tests","Wed Mar 18 09:22:56 UTC 2026","passed","Wed Mar 18 09:22:56 UTC 2026","TestNetworkPrefix","test_network_parameters","",""
"","137","test_rpc_node_is_synced[Test for Shiden, url: wss://shiden-rpc.n.dwellir.com]","tests","Wed Mar 18 09:22:21 UTC 2026","passed","Wed Mar 18 09:22:21 UTC 2026","","test_substrate_node_is_synced","",""
"","1","test_address_prefix[Test for Polkadot Coretime]","tests","Wed Mar 18 09:23:18 UTC 2026","passed","Wed Mar 18 09:23:18 UTC 2026","TestNetworkPrefix","test_network_parameters","",""
"","52","test_rpc_node_is_synced[Test for Centrifuge Parachain, url: wss://rpc-centrifuge.luckyfriday.io]","tests","Wed Mar 18 09:23:14 UTC 2026","passed","Wed Mar 18 09:23:15 UTC 2026","","test_substrate_node_is_synced","",""
"","102","test_rpc_method_is_available[Test for Kusama Asset Hub, url: wss://sys.ibp.network/statemine]","tests","Wed Mar 18 09:22:14 UTC 2026","passed","Wed Mar 18 09:22:14 UTC 2026","","test_rpc_methods_availability","",""
"","0","test_can_create_connection[Test for Frequency, url: wss://0.rpc.frequency.xyz]","tests","Wed Mar 18 09:24:28 UTC 2026","passed","Wed Mar 18 09:24:28 UTC 2026","","test_nodes_availability","",""
"","157","test_rpc_node_is_synced[Test for Joystream, url: wss://rpc.joystream.org]","tests","Wed Mar 18 09:24:46 UTC 2026","passed","Wed Mar 18 09:24:46 UTC 2026","","test_substrate_node_is_synced","",""
"","100","test_rpc_method_is_available[Test for Moonbeam, url: wss://wss.api.moonbeam.network]","tests","Wed Mar 18 09:21:45 UTC 2026","passed","Wed Mar 18 09:21:45 UTC 2026","","test_rpc_methods_availability","",""
"","39","test_rpc_node_is_synced[Test for Kusama Bridge Hub, url: wss://sys.ibp.network/bridgehub-kusama]","tests","Wed Mar 18 09:24:22 UTC 2026","passed","Wed Mar 18 09:24:22 UTC 2026","","test_substrate_node_is_synced","",""
"","0","test_can_create_connection[Test for Shiden, url: wss://shiden.public.curie.radiumblock.co/ws]","tests","Wed Mar 18 09:22:44 UTC 2026","passed","Wed Mar 18 09:22:44 UTC 2026","","test_nodes_availability","",""
"","0","test_can_create_connection[Test for Astar, url: wss://astar-rpc.n.dwellir.com]","tests","Wed Mar 18 09:23:37 UTC 2026","passed","Wed Mar 18 09:23:37 UTC 2026","","test_nodes_availability","",""
"","0","test_can_create_connection[Test for GIANT, url: wss://rpc-anchor-2-mainnet-az-ue1.giantprotocol.org:443]","tests","Wed Mar 18 09:24:18 UTC 2026","passed","Wed Mar 18 09:24:18 UTC 2026","","test_nodes_availability","",""
"","110","test_rpc_method_is_available[Test for peaq, url: wss://peaq-rpc.publicnode.com]","tests","Wed Mar 18 09:25:12 UTC 2026","passed","Wed Mar 18 09:25:12 UTC 2026","","test_rpc_methods_availability","",""
"","0","test_chainId[Test for Energy Web X]","tests","Wed Mar 18 09:22:46 UTC 2026","passed","Wed Mar 18 09:22:46 UTC 2026","TestChainId","test_network_parameters","",""
"","131","test_rpc_node_is_synced[Test for Acurast, url: wss://public-archive.mainnet.acurast.com]","tests","Wed Mar 18 09:25:31 UTC 2026","passed","Wed Mar 18 09:25:31 UTC 2026","","test_substrate_node_is_synced","",""
"","0","test_chainId[Test for Pendulum]","tests","Wed Mar 18 09:22:38 UTC 2026","passed","Wed Mar 18 09:22:38 UTC 2026","TestChainId","test_network_parameters","",""
"","142","test_rpc_method_is_available[Test for Astar, url: wss://astar-rpc.n.dwellir.com]","tests","Wed Mar 18 09:23:49 UTC 2026","passed","Wed Mar 18 09:23:49 UTC 2026","","test_rpc_methods_availability","",""
"","0","test_can_create_connection[Test for Polkadex, url: wss://polkadex.public.curie.radiumblock.co/ws]","tests","Wed Mar 18 09:23:27 UTC 2026","broken","Wed Mar 18 09:23:27 UTC 2026","","test_nodes_availability","",""
"","0","test_rpc_node_is_synced[Test for Crab, url: wss://crab-rpc.darwinia.network/]","tests","Wed Mar 18 09:24:32 UTC 2026","broken","Wed Mar 18 09:24:32 UTC 2026","","test_substrate_node_is_synced","",""
"","0","test_can_create_connection[Test for Frequency, url: wss://1.rpc.frequency.xyz]","tests","Wed Mar 18 09:24:30 UTC 2026","passed","Wed Mar 18 09:24:30 UTC 2026","","test_nodes_availability","",""
"","0","test_can_create_connection[Test for Interlay, url: wss://api.interlay.io/parachain]","tests","Wed Mar 18 09:22:33 UTC 2026","passed","Wed Mar 18 09:22:33 UTC 2026","","test_nodes_availability","",""
"","0","test_can_create_connection[Test for DAO IPCI, url: wss://ipci.rpc.robonomics.network]","tests","Wed Mar 18 09:24:06 UTC 2026","passed","Wed Mar 18 09:24:06 UTC 2026","","test_nodes_availability","",""
"","0","test_address_prefix[Test for Heima]","tests","Wed Mar 18 09:22:04 UTC 2026","passed","Wed Mar 18 09:22:04 UTC 2026","TestNetworkPrefix","test_network_parameters","",""
"","39","test_rpc_node_is_synced[Test for GIANT, url: wss://rpc-anchor-2-mainnet-az-ue1.giantprotocol.org:443]","tests","Wed Mar 18 09:24:23 UTC 2026","passed","Wed Mar 18 09:24:23 UTC 2026","","test_substrate_node_is_synced","",""
"","145","test_rpc_method_is_available[Test for Polkadot Relay, url: wss://dot-rpc.stakeworld.io]","tests","Wed Mar 18 09:21:51 UTC 2026","passed","Wed Mar 18 09:21:51 UTC 2026","","test_rpc_methods_availability","",""
"","1","test_can_create_connection[Test for Energy Web X, url: wss://public-rpc.mainnet.energywebx.com/]","tests","Wed Mar 18 09:24:53 UTC 2026","passed","Wed Mar 18 09:24:53 UTC 2026","","test_nodes_availability","",""
"","39","test_rpc_node_is_synced[Test for Kusama Relay, url: wss://rpc.ibp.network/kusama]","tests","Wed Mar 18 09:21:36 UTC 2026","passed","Wed Mar 18 09:21:37 UTC 2026","","test_substrate_node_is_synced","",""
"","0","test_chainId[Test for Vara]","tests","Wed Mar 18 09:22:28 UTC 2026","passed","Wed Mar 18 09:22:28 UTC 2026","TestChainId","test_network_parameters","",""
"","0","test_address_prefix[Test for Enjin Matrix]","tests","Wed Mar 18 09:22:37 UTC 2026","passed","Wed Mar 18 09:22:37 UTC 2026","TestNetworkPrefix","test_network_parameters","",""
"","0","test_can_create_connection[Test for Moonbeam, url: wss://wss.api.moonbeam.network]","tests","Wed Mar 18 09:21:49 UTC 2026","passed","Wed Mar 18 09:21:49 UTC 2026","","test_nodes_availability","",""
"","101","test_rpc_method_is_available[Test for Polkadot Bridge Hub, url: wss://bridge-hub-polkadot.dotters.network]","tests","Wed Mar 18 09:24:29 UTC 2026","passed","Wed Mar 18 09:24:29 UTC 2026","","test_rpc_methods_availability","",""
"","0","test_can_create_connection[Test for Ajuna, url: wss://rpc-para.ajuna.network]","tests","Wed Mar 18 09:24:14 UTC 2026","passed","Wed Mar 18 09:24:14 UTC 2026","","test_nodes_availability","",""
"","337","test_rpc_method_is_available[Test for Kusama Relay, url: wss://rpc-kusama-2.novasama-tech.org]","tests","Wed Mar 18 09:21:26 UTC 2026","passed","Wed Mar 18 09:21:26 UTC 2026","","test_rpc_methods_availability","",""
"","0","test_can_create_connection[Test for Kusama Coretime, url: wss://rpc-coretime-kusama.luckyfriday.io]","tests","Wed Mar 18 09:25:31 UTC 2026","passed","Wed Mar 18 09:25:31 UTC 2026","","test_nodes_availability","",""
"","1","test_address_prefix[Test for Kusama Bridge Hub]","tests","Wed Mar 18 09:22:34 UTC 2026","passed","Wed Mar 18 09:22:34 UTC 2026","TestNetworkPrefix","test_network_parameters","",""
"","0","test_can_create_connection[Test for Robonomics, url: wss://kusama.rpc.robonomics.network/]","tests","Wed Mar 18 09:24:05 UTC 2026","passed","Wed Mar 18 09:24:05 UTC 2026","","test_nodes_availability","",""
"","0","test_can_create_connection[Test for Tangle, url: wss://rpc.tangle.tools]","tests","Wed Mar 18 09:25:59 UTC 2026","broken","Wed Mar 18 09:25:59 UTC 2026","","test_nodes_availability","",""
"","130","test_rpc_node_is_synced[Test for Bifrost Kusama, url: wss://us.bifrost-rpc.liebi.com/ws]","tests","Wed Mar 18 09:22:42 UTC 2026","passed","Wed Mar 18 09:22:42 UTC 2026","","test_substrate_node_is_synced","",""
"","100","test_rpc_method_is_available[Test for XX network, url: wss://rpc-hetzner.xx.network]","tests","Wed Mar 18 09:23:56 UTC 2026","passed","Wed Mar 18 09:23:56 UTC 2026","","test_rpc_methods_availability","",""
"","1","test_can_create_connection[Test for Moonbeam, url: wss://moonbeam.dotters.network]","tests","Wed Mar 18 09:21:57 UTC 2026","passed","Wed Mar 18 09:21:57 UTC 2026","","test_nodes_availability","",""
"","0","test_chainId[Test for Acurast Canary]","tests","Wed Mar 18 09:23:02 UTC 2026","passed","Wed Mar 18 09:23:02 UTC 2026","TestChainId","test_network_parameters","",""
"","40","test_rpc_node_is_synced[Test for Polkadot Collectives, url: wss://sys.ibp.network/collectives-polkadot]","tests","Wed Mar 18 09:24:32 UTC 2026","passed","Wed Mar 18 09:24:32 UTC 2026","","test_substrate_node_is_synced","",""
"","0","test_can_create_connection[Test for 3DPass, url: wss://rpc.p3d.top]","tests","Wed Mar 18 09:25:03 UTC 2026","passed","Wed Mar 18 09:25:03 UTC 2026","","test_nodes_availability","",""
"","39","test_rpc_node_is_synced[Test for Polkadot Asset Hub, url: wss://sys.ibp.network/asset-hub-polkadot]","tests","Wed Mar 18 09:23:44 UTC 2026","passed","Wed Mar 18 09:23:44 UTC 2026","","test_substrate_node_is_synced","",""
"","1","test_chainId[Test for Astar]","tests","Wed Mar 18 09:22:04 UTC 2026","passed","Wed Mar 18 09:22:04 UTC 2026","TestChainId","test_network_parameters","",""
"","0","test_chainId[Test for Moonriver]","tests","Wed Mar 18 09:21:25 UTC 2026","passed","Wed Mar 18 09:21:25 UTC 2026","TestChainId","test_network_parameters","",""
"","0","test_chainId[Test for Ajuna]","tests","Wed Mar 18 09:22:19 UTC 2026","passed","Wed Mar 18 09:22:19 UTC 2026","TestChainId","test_network_parameters","",""
"","0","test_address_prefix[Test for Hyperbridge Nexus]","tests","Wed Mar 18 09:22:59 UTC 2026","passed","Wed Mar 18 09:22:59 UTC 2026","TestNetworkPrefix","test_network_parameters","",""
"","0","test_address_prefix[Test for Mythos]","tests","Wed Mar 18 09:22:59 UTC 2026","passed","Wed Mar 18 09:22:59 UTC 2026","TestNetworkPrefix","test_network_parameters","",""
"","53","test_rpc_node_is_synced[Test for Interlay, url: wss://rpc-interlay.luckyfriday.io/]","tests","Wed Mar 18 09:22:36 UTC 2026","passed","Wed Mar 18 09:22:36 UTC 2026","","test_substrate_node_is_synced","",""
"","39","test_rpc_node_is_synced[Test for Kusama Asset Hub, url: wss://asset-hub-kusama.dotters.network]","tests","Wed Mar 18 09:21:31 UTC 2026","passed","Wed Mar 18 09:21:31 UTC 2026","","test_substrate_node_is_synced","",""
"","0","test_address_prefix[Test for Bifrost Polkadot]","tests","Wed Mar 18 09:22:00 UTC 2026","passed","Wed Mar 18 09:22:00 UTC 2026","TestNetworkPrefix","test_network_parameters","",""
"","138","test_rpc_method_is_available[Test for Polkadex, url: wss://so.polkadex.ee]","tests","Wed Mar 18 09:23:06 UTC 2026","passed","Wed Mar 18 09:23:06 UTC 2026","","test_rpc_methods_availability","",""
"","0","test_can_create_connection[Test for Polkadot Relay, url: wss://rpc-polkadot-2.novasama-tech.org]","tests","Wed Mar 18 09:21:33 UTC 2026","passed","Wed Mar 18 09:21:33 UTC 2026","","test_nodes_availability","",""
"","0","test_chainId[Test for Shiden]","tests","Wed Mar 18 09:21:30 UTC 2026","passed","Wed Mar 18 09:21:30 UTC 2026","TestChainId","test_network_parameters","",""
"","47","test_rpc_node_is_synced[Test for Bittensor, url: wss://bittensor-finney.api.onfinality.io/public-ws]","tests","Wed Mar 18 09:24:19 UTC 2026","passed","Wed Mar 18 09:24:19 UTC 2026","","test_substrate_node_is_synced","",""
"","153","test_rpc_node_is_synced[Test for UNIQUE, url: wss://eu-ws.unique.network/]","tests","Wed Mar 18 09:24:14 UTC 2026","passed","Wed Mar 18 09:24:14 UTC 2026","","test_substrate_node_is_synced","",""
"","0","test_can_create_connection[Test for Polkadot Coretime, url: wss://rpc-coretime-polkadot.luckyfriday.io]","tests","Wed Mar 18 09:26:17 UTC 2026","passed","Wed Mar 18 09:26:17 UTC 2026","","test_nodes_availability","",""
"","158","test_rpc_method_is_available[Test for Ajuna, url: wss://rpc-para.ajuna.network]","tests","Wed Mar 18 09:24:07 UTC 2026","passed","Wed Mar 18 09:24:07 UTC 2026","","test_rpc_methods_availability","",""
"","132","test_rpc_method_is_available[Test for Kintsugi, url: wss://api-kusama.interlay.io/parachain]","tests","Wed Mar 18 09:22:21 UTC 2026","passed","Wed Mar 18 09:22:22 UTC 2026","","test_rpc_methods_availability","",""
"","0","test_can_create_connection[Test for XX network, url: wss://rpc.xx.network]","tests","Wed Mar 18 09:24:13 UTC 2026","passed","Wed Mar 18 09:24:13 UTC 2026","","test_nodes_availability","",""
"","35","test_rpc_node_is_synced[Test for Avail, url: wss://mainnet.avail-rpc.com/]","tests","Wed Mar 18 09:25:02 UTC 2026","passed","Wed Mar 18 09:25:02 UTC 2026","","test_substrate_node_is_synced","",""
"","103","test_rpc_method_is_available[Test for Tanssi, url: wss://services.tanssi-mainnet.network/tanssi]","tests","Wed Mar 18 09:25:28 UTC 2026","passed","Wed Mar 18 09:25:28 UTC 2026","","test_rpc_methods_availability","",""
"","280","test_rpc_node_is_synced[Test for Astar, url: wss://astar.public.curie.radiumblock.co/ws]","tests","Wed Mar 18 09:23:29 UTC 2026","passed","Wed Mar 18 09:23:30 UTC 2026","","test_substrate_node_is_synced","",""
"","43","test_rpc_node_is_synced[Test for Hyperbridge Nexus, url: wss://nexus.dotters.network]","tests","Wed Mar 18 09:24:57 UTC 2026","passed","Wed Mar 18 09:24:57 UTC 2026","","test_substrate_node_is_synced","",""
"","140","test_rpc_node_is_synced[Test for Polkadot Asset Hub, url: wss://asset-hub-polkadot-rpc.n.dwellir.com]","tests","Wed Mar 18 09:23:38 UTC 2026","passed","Wed Mar 18 09:23:38 UTC 2026","","test_substrate_node_is_synced","",""
"","1","test_can_create_connection[Test for Acala, url: wss://acala-rpc-1.aca-api.network]","tests","Wed Mar 18 09:22:26 UTC 2026","passed","Wed Mar 18 09:22:26 UTC 2026","","test_nodes_availability","",""
"","156","test_rpc_node_is_synced[Test for Basilisk, url: wss://rpc.basilisk.cloud]","tests","Wed Mar 18 09:22:53 UTC 2026","passed","Wed Mar 18 09:22:53 UTC 2026","","test_substrate_node_is_synced","",""
"","0","test_can_create_connection[Test for Polkadot Asset Hub, url: wss://asset-hub-polkadot.dotters.network]","tests","Wed Mar 18 09:24:00 UTC 2026","passed","Wed Mar 18 09:24:00 UTC 2026","","test_nodes_availability","",""
"","39","test_rpc_node_is_synced[Test for Encointer, url: wss://sys.ibp.network/encointer-kusama]","tests","Wed Mar 18 09:24:00 UTC 2026","passed","Wed Mar 18 09:24:00 UTC 2026","","test_substrate_node_is_synced","",""
"","74","test_rpc_node_is_synced[Test for Phala, url: wss://api.phala.network/ws]","tests","Wed Mar 18 09:23:02 UTC 2026","passed","Wed Mar 18 09:23:02 UTC 2026","","test_substrate_node_is_synced","",""
"","145","test_rpc_method_is_available[Test for Karura, url: wss://karura-rpc-3.aca-api.network/ws]","tests","Wed Mar 18 09:21:35 UTC 2026","passed","Wed Mar 18 09:21:36 UTC 2026","","test_rpc_methods_availability","",""
"","178","test_rpc_node_is_synced[Test for Polkadex, url: wss://so.polkadex.ee]","tests","Wed Mar 18 09:23:13 UTC 2026","passed","Wed Mar 18 09:23:13 UTC 2026","","test_substrate_node_is_synced","",""
"","167","test_rpc_method_is_available[Test for Aventus, url: wss://public-rpc.mainnet.aventus.io]","tests","Wed Mar 18 09:24:10 UTC 2026","passed","Wed Mar 18 09:24:11 UTC 2026","","test_rpc_methods_availability","",""
"","74","test_rpc_node_is_synced[Test for Moonriver, url: wss://wss.api.moonriver.moonbeam.network]","tests","Wed Mar 18 09:22:13 UTC 2026","passed","Wed Mar 18 09:22:13 UTC 2026","","test_substrate_node_is_synced","",""
"","0","test_address_prefix[Test for krest]","tests","Wed Mar 18 09:22:46 UTC 2026","passed","Wed Mar 18 09:22:46 UTC 2026","TestNetworkPrefix","test_network_parameters","",""
"","1","test_can_create_connection[Test for Hyperbridge Nexus, url: wss://nexus.dotters.network]","tests","Wed Mar 18 09:25:14 UTC 2026","passed","Wed Mar 18 09:25:14 UTC 2026","","test_nodes_availability","",""
"","0","test_chainId[Test for Kusama People]","tests","Wed Mar 18 09:21:30 UTC 2026","passed","Wed Mar 18 09:21:30 UTC 2026","TestChainId","test_network_parameters","",""
"","0","test_address_prefix[Test for Altair]","tests","Wed Mar 18 09:21:23 UTC 2026","passed","Wed Mar 18 09:21:23 UTC 2026","TestNetworkPrefix","test_network_parameters","",""
"","0","test_rpc_node_is_synced[Test for DeepBrain, url: wss://info.dbcwallet.io]","tests","Wed Mar 18 09:25:22 UTC 2026","broken","Wed Mar 18 09:25:22 UTC 2026","","test_substrate_node_is_synced","",""
"","0","test_can_create_connection[Test for Polkadot Relay, url: wss://rpc.ibp.network/polkadot]","tests","Wed Mar 18 09:21:38 UTC 2026","passed","Wed Mar 18 09:21:38 UTC 2026","","test_nodes_availability","",""
"","166","test_rpc_method_is_available[Test for Kusama Relay, url: wss://rpc.ibp.network/kusama]","tests","Wed Mar 18 09:21:31 UTC 2026","passed","Wed Mar 18 09:21:31 UTC 2026","","test_rpc_methods_availability","",""
"","0","test_can_create_connection[Test for Avail, url: wss://mainnet.avail-rpc.com/]","tests","Wed Mar 18 09:25:18 UTC 2026","passed","Wed Mar 18 09:25:18 UTC 2026","","test_nodes_availability","",""
"","0","test_can_create_connection[Test for Astar, url: wss://rpc.astar.network]","tests","Wed Mar 18 09:23:31 UTC 2026","passed","Wed Mar 18 09:23:31 UTC 2026","","test_nodes_availability","",""
"","107","test_rpc_node_is_synced[Test for Aventus, url: wss://public-rpc.mainnet.aventus.io]","tests","Wed Mar 18 09:24:11 UTC 2026","passed","Wed Mar 18 09:24:11 UTC 2026","","test_substrate_node_is_synced","",""
"","0","test_rpc_method_is_available[Test for Nodle Parachain, url: wss://nodle-parachain.api.onfinality.io/public-ws]","tests","Wed Mar 18 09:22:37 UTC 2026","broken","Wed Mar 18 09:22:37 UTC 2026","","test_rpc_methods_availability","",""
"","0","test_address_prefix[Test for Westend (TESTNET)]","tests","Wed Mar 18 09:21:37 UTC 2026","passed","Wed Mar 18 09:21:37 UTC 2026","TestNetworkPrefix","test_network_parameters","",""
"","0","test_can_create_connection[Test for Kusama Coretime, url: wss://ksm-rpc.stakeworld.io/coretime]","tests","Wed Mar 18 09:25:36 UTC 2026","passed","Wed Mar 18 09:25:36 UTC 2026","","test_nodes_availability","",""
"","0","test_can_create_connection[Test for Polkadot Coretime, url: wss://sys.ibp.network/coretime-polkadot]","tests","Wed Mar 18 09:25:24 UTC 2026","passed","Wed Mar 18 09:25:24 UTC 2026","","test_nodes_availability","",""
"","1","test_address_prefix[Test for Robonomics]","tests","Wed Mar 18 09:22:42 UTC 2026","passed","Wed Mar 18 09:22:42 UTC 2026","TestNetworkPrefix","test_network_parameters","",""
"","41","test_rpc_node_is_synced[Test for Polkadot Coretime, url: wss://coretime-polkadot.dotters.network]","tests","Wed Mar 18 09:25:19 UTC 2026","passed","Wed Mar 18 09:25:19 UTC 2026","","test_substrate_node_is_synced","",""
"","0","test_address_prefix[Test for Moonriver]","tests","Wed Mar 18 09:21:22 UTC 2026","passed","Wed Mar 18 09:21:22 UTC 2026","TestNetworkPrefix","test_network_parameters","",""
"","0","test_can_create_connection[Test for Moonriver, url: wss://moonriver.public.curie.radiumblock.co/ws]","tests","Wed Mar 18 09:22:08 UTC 2026","passed","Wed Mar 18 09:22:08 UTC 2026","","test_nodes_availability","",""
"","0","test_address_prefix[Test for Vara]","tests","Wed Mar 18 09:22:25 UTC 2026","passed","Wed Mar 18 09:22:25 UTC 2026","TestNetworkPrefix","test_network_parameters","",""
"","0","test_chainId[Test for Joystream]","tests","Wed Mar 18 09:22:41 UTC 2026","passed","Wed Mar 18 09:22:41 UTC 2026","TestChainId","test_network_parameters","",""
"","0","test_chainId[Test for Polkadex]","tests","Wed Mar 18 09:21:47 UTC 2026","passed","Wed Mar 18 09:21:47 UTC 2026","TestChainId","test_network_parameters","",""
"","0","test_can_create_connection[Test for Crab, url: wss://crab-rpc.darwinia.network/]","tests","Wed Mar 18 09:24:25 UTC 2026","broken","Wed Mar 18 09:24:25 UTC 2026","","test_nodes_availability","",""
"","0","test_can_create_connection[Test for Polkadot Relay, url: wss://polkadot.public.curie.radiumblock.co/ws]","tests","Wed Mar 18 09:21:59 UTC 2026","passed","Wed Mar 18 09:21:59 UTC 2026","","test_nodes_availability","",""
"","1","test_chainId[Test for Darwinia]","tests","Wed Mar 18 09:22:30 UTC 2026","passed","Wed Mar 18 09:22:30 UTC 2026","TestChainId","test_network_parameters","",""
"","0","test_can_create_connection[Test for Heima, url: wss://heima-rpc.n.dwellir.com]","tests","Wed Mar 18 09:23:52 UTC 2026","passed","Wed Mar 18 09:23:52 UTC 2026","","test_nodes_availability","",""
"","1189","test_subquery_is_synced","tests","Wed Mar 18 09:21:38 UTC 2026","broken","Wed Mar 18 09:21:39 UTC 2026","","test_subquery_is_synced","",""
"","0","test_can_create_connection[Test for Basilisk, url: wss://rpc.basilisk.cloud]","tests","Wed Mar 18 09:23:08 UTC 2026","passed","Wed Mar 18 09:23:08 UTC 2026","","test_nodes_availability","",""
"","0","test_can_create_connection[Test for DENTNet, url: wss://rpc.dentnet.io/ws]","tests","Wed Mar 18 09:25:13 UTC 2026","passed","Wed Mar 18 09:25:13 UTC 2026","","test_nodes_availability","",""
"","0","test_can_create_connection[Test for Humanode, url: wss://explorer-rpc-ws.mainnet.stages.humanode.io]","tests","Wed Mar 18 09:25:19 UTC 2026","passed","Wed Mar 18 09:25:19 UTC 2026","","test_nodes_availability","",""
"","46","test_rpc_node_is_synced[Test for Avail, url: wss://avail.api.onfinality.io/public-ws]","tests","Wed Mar 18 09:25:11 UTC 2026","passed","Wed Mar 18 09:25:11 UTC 2026","","test_substrate_node_is_synced","",""
"","176","test_rpc_method_is_available[Test for Moonbeam, url: wss://moonbeam.ibp.network]","tests","Wed Mar 18 09:21:48 UTC 2026","passed","Wed Mar 18 09:21:49 UTC 2026","","test_rpc_methods_availability","",""
"","133","test_rpc_method_is_available[Test for Ajuna, url: wss://ajuna.dotters.network]","tests","Wed Mar 18 09:24:16 UTC 2026","passed","Wed Mar 18 09:24:17 UTC 2026","","test_rpc_methods_availability","",""
"","139","test_rpc_node_is_synced[Test for Ajuna, url: wss://rpc-para.ajuna.network]","tests","Wed Mar 18 09:24:12 UTC 2026","passed","Wed Mar 18 09:24:12 UTC 2026","","test_substrate_node_is_synced","",""
"","1","test_can_create_connection[Test for krest, url: wss://krest.api.onfinality.io/public-ws']","tests","Wed Mar 18 09:24:53 UTC 2026","passed","Wed Mar 18 09:24:53 UTC 2026","","test_nodes_availability","",""
"","0","test_can_create_connection[Test for Acala, url: wss://acala-rpc-0.aca-api.network]","tests","Wed Mar 18 09:22:23 UTC 2026","passed","Wed Mar 18 09:22:23 UTC 2026","","test_nodes_availability","",""
"","92","test_rpc_method_is_available[Test for Bittensor, url: wss://bittensor-finney.api.onfinality.io/public-ws]","tests","Wed Mar 18 09:24:17 UTC 2026","passed","Wed Mar 18 09:24:18 UTC 2026","","test_rpc_methods_availability","",""
"","94","test_rpc_method_is_available[Test for Aventus, url: wss://avn-parachain.mainnet.aventus.io]","tests","Wed Mar 18 09:24:07 UTC 2026","passed","Wed Mar 18 09:24:07 UTC 2026","","test_rpc_methods_availability","",""
"","0","test_can_create_connection[Test for KILT, url: wss://spiritnet.kilt.io/]","tests","Wed Mar 18 09:23:41 UTC 2026","broken","Wed Mar 18 09:23:41 UTC 2026","","test_nodes_availability","",""
"","126","test_rpc_method_is_available[Test for Interlay, url: wss://api.interlay.io/parachain]","tests","Wed Mar 18 09:22:23 UTC 2026","passed","Wed Mar 18 09:22:23 UTC 2026","","test_rpc_methods_availability","",""
"","42","test_rpc_node_is_synced[Test for UNIQUE, url: wss://unique.dotters.network]","tests","Wed Mar 18 09:23:45 UTC 2026","passed","Wed Mar 18 09:23:45 UTC 2026","","test_substrate_node_is_synced","",""
"","0","test_can_create_connection[Test for Heima, url: wss://rpc.litentry-parachain.litentry.io]","tests","Wed Mar 18 09:23:46 UTC 2026","passed","Wed Mar 18 09:23:46 UTC 2026","","test_nodes_availability","",""
"","0","test_can_create_connection[Test for Polkadot Relay, url: wss://dot-rpc.stakeworld.io]","tests","Wed Mar 18 09:21:54 UTC 2026","passed","Wed Mar 18 09:21:54 UTC 2026","","test_nodes_availability","",""
"","142","test_rpc_method_is_available[Test for Kusama Relay, url: wss://kusama.public.curie.radiumblock.co/ws]","tests","Wed Mar 18 09:21:59 UTC 2026","passed","Wed Mar 18 09:22:00 UTC 2026","","test_rpc_methods_availability","",""
"","1","test_chainId[Test for Hydration]","tests","Wed Mar 18 09:21:56 UTC 2026","passed","Wed Mar 18 09:21:56 UTC 2026","TestChainId","test_network_parameters","",""
"","0","test_can_create_connection[Test for Kusama Bridge Hub, url: wss://ksm-rpc.stakeworld.io/bridgehub]","tests","Wed Mar 18 09:24:38 UTC 2026","passed","Wed Mar 18 09:24:38 UTC 2026","","test_nodes_availability","",""
"","589","test_rpc_node_is_synced[Test for Karura, url: wss://karura-rpc-2.aca-api.network/ws]","tests","Wed Mar 18 09:21:39 UTC 2026","passed","Wed Mar 18 09:21:40 UTC 2026","","test_substrate_node_is_synced","",""
"","774","test_rpc_node_is_synced[Test for Hydration, url: wss://rpc.hydradx.cloud]","tests","Wed Mar 18 09:23:26 UTC 2026","passed","Wed Mar 18 09:23:27 UTC 2026","","test_substrate_node_is_synced","",""
"","0","test_can_create_connection[Test for Bittensor, url: wss://entrypoint-finney.opentensor.ai:443]","tests","Wed Mar 18 09:24:07 UTC 2026","passed","Wed Mar 18 09:24:07 UTC 2026","","test_nodes_availability","",""
"","1","test_chainId[Test for Polkadot People]","tests","Wed Mar 18 09:21:26 UTC 2026","passed","Wed Mar 18 09:21:26 UTC 2026","TestChainId","test_network_parameters","",""
"","0","test_can_create_connection[Test for Karura, url: wss://karura-rpc-1.aca-api.network]","tests","Wed Mar 18 09:21:31 UTC 2026","passed","Wed Mar 18 09:21:31 UTC 2026","","test_nodes_availability","",""
"","139","test_rpc_node_is_synced[Test for Kusama Bridge Hub, url: wss://ksm-rpc.stakeworld.io/bridgehub]","tests","Wed Mar 18 09:24:29 UTC 2026","passed","Wed Mar 18 09:24:29 UTC 2026","","test_substrate_node_is_synced","",""
"","0","test_can_create_connection[Test for Phala, url: wss://phala.public.curie.radiumblock.co/ws]","tests","Wed Mar 18 09:23:10 UTC 2026","passed","Wed Mar 18 09:23:10 UTC 2026","","test_nodes_availability","",""
"","154","test_rpc_node_is_synced[Test for UNIQUE, url: wss://asia-ws.unique.network/]","tests","Wed Mar 18 09:23:37 UTC 2026","passed","Wed Mar 18 09:23:37 UTC 2026","","test_substrate_node_is_synced","",""
"","0","test_chainId[Test for Acala]","tests","Wed Mar 18 09:21:43 UTC 2026","passed","Wed Mar 18 09:21:43 UTC 2026","TestChainId","test_network_parameters","",""
"","0","test_chainId[Test for Polkadot Asset Hub]","tests","Wed Mar 18 09:22:10 UTC 2026","passed","Wed Mar 18 09:22:10 UTC 2026","TestChainId","test_network_parameters","",""
"","0","test_rpc_method_is_available[Test for Curio, url: wss://archive.parachain.curioinvest.com]","tests","Wed Mar 18 09:25:01 UTC 2026","broken","Wed Mar 18 09:25:01 UTC 2026","","test_rpc_methods_availability","",""
"","180","test_rpc_method_is_available[Test for Polkadot Asset Hub, url: wss://asset-hub-polkadot.dotters.network]","tests","Wed Mar 18 09:24:12 UTC 2026","passed","Wed Mar 18 09:24:12 UTC 2026","","test_rpc_methods_availability","",""
"","92","test_rpc_method_is_available[Test for Vara, url: wss://rpc.vara-network.io]","tests","Wed Mar 18 09:24:41 UTC 2026","passed","Wed Mar 18 09:24:42 UTC 2026","","test_rpc_methods_availability","",""
"","0","test_can_create_connection[Test for Kusama Bridge Hub, url: wss://sys.ibp.network/bridgehub-kusama]","tests","Wed Mar 18 09:24:31 UTC 2026","passed","Wed Mar 18 09:24:31 UTC 2026","","test_nodes_availability","",""
"","0","test_can_create_connection[Test for Polkadot Collectives, url: wss://collectives-polkadot.dotters.network]","tests","Wed Mar 18 09:24:40 UTC 2026","passed","Wed Mar 18 09:24:40 UTC 2026","","test_nodes_availability","",""
"","0","test_can_create_connection[Test for Polkadot People, url: wss://people-polkadot.dotters.network]","tests","Wed Mar 18 09:21:37 UTC 2026","passed","Wed Mar 18 09:21:37 UTC 2026","","test_nodes_availability","",""
"","168","test_rpc_method_is_available[Test for Bittensor, url: wss://lite.sub.latent.to:443]","tests","Wed Mar 18 09:24:15 UTC 2026","passed","Wed Mar 18 09:24:15 UTC 2026","","test_rpc_methods_availability","",""
"","1","test_chainId[Test for Enjin Matrix]","tests","Wed Mar 18 09:22:37 UTC 2026","passed","Wed Mar 18 09:22:37 UTC 2026","TestChainId","test_network_parameters","",""
"","0","test_chainId[Test for Kintsugi]","tests","Wed Mar 18 09:22:21 UTC 2026","passed","Wed Mar 18 09:22:21 UTC 2026","TestChainId","test_network_parameters","",""
"","150","test_rpc_method_is_available[Test for Kusama Bridge Hub, url: wss://sys.ibp.network/bridgehub-kusama]","tests","Wed Mar 18 09:24:34 UTC 2026","passed","Wed Mar 18 09:24:34 UTC 2026","","test_rpc_methods_availability","",""
"","0","test_can_create_connection[Test for Kusama People, url: wss://ksm-rpc.stakeworld.io/people]","tests","Wed Mar 18 09:21:58 UTC 2026","passed","Wed Mar 18 09:21:58 UTC 2026","","test_nodes_availability","",""
"","218","test_rpc_node_is_synced[Test for Crust Shadow, url: wss://rpc-sha-subscan.crustnetwork.xyz]","tests","Wed Mar 18 09:22:54 UTC 2026","passed","Wed Mar 18 09:22:54 UTC 2026","","test_substrate_node_is_synced","",""
"","0","test_can_create_connection[Test for Ajuna, url: wss://ajuna.ibp.network]","tests","Wed Mar 18 09:24:43 UTC 2026","passed","Wed Mar 18 09:24:43 UTC 2026","","test_nodes_availability","",""
"","99","test_rpc_method_is_available[Test for Acala, url: wss://acala-rpc-0.aca-api.network]","tests","Wed Mar 18 09:22:16 UTC 2026","passed","Wed Mar 18 09:22:16 UTC 2026","","test_rpc_methods_availability","",""
"","102","test_rpc_method_is_available[Test for Acala, url: wss://acala-rpc-3.aca-api.network/ws]","tests","Wed Mar 18 09:22:27 UTC 2026","passed","Wed Mar 18 09:22:27 UTC 2026","","test_rpc_methods_availability","",""
"","0","test_address_prefix[Test for Basilisk]","tests","Wed Mar 18 09:21:38 UTC 2026","passed","Wed Mar 18 09:21:38 UTC 2026","TestNetworkPrefix","test_network_parameters","",""
"","0","test_rpc_node_is_synced[Test for Curio, url: wss://parachain.curioinvest.com/]","tests","Wed Mar 18 09:24:55 UTC 2026","broken","Wed Mar 18 09:24:55 UTC 2026","","test_substrate_node_is_synced","",""
"","108","test_rpc_method_is_available[Test for Kusama Relay, url: wss://rpc-kusama-1.novasama-tech.org]","tests","Wed Mar 18 09:22:10 UTC 2026","passed","Wed Mar 18 09:22:11 UTC 2026","","test_rpc_methods_availability","",""
"","100","test_rpc_method_is_available[Test for Bittensor, url: wss://entrypoint-finney.opentensor.ai:443]","tests","Wed Mar 18 09:24:00 UTC 2026","passed","Wed Mar 18 09:24:01 UTC 2026","","test_rpc_methods_availability","",""
"","0","test_can_create_connection[Test for Basilisk, url: wss://basilisk-rpc.n.dwellir.com]","tests","Wed Mar 18 09:23:03 UTC 2026","passed","Wed Mar 18 09:23:03 UTC 2026","","test_nodes_availability","",""
"","0","test_can_create_connection[Test for Acala, url: wss://acala-rpc-2.aca-api.network/ws]","tests","Wed Mar 18 09:22:30 UTC 2026","passed","Wed Mar 18 09:22:30 UTC 2026","","test_nodes_availability","",""
"","92","test_rpc_method_is_available[Test for Hydration, url: wss://rpc.hydradx.cloud]","tests","Wed Mar 18 09:23:00 UTC 2026","passed","Wed Mar 18 09:23:00 UTC 2026","","test_rpc_methods_availability","",""
"","1","test_can_create_connection[Test for Bifrost Polkadot, url: wss://eu.bifrost-polkadot-rpc.liebi.com/ws]","tests","Wed Mar 18 09:23:40 UTC 2026","passed","Wed Mar 18 09:23:40 UTC 2026","","test_nodes_availability","",""
"","0","test_can_create_connection[Test for Kusama Relay, url: wss://kusama.dotters.network]","tests","Wed Mar 18 09:21:39 UTC 2026","passed","Wed Mar 18 09:21:39 UTC 2026","","test_nodes_availability","",""
"","0","test_address_prefix[Test for Kusama Asset Hub]","tests","Wed Mar 18 09:21:45 UTC 2026","passed","Wed Mar 18 09:21:45 UTC 2026","TestNetworkPrefix","test_network_parameters","",""
"","0","test_chainId[Test for Interlay]","tests","Wed Mar 18 09:22:00 UTC 2026","passed","Wed Mar 18 09:22:00 UTC 2026","TestChainId","test_network_parameters","",""
"","100","test_rpc_method_is_available[Test for Phala, url: wss://phala.public.curie.radiumblock.co/ws]","tests","Wed Mar 18 09:23:00 UTC 2026","passed","Wed Mar 18 09:23:00 UTC 2026","","test_rpc_methods_availability","",""
"","0","test_chainId[Test for Avail]","tests","Wed Mar 18 09:22:53 UTC 2026","passed","Wed Mar 18 09:22:53 UTC 2026","TestChainId","test_network_parameters","",""
"","92","test_rpc_method_is_available[Test for Hydration, url: wss://hydration.ibp.network]","tests","Wed Mar 18 09:23:04 UTC 2026","passed","Wed Mar 18 09:23:04 UTC 2026","","test_rpc_methods_availability","",""
"","104","test_rpc_method_is_available[Test for krest, url: wss://krest.api.onfinality.io/public-ws']","tests","Wed Mar 18 09:24:49 UTC 2026","passed","Wed Mar 18 09:24:49 UTC 2026","","test_rpc_methods_availability","",""
"","0","test_chainId[Test for NeuroWeb]","tests","Wed Mar 18 09:21:51 UTC 2026","passed","Wed Mar 18 09:21:51 UTC 2026","TestChainId","test_network_parameters","",""
"","1","test_can_create_connection[Test for Zeitgeist, url: wss://zeitgeist.api.onfinality.io/public-ws]","tests","Wed Mar 18 09:22:32 UTC 2026","passed","Wed Mar 18 09:22:32 UTC 2026","","test_nodes_availability","",""
"","0","test_can_create_connection[Test for Acurast, url: wss://public-archive.mainnet.acurast.com]","tests","Wed Mar 18 09:25:39 UTC 2026","passed","Wed Mar 18 09:25:39 UTC 2026","","test_nodes_availability","",""
"","136","test_rpc_node_is_synced[Test for Astar, url: wss://astar-rpc.n.dwellir.com]","tests","Wed Mar 18 09:23:23 UTC 2026","passed","Wed Mar 18 09:23:23 UTC 2026","","test_substrate_node_is_synced","",""
"","375","test_rpc_node_is_synced[Test for Karura, url: wss://karura-rpc-3.aca-api.network/ws]","tests","Wed Mar 18 09:21:45 UTC 2026","passed","Wed Mar 18 09:21:45 UTC 2026","","test_substrate_node_is_synced","",""
"","0","test_can_create_connection[Test for Polkadot Relay, url: wss://1rpc.io/dot]","tests","Wed Mar 18 09:22:04 UTC 2026","passed","Wed Mar 18 09:22:04 UTC 2026","","test_nodes_availability","",""
"","1","test_chainId[Test for DAO IPCI]","tests","Wed Mar 18 09:22:05 UTC 2026","passed","Wed Mar 18 09:22:05 UTC 2026","TestChainId","test_network_parameters","",""
"","43","test_rpc_node_is_synced[Test for Hydration, url: wss://hydration.dotters.network]","tests","Wed Mar 18 09:22:27 UTC 2026","passed","Wed Mar 18 09:22:27 UTC 2026","","test_substrate_node_is_synced","",""
"","0","test_can_create_connection[Test for Westend (TESTNET), url: wss://westend-rpc.polkadot.io]","tests","Wed Mar 18 09:22:11 UTC 2026","passed","Wed Mar 18 09:22:11 UTC 2026","","test_nodes_availability","",""
"","101","test_rpc_method_is_available[Test for Polkadot Bridge Hub, url: wss://dot-rpc.stakeworld.io/bridgehub]","tests","Wed Mar 18 09:24:33 UTC 2026","passed","Wed Mar 18 09:24:33 UTC 2026","","test_rpc_methods_availability","",""
"","0","test_rpc_method_is_available[Test for Phala, url: wss://phala-rpc.n.dwellir.com]","tests","Wed Mar 18 09:22:48 UTC 2026","broken","Wed Mar 18 09:22:48 UTC 2026","","test_rpc_methods_availability","",""
"","152","test_rpc_node_is_synced[Test for Polkadot Collectives, url: wss://dot-rpc.stakeworld.io/collectives]","tests","Wed Mar 18 09:24:46 UTC 2026","passed","Wed Mar 18 09:24:46 UTC 2026","","test_substrate_node_is_synced","",""
"","211","test_rpc_node_is_synced[Test for Crust Shadow, url: wss://rpc-shadow.crust.network/]","tests","Wed Mar 18 09:23:04 UTC 2026","passed","Wed Mar 18 09:23:04 UTC 2026","","test_substrate_node_is_synced","",""
"","41","test_rpc_node_is_synced[Test for Kusama People, url: wss://people-kusama.dotters.network]","tests","Wed Mar 18 09:21:56 UTC 2026","passed","Wed Mar 18 09:21:56 UTC 2026","","test_substrate_node_is_synced","",""
"","39","test_rpc_node_is_synced[Test for Polkadot Coretime, url: wss://sys.ibp.network/coretime-polkadot]","tests","Wed Mar 18 09:25:25 UTC 2026","passed","Wed Mar 18 09:25:25 UTC 2026","","test_substrate_node_is_synced","",""
"","1","test_chainId[Test for CC Enterprise]","tests","Wed Mar 18 09:22:57 UTC 2026","passed","Wed Mar 18 09:22:57 UTC 2026","TestChainId","test_network_parameters","",""
"","0","test_chainId[Test for DENTNet]","tests","Wed Mar 18 09:23:00 UTC 2026","passed","Wed Mar 18 09:23:00 UTC 2026","TestChainId","test_network_parameters","",""
"","0","test_address_prefix[Test for Kintsugi]","tests","Wed Mar 18 09:22:51 UTC 2026","passed","Wed Mar 18 09:22:51 UTC 2026","TestNetworkPrefix","test_network_parameters","",""
"","167","test_rpc_node_is_synced[Test for Polkadot Relay, url: wss://rpc-polkadot-2.novasama-tech.org]","tests","Wed Mar 18 09:21:37 UTC 2026","passed","Wed Mar 18 09:21:38 UTC 2026","","test_substrate_node_is_synced","",""
"","0","test_chainId[Test for Tanssi]","tests","Wed Mar 18 09:23:14 UTC 2026","passed","Wed Mar 18 09:23:14 UTC 2026","TestChainId","test_network_parameters","",""
"","0","test_can_create_connection[Test for Aventus, url: wss://public-rpc.mainnet.aventus.io]","tests","Wed Mar 18 09:24:27 UTC 2026","passed","Wed Mar 18 09:24:27 UTC 2026","","test_nodes_availability","",""
"","160","test_rpc_method_is_available[Test for Moonbeam, url: wss://moonbeam.dotters.network]","tests","Wed Mar 18 09:21:52 UTC 2026","passed","Wed Mar 18 09:21:52 UTC 2026","","test_rpc_methods_availability","",""
"","106","test_rpc_method_is_available[Test for Bifrost Polkadot, url: wss://hk.p.bifrost-rpc.liebi.com/ws]","tests","Wed Mar 18 09:23:25 UTC 2026","passed","Wed Mar 18 09:23:25 UTC 2026","","test_rpc_methods_availability","",""
"","106","test_rpc_method_is_available[Test for JAMTON, url: wss://rpc.jamton.network]","tests","Wed Mar 18 09:25:17 UTC 2026","passed","Wed Mar 18 09:25:18 UTC 2026","","test_rpc_methods_availability","",""
"","1","test_can_create_connection[Test for Mythos, url: wss://polkadot-mythos-rpc.polkadot.io]","tests","Wed Mar 18 09:25:09 UTC 2026","passed","Wed Mar 18 09:25:09 UTC 2026","","test_nodes_availability","",""
"","0","test_can_create_connection[Test for Bifrost Polkadot, url: wss://bifrost-polkadot.ibp.network]","tests","Wed Mar 18 09:23:21 UTC 2026","passed","Wed Mar 18 09:23:21 UTC 2026","","test_nodes_availability","",""
"","0","test_can_create_connection[Test for Amplitude, url: wss://rpc-amplitude.pendulumchain.tech]","tests","Wed Mar 18 09:23:53 UTC 2026","broken","Wed Mar 18 09:23:53 UTC 2026","","test_nodes_availability","",""
"","139","test_rpc_method_is_available[Test for Laos, url: wss://rpc.laos.laosfoundation.io]","tests","Wed Mar 18 09:25:14 UTC 2026","passed","Wed Mar 18 09:25:14 UTC 2026","","test_rpc_methods_availability","",""
"","1","test_address_prefix[Test for Manta Atlantic]","tests","Wed Mar 18 09:22:55 UTC 2026","passed","Wed Mar 18 09:22:55 UTC 2026","TestNetworkPrefix","test_network_parameters","",""
"","106","test_rpc_method_is_available[Test for GIANT, url: wss://rpc-anchor-1-mainnet-az-ue1.giantprotocol.org:443]","tests","Wed Mar 18 09:24:21 UTC 2026","passed","Wed Mar 18 09:24:21 UTC 2026","","test_rpc_methods_availability","",""
"","0","test_address_prefix[Test for Ajuna]","tests","Wed Mar 18 09:22:18 UTC 2026","passed","Wed Mar 18 09:22:18 UTC 2026","TestNetworkPrefix","test_network_parameters","",""
"","0","test_can_create_connection[Test for Polkadot Collectives, url: wss://collectives.public.curie.radiumblock.co/ws]","tests","Wed Mar 18 09:24:43 UTC 2026","passed","Wed Mar 18 09:24:43 UTC 2026","","test_nodes_availability","",""
"","1","test_can_create_connection[Test for Kusama Relay, url: wss://1rpc.io/ksm]","tests","Wed Mar 18 09:21:58 UTC 2026","passed","Wed Mar 18 09:21:58 UTC 2026","","test_nodes_availability","",""
"","101","test_rpc_method_is_available[Test for Bifrost Kusama, url: wss://bifrost-rpc.liebi.com/ws]","tests","Wed Mar 18 09:23:19 UTC 2026","passed","Wed Mar 18 09:23:19 UTC 2026","","test_rpc_methods_availability","",""
"","0","test_rpc_method_is_available[Test for KILT, url: wss://spiritnet.kilt.io/]","tests","Wed Mar 18 09:24:20 UTC 2026","broken","Wed Mar 18 09:24:20 UTC 2026","","test_rpc_methods_availability","",""
"","0","test_address_prefix[Test for Moonbeam]","tests","Wed Mar 18 09:21:33 UTC 2026","passed","Wed Mar 18 09:21:33 UTC 2026","TestNetworkPrefix","test_network_parameters","",""
"","106","test_rpc_method_is_available[Test for Hydration, url: wss://hydration.dotters.network]","tests","Wed Mar 18 09:22:18 UTC 2026","passed","Wed Mar 18 09:22:18 UTC 2026","","test_rpc_methods_availability","",""
"","102","test_rpc_method_is_available[Test for Interlay, url: wss://rpc-interlay.luckyfriday.io/]","tests","Wed Mar 18 09:22:27 UTC 2026","passed","Wed Mar 18 09:22:27 UTC 2026","","test_rpc_methods_availability","",""
"","0","test_chainId[Test for Moonbeam]","tests","Wed Mar 18 09:21:36 UTC 2026","passed","Wed Mar 18 09:21:36 UTC 2026","TestChainId","test_network_parameters","",""
"","0","test_can_create_connection[Test for Crust Shadow, url: wss://rpc-sha-subscan.crustnetwork.xyz]","tests","Wed Mar 18 09:22:36 UTC 2026","passed","Wed Mar 18 09:22:36 UTC 2026","","test_nodes_availability","",""
"","0","test_address_prefix[Test for Kusama Relay]","tests","Wed Mar 18 09:21:33 UTC 2026","passed","Wed Mar 18 09:21:33 UTC 2026","TestNetworkPrefix","test_network_parameters","",""
"","0","test_chainId[Test for Humanode]","tests","Wed Mar 18 09:23:01 UTC 2026","passed","Wed Mar 18 09:23:01 UTC 2026","TestChainId","test_network_parameters","",""
"","0","test_can_create_connection[Test for Polkadot People, url: wss://sys.ibp.network/people-polkadot]","tests","Wed Mar 18 09:21:34 UTC 2026","passed","Wed Mar 18 09:21:34 UTC 2026","","test_nodes_availability","",""
"","139","test_rpc_method_is_available[Test for Kusama Relay, url: wss://kusama.dotters.network]","tests","Wed Mar 18 09:21:34 UTC 2026","passed","Wed Mar 18 09:21:34 UTC 2026","","test_rpc_methods_availability","",""
"","0","test_can_create_connection[Test for Kusama People, url: wss://people-kusama.dotters.network]","tests","Wed Mar 18 09:21:53 UTC 2026","passed","Wed Mar 18 09:21:53 UTC 2026","","test_nodes_availability","",""
"","0","test_can_create_connection[Test for Polkadot Asset Hub, url: wss://sys.ibp.network/asset-hub-polkadot]","tests","Wed Mar 18 09:23:54 UTC 2026","passed","Wed Mar 18 09:23:54 UTC 2026","","test_nodes_availability","",""
"","1","test_can_create_connection[Test for Polkadot Bridge Hub, url: wss://bridge-hub-polkadot.dotters.network]","tests","Wed Mar 18 09:24:24 UTC 2026","passed","Wed Mar 18 09:24:24 UTC 2026","","test_nodes_availability","",""
"","0","test_can_create_connection[Test for Kusama Relay, url: wss://apps-kusama-rpc.polkadot.io]","tests","Wed Mar 18 09:21:45 UTC 2026","passed","Wed Mar 18 09:21:45 UTC 2026","","test_nodes_availability","",""
"","0","test_address_prefix[Test for 3DPass]","tests","Wed Mar 18 09:22:21 UTC 2026","passed","Wed Mar 18 09:22:21 UTC 2026","TestNetworkPrefix","test_network_parameters","",""
"","170","test_rpc_method_is_available[Test for Manta Atlantic, url: wss://ws.manta.systems]","tests","Wed Mar 18 09:24:45 UTC 2026","passed","Wed Mar 18 09:24:46 UTC 2026","","test_rpc_methods_availability","",""
"","380","test_rpc_node_work_fast[Test for Ethereum, url: https://ethereum-rpc.publicnode.com]","tests","Wed Mar 18 09:21:13 UTC 2026","passed","Wed Mar 18 09:21:14 UTC 2026","TestETHNodesAvailability","test_eth_nodes_availability","",""
"","108","test_rpc_method_is_available[Test for Shiden, url: wss://shiden-rpc.n.dwellir.com]","tests","Wed Mar 18 09:23:07 UTC 2026","passed","Wed Mar 18 09:23:07 UTC 2026","","test_rpc_methods_availability","",""
"","184","test_rpc_node_is_synced[Test for Kintsugi, url: wss://api-kusama.interlay.io/parachain]","tests","Wed Mar 18 09:22:45 UTC 2026","passed","Wed Mar 18 09:22:45 UTC 2026","","test_substrate_node_is_synced","",""
"","23","test_rpc_node_is_synced[Test for Phala, url: wss://phala.public.curie.radiumblock.co/ws]","tests","Wed Mar 18 09:23:05 UTC 2026","passed","Wed Mar 18 09:23:05 UTC 2026","","test_substrate_node_is_synced","",""
"","0","test_address_prefix[Test for Polkadot Asset Hub]","tests","Wed Mar 18 09:22:36 UTC 2026","passed","Wed Mar 18 09:22:36 UTC 2026","TestNetworkPrefix","test_network_parameters","",""
"","1","test_address_prefix[Test for Aventus]","tests","Wed Mar 18 09:22:11 UTC 2026","passed","Wed Mar 18 09:22:11 UTC 2026","TestNetworkPrefix","test_network_parameters","",""
"","114","test_rpc_method_is_available[Test for Humanode, url: wss://explorer-rpc-ws.mainnet.stages.humanode.io]","tests","Wed Mar 18 09:25:13 UTC 2026","passed","Wed Mar 18 09:25:13 UTC 2026","","test_rpc_methods_availability","",""
"","134","test_rpc_node_is_synced[Test for Energy Web X, url: wss://public-rpc.mainnet.energywebx.com/]","tests","Wed Mar 18 09:24:50 UTC 2026","passed","Wed Mar 18 09:24:50 UTC 2026","","test_substrate_node_is_synced","",""
"","107","test_rpc_method_is_available[Test for Mythos, url: wss://polkadot-mythos-rpc.polkadot.io]","tests","Wed Mar 18 09:24:58 UTC 2026","passed","Wed Mar 18 09:24:58 UTC 2026","","test_rpc_methods_availability","",""
"","1","test_can_create_connection[Test for Kusama Asset Hub, url: wss://sys.ibp.network/statemine]","tests","Wed Mar 18 09:22:22 UTC 2026","passed","Wed Mar 18 09:22:22 UTC 2026","","test_nodes_availability","",""
"","0","test_address_prefix[Test for Ternoa]","tests","Wed Mar 18 09:22:04 UTC 2026","passed","Wed Mar 18 09:22:04 UTC 2026","TestNetworkPrefix","test_network_parameters","",""
"","0","test_chainId[Test for Aleph Zero]","tests","Wed Mar 18 09:21:43 UTC 2026","passed","Wed Mar 18 09:21:43 UTC 2026","TestChainId","test_network_parameters","",""
"","0","test_can_create_connection[Test for Cere, url: wss://rpc.mainnet.cere.network/ws]","tests","Wed Mar 18 09:25:13 UTC 2026","passed","Wed Mar 18 09:25:13 UTC 2026","","test_nodes_availability","",""
"","24","test_rpc_node_is_synced[Test for Polkadot Relay, url: wss://polkadot.public.curie.radiumblock.co/ws]","tests","Wed Mar 18 09:22:04 UTC 2026","passed","Wed Mar 18 09:22:05 UTC 2026","","test_substrate_node_is_synced","",""
"","130","test_rpc_node_is_synced[Test for Mythos, url: wss://polkadot-mythos-rpc.polkadot.io]","tests","Wed Mar 18 09:25:00 UTC 2026","passed","Wed Mar 18 09:25:00 UTC 2026","","test_substrate_node_is_synced","",""
"","0","test_can_create_connection[Test for Karura, url: wss://karura-rpc-0.aca-api.network]","tests","Wed Mar 18 09:21:26 UTC 2026","passed","Wed Mar 18 09:21:26 UTC 2026","","test_nodes_availability","",""
"","0","test_chainId[Test for Curio]","tests","Wed Mar 18 09:22:53 UTC 2026","broken","Wed Mar 18 09:22:53 UTC 2026","TestChainId","test_network_parameters","",""
"","0","test_chainId[Test for UNIQUE]","tests","Wed Mar 18 09:21:49 UTC 2026","passed","Wed Mar 18 09:21:49 UTC 2026","TestChainId","test_network_parameters","",""
"","0","test_can_create_connection[Test for QUARTZ, url: wss://us-ws-quartz.unique.network]","tests","Wed Mar 18 09:22:17 UTC 2026","broken","Wed Mar 18 09:22:17 UTC 2026","","test_nodes_availability","",""
"","297","test_rpc_node_is_synced[Test for Acala, url: wss://acala-rpc-1.aca-api.network]","tests","Wed Mar 18 09:22:33 UTC 2026","passed","Wed Mar 18 09:22:34 UTC 2026","","test_substrate_node_is_synced","",""
"","135","test_rpc_node_is_synced[Test for Karura, url: wss://karura-rpc.n.dwellir.com]","tests","Wed Mar 18 09:21:50 UTC 2026","passed","Wed Mar 18 09:21:50 UTC 2026","","test_substrate_node_is_synced","",""
"","99","test_rpc_method_is_available[Test for Phala, url: wss://api.phala.network/ws]","tests","Wed Mar 18 09:22:56 UTC 2026","passed","Wed Mar 18 09:22:56 UTC 2026","","test_rpc_methods_availability","",""
"","162","test_rpc_method_is_available[Test for Kusama Relay, url: wss://rpc-kusama.luckyfriday.io]","tests","Wed Mar 18 09:21:44 UTC 2026","passed","Wed Mar 18 09:21:45 UTC 2026","","test_rpc_methods_availability","",""
"","1","test_address_prefix[Test for Tanssi]","tests","Wed Mar 18 09:23:20 UTC 2026","passed","Wed Mar 18 09:23:20 UTC 2026","TestNetworkPrefix","test_network_parameters","",""
"","0","test_can_create_connection[Test for Acurast Canary, url: wss://public-rpc.canary.acurast.com]","tests","Wed Mar 18 09:24:59 UTC 2026","passed","Wed Mar 18 09:24:59 UTC 2026","","test_nodes_availability","",""
"","45","test_rpc_node_is_synced[Test for Frequency, url: wss://1.rpc.frequency.xyz]","tests","Wed Mar 18 09:24:38 UTC 2026","passed","Wed Mar 18 09:24:38 UTC 2026","","test_substrate_node_is_synced","",""
"","0","test_can_create_connection[Test for Polkadot Relay, url: wss://polkadot.dotters.network]","tests","Wed Mar 18 09:21:42 UTC 2026","passed","Wed Mar 18 09:21:42 UTC 2026","","test_nodes_availability","",""
"","35","test_rpc_node_is_synced[Test for Aleph Zero, url: wss://ws.azero.dev]","tests","Wed Mar 18 09:23:07 UTC 2026","passed","Wed Mar 18 09:23:07 UTC 2026","","test_substrate_node_is_synced","",""
"","0","test_chainId[Test for Crust Polkadot Parachain]","tests","Wed Mar 18 09:22:40 UTC 2026","passed","Wed Mar 18 09:22:40 UTC 2026","TestChainId","test_network_parameters","",""
"","0","test_chainId[Test for Cere]","tests","Wed Mar 18 09:22:54 UTC 2026","passed","Wed Mar 18 09:22:54 UTC 2026","TestChainId","test_network_parameters","",""
"","92","test_rpc_method_is_available[Test for NeuroWeb, url: wss://parachain-rpc.origin-trail.network]","tests","Wed Mar 18 09:23:09 UTC 2026","passed","Wed Mar 18 09:23:09 UTC 2026","","test_rpc_methods_availability","",""
"","0","test_address_prefix[Test for DAO IPCI]","tests","Wed Mar 18 09:22:08 UTC 2026","passed","Wed Mar 18 09:22:08 UTC 2026","TestNetworkPrefix","test_network_parameters","",""
"","0","test_can_create_connection[Test for Polkadot Coretime, url: wss://coretime-polkadot.dotters.network]","tests","Wed Mar 18 09:25:33 UTC 2026","passed","Wed Mar 18 09:25:33 UTC 2026","","test_nodes_availability","",""
"","154","test_rpc_method_is_available[Test for DENTNet, url: wss://rpc.dentnet.io/ws]","tests","Wed Mar 18 09:25:09 UTC 2026","passed","Wed Mar 18 09:25:09 UTC 2026","","test_rpc_methods_availability","",""
"","174","test_rpc_method_is_available[Test for Moonbeam, url: wss://moonbeam.public.curie.radiumblock.co/ws]","tests","Wed Mar 18 09:21:58 UTC 2026","passed","Wed Mar 18 09:21:58 UTC 2026","","test_rpc_methods_availability","",""
"","100","test_rpc_method_is_available[Test for Creditcoin, url: wss://mainnet3.creditcoin.network]","tests","Wed Mar 18 09:25:10 UTC 2026","passed","Wed Mar 18 09:25:10 UTC 2026","","test_rpc_methods_availability","",""
"","154","test_rpc_node_is_synced[Test for UNIQUE, url: wss://us-ws.unique.network/]","tests","Wed Mar 18 09:24:19 UTC 2026","passed","Wed Mar 18 09:24:19 UTC 2026","","test_substrate_node_is_synced","",""
"","0","test_can_create_connection[Test for Kusama Relay, url: wss://rpc.ibp.network/kusama]","tests","Wed Mar 18 09:21:33 UTC 2026","passed","Wed Mar 18 09:21:33 UTC 2026","","test_nodes_availability","",""
"","25","test_rpc_node_is_synced[Test for Creditcoin, url: wss://mainnet3.creditcoin.network]","tests","Wed Mar 18 09:25:03 UTC 2026","passed","Wed Mar 18 09:25:03 UTC 2026","","test_substrate_node_is_synced","",""
"","34","test_rpc_node_is_synced[Test for CC Enterprise, url: wss://mainnet.creditcoin.network/ws]","tests","Wed Mar 18 09:25:11 UTC 2026","passed","Wed Mar 18 09:25:11 UTC 2026","","test_substrate_node_is_synced","",""
"","0","test_can_create_connection[Test for Curio, url: wss://archive.parachain.curioinvest.com]","tests","Wed Mar 18 09:25:05 UTC 2026","broken","Wed Mar 18 09:25:05 UTC 2026","","test_nodes_availability","",""
"","0","test_address_prefix[Test for UNIQUE]","tests","Wed Mar 18 09:21:49 UTC 2026","passed","Wed Mar 18 09:21:49 UTC 2026","TestNetworkPrefix","test_network_parameters","",""
"","123","test_rpc_node_is_synced[Test for Manta Atlantic, url: wss://ws.manta.systems]","tests","Wed Mar 18 09:24:48 UTC 2026","passed","Wed Mar 18 09:24:48 UTC 2026","","test_substrate_node_is_synced","",""
"","136","test_rpc_node_is_synced[Test for Polkadot Coretime, url: wss://polkadot-coretime-rpc.polkadot.io]","tests","Wed Mar 18 09:26:12 UTC 2026","passed","Wed Mar 18 09:26:12 UTC 2026","","test_substrate_node_is_synced","",""
"","93","test_rpc_method_is_available[Test for Polkadot Coretime, url: wss://sys.ibp.network/coretime-polkadot]","tests","Wed Mar 18 09:25:14 UTC 2026","passed","Wed Mar 18 09:25:14 UTC 2026","","test_rpc_methods_availability","",""
"","1","test_can_create_connection[Test for Centrifuge Parachain, url: wss://fullnode.centrifuge.io]","tests","Wed Mar 18 09:22:50 UTC 2026","passed","Wed Mar 18 09:22:50 UTC 2026","","test_nodes_availability","",""
"","0","test_address_prefix[Test for Bittensor]","tests","Wed Mar 18 09:22:14 UTC 2026","passed","Wed Mar 18 09:22:14 UTC 2026","TestNetworkPrefix","test_network_parameters","",""
"","171","test_rpc_node_is_synced[Test for Hydration, url: wss://rpc-hydra.novasama-tech.org]","tests","Wed Mar 18 09:23:20 UTC 2026","passed","Wed Mar 18 09:23:20 UTC 2026","","test_substrate_node_is_synced","",""
"","24","test_rpc_node_is_synced[Test for Shiden, url: wss://shiden.public.curie.radiumblock.co/ws]","tests","Wed Mar 18 09:22:28 UTC 2026","passed","Wed Mar 18 09:22:28 UTC 2026","","test_substrate_node_is_synced","",""
"","53","test_rpc_node_is_synced[Test for Polkadot Coretime, url: wss://rpc-coretime-polkadot.luckyfriday.io]","tests","Wed Mar 18 09:25:18 UTC 2026","passed","Wed Mar 18 09:25:18 UTC 2026","","test_substrate_node_is_synced","",""
"","0","test_chainId[Test for Phala]","tests","Wed Mar 18 09:22:19 UTC 2026","passed","Wed Mar 18 09:22:19 UTC 2026","TestChainId","test_network_parameters","",""
"","0","test_address_prefix[Test for KILT]","tests","Wed Mar 18 09:21:30 UTC 2026","passed","Wed Mar 18 09:21:30 UTC 2026","TestNetworkPrefix","test_network_parameters","",""
"","182","test_rpc_node_is_synced[Test for Bifrost Kusama, url: wss://bifrost-rpc.liebi.com/ws]","tests","Wed Mar 18 09:22:35 UTC 2026","passed","Wed Mar 18 09:22:36 UTC 2026","","test_substrate_node_is_synced","",""
"","0","test_address_prefix[Test for NeuroWeb]","tests","Wed Mar 18 09:21:56 UTC 2026","passed","Wed Mar 18 09:21:56 UTC 2026","TestNetworkPrefix","test_network_parameters","",""
"","0","test_can_create_connection[Test for Enjin Matrix, url: wss://rpc.matrix.blockchain.enjin.io]","tests","Wed Mar 18 09:24:42 UTC 2026","passed","Wed Mar 18 09:24:42 UTC 2026","","test_nodes_availability","",""
"","0","test_can_create_connection[Test for Phala, url: wss://api.phala.network/ws]","tests","Wed Mar 18 09:23:06 UTC 2026","passed","Wed Mar 18 09:23:06 UTC 2026","","test_nodes_availability","",""
"","0","test_can_create_connection[Test for Moonriver, url: wss://moonriver-rpc.publicnode.com]","tests","Wed Mar 18 09:22:03 UTC 2026","passed","Wed Mar 18 09:22:03 UTC 2026","","test_nodes_availability","",""
"","0","test_address_prefix[Test for Avail]","tests","Wed Mar 18 09:23:03 UTC 2026","passed","Wed Mar 18 09:23:03 UTC 2026","TestNetworkPrefix","test_network_parameters","",""
"","0","test_can_create_connection[Test for Bifrost Kusama, url: wss://bifrost-rpc.liebi.com/ws]","tests","Wed Mar 18 09:22:51 UTC 2026","passed","Wed Mar 18 09:22:51 UTC 2026","","test_nodes_availability","",""
"","0","test_rpc_node_is_synced[Test for KILT, url: wss://kilt.ibp.network]","tests","Wed Mar 18 09:23:08 UTC 2026","broken","Wed Mar 18 09:23:08 UTC 2026","","test_substrate_node_is_synced","",""
"","132","test_rpc_node_is_synced[Test for Ternoa, url: wss://mainnet.ternoa.network]","tests","Wed Mar 18 09:24:01 UTC 2026","passed","Wed Mar 18 09:24:01 UTC 2026","","test_substrate_node_is_synced","",""
"","1","test_can_create_connection[Test for Creditcoin, url: wss://mainnet3.creditcoin.network]","tests","Wed Mar 18 09:25:15 UTC 2026","passed","Wed Mar 18 09:25:15 UTC 2026","","test_nodes_availability","",""
"","105","test_rpc_method_is_available[Test for Joystream, url: wss://rpc.joystream.org]","tests","Wed Mar 18 09:24:52 UTC 2026","passed","Wed Mar 18 09:24:52 UTC 2026","","test_rpc_methods_availability","",""
"","39","test_rpc_node_is_synced[Test for GIANT, url: wss://rpc-anchor-1-mainnet-az-ue1.giantprotocol.org:443]","tests","Wed Mar 18 09:24:21 UTC 2026","passed","Wed Mar 18 09:24:21 UTC 2026","","test_substrate_node_is_synced","",""
"","0","test_address_prefix[Test for Polkadex]","tests","Wed Mar 18 09:21:51 UTC 2026","passed","Wed Mar 18 09:21:51 UTC 2026","TestNetworkPrefix","test_network_parameters","",""
"","0","test_rpc_method_is_available[Test for QUARTZ, url: wss://quartz.unique.network]","tests","Wed Mar 18 09:24:31 UTC 2026","broken","Wed Mar 18 09:24:31 UTC 2026","","test_rpc_methods_availability","",""
"","1","test_address_prefix[Test for peaq]","tests","Wed Mar 18 09:23:15 UTC 2026","passed","Wed Mar 18 09:23:15 UTC 2026","TestNetworkPrefix","test_network_parameters","",""
"","110","test_rpc_method_is_available[Test for Acurast, url: wss://public-archive.mainnet.acurast.com]","tests","Wed Mar 18 09:25:28 UTC 2026","passed","Wed Mar 18 09:25:28 UTC 2026","","test_rpc_methods_availability","",""
"","0","test_address_prefix[Test for Humanode]","tests","Wed Mar 18 09:23:12 UTC 2026","passed","Wed Mar 18 09:23:12 UTC 2026","TestNetworkPrefix","test_network_parameters","",""
"","141","test_rpc_method_is_available[Test for Enjin Matrix, url: wss://rpc.matrix.blockchain.enjin.io]","tests","Wed Mar 18 09:24:48 UTC 2026","passed","Wed Mar 18 09:24:49 UTC 2026","","test_rpc_methods_availability","",""
"","0","test_can_create_connection[Test for Kusama Coretime, url: wss://coretime-kusama.dotters.network]","tests","Wed Mar 18 09:25:30 UTC 2026","passed","Wed Mar 18 09:25:30 UTC 2026","","test_nodes_availability","",""
"","106","test_rpc_method_is_available[Test for Kusama Coretime, url: wss://coretime-kusama.dotters.network]","tests","Wed Mar 18 09:25:19 UTC 2026","passed","Wed Mar 18 09:25:19 UTC 2026","","test_rpc_methods_availability","",""
"","176","test_rpc_method_is_available[Test for Kusama Relay, url: wss://1rpc.io/ksm]","tests","Wed Mar 18 09:21:53 UTC 2026","passed","Wed Mar 18 09:21:53 UTC 2026","","test_rpc_methods_availability","",""
"","39","test_rpc_node_is_synced[Test for Kusama Asset Hub, url: wss://sys.ibp.network/statemine]","tests","Wed Mar 18 09:22:22 UTC 2026","passed","Wed Mar 18 09:22:22 UTC 2026","","test_substrate_node_is_synced","",""
"","0","test_can_create_connection[Test for Polkadot Bridge Hub, url: wss://dot-rpc.stakeworld.io/bridgehub]","tests","Wed Mar 18 09:24:28 UTC 2026","passed","Wed Mar 18 09:24:28 UTC 2026","","test_nodes_availability","",""
"","0","test_address_prefix[Test for Cere]","tests","Wed Mar 18 09:23:04 UTC 2026","passed","Wed Mar 18 09:23:04 UTC 2026","TestNetworkPrefix","test_network_parameters","",""
"","0","test_address_prefix[Test for JAMTON]","tests","Wed Mar 18 09:23:16 UTC 2026","passed","Wed Mar 18 09:23:16 UTC 2026","TestNetworkPrefix","test_network_parameters","",""
