"DESCRIPTION","DURATION IN MS","NAME","PARENT SUITE","START TIME","STATUS","STOP TIME","SUB SUITE","SUITE","TEST CLASS","TEST METHOD"
"","0","test_address_prefix[Test for Altair]","tests","Sun May 03 09:32:52 UTC 2026","passed","Sun May 03 09:32:52 UTC 2026","TestNetworkPrefix","test_network_parameters","",""
"","1","test_chainId[Test for Aleph Zero]","tests","Sun May 03 09:34:36 UTC 2026","passed","Sun May 03 09:34:36 UTC 2026","TestChainId","test_network_parameters","",""
"","51","test_rpc_node_is_synced[Test for Encointer, url: wss://encointer-kusama.dotters.network]","tests","Sun May 03 09:37:28 UTC 2026","passed","Sun May 03 09:37:28 UTC 2026","","test_substrate_node_is_synced","",""
"","186","test_rpc_node_is_synced[Test for Kusama Relay, url: wss://1rpc.io/ksm]","tests","Sun May 03 09:33:26 UTC 2026","passed","Sun May 03 09:33:26 UTC 2026","","test_substrate_node_is_synced","",""
"","97","test_rpc_method_is_available[Test for Encointer, url: wss://sys.ibp.network/encointer-kusama]","tests","Sun May 03 09:34:56 UTC 2026","passed","Sun May 03 09:34:56 UTC 2026","","test_rpc_methods_availability","",""
"","0","test_can_create_connection[Test for Westend (TESTNET), url: wss://westend.public.curie.radiumblock.co/ws]","tests","Sun May 03 09:34:35 UTC 2026","passed","Sun May 03 09:34:35 UTC 2026","","test_nodes_availability","",""
"","0","test_chainId[Test for Frequency]","tests","Sun May 03 09:34:05 UTC 2026","passed","Sun May 03 09:34:05 UTC 2026","TestChainId","test_network_parameters","",""
"","51","test_rpc_node_is_synced[Test for Polkadot People, url: wss://people-polkadot.dotters.network]","tests","Sun May 03 09:33:08 UTC 2026","passed","Sun May 03 09:33:08 UTC 2026","","test_substrate_node_is_synced","",""
"","0","test_rpc_method_is_available[Test for QUARTZ, url: wss://eu-ws-quartz.unique.network]","tests","Sun May 03 09:35:37 UTC 2026","broken","Sun May 03 09:35:37 UTC 2026","","test_rpc_methods_availability","",""
"","0","test_address_prefix[Test for Hyperbridge Nexus]","tests","Sun May 03 09:35:02 UTC 2026","broken","Sun May 03 09:35:02 UTC 2026","TestNetworkPrefix","test_network_parameters","",""
"","0","test_precision[Test for Avail]","tests","Sun May 03 09:35:14 UTC 2026","passed","Sun May 03 09:35:14 UTC 2026","TestPrecision","test_network_parameters","",""
"","0","test_precision[Test for Acala]","tests","Sun May 03 09:33:08 UTC 2026","passed","Sun May 03 09:33:08 UTC 2026","TestPrecision","test_network_parameters","",""
"","137","test_rpc_method_is_available[Test for Polkadot Relay, url: wss://polkadot.dotters.network]","tests","Sun May 03 09:33:04 UTC 2026","passed","Sun May 03 09:33:04 UTC 2026","","test_rpc_methods_availability","",""
"","0","test_precision[Test for Polkadot Coretime]","tests","Sun May 03 09:34:41 UTC 2026","passed","Sun May 03 09:34:41 UTC 2026","TestPrecision","test_network_parameters","",""
"","104","test_rpc_method_is_available[Test for Moonriver, url: wss://moonriver-rpc.publicnode.com]","tests","Sun May 03 09:33:30 UTC 2026","passed","Sun May 03 09:33:30 UTC 2026","","test_rpc_methods_availability","",""
"","103","test_rpc_method_is_available[Test for Bifrost Polkadot, url: wss://hk.p.bifrost-rpc.liebi.com/ws]","tests","Sun May 03 09:35:24 UTC 2026","passed","Sun May 03 09:35:24 UTC 2026","","test_rpc_methods_availability","",""
"","12","test_has_new_assets[Test for DAO IPCI]","tests","Sun May 03 09:33:38 UTC 2026","passed","Sun May 03 09:33:39 UTC 2026","TestAssets","test_check_new_assets","",""
"","0","test_chainId[Test for Darwinia]","tests","Sun May 03 09:33:50 UTC 2026","passed","Sun May 03 09:33:50 UTC 2026","TestChainId","test_network_parameters","",""
"","0","test_can_create_connection[Test for Polkadot Collectives, url: wss://sys.ibp.network/collectives-polkadot]","tests","Sun May 03 09:38:09 UTC 2026","broken","Sun May 03 09:38:09 UTC 2026","","test_nodes_availability","",""
"","0","test_precision[Test for Manta Atlantic]","tests","Sun May 03 09:34:10 UTC 2026","passed","Sun May 03 09:34:10 UTC 2026","TestPrecision","test_network_parameters","",""
"","0","test_address_prefix[Test for Enjin Matrix]","tests","Sun May 03 09:34:12 UTC 2026","passed","Sun May 03 09:34:12 UTC 2026","TestNetworkPrefix","test_network_parameters","",""
"","0","test_address_prefix[Test for Astar]","tests","Sun May 03 09:33:12 UTC 2026","passed","Sun May 03 09:33:12 UTC 2026","TestNetworkPrefix","test_network_parameters","",""
"","1","test_chainId[Test for Westend (TESTNET)]","tests","Sun May 03 09:33:19 UTC 2026","passed","Sun May 03 09:33:19 UTC 2026","TestChainId","test_network_parameters","",""
"","98","test_rpc_method_is_available[Test for Avail, url: wss://mainnet.avail-rpc.com/]","tests","Sun May 03 09:37:08 UTC 2026","passed","Sun May 03 09:37:08 UTC 2026","","test_rpc_methods_availability","",""
"","130","test_rpc_node_is_synced[Test for Ternoa, url: wss://mainnet.ternoa.network]","tests","Sun May 03 09:36:43 UTC 2026","passed","Sun May 03 09:36:43 UTC 2026","","test_substrate_node_is_synced","",""
"","0","test_precision[Test for Encointer]","tests","Sun May 03 09:33:14 UTC 2026","passed","Sun May 03 09:33:14 UTC 2026","TestPrecision","test_network_parameters","",""
"","0","test_rpc_node_is_synced[Test for Hyperbridge Nexus, url: wss://hyperbridge-nexus-rpc.blockops.network]","tests","Sun May 03 09:38:17 UTC 2026","broken","Sun May 03 09:38:17 UTC 2026","","test_substrate_node_is_synced","",""
"","99","test_rpc_method_is_available[Test for Polkadot People, url: wss://people-polkadot.dotters.network]","tests","Sun May 03 09:32:59 UTC 2026","passed","Sun May 03 09:32:59 UTC 2026","","test_rpc_methods_availability","",""
"","0","test_chainId[Test for Karura]","tests","Sun May 03 09:32:54 UTC 2026","passed","Sun May 03 09:32:54 UTC 2026","TestChainId","test_network_parameters","",""
"","37","test_rpc_node_is_synced[Test for Polkadot People, url: wss://sys.ibp.network/people-polkadot]","tests","Sun May 03 09:33:04 UTC 2026","passed","Sun May 03 09:33:04 UTC 2026","","test_substrate_node_is_synced","",""
"","0","test_can_create_connection[Test for Encointer, url: wss://api.kusama.encointer.org]","tests","Sun May 03 09:34:05 UTC 2026","passed","Sun May 03 09:34:05 UTC 2026","","test_nodes_availability","",""
"","0","test_can_create_connection[Test for Darwinia, url: wss://rpc.darwinia.network]","tests","Sun May 03 09:37:29 UTC 2026","passed","Sun May 03 09:37:29 UTC 2026","","test_nodes_availability","",""
"","11","test_has_new_assets[Test for Kusama People]","tests","Sun May 03 09:32:58 UTC 2026","passed","Sun May 03 09:32:58 UTC 2026","TestAssets","test_check_new_assets","",""
"","36","test_rpc_node_is_synced[Test for Polkadot Relay, url: wss://rpc.ibp.network/polkadot]","tests","Sun May 03 09:33:07 UTC 2026","passed","Sun May 03 09:33:08 UTC 2026","","test_substrate_node_is_synced","",""
"","1","test_chainId[Test for Polkadex]","tests","Sun May 03 09:33:54 UTC 2026","passed","Sun May 03 09:33:54 UTC 2026","TestChainId","test_network_parameters","",""
"","147","test_rpc_node_is_synced[Test for peaq, url: wss://peaq-rpc.publicnode.com]","tests","Sun May 03 09:38:27 UTC 2026","passed","Sun May 03 09:38:27 UTC 2026","","test_substrate_node_is_synced","",""
"","0","test_chainId[Test for Hydration]","tests","Sun May 03 09:33:22 UTC 2026","passed","Sun May 03 09:33:22 UTC 2026","TestChainId","test_network_parameters","",""
"","1","test_precision[Test for Basilisk]","tests","Sun May 03 09:33:10 UTC 2026","passed","Sun May 03 09:33:10 UTC 2026","TestPrecision","test_network_parameters","",""
"","178","test_rpc_method_is_available[Test for Moonbeam, url: wss://wss.api.moonbeam.network]","tests","Sun May 03 09:33:10 UTC 2026","passed","Sun May 03 09:33:10 UTC 2026","","test_rpc_methods_availability","",""
"","150","test_rpc_node_is_synced[Test for Astar, url: wss://astar.public.curie.radiumblock.co/ws]","tests","Sun May 03 09:35:09 UTC 2026","passed","Sun May 03 09:35:10 UTC 2026","","test_substrate_node_is_synced","",""
"","12","test_has_new_assets[Test for Joystream]","tests","Sun May 03 09:34:12 UTC 2026","passed","Sun May 03 09:34:12 UTC 2026","TestAssets","test_check_new_assets","",""
"","1201","test_subquery_is_synced","tests","Sun May 03 09:33:04 UTC 2026","broken","Sun May 03 09:33:06 UTC 2026","","test_subquery_is_synced","",""
"","0","test_chainId[Test for Polymesh]","tests","Sun May 03 09:33:41 UTC 2026","passed","Sun May 03 09:33:41 UTC 2026","TestChainId","test_network_parameters","",""
"","0","test_can_create_connection[Test for Polkadot Asset Hub, url: wss://rpc-assethub.novasama-tech.org]","tests","Sun May 03 09:35:04 UTC 2026","passed","Sun May 03 09:35:04 UTC 2026","","test_nodes_availability","",""
"","138","test_rpc_node_is_synced[Test for Bifrost Polkadot, url: wss://eu.bifrost-polkadot-rpc.liebi.com/ws]","tests","Sun May 03 09:35:40 UTC 2026","passed","Sun May 03 09:35:40 UTC 2026","","test_substrate_node_is_synced","",""
"","104","test_rpc_method_is_available[Test for Aleph Zero, url: wss://ws.azero.dev]","tests","Sun May 03 09:35:26 UTC 2026","passed","Sun May 03 09:35:26 UTC 2026","","test_rpc_methods_availability","",""
"","0","test_address_prefix[Test for Polkadot Asset Hub]","tests","Sun May 03 09:33:09 UTC 2026","passed","Sun May 03 09:33:09 UTC 2026","TestNetworkPrefix","test_network_parameters","",""
"","51","test_rpc_node_is_synced[Test for Polkadot Bridge Hub, url: wss://bridge-hub-polkadot.dotters.network]","tests","Sun May 03 09:37:57 UTC 2026","passed","Sun May 03 09:37:57 UTC 2026","","test_substrate_node_is_synced","",""
"","0","test_precision[Test for DeepBrain]","tests","Sun May 03 09:34:45 UTC 2026","broken","Sun May 03 09:34:45 UTC 2026","TestPrecision","test_network_parameters","",""
"","0","test_address_prefix[Test for Tangle]","tests","Sun May 03 09:35:03 UTC 2026","broken","Sun May 03 09:35:03 UTC 2026","TestNetworkPrefix","test_network_parameters","",""
"","0","test_chainId[Test for Polkadot People]","tests","Sun May 03 09:32:49 UTC 2026","passed","Sun May 03 09:32:49 UTC 2026","TestChainId","test_network_parameters","",""
"","101","test_rpc_method_is_available[Test for Acurast, url: wss://public-archive.mainnet.acurast.com]","tests","Sun May 03 09:37:48 UTC 2026","passed","Sun May 03 09:37:48 UTC 2026","","test_rpc_methods_availability","",""
"","0","test_can_create_connection[Test for Kusama People, url: wss://ksm-rpc.stakeworld.io/people]","tests","Sun May 03 09:34:00 UTC 2026","passed","Sun May 03 09:34:00 UTC 2026","","test_nodes_availability","",""
"","119","test_rpc_method_is_available[Test for Bifrost Polkadot, url: wss://eu.bifrost-polkadot-rpc.liebi.com/ws]","tests","Sun May 03 09:35:31 UTC 2026","passed","Sun May 03 09:35:31 UTC 2026","","test_rpc_methods_availability","",""
"","106","test_rpc_method_is_available[Test for Kusama Relay, url: wss://kusama.dotters.network]","tests","Sun May 03 09:33:18 UTC 2026","passed","Sun May 03 09:33:18 UTC 2026","","test_rpc_methods_availability","",""
"","0","test_rpc_node_is_synced[Test for Polkadot Bridge Hub, url: wss://sys.ibp.network/bridgehub-polkadot]","tests","Sun May 03 09:37:38 UTC 2026","broken","Sun May 03 09:37:38 UTC 2026","","test_substrate_node_is_synced","",""
"","11","test_has_new_assets[Test for Creditcoin]","tests","Sun May 03 09:34:37 UTC 2026","passed","Sun May 03 09:34:37 UTC 2026","TestAssets","test_check_new_assets","",""
"","0","test_precision[Test for Phala]","tests","Sun May 03 09:34:16 UTC 2026","broken","Sun May 03 09:34:16 UTC 2026","TestPrecision","test_network_parameters","",""
"","136","test_rpc_node_is_synced[Test for Basilisk, url: wss://basilisk-rpc.n.dwellir.com]","tests","Sun May 03 09:35:13 UTC 2026","passed","Sun May 03 09:35:14 UTC 2026","","test_substrate_node_is_synced","",""
"","1","test_precision[Test for Polkadot Bridge Hub]","tests","Sun May 03 09:33:59 UTC 2026","passed","Sun May 03 09:33:59 UTC 2026","TestPrecision","test_network_parameters","",""
"","0","test_can_create_connection[Test for Acala, url: wss://acala-rpc-2.aca-api.network/ws]","tests","Sun May 03 09:33:51 UTC 2026","passed","Sun May 03 09:33:51 UTC 2026","","test_nodes_availability","",""
"","50","test_rpc_node_is_synced[Test for Kusama Coretime, url: wss://rpc-coretime-kusama.luckyfriday.io]","tests","Sun May 03 09:38:42 UTC 2026","passed","Sun May 03 09:38:43 UTC 2026","","test_substrate_node_is_synced","",""
"","101","test_rpc_method_is_available[Test for Hydration, url: wss://rpc-hydra.novasama-tech.org]","tests","Sun May 03 09:34:33 UTC 2026","passed","Sun May 03 09:34:33 UTC 2026","","test_rpc_methods_availability","",""
"","0","test_chainId[Test for Avail]","tests","Sun May 03 09:35:29 UTC 2026","passed","Sun May 03 09:35:29 UTC 2026","TestChainId","test_network_parameters","",""
"","10","test_has_new_assets[Test for Darwinia]","tests","Sun May 03 09:33:50 UTC 2026","passed","Sun May 03 09:33:50 UTC 2026","TestAssets","test_check_new_assets","",""
"","0","test_chainId[Test for Kusama Relay]","tests","Sun May 03 09:33:14 UTC 2026","passed","Sun May 03 09:33:14 UTC 2026","TestChainId","test_network_parameters","",""
"","115","test_rpc_method_is_available[Test for Crust Shadow, url: wss://rpc-shadow.crust.network/]","tests","Sun May 03 09:34:18 UTC 2026","passed","Sun May 03 09:34:18 UTC 2026","","test_rpc_methods_availability","",""
"","105","test_rpc_method_is_available[Test for Interlay, url: wss://api.interlay.io/parachain]","tests","Sun May 03 09:33:59 UTC 2026","passed","Sun May 03 09:33:59 UTC 2026","","test_rpc_methods_availability","",""
"","0","test_address_prefix[Test for Ternoa]","tests","Sun May 03 09:33:28 UTC 2026","passed","Sun May 03 09:33:28 UTC 2026","TestNetworkPrefix","test_network_parameters","",""
"","114","test_rpc_method_is_available[Test for Kintsugi, url: wss://api-kusama.interlay.io/parachain]","tests","Sun May 03 09:33:57 UTC 2026","passed","Sun May 03 09:33:57 UTC 2026","","test_rpc_methods_availability","",""
"","0","test_can_create_connection[Test for Curio, url: wss://parachain.curioinvest.com/]","tests","Sun May 03 09:37:56 UTC 2026","broken","Sun May 03 09:37:56 UTC 2026","","test_nodes_availability","",""
"","0","test_can_create_connection[Test for XX network, url: wss://rpc-hetzner.xx.network]","tests","Sun May 03 09:36:58 UTC 2026","passed","Sun May 03 09:36:58 UTC 2026","","test_nodes_availability","",""
"","1","test_address_prefix[Test for Enjin Relay]","tests","Sun May 03 09:34:23 UTC 2026","passed","Sun May 03 09:34:23 UTC 2026","TestNetworkPrefix","test_network_parameters","",""
"","103","test_rpc_method_is_available[Test for Kusama Bridge Hub, url: wss://ksm-rpc.stakeworld.io/bridgehub]","tests","Sun May 03 09:36:23 UTC 2026","passed","Sun May 03 09:36:23 UTC 2026","","test_rpc_methods_availability","",""
"","53","test_rpc_node_is_synced[Test for Polkadot Relay, url: wss://dot-rpc.stakeworld.io]","tests","Sun May 03 09:33:22 UTC 2026","passed","Sun May 03 09:33:22 UTC 2026","","test_substrate_node_is_synced","",""
"","0","test_precision[Test for Polkadot People]","tests","Sun May 03 09:32:55 UTC 2026","passed","Sun May 03 09:32:55 UTC 2026","TestPrecision","test_network_parameters","",""
"","0","test_can_create_connection[Test for Kusama Coretime, url: wss://ksm-rpc.stakeworld.io/coretime]","tests","Sun May 03 09:39:11 UTC 2026","passed","Sun May 03 09:39:11 UTC 2026","","test_nodes_availability","",""
"","0","test_rpc_method_is_available[Test for Bifrost Polkadot, url: wss://bifrost-polkadot.dotters.network]","tests","Sun May 03 09:35:15 UTC 2026","broken","Sun May 03 09:35:15 UTC 2026","","test_rpc_methods_availability","",""
"","0","test_can_create_connection[Test for UNIQUE, url: wss://unique.dotters.network]","tests","Sun May 03 09:36:23 UTC 2026","broken","Sun May 03 09:36:23 UTC 2026","","test_nodes_availability","",""
"","0","test_precision[Test for Astar]","tests","Sun May 03 09:33:36 UTC 2026","passed","Sun May 03 09:33:36 UTC 2026","TestPrecision","test_network_parameters","",""
"","0","test_precision[Test for Moonbeam]","tests","Sun May 03 09:33:04 UTC 2026","passed","Sun May 03 09:33:04 UTC 2026","TestPrecision","test_network_parameters","",""
"","142","test_rpc_method_is_available[Test for Darwinia, url: wss://rpc.darwinia.network]","tests","Sun May 03 09:36:47 UTC 2026","passed","Sun May 03 09:36:47 UTC 2026","","test_rpc_methods_availability","",""
"","331","test_rpc_node_is_synced[Test for Acala, url: wss://acala-rpc-1.aca-api.network]","tests","Sun May 03 09:36:07 UTC 2026","passed","Sun May 03 09:36:07 UTC 2026","","test_substrate_node_is_synced","",""
"","100","test_rpc_method_is_available[Test for Altair, url: wss://altair.api.onfinality.io/public-ws]","tests","Sun May 03 09:35:15 UTC 2026","passed","Sun May 03 09:35:15 UTC 2026","","test_rpc_methods_availability","",""
"","1","test_can_create_connection[Test for Heima, url: wss://heima-rpc.n.dwellir.com]","tests","Sun May 03 09:36:00 UTC 2026","passed","Sun May 03 09:36:00 UTC 2026","","test_nodes_availability","",""
"","222","test_rpc_node_is_synced[Test for JAMTON, url: wss://rpc.jamton.network]","tests","Sun May 03 09:38:22 UTC 2026","passed","Sun May 03 09:38:23 UTC 2026","","test_substrate_node_is_synced","",""
"","0","test_chainId[Test for peaq]","tests","Sun May 03 09:34:44 UTC 2026","passed","Sun May 03 09:34:44 UTC 2026","TestChainId","test_network_parameters","",""
"","0","test_precision[Test for Kusama Asset Hub]","tests","Sun May 03 09:33:11 UTC 2026","passed","Sun May 03 09:33:11 UTC 2026","TestPrecision","test_network_parameters","",""
"","7","test_has_new_assets[Test for Acurast]","tests","Sun May 03 09:34:57 UTC 2026","passed","Sun May 03 09:34:57 UTC 2026","TestAssets","test_check_new_assets","",""
"","333","test_rpc_node_is_synced[Test for Acala, url: wss://acala-rpc-2.aca-api.network/ws]","tests","Sun May 03 09:34:42 UTC 2026","passed","Sun May 03 09:34:42 UTC 2026","","test_substrate_node_is_synced","",""
"","157","test_rpc_node_is_synced[Test for Mythos, url: wss://mythos-rpc.dmarket.com]","tests","Sun May 03 09:37:45 UTC 2026","passed","Sun May 03 09:37:45 UTC 2026","","test_substrate_node_is_synced","",""
"","0","test_can_create_connection[Test for Energy Web X, url: wss://public-rpc.mainnet.energywebx.com/]","tests","Sun May 03 09:37:45 UTC 2026","passed","Sun May 03 09:37:45 UTC 2026","","test_nodes_availability","",""
"","0","test_rpc_method_is_available[Test for Acala, url: wss://acala-rpc.n.dwellir.com]","tests","Sun May 03 09:34:03 UTC 2026","broken","Sun May 03 09:34:03 UTC 2026","","test_rpc_methods_availability","",""
"","102","test_rpc_method_is_available[Test for Kusama Relay, url: wss://rpc-kusama-1.novasama-tech.org]","tests","Sun May 03 09:33:37 UTC 2026","passed","Sun May 03 09:33:37 UTC 2026","","test_rpc_methods_availability","",""
"","10","test_has_new_assets[Test for Enjin Relay]","tests","Sun May 03 09:34:16 UTC 2026","passed","Sun May 03 09:34:16 UTC 2026","TestAssets","test_check_new_assets","",""
"","0","test_can_create_connection[Test for Crab, url: wss://crab-rpc.darwinia.network/]","tests","Sun May 03 09:37:09 UTC 2026","broken","Sun May 03 09:37:09 UTC 2026","","test_nodes_availability","",""
"","1","test_precision[Test for Enjin Matrix]","tests","Sun May 03 09:34:05 UTC 2026","passed","Sun May 03 09:34:05 UTC 2026","TestPrecision","test_network_parameters","",""
"","335","test_rpc_node_is_synced[Test for Acala, url: wss://acala-rpc-3.aca-api.network/ws]","tests","Sun May 03 09:34:45 UTC 2026","passed","Sun May 03 09:34:46 UTC 2026","","test_substrate_node_is_synced","",""
"","1","test_can_create_connection[Test for Kusama Coretime, url: wss://kusama-coretime-rpc.polkadot.io]","tests","Sun May 03 09:39:08 UTC 2026","passed","Sun May 03 09:39:08 UTC 2026","","test_nodes_availability","",""
"","0","test_can_create_connection[Test for Moonbeam, url: wss://wss.api.moonbeam.network]","tests","Sun May 03 09:33:10 UTC 2026","passed","Sun May 03 09:33:10 UTC 2026","","test_nodes_availability","",""
"","1","test_precision[Test for Interlay]","tests","Sun May 03 09:33:25 UTC 2026","passed","Sun May 03 09:33:25 UTC 2026","TestPrecision","test_network_parameters","",""
"","12","test_has_new_assets[Test for Hydration]","tests","Sun May 03 09:33:22 UTC 2026","passed","Sun May 03 09:33:22 UTC 2026","TestAssets","test_check_new_assets","",""
"","36","test_rpc_node_is_synced[Test for Kusama Bridge Hub, url: wss://sys.ibp.network/bridgehub-kusama]","tests","Sun May 03 09:38:05 UTC 2026","passed","Sun May 03 09:38:05 UTC 2026","","test_substrate_node_is_synced","",""
"","1","test_precision[Test for Polkadot Collectives]","tests","Sun May 03 09:34:01 UTC 2026","passed","Sun May 03 09:34:01 UTC 2026","TestPrecision","test_network_parameters","",""
"","1","test_address_prefix[Test for Kusama Relay]","tests","Sun May 03 09:32:59 UTC 2026","passed","Sun May 03 09:32:59 UTC 2026","TestNetworkPrefix","test_network_parameters","",""
"","0","test_address_prefix[Test for Bifrost Polkadot]","tests","Sun May 03 09:33:51 UTC 2026","passed","Sun May 03 09:33:51 UTC 2026","TestNetworkPrefix","test_network_parameters","",""
"","51","test_rpc_node_is_synced[Test for Polkadot Asset Hub, url: wss://asset-hub-polkadot.dotters.network]","tests","Sun May 03 09:36:33 UTC 2026","passed","Sun May 03 09:36:33 UTC 2026","","test_substrate_node_is_synced","",""
"","52","test_rpc_node_is_synced[Test for Polkadot People, url: wss://rpc-people-polkadot.luckyfriday.io]","tests","Sun May 03 09:33:10 UTC 2026","passed","Sun May 03 09:33:10 UTC 2026","","test_substrate_node_is_synced","",""
"","1","test_chainId[Test for Polkadot Asset Hub]","tests","Sun May 03 09:33:02 UTC 2026","passed","Sun May 03 09:33:02 UTC 2026","TestChainId","test_network_parameters","",""
"","0","test_can_create_connection[Test for Kusama Relay, url: wss://apps-kusama-rpc.polkadot.io]","tests","Sun May 03 09:34:05 UTC 2026","passed","Sun May 03 09:34:05 UTC 2026","","test_nodes_availability","",""
"","0","test_can_create_connection[Test for Curio, url: wss://archive.parachain.curioinvest.com]","tests","Sun May 03 09:37:57 UTC 2026","broken","Sun May 03 09:37:57 UTC 2026","","test_nodes_availability","",""
"","0","test_can_create_connection[Test for Crust Shadow, url: wss://rpc-shadow.crust.network/]","tests","Sun May 03 09:34:32 UTC 2026","passed","Sun May 03 09:34:32 UTC 2026","","test_nodes_availability","",""
"","0","test_address_prefix[Test for Polkadot People]","tests","Sun May 03 09:32:53 UTC 2026","passed","Sun May 03 09:32:53 UTC 2026","TestNetworkPrefix","test_network_parameters","",""
"","0","test_rpc_node_is_synced[Test for UNIQUE, url: wss://unique.ibp.network]","tests","Sun May 03 09:36:15 UTC 2026","broken","Sun May 03 09:36:15 UTC 2026","","test_substrate_node_is_synced","",""
"","0","test_precision[Test for Robonomics]","tests","Sun May 03 09:33:12 UTC 2026","passed","Sun May 03 09:33:12 UTC 2026","TestPrecision","test_network_parameters","",""
"","1","test_address_prefix[Test for Creditcoin]","tests","Sun May 03 09:34:40 UTC 2026","passed","Sun May 03 09:34:40 UTC 2026","TestNetworkPrefix","test_network_parameters","",""
"","0","test_precision[Test for Pendulum]","tests","Sun May 03 09:33:35 UTC 2026","passed","Sun May 03 09:33:35 UTC 2026","TestPrecision","test_network_parameters","",""
"","158","test_has_new_assets[Test for Moonriver]","tests","Sun May 03 09:32:54 UTC 2026","passed","Sun May 03 09:32:55 UTC 2026","TestAssets","test_check_new_assets","",""
"","105","test_rpc_method_is_available[Test for Polymesh, url: wss://mainnet-rpc.polymesh.network]","tests","Sun May 03 09:35:43 UTC 2026","passed","Sun May 03 09:35:43 UTC 2026","","test_rpc_methods_availability","",""
"","99","test_rpc_method_is_available[Test for XX network, url: wss://rpc-hetzner.xx.network]","tests","Sun May 03 09:36:17 UTC 2026","passed","Sun May 03 09:36:17 UTC 2026","","test_rpc_methods_availability","",""
"","0","test_can_create_connection[Test for Polkadot People, url: wss://sys.ibp.network/people-polkadot]","tests","Sun May 03 09:33:17 UTC 2026","passed","Sun May 03 09:33:17 UTC 2026","","test_nodes_availability","",""
"","11","test_has_new_assets[Test for Humanode]","tests","Sun May 03 09:34:38 UTC 2026","passed","Sun May 03 09:34:38 UTC 2026","TestAssets","test_check_new_assets","",""
"","0","test_can_create_connection[Test for Interlay, url: wss://rpc-interlay.luckyfriday.io/]","tests","Sun May 03 09:35:40 UTC 2026","passed","Sun May 03 09:35:40 UTC 2026","","test_nodes_availability","",""
"","1","test_chainId[Test for Kusama Asset Hub]","tests","Sun May 03 09:33:23 UTC 2026","passed","Sun May 03 09:33:23 UTC 2026","TestChainId","test_network_parameters","",""
"","0","test_chainId[Test for Humanode]","tests","Sun May 03 09:34:39 UTC 2026","passed","Sun May 03 09:34:39 UTC 2026","TestChainId","test_network_parameters","",""
"","0","test_address_prefix[Test for Interlay]","tests","Sun May 03 09:33:28 UTC 2026","passed","Sun May 03 09:33:28 UTC 2026","TestNetworkPrefix","test_network_parameters","",""
"","0","test_precision[Test for Curio]","tests","Sun May 03 09:34:22 UTC 2026","broken","Sun May 03 09:34:22 UTC 2026","TestPrecision","test_network_parameters","",""
"","1","test_address_prefix[Test for Joystream]","tests","Sun May 03 09:34:18 UTC 2026","passed","Sun May 03 09:34:18 UTC 2026","TestNetworkPrefix","test_network_parameters","",""
"","155","test_rpc_method_is_available[Test for Polkadot Relay, url: wss://rpc-polkadot-2.novasama-tech.org]","tests","Sun May 03 09:32:56 UTC 2026","passed","Sun May 03 09:32:56 UTC 2026","","test_rpc_methods_availability","",""
"","100","test_rpc_method_is_available[Test for Kusama Coretime, url: wss://ksm-rpc.stakeworld.io/coretime]","tests","Sun May 03 09:38:22 UTC 2026","passed","Sun May 03 09:38:22 UTC 2026","","test_rpc_methods_availability","",""
"","7","test_has_new_assets[Test for Centrifuge Parachain]","tests","Sun May 03 09:33:17 UTC 2026","passed","Sun May 03 09:33:17 UTC 2026","TestAssets","test_check_new_assets","",""
"","0","test_can_create_connection[Test for CC Enterprise, url: wss://mainnet.creditcoin.network/ws]","tests","Sun May 03 09:38:30 UTC 2026","passed","Sun May 03 09:38:30 UTC 2026","","test_nodes_availability","",""
"","0","test_can_create_connection[Test for Shiden, url: wss://shiden-rpc.n.dwellir.com]","tests","Sun May 03 09:34:43 UTC 2026","passed","Sun May 03 09:34:43 UTC 2026","","test_nodes_availability","",""
"","0","test_chainId[Test for DeepBrain]","tests","Sun May 03 09:34:50 UTC 2026","broken","Sun May 03 09:34:50 UTC 2026","TestChainId","test_network_parameters","",""
"","0","test_rpc_node_is_synced[Test for QUARTZ, url: wss://us-ws-quartz.unique.network]","tests","Sun May 03 09:35:57 UTC 2026","broken","Sun May 03 09:35:57 UTC 2026","","test_substrate_node_is_synced","",""
"","53","test_rpc_node_is_synced[Test for Kreivo, url: wss://kreivo.kippu.rocks/]","tests","Sun May 03 09:37:37 UTC 2026","passed","Sun May 03 09:37:37 UTC 2026","","test_substrate_node_is_synced","",""
"","1","test_chainId[Test for Enjin Relay]","tests","Sun May 03 09:34:23 UTC 2026","passed","Sun May 03 09:34:23 UTC 2026","TestChainId","test_network_parameters","",""
"","0","test_precision[Test for JAMTON]","tests","Sun May 03 09:34:50 UTC 2026","passed","Sun May 03 09:34:50 UTC 2026","TestPrecision","test_network_parameters","",""
"","126","test_rpc_method_is_available[Test for Polkadot People, url: wss://polkadot-people-rpc.polkadot.io]","tests","Sun May 03 09:32:53 UTC 2026","passed","Sun May 03 09:32:54 UTC 2026","","test_rpc_methods_availability","",""
"","7","test_has_new_assets[Test for Avail]","tests","Sun May 03 09:35:28 UTC 2026","passed","Sun May 03 09:35:28 UTC 2026","TestAssets","test_check_new_assets","",""
"","156","test_rpc_node_is_synced[Test for Kusama People, url: wss://ksm-rpc.stakeworld.io/people]","tests","Sun May 03 09:34:10 UTC 2026","passed","Sun May 03 09:34:10 UTC 2026","","test_substrate_node_is_synced","",""
"","0","test_can_create_connection[Test for DAO IPCI, url: wss://ipci.rpc.robonomics.network]","tests","Sun May 03 09:36:47 UTC 2026","passed","Sun May 03 09:36:47 UTC 2026","","test_nodes_availability","",""
"","0","test_precision[Test for Kusama Bridge Hub]","tests","Sun May 03 09:34:01 UTC 2026","passed","Sun May 03 09:34:01 UTC 2026","TestPrecision","test_network_parameters","",""
"","9","test_has_new_assets[Test for Polkadot Asset Hub]","tests","Sun May 03 09:33:10 UTC 2026","passed","Sun May 03 09:33:10 UTC 2026","TestAssets","test_check_new_assets","",""
"","107","test_rpc_method_is_available[Test for Polkadot Relay, url: wss://rpc-polkadot.luckyfriday.io]","tests","Sun May 03 09:33:32 UTC 2026","passed","Sun May 03 09:33:32 UTC 2026","","test_rpc_methods_availability","",""
"","1","test_can_create_connection[Test for Zeitgeist, url: wss://zeitgeist.api.onfinality.io/public-ws]","tests","Sun May 03 09:34:16 UTC 2026","passed","Sun May 03 09:34:16 UTC 2026","","test_nodes_availability","",""
"","136","test_rpc_method_is_available[Test for UNIQUE, url: wss://asia-ws.unique.network/]","tests","Sun May 03 09:36:00 UTC 2026","passed","Sun May 03 09:36:00 UTC 2026","","test_rpc_methods_availability","",""
"","0","test_rpc_method_is_available[Test for Curio, url: wss://parachain.curioinvest.com/]","tests","Sun May 03 09:36:57 UTC 2026","broken","Sun May 03 09:36:57 UTC 2026","","test_rpc_methods_availability","",""
"","97","test_rpc_method_is_available[Test for Kreivo, url: wss://kreivo.kippu.rocks/]","tests","Sun May 03 09:36:57 UTC 2026","passed","Sun May 03 09:36:57 UTC 2026","","test_rpc_methods_availability","",""
"","279","test_rpc_node_is_synced[Test for DENTNet, url: wss://rpc.dentnet.io/ws]","tests","Sun May 03 09:38:07 UTC 2026","passed","Sun May 03 09:38:07 UTC 2026","","test_substrate_node_is_synced","",""
"","7","test_has_new_assets[Test for Bifrost Polkadot]","tests","Sun May 03 09:33:51 UTC 2026","passed","Sun May 03 09:33:51 UTC 2026","TestAssets","test_check_new_assets","",""
"","36","test_rpc_node_is_synced[Test for Polkadot Collectives, url: wss://sys.ibp.network/collectives-polkadot]","tests","Sun May 03 09:37:10 UTC 2026","passed","Sun May 03 09:37:10 UTC 2026","","test_substrate_node_is_synced","",""
"","1","test_can_create_connection[Test for krest, url: wss://krest.api.onfinality.io/public-ws']","tests","Sun May 03 09:37:40 UTC 2026","passed","Sun May 03 09:37:40 UTC 2026","","test_nodes_availability","",""
"","1","test_address_prefix[Test for CC Enterprise]","tests","Sun May 03 09:34:39 UTC 2026","passed","Sun May 03 09:34:39 UTC 2026","TestNetworkPrefix","test_network_parameters","",""
"","0","test_can_create_connection[Test for UNIQUE, url: wss://eu-ws.unique.network/]","tests","Sun May 03 09:36:06 UTC 2026","passed","Sun May 03 09:36:06 UTC 2026","","test_nodes_availability","",""
"","0","test_rpc_node_is_synced[Test for Amplitude, url: wss://rpc-amplitude.pendulumchain.tech]","tests","Sun May 03 09:36:38 UTC 2026","broken","Sun May 03 09:36:38 UTC 2026","","test_substrate_node_is_synced","",""
"","175","test_rpc_node_is_synced[Test for XX network, url: wss://rpc-hetzner.xx.network]","tests","Sun May 03 09:37:03 UTC 2026","passed","Sun May 03 09:37:03 UTC 2026","","test_substrate_node_is_synced","",""
"","0","test_chainId[Test for Crust Polkadot Parachain]","tests","Sun May 03 09:33:34 UTC 2026","passed","Sun May 03 09:33:34 UTC 2026","TestChainId","test_network_parameters","",""
"","0","test_precision[Test for Zeitgeist]","tests","Sun May 03 09:33:22 UTC 2026","passed","Sun May 03 09:33:22 UTC 2026","TestPrecision","test_network_parameters","",""
"","132","test_rpc_node_is_synced[Test for Bifrost Kusama, url: wss://us.bifrost-rpc.liebi.com/ws]","tests","Sun May 03 09:35:09 UTC 2026","passed","Sun May 03 09:35:09 UTC 2026","","test_substrate_node_is_synced","",""
"","0","test_can_create_connection[Test for Bittensor, url: wss://bittensor-finney.api.onfinality.io/public-ws]","tests","Sun May 03 09:36:40 UTC 2026","passed","Sun May 03 09:36:40 UTC 2026","","test_nodes_availability","",""
"","150","test_rpc_node_is_synced[Test for Interlay, url: wss://api.interlay.io/parachain]","tests","Sun May 03 09:34:15 UTC 2026","passed","Sun May 03 09:34:15 UTC 2026","","test_substrate_node_is_synced","",""
"","176","test_rpc_method_is_available[Test for Polkadot Coretime, url: wss://coretime-polkadot.dotters.network]","tests","Sun May 03 09:37:36 UTC 2026","passed","Sun May 03 09:37:36 UTC 2026","","test_rpc_methods_availability","",""
"","10","test_has_new_assets[Test for CC Enterprise]","tests","Sun May 03 09:34:34 UTC 2026","passed","Sun May 03 09:34:34 UTC 2026","TestAssets","test_check_new_assets","",""
"","1595","test_rpc_method_is_available[Test for Zeitgeist, url: wss://zeitgeist.api.onfinality.io/public-ws]","tests","Sun May 03 09:34:00 UTC 2026","passed","Sun May 03 09:34:01 UTC 2026","","test_rpc_methods_availability","",""
"","111","test_rpc_method_is_available[Test for Astar, url: wss://astar.public.curie.radiumblock.co/ws]","tests","Sun May 03 09:34:24 UTC 2026","passed","Sun May 03 09:34:24 UTC 2026","","test_rpc_methods_availability","",""
"","0","test_address_prefix[Test for Kusama Bridge Hub]","tests","Sun May 03 09:34:11 UTC 2026","passed","Sun May 03 09:34:11 UTC 2026","TestNetworkPrefix","test_network_parameters","",""
"","155","test_rpc_node_is_synced[Test for Polkadex, url: wss://so.polkadex.ee]","tests","Sun May 03 09:35:46 UTC 2026","passed","Sun May 03 09:35:46 UTC 2026","","test_substrate_node_is_synced","",""
"","99","test_rpc_method_is_available[Test for Enjin Relay, url: wss://rpc.relay.blockchain.enjin.io]","tests","Sun May 03 09:36:49 UTC 2026","passed","Sun May 03 09:36:49 UTC 2026","","test_rpc_methods_availability","",""
"","0","test_rpc_node_is_synced[Test for 3DPass, url: wss://rpc.3dpass.org]","tests","Sun May 03 09:36:47 UTC 2026","broken","Sun May 03 09:36:47 UTC 2026","","test_substrate_node_is_synced","",""
"","0","test_address_prefix[Test for Polymesh]","tests","Sun May 03 09:33:31 UTC 2026","passed","Sun May 03 09:33:31 UTC 2026","TestNetworkPrefix","test_network_parameters","",""
"","7","test_has_new_assets[Test for Vara]","tests","Sun May 03 09:33:54 UTC 2026","passed","Sun May 03 09:33:54 UTC 2026","TestAssets","test_check_new_assets","",""
"","0","test_can_create_connection[Test for Polkadot Collectives, url: wss://collectives-polkadot.dotters.network]","tests","Sun May 03 09:38:32 UTC 2026","passed","Sun May 03 09:38:32 UTC 2026","","test_nodes_availability","",""
"","0","test_can_create_connection[Test for Polkadot Relay, url: wss://rpc.ibp.network/polkadot]","tests","Sun May 03 09:32:59 UTC 2026","passed","Sun May 03 09:32:59 UTC 2026","","test_nodes_availability","",""
"","0","test_chainId[Test for Manta Atlantic]","tests","Sun May 03 09:34:19 UTC 2026","passed","Sun May 03 09:34:19 UTC 2026","TestChainId","test_network_parameters","",""
"","0","test_precision[Test for Polkadot Relay]","tests","Sun May 03 09:32:56 UTC 2026","passed","Sun May 03 09:32:56 UTC 2026","TestPrecision","test_network_parameters","",""
"","100","test_rpc_method_is_available[Test for Phala, url: wss://phala.public.curie.radiumblock.co/ws]","tests","Sun May 03 09:35:24 UTC 2026","passed","Sun May 03 09:35:24 UTC 2026","","test_rpc_methods_availability","",""
"","145","test_rpc_method_is_available[Test for Acala, url: wss://acala-rpc-1.aca-api.network]","tests","Sun May 03 09:35:56 UTC 2026","passed","Sun May 03 09:35:57 UTC 2026","","test_rpc_methods_availability","",""
"","0","test_address_prefix[Test for Kusama People]","tests","Sun May 03 09:32:56 UTC 2026","passed","Sun May 03 09:32:56 UTC 2026","TestNetworkPrefix","test_network_parameters","",""
"","0","test_address_prefix[Test for Polkadot Collectives]","tests","Sun May 03 09:34:07 UTC 2026","passed","Sun May 03 09:34:07 UTC 2026","TestNetworkPrefix","test_network_parameters","",""
"","0","test_chainId[Test for Shiden]","tests","Sun May 03 09:32:53 UTC 2026","passed","Sun May 03 09:32:53 UTC 2026","TestChainId","test_network_parameters","",""
"","0","test_can_create_connection[Test for Ajuna, url: wss://rpc-para.ajuna.network]","tests","Sun May 03 09:36:48 UTC 2026","passed","Sun May 03 09:36:48 UTC 2026","","test_nodes_availability","",""
"","167","test_rpc_node_is_synced[Test for Polkadot Relay, url: wss://rpc-polkadot-1.novasama-tech.org]","tests","Sun May 03 09:32:56 UTC 2026","passed","Sun May 03 09:32:56 UTC 2026","","test_substrate_node_is_synced","",""
"","0","test_can_create_connection[Test for Kusama Relay, url: wss://1rpc.io/ksm]","tests","Sun May 03 09:34:17 UTC 2026","passed","Sun May 03 09:34:17 UTC 2026","","test_nodes_availability","",""
"","139","test_rpc_node_is_synced[Test for Kusama Coretime, url: wss://kusama-coretime-rpc.polkadot.io]","tests","Sun May 03 09:38:41 UTC 2026","passed","Sun May 03 09:38:41 UTC 2026","","test_substrate_node_is_synced","",""
"","159","test_rpc_method_is_available[Test for UNIQUE, url: wss://eu-ws.unique.network/]","tests","Sun May 03 09:35:47 UTC 2026","passed","Sun May 03 09:35:47 UTC 2026","","test_rpc_methods_availability","",""
"","0","test_can_create_connection[Test for Heima, url: wss://rpc.litentry-parachain.litentry.io]","tests","Sun May 03 09:35:53 UTC 2026","passed","Sun May 03 09:35:53 UTC 2026","","test_nodes_availability","",""
"","139","test_rpc_method_is_available[Test for Shiden, url: wss://shiden.public.curie.radiumblock.co/ws]","tests","Sun May 03 09:34:45 UTC 2026","passed","Sun May 03 09:34:45 UTC 2026","","test_rpc_methods_availability","",""
"","0","test_chainId[Test for Tanssi]","tests","Sun May 03 09:34:58 UTC 2026","passed","Sun May 03 09:34:58 UTC 2026","TestChainId","test_network_parameters","",""
"","164","test_rpc_node_is_synced[Test for Polkadot Relay, url: wss://apps-rpc.polkadot.io]","tests","Sun May 03 09:33:18 UTC 2026","passed","Sun May 03 09:33:19 UTC 2026","","test_substrate_node_is_synced","",""
"","37","test_rpc_node_is_synced[Test for Encointer, url: wss://sys.ibp.network/encointer-kusama]","tests","Sun May 03 09:37:23 UTC 2026","passed","Sun May 03 09:37:23 UTC 2026","","test_substrate_node_is_synced","",""
"","0","test_can_create_connection[Test for NeuroWeb, url: wss://parachain-rpc.origin-trail.network]","tests","Sun May 03 09:37:30 UTC 2026","passed","Sun May 03 09:37:30 UTC 2026","","test_nodes_availability","",""
"","0","test_chainId[Test for Ternoa]","tests","Sun May 03 09:33:37 UTC 2026","passed","Sun May 03 09:33:37 UTC 2026","TestChainId","test_network_parameters","",""
"","50","test_rpc_node_is_synced[Test for GIANT, url: wss://rpc-anchor-1-mainnet-az-ue1.giantprotocol.org:443]","tests","Sun May 03 09:36:58 UTC 2026","passed","Sun May 03 09:36:58 UTC 2026","","test_substrate_node_is_synced","",""
"","11","test_has_new_assets[Test for Polymesh]","tests","Sun May 03 09:33:35 UTC 2026","passed","Sun May 03 09:33:35 UTC 2026","TestAssets","test_check_new_assets","",""
"","0","test_address_prefix[Test for Tanssi]","tests","Sun May 03 09:35:04 UTC 2026","passed","Sun May 03 09:35:04 UTC 2026","TestNetworkPrefix","test_network_parameters","",""
"","102","test_rpc_method_is_available[Test for Basilisk, url: wss://rpc.basilisk.cloud]","tests","Sun May 03 09:35:10 UTC 2026","passed","Sun May 03 09:35:10 UTC 2026","","test_rpc_methods_availability","",""
"","50","test_rpc_node_is_synced[Test for Polkadot Coretime, url: wss://rpc-coretime-polkadot.luckyfriday.io]","tests","Sun May 03 09:38:40 UTC 2026","passed","Sun May 03 09:38:40 UTC 2026","","test_substrate_node_is_synced","",""
"","159","test_rpc_node_is_synced[Test for Moonriver, url: wss://moonriver-rpc.publicnode.com]","tests","Sun May 03 09:33:45 UTC 2026","passed","Sun May 03 09:33:45 UTC 2026","","test_substrate_node_is_synced","",""
"","0","test_rpc_node_is_synced[Test for Polkadot Asset Hub, url: wss://sys.ibp.network/asset-hub-polkadot]","tests","Sun May 03 09:36:14 UTC 2026","broken","Sun May 03 09:36:14 UTC 2026","","test_substrate_node_is_synced","",""
"","144","test_rpc_node_is_synced[Test for Kusama Relay, url: wss://apps-kusama-rpc.polkadot.io]","tests","Sun May 03 09:33:14 UTC 2026","passed","Sun May 03 09:33:14 UTC 2026","","test_substrate_node_is_synced","",""
"","0","test_rpc_method_is_available[Test for 3DPass, url: wss://rpc.3dpass.org]","tests","Sun May 03 09:36:38 UTC 2026","broken","Sun May 03 09:36:38 UTC 2026","","test_rpc_methods_availability","",""
"","137","test_rpc_method_is_available[Test for Karura, url: wss://karura-rpc-3.aca-api.network/ws]","tests","Sun May 03 09:33:01 UTC 2026","passed","Sun May 03 09:33:01 UTC 2026","","test_rpc_methods_availability","",""
"","7","test_has_new_assets[Test for JAMTON]","tests","Sun May 03 09:34:54 UTC 2026","passed","Sun May 03 09:34:54 UTC 2026","TestAssets","test_check_new_assets","",""
"","0","test_can_create_connection[Test for Kusama Coretime, url: wss://rpc-coretime-kusama.luckyfriday.io]","tests","Sun May 03 09:39:04 UTC 2026","passed","Sun May 03 09:39:04 UTC 2026","","test_nodes_availability","",""
"","0","test_can_create_connection[Test for Hydration, url: wss://rpc.hydradx.cloud]","tests","Sun May 03 09:35:01 UTC 2026","passed","Sun May 03 09:35:01 UTC 2026","","test_nodes_availability","",""
"","0","test_rpc_node_is_synced[Test for Ajuna, url: wss://ajuna.ibp.network]","tests","Sun May 03 09:36:24 UTC 2026","broken","Sun May 03 09:36:24 UTC 2026","","test_substrate_node_is_synced","",""
"","114","test_rpc_method_is_available[Test for Creditcoin, url: wss://mainnet3.creditcoin.network]","tests","Sun May 03 09:37:11 UTC 2026","passed","Sun May 03 09:37:11 UTC 2026","","test_rpc_methods_availability","",""
"","0","test_chainId[Test for XX network]","tests","Sun May 03 09:33:28 UTC 2026","passed","Sun May 03 09:33:28 UTC 2026","TestChainId","test_network_parameters","",""
"","217","test_rpc_node_is_synced[Test for Hydration, url: wss://rpc.hydradx.cloud]","tests","Sun May 03 09:34:52 UTC 2026","passed","Sun May 03 09:34:53 UTC 2026","","test_substrate_node_is_synced","",""
"","0","test_chainId[Test for Polkadot Coretime]","tests","Sun May 03 09:34:53 UTC 2026","passed","Sun May 03 09:34:53 UTC 2026","TestChainId","test_network_parameters","",""
"","0","test_can_create_connection[Test for Acala, url: wss://acala-rpc-3.aca-api.network/ws]","tests","Sun May 03 09:33:56 UTC 2026","passed","Sun May 03 09:33:56 UTC 2026","","test_nodes_availability","",""
"","99","test_rpc_method_is_available[Test for GIANT, url: wss://rpc-anchor-1-mainnet-az-ue1.giantprotocol.org:443]","tests","Sun May 03 09:36:23 UTC 2026","passed","Sun May 03 09:36:24 UTC 2026","","test_rpc_methods_availability","",""
"","0","test_can_create_connection[Test for Enjin Matrix, url: wss://rpc.matrix.blockchain.enjin.io]","tests","Sun May 03 09:37:34 UTC 2026","passed","Sun May 03 09:37:34 UTC 2026","","test_nodes_availability","",""
"","0","test_precision[Test for Polymesh]","tests","Sun May 03 09:33:55 UTC 2026","passed","Sun May 03 09:33:55 UTC 2026","TestPrecision","test_network_parameters","",""
"","24","test_rpc_node_is_synced[Test for Polkadot Collectives, url: wss://collectives.public.curie.radiumblock.co/ws]","tests","Sun May 03 09:37:09 UTC 2026","passed","Sun May 03 09:37:09 UTC 2026","","test_substrate_node_is_synced","",""
"","11","test_has_new_assets[Test for Aventus]","tests","Sun May 03 09:33:45 UTC 2026","passed","Sun May 03 09:33:45 UTC 2026","TestAssets","test_check_new_assets","",""
"","0","test_can_create_connection[Test for Moonbeam, url: wss://moonbeam.ibp.network]","tests","Sun May 03 09:33:20 UTC 2026","broken","Sun May 03 09:33:20 UTC 2026","","test_nodes_availability","",""
"","53","test_rpc_node_is_synced[Test for Centrifuge Parachain, url: wss://rpc-centrifuge.luckyfriday.io]","tests","Sun May 03 09:34:38 UTC 2026","passed","Sun May 03 09:34:38 UTC 2026","","test_substrate_node_is_synced","",""
"","0","test_precision[Test for Polkadex]","tests","Sun May 03 09:33:16 UTC 2026","passed","Sun May 03 09:33:16 UTC 2026","TestPrecision","test_network_parameters","",""
"","0","test_can_create_connection[Test for Bifrost Polkadot, url: wss://eu.bifrost-polkadot-rpc.liebi.com/ws]","tests","Sun May 03 09:35:47 UTC 2026","passed","Sun May 03 09:35:47 UTC 2026","","test_nodes_availability","",""
"","0","test_can_create_connection[Test for Polkadot Bridge Hub, url: wss://bridge-hub-polkadot.dotters.network]","tests","Sun May 03 09:38:08 UTC 2026","passed","Sun May 03 09:38:08 UTC 2026","","test_nodes_availability","",""
"","0","test_chainId[Test for Aventus]","tests","Sun May 03 09:33:38 UTC 2026","passed","Sun May 03 09:33:38 UTC 2026","TestChainId","test_network_parameters","",""
"","0","test_chainId[Test for Joystream]","tests","Sun May 03 09:34:15 UTC 2026","passed","Sun May 03 09:34:15 UTC 2026","TestChainId","test_network_parameters","",""
"","9","test_has_new_assets[Test for XX network]","tests","Sun May 03 09:33:33 UTC 2026","passed","Sun May 03 09:33:33 UTC 2026","TestAssets","test_check_new_assets","",""
"","165","test_rpc_method_is_available[Test for Polkadot Relay, url: wss://apps-rpc.polkadot.io]","tests","Sun May 03 09:33:09 UTC 2026","passed","Sun May 03 09:33:09 UTC 2026","","test_rpc_methods_availability","",""
"","204","test_rpc_node_is_synced[Test for Hydration, url: wss://rpc-hydra.novasama-tech.org]","tests","Sun May 03 09:34:45 UTC 2026","passed","Sun May 03 09:34:45 UTC 2026","","test_substrate_node_is_synced","",""
"","102","test_rpc_method_is_available[Test for Heima, url: wss://heima-rpc.n.dwellir.com]","tests","Sun May 03 09:35:43 UTC 2026","passed","Sun May 03 09:35:43 UTC 2026","","test_rpc_methods_availability","",""
"","0","test_can_create_connection[Test for Polkadot Collectives, url: wss://collectives.public.curie.radiumblock.co/ws]","tests","Sun May 03 09:37:32 UTC 2026","passed","Sun May 03 09:37:32 UTC 2026","","test_nodes_availability","",""
"","0","test_can_create_connection[Test for Enjin Relay, url: wss://rpc.relay.blockchain.enjin.io]","tests","Sun May 03 09:37:46 UTC 2026","passed","Sun May 03 09:37:46 UTC 2026","","test_nodes_availability","",""
"","0","test_address_prefix[Test for peaq]","tests","Sun May 03 09:34:51 UTC 2026","passed","Sun May 03 09:34:51 UTC 2026","TestNetworkPrefix","test_network_parameters","",""
"","0","test_address_prefix[Test for QUARTZ]","tests","Sun May 03 09:33:03 UTC 2026","broken","Sun May 03 09:33:03 UTC 2026","TestNetworkPrefix","test_network_parameters","",""
"","63","test_rpc_node_is_synced[Test for Moonbeam, url: wss://wss.api.moonbeam.network]","tests","Sun May 03 09:33:19 UTC 2026","passed","Sun May 03 09:33:19 UTC 2026","","test_substrate_node_is_synced","",""
"","24","test_rpc_node_is_synced[Test for Phala, url: wss://phala.public.curie.radiumblock.co/ws]","tests","Sun May 03 09:35:39 UTC 2026","passed","Sun May 03 09:35:39 UTC 2026","","test_substrate_node_is_synced","",""
"","0","test_chainId[Test for Crust Shadow]","tests","Sun May 03 09:33:22 UTC 2026","passed","Sun May 03 09:33:22 UTC 2026","TestChainId","test_network_parameters","",""
"","0","test_rpc_method_is_available[Test for Moonbeam, url: wss://moonbeam.dotters.network]","tests","Sun May 03 09:33:33 UTC 2026","broken","Sun May 03 09:33:33 UTC 2026","","test_rpc_methods_availability","",""
"","0","test_can_create_connection[Test for Karura, url: wss://karura-rpc.n.dwellir.com]","tests","Sun May 03 09:33:06 UTC 2026","passed","Sun May 03 09:33:06 UTC 2026","","test_nodes_availability","",""
"","0","test_can_create_connection[Test for Polymesh, url: wss://mainnet-rpc.polymesh.network]","tests","Sun May 03 09:36:42 UTC 2026","passed","Sun May 03 09:36:42 UTC 2026","","test_nodes_availability","",""
"","0","test_can_create_connection[Test for Tanssi, url: wss://services.tanssi-mainnet.network/tanssi]","tests","Sun May 03 09:39:17 UTC 2026","passed","Sun May 03 09:39:17 UTC 2026","","test_nodes_availability","",""
"","0","test_chainId[Test for NeuroWeb]","tests","Sun May 03 09:33:58 UTC 2026","passed","Sun May 03 09:33:58 UTC 2026","TestChainId","test_network_parameters","",""
"","1","test_address_prefix[Test for Acurast]","tests","Sun May 03 09:35:27 UTC 2026","passed","Sun May 03 09:35:27 UTC 2026","TestNetworkPrefix","test_network_parameters","",""
"","9","test_has_new_assets[Test for Shiden]","tests","Sun May 03 09:33:02 UTC 2026","passed","Sun May 03 09:33:02 UTC 2026","TestAssets","test_check_new_assets","",""
"","0","test_chainId[Test for Hyperbridge Nexus]","tests","Sun May 03 09:35:04 UTC 2026","broken","Sun May 03 09:35:04 UTC 2026","TestChainId","test_network_parameters","",""
"","49","test_rpc_node_is_synced[Test for Ethereum, url: https://1rpc.io/eth]","tests","Sun May 03 09:32:56 UTC 2026","broken","Sun May 03 09:32:56 UTC 2026","TestETHNodesAvailability","test_eth_nodes_availability","",""
"","0","test_address_prefix[Test for Crab]","tests","Sun May 03 09:34:05 UTC 2026","broken","Sun May 03 09:34:05 UTC 2026","TestNetworkPrefix","test_network_parameters","",""
"","162","test_rpc_method_is_available[Test for DAO IPCI, url: wss://ipci.rpc.robonomics.network]","tests","Sun May 03 09:35:47 UTC 2026","passed","Sun May 03 09:35:47 UTC 2026","","test_rpc_methods_availability","",""
"","0","test_can_create_connection[Test for Polkadot People, url: wss://people-polkadot.dotters.network]","tests","Sun May 03 09:33:19 UTC 2026","passed","Sun May 03 09:33:19 UTC 2026","","test_nodes_availability","",""
"","101","test_rpc_method_is_available[Test for NeuroWeb, url: wss://parachain-rpc.origin-trail.network]","tests","Sun May 03 09:35:47 UTC 2026","passed","Sun May 03 09:35:48 UTC 2026","","test_rpc_methods_availability","",""
"","0","test_rpc_node_is_synced[Test for DeepBrain, url: wss://info.dbcwallet.io]","tests","Sun May 03 09:38:21 UTC 2026","broken","Sun May 03 09:38:21 UTC 2026","","test_substrate_node_is_synced","",""
"","34","test_rpc_node_is_synced[Test for Aleph Zero, url: wss://ws.azero.dev]","tests","Sun May 03 09:35:41 UTC 2026","passed","Sun May 03 09:35:41 UTC 2026","","test_substrate_node_is_synced","",""
"","104","test_rpc_method_is_available[Test for Polkadot People, url: wss://sys.ibp.network/people-polkadot]","tests","Sun May 03 09:32:56 UTC 2026","passed","Sun May 03 09:32:56 UTC 2026","","test_rpc_methods_availability","",""
"","0","test_address_prefix[Test for NeuroWeb]","tests","Sun May 03 09:33:43 UTC 2026","passed","Sun May 03 09:33:43 UTC 2026","TestNetworkPrefix","test_network_parameters","",""
"","0","test_address_prefix[Test for Polkadot Coretime]","tests","Sun May 03 09:35:21 UTC 2026","passed","Sun May 03 09:35:21 UTC 2026","TestNetworkPrefix","test_network_parameters","",""
"","185","test_rpc_method_is_available[Test for Crust Polkadot Parachain, url: wss://crust-parachain.crustapps.net]","tests","Sun May 03 09:35:56 UTC 2026","passed","Sun May 03 09:35:56 UTC 2026","","test_rpc_methods_availability","",""
"","106","test_rpc_method_is_available[Test for Kusama Relay, url: wss://rpc.ibp.network/kusama]","tests","Sun May 03 09:33:14 UTC 2026","passed","Sun May 03 09:33:14 UTC 2026","","test_rpc_methods_availability","",""
"","1","test_chainId[Test for Mythos]","tests","Sun May 03 09:34:27 UTC 2026","passed","Sun May 03 09:34:27 UTC 2026","TestChainId","test_network_parameters","",""
"","0","test_precision[Test for Centrifuge Parachain]","tests","Sun May 03 09:33:15 UTC 2026","passed","Sun May 03 09:33:15 UTC 2026","TestPrecision","test_network_parameters","",""
"","0","test_address_prefix[Test for Mythos]","tests","Sun May 03 09:34:22 UTC 2026","passed","Sun May 03 09:34:22 UTC 2026","TestNetworkPrefix","test_network_parameters","",""
"","0","test_chainId[Test for QUARTZ]","tests","Sun May 03 09:32:59 UTC 2026","broken","Sun May 03 09:32:59 UTC 2026","TestChainId","test_network_parameters","",""
"","104","test_rpc_method_is_available[Test for Shiden, url: wss://rpc.shiden.astar.network]","tests","Sun May 03 09:34:32 UTC 2026","passed","Sun May 03 09:34:32 UTC 2026","","test_rpc_methods_availability","",""
"","0","test_can_create_connection[Test for Hydration, url: wss://hydration.ibp.network]","tests","Sun May 03 09:35:06 UTC 2026","passed","Sun May 03 09:35:06 UTC 2026","","test_nodes_availability","",""
"","0","test_address_prefix[Test for XX network]","tests","Sun May 03 09:33:41 UTC 2026","passed","Sun May 03 09:33:41 UTC 2026","TestNetworkPrefix","test_network_parameters","",""
"","136","test_rpc_node_is_synced[Test for Astar, url: wss://astar-rpc.n.dwellir.com]","tests","Sun May 03 09:35:04 UTC 2026","passed","Sun May 03 09:35:04 UTC 2026","","test_substrate_node_is_synced","",""
"","78","test_rpc_node_is_synced[Test for Polymesh, url: wss://mainnet-rpc.polymesh.network]","tests","Sun May 03 09:36:47 UTC 2026","passed","Sun May 03 09:36:47 UTC 2026","","test_substrate_node_is_synced","",""
"","148","test_rpc_node_is_synced[Test for UNIQUE, url: wss://us-ws.unique.network/]","tests","Sun May 03 09:36:02 UTC 2026","passed","Sun May 03 09:36:02 UTC 2026","","test_substrate_node_is_synced","",""
"","0","test_address_prefix[Test for Polkadot Bridge Hub]","tests","Sun May 03 09:34:07 UTC 2026","passed","Sun May 03 09:34:07 UTC 2026","TestNetworkPrefix","test_network_parameters","",""
"","109","test_rpc_node_is_synced[Test for Aventus, url: wss://avn-parachain.mainnet.aventus.io]","tests","Sun May 03 09:36:18 UTC 2026","passed","Sun May 03 09:36:19 UTC 2026","","test_substrate_node_is_synced","",""
"","1","test_chainId[Test for Acurast Canary]","tests","Sun May 03 09:34:24 UTC 2026","passed","Sun May 03 09:34:24 UTC 2026","TestChainId","test_network_parameters","",""
"","1","test_precision[Test for Laos]","tests","Sun May 03 09:34:40 UTC 2026","passed","Sun May 03 09:34:40 UTC 2026","TestPrecision","test_network_parameters","",""
"","0","test_can_create_connection[Test for Polkadex, url: wss://so.polkadex.ee]","tests","Sun May 03 09:37:12 UTC 2026","passed","Sun May 03 09:37:12 UTC 2026","","test_nodes_availability","",""
"","1","test_address_prefix[Test for Kintsugi]","tests","Sun May 03 09:33:22 UTC 2026","passed","Sun May 03 09:33:22 UTC 2026","TestNetworkPrefix","test_network_parameters","",""
"","171","test_rpc_node_is_synced[Test for Westend (TESTNET), url: wss://westend-rpc.polkadot.io]","tests","Sun May 03 09:33:37 UTC 2026","passed","Sun May 03 09:33:38 UTC 2026","","test_substrate_node_is_synced","",""
"","0","test_can_create_connection[Test for QUARTZ, url: wss://eu-ws-quartz.unique.network]","tests","Sun May 03 09:35:38 UTC 2026","broken","Sun May 03 09:35:38 UTC 2026","","test_nodes_availability","",""
"","110","test_rpc_method_is_available[Test for Astar, url: wss://astar-rpc.n.dwellir.com]","tests","Sun May 03 09:34:20 UTC 2026","passed","Sun May 03 09:34:20 UTC 2026","","test_rpc_methods_availability","",""
"","0","test_can_create_connection[Test for Avail, url: wss://mainnet.avail-rpc.com/]","tests","Sun May 03 09:38:19 UTC 2026","passed","Sun May 03 09:38:19 UTC 2026","","test_nodes_availability","",""
"","0","test_precision[Test for Shiden]","tests","Sun May 03 09:32:58 UTC 2026","passed","Sun May 03 09:32:58 UTC 2026","TestPrecision","test_network_parameters","",""
"","1","test_address_prefix[Test for Cere]","tests","Sun May 03 09:35:26 UTC 2026","passed","Sun May 03 09:35:26 UTC 2026","TestNetworkPrefix","test_network_parameters","",""
"","156","test_rpc_node_is_synced[Test for Joystream, url: wss://rpc.joystream.org]","tests","Sun May 03 09:37:23 UTC 2026","passed","Sun May 03 09:37:23 UTC 2026","","test_substrate_node_is_synced","",""
"","0","test_rpc_method_is_available[Test for Tangle, url: wss://rpc.tangle.tools]","tests","Sun May 03 09:37:33 UTC 2026","broken","Sun May 03 09:37:33 UTC 2026","","test_rpc_methods_availability","",""
"","0","test_can_create_connection[Test for Creditcoin, url: wss://mainnet3.creditcoin.network]","tests","Sun May 03 09:38:36 UTC 2026","passed","Sun May 03 09:38:36 UTC 2026","","test_nodes_availability","",""
"","100","test_rpc_method_is_available[Test for Bittensor, url: wss://lite.sub.latent.to:443]","tests","Sun May 03 09:36:08 UTC 2026","passed","Sun May 03 09:36:08 UTC 2026","","test_rpc_methods_availability","",""
"","0","test_rpc_method_is_available[Test for Polkadex, url: wss://polkadex.public.curie.radiumblock.co/ws]","tests","Sun May 03 09:35:43 UTC 2026","broken","Sun May 03 09:35:43 UTC 2026","","test_rpc_methods_availability","",""
"","0","test_rpc_node_is_synced[Test for QUARTZ, url: wss://quartz.unique.network]","tests","Sun May 03 09:35:35 UTC 2026","broken","Sun May 03 09:35:35 UTC 2026","","test_substrate_node_is_synced","",""
"","1","test_can_create_connection[Test for Aleph Zero, url: wss://ws.azero.dev]","tests","Sun May 03 09:37:06 UTC 2026","passed","Sun May 03 09:37:06 UTC 2026","","test_nodes_availability","",""
"","153","test_rpc_node_is_synced[Test for Kusama Relay, url: wss://rpc-kusama-1.novasama-tech.org]","tests","Sun May 03 09:33:40 UTC 2026","passed","Sun May 03 09:33:40 UTC 2026","","test_substrate_node_is_synced","",""
"","1","test_precision[Test for Moonriver]","tests","Sun May 03 09:32:54 UTC 2026","passed","Sun May 03 09:32:54 UTC 2026","TestPrecision","test_network_parameters","",""
"","41","test_has_new_assets[Test for Acala]","tests","Sun May 03 09:33:10 UTC 2026","passed","Sun May 03 09:33:10 UTC 2026","TestAssets","test_check_new_assets","",""
"","24","test_rpc_node_is_synced[Test for Shiden, url: wss://shiden.public.curie.radiumblock.co/ws]","tests","Sun May 03 09:34:55 UTC 2026","passed","Sun May 03 09:34:55 UTC 2026","","test_substrate_node_is_synced","",""
"","0","test_precision[Test for Karura]","tests","Sun May 03 09:33:01 UTC 2026","passed","Sun May 03 09:33:01 UTC 2026","TestPrecision","test_network_parameters","",""
"","0","test_precision[Test for peaq]","tests","Sun May 03 09:34:38 UTC 2026","passed","Sun May 03 09:34:38 UTC 2026","TestPrecision","test_network_parameters","",""
"","10","test_has_new_assets[Test for Pendulum]","tests","Sun May 03 09:33:36 UTC 2026","passed","Sun May 03 09:33:36 UTC 2026","TestAssets","test_check_new_assets","",""
"","151","test_has_new_assets[Test for Altair]","tests","Sun May 03 09:32:54 UTC 2026","passed","Sun May 03 09:32:54 UTC 2026","TestAssets","test_check_new_assets","",""
"","83","test_rpc_node_is_synced[Test for Polkadot Relay, url: wss://polkadot.public.curie.radiumblock.co/ws]","tests","Sun May 03 09:33:27 UTC 2026","passed","Sun May 03 09:33:27 UTC 2026","","test_substrate_node_is_synced","",""
"","0","test_can_create_connection[Test for Ajuna, url: wss://ajuna.dotters.network]","tests","Sun May 03 09:37:10 UTC 2026","broken","Sun May 03 09:37:10 UTC 2026","","test_nodes_availability","",""
"","0","test_can_create_connection[Test for Bifrost Polkadot, url: wss://hk.p.bifrost-rpc.liebi.com/ws]","tests","Sun May 03 09:35:40 UTC 2026","passed","Sun May 03 09:35:40 UTC 2026","","test_nodes_availability","",""
"","183","test_rpc_method_is_available[Test for Hydration, url: wss://rpc.hydradx.cloud]","tests","Sun May 03 09:34:42 UTC 2026","passed","Sun May 03 09:34:42 UTC 2026","","test_rpc_methods_availability","",""
"","0","test_chainId[Test for Bifrost Polkadot]","tests","Sun May 03 09:34:06 UTC 2026","passed","Sun May 03 09:34:06 UTC 2026","TestChainId","test_network_parameters","",""
"","1","test_address_prefix[Test for Pendulum]","tests","Sun May 03 09:33:44 UTC 2026","passed","Sun May 03 09:33:44 UTC 2026","TestNetworkPrefix","test_network_parameters","",""
"","1","test_precision[Test for Joystream]","tests","Sun May 03 09:34:12 UTC 2026","passed","Sun May 03 09:34:12 UTC 2026","TestPrecision","test_network_parameters","",""
"","1","test_can_create_connection[Test for Crust Shadow, url: wss://rpc-sha-subscan.crustnetwork.xyz]","tests","Sun May 03 09:34:21 UTC 2026","passed","Sun May 03 09:34:21 UTC 2026","","test_nodes_availability","",""
"","102","test_rpc_method_is_available[Test for Vara, url: wss://rpc.vara-network.io]","tests","Sun May 03 09:36:22 UTC 2026","passed","Sun May 03 09:36:22 UTC 2026","","test_rpc_methods_availability","",""
"","0","test_can_create_connection[Test for Kusama Relay, url: wss://rpc-kusama-2.novasama-tech.org]","tests","Sun May 03 09:33:09 UTC 2026","passed","Sun May 03 09:33:09 UTC 2026","","test_nodes_availability","",""
"","117","test_rpc_method_is_available[Test for Enjin Matrix, url: wss://rpc.matrix.blockchain.enjin.io]","tests","Sun May 03 09:36:36 UTC 2026","passed","Sun May 03 09:36:36 UTC 2026","","test_rpc_methods_availability","",""
"","0","test_has_new_assets[Test for Phala]","tests","Sun May 03 09:34:17 UTC 2026","broken","Sun May 03 09:34:17 UTC 2026","TestAssets","test_check_new_assets","",""
"","99","test_rpc_method_is_available[Test for Polkadot Collectives, url: wss://collectives-polkadot.dotters.network]","tests","Sun May 03 09:36:31 UTC 2026","passed","Sun May 03 09:36:31 UTC 2026","","test_rpc_methods_availability","",""
"","0","test_can_create_connection[Test for Kusama Coretime, url: wss://sys.ibp.network/coretime-kusama]","tests","Sun May 03 09:39:32 UTC 2026","broken","Sun May 03 09:39:32 UTC 2026","","test_nodes_availability","",""
"","0","test_can_create_connection[Test for Bifrost Kusama, url: wss://bifrost-rpc.liebi.com/ws]","tests","Sun May 03 09:34:53 UTC 2026","passed","Sun May 03 09:34:53 UTC 2026","","test_nodes_availability","",""
"","0","test_can_create_connection[Test for Polkadot Relay, url: wss://apps-rpc.polkadot.io]","tests","Sun May 03 09:33:10 UTC 2026","passed","Sun May 03 09:33:10 UTC 2026","","test_nodes_availability","",""
"","138","test_rpc_node_is_synced[Test for Robonomics, url: wss://kusama.rpc.robonomics.network/]","tests","Sun May 03 09:36:38 UTC 2026","passed","Sun May 03 09:36:38 UTC 2026","","test_substrate_node_is_synced","",""
"","0","test_rpc_method_is_available[Test for Nodle Parachain, url: wss://nodle-parachain.api.onfinality.io/public-ws]","tests","Sun May 03 09:34:13 UTC 2026","broken","Sun May 03 09:34:13 UTC 2026","","test_rpc_methods_availability","",""
"","0","test_can_create_connection[Test for Astar, url: wss://astar-rpc.n.dwellir.com]","tests","Sun May 03 09:34:50 UTC 2026","passed","Sun May 03 09:34:50 UTC 2026","","test_nodes_availability","",""
"","7","test_has_new_assets[Test for Zeitgeist]","tests","Sun May 03 09:33:22 UTC 2026","passed","Sun May 03 09:33:22 UTC 2026","TestAssets","test_check_new_assets","",""
"","0","test_address_prefix[Test for Encointer]","tests","Sun May 03 09:33:16 UTC 2026","passed","Sun May 03 09:33:16 UTC 2026","TestNetworkPrefix","test_network_parameters","",""
"","1","test_can_create_connection[Test for Karura, url: wss://karura-rpc-1.aca-api.network]","tests","Sun May 03 09:32:53 UTC 2026","passed","Sun May 03 09:32:53 UTC 2026","","test_nodes_availability","",""
"","0","test_address_prefix[Test for Vara]","tests","Sun May 03 09:33:58 UTC 2026","passed","Sun May 03 09:33:58 UTC 2026","TestNetworkPrefix","test_network_parameters","",""
"","0","test_rpc_method_is_available[Test for QUARTZ, url: wss://us-ws-quartz.unique.network]","tests","Sun May 03 09:35:48 UTC 2026","broken","Sun May 03 09:35:48 UTC 2026","","test_rpc_methods_availability","",""
"","148","test_rpc_node_is_synced[Test for Kusama People, url: wss://kusama-people-rpc.polkadot.io]","tests","Sun May 03 09:33:18 UTC 2026","passed","Sun May 03 09:33:19 UTC 2026","","test_substrate_node_is_synced","",""
"","0","test_can_create_connection[Test for Polkadot Coretime, url: wss://polkadot-coretime-rpc.polkadot.io]","tests","Sun May 03 09:39:46 UTC 2026","passed","Sun May 03 09:39:46 UTC 2026","","test_nodes_availability","",""
"","0","test_address_prefix[Test for DAO IPCI]","tests","Sun May 03 09:33:35 UTC 2026","passed","Sun May 03 09:33:35 UTC 2026","TestNetworkPrefix","test_network_parameters","",""
"","142","test_rpc_method_is_available[Test for Kusama People, url: wss://people-kusama.dotters.network]","tests","Sun May 03 09:33:21 UTC 2026","passed","Sun May 03 09:33:21 UTC 2026","","test_rpc_methods_availability","",""
"","139","test_rpc_node_is_synced[Test for Astar, url: wss://rpc.astar.network]","tests","Sun May 03 09:34:58 UTC 2026","passed","Sun May 03 09:34:58 UTC 2026","","test_substrate_node_is_synced","",""
"","0","test_address_prefix[Test for Acurast Canary]","tests","Sun May 03 09:34:28 UTC 2026","passed","Sun May 03 09:34:28 UTC 2026","TestNetworkPrefix","test_network_parameters","",""
"","183","test_rpc_node_is_synced[Test for Bifrost Kusama, url: wss://bifrost-rpc.liebi.com/ws]","tests","Sun May 03 09:35:02 UTC 2026","passed","Sun May 03 09:35:02 UTC 2026","","test_substrate_node_is_synced","",""
"","0","test_can_create_connection[Test for Basilisk, url: wss://basilisk-rpc.n.dwellir.com]","tests","Sun May 03 09:35:06 UTC 2026","passed","Sun May 03 09:35:06 UTC 2026","","test_nodes_availability","",""
"","0","test_rpc_node_is_synced[Test for Polkadex, url: wss://polkadex.public.curie.radiumblock.co/ws]","tests","Sun May 03 09:35:58 UTC 2026","broken","Sun May 03 09:35:58 UTC 2026","","test_substrate_node_is_synced","",""
"","0","test_address_prefix[Test for Ajuna]","tests","Sun May 03 09:33:44 UTC 2026","passed","Sun May 03 09:33:44 UTC 2026","TestNetworkPrefix","test_network_parameters","",""
"","51","test_rpc_node_is_synced[Test for Enjin Matrix, url: wss://rpc.matrix.blockchain.enjin.io]","tests","Sun May 03 09:37:18 UTC 2026","passed","Sun May 03 09:37:18 UTC 2026","","test_substrate_node_is_synced","",""
"","0","test_address_prefix[Test for Moonriver]","tests","Sun May 03 09:32:52 UTC 2026","passed","Sun May 03 09:32:52 UTC 2026","TestNetworkPrefix","test_network_parameters","",""
"","1","test_can_create_connection[Test for UNIQUE, url: wss://us-ws.unique.network/]","tests","Sun May 03 09:36:11 UTC 2026","passed","Sun May 03 09:36:11 UTC 2026","","test_nodes_availability","",""
"","1","test_can_create_connection[Test for peaq, url: wss://peaq-rpc.publicnode.com]","tests","Sun May 03 09:38:49 UTC 2026","passed","Sun May 03 09:38:49 UTC 2026","","test_nodes_availability","",""
"","0","test_chainId[Test for Centrifuge Parachain]","tests","Sun May 03 09:33:10 UTC 2026","passed","Sun May 03 09:33:10 UTC 2026","TestChainId","test_network_parameters","",""
"","58","test_rpc_node_is_synced[Test for Kusama Relay, url: wss://rpc-kusama.luckyfriday.io]","tests","Sun May 03 09:33:19 UTC 2026","passed","Sun May 03 09:33:19 UTC 2026","","test_substrate_node_is_synced","",""
"","1","test_chainId[Test for Kusama Coretime]","tests","Sun May 03 09:34:58 UTC 2026","passed","Sun May 03 09:34:58 UTC 2026","TestChainId","test_network_parameters","",""
"","6","test_has_new_assets[Test for Tanssi]","tests","Sun May 03 09:34:52 UTC 2026","passed","Sun May 03 09:34:52 UTC 2026","TestAssets","test_check_new_assets","",""
"","51","test_rpc_node_is_synced[Test for Ethereum, url: https://ethereum-rpc.publicnode.com]","tests","Sun May 03 09:32:56 UTC 2026","broken","Sun May 03 09:32:56 UTC 2026","TestETHNodesAvailability","test_eth_nodes_availability","",""
"","149","test_rpc_node_is_synced[Test for Polkadot Coretime, url: wss://polkadot-coretime-rpc.polkadot.io]","tests","Sun May 03 09:39:14 UTC 2026","passed","Sun May 03 09:39:15 UTC 2026","","test_substrate_node_is_synced","",""
"","0","test_chainId[Test for Polkadot Collectives]","tests","Sun May 03 09:34:06 UTC 2026","passed","Sun May 03 09:34:06 UTC 2026","TestChainId","test_network_parameters","",""
"","0","test_can_create_connection[Test for Polkadot Relay, url: wss://polkadot.dotters.network]","tests","Sun May 03 09:33:04 UTC 2026","passed","Sun May 03 09:33:04 UTC 2026","","test_nodes_availability","",""
"","0","test_chainId[Test for JAMTON]","tests","Sun May 03 09:34:50 UTC 2026","passed","Sun May 03 09:34:50 UTC 2026","TestChainId","test_network_parameters","",""
"","0","test_rpc_method_is_available[Test for Ajuna, url: wss://ajuna.ibp.network]","tests","Sun May 03 09:36:13 UTC 2026","broken","Sun May 03 09:36:13 UTC 2026","","test_rpc_methods_availability","",""
"","0","test_address_prefix[Test for UNIQUE]","tests","Sun May 03 09:34:02 UTC 2026","passed","Sun May 03 09:34:02 UTC 2026","TestNetworkPrefix","test_network_parameters","",""
"","0","test_can_create_connection[Test for Moonbeam, url: wss://moonbeam.public.curie.radiumblock.co/ws]","tests","Sun May 03 09:33:43 UTC 2026","broken","Sun May 03 09:33:43 UTC 2026","","test_nodes_availability","",""
"","0","test_rpc_node_is_synced[Test for Crab, url: wss://crab-rpc.darwinia.network/]","tests","Sun May 03 09:36:46 UTC 2026","broken","Sun May 03 09:36:46 UTC 2026","","test_substrate_node_is_synced","",""
"","142","test_rpc_method_is_available[Test for Pendulum, url: wss://rpc-pendulum.prd.pendulumchain.tech]","tests","Sun May 03 09:35:52 UTC 2026","passed","Sun May 03 09:35:53 UTC 2026","","test_rpc_methods_availability","",""
"","0","test_precision[Test for Nodle Parachain]","tests","Sun May 03 09:33:35 UTC 2026","broken","Sun May 03 09:33:35 UTC 2026","TestPrecision","test_network_parameters","",""
"","190","test_rpc_method_is_available[Test for Kusama Asset Hub, url: wss://asset-hub-kusama.dotters.network]","tests","Sun May 03 09:32:50 UTC 2026","passed","Sun May 03 09:32:50 UTC 2026","","test_rpc_methods_availability","",""
"","0","test_can_create_connection[Test for Acala, url: wss://acala-rpc.n.dwellir.com]","tests","Sun May 03 09:34:14 UTC 2026","broken","Sun May 03 09:34:14 UTC 2026","","test_nodes_availability","",""
"","108","test_rpc_method_is_available[Test for Interlay, url: wss://rpc-interlay.luckyfriday.io/]","tests","Sun May 03 09:34:02 UTC 2026","passed","Sun May 03 09:34:02 UTC 2026","","test_rpc_methods_availability","",""
"","51","test_rpc_node_is_synced[Test for Polkadot Collectives, url: wss://collectives-polkadot.dotters.network]","tests","Sun May 03 09:37:15 UTC 2026","passed","Sun May 03 09:37:15 UTC 2026","","test_substrate_node_is_synced","",""
"","113","test_rpc_method_is_available[Test for Kusama Relay, url: wss://rpc-kusama-2.novasama-tech.org]","tests","Sun May 03 09:33:12 UTC 2026","passed","Sun May 03 09:33:12 UTC 2026","","test_rpc_methods_availability","",""
"","0","test_rpc_method_is_available[Test for Phala, url: wss://api.phala.network/ws]","tests","Sun May 03 09:35:04 UTC 2026","broken","Sun May 03 09:35:04 UTC 2026","","test_rpc_methods_availability","",""
"","1","test_chainId[Test for CC Enterprise]","tests","Sun May 03 09:34:37 UTC 2026","passed","Sun May 03 09:34:37 UTC 2026","TestChainId","test_network_parameters","",""
"","0","test_can_create_connection[Test for Crust Polkadot Parachain, url: wss://crust-parachain.crustapps.net]","tests","Sun May 03 09:36:22 UTC 2026","passed","Sun May 03 09:36:22 UTC 2026","","test_nodes_availability","",""
"","23","test_rpc_node_is_synced[Test for Polkadot People, url: wss://people-polkadot.public.curie.radiumblock.co/ws]","tests","Sun May 03 09:33:13 UTC 2026","passed","Sun May 03 09:33:13 UTC 2026","","test_substrate_node_is_synced","",""
"","0","test_chainId[Test for DENTNet]","tests","Sun May 03 09:34:38 UTC 2026","passed","Sun May 03 09:34:38 UTC 2026","TestChainId","test_network_parameters","",""
"","98","test_rpc_method_is_available[Test for Humanode, url: wss://explorer-rpc-ws.mainnet.stages.humanode.io]","tests","Sun May 03 09:37:14 UTC 2026","passed","Sun May 03 09:37:14 UTC 2026","","test_rpc_methods_availability","",""
"","0","test_can_create_connection[Test for Polkadot People, url: wss://people-polkadot.public.curie.radiumblock.co/ws]","tests","Sun May 03 09:33:24 UTC 2026","passed","Sun May 03 09:33:24 UTC 2026","","test_nodes_availability","",""
"","111","test_rpc_method_is_available[Test for Ajuna, url: wss://rpc-para.ajuna.network]","tests","Sun May 03 09:36:02 UTC 2026","passed","Sun May 03 09:36:02 UTC 2026","","test_rpc_methods_availability","",""
"","11","test_has_new_assets[Test for peaq]","tests","Sun May 03 09:34:42 UTC 2026","passed","Sun May 03 09:34:42 UTC 2026","TestAssets","test_check_new_assets","",""
"","0","test_can_create_connection[Test for Moonbeam, url: wss://moonbeam.dotters.network]","tests","Sun May 03 09:33:31 UTC 2026","broken","Sun May 03 09:33:31 UTC 2026","","test_nodes_availability","",""
"","141","test_rpc_method_is_available[Test for Polkadot Bridge Hub, url: wss://sys.ibp.network/bridgehub-polkadot]","tests","Sun May 03 09:36:41 UTC 2026","passed","Sun May 03 09:36:41 UTC 2026","","test_rpc_methods_availability","",""
"","0","test_chainId[Test for Laos]","tests","Sun May 03 09:34:55 UTC 2026","passed","Sun May 03 09:34:55 UTC 2026","TestChainId","test_network_parameters","",""
"","0","test_rpc_node_is_synced[Test for Moonbeam, url: wss://moonbeam.ibp.network]","tests","Sun May 03 09:33:30 UTC 2026","broken","Sun May 03 09:33:30 UTC 2026","","test_substrate_node_is_synced","",""
"","148","test_rpc_node_is_synced[Test for Darwinia, url: wss://rpc.darwinia.network]","tests","Sun May 03 09:36:55 UTC 2026","passed","Sun May 03 09:36:56 UTC 2026","","test_substrate_node_is_synced","",""
"","10","test_has_new_assets[Test for Moonbeam]","tests","Sun May 03 09:33:04 UTC 2026","passed","Sun May 03 09:33:04 UTC 2026","TestAssets","test_check_new_assets","",""
"","0","test_can_create_connection[Test for UNIQUE, url: wss://unique.ibp.network]","tests","Sun May 03 09:36:11 UTC 2026","broken","Sun May 03 09:36:11 UTC 2026","","test_nodes_availability","",""
"","37","test_has_new_assets[Test for Interlay]","tests","Sun May 03 09:33:25 UTC 2026","passed","Sun May 03 09:33:25 UTC 2026","TestAssets","test_check_new_assets","",""
"","630","test_rpc_node_is_synced[Test for Karura, url: wss://karura-rpc-3.aca-api.network/ws]","tests","Sun May 03 09:33:08 UTC 2026","passed","Sun May 03 09:33:09 UTC 2026","","test_substrate_node_is_synced","",""
"","146","test_rpc_node_is_synced[Test for UNIQUE, url: wss://asia-ws.unique.network/]","tests","Sun May 03 09:36:07 UTC 2026","passed","Sun May 03 09:36:07 UTC 2026","","test_substrate_node_is_synced","",""
"","7","test_has_new_assets[Test for UNIQUE]","tests","Sun May 03 09:34:00 UTC 2026","passed","Sun May 03 09:34:00 UTC 2026","TestAssets","test_check_new_assets","",""
"","0","test_precision[Test for Creditcoin]","tests","Sun May 03 09:34:33 UTC 2026","passed","Sun May 03 09:34:33 UTC 2026","TestPrecision","test_network_parameters","",""
"","0","test_can_create_connection[Test for Polkadot Asset Hub, url: wss://asset-hub-polkadot-rpc.n.dwellir.com]","tests","Sun May 03 09:35:12 UTC 2026","passed","Sun May 03 09:35:12 UTC 2026","","test_nodes_availability","",""
"","0","test_address_prefix[Test for krest]","tests","Sun May 03 09:34:12 UTC 2026","passed","Sun May 03 09:34:12 UTC 2026","TestNetworkPrefix","test_network_parameters","",""
"","0","test_can_create_connection[Test for Aventus, url: wss://public-rpc.mainnet.aventus.io]","tests","Sun May 03 09:36:33 UTC 2026","passed","Sun May 03 09:36:33 UTC 2026","","test_nodes_availability","",""
"","0","test_precision[Test for DENTNet]","tests","Sun May 03 09:34:30 UTC 2026","passed","Sun May 03 09:34:30 UTC 2026","TestPrecision","test_network_parameters","",""
"","1","test_can_create_connection[Test for Polkadot People, url: wss://rpc-people-polkadot.luckyfriday.io]","tests","Sun May 03 09:33:22 UTC 2026","passed","Sun May 03 09:33:22 UTC 2026","","test_nodes_availability","",""
"","0","test_precision[Test for Aleph Zero]","tests","Sun May 03 09:34:34 UTC 2026","passed","Sun May 03 09:34:34 UTC 2026","TestPrecision","test_network_parameters","",""
"","0","test_can_create_connection[Test for Polkadot Coretime, url: wss://sys.ibp.network/coretime-polkadot]","tests","Sun May 03 09:39:26 UTC 2026","broken","Sun May 03 09:39:26 UTC 2026","","test_nodes_availability","",""
"","0","test_rpc_node_is_synced[Test for Curio, url: wss://parachain.curioinvest.com/]","tests","Sun May 03 09:37:41 UTC 2026","broken","Sun May 03 09:37:41 UTC 2026","","test_substrate_node_is_synced","",""
"","0","test_can_create_connection[Test for QUARTZ, url: wss://quartz.unique.network]","tests","Sun May 03 09:35:27 UTC 2026","broken","Sun May 03 09:35:27 UTC 2026","","test_nodes_availability","",""
"","0","test_address_prefix[Test for Centrifuge Parachain]","tests","Sun May 03 09:33:14 UTC 2026","passed","Sun May 03 09:33:14 UTC 2026","TestNetworkPrefix","test_network_parameters","",""
"","96","test_rpc_node_is_synced[Test for Kusama People, url: wss://people-kusama.dotters.network]","tests","Sun May 03 09:34:06 UTC 2026","passed","Sun May 03 09:34:06 UTC 2026","","test_substrate_node_is_synced","",""
"","101","test_rpc_method_is_available[Test for Karura, url: wss://karura-rpc-1.aca-api.network]","tests","Sun May 03 09:32:53 UTC 2026","passed","Sun May 03 09:32:53 UTC 2026","","test_rpc_methods_availability","",""
"","109","test_rpc_node_is_synced[Test for Aventus, url: wss://public-rpc.mainnet.aventus.io]","tests","Sun May 03 09:36:25 UTC 2026","passed","Sun May 03 09:36:25 UTC 2026","","test_substrate_node_is_synced","",""
"","50","test_rpc_node_is_synced[Test for Enjin Relay, url: wss://rpc.relay.blockchain.enjin.io]","tests","Sun May 03 09:37:26 UTC 2026","passed","Sun May 03 09:37:26 UTC 2026","","test_substrate_node_is_synced","",""
"","0","test_chainId[Test for Interlay]","tests","Sun May 03 09:33:27 UTC 2026","passed","Sun May 03 09:33:27 UTC 2026","TestChainId","test_network_parameters","",""
"","0","test_can_create_connection[Test for Frequency, url: wss://1.rpc.frequency.xyz]","tests","Sun May 03 09:37:15 UTC 2026","passed","Sun May 03 09:37:15 UTC 2026","","test_nodes_availability","",""
"","0","test_rpc_node_is_synced[Test for Phala, url: wss://phala-rpc.n.dwellir.com]","tests","Sun May 03 09:34:40 UTC 2026","broken","Sun May 03 09:34:40 UTC 2026","","test_substrate_node_is_synced","",""
"","11","test_has_new_assets[Test for Heima]","tests","Sun May 03 09:33:56 UTC 2026","passed","Sun May 03 09:33:56 UTC 2026","TestAssets","test_check_new_assets","",""
"","0","test_has_new_assets[Test for Hyperbridge Nexus]","tests","Sun May 03 09:34:58 UTC 2026","broken","Sun May 03 09:34:58 UTC 2026","TestAssets","test_check_new_assets","",""
"","0","test_rpc_method_is_available[Test for Ajuna, url: wss://ajuna.dotters.network]","tests","Sun May 03 09:36:26 UTC 2026","broken","Sun May 03 09:36:26 UTC 2026","","test_rpc_methods_availability","",""
"","0","test_can_create_connection[Test for Centrifuge Parachain, url: wss://rpc-centrifuge.luckyfriday.io]","tests","Sun May 03 09:34:44 UTC 2026","passed","Sun May 03 09:34:44 UTC 2026","","test_nodes_availability","",""
"","0","test_can_create_connection[Test for Westend (TESTNET), url: wss://westend-rpc.polkadot.io]","tests","Sun May 03 09:34:28 UTC 2026","passed","Sun May 03 09:34:28 UTC 2026","","test_nodes_availability","",""
"","170","test_rpc_method_is_available[Test for Mythos, url: wss://mythos-rpc.dmarket.com]","tests","Sun May 03 09:37:01 UTC 2026","passed","Sun May 03 09:37:01 UTC 2026","","test_rpc_methods_availability","",""
"","105","test_rpc_method_is_available[Test for krest, url: wss://krest.api.onfinality.io/public-ws']","tests","Sun May 03 09:36:37 UTC 2026","passed","Sun May 03 09:36:37 UTC 2026","","test_rpc_methods_availability","",""
"","8","test_has_new_assets[Test for Kreivo]","tests","Sun May 03 09:34:20 UTC 2026","passed","Sun May 03 09:34:20 UTC 2026","TestAssets","test_check_new_assets","",""
"","135","test_rpc_method_is_available[Test for JAMTON, url: wss://rpc.jamton.network]","tests","Sun May 03 09:37:22 UTC 2026","passed","Sun May 03 09:37:22 UTC 2026","","test_rpc_methods_availability","",""
"","100","test_rpc_method_is_available[Test for Crust Shadow, url: wss://rpc2-shadow.crust.network/]","tests","Sun May 03 09:34:11 UTC 2026","passed","Sun May 03 09:34:11 UTC 2026","","test_rpc_methods_availability","",""
"","0","test_can_create_connection[Test for Polkadot Relay, url: wss://rpc-polkadot-2.novasama-tech.org]","tests","Sun May 03 09:32:55 UTC 2026","passed","Sun May 03 09:32:55 UTC 2026","","test_nodes_availability","",""
"","136","test_rpc_method_is_available[Test for Bittensor, url: wss://entrypoint-finney.opentensor.ai:443]","tests","Sun May 03 09:36:13 UTC 2026","passed","Sun May 03 09:36:14 UTC 2026","","test_rpc_methods_availability","",""
"","0","test_rpc_method_is_available[Test for Amplitude, url: wss://rpc-amplitude.pendulumchain.tech]","tests","Sun May 03 09:35:33 UTC 2026","broken","Sun May 03 09:35:33 UTC 2026","","test_rpc_methods_availability","",""
"","0","test_rpc_node_is_synced[Test for Hyperbridge Nexus, url: wss://nexus.ibp.network]","tests","Sun May 03 09:37:48 UTC 2026","broken","Sun May 03 09:37:48 UTC 2026","","test_substrate_node_is_synced","",""
"","129","test_rpc_node_is_synced[Test for Manta Atlantic, url: wss://ws.manta.systems]","tests","Sun May 03 09:37:21 UTC 2026","passed","Sun May 03 09:37:21 UTC 2026","","test_substrate_node_is_synced","",""
"","0","test_precision[Test for Ternoa]","tests","Sun May 03 09:33:51 UTC 2026","passed","Sun May 03 09:33:51 UTC 2026","TestPrecision","test_network_parameters","",""
"","0","test_rpc_node_is_synced[Test for Moonbeam, url: wss://moonbeam.dotters.network]","tests","Sun May 03 09:33:41 UTC 2026","broken","Sun May 03 09:33:41 UTC 2026","","test_substrate_node_is_synced","",""
"","99","test_rpc_method_is_available[Test for Kusama Bridge Hub, url: wss://bridge-hub-kusama.dotters.network]","tests","Sun May 03 09:36:20 UTC 2026","passed","Sun May 03 09:36:20 UTC 2026","","test_rpc_methods_availability","",""
"","0","test_address_prefix[Test for Crust Shadow]","tests","Sun May 03 09:33:35 UTC 2026","passed","Sun May 03 09:33:35 UTC 2026","TestNetworkPrefix","test_network_parameters","",""
"","97","test_rpc_method_is_available[Test for XX network, url: wss://rpc.xx.network]","tests","Sun May 03 09:36:11 UTC 2026","passed","Sun May 03 09:36:11 UTC 2026","","test_rpc_methods_availability","",""
"","108","test_rpc_method_is_available[Test for Heima, url: wss://rpc.litentry-parachain.litentry.io]","tests","Sun May 03 09:35:36 UTC 2026","passed","Sun May 03 09:35:36 UTC 2026","","test_rpc_methods_availability","",""
"","10","test_has_new_assets[Test for Enjin Matrix]","tests","Sun May 03 09:34:05 UTC 2026","passed","Sun May 03 09:34:05 UTC 2026","TestAssets","test_check_new_assets","",""
"","0","test_can_create_connection[Test for Phala, url: wss://phala.public.curie.radiumblock.co/ws]","tests","Sun May 03 09:37:04 UTC 2026","passed","Sun May 03 09:37:04 UTC 2026","","test_nodes_availability","",""
"","0","test_can_create_connection[Test for Laos, url: wss://rpc.laos.laosfoundation.io]","tests","Sun May 03 09:38:42 UTC 2026","passed","Sun May 03 09:38:42 UTC 2026","","test_nodes_availability","",""
"","0","test_precision[Test for Kusama Coretime]","tests","Sun May 03 09:34:54 UTC 2026","passed","Sun May 03 09:34:54 UTC 2026","TestPrecision","test_network_parameters","",""
"","98","test_rpc_method_is_available[Test for Astar, url: wss://rpc.astar.network]","tests","Sun May 03 09:34:14 UTC 2026","passed","Sun May 03 09:34:14 UTC 2026","","test_rpc_methods_availability","",""
"","1","test_precision[Test for Tanssi]","tests","Sun May 03 09:34:47 UTC 2026","passed","Sun May 03 09:34:47 UTC 2026","TestPrecision","test_network_parameters","",""
"","0","test_rpc_method_is_available[Test for Moonbeam, url: wss://moonbeam.public.curie.radiumblock.co/ws]","tests","Sun May 03 09:33:45 UTC 2026","broken","Sun May 03 09:33:45 UTC 2026","","test_rpc_methods_availability","",""
"","0","test_rpc_method_is_available[Test for Moonriver, url: wss://moonriver.public.curie.radiumblock.co/ws]","tests","Sun May 03 09:34:10 UTC 2026","broken","Sun May 03 09:34:10 UTC 2026","","test_rpc_methods_availability","",""
"","0","test_precision[Test for GIANT]","tests","Sun May 03 09:33:56 UTC 2026","passed","Sun May 03 09:33:56 UTC 2026","TestPrecision","test_network_parameters","",""
"","170","test_rpc_node_is_synced[Test for Polkadot Collectives, url: wss://dot-rpc.stakeworld.io/collectives]","tests","Sun May 03 09:37:14 UTC 2026","passed","Sun May 03 09:37:14 UTC 2026","","test_substrate_node_is_synced","",""
"","104","test_rpc_method_is_available[Test for Acala, url: wss://acala-rpc-3.aca-api.network/ws]","tests","Sun May 03 09:33:45 UTC 2026","passed","Sun May 03 09:33:46 UTC 2026","","test_rpc_methods_availability","",""
"","0","test_can_create_connection[Test for Bifrost Kusama, url: wss://us.bifrost-rpc.liebi.com/ws]","tests","Sun May 03 09:35:00 UTC 2026","passed","Sun May 03 09:35:00 UTC 2026","","test_nodes_availability","",""
"","0","test_chainId[Test for Robonomics]","tests","Sun May 03 09:33:05 UTC 2026","passed","Sun May 03 09:33:05 UTC 2026","TestChainId","test_network_parameters","",""
"","0","test_can_create_connection[Test for Tangle, url: wss://rpc.tangle.tools]","tests","Sun May 03 09:38:57 UTC 2026","broken","Sun May 03 09:38:57 UTC 2026","","test_nodes_availability","",""
"","52","test_rpc_node_is_synced[Test for Hydration, url: wss://hydration.ibp.network]","tests","Sun May 03 09:34:57 UTC 2026","passed","Sun May 03 09:34:57 UTC 2026","","test_substrate_node_is_synced","",""
"","0","test_can_create_connection[Test for Ajuna, url: wss://ajuna.ibp.network]","tests","Sun May 03 09:36:59 UTC 2026","broken","Sun May 03 09:36:59 UTC 2026","","test_nodes_availability","",""
"","0","test_can_create_connection[Test for Polkadot Relay, url: wss://polkadot.public.curie.radiumblock.co/ws]","tests","Sun May 03 09:33:18 UTC 2026","passed","Sun May 03 09:33:18 UTC 2026","","test_nodes_availability","",""
"","103","test_rpc_method_is_available[Test for GIANT, url: wss://rpc-anchor-2-mainnet-az-ue1.giantprotocol.org:443]","tests","Sun May 03 09:36:15 UTC 2026","passed","Sun May 03 09:36:15 UTC 2026","","test_rpc_methods_availability","",""
"","0","test_can_create_connection[Test for Kusama Coretime, url: wss://coretime-kusama.dotters.network]","tests","Sun May 03 09:39:50 UTC 2026","passed","Sun May 03 09:39:50 UTC 2026","","test_nodes_availability","",""
"","110","test_rpc_method_is_available[Test for Ternoa, url: wss://mainnet.ternoa.network]","tests","Sun May 03 09:35:37 UTC 2026","passed","Sun May 03 09:35:37 UTC 2026","","test_rpc_methods_availability","",""
"","0","test_precision[Test for CC Enterprise]","tests","Sun May 03 09:34:30 UTC 2026","passed","Sun May 03 09:34:30 UTC 2026","TestPrecision","test_network_parameters","",""
"","11","test_has_new_assets[Test for Crust Polkadot Parachain]","tests","Sun May 03 09:33:41 UTC 2026","passed","Sun May 03 09:33:41 UTC 2026","TestAssets","test_check_new_assets","",""
"","0","test_precision[Test for Hyperbridge Nexus]","tests","Sun May 03 09:34:56 UTC 2026","broken","Sun May 03 09:34:56 UTC 2026","TestPrecision","test_network_parameters","",""
"","110","test_rpc_method_is_available[Test for Kusama Coretime, url: wss://coretime-kusama.dotters.network]","tests","Sun May 03 09:37:39 UTC 2026","passed","Sun May 03 09:37:39 UTC 2026","","test_rpc_methods_availability","",""
"","36","test_rpc_node_is_synced[Test for Kusama Coretime, url: wss://sys.ibp.network/coretime-kusama]","tests","Sun May 03 09:38:33 UTC 2026","passed","Sun May 03 09:38:33 UTC 2026","","test_substrate_node_is_synced","",""
"","0","test_chainId[Test for Amplitude]","tests","Sun May 03 09:33:33 UTC 2026","broken","Sun May 03 09:33:33 UTC 2026","TestChainId","test_network_parameters","",""
"","1","test_chainId[Test for Cere]","tests","Sun May 03 09:34:31 UTC 2026","passed","Sun May 03 09:34:31 UTC 2026","TestChainId","test_network_parameters","",""
"","0","test_can_create_connection[Test for Nodle Parachain, url: wss://nodle-parachain.api.onfinality.io/public-ws]","tests","Sun May 03 09:35:51 UTC 2026","broken","Sun May 03 09:35:51 UTC 2026","","test_nodes_availability","",""
"","7","test_has_new_assets[Test for Astar]","tests","Sun May 03 09:33:34 UTC 2026","passed","Sun May 03 09:33:34 UTC 2026","TestAssets","test_check_new_assets","",""
"","102","test_rpc_method_is_available[Test for Hydration, url: wss://hydration.dotters.network]","tests","Sun May 03 09:34:52 UTC 2026","passed","Sun May 03 09:34:52 UTC 2026","","test_rpc_methods_availability","",""
"","108","test_rpc_method_is_available[Test for Polkadot Relay, url: wss://1rpc.io/dot]","tests","Sun May 03 09:33:28 UTC 2026","passed","Sun May 03 09:33:28 UTC 2026","","test_rpc_methods_availability","",""
"","88","test_rpc_node_is_synced[Test for Polkadot Relay, url: wss://1rpc.io/dot]","tests","Sun May 03 09:33:31 UTC 2026","passed","Sun May 03 09:33:31 UTC 2026","","test_substrate_node_is_synced","",""
"","104","test_rpc_method_is_available[Test for Shiden, url: wss://shiden-rpc.n.dwellir.com]","tests","Sun May 03 09:34:37 UTC 2026","passed","Sun May 03 09:34:37 UTC 2026","","test_rpc_methods_availability","",""
"","111","test_rpc_method_is_available[Test for Kusama Relay, url: wss://kusama.public.curie.radiumblock.co/ws]","tests","Sun May 03 09:33:40 UTC 2026","passed","Sun May 03 09:33:40 UTC 2026","","test_rpc_methods_availability","",""
"","1","test_chainId[Test for Energy Web X]","tests","Sun May 03 09:34:13 UTC 2026","passed","Sun May 03 09:34:13 UTC 2026","TestChainId","test_network_parameters","",""
"","151","test_rpc_node_is_synced[Test for Kintsugi, url: wss://api-kusama.interlay.io/parachain]","tests","Sun May 03 09:34:06 UTC 2026","passed","Sun May 03 09:34:06 UTC 2026","","test_substrate_node_is_synced","",""
"","0","test_can_create_connection[Test for GIANT, url: wss://rpc-anchor-2-mainnet-az-ue1.giantprotocol.org:443]","tests","Sun May 03 09:37:10 UTC 2026","passed","Sun May 03 09:37:10 UTC 2026","","test_nodes_availability","",""
"","0","test_rpc_method_is_available[Test for DeepBrain, url: wss://info.dbcwallet.io]","tests","Sun May 03 09:37:24 UTC 2026","broken","Sun May 03 09:37:24 UTC 2026","","test_rpc_methods_availability","",""
"","104","test_rpc_method_is_available[Test for Aventus, url: wss://public-rpc.mainnet.aventus.io]","tests","Sun May 03 09:36:06 UTC 2026","passed","Sun May 03 09:36:06 UTC 2026","","test_rpc_methods_availability","",""
"","37","test_rpc_node_is_synced[Test for Avail, url: wss://mainnet.avail-rpc.com/]","tests","Sun May 03 09:38:28 UTC 2026","passed","Sun May 03 09:38:28 UTC 2026","","test_substrate_node_is_synced","",""
"","0","test_address_prefix[Test for Phala]","tests","Sun May 03 09:34:19 UTC 2026","broken","Sun May 03 09:34:19 UTC 2026","TestNetworkPrefix","test_network_parameters","",""
"","0","test_can_create_connection[Test for Kusama Bridge Hub, url: wss://bridge-hub-kusama.dotters.network]","tests","Sun May 03 09:37:25 UTC 2026","passed","Sun May 03 09:37:25 UTC 2026","","test_nodes_availability","",""
"","0","test_chainId[Test for Nodle Parachain]","tests","Sun May 03 09:33:38 UTC 2026","broken","Sun May 03 09:33:38 UTC 2026","TestChainId","test_network_parameters","",""
"","0","test_address_prefix[Test for Avail]","tests","Sun May 03 09:34:43 UTC 2026","passed","Sun May 03 09:34:43 UTC 2026","TestNetworkPrefix","test_network_parameters","",""
"","334","test_rpc_node_is_synced[Test for Karura, url: wss://karura-rpc-1.aca-api.network]","tests","Sun May 03 09:33:00 UTC 2026","passed","Sun May 03 09:33:00 UTC 2026","","test_substrate_node_is_synced","",""
"","226","test_rpc_node_is_synced[Test for Polkadot Asset Hub, url: wss://rpc-assethub.novasama-tech.org]","tests","Sun May 03 09:35:25 UTC 2026","passed","Sun May 03 09:35:25 UTC 2026","","test_substrate_node_is_synced","",""
"","0","test_address_prefix[Test for Darwinia]","tests","Sun May 03 09:33:54 UTC 2026","passed","Sun May 03 09:33:54 UTC 2026","TestNetworkPrefix","test_network_parameters","",""
"","0","test_can_create_connection[Test for Hydration, url: wss://rpc-hydra.novasama-tech.org]","tests","Sun May 03 09:34:54 UTC 2026","passed","Sun May 03 09:34:54 UTC 2026","","test_nodes_availability","",""
"","248","test_rpc_node_is_synced[Test for Shiden, url: wss://rpc.shiden.astar.network]","tests","Sun May 03 09:34:46 UTC 2026","passed","Sun May 03 09:34:46 UTC 2026","","test_substrate_node_is_synced","",""
"","6","test_has_new_assets[Test for DENTNet]","tests","Sun May 03 09:34:34 UTC 2026","passed","Sun May 03 09:34:34 UTC 2026","TestAssets","test_check_new_assets","",""
"","108","test_rpc_method_is_available[Test for DENTNet, url: wss://rpc.dentnet.io/ws]","tests","Sun May 03 09:37:09 UTC 2026","passed","Sun May 03 09:37:09 UTC 2026","","test_rpc_methods_availability","",""
"","51","test_rpc_node_is_synced[Test for GIANT, url: wss://rpc-anchor-2-mainnet-az-ue1.giantprotocol.org:443]","tests","Sun May 03 09:36:57 UTC 2026","passed","Sun May 03 09:36:57 UTC 2026","","test_substrate_node_is_synced","",""
"","103","test_rpc_method_is_available[Test for Polkadot Coretime, url: wss://sys.ibp.network/coretime-polkadot]","tests","Sun May 03 09:37:38 UTC 2026","passed","Sun May 03 09:37:38 UTC 2026","","test_rpc_methods_availability","",""
"","0","test_can_create_connection[Test for Acala, url: wss://acala-rpc-0.aca-api.network]","tests","Sun May 03 09:35:54 UTC 2026","passed","Sun May 03 09:35:54 UTC 2026","","test_nodes_availability","",""
"","0","test_can_create_connection[Test for Manta Atlantic, url: wss://ws.manta.systems]","tests","Sun May 03 09:37:42 UTC 2026","passed","Sun May 03 09:37:42 UTC 2026","","test_nodes_availability","",""
"","0","test_can_create_connection[Test for Kusama Bridge Hub, url: wss://ksm-rpc.stakeworld.io/bridgehub]","tests","Sun May 03 09:37:29 UTC 2026","passed","Sun May 03 09:37:29 UTC 2026","","test_nodes_availability","",""
"","0","test_can_create_connection[Test for Polkadot Relay, url: wss://rpc-polkadot.luckyfriday.io]","tests","Sun May 03 09:33:28 UTC 2026","passed","Sun May 03 09:33:28 UTC 2026","","test_nodes_availability","",""
"","98","test_rpc_method_is_available[Test for Cere, url: wss://rpc.mainnet.cere.network/ws]","tests","Sun May 03 09:38:02 UTC 2026","passed","Sun May 03 09:38:02 UTC 2026","","test_rpc_methods_availability","",""
"","0","test_chainId[Test for Heima]","tests","Sun May 03 09:34:12 UTC 2026","passed","Sun May 03 09:34:12 UTC 2026","TestChainId","test_network_parameters","",""
"","516","test_rpc_node_is_synced[Test for Karura, url: wss://karura-rpc-0.aca-api.network]","tests","Sun May 03 09:32:54 UTC 2026","passed","Sun May 03 09:32:55 UTC 2026","","test_substrate_node_is_synced","",""
"","232","test_rpc_node_is_synced[Test for Kusama Relay, url: wss://rpc-kusama-2.novasama-tech.org]","tests","Sun May 03 09:32:57 UTC 2026","passed","Sun May 03 09:32:57 UTC 2026","","test_substrate_node_is_synced","",""
"","37","test_rpc_node_is_synced[Test for Kusama People, url: wss://sys.ibp.network/people-kusama]","tests","Sun May 03 09:34:02 UTC 2026","passed","Sun May 03 09:34:02 UTC 2026","","test_substrate_node_is_synced","",""
"","135","test_rpc_node_is_synced[Test for Humanode, url: wss://explorer-rpc-ws.mainnet.stages.humanode.io]","tests","Sun May 03 09:38:14 UTC 2026","passed","Sun May 03 09:38:14 UTC 2026","","test_substrate_node_is_synced","",""
"","1","test_chainId[Test for Ajuna]","tests","Sun May 03 09:33:46 UTC 2026","passed","Sun May 03 09:33:46 UTC 2026","TestChainId","test_network_parameters","",""
"","7","test_has_new_assets[Test for Kusama Bridge Hub]","tests","Sun May 03 09:34:01 UTC 2026","passed","Sun May 03 09:34:01 UTC 2026","TestAssets","test_check_new_assets","",""
"","178","test_rpc_method_is_available[Test for Frequency, url: wss://0.rpc.frequency.xyz]","tests","Sun May 03 09:36:14 UTC 2026","passed","Sun May 03 09:36:14 UTC 2026","","test_rpc_methods_availability","",""
"","7","test_has_new_assets[Test for Ternoa]","tests","Sun May 03 09:33:31 UTC 2026","passed","Sun May 03 09:33:31 UTC 2026","TestAssets","test_check_new_assets","",""
"","1","test_address_prefix[Test for Laos]","tests","Sun May 03 09:34:59 UTC 2026","passed","Sun May 03 09:34:59 UTC 2026","TestNetworkPrefix","test_network_parameters","",""
"","273","test_rpc_node_is_synced[Test for Karura, url: wss://karura-rpc-2.aca-api.network/ws]","tests","Sun May 03 09:33:03 UTC 2026","passed","Sun May 03 09:33:04 UTC 2026","","test_substrate_node_is_synced","",""
"","0","test_has_new_assets[Test for QUARTZ]","tests","Sun May 03 09:33:05 UTC 2026","broken","Sun May 03 09:33:05 UTC 2026","TestAssets","test_check_new_assets","",""
"","155","test_rpc_node_is_synced[Test for Polkadot Bridge Hub, url: wss://dot-rpc.stakeworld.io/bridgehub]","tests","Sun May 03 09:38:01 UTC 2026","passed","Sun May 03 09:38:01 UTC 2026","","test_substrate_node_is_synced","",""
"","0","test_can_create_connection[Test for Bifrost Polkadot, url: wss://bifrost-polkadot.ibp.network]","tests","Sun May 03 09:35:21 UTC 2026","broken","Sun May 03 09:35:21 UTC 2026","","test_nodes_availability","",""
"","0","test_can_create_connection[Test for Shiden, url: wss://shiden.public.curie.radiumblock.co/ws]","tests","Sun May 03 09:34:46 UTC 2026","passed","Sun May 03 09:34:46 UTC 2026","","test_nodes_availability","",""
"","0","test_address_prefix[Test for Energy Web X]","tests","Sun May 03 09:34:18 UTC 2026","passed","Sun May 03 09:34:18 UTC 2026","TestNetworkPrefix","test_network_parameters","",""
"","1","test_can_create_connection[Test for Polkadot Bridge Hub, url: wss://dot-rpc.stakeworld.io/bridgehub]","tests","Sun May 03 09:38:14 UTC 2026","passed","Sun May 03 09:38:14 UTC 2026","","test_nodes_availability","",""
"","0","test_rpc_method_is_available[Test for Hyperbridge Nexus, url: wss://hyperbridge-nexus-rpc.blockops.network]","tests","Sun May 03 09:37:41 UTC 2026","broken","Sun May 03 09:37:41 UTC 2026","","test_rpc_methods_availability","",""
"","105","test_rpc_method_is_available[Test for Centrifuge Parachain, url: wss://rpc-centrifuge.luckyfriday.io]","tests","Sun May 03 09:34:27 UTC 2026","passed","Sun May 03 09:34:27 UTC 2026","","test_rpc_methods_availability","",""
"","11","test_has_new_assets[Test for Laos]","tests","Sun May 03 09:34:42 UTC 2026","passed","Sun May 03 09:34:42 UTC 2026","TestAssets","test_check_new_assets","",""
"","0","test_can_create_connection[Test for Kusama Bridge Hub, url: wss://sys.ibp.network/bridgehub-kusama]","tests","Sun May 03 09:38:17 UTC 2026","passed","Sun May 03 09:38:17 UTC 2026","","test_nodes_availability","",""
"","99","test_rpc_method_is_available[Test for Bifrost Kusama, url: wss://us.bifrost-rpc.liebi.com/ws]","tests","Sun May 03 09:35:01 UTC 2026","passed","Sun May 03 09:35:01 UTC 2026","","test_rpc_methods_availability","",""
"","1","test_chainId[Test for DAO IPCI]","tests","Sun May 03 09:33:46 UTC 2026","passed","Sun May 03 09:33:46 UTC 2026","TestChainId","test_network_parameters","",""
"","136","test_rpc_node_is_synced[Test for Acala, url: wss://acala-rpc.n.dwellir.com]","tests","Sun May 03 09:34:52 UTC 2026","passed","Sun May 03 09:34:52 UTC 2026","","test_substrate_node_is_synced","",""
"","106","test_rpc_method_is_available[Test for Centrifuge Parachain, url: wss://fullnode.centrifuge.io]","tests","Sun May 03 09:34:22 UTC 2026","passed","Sun May 03 09:34:22 UTC 2026","","test_rpc_methods_availability","",""
"","147","test_rpc_method_is_available[Test for Polkadot Asset Hub, url: wss://rpc-assethub.novasama-tech.org]","tests","Sun May 03 09:34:30 UTC 2026","passed","Sun May 03 09:34:30 UTC 2026","","test_rpc_methods_availability","",""
"","0","test_chainId[Test for Bittensor]","tests","Sun May 03 09:33:41 UTC 2026","passed","Sun May 03 09:33:41 UTC 2026","TestChainId","test_network_parameters","",""
"","7","test_has_new_assets[Test for Polkadot Collectives]","tests","Sun May 03 09:34:04 UTC 2026","passed","Sun May 03 09:34:04 UTC 2026","TestAssets","test_check_new_assets","",""
"","0","test_address_prefix[Test for Shiden]","tests","Sun May 03 09:32:56 UTC 2026","passed","Sun May 03 09:32:56 UTC 2026","TestNetworkPrefix","test_network_parameters","",""
"","0","test_rpc_method_is_available[Test for Phala, url: wss://phala-rpc.n.dwellir.com]","tests","Sun May 03 09:34:24 UTC 2026","broken","Sun May 03 09:34:24 UTC 2026","","test_rpc_methods_availability","",""
"","219","test_rpc_node_is_synced[Test for Crust Shadow, url: wss://rpc-sha-subscan.crustnetwork.xyz]","tests","Sun May 03 09:34:17 UTC 2026","passed","Sun May 03 09:34:17 UTC 2026","","test_substrate_node_is_synced","",""
"","0","test_can_create_connection[Test for Centrifuge Parachain, url: wss://fullnode.centrifuge.io]","tests","Sun May 03 09:34:37 UTC 2026","passed","Sun May 03 09:34:37 UTC 2026","","test_nodes_availability","",""
"","0","test_rpc_node_is_synced[Test for Bifrost Polkadot, url: wss://bifrost-polkadot.dotters.network]","tests","Sun May 03 09:35:26 UTC 2026","broken","Sun May 03 09:35:26 UTC 2026","","test_substrate_node_is_synced","",""
"","0","test_can_create_connection[Test for Kusama People, url: wss://people-kusama.dotters.network]","tests","Sun May 03 09:33:56 UTC 2026","passed","Sun May 03 09:33:56 UTC 2026","","test_nodes_availability","",""
"","171","test_rpc_method_is_available[Test for Kusama Relay, url: wss://rpc-kusama.luckyfriday.io]","tests","Sun May 03 09:33:27 UTC 2026","passed","Sun May 03 09:33:27 UTC 2026","","test_rpc_methods_availability","",""
"","0","test_can_create_connection[Test for Encointer, url: wss://encointer-kusama.dotters.network]","tests","Sun May 03 09:37:08 UTC 2026","passed","Sun May 03 09:37:08 UTC 2026","","test_nodes_availability","",""
"","0","test_rpc_node_is_synced[Test for Nodle Parachain, url: wss://nodle-parachain.api.onfinality.io/public-ws]","tests","Sun May 03 09:34:29 UTC 2026","broken","Sun May 03 09:34:29 UTC 2026","","test_substrate_node_is_synced","",""
"","158","test_rpc_node_is_synced[Test for Polkadot Relay, url: wss://rpc-polkadot-2.novasama-tech.org]","tests","Sun May 03 09:33:00 UTC 2026","passed","Sun May 03 09:33:01 UTC 2026","","test_substrate_node_is_synced","",""
"","0","test_precision[Test for Kreivo]","tests","Sun May 03 09:34:27 UTC 2026","passed","Sun May 03 09:34:27 UTC 2026","TestPrecision","test_network_parameters","",""
"","46","test_rpc_node_is_synced[Test for 3DPass, url: wss://rpc.p3d.top]","tests","Sun May 03 09:36:50 UTC 2026","passed","Sun May 03 09:36:50 UTC 2026","","test_substrate_node_is_synced","",""
"","98","test_rpc_method_is_available[Test for Acala, url: wss://acala-rpc-2.aca-api.network/ws]","tests","Sun May 03 09:33:41 UTC 2026","passed","Sun May 03 09:33:41 UTC 2026","","test_rpc_methods_availability","",""
"","36","test_rpc_node_is_synced[Test for Polkadot Coretime, url: wss://sys.ibp.network/coretime-polkadot]","tests","Sun May 03 09:39:10 UTC 2026","passed","Sun May 03 09:39:10 UTC 2026","","test_substrate_node_is_synced","",""
"","0","test_address_prefix[Test for Polkadot Relay]","tests","Sun May 03 09:32:54 UTC 2026","passed","Sun May 03 09:32:54 UTC 2026","TestNetworkPrefix","test_network_parameters","",""
"","0","test_precision[Test for Enjin Relay]","tests","Sun May 03 09:34:12 UTC 2026","passed","Sun May 03 09:34:12 UTC 2026","TestPrecision","test_network_parameters","",""
"","1","test_can_create_connection[Test for Mythos, url: wss://mythos-rpc.dmarket.com]","tests","Sun May 03 09:38:01 UTC 2026","passed","Sun May 03 09:38:01 UTC 2026","","test_nodes_availability","",""
"","0","test_can_create_connection[Test for Polkadot Relay, url: wss://rpc-polkadot-1.novasama-tech.org]","tests","Sun May 03 09:32:50 UTC 2026","passed","Sun May 03 09:32:50 UTC 2026","","test_nodes_availability","",""
"","6","test_has_new_assets[Test for Polkadot Coretime]","tests","Sun May 03 09:34:47 UTC 2026","passed","Sun May 03 09:34:47 UTC 2026","TestAssets","test_check_new_assets","",""
"","0","test_can_create_connection[Test for DeepBrain, url: wss://info.dbcwallet.io]","tests","Sun May 03 09:38:42 UTC 2026","broken","Sun May 03 09:38:42 UTC 2026","","test_nodes_availability","",""
"","11","test_has_new_assets[Test for Energy Web X]","tests","Sun May 03 09:34:12 UTC 2026","passed","Sun May 03 09:34:12 UTC 2026","TestAssets","test_check_new_assets","",""
"","169","test_rpc_node_is_synced[Test for Bifrost Polkadot, url: wss://hk.p.bifrost-rpc.liebi.com/ws]","tests","Sun May 03 09:35:33 UTC 2026","passed","Sun May 03 09:35:33 UTC 2026","","test_substrate_node_is_synced","",""
"","200","test_rpc_method_is_available[Test for Polkadot Relay, url: wss://rpc-polkadot-1.novasama-tech.org]","tests","Sun May 03 09:32:51 UTC 2026","passed","Sun May 03 09:32:51 UTC 2026","","test_rpc_methods_availability","",""
"","49","test_rpc_node_is_synced[Test for Polkadot Relay, url: wss://rpc-polkadot.luckyfriday.io]","tests","Sun May 03 09:33:35 UTC 2026","passed","Sun May 03 09:33:35 UTC 2026","","test_substrate_node_is_synced","",""
"","131","test_rpc_method_is_available[Test for Polkadot Bridge Hub, url: wss://bridge-hub-polkadot.dotters.network]","tests","Sun May 03 09:36:44 UTC 2026","passed","Sun May 03 09:36:44 UTC 2026","","test_rpc_methods_availability","",""
"","108","test_rpc_method_is_available[Test for Kusama Relay, url: wss://1rpc.io/ksm]","tests","Sun May 03 09:33:34 UTC 2026","passed","Sun May 03 09:33:34 UTC 2026","","test_rpc_methods_availability","",""
"","53","test_rpc_node_is_synced[Test for Zeitgeist, url: wss://zeitgeist.api.onfinality.io/public-ws]","tests","Sun May 03 09:34:12 UTC 2026","passed","Sun May 03 09:34:12 UTC 2026","","test_substrate_node_is_synced","",""
"","1","test_address_prefix[Test for Crust Polkadot Parachain]","tests","Sun May 03 09:33:48 UTC 2026","passed","Sun May 03 09:33:48 UTC 2026","TestNetworkPrefix","test_network_parameters","",""
"","66","test_rpc_node_is_synced[Test for Moonriver, url: wss://wss.api.moonriver.moonbeam.network]","tests","Sun May 03 09:33:57 UTC 2026","passed","Sun May 03 09:33:57 UTC 2026","","test_substrate_node_is_synced","",""
"","1","test_can_create_connection[Test for Moonriver, url: wss://moonriver-rpc.publicnode.com]","tests","Sun May 03 09:33:36 UTC 2026","passed","Sun May 03 09:33:36 UTC 2026","","test_nodes_availability","",""
"","0","test_can_create_connection[Test for Avail, url: wss://avail.api.onfinality.io/public-ws]","tests","Sun May 03 09:38:39 UTC 2026","passed","Sun May 03 09:38:39 UTC 2026","","test_nodes_availability","",""
"","7","test_has_new_assets[Test for krest]","tests","Sun May 03 09:34:07 UTC 2026","passed","Sun May 03 09:34:07 UTC 2026","TestAssets","test_check_new_assets","",""
"","0","test_can_create_connection[Test for Kusama People, url: wss://sys.ibp.network/people-kusama]","tests","Sun May 03 09:33:52 UTC 2026","passed","Sun May 03 09:33:52 UTC 2026","","test_nodes_availability","",""
"","106","test_rpc_method_is_available[Test for UNIQUE, url: wss://us-ws.unique.network/]","tests","Sun May 03 09:35:54 UTC 2026","passed","Sun May 03 09:35:54 UTC 2026","","test_rpc_methods_availability","",""
"","143","test_rpc_method_is_available[Test for Polkadot People, url: wss://rpc-people-polkadot.luckyfriday.io]","tests","Sun May 03 09:33:01 UTC 2026","passed","Sun May 03 09:33:01 UTC 2026","","test_rpc_methods_availability","",""
"","0","test_chainId[Test for UNIQUE]","tests","Sun May 03 09:34:16 UTC 2026","passed","Sun May 03 09:34:16 UTC 2026","TestChainId","test_network_parameters","",""
"","0","test_chainId[Test for GIANT]","tests","Sun May 03 09:33:56 UTC 2026","passed","Sun May 03 09:33:56 UTC 2026","TestChainId","test_network_parameters","",""
"","0","test_can_create_connection[Test for Kintsugi, url: wss://api-kusama.interlay.io/parachain]","tests","Sun May 03 09:34:11 UTC 2026","passed","Sun May 03 09:34:11 UTC 2026","","test_nodes_availability","",""
"","0","test_can_create_connection[Test for Aventus, url: wss://avn-parachain.mainnet.aventus.io]","tests","Sun May 03 09:36:26 UTC 2026","passed","Sun May 03 09:36:26 UTC 2026","","test_nodes_availability","",""
"","0","test_address_prefix[Test for Aventus]","tests","Sun May 03 09:33:53 UTC 2026","passed","Sun May 03 09:33:53 UTC 2026","TestNetworkPrefix","test_network_parameters","",""
"","1","test_address_prefix[Test for Westend (TESTNET)]","tests","Sun May 03 09:33:05 UTC 2026","passed","Sun May 03 09:33:05 UTC 2026","TestNetworkPrefix","test_network_parameters","",""
"","0","test_chainId[Test for Creditcoin]","tests","Sun May 03 09:34:42 UTC 2026","passed","Sun May 03 09:34:42 UTC 2026","TestChainId","test_network_parameters","",""
"","98","test_rpc_method_is_available[Test for Acurast Canary, url: wss://public-rpc.canary.acurast.com]","tests","Sun May 03 09:36:53 UTC 2026","passed","Sun May 03 09:36:53 UTC 2026","","test_rpc_methods_availability","",""
"","0","test_can_create_connection[Test for DENTNet, url: wss://rpc.dentnet.io/ws]","tests","Sun May 03 09:38:26 UTC 2026","passed","Sun May 03 09:38:26 UTC 2026","","test_nodes_availability","",""
"","142","test_rpc_node_is_synced[Test for NeuroWeb, url: wss://parachain-rpc.origin-trail.network]","tests","Sun May 03 09:36:03 UTC 2026","passed","Sun May 03 09:36:03 UTC 2026","","test_substrate_node_is_synced","",""
"","160","test_rpc_method_is_available[Test for Polkadot Asset Hub, url: wss://asset-hub-polkadot-rpc.n.dwellir.com]","tests","Sun May 03 09:34:37 UTC 2026","passed","Sun May 03 09:34:37 UTC 2026","","test_rpc_methods_availability","",""
"","0","test_rpc_method_is_available[Test for UNIQUE, url: wss://unique.ibp.network]","tests","Sun May 03 09:35:09 UTC 2026","broken","Sun May 03 09:35:09 UTC 2026","","test_rpc_methods_availability","",""
"","0","test_chainId[Test for Phala]","tests","Sun May 03 09:34:18 UTC 2026","broken","Sun May 03 09:34:18 UTC 2026","TestChainId","test_network_parameters","",""
"","0","test_rpc_method_is_available[Test for Hyperbridge Nexus, url: wss://nexus.dotters.network]","tests","Sun May 03 09:37:33 UTC 2026","broken","Sun May 03 09:37:33 UTC 2026","","test_rpc_methods_availability","",""
"","178","test_rpc_method_is_available[Test for Polkadot Coretime, url: wss://polkadot-coretime-rpc.polkadot.io]","tests","Sun May 03 09:37:37 UTC 2026","passed","Sun May 03 09:37:37 UTC 2026","","test_rpc_methods_availability","",""
"","11","test_has_new_assets[Test for Frequency]","tests","Sun May 03 09:34:05 UTC 2026","passed","Sun May 03 09:34:05 UTC 2026","TestAssets","test_check_new_assets","",""
"","0","test_address_prefix[Test for Heima]","tests","Sun May 03 09:33:57 UTC 2026","passed","Sun May 03 09:33:57 UTC 2026","TestNetworkPrefix","test_network_parameters","",""
"","0","test_can_create_connection[Test for Crust Shadow, url: wss://rpc2-shadow.crust.network/]","tests","Sun May 03 09:34:25 UTC 2026","passed","Sun May 03 09:34:25 UTC 2026","","test_nodes_availability","",""
"","0","test_chainId[Test for Tangle]","tests","Sun May 03 09:34:55 UTC 2026","broken","Sun May 03 09:34:55 UTC 2026","TestChainId","test_network_parameters","",""
"","0","test_precision[Test for Heima]","tests","Sun May 03 09:33:33 UTC 2026","passed","Sun May 03 09:33:33 UTC 2026","TestPrecision","test_network_parameters","",""
"","0","test_can_create_connection[Test for Bifrost Polkadot, url: wss://bifrost-polkadot.dotters.network]","tests","Sun May 03 09:35:33 UTC 2026","broken","Sun May 03 09:35:33 UTC 2026","","test_nodes_availability","",""
"","108","test_rpc_method_is_available[Test for Robonomics, url: wss://kusama.rpc.robonomics.network/]","tests","Sun May 03 09:34:53 UTC 2026","passed","Sun May 03 09:34:53 UTC 2026","","test_rpc_methods_availability","",""
"","0","test_can_create_connection[Test for JAMTON, url: wss://rpc.jamton.network]","tests","Sun May 03 09:38:46 UTC 2026","passed","Sun May 03 09:38:46 UTC 2026","","test_nodes_availability","",""
"","1","test_can_create_connection[Test for Acurast, url: wss://public-archive.mainnet.acurast.com]","tests","Sun May 03 09:39:17 UTC 2026","passed","Sun May 03 09:39:17 UTC 2026","","test_nodes_availability","",""
"","0","test_can_create_connection[Test for Hyperbridge Nexus, url: wss://nexus.ibp.network]","tests","Sun May 03 09:38:13 UTC 2026","broken","Sun May 03 09:38:13 UTC 2026","","test_nodes_availability","",""
"","0","test_precision[Test for 3DPass]","tests","Sun May 03 09:33:49 UTC 2026","passed","Sun May 03 09:33:49 UTC 2026","TestPrecision","test_network_parameters","",""
"","0","test_chainId[Test for Polkadot Relay]","tests","Sun May 03 09:33:10 UTC 2026","passed","Sun May 03 09:33:10 UTC 2026","TestChainId","test_network_parameters","",""
"","101","test_rpc_method_is_available[Test for Moonriver, url: wss://wss.api.moonriver.moonbeam.network]","tests","Sun May 03 09:33:48 UTC 2026","passed","Sun May 03 09:33:48 UTC 2026","","test_rpc_methods_availability","",""
"","0","test_chainId[Test for Curio]","tests","Sun May 03 09:34:29 UTC 2026","broken","Sun May 03 09:34:29 UTC 2026","TestChainId","test_network_parameters","",""
"","0","test_precision[Test for DAO IPCI]","tests","Sun May 03 09:33:58 UTC 2026","passed","Sun May 03 09:33:58 UTC 2026","TestPrecision","test_network_parameters","",""
"","27","test_rpc_node_is_synced[Test for Pendulum, url: wss://rpc-pendulum.prd.pendulumchain.tech]","tests","Sun May 03 09:36:10 UTC 2026","passed","Sun May 03 09:36:10 UTC 2026","","test_substrate_node_is_synced","",""
"","0","test_rpc_method_is_available[Test for Kusama People, url: wss://sys.ibp.network/people-kusama]","tests","Sun May 03 09:33:19 UTC 2026","broken","Sun May 03 09:33:19 UTC 2026","","test_rpc_methods_availability","",""
"","0","test_can_create_connection[Test for Acurast Canary, url: wss://public-rpc.canary.acurast.com]","tests","Sun May 03 09:38:02 UTC 2026","passed","Sun May 03 09:38:02 UTC 2026","","test_nodes_availability","",""
"","6","test_has_new_assets[Test for Kusama Coretime]","tests","Sun May 03 09:34:57 UTC 2026","passed","Sun May 03 09:34:57 UTC 2026","TestAssets","test_check_new_assets","",""
"","1","test_address_prefix[Test for Kreivo]","tests","Sun May 03 09:34:35 UTC 2026","passed","Sun May 03 09:34:35 UTC 2026","TestNetworkPrefix","test_network_parameters","",""
"","0","test_can_create_connection[Test for Phala, url: wss://phala-rpc.n.dwellir.com]","tests","Sun May 03 09:36:03 UTC 2026","broken","Sun May 03 09:36:03 UTC 2026","","test_nodes_availability","",""
"","0","test_rpc_node_is_synced[Test for Moonriver, url: wss://moonriver.public.curie.radiumblock.co/ws]","tests","Sun May 03 09:34:26 UTC 2026","broken","Sun May 03 09:34:26 UTC 2026","","test_substrate_node_is_synced","",""
"","0","test_precision[Test for Aventus]","tests","Sun May 03 09:33:44 UTC 2026","passed","Sun May 03 09:33:44 UTC 2026","TestPrecision","test_network_parameters","",""
"","11","test_has_new_assets[Test for 3DPass]","tests","Sun May 03 09:33:50 UTC 2026","passed","Sun May 03 09:33:50 UTC 2026","TestAssets","test_check_new_assets","",""
"","142","test_rpc_method_is_available[Test for Kusama People, url: wss://ksm-rpc.stakeworld.io/people]","tests","Sun May 03 09:33:26 UTC 2026","passed","Sun May 03 09:33:26 UTC 2026","","test_rpc_methods_availability","",""
"","177","test_rpc_method_is_available[Test for Acala, url: wss://acala-rpc-0.aca-api.network]","tests","Sun May 03 09:35:52 UTC 2026","passed","Sun May 03 09:35:52 UTC 2026","","test_rpc_methods_availability","",""
"","7","test_has_new_assets[Test for Acurast Canary]","tests","Sun May 03 09:34:30 UTC 2026","passed","Sun May 03 09:34:30 UTC 2026","TestAssets","test_check_new_assets","",""
"","136","test_rpc_node_is_synced[Test for Shiden, url: wss://shiden-rpc.n.dwellir.com]","tests","Sun May 03 09:34:52 UTC 2026","passed","Sun May 03 09:34:52 UTC 2026","","test_substrate_node_is_synced","",""
"","74","test_rpc_node_is_synced[Test for Crust Polkadot Parachain, url: wss://crust-parachain.crustapps.net]","tests","Sun May 03 09:36:13 UTC 2026","passed","Sun May 03 09:36:13 UTC 2026","","test_substrate_node_is_synced","",""
"","99","test_rpc_method_is_available[Test for Laos, url: wss://rpc.laos.laosfoundation.io]","tests","Sun May 03 09:37:30 UTC 2026","passed","Sun May 03 09:37:31 UTC 2026","","test_rpc_methods_availability","",""
"","51","test_rpc_node_is_synced[Test for Kusama Coretime, url: wss://coretime-kusama.dotters.network]","tests","Sun May 03 09:38:38 UTC 2026","passed","Sun May 03 09:38:38 UTC 2026","","test_substrate_node_is_synced","",""
"","1","test_address_prefix[Test for JAMTON]","tests","Sun May 03 09:34:58 UTC 2026","passed","Sun May 03 09:34:58 UTC 2026","TestNetworkPrefix","test_network_parameters","",""
"","96","test_rpc_method_is_available[Test for Kusama Coretime, url: wss://rpc-coretime-kusama.luckyfriday.io]","tests","Sun May 03 09:37:39 UTC 2026","passed","Sun May 03 09:37:40 UTC 2026","","test_rpc_methods_availability","",""
"","0","test_can_create_connection[Test for XX network, url: wss://rpc.xx.network]","tests","Sun May 03 09:36:52 UTC 2026","passed","Sun May 03 09:36:52 UTC 2026","","test_nodes_availability","",""
"","0","test_can_create_connection[Test for Cere, url: wss://rpc.mainnet.cere.network/ws]","tests","Sun May 03 09:39:07 UTC 2026","passed","Sun May 03 09:39:07 UTC 2026","","test_nodes_availability","",""
"","0","test_address_prefix[Test for Curio]","tests","Sun May 03 09:34:30 UTC 2026","broken","Sun May 03 09:34:30 UTC 2026","TestNetworkPrefix","test_network_parameters","",""
"","105","test_rpc_method_is_available[Test for Kusama Asset Hub, url: wss://sys.ibp.network/statemine]","tests","Sun May 03 09:33:54 UTC 2026","passed","Sun May 03 09:33:55 UTC 2026","","test_rpc_methods_availability","",""
"","108","test_rpc_method_is_available[Test for Frequency, url: wss://1.rpc.frequency.xyz]","tests","Sun May 03 09:36:16 UTC 2026","passed","Sun May 03 09:36:16 UTC 2026","","test_rpc_methods_availability","",""
"","1","test_can_create_connection[Test for Karura, url: wss://karura-rpc-0.aca-api.network]","tests","Sun May 03 09:32:49 UTC 2026","passed","Sun May 03 09:32:49 UTC 2026","","test_nodes_availability","",""
"","147","test_rpc_node_is_synced[Test for Ajuna, url: wss://rpc-para.ajuna.network]","tests","Sun May 03 09:36:13 UTC 2026","passed","Sun May 03 09:36:13 UTC 2026","","test_substrate_node_is_synced","",""
"","0","test_precision[Test for Energy Web X]","tests","Sun May 03 09:34:09 UTC 2026","passed","Sun May 03 09:34:09 UTC 2026","TestPrecision","test_network_parameters","",""
"","118","test_rpc_node_work_fast[Test for Ethereum, url: https://1rpc.io/eth]","tests","Sun May 03 09:32:55 UTC 2026","failed","Sun May 03 09:32:56 UTC 2026","TestETHNodesAvailability","test_eth_nodes_availability","",""
"","152","test_rpc_node_is_synced[Test for Kusama Coretime, url: wss://ksm-rpc.stakeworld.io/coretime]","tests","Sun May 03 09:38:43 UTC 2026","passed","Sun May 03 09:38:44 UTC 2026","","test_substrate_node_is_synced","",""
"","6","test_has_new_assets[Test for Cere]","tests","Sun May 03 09:34:27 UTC 2026","passed","Sun May 03 09:34:27 UTC 2026","TestAssets","test_check_new_assets","",""
"","0","test_address_prefix[Test for Nodle Parachain]","tests","Sun May 03 09:33:39 UTC 2026","broken","Sun May 03 09:33:39 UTC 2026","TestNetworkPrefix","test_network_parameters","",""
"","0","test_precision[Test for Tangle]","tests","Sun May 03 09:34:50 UTC 2026","broken","Sun May 03 09:34:50 UTC 2026","TestPrecision","test_network_parameters","",""
"","0","test_can_create_connection[Test for Karura, url: wss://karura-rpc-3.aca-api.network/ws]","tests","Sun May 03 09:33:00 UTC 2026","passed","Sun May 03 09:33:00 UTC 2026","","test_nodes_availability","",""
"","0","test_precision[Test for krest]","tests","Sun May 03 09:34:04 UTC 2026","passed","Sun May 03 09:34:04 UTC 2026","TestPrecision","test_network_parameters","",""
"","1","test_can_create_connection[Test for Joystream, url: wss://rpc.joystream.org]","tests","Sun May 03 09:37:40 UTC 2026","passed","Sun May 03 09:37:40 UTC 2026","","test_nodes_availability","",""
"","0","test_can_create_connection[Test for Moonriver, url: wss://wss.api.moonriver.moonbeam.network]","tests","Sun May 03 09:33:47 UTC 2026","passed","Sun May 03 09:33:47 UTC 2026","","test_nodes_availability","",""
"","8","test_has_new_assets[Test for Aleph Zero]","tests","Sun May 03 09:34:36 UTC 2026","passed","Sun May 03 09:34:36 UTC 2026","TestAssets","test_check_new_assets","",""
"","127","test_rpc_node_is_synced[Test for Vara, url: wss://rpc.vara-network.io]","tests","Sun May 03 09:36:56 UTC 2026","passed","Sun May 03 09:36:56 UTC 2026","","test_substrate_node_is_synced","",""
"","147","test_rpc_node_is_synced[Test for UNIQUE, url: wss://eu-ws.unique.network/]","tests","Sun May 03 09:35:57 UTC 2026","passed","Sun May 03 09:35:57 UTC 2026","","test_substrate_node_is_synced","",""
"","0","test_can_create_connection[Test for Amplitude, url: wss://rpc-amplitude.pendulumchain.tech]","tests","Sun May 03 09:36:34 UTC 2026","broken","Sun May 03 09:36:34 UTC 2026","","test_nodes_availability","",""
"","0","test_can_create_connection[Test for Polkadot Relay, url: wss://1rpc.io/dot]","tests","Sun May 03 09:33:24 UTC 2026","passed","Sun May 03 09:33:24 UTC 2026","","test_nodes_availability","",""
"","0","test_can_create_connection[Test for Polkadot Coretime, url: wss://rpc-coretime-polkadot.luckyfriday.io]","tests","Sun May 03 09:38:52 UTC 2026","passed","Sun May 03 09:38:52 UTC 2026","","test_nodes_availability","",""
"","113","test_rpc_method_is_available[Test for Basilisk, url: wss://basilisk-rpc.n.dwellir.com]","tests","Sun May 03 09:35:07 UTC 2026","passed","Sun May 03 09:35:07 UTC 2026","","test_rpc_methods_availability","",""
"","100","test_rpc_method_is_available[Test for Polkadot Asset Hub, url: wss://asset-hub-polkadot.dotters.network]","tests","Sun May 03 09:34:50 UTC 2026","passed","Sun May 03 09:34:50 UTC 2026","","test_rpc_methods_availability","",""
"","177","test_rpc_method_is_available[Test for Energy Web X, url: wss://public-rpc.mainnet.energywebx.com/]","tests","Sun May 03 09:36:46 UTC 2026","passed","Sun May 03 09:36:46 UTC 2026","","test_rpc_methods_availability","",""
"","0","test_chainId[Test for Polkadot Bridge Hub]","tests","Sun May 03 09:33:58 UTC 2026","passed","Sun May 03 09:33:58 UTC 2026","TestChainId","test_network_parameters","",""
"","184","test_rpc_node_is_synced[Test for Bittensor, url: wss://bittensor-finney.api.onfinality.io/public-ws]","tests","Sun May 03 09:36:30 UTC 2026","passed","Sun May 03 09:36:30 UTC 2026","","test_substrate_node_is_synced","",""
"","0","test_can_create_connection[Test for Phala, url: wss://api.phala.network/ws]","tests","Sun May 03 09:36:44 UTC 2026","broken","Sun May 03 09:36:44 UTC 2026","","test_nodes_availability","",""
"","0","test_can_create_connection[Test for Moonriver, url: wss://moonriver.public.curie.radiumblock.co/ws]","tests","Sun May 03 09:34:17 UTC 2026","broken","Sun May 03 09:34:17 UTC 2026","","test_nodes_availability","",""
"","0","test_can_create_connection[Test for Kusama Asset Hub, url: wss://sys.ibp.network/statemine]","tests","Sun May 03 09:35:15 UTC 2026","broken","Sun May 03 09:35:15 UTC 2026","","test_nodes_availability","",""
"","151","test_rpc_node_is_synced[Test for Heima, url: wss://rpc.litentry-parachain.litentry.io]","tests","Sun May 03 09:35:46 UTC 2026","passed","Sun May 03 09:35:46 UTC 2026","","test_substrate_node_is_synced","",""
"","0","test_rpc_node_is_synced[Test for Ajuna, url: wss://ajuna.dotters.network]","tests","Sun May 03 09:36:36 UTC 2026","broken","Sun May 03 09:36:36 UTC 2026","","test_substrate_node_is_synced","",""
"","113","test_rpc_method_is_available[Test for Kusama Relay, url: wss://apps-kusama-rpc.polkadot.io]","tests","Sun May 03 09:33:23 UTC 2026","passed","Sun May 03 09:33:23 UTC 2026","","test_rpc_methods_availability","",""
"","0","test_can_create_connection[Test for Robonomics, url: wss://kusama.rpc.robonomics.network/]","tests","Sun May 03 09:36:08 UTC 2026","passed","Sun May 03 09:36:08 UTC 2026","","test_nodes_availability","",""
"","100","test_rpc_method_is_available[Test for Polkadot Collectives, url: wss://collectives.public.curie.radiumblock.co/ws]","tests","Sun May 03 09:36:28 UTC 2026","passed","Sun May 03 09:36:28 UTC 2026","","test_rpc_methods_availability","",""
"","7","test_has_new_assets[Test for Polkadex]","tests","Sun May 03 09:33:38 UTC 2026","passed","Sun May 03 09:33:38 UTC 2026","TestAssets","test_check_new_assets","",""
"","151","test_rpc_method_is_available[Test for Polkadot People, url: wss://people-polkadot.public.curie.radiumblock.co/ws]","tests","Sun May 03 09:33:04 UTC 2026","passed","Sun May 03 09:33:04 UTC 2026","","test_rpc_methods_availability","",""
"","0","test_chainId[Test for krest]","tests","Sun May 03 09:34:09 UTC 2026","passed","Sun May 03 09:34:09 UTC 2026","TestChainId","test_network_parameters","",""
"","11","test_has_new_assets[Test for Polkadot Bridge Hub]","tests","Sun May 03 09:33:59 UTC 2026","passed","Sun May 03 09:33:59 UTC 2026","TestAssets","test_check_new_assets","",""
"","51","test_rpc_node_is_synced[Test for Polkadot Relay, url: wss://polkadot.dotters.network]","tests","Sun May 03 09:33:12 UTC 2026","passed","Sun May 03 09:33:12 UTC 2026","","test_substrate_node_is_synced","",""
"","214","test_rpc_node_is_synced[Test for Crust Shadow, url: wss://rpc2-shadow.crust.network/]","tests","Sun May 03 09:34:22 UTC 2026","passed","Sun May 03 09:34:22 UTC 2026","","test_substrate_node_is_synced","",""
"","1","test_can_create_connection[Test for Kusama Relay, url: wss://rpc-kusama.luckyfriday.io]","tests","Sun May 03 09:34:10 UTC 2026","passed","Sun May 03 09:34:10 UTC 2026","","test_nodes_availability","",""
"","0","test_precision[Test for Acurast Canary]","tests","Sun May 03 09:34:17 UTC 2026","passed","Sun May 03 09:34:17 UTC 2026","TestPrecision","test_network_parameters","",""
"","0","test_can_create_connection[Test for Polkadot Asset Hub, url: wss://asset-hub-polkadot.dotters.network]","tests","Sun May 03 09:36:04 UTC 2026","passed","Sun May 03 09:36:04 UTC 2026","","test_nodes_availability","",""
"","0","test_can_create_connection[Test for Karura, url: wss://karura-rpc-2.aca-api.network/ws]","tests","Sun May 03 09:32:56 UTC 2026","passed","Sun May 03 09:32:56 UTC 2026","","test_nodes_availability","",""
"","0","test_chainId[Test for Kusama Bridge Hub]","tests","Sun May 03 09:34:02 UTC 2026","passed","Sun May 03 09:34:02 UTC 2026","TestChainId","test_network_parameters","",""
"","51","test_rpc_node_is_synced[Test for Kusama Relay, url: wss://kusama.dotters.network]","tests","Sun May 03 09:33:07 UTC 2026","passed","Sun May 03 09:33:08 UTC 2026","","test_substrate_node_is_synced","",""
"","0","test_address_prefix[Test for Bittensor]","tests","Sun May 03 09:33:38 UTC 2026","passed","Sun May 03 09:33:38 UTC 2026","TestNetworkPrefix","test_network_parameters","",""
"","681","test_rpc_node_is_synced[Test for Acurast Canary, url: wss://public-rpc.canary.acurast.com]","tests","Sun May 03 09:37:33 UTC 2026","passed","Sun May 03 09:37:34 UTC 2026","","test_substrate_node_is_synced","",""
"","0","test_rpc_node_is_synced[Test for Moonbeam, url: wss://moonbeam.public.curie.radiumblock.co/ws]","tests","Sun May 03 09:33:53 UTC 2026","broken","Sun May 03 09:33:53 UTC 2026","","test_substrate_node_is_synced","",""
"","7","test_has_new_assets[Test for Robonomics]","tests","Sun May 03 09:33:13 UTC 2026","passed","Sun May 03 09:33:13 UTC 2026","TestAssets","test_check_new_assets","",""
"","100","test_rpc_method_is_available[Test for Crust Shadow, url: wss://rpc-sha-subscan.crustnetwork.xyz]","tests","Sun May 03 09:34:06 UTC 2026","passed","Sun May 03 09:34:06 UTC 2026","","test_rpc_methods_availability","",""
"","0","test_rpc_method_is_available[Test for Hyperbridge Nexus, url: wss://nexus.ibp.network]","tests","Sun May 03 09:37:21 UTC 2026","broken","Sun May 03 09:37:21 UTC 2026","","test_rpc_methods_availability","",""
"","1","test_can_create_connection[Test for Interlay, url: wss://api.interlay.io/parachain]","tests","Sun May 03 09:35:35 UTC 2026","passed","Sun May 03 09:35:35 UTC 2026","","test_nodes_availability","",""
"","128","test_rpc_method_is_available[Test for Karura, url: wss://karura-rpc-2.aca-api.network/ws]","tests","Sun May 03 09:32:57 UTC 2026","passed","Sun May 03 09:32:57 UTC 2026","","test_rpc_methods_availability","",""
"","97","test_rpc_method_is_available[Test for peaq, url: wss://peaq-rpc.publicnode.com]","tests","Sun May 03 09:37:18 UTC 2026","passed","Sun May 03 09:37:18 UTC 2026","","test_rpc_methods_availability","",""
"","0","test_rpc_node_is_synced[Test for Phala, url: wss://api.phala.network/ws]","tests","Sun May 03 09:35:21 UTC 2026","broken","Sun May 03 09:35:21 UTC 2026","","test_substrate_node_is_synced","",""
"","0","test_has_new_assets[Test for DeepBrain]","tests","Sun May 03 09:34:49 UTC 2026","broken","Sun May 03 09:34:49 UTC 2026","TestAssets","test_check_new_assets","",""
"","98","test_rpc_method_is_available[Test for Polkadot Collectives, url: wss://sys.ibp.network/collectives-polkadot]","tests","Sun May 03 09:36:29 UTC 2026","passed","Sun May 03 09:36:29 UTC 2026","","test_rpc_methods_availability","",""
"","7","test_has_new_assets[Test for Ajuna]","tests","Sun May 03 09:33:46 UTC 2026","passed","Sun May 03 09:33:46 UTC 2026","TestAssets","test_check_new_assets","",""
"","0","test_address_prefix[Test for Aleph Zero]","tests","Sun May 03 09:34:36 UTC 2026","passed","Sun May 03 09:34:36 UTC 2026","TestNetworkPrefix","test_network_parameters","",""
"","1","test_precision[Test for Kusama People]","tests","Sun May 03 09:32:58 UTC 2026","passed","Sun May 03 09:32:58 UTC 2026","TestPrecision","test_network_parameters","",""
"","1","test_precision[Test for Frequency]","tests","Sun May 03 09:34:02 UTC 2026","passed","Sun May 03 09:34:02 UTC 2026","TestPrecision","test_network_parameters","",""
"","35","test_rpc_node_is_synced[Test for Frequency, url: wss://1.rpc.frequency.xyz]","tests","Sun May 03 09:36:50 UTC 2026","passed","Sun May 03 09:36:50 UTC 2026","","test_substrate_node_is_synced","",""
"","1","test_address_prefix[Test for Acala]","tests","Sun May 03 09:33:07 UTC 2026","passed","Sun May 03 09:33:07 UTC 2026","TestNetworkPrefix","test_network_parameters","",""
"","0","test_can_create_connection[Test for Bittensor, url: wss://entrypoint-finney.opentensor.ai:443]","tests","Sun May 03 09:36:43 UTC 2026","passed","Sun May 03 09:36:43 UTC 2026","","test_nodes_availability","",""
"","51","test_rpc_node_is_synced[Test for Kusama Bridge Hub, url: wss://bridge-hub-kusama.dotters.network]","tests","Sun May 03 09:37:02 UTC 2026","passed","Sun May 03 09:37:02 UTC 2026","","test_substrate_node_is_synced","",""
"","131","test_rpc_node_is_synced[Test for Tanssi, url: wss://services.tanssi-mainnet.network/tanssi]","tests","Sun May 03 09:38:46 UTC 2026","passed","Sun May 03 09:38:46 UTC 2026","","test_substrate_node_is_synced","",""
"","0","test_rpc_method_is_available[Test for Moonbeam, url: wss://moonbeam.ibp.network]","tests","Sun May 03 09:33:21 UTC 2026","broken","Sun May 03 09:33:21 UTC 2026","","test_rpc_methods_availability","",""
"","1","test_chainId[Test for Pendulum]","tests","Sun May 03 09:33:30 UTC 2026","passed","Sun May 03 09:33:30 UTC 2026","TestChainId","test_network_parameters","",""
"","0","test_precision[Test for XX network]","tests","Sun May 03 09:33:32 UTC 2026","passed","Sun May 03 09:33:32 UTC 2026","TestPrecision","test_network_parameters","",""
"","0","test_can_create_connection[Test for QUARTZ, url: wss://us-ws-quartz.unique.network]","tests","Sun May 03 09:35:49 UTC 2026","broken","Sun May 03 09:35:49 UTC 2026","","test_nodes_availability","",""
"","181","test_rpc_method_is_available[Test for Manta Atlantic, url: wss://ws.manta.systems]","tests","Sun May 03 09:36:43 UTC 2026","passed","Sun May 03 09:36:43 UTC 2026","","test_rpc_methods_availability","",""
"","0","test_can_create_connection[Test for Kreivo, url: wss://kreivo.kippu.rocks/]","tests","Sun May 03 09:38:07 UTC 2026","passed","Sun May 03 09:38:07 UTC 2026","","test_nodes_availability","",""
"","0","test_address_prefix[Test for DENTNet]","tests","Sun May 03 09:34:49 UTC 2026","passed","Sun May 03 09:34:49 UTC 2026","TestNetworkPrefix","test_network_parameters","",""
"","1","test_can_create_connection[Test for Bittensor, url: wss://lite.sub.latent.to:443]","tests","Sun May 03 09:36:36 UTC 2026","passed","Sun May 03 09:36:36 UTC 2026","","test_nodes_availability","",""
"","0","test_has_new_assets[Test for Tangle]","tests","Sun May 03 09:34:54 UTC 2026","broken","Sun May 03 09:34:54 UTC 2026","TestAssets","test_check_new_assets","",""
"","0","test_chainId[Test for Encointer]","tests","Sun May 03 09:33:08 UTC 2026","passed","Sun May 03 09:33:08 UTC 2026","TestChainId","test_network_parameters","",""
"","136","test_rpc_node_is_synced[Test for Polkadot Asset Hub, url: wss://asset-hub-polkadot-rpc.n.dwellir.com]","tests","Sun May 03 09:35:32 UTC 2026","passed","Sun May 03 09:35:32 UTC 2026","","test_substrate_node_is_synced","",""
"","0","test_address_prefix[Test for GIANT]","tests","Sun May 03 09:34:00 UTC 2026","passed","Sun May 03 09:34:00 UTC 2026","TestNetworkPrefix","test_network_parameters","",""
"","158","test_rpc_method_is_available[Test for 3DPass, url: wss://rpc.p3d.top]","tests","Sun May 03 09:36:41 UTC 2026","passed","Sun May 03 09:36:41 UTC 2026","","test_rpc_methods_availability","",""
"","1","test_can_create_connection[Test for Kusama People, url: wss://kusama-people-rpc.polkadot.io]","tests","Sun May 03 09:33:29 UTC 2026","passed","Sun May 03 09:33:29 UTC 2026","","test_nodes_availability","",""
"","0","test_chainId[Test for Bifrost Kusama]","tests","Sun May 03 09:33:01 UTC 2026","passed","Sun May 03 09:33:01 UTC 2026","TestChainId","test_network_parameters","",""
"","136","test_rpc_node_is_synced[Test for Heima, url: wss://heima-rpc.n.dwellir.com]","tests","Sun May 03 09:35:51 UTC 2026","passed","Sun May 03 09:35:51 UTC 2026","","test_substrate_node_is_synced","",""
"","24","test_rpc_node_is_synced[Test for Westend (TESTNET), url: wss://westend.public.curie.radiumblock.co/ws]","tests","Sun May 03 09:33:43 UTC 2026","passed","Sun May 03 09:33:43 UTC 2026","","test_substrate_node_is_synced","",""
"","0","test_precision[Test for Westend (TESTNET)]","tests","Sun May 03 09:33:06 UTC 2026","passed","Sun May 03 09:33:06 UTC 2026","TestPrecision","test_network_parameters","",""
"","0","test_can_create_connection[Test for Kusama Asset Hub, url: wss://asset-hub-kusama.dotters.network]","tests","Sun May 03 09:32:48 UTC 2026","passed","Sun May 03 09:32:48 UTC 2026","","test_nodes_availability","",""
"","112","test_rpc_method_is_available[Test for Polkadot Bridge Hub, url: wss://dot-rpc.stakeworld.io/bridgehub]","tests","Sun May 03 09:36:49 UTC 2026","passed","Sun May 03 09:36:49 UTC 2026","","test_rpc_methods_availability","",""
"","0","test_has_new_assets[Test for Curio]","tests","Sun May 03 09:34:25 UTC 2026","broken","Sun May 03 09:34:25 UTC 2026","TestAssets","test_check_new_assets","",""
"","102","test_rpc_method_is_available[Test for Polkadot Relay, url: wss://rpc.ibp.network/polkadot]","tests","Sun May 03 09:33:00 UTC 2026","passed","Sun May 03 09:33:00 UTC 2026","","test_rpc_methods_availability","",""
"","99","test_rpc_method_is_available[Test for Kusama Coretime, url: wss://kusama-coretime-rpc.polkadot.io]","tests","Sun May 03 09:37:42 UTC 2026","passed","Sun May 03 09:37:42 UTC 2026","","test_rpc_methods_availability","",""
"","134","test_rpc_node_is_synced[Test for Encointer, url: wss://api.kusama.encointer.org]","tests","Sun May 03 09:34:02 UTC 2026","passed","Sun May 03 09:34:02 UTC 2026","","test_substrate_node_is_synced","",""
"","62","test_has_new_assets[Test for Bifrost Kusama]","tests","Sun May 03 09:33:11 UTC 2026","passed","Sun May 03 09:33:11 UTC 2026","TestAssets","test_check_new_assets","",""
"","100","test_rpc_method_is_available[Test for Bittensor, url: wss://bittensor-finney.api.onfinality.io/public-ws]","tests","Sun May 03 09:36:11 UTC 2026","passed","Sun May 03 09:36:11 UTC 2026","","test_rpc_methods_availability","",""
"","37","test_rpc_node_is_synced[Test for Kusama Relay, url: wss://rpc.ibp.network/kusama]","tests","Sun May 03 09:33:02 UTC 2026","passed","Sun May 03 09:33:02 UTC 2026","","test_substrate_node_is_synced","",""
"","1","test_can_create_connection[Test for Altair, url: wss://altair.api.onfinality.io/public-ws]","tests","Sun May 03 09:35:16 UTC 2026","passed","Sun May 03 09:35:16 UTC 2026","","test_nodes_availability","",""
"","0","test_can_create_connection[Test for Acala, url: wss://acala-rpc-1.aca-api.network]","tests","Sun May 03 09:36:01 UTC 2026","passed","Sun May 03 09:36:01 UTC 2026","","test_nodes_availability","",""
"","1","test_can_create_connection[Test for Basilisk, url: wss://rpc.basilisk.cloud]","tests","Sun May 03 09:35:11 UTC 2026","passed","Sun May 03 09:35:11 UTC 2026","","test_nodes_availability","",""
"","0","test_can_create_connection[Test for Astar, url: wss://astar.public.curie.radiumblock.co/ws]","tests","Sun May 03 09:34:55 UTC 2026","passed","Sun May 03 09:34:55 UTC 2026","","test_nodes_availability","",""
"","160","test_rpc_node_is_synced[Test for Kusama Bridge Hub, url: wss://ksm-rpc.stakeworld.io/bridgehub]","tests","Sun May 03 09:37:06 UTC 2026","passed","Sun May 03 09:37:06 UTC 2026","","test_substrate_node_is_synced","",""
"","0","test_has_new_assets[Test for Crab]","tests","Sun May 03 09:34:01 UTC 2026","broken","Sun May 03 09:34:01 UTC 2026","TestAssets","test_check_new_assets","",""
"","109","test_rpc_method_is_available[Test for Hydration, url: wss://hydration.ibp.network]","tests","Sun May 03 09:34:46 UTC 2026","passed","Sun May 03 09:34:46 UTC 2026","","test_rpc_methods_availability","",""
"","1","test_precision[Test for Darwinia]","tests","Sun May 03 09:33:48 UTC 2026","passed","Sun May 03 09:33:48 UTC 2026","TestPrecision","test_network_parameters","",""
"","102","test_rpc_method_is_available[Test for Encointer, url: wss://api.kusama.encointer.org]","tests","Sun May 03 09:33:52 UTC 2026","passed","Sun May 03 09:33:52 UTC 2026","","test_rpc_methods_availability","",""
"","1","test_address_prefix[Test for Kusama Coretime]","tests","Sun May 03 09:35:08 UTC 2026","passed","Sun May 03 09:35:08 UTC 2026","TestNetworkPrefix","test_network_parameters","",""
"","0","test_chainId[Test for Altair]","tests","Sun May 03 09:32:48 UTC 2026","passed","Sun May 03 09:32:48 UTC 2026","TestChainId","test_network_parameters","",""
"","0","test_precision[Test for Hydration]","tests","Sun May 03 09:33:20 UTC 2026","passed","Sun May 03 09:33:20 UTC 2026","TestPrecision","test_network_parameters","",""
"","53","test_rpc_node_is_synced[Test for Bittensor, url: wss://lite.sub.latent.to:443]","tests","Sun May 03 09:36:27 UTC 2026","passed","Sun May 03 09:36:27 UTC 2026","","test_substrate_node_is_synced","",""
"","1","test_precision[Test for Humanode]","tests","Sun May 03 09:34:33 UTC 2026","passed","Sun May 03 09:34:33 UTC 2026","TestPrecision","test_network_parameters","",""
"","152","test_rpc_node_is_synced[Test for Acurast, url: wss://public-archive.mainnet.acurast.com]","tests","Sun May 03 09:38:50 UTC 2026","passed","Sun May 03 09:38:50 UTC 2026","","test_substrate_node_is_synced","",""
"","0","test_address_prefix[Test for Amplitude]","tests","Sun May 03 09:33:23 UTC 2026","broken","Sun May 03 09:33:23 UTC 2026","TestNetworkPrefix","test_network_parameters","",""
"","1","test_precision[Test for Ajuna]","tests","Sun May 03 09:33:45 UTC 2026","passed","Sun May 03 09:33:45 UTC 2026","TestPrecision","test_network_parameters","",""
"","0","test_precision[Test for Crust Shadow]","tests","Sun May 03 09:33:28 UTC 2026","passed","Sun May 03 09:33:28 UTC 2026","TestPrecision","test_network_parameters","",""
"","139","test_rpc_node_is_synced[Test for Karura, url: wss://karura-rpc.n.dwellir.com]","tests","Sun May 03 09:33:15 UTC 2026","passed","Sun May 03 09:33:15 UTC 2026","","test_substrate_node_is_synced","",""
"","187","test_rpc_node_is_synced[Test for XX network, url: wss://rpc.xx.network]","tests","Sun May 03 09:36:58 UTC 2026","passed","Sun May 03 09:36:59 UTC 2026","","test_substrate_node_is_synced","",""
"","7","test_has_new_assets[Test for NeuroWeb]","tests","Sun May 03 09:33:43 UTC 2026","passed","Sun May 03 09:33:43 UTC 2026","TestAssets","test_check_new_assets","",""
"","100","test_rpc_method_is_available[Test for Polkadot Relay, url: wss://dot-rpc.stakeworld.io]","tests","Sun May 03 09:33:13 UTC 2026","passed","Sun May 03 09:33:13 UTC 2026","","test_rpc_methods_availability","",""
"","7","test_has_new_assets[Test for Kusama Asset Hub]","tests","Sun May 03 09:33:12 UTC 2026","passed","Sun May 03 09:33:12 UTC 2026","TestAssets","test_check_new_assets","",""
"","0","test_precision[Test for Bifrost Polkadot]","tests","Sun May 03 09:33:28 UTC 2026","passed","Sun May 03 09:33:28 UTC 2026","TestPrecision","test_network_parameters","",""
"","0","test_can_create_connection[Test for Polkadot Bridge Hub, url: wss://sys.ibp.network/bridgehub-polkadot]","tests","Sun May 03 09:37:50 UTC 2026","broken","Sun May 03 09:37:50 UTC 2026","","test_nodes_availability","",""
"","0","test_chainId[Test for Kreivo]","tests","Sun May 03 09:34:34 UTC 2026","passed","Sun May 03 09:34:34 UTC 2026","TestChainId","test_network_parameters","",""
"","101","test_rpc_method_is_available[Test for Kusama Coretime, url: wss://sys.ibp.network/coretime-kusama]","tests","Sun May 03 09:38:20 UTC 2026","passed","Sun May 03 09:38:20 UTC 2026","","test_rpc_methods_availability","",""
"","141","test_rpc_node_is_synced[Test for Energy Web X, url: wss://public-rpc.mainnet.energywebx.com/]","tests","Sun May 03 09:37:29 UTC 2026","passed","Sun May 03 09:37:30 UTC 2026","","test_substrate_node_is_synced","",""
"","0","test_can_create_connection[Test for Hydration, url: wss://hydration.dotters.network]","tests","Sun May 03 09:35:11 UTC 2026","passed","Sun May 03 09:35:11 UTC 2026","","test_nodes_availability","",""
"","1","test_can_create_connection[Test for Frequency, url: wss://0.rpc.frequency.xyz]","tests","Sun May 03 09:37:11 UTC 2026","passed","Sun May 03 09:37:11 UTC 2026","","test_nodes_availability","",""
"","0","test_has_new_assets[Test for Amplitude]","tests","Sun May 03 09:33:27 UTC 2026","broken","Sun May 03 09:33:27 UTC 2026","TestAssets","test_check_new_assets","",""
"","0","test_can_create_connection[Test for Kusama Relay, url: wss://rpc.ibp.network/kusama]","tests","Sun May 03 09:33:56 UTC 2026","passed","Sun May 03 09:33:56 UTC 2026","","test_nodes_availability","",""
"","0","test_rpc_node_is_synced[Test for QUARTZ, url: wss://eu-ws-quartz.unique.network]","tests","Sun May 03 09:35:46 UTC 2026","broken","Sun May 03 09:35:46 UTC 2026","","test_substrate_node_is_synced","",""
"","0","test_chainId[Test for Crab]","tests","Sun May 03 09:34:02 UTC 2026","broken","Sun May 03 09:34:02 UTC 2026","TestChainId","test_network_parameters","",""
"","136","test_rpc_node_is_synced[Test for Cere, url: wss://rpc.mainnet.cere.network/ws]","tests","Sun May 03 09:38:40 UTC 2026","passed","Sun May 03 09:38:40 UTC 2026","","test_substrate_node_is_synced","",""
"","0","test_can_create_connection[Test for Polkadot Coretime, url: wss://coretime-polkadot.dotters.network]","tests","Sun May 03 09:39:01 UTC 2026","passed","Sun May 03 09:39:01 UTC 2026","","test_nodes_availability","",""
"","0","test_rpc_node_is_synced[Test for Hyperbridge Nexus, url: wss://nexus.dotters.network]","tests","Sun May 03 09:37:59 UTC 2026","broken","Sun May 03 09:37:59 UTC 2026","","test_substrate_node_is_synced","",""
"","137","test_rpc_node_is_synced[Test for Centrifuge Parachain, url: wss://fullnode.centrifuge.io]","tests","Sun May 03 09:34:34 UTC 2026","passed","Sun May 03 09:34:34 UTC 2026","","test_substrate_node_is_synced","",""
"","179","test_rpc_method_is_available[Test for Kusama People, url: wss://kusama-people-rpc.polkadot.io]","tests","Sun May 03 09:33:08 UTC 2026","passed","Sun May 03 09:33:08 UTC 2026","","test_rpc_methods_availability","",""
"","0","test_rpc_method_is_available[Test for Bifrost Polkadot, url: wss://bifrost-polkadot.ibp.network]","tests","Sun May 03 09:35:03 UTC 2026","broken","Sun May 03 09:35:03 UTC 2026","","test_rpc_methods_availability","",""
"","0","test_chainId[Test for Acala]","tests","Sun May 03 09:33:02 UTC 2026","passed","Sun May 03 09:33:02 UTC 2026","TestChainId","test_network_parameters","",""
"","0","test_precision[Test for UNIQUE]","tests","Sun May 03 09:33:38 UTC 2026","passed","Sun May 03 09:33:38 UTC 2026","TestPrecision","test_network_parameters","",""
"","126","test_rpc_node_is_synced[Test for Laos, url: wss://rpc.laos.laosfoundation.io]","tests","Sun May 03 09:38:18 UTC 2026","passed","Sun May 03 09:38:18 UTC 2026","","test_substrate_node_is_synced","",""
"","153","test_rpc_node_is_synced[Test for Kusama Relay, url: wss://kusama.public.curie.radiumblock.co/ws]","tests","Sun May 03 09:33:32 UTC 2026","passed","Sun May 03 09:33:32 UTC 2026","","test_substrate_node_is_synced","",""
"","36","test_rpc_node_is_synced[Test for Kusama Asset Hub, url: wss://sys.ibp.network/statemine]","tests","Sun May 03 09:34:37 UTC 2026","passed","Sun May 03 09:34:37 UTC 2026","","test_substrate_node_is_synced","",""
"","0","test_can_create_connection[Test for Polkadot People, url: wss://polkadot-people-rpc.polkadot.io]","tests","Sun May 03 09:32:53 UTC 2026","passed","Sun May 03 09:32:53 UTC 2026","","test_nodes_availability","",""
"","12","test_has_new_assets[Test for Manta Atlantic]","tests","Sun May 03 09:34:13 UTC 2026","passed","Sun May 03 09:34:13 UTC 2026","TestAssets","test_check_new_assets","",""
"","97","test_rpc_method_is_available[Test for Tanssi, url: wss://services.tanssi-mainnet.network/tanssi]","tests","Sun May 03 09:37:46 UTC 2026","passed","Sun May 03 09:37:46 UTC 2026","","test_rpc_methods_availability","",""
"","52","test_rpc_node_is_synced[Test for Bittensor, url: wss://entrypoint-finney.opentensor.ai:443]","tests","Sun May 03 09:36:36 UTC 2026","passed","Sun May 03 09:36:36 UTC 2026","","test_substrate_node_is_synced","",""
"","0","test_can_create_connection[Test for UNIQUE, url: wss://asia-ws.unique.network/]","tests","Sun May 03 09:36:16 UTC 2026","passed","Sun May 03 09:36:16 UTC 2026","","test_nodes_availability","",""
"","87","test_has_new_assets[Test for Polkadot Relay]","tests","Sun May 03 09:32:56 UTC 2026","passed","Sun May 03 09:32:56 UTC 2026","TestAssets","test_check_new_assets","",""
"","7","test_has_new_assets[Test for Mythos]","tests","Sun May 03 09:34:18 UTC 2026","passed","Sun May 03 09:34:18 UTC 2026","TestAssets","test_check_new_assets","",""
"","0","test_can_create_connection[Test for Hyperbridge Nexus, url: wss://nexus.dotters.network]","tests","Sun May 03 09:38:25 UTC 2026","broken","Sun May 03 09:38:25 UTC 2026","","test_nodes_availability","",""
"","108","test_rpc_method_is_available[Test for Westend (TESTNET), url: wss://westend.public.curie.radiumblock.co/ws]","tests","Sun May 03 09:33:51 UTC 2026","passed","Sun May 03 09:33:51 UTC 2026","","test_rpc_methods_availability","",""
"","0","test_chainId[Test for Moonriver]","tests","Sun May 03 09:32:48 UTC 2026","passed","Sun May 03 09:32:48 UTC 2026","TestChainId","test_network_parameters","",""
"","97","test_rpc_method_is_available[Test for CC Enterprise, url: wss://mainnet.creditcoin.network/ws]","tests","Sun May 03 09:37:12 UTC 2026","passed","Sun May 03 09:37:12 UTC 2026","","test_rpc_methods_availability","",""
"","105","test_rpc_method_is_available[Test for Bifrost Kusama, url: wss://bifrost-rpc.liebi.com/ws]","tests","Sun May 03 09:34:55 UTC 2026","passed","Sun May 03 09:34:55 UTC 2026","","test_rpc_methods_availability","",""
"","358","test_rpc_node_work_fast[Test for Ethereum, url: https://ethereum-rpc.publicnode.com]","tests","Sun May 03 09:32:45 UTC 2026","passed","Sun May 03 09:32:45 UTC 2026","TestETHNodesAvailability","test_eth_nodes_availability","",""
"","11","test_has_new_assets[Test for Bittensor]","tests","Sun May 03 09:33:42 UTC 2026","passed","Sun May 03 09:33:42 UTC 2026","TestAssets","test_check_new_assets","",""
"","0","test_can_create_connection[Test for Kusama Relay, url: wss://kusama.public.curie.radiumblock.co/ws]","tests","Sun May 03 09:34:23 UTC 2026","passed","Sun May 03 09:34:23 UTC 2026","","test_nodes_availability","",""
"","11","test_has_new_assets[Test for Westend (TESTNET)]","tests","Sun May 03 09:33:07 UTC 2026","passed","Sun May 03 09:33:07 UTC 2026","TestAssets","test_check_new_assets","",""
"","137","test_rpc_method_is_available[Test for Aventus, url: wss://avn-parachain.mainnet.aventus.io]","tests","Sun May 03 09:36:00 UTC 2026","passed","Sun May 03 09:36:00 UTC 2026","","test_rpc_methods_availability","",""
"","0","test_precision[Test for Amplitude]","tests","Sun May 03 09:33:47 UTC 2026","broken","Sun May 03 09:33:47 UTC 2026","TestPrecision","test_network_parameters","",""
"","0","test_can_create_connection[Test for 3DPass, url: wss://rpc.p3d.top]","tests","Sun May 03 09:37:24 UTC 2026","passed","Sun May 03 09:37:24 UTC 2026","","test_nodes_availability","",""
"","0","test_rpc_node_is_synced[Test for UNIQUE, url: wss://unique.dotters.network]","tests","Sun May 03 09:36:27 UTC 2026","broken","Sun May 03 09:36:27 UTC 2026","","test_substrate_node_is_synced","",""
"","7","test_has_new_assets[Test for Crust Shadow]","tests","Sun May 03 09:33:29 UTC 2026","passed","Sun May 03 09:33:29 UTC 2026","TestAssets","test_check_new_assets","",""
"","98","test_rpc_method_is_available[Test for Polkadot Coretime, url: wss://rpc-coretime-polkadot.luckyfriday.io]","tests","Sun May 03 09:37:32 UTC 2026","passed","Sun May 03 09:37:32 UTC 2026","","test_rpc_methods_availability","",""
"","84","test_has_new_assets[Test for Karura]","tests","Sun May 03 09:33:01 UTC 2026","passed","Sun May 03 09:33:01 UTC 2026","TestAssets","test_check_new_assets","",""
"","106","test_rpc_method_is_available[Test for Polkadot Collectives, url: wss://dot-rpc.stakeworld.io/collectives]","tests","Sun May 03 09:36:34 UTC 2026","passed","Sun May 03 09:36:34 UTC 2026","","test_rpc_methods_availability","",""
"","148","test_rpc_node_is_synced[Test for DAO IPCI, url: wss://ipci.rpc.robonomics.network]","tests","Sun May 03 09:36:51 UTC 2026","passed","Sun May 03 09:36:51 UTC 2026","","test_substrate_node_is_synced","",""
"","1","test_can_create_connection[Test for Kusama Relay, url: wss://rpc-kusama-1.novasama-tech.org]","tests","Sun May 03 09:33:33 UTC 2026","passed","Sun May 03 09:33:33 UTC 2026","","test_nodes_availability","",""
"","0","test_chainId[Test for Moonbeam]","tests","Sun May 03 09:32:57 UTC 2026","passed","Sun May 03 09:32:57 UTC 2026","TestChainId","test_network_parameters","",""
"","0","test_precision[Test for Altair]","tests","Sun May 03 09:32:54 UTC 2026","passed","Sun May 03 09:32:54 UTC 2026","TestPrecision","test_network_parameters","",""
"","7","test_has_new_assets[Test for Basilisk]","tests","Sun May 03 09:33:16 UTC 2026","passed","Sun May 03 09:33:16 UTC 2026","TestAssets","test_check_new_assets","",""
"","95","test_has_new_assets[Test for Polkadot People]","tests","Sun May 03 09:32:55 UTC 2026","passed","Sun May 03 09:32:55 UTC 2026","TestAssets","test_check_new_assets","",""
"","0","test_can_create_connection[Test for Hyperbridge Nexus, url: wss://hyperbridge-nexus-rpc.blockops.network]","tests","Sun May 03 09:38:47 UTC 2026","broken","Sun May 03 09:38:47 UTC 2026","","test_nodes_availability","",""
"","131","test_rpc_node_is_synced[Test for Basilisk, url: wss://rpc.basilisk.cloud]","tests","Sun May 03 09:35:19 UTC 2026","passed","Sun May 03 09:35:19 UTC 2026","","test_substrate_node_is_synced","",""
"","41","test_has_new_assets[Test for Kintsugi]","tests","Sun May 03 09:33:20 UTC 2026","passed","Sun May 03 09:33:20 UTC 2026","TestAssets","test_check_new_assets","",""
"","1","test_precision[Test for Crust Polkadot Parachain]","tests","Sun May 03 09:33:40 UTC 2026","passed","Sun May 03 09:33:40 UTC 2026","TestPrecision","test_network_parameters","",""
"","0","test_rpc_node_is_synced[Test for Curio, url: wss://archive.parachain.curioinvest.com]","tests","Sun May 03 09:37:37 UTC 2026","broken","Sun May 03 09:37:37 UTC 2026","","test_substrate_node_is_synced","",""
"","0","test_can_create_connection[Test for Polkadot Asset Hub, url: wss://sys.ibp.network/asset-hub-polkadot]","tests","Sun May 03 09:35:58 UTC 2026","passed","Sun May 03 09:35:58 UTC 2026","","test_nodes_availability","",""
"","0","test_precision[Test for Polkadot Asset Hub]","tests","Sun May 03 09:33:09 UTC 2026","passed","Sun May 03 09:33:09 UTC 2026","TestPrecision","test_network_parameters","",""
"","108","test_rpc_method_is_available[Test for Kusama Bridge Hub, url: wss://sys.ibp.network/bridgehub-kusama]","tests","Sun May 03 09:37:10 UTC 2026","passed","Sun May 03 09:37:10 UTC 2026","","test_rpc_methods_availability","",""
"","7","test_has_new_assets[Test for GIANT]","tests","Sun May 03 09:33:55 UTC 2026","passed","Sun May 03 09:33:55 UTC 2026","TestAssets","test_check_new_assets","",""
"","51","test_rpc_node_is_synced[Test for Hydration, url: wss://hydration.dotters.network]","tests","Sun May 03 09:35:03 UTC 2026","passed","Sun May 03 09:35:03 UTC 2026","","test_substrate_node_is_synced","",""
"","0","test_address_prefix[Test for Bifrost Kusama]","tests","Sun May 03 09:33:02 UTC 2026","passed","Sun May 03 09:33:02 UTC 2026","TestNetworkPrefix","test_network_parameters","",""
"","1","test_address_prefix[Test for Manta Atlantic]","tests","Sun May 03 09:34:16 UTC 2026","passed","Sun May 03 09:34:16 UTC 2026","TestNetworkPrefix","test_network_parameters","",""
"","233","test_rpc_node_is_synced[Test for Crust Shadow, url: wss://rpc-shadow.crust.network/]","tests","Sun May 03 09:34:28 UTC 2026","passed","Sun May 03 09:34:28 UTC 2026","","test_substrate_node_is_synced","",""
"","0","test_chainId[Test for Basilisk]","tests","Sun May 03 09:33:05 UTC 2026","passed","Sun May 03 09:33:05 UTC 2026","TestChainId","test_network_parameters","",""
"","0","test_address_prefix[Test for Zeitgeist]","tests","Sun May 03 09:33:30 UTC 2026","passed","Sun May 03 09:33:30 UTC 2026","TestNetworkPrefix","test_network_parameters","",""
"","0","test_rpc_node_is_synced[Test for Bifrost Polkadot, url: wss://bifrost-polkadot.ibp.network]","tests","Sun May 03 09:35:13 UTC 2026","broken","Sun May 03 09:35:13 UTC 2026","","test_substrate_node_is_synced","",""
"","0","test_can_create_connection[Test for Kusama Relay, url: wss://kusama.dotters.network]","tests","Sun May 03 09:34:00 UTC 2026","passed","Sun May 03 09:34:00 UTC 2026","","test_nodes_availability","",""
"","0","test_address_prefix[Test for Frequency]","tests","Sun May 03 09:34:08 UTC 2026","passed","Sun May 03 09:34:08 UTC 2026","TestNetworkPrefix","test_network_parameters","",""
"","0","test_address_prefix[Test for Kusama Asset Hub]","tests","Sun May 03 09:33:33 UTC 2026","passed","Sun May 03 09:33:33 UTC 2026","TestNetworkPrefix","test_network_parameters","",""
"","0","test_chainId[Test for Astar]","tests","Sun May 03 09:33:50 UTC 2026","passed","Sun May 03 09:33:50 UTC 2026","TestChainId","test_network_parameters","",""
"","6","test_has_new_assets[Test for Encointer]","tests","Sun May 03 09:33:15 UTC 2026","passed","Sun May 03 09:33:15 UTC 2026","TestAssets","test_check_new_assets","",""
"","1","test_can_create_connection[Test for Humanode, url: wss://explorer-rpc-ws.mainnet.stages.humanode.io]","tests","Sun May 03 09:38:43 UTC 2026","passed","Sun May 03 09:38:43 UTC 2026","","test_nodes_availability","",""
"","7","test_has_new_assets[Test for Kusama Relay]","tests","Sun May 03 09:33:02 UTC 2026","passed","Sun May 03 09:33:02 UTC 2026","TestAssets","test_check_new_assets","",""
"","0","test_precision[Test for Bifrost Kusama]","tests","Sun May 03 09:33:05 UTC 2026","passed","Sun May 03 09:33:05 UTC 2026","TestPrecision","test_network_parameters","",""
"","0","test_rpc_node_is_synced[Test for Tangle, url: wss://rpc.tangle.tools]","tests","Sun May 03 09:38:37 UTC 2026","broken","Sun May 03 09:38:37 UTC 2026","","test_substrate_node_is_synced","",""
"","0","test_chainId[Test for Zeitgeist]","tests","Sun May 03 09:33:15 UTC 2026","passed","Sun May 03 09:33:15 UTC 2026","TestChainId","test_network_parameters","",""
"","0","test_precision[Test for Vara]","tests","Sun May 03 09:33:54 UTC 2026","passed","Sun May 03 09:33:54 UTC 2026","TestPrecision","test_network_parameters","",""
"","0","test_address_prefix[Test for DeepBrain]","tests","Sun May 03 09:34:53 UTC 2026","broken","Sun May 03 09:34:53 UTC 2026","TestNetworkPrefix","test_network_parameters","",""
"","54","test_rpc_node_is_synced[Test for krest, url: wss://krest.api.onfinality.io/public-ws']","tests","Sun May 03 09:37:16 UTC 2026","passed","Sun May 03 09:37:16 UTC 2026","","test_substrate_node_is_synced","",""
"","0","test_address_prefix[Test for Robonomics]","tests","Sun May 03 09:33:13 UTC 2026","passed","Sun May 03 09:33:13 UTC 2026","TestNetworkPrefix","test_network_parameters","",""
"","101","test_rpc_method_is_available[Test for Polkadot Asset Hub, url: wss://sys.ibp.network/asset-hub-polkadot]","tests","Sun May 03 09:34:46 UTC 2026","passed","Sun May 03 09:34:46 UTC 2026","","test_rpc_methods_availability","",""
"","0","test_rpc_method_is_available[Test for UNIQUE, url: wss://unique.dotters.network]","tests","Sun May 03 09:35:21 UTC 2026","broken","Sun May 03 09:35:21 UTC 2026","","test_rpc_methods_availability","",""
"","0","test_address_prefix[Test for Humanode]","tests","Sun May 03 09:34:46 UTC 2026","passed","Sun May 03 09:34:46 UTC 2026","TestNetworkPrefix","test_network_parameters","",""
"","103","test_rpc_method_is_available[Test for Encointer, url: wss://encointer-kusama.dotters.network]","tests","Sun May 03 09:34:58 UTC 2026","passed","Sun May 03 09:34:58 UTC 2026","","test_rpc_methods_availability","",""
"","182","test_rpc_method_is_available[Test for Joystream, url: wss://rpc.joystream.org]","tests","Sun May 03 09:36:40 UTC 2026","passed","Sun May 03 09:36:41 UTC 2026","","test_rpc_methods_availability","",""
"","0","test_can_create_connection[Test for Shiden, url: wss://rpc.shiden.astar.network]","tests","Sun May 03 09:34:37 UTC 2026","passed","Sun May 03 09:34:37 UTC 2026","","test_nodes_availability","",""
"","0","test_address_prefix[Test for Moonbeam]","tests","Sun May 03 09:33:04 UTC 2026","passed","Sun May 03 09:33:04 UTC 2026","TestNetworkPrefix","test_network_parameters","",""
"","0","test_precision[Test for QUARTZ]","tests","Sun May 03 09:33:05 UTC 2026","broken","Sun May 03 09:33:05 UTC 2026","TestPrecision","test_network_parameters","",""
"","0","test_address_prefix[Test for Karura]","tests","Sun May 03 09:33:00 UTC 2026","passed","Sun May 03 09:33:00 UTC 2026","TestNetworkPrefix","test_network_parameters","",""
"","344","test_rpc_method_is_available[Test for Karura, url: wss://karura-rpc-0.aca-api.network]","tests","Sun May 03 09:32:49 UTC 2026","passed","Sun May 03 09:32:50 UTC 2026","","test_rpc_methods_availability","",""
"","52","test_rpc_node_is_synced[Test for Interlay, url: wss://rpc-interlay.luckyfriday.io/]","tests","Sun May 03 09:34:18 UTC 2026","passed","Sun May 03 09:34:18 UTC 2026","","test_substrate_node_is_synced","",""
"","52","test_rpc_node_is_synced[Test for Kusama Asset Hub, url: wss://asset-hub-kusama.dotters.network]","tests","Sun May 03 09:32:56 UTC 2026","passed","Sun May 03 09:32:56 UTC 2026","","test_substrate_node_is_synced","",""
"","0","test_can_create_connection[Test for Ternoa, url: wss://mainnet.ternoa.network]","tests","Sun May 03 09:36:40 UTC 2026","passed","Sun May 03 09:36:40 UTC 2026","","test_nodes_availability","",""
"","27","test_rpc_node_is_synced[Test for CC Enterprise, url: wss://mainnet.creditcoin.network/ws]","tests","Sun May 03 09:38:09 UTC 2026","passed","Sun May 03 09:38:09 UTC 2026","","test_substrate_node_is_synced","",""
"","0","test_chainId[Test for Kusama People]","tests","Sun May 03 09:32:52 UTC 2026","passed","Sun May 03 09:32:52 UTC 2026","TestChainId","test_network_parameters","",""
"","0","test_precision[Test for Kusama Relay]","tests","Sun May 03 09:33:00 UTC 2026","passed","Sun May 03 09:33:00 UTC 2026","TestPrecision","test_network_parameters","",""
"","0","test_precision[Test for Crab]","tests","Sun May 03 09:33:59 UTC 2026","broken","Sun May 03 09:33:59 UTC 2026","TestPrecision","test_network_parameters","",""
"","0","test_rpc_method_is_available[Test for Curio, url: wss://archive.parachain.curioinvest.com]","tests","Sun May 03 09:37:00 UTC 2026","broken","Sun May 03 09:37:00 UTC 2026","","test_rpc_methods_availability","",""
"","0","test_has_new_assets[Test for Nodle Parachain]","tests","Sun May 03 09:33:36 UTC 2026","broken","Sun May 03 09:33:36 UTC 2026","TestAssets","test_check_new_assets","",""
"","105","test_rpc_method_is_available[Test for Westend (TESTNET), url: wss://westend-rpc.polkadot.io]","tests","Sun May 03 09:33:45 UTC 2026","passed","Sun May 03 09:33:45 UTC 2026","","test_rpc_methods_availability","",""
"","0","test_can_create_connection[Test for Encointer, url: wss://sys.ibp.network/encointer-kusama]","tests","Sun May 03 09:36:48 UTC 2026","broken","Sun May 03 09:36:48 UTC 2026","","test_nodes_availability","",""
"","146","test_rpc_method_is_available[Test for Karura, url: wss://karura-rpc.n.dwellir.com]","tests","Sun May 03 09:33:07 UTC 2026","passed","Sun May 03 09:33:07 UTC 2026","","test_rpc_methods_availability","",""
"","0","test_rpc_method_is_available[Test for Crab, url: wss://crab-rpc.darwinia.network/]","tests","Sun May 03 09:36:11 UTC 2026","broken","Sun May 03 09:36:11 UTC 2026","","test_rpc_methods_availability","",""
"","1669","test_rpc_node_is_synced[Test for Avail, url: wss://avail.api.onfinality.io/public-ws]","tests","Sun May 03 09:38:21 UTC 2026","passed","Sun May 03 09:38:23 UTC 2026","","test_substrate_node_is_synced","",""
"","0","test_chainId[Test for 3DPass]","tests","Sun May 03 09:33:50 UTC 2026","passed","Sun May 03 09:33:50 UTC 2026","TestChainId","test_network_parameters","",""
"","0","test_can_create_connection[Test for 3DPass, url: wss://rpc.3dpass.org]","tests","Sun May 03 09:37:21 UTC 2026","broken","Sun May 03 09:37:21 UTC 2026","","test_nodes_availability","",""
"","0","test_can_create_connection[Test for Astar, url: wss://rpc.astar.network]","tests","Sun May 03 09:34:44 UTC 2026","passed","Sun May 03 09:34:44 UTC 2026","","test_nodes_availability","",""
"","100","test_rpc_method_is_available[Test for Polkadex, url: wss://so.polkadex.ee]","tests","Sun May 03 09:35:31 UTC 2026","passed","Sun May 03 09:35:31 UTC 2026","","test_rpc_methods_availability","",""
"","0","test_address_prefix[Test for Basilisk]","tests","Sun May 03 09:33:09 UTC 2026","passed","Sun May 03 09:33:09 UTC 2026","TestNetworkPrefix","test_network_parameters","",""
"","0","test_address_prefix[Test for Hydration]","tests","Sun May 03 09:33:22 UTC 2026","passed","Sun May 03 09:33:22 UTC 2026","TestNetworkPrefix","test_network_parameters","",""
"","0","test_can_create_connection[Test for Polkadex, url: wss://polkadex.public.curie.radiumblock.co/ws]","tests","Sun May 03 09:37:24 UTC 2026","broken","Sun May 03 09:37:24 UTC 2026","","test_nodes_availability","",""
"","131","test_rpc_node_is_synced[Test for Creditcoin, url: wss://mainnet3.creditcoin.network]","tests","Sun May 03 09:38:10 UTC 2026","passed","Sun May 03 09:38:10 UTC 2026","","test_substrate_node_is_synced","",""
"","0","test_can_create_connection[Test for Polkadot Collectives, url: wss://dot-rpc.stakeworld.io/collectives]","tests","Sun May 03 09:37:36 UTC 2026","passed","Sun May 03 09:37:36 UTC 2026","","test_nodes_availability","",""
"","0","test_precision[Test for Cere]","tests","Sun May 03 09:34:24 UTC 2026","passed","Sun May 03 09:34:24 UTC 2026","TestPrecision","test_network_parameters","",""
"","51","test_rpc_node_is_synced[Test for Polkadot Coretime, url: wss://coretime-polkadot.dotters.network]","tests","Sun May 03 09:38:30 UTC 2026","passed","Sun May 03 09:38:30 UTC 2026","","test_substrate_node_is_synced","",""
"","0","test_chainId[Test for Enjin Matrix]","tests","Sun May 03 09:34:09 UTC 2026","passed","Sun May 03 09:34:09 UTC 2026","TestChainId","test_network_parameters","",""
"","0","test_precision[Test for Bittensor]","tests","Sun May 03 09:33:41 UTC 2026","passed","Sun May 03 09:33:41 UTC 2026","TestPrecision","test_network_parameters","",""
"","98","test_rpc_method_is_available[Test for Avail, url: wss://avail.api.onfinality.io/public-ws]","tests","Sun May 03 09:37:02 UTC 2026","passed","Sun May 03 09:37:02 UTC 2026","","test_rpc_methods_availability","",""
"","0","test_can_create_connection[Test for GIANT, url: wss://rpc-anchor-1-mainnet-az-ue1.giantprotocol.org:443]","tests","Sun May 03 09:37:21 UTC 2026","passed","Sun May 03 09:37:21 UTC 2026","","test_nodes_availability","",""
"","36","test_rpc_node_is_synced[Test for Frequency, url: wss://0.rpc.frequency.xyz]","tests","Sun May 03 09:36:49 UTC 2026","passed","Sun May 03 09:36:49 UTC 2026","","test_substrate_node_is_synced","",""
"","54","test_rpc_node_is_synced[Test for Altair, url: wss://altair.api.onfinality.io/public-ws]","tests","Sun May 03 09:35:24 UTC 2026","passed","Sun May 03 09:35:24 UTC 2026","","test_substrate_node_is_synced","",""
"","0","test_precision[Test for Kintsugi]","tests","Sun May 03 09:33:19 UTC 2026","passed","Sun May 03 09:33:19 UTC 2026","TestPrecision","test_network_parameters","",""
"","0","test_can_create_connection[Test for Pendulum, url: wss://rpc-pendulum.prd.pendulumchain.tech]","tests","Sun May 03 09:36:20 UTC 2026","passed","Sun May 03 09:36:20 UTC 2026","","test_nodes_availability","",""
"","0","test_can_create_connection[Test for Polkadot Relay, url: wss://dot-rpc.stakeworld.io]","tests","Sun May 03 09:33:13 UTC 2026","passed","Sun May 03 09:33:13 UTC 2026","","test_nodes_availability","",""
"","0","test_chainId[Test for Kintsugi]","tests","Sun May 03 09:33:12 UTC 2026","passed","Sun May 03 09:33:12 UTC 2026","TestChainId","test_network_parameters","",""
"","0","test_address_prefix[Test for Polkadex]","tests","Sun May 03 09:33:38 UTC 2026","passed","Sun May 03 09:33:38 UTC 2026","TestNetworkPrefix","test_network_parameters","",""
"","151","test_rpc_node_is_synced[Test for Polkadot People, url: wss://polkadot-people-rpc.polkadot.io]","tests","Sun May 03 09:33:01 UTC 2026","passed","Sun May 03 09:33:01 UTC 2026","","test_substrate_node_is_synced","",""
"","0","test_chainId[Test for Vara]","tests","Sun May 03 09:33:54 UTC 2026","passed","Sun May 03 09:33:54 UTC 2026","TestChainId","test_network_parameters","",""
"","104","test_rpc_method_is_available[Test for Polkadot Relay, url: wss://polkadot.public.curie.radiumblock.co/ws]","tests","Sun May 03 09:33:17 UTC 2026","passed","Sun May 03 09:33:17 UTC 2026","","test_rpc_methods_availability","",""
"","0","test_chainId[Test for Acurast]","tests","Sun May 03 09:35:01 UTC 2026","passed","Sun May 03 09:35:01 UTC 2026","TestChainId","test_network_parameters","",""
"","0","test_address_prefix[Test for 3DPass]","tests","Sun May 03 09:33:48 UTC 2026","passed","Sun May 03 09:33:48 UTC 2026","TestNetworkPrefix","test_network_parameters","",""
"","0","test_precision[Test for Acurast]","tests","Sun May 03 09:34:52 UTC 2026","passed","Sun May 03 09:34:52 UTC 2026","TestPrecision","test_network_parameters","",""
"","606","test_rpc_node_is_synced[Test for Acala, url: wss://acala-rpc-0.aca-api.network]","tests","Sun May 03 09:36:01 UTC 2026","passed","Sun May 03 09:36:02 UTC 2026","","test_substrate_node_is_synced","",""
"","0","test_can_create_connection[Test for Vara, url: wss://rpc.vara-network.io]","tests","Sun May 03 09:37:19 UTC 2026","passed","Sun May 03 09:37:19 UTC 2026","","test_nodes_availability","",""
"","0","test_rpc_method_is_available[Test for QUARTZ, url: wss://quartz.unique.network]","tests","Sun May 03 09:35:26 UTC 2026","broken","Sun May 03 09:35:26 UTC 2026","","test_rpc_methods_availability","",""
"","0","test_precision[Test for Mythos]","tests","Sun May 03 09:34:16 UTC 2026","passed","Sun May 03 09:34:16 UTC 2026","TestPrecision","test_network_parameters","",""
"","0","test_precision[Test for NeuroWeb]","tests","Sun May 03 09:33:20 UTC 2026","passed","Sun May 03 09:33:20 UTC 2026","TestPrecision","test_network_parameters","",""
