"DESCRIPTION","DURATION IN MS","NAME","PARENT SUITE","START TIME","STATUS","STOP TIME","SUB SUITE","SUITE","TEST CLASS","TEST METHOD"
"","119","test_rpc_node_is_synced[Test for Astar, url: wss://astar-rpc.n.dwellir.com]","tests","Fri Mar 20 09:17:04 UTC 2026","passed","Fri Mar 20 09:17:04 UTC 2026","","test_substrate_node_is_synced","",""
"","25","test_rpc_node_is_synced[Test for krest, url: wss://krest.api.onfinality.io/public-ws']","tests","Fri Mar 20 09:18:47 UTC 2026","passed","Fri Mar 20 09:18:47 UTC 2026","","test_substrate_node_is_synced","",""
"","142","test_rpc_method_is_available[Test for Polkadot People, url: wss://rpc-people-polkadot.luckyfriday.io]","tests","Fri Mar 20 09:16:05 UTC 2026","passed","Fri Mar 20 09:16:05 UTC 2026","","test_rpc_methods_availability","",""
"","228","test_rpc_node_is_synced[Test for Shiden, url: wss://rpc.shiden.astar.network]","tests","Fri Mar 20 09:17:14 UTC 2026","passed","Fri Mar 20 09:17:14 UTC 2026","","test_substrate_node_is_synced","",""
"","35","test_rpc_node_is_synced[Test for peaq, url: wss://peaq-rpc.publicnode.com]","tests","Fri Mar 20 09:19:11 UTC 2026","passed","Fri Mar 20 09:19:11 UTC 2026","","test_substrate_node_is_synced","",""
"","1","test_chainId[Test for Frequency]","tests","Fri Mar 20 09:16:39 UTC 2026","passed","Fri Mar 20 09:16:39 UTC 2026","TestChainId","test_network_parameters","",""
"","103","test_rpc_method_is_available[Test for Encointer, url: wss://encointer-kusama.dotters.network]","tests","Fri Mar 20 09:16:47 UTC 2026","passed","Fri Mar 20 09:16:48 UTC 2026","","test_rpc_methods_availability","",""
"","156","test_rpc_method_is_available[Test for Frequency, url: wss://1.rpc.frequency.xyz]","tests","Fri Mar 20 09:19:00 UTC 2026","passed","Fri Mar 20 09:19:00 UTC 2026","","test_rpc_methods_availability","",""
"","111","test_rpc_node_is_synced[Test for NeuroWeb, url: wss://parachain-rpc.origin-trail.network]","tests","Fri Mar 20 09:17:28 UTC 2026","passed","Fri Mar 20 09:17:28 UTC 2026","","test_substrate_node_is_synced","",""
"","178","test_rpc_method_is_available[Test for Kusama People, url: wss://ksm-rpc.stakeworld.io/people]","tests","Fri Mar 20 09:16:23 UTC 2026","passed","Fri Mar 20 09:16:23 UTC 2026","","test_rpc_methods_availability","",""
"","536","test_rpc_node_is_synced[Test for Acurast Canary, url: wss://public-rpc.canary.acurast.com]","tests","Fri Mar 20 09:18:52 UTC 2026","passed","Fri Mar 20 09:18:52 UTC 2026","","test_substrate_node_is_synced","",""
"","110","test_rpc_node_is_synced[Test for Bifrost Kusama, url: wss://us.bifrost-rpc.liebi.com/ws]","tests","Fri Mar 20 09:17:41 UTC 2026","passed","Fri Mar 20 09:17:41 UTC 2026","","test_substrate_node_is_synced","",""
"","1","test_chainId[Test for XX network]","tests","Fri Mar 20 09:16:48 UTC 2026","passed","Fri Mar 20 09:16:48 UTC 2026","TestChainId","test_network_parameters","",""
"","104","test_rpc_method_is_available[Test for Avail, url: wss://avail.api.onfinality.io/public-ws]","tests","Fri Mar 20 09:19:33 UTC 2026","passed","Fri Mar 20 09:19:33 UTC 2026","","test_rpc_methods_availability","",""
"","0","test_chainId[Test for Kreivo]","tests","Fri Mar 20 09:17:07 UTC 2026","passed","Fri Mar 20 09:17:07 UTC 2026","TestChainId","test_network_parameters","",""
"","27","test_rpc_node_is_synced[Test for Polkadot Relay, url: wss://rpc-polkadot.luckyfriday.io]","tests","Fri Mar 20 09:16:24 UTC 2026","passed","Fri Mar 20 09:16:24 UTC 2026","","test_substrate_node_is_synced","",""
"","113","test_rpc_node_is_synced[Test for Polkadot Bridge Hub, url: wss://dot-rpc.stakeworld.io/bridgehub]","tests","Fri Mar 20 09:18:28 UTC 2026","passed","Fri Mar 20 09:18:28 UTC 2026","","test_substrate_node_is_synced","",""
"","7","test_has_new_assets[Test for KILT]","tests","Fri Mar 20 09:15:50 UTC 2026","passed","Fri Mar 20 09:15:50 UTC 2026","TestAssets","test_check_new_assets","",""
"","113","test_rpc_node_is_synced[Test for Humanode, url: wss://explorer-rpc-ws.mainnet.stages.humanode.io]","tests","Fri Mar 20 09:19:05 UTC 2026","passed","Fri Mar 20 09:19:05 UTC 2026","","test_substrate_node_is_synced","",""
"","97","test_rpc_method_is_available[Test for Acala, url: wss://acala-rpc-3.aca-api.network/ws]","tests","Fri Mar 20 09:17:03 UTC 2026","passed","Fri Mar 20 09:17:03 UTC 2026","","test_rpc_methods_availability","",""
"","0","test_chainId[Test for Bittensor]","tests","Fri Mar 20 09:16:31 UTC 2026","passed","Fri Mar 20 09:16:31 UTC 2026","TestChainId","test_network_parameters","",""
"","1","test_address_prefix[Test for Tanssi]","tests","Fri Mar 20 09:17:30 UTC 2026","passed","Fri Mar 20 09:17:30 UTC 2026","TestNetworkPrefix","test_network_parameters","",""
"","159","test_rpc_method_is_available[Test for Altair, url: wss://altair.api.onfinality.io/public-ws]","tests","Fri Mar 20 09:18:02 UTC 2026","passed","Fri Mar 20 09:18:02 UTC 2026","","test_rpc_methods_availability","",""
"","0","test_rpc_node_is_synced[Test for Phala, url: wss://phala-rpc.n.dwellir.com]","tests","Fri Mar 20 09:17:07 UTC 2026","broken","Fri Mar 20 09:17:07 UTC 2026","","test_substrate_node_is_synced","",""
"","108","test_rpc_node_is_synced[Test for Acala, url: wss://acala-rpc-1.aca-api.network]","tests","Fri Mar 20 09:16:40 UTC 2026","passed","Fri Mar 20 09:16:40 UTC 2026","","test_substrate_node_is_synced","",""
"","0","test_has_new_assets[Test for Nodle Parachain]","tests","Fri Mar 20 09:16:38 UTC 2026","broken","Fri Mar 20 09:16:38 UTC 2026","TestAssets","test_check_new_assets","",""
"","22","test_rpc_node_is_synced[Test for Bifrost Polkadot, url: wss://bifrost-polkadot.ibp.network]","tests","Fri Mar 20 09:17:32 UTC 2026","passed","Fri Mar 20 09:17:32 UTC 2026","","test_substrate_node_is_synced","",""
"","0","test_chainId[Test for Polkadot Asset Hub]","tests","Fri Mar 20 09:16:28 UTC 2026","passed","Fri Mar 20 09:16:28 UTC 2026","TestChainId","test_network_parameters","",""
"","0","test_address_prefix[Test for Crust Polkadot Parachain]","tests","Fri Mar 20 09:17:02 UTC 2026","passed","Fri Mar 20 09:17:02 UTC 2026","TestNetworkPrefix","test_network_parameters","",""
"","0","test_address_prefix[Test for Frequency]","tests","Fri Mar 20 09:16:44 UTC 2026","passed","Fri Mar 20 09:16:44 UTC 2026","TestNetworkPrefix","test_network_parameters","",""
"","39","test_rpc_node_is_synced[Test for Bittensor, url: wss://lite.sub.latent.to:443]","tests","Fri Mar 20 09:17:57 UTC 2026","passed","Fri Mar 20 09:17:58 UTC 2026","","test_substrate_node_is_synced","",""
"","102","test_rpc_method_is_available[Test for Heima, url: wss://rpc.litentry-parachain.litentry.io]","tests","Fri Mar 20 09:18:21 UTC 2026","passed","Fri Mar 20 09:18:21 UTC 2026","","test_rpc_methods_availability","",""
"","0","test_chainId[Test for Darwinia]","tests","Fri Mar 20 09:16:44 UTC 2026","passed","Fri Mar 20 09:16:44 UTC 2026","TestChainId","test_network_parameters","",""
"","104","test_rpc_method_is_available[Test for Moonriver, url: wss://moonriver-rpc.publicnode.com]","tests","Fri Mar 20 09:16:27 UTC 2026","passed","Fri Mar 20 09:16:27 UTC 2026","","test_rpc_methods_availability","",""
"","854","test_rpc_method_is_available[Test for Kusama People, url: wss://people-kusama.dotters.network]","tests","Fri Mar 20 09:16:18 UTC 2026","passed","Fri Mar 20 09:16:19 UTC 2026","","test_rpc_methods_availability","",""
"","157","test_rpc_node_is_synced[Test for JAMTON, url: wss://rpc.jamton.network]","tests","Fri Mar 20 09:19:12 UTC 2026","passed","Fri Mar 20 09:19:12 UTC 2026","","test_substrate_node_is_synced","",""
"","0","test_chainId[Test for Interlay]","tests","Fri Mar 20 09:16:18 UTC 2026","passed","Fri Mar 20 09:16:18 UTC 2026","TestChainId","test_network_parameters","",""
"","172","test_rpc_method_is_available[Test for Polkadot Asset Hub, url: wss://asset-hub-polkadot.dotters.network]","tests","Fri Mar 20 09:18:06 UTC 2026","passed","Fri Mar 20 09:18:06 UTC 2026","","test_rpc_methods_availability","",""
"","13","test_has_new_assets[Test for Enjin Matrix]","tests","Fri Mar 20 09:16:51 UTC 2026","passed","Fri Mar 20 09:16:51 UTC 2026","TestAssets","test_check_new_assets","",""
"","8","test_has_new_assets[Test for Crust Polkadot Parachain]","tests","Fri Mar 20 09:16:47 UTC 2026","passed","Fri Mar 20 09:16:47 UTC 2026","TestAssets","test_check_new_assets","",""
"","1","test_chainId[Test for Ajuna]","tests","Fri Mar 20 09:16:35 UTC 2026","passed","Fri Mar 20 09:16:35 UTC 2026","TestChainId","test_network_parameters","",""
"","288","test_rpc_method_is_available[Test for Kusama Relay, url: wss://rpc-kusama-2.novasama-tech.org]","tests","Fri Mar 20 09:15:51 UTC 2026","passed","Fri Mar 20 09:15:52 UTC 2026","","test_rpc_methods_availability","",""
"","171","test_rpc_method_is_available[Test for Hydration, url: wss://hydration.ibp.network]","tests","Fri Mar 20 09:17:43 UTC 2026","passed","Fri Mar 20 09:17:43 UTC 2026","","test_rpc_methods_availability","",""
"","1","test_address_prefix[Test for Interlay]","tests","Fri Mar 20 09:16:22 UTC 2026","passed","Fri Mar 20 09:16:22 UTC 2026","TestNetworkPrefix","test_network_parameters","",""
"","17","test_rpc_node_is_synced[Test for Hyperbridge Nexus, url: wss://nexus.ibp.network]","tests","Fri Mar 20 09:18:53 UTC 2026","passed","Fri Mar 20 09:18:53 UTC 2026","","test_substrate_node_is_synced","",""
"","0","test_chainId[Test for Polkadot Coretime]","tests","Fri Mar 20 09:17:20 UTC 2026","passed","Fri Mar 20 09:17:20 UTC 2026","TestChainId","test_network_parameters","",""
"","0","test_chainId[Test for Enjin Relay]","tests","Fri Mar 20 09:16:57 UTC 2026","passed","Fri Mar 20 09:16:57 UTC 2026","TestChainId","test_network_parameters","",""
"","12","test_has_new_assets[Test for Phala]","tests","Fri Mar 20 09:16:47 UTC 2026","passed","Fri Mar 20 09:16:47 UTC 2026","TestAssets","test_check_new_assets","",""
"","164","test_rpc_node_is_synced[Test for Kintsugi, url: wss://api-kusama.interlay.io/parachain]","tests","Fri Mar 20 09:16:38 UTC 2026","passed","Fri Mar 20 09:16:38 UTC 2026","","test_substrate_node_is_synced","",""
"","106","test_rpc_method_is_available[Test for Interlay, url: wss://rpc-interlay.luckyfriday.io/]","tests","Fri Mar 20 09:17:03 UTC 2026","passed","Fri Mar 20 09:17:03 UTC 2026","","test_rpc_methods_availability","",""
"","100","test_rpc_method_is_available[Test for Manta Atlantic, url: wss://ws.manta.systems]","tests","Fri Mar 20 09:19:18 UTC 2026","passed","Fri Mar 20 09:19:18 UTC 2026","","test_rpc_methods_availability","",""
"","0","test_chainId[Test for Curio]","tests","Fri Mar 20 09:17:11 UTC 2026","broken","Fri Mar 20 09:17:11 UTC 2026","TestChainId","test_network_parameters","",""
"","0","test_address_prefix[Test for Acurast Canary]","tests","Fri Mar 20 09:17:18 UTC 2026","passed","Fri Mar 20 09:17:18 UTC 2026","TestNetworkPrefix","test_network_parameters","",""
"","1","test_address_prefix[Test for XX network]","tests","Fri Mar 20 09:16:52 UTC 2026","passed","Fri Mar 20 09:16:52 UTC 2026","TestNetworkPrefix","test_network_parameters","",""
"","0","test_has_new_assets[Test for Crab]","tests","Fri Mar 20 09:16:51 UTC 2026","broken","Fri Mar 20 09:16:51 UTC 2026","TestAssets","test_check_new_assets","",""
"","196","test_rpc_node_is_synced[Test for Bifrost Polkadot, url: wss://hk.p.bifrost-rpc.liebi.com/ws]","tests","Fri Mar 20 09:17:44 UTC 2026","passed","Fri Mar 20 09:17:45 UTC 2026","","test_substrate_node_is_synced","",""
"","1","test_chainId[Test for Moonbeam]","tests","Fri Mar 20 09:15:54 UTC 2026","passed","Fri Mar 20 09:15:54 UTC 2026","TestChainId","test_network_parameters","",""
"","28","test_rpc_node_is_synced[Test for Kusama Relay, url: wss://rpc-kusama.luckyfriday.io]","tests","Fri Mar 20 09:16:04 UTC 2026","passed","Fri Mar 20 09:16:04 UTC 2026","","test_substrate_node_is_synced","",""
"","113","test_rpc_node_is_synced[Test for Kusama Relay, url: wss://apps-kusama-rpc.polkadot.io]","tests","Fri Mar 20 09:15:59 UTC 2026","passed","Fri Mar 20 09:15:59 UTC 2026","","test_substrate_node_is_synced","",""
"","0","test_address_prefix[Test for GIANT]","tests","Fri Mar 20 09:16:50 UTC 2026","passed","Fri Mar 20 09:16:50 UTC 2026","TestNetworkPrefix","test_network_parameters","",""
"","23","test_rpc_node_is_synced[Test for Polkadot Coretime, url: wss://rpc-coretime-polkadot.luckyfriday.io]","tests","Fri Mar 20 09:19:17 UTC 2026","passed","Fri Mar 20 09:19:17 UTC 2026","","test_substrate_node_is_synced","",""
"","8","test_has_new_assets[Test for Centrifuge Parachain]","tests","Fri Mar 20 09:16:16 UTC 2026","passed","Fri Mar 20 09:16:16 UTC 2026","TestAssets","test_check_new_assets","",""
"","10","test_has_new_assets[Test for Kusama People]","tests","Fri Mar 20 09:15:50 UTC 2026","passed","Fri Mar 20 09:15:50 UTC 2026","TestAssets","test_check_new_assets","",""
"","102","test_rpc_method_is_available[Test for Polkadot Bridge Hub, url: wss://dot-rpc.stakeworld.io/bridgehub]","tests","Fri Mar 20 09:19:01 UTC 2026","passed","Fri Mar 20 09:19:01 UTC 2026","","test_rpc_methods_availability","",""
"","11","test_has_new_assets[Test for GIANT]","tests","Fri Mar 20 09:16:52 UTC 2026","passed","Fri Mar 20 09:16:52 UTC 2026","TestAssets","test_check_new_assets","",""
"","99","test_rpc_method_is_available[Test for Crust Shadow, url: wss://rpc-sha-subscan.crustnetwork.xyz]","tests","Fri Mar 20 09:17:06 UTC 2026","passed","Fri Mar 20 09:17:06 UTC 2026","","test_rpc_methods_availability","",""
"","0","test_chainId[Test for Bifrost Polkadot]","tests","Fri Mar 20 09:16:15 UTC 2026","passed","Fri Mar 20 09:16:15 UTC 2026","TestChainId","test_network_parameters","",""
"","114","test_rpc_method_is_available[Test for Polkadot Relay, url: wss://polkadot.public.curie.radiumblock.co/ws]","tests","Fri Mar 20 09:16:23 UTC 2026","passed","Fri Mar 20 09:16:23 UTC 2026","","test_rpc_methods_availability","",""
"","143","test_rpc_node_is_synced[Test for XX network, url: wss://rpc-hetzner.xx.network]","tests","Fri Mar 20 09:17:38 UTC 2026","passed","Fri Mar 20 09:17:38 UTC 2026","","test_substrate_node_is_synced","",""
"","0","test_rpc_node_is_synced[Test for Nodle Parachain, url: wss://nodle-parachain.api.onfinality.io/public-ws]","tests","Fri Mar 20 09:16:55 UTC 2026","broken","Fri Mar 20 09:16:55 UTC 2026","","test_substrate_node_is_synced","",""
"","17","test_rpc_node_is_synced[Test for Encointer, url: wss://encointer-kusama.dotters.network]","tests","Fri Mar 20 09:16:30 UTC 2026","passed","Fri Mar 20 09:16:30 UTC 2026","","test_substrate_node_is_synced","",""
"","9","test_has_new_assets[Test for Kreivo]","tests","Fri Mar 20 09:17:10 UTC 2026","passed","Fri Mar 20 09:17:10 UTC 2026","TestAssets","test_check_new_assets","",""
"","12","test_has_new_assets[Test for Frequency]","tests","Fri Mar 20 09:16:45 UTC 2026","passed","Fri Mar 20 09:16:45 UTC 2026","TestAssets","test_check_new_assets","",""
"","99","test_rpc_method_is_available[Test for Bifrost Polkadot, url: wss://bifrost-polkadot.ibp.network]","tests","Fri Mar 20 09:17:54 UTC 2026","passed","Fri Mar 20 09:17:54 UTC 2026","","test_rpc_methods_availability","",""
"","113","test_rpc_node_is_synced[Test for Polkadot Collectives, url: wss://dot-rpc.stakeworld.io/collectives]","tests","Fri Mar 20 09:18:45 UTC 2026","passed","Fri Mar 20 09:18:45 UTC 2026","","test_substrate_node_is_synced","",""
"","107","test_rpc_node_is_synced[Test for Encointer, url: wss://api.kusama.encointer.org]","tests","Fri Mar 20 09:16:34 UTC 2026","passed","Fri Mar 20 09:16:34 UTC 2026","","test_substrate_node_is_synced","",""
"","98","test_rpc_method_is_available[Test for UNIQUE, url: wss://unique.dotters.network]","tests","Fri Mar 20 09:18:08 UTC 2026","passed","Fri Mar 20 09:18:08 UTC 2026","","test_rpc_methods_availability","",""
"","161","test_rpc_method_is_available[Test for Polkadot Relay, url: wss://apps-rpc.polkadot.io]","tests","Fri Mar 20 09:16:14 UTC 2026","passed","Fri Mar 20 09:16:14 UTC 2026","","test_rpc_methods_availability","",""
"","18","test_rpc_node_is_synced[Test for Westend (TESTNET), url: wss://westend.public.curie.radiumblock.co/ws]","tests","Fri Mar 20 09:16:29 UTC 2026","passed","Fri Mar 20 09:16:29 UTC 2026","","test_substrate_node_is_synced","",""
"","121","test_rpc_method_is_available[Test for 3DPass, url: wss://rpc.p3d.top]","tests","Fri Mar 20 09:19:14 UTC 2026","passed","Fri Mar 20 09:19:15 UTC 2026","","test_rpc_methods_availability","",""
"","223","test_rpc_node_is_synced[Test for Crust Shadow, url: wss://rpc-sha-subscan.crustnetwork.xyz]","tests","Fri Mar 20 09:16:48 UTC 2026","passed","Fri Mar 20 09:16:49 UTC 2026","","test_substrate_node_is_synced","",""
"","138","test_rpc_node_is_synced[Test for Interlay, url: wss://api.interlay.io/parachain]","tests","Fri Mar 20 09:16:41 UTC 2026","passed","Fri Mar 20 09:16:41 UTC 2026","","test_substrate_node_is_synced","",""
"","142","test_rpc_method_is_available[Test for Polkadot Relay, url: wss://polkadot.dotters.network]","tests","Fri Mar 20 09:16:07 UTC 2026","passed","Fri Mar 20 09:16:07 UTC 2026","","test_rpc_methods_availability","",""
"","109","test_rpc_method_is_available[Test for Polkadot Collectives, url: wss://collectives.public.curie.radiumblock.co/ws]","tests","Fri Mar 20 09:19:09 UTC 2026","passed","Fri Mar 20 09:19:09 UTC 2026","","test_rpc_methods_availability","",""
"","102","test_rpc_method_is_available[Test for Encointer, url: wss://sys.ibp.network/encointer-kusama]","tests","Fri Mar 20 09:18:13 UTC 2026","passed","Fri Mar 20 09:18:13 UTC 2026","","test_rpc_methods_availability","",""
"","18","test_rpc_node_is_synced[Test for Polkadot Coretime, url: wss://coretime-polkadot.dotters.network]","tests","Fri Mar 20 09:19:14 UTC 2026","passed","Fri Mar 20 09:19:14 UTC 2026","","test_substrate_node_is_synced","",""
"","0","test_address_prefix[Test for krest]","tests","Fri Mar 20 09:16:51 UTC 2026","passed","Fri Mar 20 09:16:51 UTC 2026","TestNetworkPrefix","test_network_parameters","",""
"","8","test_has_new_assets[Test for Robonomics]","tests","Fri Mar 20 09:16:16 UTC 2026","passed","Fri Mar 20 09:16:16 UTC 2026","TestAssets","test_check_new_assets","",""
"","99","test_rpc_node_is_synced[Test for Hyperbridge Nexus, url: wss://hyperbridge-nexus-rpc.blockops.network]","tests","Fri Mar 20 09:19:04 UTC 2026","passed","Fri Mar 20 09:19:04 UTC 2026","","test_substrate_node_is_synced","",""
"","112","test_rpc_node_is_synced[Test for Kusama People, url: wss://ksm-rpc.stakeworld.io/people]","tests","Fri Mar 20 09:16:11 UTC 2026","passed","Fri Mar 20 09:16:11 UTC 2026","","test_substrate_node_is_synced","",""
"","0","test_address_prefix[Test for Polkadot Relay]","tests","Fri Mar 20 09:15:47 UTC 2026","passed","Fri Mar 20 09:15:47 UTC 2026","TestNetworkPrefix","test_network_parameters","",""
"","105","test_rpc_method_is_available[Test for DENTNet, url: wss://rpc.dentnet.io/ws]","tests","Fri Mar 20 09:19:40 UTC 2026","passed","Fri Mar 20 09:19:40 UTC 2026","","test_rpc_methods_availability","",""
"","0","test_chainId[Test for Acurast]","tests","Fri Mar 20 09:18:18 UTC 2026","passed","Fri Mar 20 09:18:18 UTC 2026","TestChainId","test_network_parameters","",""
"","0","test_address_prefix[Test for Polkadot Coretime]","tests","Fri Mar 20 09:17:25 UTC 2026","passed","Fri Mar 20 09:17:25 UTC 2026","TestNetworkPrefix","test_network_parameters","",""
"","174","test_rpc_method_is_available[Test for Kusama Relay, url: wss://kusama.dotters.network]","tests","Fri Mar 20 09:16:01 UTC 2026","passed","Fri Mar 20 09:16:01 UTC 2026","","test_rpc_methods_availability","",""
"","0","test_chainId[Test for Laos]","tests","Fri Mar 20 09:17:22 UTC 2026","passed","Fri Mar 20 09:17:22 UTC 2026","TestChainId","test_network_parameters","",""
"","0","test_address_prefix[Test for Humanode]","tests","Fri Mar 20 09:17:24 UTC 2026","passed","Fri Mar 20 09:17:24 UTC 2026","TestNetworkPrefix","test_network_parameters","",""
"","222","test_rpc_node_is_synced[Test for DENTNet, url: wss://rpc.dentnet.io/ws]","tests","Fri Mar 20 09:19:04 UTC 2026","passed","Fri Mar 20 09:19:04 UTC 2026","","test_substrate_node_is_synced","",""
"","0","test_chainId[Test for NeuroWeb]","tests","Fri Mar 20 09:16:11 UTC 2026","passed","Fri Mar 20 09:16:11 UTC 2026","TestChainId","test_network_parameters","",""
"","166","test_rpc_method_is_available[Test for Phala, url: wss://api.phala.network/ws]","tests","Fri Mar 20 09:17:29 UTC 2026","passed","Fri Mar 20 09:17:29 UTC 2026","","test_rpc_methods_availability","",""
"","103","test_rpc_method_is_available[Test for krest, url: wss://krest.api.onfinality.io/public-ws']","tests","Fri Mar 20 09:19:17 UTC 2026","passed","Fri Mar 20 09:19:18 UTC 2026","","test_rpc_methods_availability","",""
"","103","test_rpc_method_is_available[Test for GIANT, url: wss://rpc-anchor-1-mainnet-az-ue1.giantprotocol.org:443]","tests","Fri Mar 20 09:18:48 UTC 2026","passed","Fri Mar 20 09:18:48 UTC 2026","","test_rpc_methods_availability","",""
"","0","test_chainId[Test for GIANT]","tests","Fri Mar 20 09:16:45 UTC 2026","passed","Fri Mar 20 09:16:45 UTC 2026","TestChainId","test_network_parameters","",""
"","0","test_address_prefix[Test for Manta Atlantic]","tests","Fri Mar 20 09:16:55 UTC 2026","passed","Fri Mar 20 09:16:55 UTC 2026","TestNetworkPrefix","test_network_parameters","",""
"","99","test_rpc_method_is_available[Test for Centrifuge Parachain, url: wss://rpc-centrifuge.luckyfriday.io]","tests","Fri Mar 20 09:17:24 UTC 2026","passed","Fri Mar 20 09:17:24 UTC 2026","","test_rpc_methods_availability","",""
"","102","test_rpc_method_is_available[Test for Polkadot Collectives, url: wss://sys.ibp.network/collectives-polkadot]","tests","Fri Mar 20 09:19:11 UTC 2026","passed","Fri Mar 20 09:19:11 UTC 2026","","test_rpc_methods_availability","",""
"","149","test_rpc_method_is_available[Test for Basilisk, url: wss://rpc.basilisk.cloud]","tests","Fri Mar 20 09:17:57 UTC 2026","passed","Fri Mar 20 09:17:57 UTC 2026","","test_rpc_methods_availability","",""
"","182","test_rpc_method_is_available[Test for Basilisk, url: wss://basilisk-rpc.n.dwellir.com]","tests","Fri Mar 20 09:17:50 UTC 2026","passed","Fri Mar 20 09:17:51 UTC 2026","","test_rpc_methods_availability","",""
"","1","test_address_prefix[Test for Laos]","tests","Fri Mar 20 09:17:22 UTC 2026","passed","Fri Mar 20 09:17:22 UTC 2026","TestNetworkPrefix","test_network_parameters","",""
"","127","test_rpc_node_is_synced[Test for Heima, url: wss://rpc.litentry-parachain.litentry.io]","tests","Fri Mar 20 09:17:56 UTC 2026","passed","Fri Mar 20 09:17:56 UTC 2026","","test_substrate_node_is_synced","",""
"","7","test_has_new_assets[Test for peaq]","tests","Fri Mar 20 09:17:18 UTC 2026","passed","Fri Mar 20 09:17:18 UTC 2026","TestAssets","test_check_new_assets","",""
"","11","test_rpc_node_is_synced[Test for Frequency, url: wss://1.rpc.frequency.xyz]","tests","Fri Mar 20 09:18:31 UTC 2026","passed","Fri Mar 20 09:18:31 UTC 2026","","test_substrate_node_is_synced","",""
"","0","test_address_prefix[Test for Ajuna]","tests","Fri Mar 20 09:16:37 UTC 2026","passed","Fri Mar 20 09:16:37 UTC 2026","TestNetworkPrefix","test_network_parameters","",""
"","0","test_address_prefix[Test for Nodle Parachain]","tests","Fri Mar 20 09:16:34 UTC 2026","broken","Fri Mar 20 09:16:34 UTC 2026","TestNetworkPrefix","test_network_parameters","",""
"","1","test_address_prefix[Test for Enjin Relay]","tests","Fri Mar 20 09:17:00 UTC 2026","passed","Fri Mar 20 09:17:00 UTC 2026","TestNetworkPrefix","test_network_parameters","",""
"","22","test_rpc_node_is_synced[Test for Polkadot Asset Hub, url: wss://asset-hub-polkadot.dotters.network]","tests","Fri Mar 20 09:17:26 UTC 2026","passed","Fri Mar 20 09:17:26 UTC 2026","","test_substrate_node_is_synced","",""
"","99","test_rpc_method_is_available[Test for CC Enterprise, url: wss://mainnet.creditcoin.network/ws]","tests","Fri Mar 20 09:19:36 UTC 2026","passed","Fri Mar 20 09:19:36 UTC 2026","","test_rpc_methods_availability","",""
"","100","test_rpc_method_is_available[Test for Kusama Relay, url: wss://apps-kusama-rpc.polkadot.io]","tests","Fri Mar 20 09:16:08 UTC 2026","passed","Fri Mar 20 09:16:08 UTC 2026","","test_rpc_methods_availability","",""
"","153","test_rpc_method_is_available[Test for Polkadot People, url: wss://people-polkadot.dotters.network]","tests","Fri Mar 20 09:16:02 UTC 2026","passed","Fri Mar 20 09:16:02 UTC 2026","","test_rpc_methods_availability","",""
"","0","test_chainId[Test for Polkadot People]","tests","Fri Mar 20 09:15:43 UTC 2026","passed","Fri Mar 20 09:15:43 UTC 2026","TestChainId","test_network_parameters","",""
"","0","test_address_prefix[Test for 3DPass]","tests","Fri Mar 20 09:16:42 UTC 2026","passed","Fri Mar 20 09:16:42 UTC 2026","TestNetworkPrefix","test_network_parameters","",""
"","127","test_rpc_node_is_synced[Test for Acala, url: wss://acala-rpc.n.dwellir.com]","tests","Fri Mar 20 09:16:51 UTC 2026","passed","Fri Mar 20 09:16:51 UTC 2026","","test_substrate_node_is_synced","",""
"","0","test_chainId[Test for Amplitude]","tests","Fri Mar 20 09:16:15 UTC 2026","broken","Fri Mar 20 09:16:15 UTC 2026","TestChainId","test_network_parameters","",""
"","17","test_rpc_node_is_synced[Test for Polkadot Collectives, url: wss://collectives-polkadot.dotters.network]","tests","Fri Mar 20 09:18:35 UTC 2026","passed","Fri Mar 20 09:18:35 UTC 2026","","test_substrate_node_is_synced","",""
"","6","test_has_new_assets[Test for Laos]","tests","Fri Mar 20 09:17:33 UTC 2026","passed","Fri Mar 20 09:17:33 UTC 2026","TestAssets","test_check_new_assets","",""
"","118","test_rpc_node_is_synced[Test for Joystream, url: wss://rpc.joystream.org]","tests","Fri Mar 20 09:18:46 UTC 2026","passed","Fri Mar 20 09:18:46 UTC 2026","","test_substrate_node_is_synced","",""
"","105","test_rpc_method_is_available[Test for Shiden, url: wss://shiden-rpc.n.dwellir.com]","tests","Fri Mar 20 09:17:26 UTC 2026","passed","Fri Mar 20 09:17:26 UTC 2026","","test_rpc_methods_availability","",""
"","103","test_rpc_method_is_available[Test for Cere, url: wss://rpc.mainnet.cere.network/ws]","tests","Fri Mar 20 09:19:47 UTC 2026","passed","Fri Mar 20 09:19:47 UTC 2026","","test_rpc_methods_availability","",""
"","104","test_rpc_method_is_available[Test for Kusama Relay, url: wss://rpc-kusama.luckyfriday.io]","tests","Fri Mar 20 09:16:14 UTC 2026","passed","Fri Mar 20 09:16:14 UTC 2026","","test_rpc_methods_availability","",""
"","115","test_rpc_node_is_synced[Test for Acala, url: wss://acala-rpc-2.aca-api.network/ws]","tests","Fri Mar 20 09:16:43 UTC 2026","passed","Fri Mar 20 09:16:43 UTC 2026","","test_substrate_node_is_synced","",""
"","0","test_address_prefix[Test for Creditcoin]","tests","Fri Mar 20 09:17:14 UTC 2026","passed","Fri Mar 20 09:17:14 UTC 2026","TestNetworkPrefix","test_network_parameters","",""
"","110","test_rpc_node_is_synced[Test for UNIQUE, url: wss://eu-ws.unique.network/]","tests","Fri Mar 20 09:18:06 UTC 2026","passed","Fri Mar 20 09:18:06 UTC 2026","","test_substrate_node_is_synced","",""
"","1","test_address_prefix[Test for Kintsugi]","tests","Fri Mar 20 09:16:35 UTC 2026","passed","Fri Mar 20 09:16:35 UTC 2026","TestNetworkPrefix","test_network_parameters","",""
"","1","test_address_prefix[Test for Kusama Asset Hub]","tests","Fri Mar 20 09:16:01 UTC 2026","passed","Fri Mar 20 09:16:01 UTC 2026","TestNetworkPrefix","test_network_parameters","",""
"","0","test_address_prefix[Test for DENTNet]","tests","Fri Mar 20 09:17:20 UTC 2026","passed","Fri Mar 20 09:17:20 UTC 2026","TestNetworkPrefix","test_network_parameters","",""
"","119","test_rpc_node_is_synced[Test for Karura, url: wss://karura-rpc.n.dwellir.com]","tests","Fri Mar 20 09:16:03 UTC 2026","passed","Fri Mar 20 09:16:03 UTC 2026","","test_substrate_node_is_synced","",""
"","122","test_rpc_method_is_available[Test for Aventus, url: wss://avn-parachain.mainnet.aventus.io]","tests","Fri Mar 20 09:18:32 UTC 2026","passed","Fri Mar 20 09:18:32 UTC 2026","","test_rpc_methods_availability","",""
"","13","test_has_new_assets[Test for XX network]","tests","Fri Mar 20 09:16:39 UTC 2026","passed","Fri Mar 20 09:16:39 UTC 2026","TestAssets","test_check_new_assets","",""
"","99","test_rpc_method_is_available[Test for Moonbeam, url: wss://moonbeam.public.curie.radiumblock.co/ws]","tests","Fri Mar 20 09:16:30 UTC 2026","passed","Fri Mar 20 09:16:30 UTC 2026","","test_rpc_methods_availability","",""
"","42","test_rpc_node_is_synced[Test for Kusama Relay, url: wss://kusama.public.curie.radiumblock.co/ws]","tests","Fri Mar 20 09:16:17 UTC 2026","passed","Fri Mar 20 09:16:17 UTC 2026","","test_substrate_node_is_synced","",""
"","155","test_rpc_method_is_available[Test for Acurast Canary, url: wss://public-rpc.canary.acurast.com]","tests","Fri Mar 20 09:19:24 UTC 2026","passed","Fri Mar 20 09:19:24 UTC 2026","","test_rpc_methods_availability","",""
"","1","test_address_prefix[Test for Cere]","tests","Fri Mar 20 09:17:14 UTC 2026","passed","Fri Mar 20 09:17:14 UTC 2026","TestNetworkPrefix","test_network_parameters","",""
"","38","test_rpc_node_is_synced[Test for Phala, url: wss://phala.public.curie.radiumblock.co/ws]","tests","Fri Mar 20 09:17:14 UTC 2026","passed","Fri Mar 20 09:17:14 UTC 2026","","test_substrate_node_is_synced","",""
"","0","test_chainId[Test for Polkadot Bridge Hub]","tests","Fri Mar 20 09:16:46 UTC 2026","passed","Fri Mar 20 09:16:46 UTC 2026","TestChainId","test_network_parameters","",""
"","0","test_address_prefix[Test for UNIQUE]","tests","Fri Mar 20 09:16:06 UTC 2026","passed","Fri Mar 20 09:16:06 UTC 2026","TestNetworkPrefix","test_network_parameters","",""
"","0","test_rpc_method_is_available[Test for Polkadex, url: wss://polkadex.public.curie.radiumblock.co/ws]","tests","Fri Mar 20 09:17:51 UTC 2026","broken","Fri Mar 20 09:17:51 UTC 2026","","test_rpc_methods_availability","",""
"","17","test_rpc_node_is_synced[Test for Polkadot Relay, url: wss://polkadot.dotters.network]","tests","Fri Mar 20 09:15:57 UTC 2026","passed","Fri Mar 20 09:15:57 UTC 2026","","test_substrate_node_is_synced","",""
"","99","test_rpc_method_is_available[Test for Hyperbridge Nexus, url: wss://hyperbridge-nexus-rpc.blockops.network]","tests","Fri Mar 20 09:19:40 UTC 2026","passed","Fri Mar 20 09:19:40 UTC 2026","","test_rpc_methods_availability","",""
"","95","test_rpc_method_is_available[Test for Frequency, url: wss://0.rpc.frequency.xyz]","tests","Fri Mar 20 09:18:57 UTC 2026","passed","Fri Mar 20 09:18:57 UTC 2026","","test_rpc_methods_availability","",""
"","115","test_rpc_node_is_synced[Test for Energy Web X, url: wss://public-rpc.mainnet.energywebx.com/]","tests","Fri Mar 20 09:18:50 UTC 2026","passed","Fri Mar 20 09:18:50 UTC 2026","","test_substrate_node_is_synced","",""
"","0","test_address_prefix[Test for Enjin Matrix]","tests","Fri Mar 20 09:17:03 UTC 2026","passed","Fri Mar 20 09:17:03 UTC 2026","TestNetworkPrefix","test_network_parameters","",""
"","0","test_rpc_node_is_synced[Test for QUARTZ, url: wss://us-ws-quartz.unique.network]","tests","Fri Mar 20 09:16:33 UTC 2026","broken","Fri Mar 20 09:16:33 UTC 2026","","test_substrate_node_is_synced","",""
"","97","test_rpc_method_is_available[Test for Polymesh, url: wss://mainnet-rpc.polymesh.network]","tests","Fri Mar 20 09:18:28 UTC 2026","passed","Fri Mar 20 09:18:29 UTC 2026","","test_rpc_methods_availability","",""
"","14","test_has_new_assets[Test for Aleph Zero]","tests","Fri Mar 20 09:16:10 UTC 2026","passed","Fri Mar 20 09:16:10 UTC 2026","TestAssets","test_check_new_assets","",""
"","60","test_has_new_assets[Test for Kintsugi]","tests","Fri Mar 20 09:16:24 UTC 2026","passed","Fri Mar 20 09:16:24 UTC 2026","TestAssets","test_check_new_assets","",""
"","17","test_rpc_node_is_synced[Test for Polkadot Bridge Hub, url: wss://sys.ibp.network/bridgehub-polkadot]","tests","Fri Mar 20 09:18:22 UTC 2026","passed","Fri Mar 20 09:18:22 UTC 2026","","test_substrate_node_is_synced","",""
"","1","test_chainId[Test for Zeitgeist]","tests","Fri Mar 20 09:16:43 UTC 2026","passed","Fri Mar 20 09:16:43 UTC 2026","TestChainId","test_network_parameters","",""
"","0","test_chainId[Test for Crab]","tests","Fri Mar 20 09:16:55 UTC 2026","broken","Fri Mar 20 09:16:55 UTC 2026","TestChainId","test_network_parameters","",""
"","161","test_rpc_method_is_available[Test for Polkadot Asset Hub, url: wss://asset-hub-polkadot-rpc.n.dwellir.com]","tests","Fri Mar 20 09:17:54 UTC 2026","passed","Fri Mar 20 09:17:54 UTC 2026","","test_rpc_methods_availability","",""
"","99","test_rpc_method_is_available[Test for Creditcoin, url: wss://mainnet3.creditcoin.network]","tests","Fri Mar 20 09:19:35 UTC 2026","passed","Fri Mar 20 09:19:35 UTC 2026","","test_rpc_methods_availability","",""
"","1","test_address_prefix[Test for Polkadot Asset Hub]","tests","Fri Mar 20 09:16:26 UTC 2026","passed","Fri Mar 20 09:16:26 UTC 2026","TestNetworkPrefix","test_network_parameters","",""
"","131","test_rpc_method_is_available[Test for Polkadot Asset Hub, url: wss://sys.ibp.network/asset-hub-polkadot]","tests","Fri Mar 20 09:18:00 UTC 2026","passed","Fri Mar 20 09:18:00 UTC 2026","","test_rpc_methods_availability","",""
"","119","test_rpc_node_is_synced[Test for Heima, url: wss://heima-rpc.n.dwellir.com]","tests","Fri Mar 20 09:18:02 UTC 2026","passed","Fri Mar 20 09:18:02 UTC 2026","","test_substrate_node_is_synced","",""
"","7","test_has_new_assets[Test for Joystream]","tests","Fri Mar 20 09:16:59 UTC 2026","passed","Fri Mar 20 09:16:59 UTC 2026","TestAssets","test_check_new_assets","",""
"","0","test_chainId[Test for UNIQUE]","tests","Fri Mar 20 09:16:05 UTC 2026","passed","Fri Mar 20 09:16:05 UTC 2026","TestChainId","test_network_parameters","",""
"","0","test_chainId[Test for Kusama Asset Hub]","tests","Fri Mar 20 09:15:58 UTC 2026","passed","Fri Mar 20 09:15:58 UTC 2026","TestChainId","test_network_parameters","",""
"","100","test_rpc_method_is_available[Test for Phala, url: wss://phala.public.curie.radiumblock.co/ws]","tests","Fri Mar 20 09:17:33 UTC 2026","passed","Fri Mar 20 09:17:33 UTC 2026","","test_rpc_methods_availability","",""
"","8","test_has_new_assets[Test for 3DPass]","tests","Fri Mar 20 09:16:35 UTC 2026","passed","Fri Mar 20 09:16:35 UTC 2026","TestAssets","test_check_new_assets","",""
"","123","test_rpc_node_is_synced[Test for Kusama Relay, url: wss://rpc-kusama-1.novasama-tech.org]","tests","Fri Mar 20 09:16:28 UTC 2026","passed","Fri Mar 20 09:16:28 UTC 2026","","test_substrate_node_is_synced","",""
"","12","test_has_new_assets[Test for Polkadot Coretime]","tests","Fri Mar 20 09:17:28 UTC 2026","passed","Fri Mar 20 09:17:28 UTC 2026","TestAssets","test_check_new_assets","",""
"","56","test_rpc_node_is_synced[Test for Crust Polkadot Parachain, url: wss://crust-parachain.crustapps.net]","tests","Fri Mar 20 09:17:46 UTC 2026","passed","Fri Mar 20 09:17:46 UTC 2026","","test_substrate_node_is_synced","",""
"","0","test_address_prefix[Test for Phala]","tests","Fri Mar 20 09:16:40 UTC 2026","passed","Fri Mar 20 09:16:40 UTC 2026","TestNetworkPrefix","test_network_parameters","",""
"","0","test_chainId[Test for Heima]","tests","Fri Mar 20 09:16:21 UTC 2026","passed","Fri Mar 20 09:16:21 UTC 2026","TestChainId","test_network_parameters","",""
"","10","test_has_new_assets[Test for Creditcoin]","tests","Fri Mar 20 09:17:15 UTC 2026","passed","Fri Mar 20 09:17:15 UTC 2026","TestAssets","test_check_new_assets","",""
"","11","test_has_new_assets[Test for Moonbeam]","tests","Fri Mar 20 09:15:56 UTC 2026","passed","Fri Mar 20 09:15:56 UTC 2026","TestAssets","test_check_new_assets","",""
"","124","test_rpc_node_is_synced[Test for Polkadot Relay, url: wss://1rpc.io/dot]","tests","Fri Mar 20 09:16:20 UTC 2026","passed","Fri Mar 20 09:16:20 UTC 2026","","test_substrate_node_is_synced","",""
"","101","test_rpc_method_is_available[Test for Kusama Asset Hub, url: wss://sys.ibp.network/statemine]","tests","Fri Mar 20 09:16:47 UTC 2026","passed","Fri Mar 20 09:16:47 UTC 2026","","test_rpc_methods_availability","",""
"","0","test_rpc_node_is_synced[Test for QUARTZ, url: wss://eu-ws-quartz.unique.network]","tests","Fri Mar 20 09:18:49 UTC 2026","broken","Fri Mar 20 09:18:49 UTC 2026","","test_substrate_node_is_synced","",""
"","0","test_chainId[Test for Tangle]","tests","Fri Mar 20 09:17:58 UTC 2026","broken","Fri Mar 20 09:17:58 UTC 2026","TestChainId","test_network_parameters","",""
"","0","test_chainId[Test for Shiden]","tests","Fri Mar 20 09:15:49 UTC 2026","passed","Fri Mar 20 09:15:49 UTC 2026","TestChainId","test_network_parameters","",""
"","100","test_rpc_method_is_available[Test for Polkadot Collectives, url: wss://collectives-polkadot.dotters.network]","tests","Fri Mar 20 09:19:04 UTC 2026","passed","Fri Mar 20 09:19:04 UTC 2026","","test_rpc_methods_availability","",""
"","147","test_rpc_method_is_available[Test for Moonriver, url: wss://wss.api.moonriver.moonbeam.network]","tests","Fri Mar 20 09:16:34 UTC 2026","passed","Fri Mar 20 09:16:35 UTC 2026","","test_rpc_methods_availability","",""
"","0","test_chainId[Test for Westend (TESTNET)]","tests","Fri Mar 20 09:15:54 UTC 2026","passed","Fri Mar 20 09:15:54 UTC 2026","TestChainId","test_network_parameters","",""
"","24","test_rpc_node_is_synced[Test for Moonriver, url: wss://wss.api.moonriver.moonbeam.network]","tests","Fri Mar 20 09:16:22 UTC 2026","passed","Fri Mar 20 09:16:22 UTC 2026","","test_substrate_node_is_synced","",""
"","0","test_address_prefix[Test for Karura]","tests","Fri Mar 20 09:15:52 UTC 2026","passed","Fri Mar 20 09:15:52 UTC 2026","TestNetworkPrefix","test_network_parameters","",""
"","176","test_rpc_node_is_synced[Test for Hydration, url: wss://rpc-hydra.novasama-tech.org]","tests","Fri Mar 20 09:17:13 UTC 2026","passed","Fri Mar 20 09:17:13 UTC 2026","","test_substrate_node_is_synced","",""
"","107","test_rpc_method_is_available[Test for UNIQUE, url: wss://us-ws.unique.network/]","tests","Fri Mar 20 09:18:39 UTC 2026","passed","Fri Mar 20 09:18:39 UTC 2026","","test_rpc_methods_availability","",""
"","0","test_chainId[Test for Avail]","tests","Fri Mar 20 09:17:09 UTC 2026","passed","Fri Mar 20 09:17:09 UTC 2026","TestChainId","test_network_parameters","",""
"","111","test_rpc_node_is_synced[Test for Laos, url: wss://rpc.laos.laosfoundation.io]","tests","Fri Mar 20 09:19:15 UTC 2026","passed","Fri Mar 20 09:19:15 UTC 2026","","test_substrate_node_is_synced","",""
"","0","test_chainId[Test for Acala]","tests","Fri Mar 20 09:16:00 UTC 2026","passed","Fri Mar 20 09:16:00 UTC 2026","TestChainId","test_network_parameters","",""
"","145","test_rpc_method_is_available[Test for Kintsugi, url: wss://api-kusama.interlay.io/parachain]","tests","Fri Mar 20 09:16:57 UTC 2026","passed","Fri Mar 20 09:16:57 UTC 2026","","test_rpc_methods_availability","",""
"","0","test_address_prefix[Test for Darwinia]","tests","Fri Mar 20 09:16:46 UTC 2026","passed","Fri Mar 20 09:16:46 UTC 2026","TestNetworkPrefix","test_network_parameters","",""
"","0","test_chainId[Test for Hydration]","tests","Fri Mar 20 09:16:13 UTC 2026","passed","Fri Mar 20 09:16:13 UTC 2026","TestChainId","test_network_parameters","",""
"","0","test_address_prefix[Test for Mythos]","tests","Fri Mar 20 09:17:04 UTC 2026","passed","Fri Mar 20 09:17:04 UTC 2026","TestNetworkPrefix","test_network_parameters","",""
"","117","test_rpc_node_is_synced[Test for Polkadot People, url: wss://polkadot-people-rpc.polkadot.io]","tests","Fri Mar 20 09:15:48 UTC 2026","passed","Fri Mar 20 09:15:48 UTC 2026","","test_substrate_node_is_synced","",""
"","21","test_rpc_node_is_synced[Test for Kusama Relay, url: wss://kusama.dotters.network]","tests","Fri Mar 20 09:15:53 UTC 2026","passed","Fri Mar 20 09:15:53 UTC 2026","","test_substrate_node_is_synced","",""
"","0","test_address_prefix[Test for Energy Web X]","tests","Fri Mar 20 09:16:54 UTC 2026","passed","Fri Mar 20 09:16:54 UTC 2026","TestNetworkPrefix","test_network_parameters","",""
"","25","test_rpc_node_is_synced[Test for GIANT, url: wss://rpc-anchor-1-mainnet-az-ue1.giantprotocol.org:443]","tests","Fri Mar 20 09:18:18 UTC 2026","passed","Fri Mar 20 09:18:18 UTC 2026","","test_substrate_node_is_synced","",""
"","0","test_rpc_method_is_available[Test for Phala, url: wss://phala-rpc.n.dwellir.com]","tests","Fri Mar 20 09:17:24 UTC 2026","broken","Fri Mar 20 09:17:24 UTC 2026","","test_rpc_methods_availability","",""
"","0","test_chainId[Test for Phala]","tests","Fri Mar 20 09:16:33 UTC 2026","passed","Fri Mar 20 09:16:33 UTC 2026","TestChainId","test_network_parameters","",""
"","142","test_rpc_method_is_available[Test for Polkadot People, url: wss://sys.ibp.network/people-polkadot]","tests","Fri Mar 20 09:15:59 UTC 2026","passed","Fri Mar 20 09:15:59 UTC 2026","","test_rpc_methods_availability","",""
"","8","test_has_new_assets[Test for Pendulum]","tests","Fri Mar 20 09:16:44 UTC 2026","passed","Fri Mar 20 09:16:44 UTC 2026","TestAssets","test_check_new_assets","",""
"","35","test_rpc_node_is_synced[Test for Moonriver, url: wss://moonriver-rpc.publicnode.com]","tests","Fri Mar 20 09:16:15 UTC 2026","passed","Fri Mar 20 09:16:15 UTC 2026","","test_substrate_node_is_synced","",""
"","1","test_address_prefix[Test for Vara]","tests","Fri Mar 20 09:16:48 UTC 2026","passed","Fri Mar 20 09:16:48 UTC 2026","TestNetworkPrefix","test_network_parameters","",""
"","0","test_rpc_node_is_synced[Test for Polkadex, url: wss://polkadex.public.curie.radiumblock.co/ws]","tests","Fri Mar 20 09:17:34 UTC 2026","broken","Fri Mar 20 09:17:34 UTC 2026","","test_substrate_node_is_synced","",""
"","0","test_address_prefix[Test for DeepBrain]","tests","Fri Mar 20 09:17:31 UTC 2026","broken","Fri Mar 20 09:17:31 UTC 2026","TestNetworkPrefix","test_network_parameters","",""
"","21","test_rpc_node_is_synced[Test for UNIQUE, url: wss://unique.dotters.network]","tests","Fri Mar 20 09:17:48 UTC 2026","passed","Fri Mar 20 09:17:48 UTC 2026","","test_substrate_node_is_synced","",""
"","9","test_has_new_assets[Test for Heima]","tests","Fri Mar 20 09:16:30 UTC 2026","passed","Fri Mar 20 09:16:30 UTC 2026","TestAssets","test_check_new_assets","",""
"","39","test_rpc_node_is_synced[Test for Enjin Relay, url: wss://rpc.relay.blockchain.enjin.io]","tests","Fri Mar 20 09:18:48 UTC 2026","passed","Fri Mar 20 09:18:48 UTC 2026","","test_substrate_node_is_synced","",""
"","0","test_rpc_method_is_available[Test for Crab, url: wss://crab-rpc.darwinia.network/]","tests","Fri Mar 20 09:18:55 UTC 2026","broken","Fri Mar 20 09:18:55 UTC 2026","","test_rpc_methods_availability","",""
"","110","test_rpc_node_is_synced[Test for Darwinia, url: wss://rpc.darwinia.network]","tests","Fri Mar 20 09:18:16 UTC 2026","passed","Fri Mar 20 09:18:16 UTC 2026","","test_substrate_node_is_synced","",""
"","172","test_rpc_method_is_available[Test for Hydration, url: wss://rpc-hydra.novasama-tech.org]","tests","Fri Mar 20 09:17:31 UTC 2026","passed","Fri Mar 20 09:17:31 UTC 2026","","test_rpc_methods_availability","",""
"","27","test_rpc_node_is_synced[Test for Moonbeam, url: wss://wss.api.moonbeam.network]","tests","Fri Mar 20 09:16:07 UTC 2026","passed","Fri Mar 20 09:16:07 UTC 2026","","test_substrate_node_is_synced","",""
"","22","test_rpc_node_is_synced[Test for Polkadot Coretime, url: wss://sys.ibp.network/coretime-polkadot]","tests","Fri Mar 20 09:19:12 UTC 2026","passed","Fri Mar 20 09:19:12 UTC 2026","","test_substrate_node_is_synced","",""
"","0","test_address_prefix[Test for Aleph Zero]","tests","Fri Mar 20 09:16:06 UTC 2026","passed","Fri Mar 20 09:16:06 UTC 2026","TestNetworkPrefix","test_network_parameters","",""
"","28","test_rpc_node_is_synced[Test for Shiden, url: wss://shiden.public.curie.radiumblock.co/ws]","tests","Fri Mar 20 09:17:26 UTC 2026","passed","Fri Mar 20 09:17:26 UTC 2026","","test_substrate_node_is_synced","",""
"","108","test_rpc_node_is_synced[Test for Ternoa, url: wss://mainnet.ternoa.network]","tests","Fri Mar 20 09:18:03 UTC 2026","passed","Fri Mar 20 09:18:03 UTC 2026","","test_substrate_node_is_synced","",""
"","0","test_chainId[Test for DeepBrain]","tests","Fri Mar 20 09:17:26 UTC 2026","broken","Fri Mar 20 09:17:26 UTC 2026","TestChainId","test_network_parameters","",""
"","0","test_chainId[Test for Basilisk]","tests","Fri Mar 20 09:16:00 UTC 2026","passed","Fri Mar 20 09:16:00 UTC 2026","TestChainId","test_network_parameters","",""
"","7","test_has_new_assets[Test for Basilisk]","tests","Fri Mar 20 09:16:06 UTC 2026","passed","Fri Mar 20 09:16:06 UTC 2026","TestAssets","test_check_new_assets","",""
"","104","test_rpc_method_is_available[Test for Kusama Coretime, url: wss://coretime-kusama.dotters.network]","tests","Fri Mar 20 09:19:53 UTC 2026","passed","Fri Mar 20 09:19:53 UTC 2026","","test_rpc_methods_availability","",""
"","0","test_chainId[Test for Centrifuge Parachain]","tests","Fri Mar 20 09:16:08 UTC 2026","passed","Fri Mar 20 09:16:08 UTC 2026","TestChainId","test_network_parameters","",""
"","0","test_rpc_node_is_synced[Test for Tangle, url: wss://rpc.tangle.tools]","tests","Fri Mar 20 09:19:59 UTC 2026","broken","Fri Mar 20 09:19:59 UTC 2026","","test_substrate_node_is_synced","",""
"","1","test_address_prefix[Test for JAMTON]","tests","Fri Mar 20 09:17:25 UTC 2026","passed","Fri Mar 20 09:17:25 UTC 2026","TestNetworkPrefix","test_network_parameters","",""
"","51","test_rpc_node_is_synced[Test for Creditcoin, url: wss://mainnet3.creditcoin.network]","tests","Fri Mar 20 09:19:07 UTC 2026","passed","Fri Mar 20 09:19:07 UTC 2026","","test_substrate_node_is_synced","",""
"","17","test_rpc_node_is_synced[Test for Polkadot Asset Hub, url: wss://sys.ibp.network/asset-hub-polkadot]","tests","Fri Mar 20 09:17:21 UTC 2026","passed","Fri Mar 20 09:17:21 UTC 2026","","test_substrate_node_is_synced","",""
"","0","test_chainId[Test for Creditcoin]","tests","Fri Mar 20 09:17:13 UTC 2026","passed","Fri Mar 20 09:17:13 UTC 2026","TestChainId","test_network_parameters","",""
"","103","test_rpc_method_is_available[Test for Polkadex, url: wss://so.polkadex.ee]","tests","Fri Mar 20 09:17:40 UTC 2026","passed","Fri Mar 20 09:17:40 UTC 2026","","test_rpc_methods_availability","",""
"","7","test_has_new_assets[Test for Polymesh]","tests","Fri Mar 20 09:16:31 UTC 2026","passed","Fri Mar 20 09:16:31 UTC 2026","TestAssets","test_check_new_assets","",""
"","112","test_rpc_node_is_synced[Test for Kusama Bridge Hub, url: wss://ksm-rpc.stakeworld.io/bridgehub]","tests","Fri Mar 20 09:18:36 UTC 2026","passed","Fri Mar 20 09:18:37 UTC 2026","","test_substrate_node_is_synced","",""
"","0","test_rpc_node_is_synced[Test for 3DPass, url: wss://rpc.3dpass.org]","tests","Fri Mar 20 09:18:27 UTC 2026","broken","Fri Mar 20 09:18:27 UTC 2026","","test_substrate_node_is_synced","",""
"","99","test_rpc_method_is_available[Test for Ajuna, url: wss://rpc-para.ajuna.network]","tests","Fri Mar 20 09:18:49 UTC 2026","passed","Fri Mar 20 09:18:49 UTC 2026","","test_rpc_methods_availability","",""
"","206","test_rpc_node_is_synced[Test for Crust Shadow, url: wss://rpc-shadow.crust.network/]","tests","Fri Mar 20 09:16:58 UTC 2026","passed","Fri Mar 20 09:16:58 UTC 2026","","test_substrate_node_is_synced","",""
"","23","test_rpc_node_is_synced[Test for Altair, url: wss://altair.api.onfinality.io/public-ws]","tests","Fri Mar 20 09:17:58 UTC 2026","passed","Fri Mar 20 09:17:58 UTC 2026","","test_substrate_node_is_synced","",""
"","171","test_rpc_method_is_available[Test for Kusama Coretime, url: wss://rpc-coretime-kusama.luckyfriday.io]","tests","Fri Mar 20 09:19:55 UTC 2026","passed","Fri Mar 20 09:19:56 UTC 2026","","test_rpc_methods_availability","",""
"","17","test_rpc_node_is_synced[Test for Kusama Relay, url: wss://rpc.ibp.network/kusama]","tests","Fri Mar 20 09:15:48 UTC 2026","passed","Fri Mar 20 09:15:48 UTC 2026","","test_substrate_node_is_synced","",""
"","11","test_has_new_assets[Test for Manta Atlantic]","tests","Fri Mar 20 09:17:05 UTC 2026","passed","Fri Mar 20 09:17:05 UTC 2026","TestAssets","test_check_new_assets","",""
"","0","test_address_prefix[Test for QUARTZ]","tests","Fri Mar 20 09:15:59 UTC 2026","broken","Fri Mar 20 09:15:59 UTC 2026","TestNetworkPrefix","test_network_parameters","",""
"","1","test_chainId[Test for Moonriver]","tests","Fri Mar 20 09:15:43 UTC 2026","passed","Fri Mar 20 09:15:43 UTC 2026","TestChainId","test_network_parameters","",""
"","174","test_rpc_method_is_available[Test for Karura, url: wss://karura-rpc.n.dwellir.com]","tests","Fri Mar 20 09:16:12 UTC 2026","passed","Fri Mar 20 09:16:12 UTC 2026","","test_rpc_methods_availability","",""
"","0","test_rpc_node_is_synced[Test for KILT, url: wss://kilt.ibp.network]","tests","Fri Mar 20 09:18:08 UTC 2026","broken","Fri Mar 20 09:18:08 UTC 2026","","test_substrate_node_is_synced","",""
"","192","test_rpc_method_is_available[Test for Ajuna, url: wss://ajuna.dotters.network]","tests","Fri Mar 20 09:18:58 UTC 2026","passed","Fri Mar 20 09:18:59 UTC 2026","","test_rpc_methods_availability","",""
"","17","test_rpc_node_is_synced[Test for Moonbeam, url: wss://moonbeam.ibp.network]","tests","Fri Mar 20 09:16:10 UTC 2026","passed","Fri Mar 20 09:16:10 UTC 2026","","test_substrate_node_is_synced","",""
"","18","test_rpc_node_is_synced[Test for Kusama Asset Hub, url: wss://asset-hub-kusama.dotters.network]","tests","Fri Mar 20 09:15:44 UTC 2026","passed","Fri Mar 20 09:15:44 UTC 2026","","test_substrate_node_is_synced","",""
"","0","test_has_new_assets[Test for Curio]","tests","Fri Mar 20 09:17:40 UTC 2026","broken","Fri Mar 20 09:17:40 UTC 2026","TestAssets","test_check_new_assets","",""
"","99","test_rpc_method_is_available[Test for Kreivo, url: wss://kreivo.kippu.rocks/]","tests","Fri Mar 20 09:19:28 UTC 2026","passed","Fri Mar 20 09:19:28 UTC 2026","","test_rpc_methods_availability","",""
"","214","test_rpc_node_is_synced[Test for Kusama Relay, url: wss://1rpc.io/ksm]","tests","Fri Mar 20 09:16:12 UTC 2026","passed","Fri Mar 20 09:16:12 UTC 2026","","test_substrate_node_is_synced","",""
"","17","test_rpc_node_is_synced[Test for Kusama Bridge Hub, url: wss://sys.ibp.network/bridgehub-kusama]","tests","Fri Mar 20 09:18:30 UTC 2026","passed","Fri Mar 20 09:18:30 UTC 2026","","test_substrate_node_is_synced","",""
"","207","test_rpc_node_is_synced[Test for Crust Shadow, url: wss://rpc2-shadow.crust.network/]","tests","Fri Mar 20 09:16:54 UTC 2026","passed","Fri Mar 20 09:16:54 UTC 2026","","test_substrate_node_is_synced","",""
"","0","test_address_prefix[Test for Kreivo]","tests","Fri Mar 20 09:17:06 UTC 2026","passed","Fri Mar 20 09:17:06 UTC 2026","TestNetworkPrefix","test_network_parameters","",""
"","100","test_rpc_method_is_available[Test for Mythos, url: wss://polkadot-mythos-rpc.polkadot.io]","tests","Fri Mar 20 09:19:33 UTC 2026","passed","Fri Mar 20 09:19:33 UTC 2026","","test_rpc_methods_availability","",""
"","0","test_address_prefix[Test for NeuroWeb]","tests","Fri Mar 20 09:16:13 UTC 2026","passed","Fri Mar 20 09:16:13 UTC 2026","TestNetworkPrefix","test_network_parameters","",""
"","144","test_rpc_method_is_available[Test for KILT, url: wss://kilt.dotters.network]","tests","Fri Mar 20 09:18:18 UTC 2026","passed","Fri Mar 20 09:18:18 UTC 2026","","test_rpc_methods_availability","",""
"","18","test_rpc_node_is_synced[Test for Encointer, url: wss://sys.ibp.network/encointer-kusama]","tests","Fri Mar 20 09:17:34 UTC 2026","passed","Fri Mar 20 09:17:34 UTC 2026","","test_substrate_node_is_synced","",""
"","0","test_address_prefix[Test for Acala]","tests","Fri Mar 20 09:16:02 UTC 2026","passed","Fri Mar 20 09:16:02 UTC 2026","TestNetworkPrefix","test_network_parameters","",""
"","12","test_has_new_assets[Test for Vara]","tests","Fri Mar 20 09:16:49 UTC 2026","passed","Fri Mar 20 09:16:49 UTC 2026","TestAssets","test_check_new_assets","",""
"","17","test_rpc_node_is_synced[Test for Bifrost Polkadot, url: wss://bifrost-polkadot.dotters.network]","tests","Fri Mar 20 09:17:37 UTC 2026","passed","Fri Mar 20 09:17:37 UTC 2026","","test_substrate_node_is_synced","",""
"","0","test_address_prefix[Test for Robonomics]","tests","Fri Mar 20 09:16:28 UTC 2026","passed","Fri Mar 20 09:16:28 UTC 2026","TestNetworkPrefix","test_network_parameters","",""
"","116","test_rpc_node_is_synced[Test for Centrifuge Parachain, url: wss://fullnode.centrifuge.io]","tests","Fri Mar 20 09:17:03 UTC 2026","passed","Fri Mar 20 09:17:03 UTC 2026","","test_substrate_node_is_synced","",""
"","0","test_chainId[Test for Enjin Matrix]","tests","Fri Mar 20 09:17:00 UTC 2026","passed","Fri Mar 20 09:17:00 UTC 2026","TestChainId","test_network_parameters","",""
"","99","test_rpc_method_is_available[Test for Kusama Relay, url: wss://kusama.public.curie.radiumblock.co/ws]","tests","Fri Mar 20 09:16:29 UTC 2026","passed","Fri Mar 20 09:16:29 UTC 2026","","test_rpc_methods_availability","",""
"","93","test_rpc_method_is_available[Test for Hyperbridge Nexus, url: wss://nexus.dotters.network]","tests","Fri Mar 20 09:19:29 UTC 2026","passed","Fri Mar 20 09:19:29 UTC 2026","","test_rpc_methods_availability","",""
"","17","test_rpc_node_is_synced[Test for Moonbeam, url: wss://moonbeam.dotters.network]","tests","Fri Mar 20 09:16:14 UTC 2026","passed","Fri Mar 20 09:16:14 UTC 2026","","test_substrate_node_is_synced","",""
"","10","test_has_new_assets[Test for UNIQUE]","tests","Fri Mar 20 09:16:10 UTC 2026","passed","Fri Mar 20 09:16:10 UTC 2026","TestAssets","test_check_new_assets","",""
"","132","test_rpc_method_is_available[Test for Bifrost Polkadot, url: wss://hk.p.bifrost-rpc.liebi.com/ws]","tests","Fri Mar 20 09:18:07 UTC 2026","passed","Fri Mar 20 09:18:08 UTC 2026","","test_rpc_methods_availability","",""
"","58","test_has_new_assets[Test for Bifrost Kusama]","tests","Fri Mar 20 09:16:01 UTC 2026","passed","Fri Mar 20 09:16:01 UTC 2026","TestAssets","test_check_new_assets","",""
"","55","test_rpc_node_is_synced[Test for CC Enterprise, url: wss://mainnet.creditcoin.network/ws]","tests","Fri Mar 20 09:19:02 UTC 2026","passed","Fri Mar 20 09:19:02 UTC 2026","","test_substrate_node_is_synced","",""
"","10","test_rpc_node_is_synced[Test for Pendulum, url: wss://rpc-pendulum.prd.pendulumchain.tech]","tests","Fri Mar 20 09:17:43 UTC 2026","passed","Fri Mar 20 09:17:43 UTC 2026","","test_substrate_node_is_synced","",""
"","8","test_has_new_assets[Test for Acurast Canary]","tests","Fri Mar 20 09:17:06 UTC 2026","passed","Fri Mar 20 09:17:06 UTC 2026","TestAssets","test_check_new_assets","",""
"","0","test_address_prefix[Test for Acurast]","tests","Fri Mar 20 09:17:30 UTC 2026","passed","Fri Mar 20 09:17:30 UTC 2026","TestNetworkPrefix","test_network_parameters","",""
"","21","test_rpc_node_is_synced[Test for Phala, url: wss://api.phala.network/ws]","tests","Fri Mar 20 09:17:10 UTC 2026","passed","Fri Mar 20 09:17:10 UTC 2026","","test_substrate_node_is_synced","",""
"","147","test_rpc_node_is_synced[Test for Karura, url: wss://karura-rpc-1.aca-api.network]","tests","Fri Mar 20 09:15:49 UTC 2026","passed","Fri Mar 20 09:15:49 UTC 2026","","test_substrate_node_is_synced","",""
"","0","test_address_prefix[Test for Zeitgeist]","tests","Fri Mar 20 09:16:40 UTC 2026","passed","Fri Mar 20 09:16:40 UTC 2026","TestNetworkPrefix","test_network_parameters","",""
"","0","test_chainId[Test for Bifrost Kusama]","tests","Fri Mar 20 09:15:56 UTC 2026","passed","Fri Mar 20 09:15:56 UTC 2026","TestChainId","test_network_parameters","",""
"","6","test_has_new_assets[Test for JAMTON]","tests","Fri Mar 20 09:17:23 UTC 2026","passed","Fri Mar 20 09:17:23 UTC 2026","TestAssets","test_check_new_assets","",""
"","99","test_rpc_method_is_available[Test for Interlay, url: wss://api.interlay.io/parachain]","tests","Fri Mar 20 09:16:58 UTC 2026","passed","Fri Mar 20 09:16:59 UTC 2026","","test_rpc_methods_availability","",""
"","10","test_has_new_assets[Test for Hyperbridge Nexus]","tests","Fri Mar 20 09:17:09 UTC 2026","passed","Fri Mar 20 09:17:09 UTC 2026","TestAssets","test_check_new_assets","",""
"","147","test_rpc_method_is_available[Test for Aventus, url: wss://public-rpc.mainnet.aventus.io]","tests","Fri Mar 20 09:18:36 UTC 2026","passed","Fri Mar 20 09:18:37 UTC 2026","","test_rpc_methods_availability","",""
"","103","test_rpc_node_is_synced[Test for Moonbeam, url: wss://moonbeam.public.curie.radiumblock.co/ws]","tests","Fri Mar 20 09:16:19 UTC 2026","passed","Fri Mar 20 09:16:19 UTC 2026","","test_substrate_node_is_synced","",""
"","10","test_has_new_assets[Test for Enjin Relay]","tests","Fri Mar 20 09:16:58 UTC 2026","passed","Fri Mar 20 09:16:58 UTC 2026","TestAssets","test_check_new_assets","",""
"","177","test_rpc_method_is_available[Test for Kusama People, url: wss://kusama-people-rpc.polkadot.io]","tests","Fri Mar 20 09:16:13 UTC 2026","passed","Fri Mar 20 09:16:13 UTC 2026","","test_rpc_methods_availability","",""
"","0","test_has_new_assets[Test for Tangle]","tests","Fri Mar 20 09:18:01 UTC 2026","broken","Fri Mar 20 09:18:01 UTC 2026","TestAssets","test_check_new_assets","",""
"","22","test_rpc_node_is_synced[Test for Kusama Coretime, url: wss://sys.ibp.network/coretime-kusama]","tests","Fri Mar 20 09:19:17 UTC 2026","passed","Fri Mar 20 09:19:17 UTC 2026","","test_substrate_node_is_synced","",""
"","11","test_has_new_assets[Test for Polkadot Bridge Hub]","tests","Fri Mar 20 09:16:51 UTC 2026","passed","Fri Mar 20 09:16:52 UTC 2026","TestAssets","test_check_new_assets","",""
"","123","test_rpc_method_is_available[Test for Ajuna, url: wss://ajuna.ibp.network]","tests","Fri Mar 20 09:18:55 UTC 2026","passed","Fri Mar 20 09:18:55 UTC 2026","","test_rpc_methods_availability","",""
"","128","test_rpc_node_is_synced[Test for Polkadot Coretime, url: wss://polkadot-coretime-rpc.polkadot.io]","tests","Fri Mar 20 09:19:16 UTC 2026","passed","Fri Mar 20 09:19:16 UTC 2026","","test_substrate_node_is_synced","",""
"","171","test_rpc_method_is_available[Test for Moonbeam, url: wss://wss.api.moonbeam.network]","tests","Fri Mar 20 09:16:16 UTC 2026","passed","Fri Mar 20 09:16:16 UTC 2026","","test_rpc_methods_availability","",""
"","17","test_rpc_node_is_synced[Test for Polkadot Bridge Hub, url: wss://bridge-hub-polkadot.dotters.network]","tests","Fri Mar 20 09:18:23 UTC 2026","passed","Fri Mar 20 09:18:23 UTC 2026","","test_substrate_node_is_synced","",""
"","0","test_chainId[Test for Hyperbridge Nexus]","tests","Fri Mar 20 09:17:17 UTC 2026","passed","Fri Mar 20 09:17:17 UTC 2026","TestChainId","test_network_parameters","",""
"","110","test_has_new_assets[Test for Karura]","tests","Fri Mar 20 09:15:53 UTC 2026","passed","Fri Mar 20 09:15:53 UTC 2026","TestAssets","test_check_new_assets","",""
"","6","test_has_new_assets[Test for Acurast]","tests","Fri Mar 20 09:17:46 UTC 2026","passed","Fri Mar 20 09:17:46 UTC 2026","TestAssets","test_check_new_assets","",""
"","0","test_chainId[Test for Cere]","tests","Fri Mar 20 09:17:10 UTC 2026","passed","Fri Mar 20 09:17:10 UTC 2026","TestChainId","test_network_parameters","",""
"","0","test_address_prefix[Test for Avail]","tests","Fri Mar 20 09:17:10 UTC 2026","passed","Fri Mar 20 09:17:10 UTC 2026","TestNetworkPrefix","test_network_parameters","",""
"","102","test_rpc_method_is_available[Test for UNIQUE, url: wss://unique.ibp.network]","tests","Fri Mar 20 09:18:03 UTC 2026","passed","Fri Mar 20 09:18:03 UTC 2026","","test_rpc_methods_availability","",""
"","17","test_rpc_node_is_synced[Test for UNIQUE, url: wss://unique.ibp.network]","tests","Fri Mar 20 09:17:44 UTC 2026","passed","Fri Mar 20 09:17:44 UTC 2026","","test_substrate_node_is_synced","",""
"","0","test_rpc_method_is_available[Test for Curio, url: wss://parachain.curioinvest.com/]","tests","Fri Mar 20 09:19:26 UTC 2026","broken","Fri Mar 20 09:19:26 UTC 2026","","test_rpc_methods_availability","",""
"","7","test_has_new_assets[Test for krest]","tests","Fri Mar 20 09:17:00 UTC 2026","passed","Fri Mar 20 09:17:00 UTC 2026","TestAssets","test_check_new_assets","",""
"","192","test_rpc_method_is_available[Test for Karura, url: wss://karura-rpc-0.aca-api.network]","tests","Fri Mar 20 09:15:52 UTC 2026","passed","Fri Mar 20 09:15:52 UTC 2026","","test_rpc_methods_availability","",""
"","164","test_rpc_method_is_available[Test for Bifrost Polkadot, url: wss://bifrost-polkadot.dotters.network]","tests","Fri Mar 20 09:18:01 UTC 2026","passed","Fri Mar 20 09:18:01 UTC 2026","","test_rpc_methods_availability","",""
"","109","test_rpc_node_is_synced[Test for UNIQUE, url: wss://us-ws.unique.network/]","tests","Fri Mar 20 09:18:11 UTC 2026","passed","Fri Mar 20 09:18:12 UTC 2026","","test_substrate_node_is_synced","",""
"","99","test_rpc_method_is_available[Test for Acala, url: wss://acala-rpc-1.aca-api.network]","tests","Fri Mar 20 09:16:54 UTC 2026","passed","Fri Mar 20 09:16:54 UTC 2026","","test_rpc_methods_availability","",""
"","1","test_chainId[Test for Polkadot Collectives]","tests","Fri Mar 20 09:16:49 UTC 2026","passed","Fri Mar 20 09:16:49 UTC 2026","TestChainId","test_network_parameters","",""
"","97","test_rpc_method_is_available[Test for Crust Shadow, url: wss://rpc2-shadow.crust.network/]","tests","Fri Mar 20 09:17:10 UTC 2026","passed","Fri Mar 20 09:17:10 UTC 2026","","test_rpc_methods_availability","",""
"","509","test_rpc_node_is_synced[Test for Karura, url: wss://karura-rpc-3.aca-api.network/ws]","tests","Fri Mar 20 09:15:57 UTC 2026","passed","Fri Mar 20 09:15:57 UTC 2026","","test_substrate_node_is_synced","",""
"","0","test_chainId[Test for Humanode]","tests","Fri Mar 20 09:17:18 UTC 2026","passed","Fri Mar 20 09:17:18 UTC 2026","TestChainId","test_network_parameters","",""
"","0","test_chainId[Test for Polkadex]","tests","Fri Mar 20 09:16:07 UTC 2026","passed","Fri Mar 20 09:16:07 UTC 2026","TestChainId","test_network_parameters","",""
"","0","test_rpc_node_is_synced[Test for Curio, url: wss://parachain.curioinvest.com/]","tests","Fri Mar 20 09:19:01 UTC 2026","broken","Fri Mar 20 09:19:01 UTC 2026","","test_substrate_node_is_synced","",""
"","105","test_rpc_method_is_available[Test for Polkadot Bridge Hub, url: wss://sys.ibp.network/bridgehub-polkadot]","tests","Fri Mar 20 09:18:53 UTC 2026","passed","Fri Mar 20 09:18:53 UTC 2026","","test_rpc_methods_availability","",""
"","116","test_rpc_method_is_available[Test for Polkadot Relay, url: wss://dot-rpc.stakeworld.io]","tests","Fri Mar 20 09:16:19 UTC 2026","passed","Fri Mar 20 09:16:19 UTC 2026","","test_rpc_methods_availability","",""
"","59","test_rpc_node_is_synced[Test for Polymesh, url: wss://mainnet-rpc.polymesh.network]","tests","Fri Mar 20 09:18:07 UTC 2026","passed","Fri Mar 20 09:18:07 UTC 2026","","test_substrate_node_is_synced","",""
"","129","test_rpc_node_is_synced[Test for Polkadot Asset Hub, url: wss://asset-hub-polkadot-rpc.n.dwellir.com]","tests","Fri Mar 20 09:17:16 UTC 2026","passed","Fri Mar 20 09:17:16 UTC 2026","","test_substrate_node_is_synced","",""
"","12","test_has_new_assets[Test for NeuroWeb]","tests","Fri Mar 20 09:16:19 UTC 2026","passed","Fri Mar 20 09:16:19 UTC 2026","TestAssets","test_check_new_assets","",""
"","103","test_rpc_method_is_available[Test for Shiden, url: wss://rpc.shiden.astar.network]","tests","Fri Mar 20 09:17:20 UTC 2026","passed","Fri Mar 20 09:17:20 UTC 2026","","test_rpc_methods_availability","",""
"","109","test_rpc_node_is_synced[Test for Bifrost Polkadot, url: wss://eu.bifrost-polkadot-rpc.liebi.com/ws]","tests","Fri Mar 20 09:17:51 UTC 2026","passed","Fri Mar 20 09:17:51 UTC 2026","","test_substrate_node_is_synced","",""
"","117","test_rpc_node_is_synced[Test for DAO IPCI, url: wss://ipci.rpc.robonomics.network]","tests","Fri Mar 20 09:18:11 UTC 2026","passed","Fri Mar 20 09:18:12 UTC 2026","","test_substrate_node_is_synced","",""
"","163","test_rpc_method_is_available[Test for Moonriver, url: wss://moonriver.public.curie.radiumblock.co/ws]","tests","Fri Mar 20 09:16:34 UTC 2026","passed","Fri Mar 20 09:16:34 UTC 2026","","test_rpc_methods_availability","",""
"","95","test_rpc_method_is_available[Test for Centrifuge Parachain, url: wss://fullnode.centrifuge.io]","tests","Fri Mar 20 09:17:20 UTC 2026","passed","Fri Mar 20 09:17:20 UTC 2026","","test_rpc_methods_availability","",""
"","101","test_rpc_method_is_available[Test for Westend (TESTNET), url: wss://westend.public.curie.radiumblock.co/ws]","tests","Fri Mar 20 09:16:42 UTC 2026","passed","Fri Mar 20 09:16:43 UTC 2026","","test_rpc_methods_availability","",""
"","102","test_rpc_method_is_available[Test for Polkadot People, url: wss://people-polkadot.public.curie.radiumblock.co/ws]","tests","Fri Mar 20 09:16:08 UTC 2026","passed","Fri Mar 20 09:16:08 UTC 2026","","test_rpc_methods_availability","",""
"","0","test_rpc_node_is_synced[Test for KILT, url: wss://spiritnet.kilt.io/]","tests","Fri Mar 20 09:18:24 UTC 2026","broken","Fri Mar 20 09:18:24 UTC 2026","","test_substrate_node_is_synced","",""
"","104","test_rpc_method_is_available[Test for Bifrost Kusama, url: wss://us.bifrost-rpc.liebi.com/ws]","tests","Fri Mar 20 09:17:45 UTC 2026","passed","Fri Mar 20 09:17:45 UTC 2026","","test_rpc_methods_availability","",""
"","113","test_rpc_node_is_synced[Test for Polkadot Relay, url: wss://rpc-polkadot-1.novasama-tech.org]","tests","Fri Mar 20 09:15:44 UTC 2026","passed","Fri Mar 20 09:15:44 UTC 2026","","test_substrate_node_is_synced","",""
"","99","test_rpc_method_is_available[Test for Acurast, url: wss://public-archive.mainnet.acurast.com]","tests","Fri Mar 20 09:20:02 UTC 2026","passed","Fri Mar 20 09:20:02 UTC 2026","","test_rpc_methods_availability","",""
"","0","test_chainId[Test for Joystream]","tests","Fri Mar 20 09:17:06 UTC 2026","passed","Fri Mar 20 09:17:06 UTC 2026","TestChainId","test_network_parameters","",""
"","0","test_address_prefix[Test for Moonriver]","tests","Fri Mar 20 09:15:45 UTC 2026","passed","Fri Mar 20 09:15:45 UTC 2026","TestNetworkPrefix","test_network_parameters","",""
"","93","test_rpc_node_is_synced[Test for Aventus, url: wss://avn-parachain.mainnet.aventus.io]","tests","Fri Mar 20 09:17:49 UTC 2026","passed","Fri Mar 20 09:17:50 UTC 2026","","test_substrate_node_is_synced","",""
"","102","test_rpc_method_is_available[Test for Polkadot Coretime, url: wss://coretime-polkadot.dotters.network]","tests","Fri Mar 20 09:19:49 UTC 2026","passed","Fri Mar 20 09:19:49 UTC 2026","","test_rpc_methods_availability","",""
"","131","test_rpc_method_is_available[Test for Vara, url: wss://rpc.vara-network.io]","tests","Fri Mar 20 09:19:05 UTC 2026","passed","Fri Mar 20 09:19:05 UTC 2026","","test_rpc_methods_availability","",""
"","0","test_chainId[Test for 3DPass]","tests","Fri Mar 20 09:16:38 UTC 2026","passed","Fri Mar 20 09:16:38 UTC 2026","TestChainId","test_network_parameters","",""
"","0","test_rpc_method_is_available[Test for KILT, url: wss://kilt.ibp.network]","tests","Fri Mar 20 09:18:13 UTC 2026","broken","Fri Mar 20 09:18:13 UTC 2026","","test_rpc_methods_availability","",""
"","7","test_has_new_assets[Test for Kusama Coretime]","tests","Fri Mar 20 09:18:22 UTC 2026","passed","Fri Mar 20 09:18:22 UTC 2026","TestAssets","test_check_new_assets","",""
"","0","test_chainId[Test for Astar]","tests","Fri Mar 20 09:16:22 UTC 2026","passed","Fri Mar 20 09:16:22 UTC 2026","TestChainId","test_network_parameters","",""
"","112","test_rpc_method_is_available[Test for Acala, url: wss://acala-rpc-0.aca-api.network]","tests","Fri Mar 20 09:16:50 UTC 2026","passed","Fri Mar 20 09:16:50 UTC 2026","","test_rpc_methods_availability","",""
"","128","test_rpc_node_is_synced[Test for Kusama Coretime, url: wss://ksm-rpc.stakeworld.io/coretime]","tests","Fri Mar 20 09:19:24 UTC 2026","passed","Fri Mar 20 09:19:24 UTC 2026","","test_substrate_node_is_synced","",""
"","99","test_rpc_method_is_available[Test for Bittensor, url: wss://lite.sub.latent.to:443]","tests","Fri Mar 20 09:18:40 UTC 2026","passed","Fri Mar 20 09:18:40 UTC 2026","","test_rpc_methods_availability","",""
"","0","test_chainId[Test for Tanssi]","tests","Fri Mar 20 09:17:28 UTC 2026","passed","Fri Mar 20 09:17:28 UTC 2026","TestChainId","test_network_parameters","",""
"","17","test_rpc_node_is_synced[Test for Kusama Bridge Hub, url: wss://bridge-hub-kusama.dotters.network]","tests","Fri Mar 20 09:18:32 UTC 2026","passed","Fri Mar 20 09:18:32 UTC 2026","","test_substrate_node_is_synced","",""
"","99","test_rpc_method_is_available[Test for Enjin Matrix, url: wss://rpc.matrix.blockchain.enjin.io]","tests","Fri Mar 20 09:19:10 UTC 2026","passed","Fri Mar 20 09:19:10 UTC 2026","","test_rpc_methods_availability","",""
"","97","test_rpc_method_is_available[Test for Astar, url: wss://astar-rpc.n.dwellir.com]","tests","Fri Mar 20 09:17:40 UTC 2026","passed","Fri Mar 20 09:17:40 UTC 2026","","test_rpc_methods_availability","",""
"","0","test_chainId[Test for peaq]","tests","Fri Mar 20 09:17:18 UTC 2026","passed","Fri Mar 20 09:17:18 UTC 2026","TestChainId","test_network_parameters","",""
"","1","test_chainId[Test for DAO IPCI]","tests","Fri Mar 20 09:16:24 UTC 2026","passed","Fri Mar 20 09:16:24 UTC 2026","TestChainId","test_network_parameters","",""
"","0","test_address_prefix[Test for Polkadot People]","tests","Fri Mar 20 09:15:45 UTC 2026","passed","Fri Mar 20 09:15:45 UTC 2026","TestNetworkPrefix","test_network_parameters","",""
"","36","test_rpc_node_is_synced[Test for Ethereum, url: https://ethereum-rpc.publicnode.com]","tests","Fri Mar 20 09:15:48 UTC 2026","broken","Fri Mar 20 09:15:48 UTC 2026","TestETHNodesAvailability","test_eth_nodes_availability","",""
"","11","test_has_new_assets[Test for Kusama Asset Hub]","tests","Fri Mar 20 09:16:04 UTC 2026","passed","Fri Mar 20 09:16:04 UTC 2026","TestAssets","test_check_new_assets","",""
"","0","test_rpc_method_is_available[Test for Curio, url: wss://archive.parachain.curioinvest.com]","tests","Fri Mar 20 09:19:35 UTC 2026","broken","Fri Mar 20 09:19:35 UTC 2026","","test_rpc_methods_availability","",""
"","0","test_address_prefix[Test for Polkadex]","tests","Fri Mar 20 09:16:10 UTC 2026","passed","Fri Mar 20 09:16:10 UTC 2026","TestNetworkPrefix","test_network_parameters","",""
"","113","test_rpc_node_is_synced[Test for Polkadot Relay, url: wss://apps-rpc.polkadot.io]","tests","Fri Mar 20 09:16:03 UTC 2026","passed","Fri Mar 20 09:16:03 UTC 2026","","test_substrate_node_is_synced","",""
"","161","test_rpc_method_is_available[Test for Hydration, url: wss://hydration.dotters.network]","tests","Fri Mar 20 09:16:52 UTC 2026","passed","Fri Mar 20 09:16:52 UTC 2026","","test_rpc_methods_availability","",""
"","413","test_rpc_node_is_synced[Test for Hydration, url: wss://rpc.hydradx.cloud]","tests","Fri Mar 20 09:17:19 UTC 2026","passed","Fri Mar 20 09:17:20 UTC 2026","","test_substrate_node_is_synced","",""
"","0","test_rpc_node_is_synced[Test for Curio, url: wss://archive.parachain.curioinvest.com]","tests","Fri Mar 20 09:19:00 UTC 2026","broken","Fri Mar 20 09:19:00 UTC 2026","","test_substrate_node_is_synced","",""
"","83","test_rpc_node_is_synced[Test for Ajuna, url: wss://ajuna.ibp.network]","tests","Fri Mar 20 09:18:13 UTC 2026","passed","Fri Mar 20 09:18:14 UTC 2026","","test_substrate_node_is_synced","",""
"","0","test_chainId[Test for Manta Atlantic]","tests","Fri Mar 20 09:16:58 UTC 2026","passed","Fri Mar 20 09:16:58 UTC 2026","TestChainId","test_network_parameters","",""
"","0","test_chainId[Test for Nodle Parachain]","tests","Fri Mar 20 09:16:29 UTC 2026","broken","Fri Mar 20 09:16:29 UTC 2026","TestChainId","test_network_parameters","",""
"","0","test_chainId[Test for Polkadot Relay]","tests","Fri Mar 20 09:15:45 UTC 2026","passed","Fri Mar 20 09:15:45 UTC 2026","TestChainId","test_network_parameters","",""
"","0","test_chainId[Test for krest]","tests","Fri Mar 20 09:16:52 UTC 2026","passed","Fri Mar 20 09:16:52 UTC 2026","TestChainId","test_network_parameters","",""
"","1","test_rpc_method_is_available[Test for Amplitude, url: wss://rpc-amplitude.pendulumchain.tech]","tests","Fri Mar 20 09:18:19 UTC 2026","broken","Fri Mar 20 09:18:19 UTC 2026","","test_rpc_methods_availability","",""
"","0","test_address_prefix[Test for Kusama People]","tests","Fri Mar 20 09:15:48 UTC 2026","passed","Fri Mar 20 09:15:48 UTC 2026","TestNetworkPrefix","test_network_parameters","",""
"","0","test_rpc_method_is_available[Test for Polkadot Relay, url: wss://1rpc.io/dot]","tests","Fri Mar 20 09:16:34 UTC 2026","broken","Fri Mar 20 09:16:34 UTC 2026","","test_rpc_methods_availability","",""
"","1","test_chainId[Test for CC Enterprise]","tests","Fri Mar 20 09:17:14 UTC 2026","passed","Fri Mar 20 09:17:14 UTC 2026","TestChainId","test_network_parameters","",""
"","108","test_rpc_method_is_available[Test for DAO IPCI, url: wss://ipci.rpc.robonomics.network]","tests","Fri Mar 20 09:18:33 UTC 2026","passed","Fri Mar 20 09:18:33 UTC 2026","","test_rpc_methods_availability","",""
"","162","test_rpc_method_is_available[Test for Karura, url: wss://karura-rpc-3.aca-api.network/ws]","tests","Fri Mar 20 09:16:06 UTC 2026","passed","Fri Mar 20 09:16:06 UTC 2026","","test_rpc_methods_availability","",""
"","146","test_rpc_node_is_synced[Test for Karura, url: wss://karura-rpc-2.aca-api.network/ws]","tests","Fri Mar 20 09:15:53 UTC 2026","passed","Fri Mar 20 09:15:53 UTC 2026","","test_substrate_node_is_synced","",""
"","132","test_rpc_method_is_available[Test for Laos, url: wss://rpc.laos.laosfoundation.io]","tests","Fri Mar 20 09:19:44 UTC 2026","passed","Fri Mar 20 09:19:45 UTC 2026","","test_rpc_methods_availability","",""
"","17","test_rpc_node_is_synced[Test for Hydration, url: wss://hydration.ibp.network]","tests","Fri Mar 20 09:17:24 UTC 2026","passed","Fri Mar 20 09:17:24 UTC 2026","","test_substrate_node_is_synced","",""
"","22","test_rpc_node_is_synced[Test for KILT, url: wss://kilt.dotters.network]","tests","Fri Mar 20 09:18:12 UTC 2026","passed","Fri Mar 20 09:18:12 UTC 2026","","test_substrate_node_is_synced","",""
"","7","test_has_new_assets[Test for Humanode]","tests","Fri Mar 20 09:17:20 UTC 2026","passed","Fri Mar 20 09:17:20 UTC 2026","TestAssets","test_check_new_assets","",""
"","21","test_rpc_node_is_synced[Test for Polkadot Relay, url: wss://dot-rpc.stakeworld.io]","tests","Fri Mar 20 09:16:06 UTC 2026","passed","Fri Mar 20 09:16:06 UTC 2026","","test_substrate_node_is_synced","",""
"","1","test_address_prefix[Test for Polymesh]","tests","Fri Mar 20 09:16:27 UTC 2026","passed","Fri Mar 20 09:16:27 UTC 2026","TestNetworkPrefix","test_network_parameters","",""
"","152","test_rpc_method_is_available[Test for Humanode, url: wss://explorer-rpc-ws.mainnet.stages.humanode.io]","tests","Fri Mar 20 09:19:38 UTC 2026","passed","Fri Mar 20 09:19:39 UTC 2026","","test_rpc_methods_availability","",""
"","1","test_chainId[Test for Kusama Coretime]","tests","Fri Mar 20 09:17:24 UTC 2026","passed","Fri Mar 20 09:17:24 UTC 2026","TestChainId","test_network_parameters","",""
"","23","test_rpc_node_is_synced[Test for Centrifuge Parachain, url: wss://rpc-centrifuge.luckyfriday.io]","tests","Fri Mar 20 09:17:07 UTC 2026","passed","Fri Mar 20 09:17:07 UTC 2026","","test_substrate_node_is_synced","",""
"","1","test_address_prefix[Test for Pendulum]","tests","Fri Mar 20 09:16:58 UTC 2026","passed","Fri Mar 20 09:16:58 UTC 2026","TestNetworkPrefix","test_network_parameters","",""
"","22","test_rpc_node_is_synced[Test for Ajuna, url: wss://ajuna.dotters.network]","tests","Fri Mar 20 09:18:16 UTC 2026","passed","Fri Mar 20 09:18:16 UTC 2026","","test_substrate_node_is_synced","",""
"","0","test_address_prefix[Test for Heima]","tests","Fri Mar 20 09:16:24 UTC 2026","passed","Fri Mar 20 09:16:24 UTC 2026","TestNetworkPrefix","test_network_parameters","",""
"","655","test_rpc_node_work_fast[Test for Ethereum, url: https://1rpc.io/eth]","tests","Fri Mar 20 09:15:37 UTC 2026","passed","Fri Mar 20 09:15:38 UTC 2026","TestETHNodesAvailability","test_eth_nodes_availability","",""
"","1","test_chainId[Test for Energy Web X]","tests","Fri Mar 20 09:16:55 UTC 2026","passed","Fri Mar 20 09:16:55 UTC 2026","TestChainId","test_network_parameters","",""
"","0","test_address_prefix[Test for Bittensor]","tests","Fri Mar 20 09:16:33 UTC 2026","passed","Fri Mar 20 09:16:33 UTC 2026","TestNetworkPrefix","test_network_parameters","",""
"","112","test_rpc_node_is_synced[Test for Robonomics, url: wss://kusama.rpc.robonomics.network/]","tests","Fri Mar 20 09:17:29 UTC 2026","passed","Fri Mar 20 09:17:29 UTC 2026","","test_substrate_node_is_synced","",""
"","38","test_rpc_node_is_synced[Test for Polkadot Collectives, url: wss://collectives.public.curie.radiumblock.co/ws]","tests","Fri Mar 20 09:18:39 UTC 2026","passed","Fri Mar 20 09:18:39 UTC 2026","","test_substrate_node_is_synced","",""
"","164","test_rpc_method_is_available[Test for Pendulum, url: wss://rpc-pendulum.prd.pendulumchain.tech]","tests","Fri Mar 20 09:18:24 UTC 2026","passed","Fri Mar 20 09:18:24 UTC 2026","","test_rpc_methods_availability","",""
"","0","test_rpc_method_is_available[Test for QUARTZ, url: wss://quartz.unique.network]","tests","Fri Mar 20 09:18:43 UTC 2026","broken","Fri Mar 20 09:18:43 UTC 2026","","test_rpc_methods_availability","",""
"","11","test_has_new_assets[Test for Aventus]","tests","Fri Mar 20 09:16:34 UTC 2026","passed","Fri Mar 20 09:16:34 UTC 2026","TestAssets","test_check_new_assets","",""
"","1","test_address_prefix[Test for Hyperbridge Nexus]","tests","Fri Mar 20 09:17:08 UTC 2026","passed","Fri Mar 20 09:17:08 UTC 2026","TestNetworkPrefix","test_network_parameters","",""
"","9","test_has_new_assets[Test for Darwinia]","tests","Fri Mar 20 09:16:40 UTC 2026","passed","Fri Mar 20 09:16:40 UTC 2026","TestAssets","test_check_new_assets","",""
"","1","test_chainId[Test for JAMTON]","tests","Fri Mar 20 09:17:32 UTC 2026","passed","Fri Mar 20 09:17:32 UTC 2026","TestChainId","test_network_parameters","",""
"","0","test_address_prefix[Test for Crab]","tests","Fri Mar 20 09:16:57 UTC 2026","broken","Fri Mar 20 09:16:57 UTC 2026","TestNetworkPrefix","test_network_parameters","",""
"","0","test_chainId[Test for Altair]","tests","Fri Mar 20 09:15:43 UTC 2026","passed","Fri Mar 20 09:15:43 UTC 2026","TestChainId","test_network_parameters","",""
"","0","test_rpc_method_is_available[Test for Kusama Relay, url: wss://1rpc.io/ksm]","tests","Fri Mar 20 09:16:25 UTC 2026","broken","Fri Mar 20 09:16:25 UTC 2026","","test_rpc_methods_availability","",""
"","129","test_rpc_method_is_available[Test for peaq, url: wss://peaq-rpc.publicnode.com]","tests","Fri Mar 20 09:19:43 UTC 2026","passed","Fri Mar 20 09:19:43 UTC 2026","","test_rpc_methods_availability","",""
"","100","test_rpc_node_is_synced[Test for Astar, url: wss://astar.public.curie.radiumblock.co/ws]","tests","Fri Mar 20 09:17:08 UTC 2026","passed","Fri Mar 20 09:17:09 UTC 2026","","test_substrate_node_is_synced","",""
"","140","test_rpc_method_is_available[Test for Darwinia, url: wss://rpc.darwinia.network]","tests","Fri Mar 20 09:18:43 UTC 2026","passed","Fri Mar 20 09:18:43 UTC 2026","","test_rpc_methods_availability","",""
"","12","test_has_new_assets[Test for Zeitgeist]","tests","Fri Mar 20 09:16:30 UTC 2026","passed","Fri Mar 20 09:16:30 UTC 2026","TestAssets","test_check_new_assets","",""
"","135","test_rpc_method_is_available[Test for Karura, url: wss://karura-rpc-1.aca-api.network]","tests","Fri Mar 20 09:15:56 UTC 2026","passed","Fri Mar 20 09:15:56 UTC 2026","","test_rpc_methods_availability","",""
"","173","test_rpc_method_is_available[Test for Hydration, url: wss://rpc.hydradx.cloud]","tests","Fri Mar 20 09:17:38 UTC 2026","passed","Fri Mar 20 09:17:39 UTC 2026","","test_rpc_methods_availability","",""
"","101","test_rpc_method_is_available[Test for GIANT, url: wss://rpc-anchor-2-mainnet-az-ue1.giantprotocol.org:443]","tests","Fri Mar 20 09:18:50 UTC 2026","passed","Fri Mar 20 09:18:51 UTC 2026","","test_rpc_methods_availability","",""
"","1","test_address_prefix[Test for Kusama Relay]","tests","Fri Mar 20 09:15:53 UTC 2026","passed","Fri Mar 20 09:15:53 UTC 2026","TestNetworkPrefix","test_network_parameters","",""
"","175","test_rpc_method_is_available[Test for Crust Polkadot Parachain, url: wss://crust-parachain.crustapps.net]","tests","Fri Mar 20 09:18:27 UTC 2026","passed","Fri Mar 20 09:18:27 UTC 2026","","test_rpc_methods_availability","",""
"","0","test_chainId[Test for Vara]","tests","Fri Mar 20 09:16:43 UTC 2026","passed","Fri Mar 20 09:16:43 UTC 2026","TestChainId","test_network_parameters","",""
"","17","test_rpc_node_is_synced[Test for Kusama People, url: wss://people-kusama.dotters.network]","tests","Fri Mar 20 09:16:07 UTC 2026","passed","Fri Mar 20 09:16:07 UTC 2026","","test_substrate_node_is_synced","",""
"","96","test_rpc_method_is_available[Test for UNIQUE, url: wss://eu-ws.unique.network/]","tests","Fri Mar 20 09:18:33 UTC 2026","passed","Fri Mar 20 09:18:33 UTC 2026","","test_rpc_methods_availability","",""
"","0","test_rpc_method_is_available[Test for Tangle, url: wss://rpc.tangle.tools]","tests","Fri Mar 20 09:20:25 UTC 2026","broken","Fri Mar 20 09:20:25 UTC 2026","","test_rpc_methods_availability","",""
"","134","test_has_new_assets[Test for Polkadot People]","tests","Fri Mar 20 09:15:47 UTC 2026","passed","Fri Mar 20 09:15:47 UTC 2026","TestAssets","test_check_new_assets","",""
"","0","test_rpc_node_is_synced[Test for DeepBrain, url: wss://info.dbcwallet.io]","tests","Fri Mar 20 09:19:18 UTC 2026","broken","Fri Mar 20 09:19:18 UTC 2026","","test_substrate_node_is_synced","",""
"","0","test_address_prefix[Test for Polkadot Bridge Hub]","tests","Fri Mar 20 09:16:42 UTC 2026","passed","Fri Mar 20 09:16:42 UTC 2026","TestNetworkPrefix","test_network_parameters","",""
"","100","test_rpc_node_is_synced[Test for Cere, url: wss://rpc.mainnet.cere.network/ws]","tests","Fri Mar 20 09:19:10 UTC 2026","passed","Fri Mar 20 09:19:10 UTC 2026","","test_substrate_node_is_synced","",""
"","22","test_rpc_node_is_synced[Test for Zeitgeist, url: wss://zeitgeist.api.onfinality.io/public-ws]","tests","Fri Mar 20 09:16:43 UTC 2026","passed","Fri Mar 20 09:16:43 UTC 2026","","test_substrate_node_is_synced","",""
"","1","test_chainId[Test for Pendulum]","tests","Fri Mar 20 09:16:52 UTC 2026","passed","Fri Mar 20 09:16:52 UTC 2026","TestChainId","test_network_parameters","",""
"","138","test_rpc_method_is_available[Test for Kusama Relay, url: wss://rpc.ibp.network/kusama]","tests","Fri Mar 20 09:15:56 UTC 2026","passed","Fri Mar 20 09:15:56 UTC 2026","","test_rpc_methods_availability","",""
"","101","test_rpc_method_is_available[Test for Polkadot Collectives, url: wss://dot-rpc.stakeworld.io/collectives]","tests","Fri Mar 20 09:19:13 UTC 2026","passed","Fri Mar 20 09:19:13 UTC 2026","","test_rpc_methods_availability","",""
"","114","test_rpc_node_is_synced[Test for Mythos, url: wss://polkadot-mythos-rpc.polkadot.io]","tests","Fri Mar 20 09:19:06 UTC 2026","passed","Fri Mar 20 09:19:06 UTC 2026","","test_substrate_node_is_synced","",""
"","112","test_rpc_method_is_available[Test for Polkadot People, url: wss://polkadot-people-rpc.polkadot.io]","tests","Fri Mar 20 09:15:57 UTC 2026","passed","Fri Mar 20 09:15:57 UTC 2026","","test_rpc_methods_availability","",""
"","101","test_rpc_method_is_available[Test for Astar, url: wss://rpc.astar.network]","tests","Fri Mar 20 09:17:33 UTC 2026","passed","Fri Mar 20 09:17:34 UTC 2026","","test_rpc_methods_availability","",""
"","99","test_rpc_method_is_available[Test for Aleph Zero, url: wss://ws.azero.dev]","tests","Fri Mar 20 09:17:34 UTC 2026","passed","Fri Mar 20 09:17:34 UTC 2026","","test_rpc_methods_availability","",""
"","127","test_rpc_node_is_synced[Test for Tanssi, url: wss://services.tanssi-mainnet.network/tanssi]","tests","Fri Mar 20 09:19:27 UTC 2026","passed","Fri Mar 20 09:19:27 UTC 2026","","test_substrate_node_is_synced","",""
"","11","test_rpc_node_is_synced[Test for Frequency, url: wss://0.rpc.frequency.xyz]","tests","Fri Mar 20 09:18:30 UTC 2026","passed","Fri Mar 20 09:18:30 UTC 2026","","test_substrate_node_is_synced","",""
"","96","test_rpc_method_is_available[Test for Crust Shadow, url: wss://rpc-shadow.crust.network/]","tests","Fri Mar 20 09:17:14 UTC 2026","passed","Fri Mar 20 09:17:14 UTC 2026","","test_rpc_methods_availability","",""
"","0","test_rpc_method_is_available[Test for Acala, url: wss://acala-rpc.n.dwellir.com]","tests","Fri Mar 20 09:17:22 UTC 2026","broken","Fri Mar 20 09:17:22 UTC 2026","","test_rpc_methods_availability","",""
"","7","test_has_new_assets[Test for Westend (TESTNET)]","tests","Fri Mar 20 09:15:59 UTC 2026","passed","Fri Mar 20 09:15:59 UTC 2026","TestAssets","test_check_new_assets","",""
"","180","test_rpc_method_is_available[Test for Kusama Bridge Hub, url: wss://ksm-rpc.stakeworld.io/bridgehub]","tests","Fri Mar 20 09:19:08 UTC 2026","passed","Fri Mar 20 09:19:08 UTC 2026","","test_rpc_methods_availability","",""
"","126","test_rpc_node_is_synced[Test for Polkadex, url: wss://so.polkadex.ee]","tests","Fri Mar 20 09:17:22 UTC 2026","passed","Fri Mar 20 09:17:22 UTC 2026","","test_substrate_node_is_synced","",""
"","106","test_rpc_method_is_available[Test for Polkadot Relay, url: wss://rpc.ibp.network/polkadot]","tests","Fri Mar 20 09:16:02 UTC 2026","passed","Fri Mar 20 09:16:03 UTC 2026","","test_rpc_methods_availability","",""
"","0","test_chainId[Test for Crust Polkadot Parachain]","tests","Fri Mar 20 09:16:56 UTC 2026","passed","Fri Mar 20 09:16:56 UTC 2026","TestChainId","test_network_parameters","",""
"","0","test_address_prefix[Test for Shiden]","tests","Fri Mar 20 09:15:51 UTC 2026","passed","Fri Mar 20 09:15:51 UTC 2026","TestNetworkPrefix","test_network_parameters","",""
"","101","test_rpc_method_is_available[Test for Enjin Relay, url: wss://rpc.relay.blockchain.enjin.io]","tests","Fri Mar 20 09:19:24 UTC 2026","passed","Fri Mar 20 09:19:24 UTC 2026","","test_rpc_methods_availability","",""
"","34","test_rpc_node_is_synced[Test for Kusama Coretime, url: wss://rpc-coretime-kusama.luckyfriday.io]","tests","Fri Mar 20 09:19:20 UTC 2026","passed","Fri Mar 20 09:19:20 UTC 2026","","test_substrate_node_is_synced","",""
"","115","test_rpc_node_is_synced[Test for Westend (TESTNET), url: wss://westend-rpc.polkadot.io]","tests","Fri Mar 20 09:16:23 UTC 2026","passed","Fri Mar 20 09:16:23 UTC 2026","","test_substrate_node_is_synced","",""
"","101","test_rpc_method_is_available[Test for Polkadot Relay, url: wss://rpc-polkadot-2.novasama-tech.org]","tests","Fri Mar 20 09:15:57 UTC 2026","passed","Fri Mar 20 09:15:57 UTC 2026","","test_rpc_methods_availability","",""
"","0","test_address_prefix[Test for Amplitude]","tests","Fri Mar 20 09:16:17 UTC 2026","broken","Fri Mar 20 09:16:17 UTC 2026","TestNetworkPrefix","test_network_parameters","",""
"","97","test_rpc_method_is_available[Test for Bifrost Polkadot, url: wss://eu.bifrost-polkadot-rpc.liebi.com/ws]","tests","Fri Mar 20 09:18:14 UTC 2026","passed","Fri Mar 20 09:18:14 UTC 2026","","test_rpc_methods_availability","",""
"","0","test_rpc_method_is_available[Test for DeepBrain, url: wss://info.dbcwallet.io]","tests","Fri Mar 20 09:19:48 UTC 2026","broken","Fri Mar 20 09:19:48 UTC 2026","","test_rpc_methods_availability","",""
"","20","test_rpc_node_is_synced[Test for 3DPass, url: wss://rpc.p3d.top]","tests","Fri Mar 20 09:18:32 UTC 2026","passed","Fri Mar 20 09:18:32 UTC 2026","","test_substrate_node_is_synced","",""
"","36","test_has_new_assets[Test for Acala]","tests","Fri Mar 20 09:16:05 UTC 2026","passed","Fri Mar 20 09:16:05 UTC 2026","TestAssets","test_check_new_assets","",""
"","0","test_chainId[Test for Kusama Bridge Hub]","tests","Fri Mar 20 09:16:49 UTC 2026","passed","Fri Mar 20 09:16:49 UTC 2026","TestChainId","test_network_parameters","",""
"","0","test_rpc_node_is_synced[Test for QUARTZ, url: wss://quartz.unique.network]","tests","Fri Mar 20 09:18:36 UTC 2026","broken","Fri Mar 20 09:18:36 UTC 2026","","test_substrate_node_is_synced","",""
"","97","test_rpc_method_is_available[Test for Robonomics, url: wss://kusama.rpc.robonomics.network/]","tests","Fri Mar 20 09:18:10 UTC 2026","passed","Fri Mar 20 09:18:10 UTC 2026","","test_rpc_methods_availability","",""
"","0","test_rpc_node_is_synced[Test for Crab, url: wss://crab-rpc.darwinia.network/]","tests","Fri Mar 20 09:18:27 UTC 2026","broken","Fri Mar 20 09:18:27 UTC 2026","","test_substrate_node_is_synced","",""
"","22","test_rpc_node_is_synced[Test for Kusama People, url: wss://sys.ibp.network/people-kusama]","tests","Fri Mar 20 09:16:05 UTC 2026","passed","Fri Mar 20 09:16:05 UTC 2026","","test_substrate_node_is_synced","",""
"","170","test_rpc_method_is_available[Test for Energy Web X, url: wss://public-rpc.mainnet.energywebx.com/]","tests","Fri Mar 20 09:19:20 UTC 2026","passed","Fri Mar 20 09:19:21 UTC 2026","","test_rpc_methods_availability","",""
"","21","test_rpc_node_is_synced[Test for Polkadot People, url: wss://people-polkadot.dotters.network]","tests","Fri Mar 20 09:15:53 UTC 2026","passed","Fri Mar 20 09:15:53 UTC 2026","","test_substrate_node_is_synced","",""
"","119","test_rpc_node_is_synced[Test for Shiden, url: wss://shiden-rpc.n.dwellir.com]","tests","Fri Mar 20 09:17:20 UTC 2026","passed","Fri Mar 20 09:17:20 UTC 2026","","test_substrate_node_is_synced","",""
"","149","test_rpc_method_is_available[Test for Joystream, url: wss://rpc.joystream.org]","tests","Fri Mar 20 09:19:15 UTC 2026","passed","Fri Mar 20 09:19:15 UTC 2026","","test_rpc_methods_availability","",""
"","0","test_address_prefix[Test for Westend (TESTNET)]","tests","Fri Mar 20 09:15:58 UTC 2026","passed","Fri Mar 20 09:15:58 UTC 2026","TestNetworkPrefix","test_network_parameters","",""
"","0","test_chainId[Test for Aleph Zero]","tests","Fri Mar 20 09:16:03 UTC 2026","passed","Fri Mar 20 09:16:03 UTC 2026","TestChainId","test_network_parameters","",""
"","10","test_has_new_assets[Test for Ternoa]","tests","Fri Mar 20 09:16:27 UTC 2026","passed","Fri Mar 20 09:16:27 UTC 2026","TestAssets","test_check_new_assets","",""
"","0","test_address_prefix[Test for Polkadot Collectives]","tests","Fri Mar 20 09:16:49 UTC 2026","passed","Fri Mar 20 09:16:49 UTC 2026","TestNetworkPrefix","test_network_parameters","",""
"","103","test_rpc_method_is_available[Test for Encointer, url: wss://api.kusama.encointer.org]","tests","Fri Mar 20 09:16:52 UTC 2026","passed","Fri Mar 20 09:16:52 UTC 2026","","test_rpc_methods_availability","",""
"","0","test_address_prefix[Test for Centrifuge Parachain]","tests","Fri Mar 20 09:16:12 UTC 2026","passed","Fri Mar 20 09:16:12 UTC 2026","TestNetworkPrefix","test_network_parameters","",""
"","100","test_rpc_method_is_available[Test for Polkadot Relay, url: wss://rpc-polkadot.luckyfriday.io]","tests","Fri Mar 20 09:16:39 UTC 2026","passed","Fri Mar 20 09:16:39 UTC 2026","","test_rpc_methods_availability","",""
"","116","test_rpc_node_is_synced[Test for Kusama Coretime, url: wss://kusama-coretime-rpc.polkadot.io]","tests","Fri Mar 20 09:19:21 UTC 2026","passed","Fri Mar 20 09:19:21 UTC 2026","","test_substrate_node_is_synced","",""
"","10","test_has_new_assets[Test for Kusama Bridge Hub]","tests","Fri Mar 20 09:16:54 UTC 2026","passed","Fri Mar 20 09:16:54 UTC 2026","TestAssets","test_check_new_assets","",""
"","0","test_rpc_method_is_available[Test for 3DPass, url: wss://rpc.3dpass.org]","tests","Fri Mar 20 09:19:11 UTC 2026","broken","Fri Mar 20 09:19:11 UTC 2026","","test_rpc_methods_availability","",""
"","0","test_address_prefix[Test for Bifrost Kusama]","tests","Fri Mar 20 09:15:58 UTC 2026","passed","Fri Mar 20 09:15:58 UTC 2026","TestNetworkPrefix","test_network_parameters","",""
"","0","test_address_prefix[Test for Aventus]","tests","Fri Mar 20 09:16:30 UTC 2026","passed","Fri Mar 20 09:16:30 UTC 2026","TestNetworkPrefix","test_network_parameters","",""
"","204","test_rpc_node_is_synced[Test for Bifrost Kusama, url: wss://bifrost-rpc.liebi.com/ws]","tests","Fri Mar 20 09:17:34 UTC 2026","passed","Fri Mar 20 09:17:34 UTC 2026","","test_substrate_node_is_synced","",""
"","101","test_rpc_method_is_available[Test for Astar, url: wss://astar.public.curie.radiumblock.co/ws]","tests","Fri Mar 20 09:17:46 UTC 2026","passed","Fri Mar 20 09:17:46 UTC 2026","","test_rpc_methods_availability","",""
"","0","test_address_prefix[Test for Joystream]","tests","Fri Mar 20 09:17:07 UTC 2026","passed","Fri Mar 20 09:17:07 UTC 2026","TestNetworkPrefix","test_network_parameters","",""
"","170","test_rpc_method_is_available[Test for Bittensor, url: wss://entrypoint-finney.opentensor.ai:443]","tests","Fri Mar 20 09:18:42 UTC 2026","passed","Fri Mar 20 09:18:42 UTC 2026","","test_rpc_methods_availability","",""
"","174","test_rpc_method_is_available[Test for Ternoa, url: wss://mainnet.ternoa.network]","tests","Fri Mar 20 09:18:25 UTC 2026","passed","Fri Mar 20 09:18:25 UTC 2026","","test_rpc_methods_availability","",""
"","0","test_address_prefix[Test for Tangle]","tests","Fri Mar 20 09:18:13 UTC 2026","broken","Fri Mar 20 09:18:13 UTC 2026","TestNetworkPrefix","test_network_parameters","",""
"","10","test_has_new_assets[Test for Polkadot Collectives]","tests","Fri Mar 20 09:16:54 UTC 2026","passed","Fri Mar 20 09:16:54 UTC 2026","TestAssets","test_check_new_assets","",""
"","283","test_rpc_node_work_fast[Test for Ethereum, url: https://ethereum-rpc.publicnode.com]","tests","Fri Mar 20 09:15:37 UTC 2026","passed","Fri Mar 20 09:15:38 UTC 2026","TestETHNodesAvailability","test_eth_nodes_availability","",""
"","7","test_has_new_assets[Test for Tanssi]","tests","Fri Mar 20 09:17:33 UTC 2026","passed","Fri Mar 20 09:17:33 UTC 2026","TestAssets","test_check_new_assets","",""
"","173","test_rpc_method_is_available[Test for UNIQUE, url: wss://asia-ws.unique.network/]","tests","Fri Mar 20 09:17:59 UTC 2026","passed","Fri Mar 20 09:17:59 UTC 2026","","test_rpc_methods_availability","",""
"","156","test_rpc_method_is_available[Test for Polkadot Coretime, url: wss://rpc-coretime-polkadot.luckyfriday.io]","tests","Fri Mar 20 09:19:49 UTC 2026","passed","Fri Mar 20 09:19:49 UTC 2026","","test_rpc_methods_availability","",""
"","12","test_has_new_assets[Test for Ajuna]","tests","Fri Mar 20 09:16:43 UTC 2026","passed","Fri Mar 20 09:16:43 UTC 2026","TestAssets","test_check_new_assets","",""
"","25","test_rpc_node_is_synced[Test for GIANT, url: wss://rpc-anchor-2-mainnet-az-ue1.giantprotocol.org:443]","tests","Fri Mar 20 09:18:19 UTC 2026","passed","Fri Mar 20 09:18:19 UTC 2026","","test_substrate_node_is_synced","",""
"","99","test_rpc_method_is_available[Test for XX network, url: wss://rpc-hetzner.xx.network]","tests","Fri Mar 20 09:18:21 UTC 2026","passed","Fri Mar 20 09:18:21 UTC 2026","","test_rpc_methods_availability","",""
"","0","test_rpc_method_is_available[Test for QUARTZ, url: wss://eu-ws-quartz.unique.network]","tests","Fri Mar 20 09:18:55 UTC 2026","broken","Fri Mar 20 09:18:55 UTC 2026","","test_rpc_methods_availability","",""
"","97","test_rpc_method_is_available[Test for Acala, url: wss://acala-rpc-2.aca-api.network/ws]","tests","Fri Mar 20 09:16:58 UTC 2026","passed","Fri Mar 20 09:16:58 UTC 2026","","test_rpc_methods_availability","",""
"","0","test_address_prefix[Test for Crust Shadow]","tests","Fri Mar 20 09:16:07 UTC 2026","passed","Fri Mar 20 09:16:07 UTC 2026","TestNetworkPrefix","test_network_parameters","",""
"","0","test_address_prefix[Test for DAO IPCI]","tests","Fri Mar 20 09:16:27 UTC 2026","passed","Fri Mar 20 09:16:27 UTC 2026","TestNetworkPrefix","test_network_parameters","",""
"","100","test_rpc_method_is_available[Test for Karura, url: wss://karura-rpc-2.aca-api.network/ws]","tests","Fri Mar 20 09:16:02 UTC 2026","passed","Fri Mar 20 09:16:02 UTC 2026","","test_rpc_methods_availability","",""
"","0","test_chainId[Test for KILT]","tests","Fri Mar 20 09:15:46 UTC 2026","passed","Fri Mar 20 09:15:46 UTC 2026","TestChainId","test_network_parameters","",""
"","373","test_rpc_node_is_synced[Test for Astar, url: wss://rpc.astar.network]","tests","Fri Mar 20 09:16:58 UTC 2026","passed","Fri Mar 20 09:16:58 UTC 2026","","test_substrate_node_is_synced","",""
"","123","test_rpc_node_is_synced[Test for Acurast, url: wss://public-archive.mainnet.acurast.com]","tests","Fri Mar 20 09:19:26 UTC 2026","passed","Fri Mar 20 09:19:26 UTC 2026","","test_substrate_node_is_synced","",""
"","12","test_has_new_assets[Test for Polkadex]","tests","Fri Mar 20 09:16:15 UTC 2026","passed","Fri Mar 20 09:16:15 UTC 2026","TestAssets","test_check_new_assets","",""
"","50","test_rpc_node_is_synced[Test for Manta Atlantic, url: wss://ws.manta.systems]","tests","Fri Mar 20 09:18:43 UTC 2026","passed","Fri Mar 20 09:18:43 UTC 2026","","test_substrate_node_is_synced","",""
"","0","test_address_prefix[Test for Curio]","tests","Fri Mar 20 09:17:08 UTC 2026","broken","Fri Mar 20 09:17:08 UTC 2026","TestNetworkPrefix","test_network_parameters","",""
"","0","test_address_prefix[Test for Moonbeam]","tests","Fri Mar 20 09:15:54 UTC 2026","passed","Fri Mar 20 09:15:54 UTC 2026","TestNetworkPrefix","test_network_parameters","",""
"","126","test_rpc_node_is_synced[Test for XX network, url: wss://rpc.xx.network]","tests","Fri Mar 20 09:18:15 UTC 2026","passed","Fri Mar 20 09:18:15 UTC 2026","","test_substrate_node_is_synced","",""
"","0","test_chainId[Test for Kusama People]","tests","Fri Mar 20 09:15:47 UTC 2026","passed","Fri Mar 20 09:15:47 UTC 2026","TestChainId","test_network_parameters","",""
"","113","test_rpc_node_is_synced[Test for Kusama People, url: wss://kusama-people-rpc.polkadot.io]","tests","Fri Mar 20 09:16:02 UTC 2026","passed","Fri Mar 20 09:16:02 UTC 2026","","test_substrate_node_is_synced","",""
"","1","test_address_prefix[Test for CC Enterprise]","tests","Fri Mar 20 09:17:18 UTC 2026","passed","Fri Mar 20 09:17:18 UTC 2026","TestNetworkPrefix","test_network_parameters","",""
"","23","test_rpc_node_is_synced[Test for Avail, url: wss://avail.api.onfinality.io/public-ws]","tests","Fri Mar 20 09:18:58 UTC 2026","passed","Fri Mar 20 09:18:58 UTC 2026","","test_substrate_node_is_synced","",""
"","164","test_has_new_assets[Test for Moonriver]","tests","Fri Mar 20 09:15:46 UTC 2026","passed","Fri Mar 20 09:15:47 UTC 2026","TestAssets","test_check_new_assets","",""
"","106","test_rpc_method_is_available[Test for Polkadot Coretime, url: wss://sys.ibp.network/coretime-polkadot]","tests","Fri Mar 20 09:19:46 UTC 2026","passed","Fri Mar 20 09:19:46 UTC 2026","","test_rpc_methods_availability","",""
"","0","test_address_prefix[Test for Hydration]","tests","Fri Mar 20 09:16:16 UTC 2026","passed","Fri Mar 20 09:16:16 UTC 2026","TestNetworkPrefix","test_network_parameters","",""
"","0","test_chainId[Test for Robonomics]","tests","Fri Mar 20 09:16:31 UTC 2026","passed","Fri Mar 20 09:16:31 UTC 2026","TestChainId","test_network_parameters","",""
"","14","test_rpc_node_is_synced[Test for Polkadot Relay, url: wss://polkadot.public.curie.radiumblock.co/ws]","tests","Fri Mar 20 09:16:11 UTC 2026","passed","Fri Mar 20 09:16:11 UTC 2026","","test_substrate_node_is_synced","",""
"","22","test_rpc_node_is_synced[Test for Polkadot Collectives, url: wss://sys.ibp.network/collectives-polkadot]","tests","Fri Mar 20 09:18:40 UTC 2026","passed","Fri Mar 20 09:18:40 UTC 2026","","test_substrate_node_is_synced","",""
"","98","test_rpc_method_is_available[Test for Polkadot Bridge Hub, url: wss://bridge-hub-polkadot.dotters.network]","tests","Fri Mar 20 09:18:56 UTC 2026","passed","Fri Mar 20 09:18:56 UTC 2026","","test_rpc_methods_availability","",""
"","7","test_has_new_assets[Test for Kusama Relay]","tests","Fri Mar 20 09:15:54 UTC 2026","passed","Fri Mar 20 09:15:54 UTC 2026","TestAssets","test_check_new_assets","",""
"","43","test_rpc_node_is_synced[Test for Kreivo, url: wss://kreivo.kippu.rocks/]","tests","Fri Mar 20 09:18:56 UTC 2026","passed","Fri Mar 20 09:18:56 UTC 2026","","test_substrate_node_is_synced","",""
"","171","test_rpc_method_is_available[Test for JAMTON, url: wss://rpc.jamton.network]","tests","Fri Mar 20 09:19:55 UTC 2026","passed","Fri Mar 20 09:19:55 UTC 2026","","test_rpc_methods_availability","",""
"","7","test_has_new_assets[Test for DAO IPCI]","tests","Fri Mar 20 09:16:34 UTC 2026","passed","Fri Mar 20 09:16:34 UTC 2026","TestAssets","test_check_new_assets","",""
"","1","test_chainId[Test for Crust Shadow]","tests","Fri Mar 20 09:16:03 UTC 2026","passed","Fri Mar 20 09:16:03 UTC 2026","TestChainId","test_network_parameters","",""
"","11","test_has_new_assets[Test for Hydration]","tests","Fri Mar 20 09:16:20 UTC 2026","passed","Fri Mar 20 09:16:20 UTC 2026","TestAssets","test_check_new_assets","",""
"","173","test_rpc_method_is_available[Test for Zeitgeist, url: wss://zeitgeist.api.onfinality.io/public-ws]","tests","Fri Mar 20 09:17:02 UTC 2026","passed","Fri Mar 20 09:17:02 UTC 2026","","test_rpc_methods_availability","",""
"","21","test_rpc_node_is_synced[Test for Hydration, url: wss://hydration.dotters.network]","tests","Fri Mar 20 09:16:36 UTC 2026","passed","Fri Mar 20 09:16:36 UTC 2026","","test_substrate_node_is_synced","",""
"","51","test_rpc_node_is_synced[Test for Aleph Zero, url: wss://ws.azero.dev]","tests","Fri Mar 20 09:17:17 UTC 2026","passed","Fri Mar 20 09:17:17 UTC 2026","","test_substrate_node_is_synced","",""
"","0","test_chainId[Test for Kusama Relay]","tests","Fri Mar 20 09:15:49 UTC 2026","passed","Fri Mar 20 09:15:49 UTC 2026","TestChainId","test_network_parameters","",""
"","0","test_rpc_method_is_available[Test for QUARTZ, url: wss://us-ws-quartz.unique.network]","tests","Fri Mar 20 09:16:46 UTC 2026","broken","Fri Mar 20 09:16:46 UTC 2026","","test_rpc_methods_availability","",""
"","234","test_rpc_method_is_available[Test for Kusama Asset Hub, url: wss://asset-hub-kusama.dotters.network]","tests","Fri Mar 20 09:15:52 UTC 2026","passed","Fri Mar 20 09:15:52 UTC 2026","","test_rpc_methods_availability","",""
"","11","test_has_new_assets[Test for Astar]","tests","Fri Mar 20 09:16:05 UTC 2026","passed","Fri Mar 20 09:16:05 UTC 2026","TestAssets","test_check_new_assets","",""
"","7","test_has_new_assets[Test for Polkadot Asset Hub]","tests","Fri Mar 20 09:16:12 UTC 2026","passed","Fri Mar 20 09:16:12 UTC 2026","TestAssets","test_check_new_assets","",""
"","168","test_rpc_method_is_available[Test for Kusama Bridge Hub, url: wss://sys.ibp.network/bridgehub-kusama]","tests","Fri Mar 20 09:19:00 UTC 2026","passed","Fri Mar 20 09:19:00 UTC 2026","","test_rpc_methods_availability","",""
"","23","test_rpc_node_is_synced[Test for Polkadot People, url: wss://rpc-people-polkadot.luckyfriday.io]","tests","Fri Mar 20 09:15:54 UTC 2026","passed","Fri Mar 20 09:15:54 UTC 2026","","test_substrate_node_is_synced","",""
"","101","test_rpc_method_is_available[Test for Tanssi, url: wss://services.tanssi-mainnet.network/tanssi]","tests","Fri Mar 20 09:20:02 UTC 2026","passed","Fri Mar 20 09:20:02 UTC 2026","","test_rpc_methods_availability","",""
"","106","test_rpc_method_is_available[Test for Kusama Relay, url: wss://rpc-kusama-1.novasama-tech.org]","tests","Fri Mar 20 09:16:44 UTC 2026","passed","Fri Mar 20 09:16:44 UTC 2026","","test_rpc_methods_availability","",""
"","0","test_chainId[Test for Karura]","tests","Fri Mar 20 09:15:51 UTC 2026","passed","Fri Mar 20 09:15:51 UTC 2026","TestChainId","test_network_parameters","",""
"","0","test_has_new_assets[Test for Amplitude]","tests","Fri Mar 20 09:16:21 UTC 2026","broken","Fri Mar 20 09:16:21 UTC 2026","TestAssets","test_check_new_assets","",""
"","6","test_has_new_assets[Test for Bittensor]","tests","Fri Mar 20 09:16:36 UTC 2026","passed","Fri Mar 20 09:16:36 UTC 2026","TestAssets","test_check_new_assets","",""
"","0","test_rpc_node_is_synced[Test for Moonriver, url: wss://moonriver.public.curie.radiumblock.co/ws]","tests","Fri Mar 20 09:16:26 UTC 2026","broken","Fri Mar 20 09:16:26 UTC 2026","","test_substrate_node_is_synced","",""
"","0","test_rpc_node_is_synced[Test for Amplitude, url: wss://rpc-amplitude.pendulumchain.tech]","tests","Fri Mar 20 09:17:58 UTC 2026","broken","Fri Mar 20 09:17:58 UTC 2026","","test_substrate_node_is_synced","",""
"","0","test_address_prefix[Test for Astar]","tests","Fri Mar 20 09:16:19 UTC 2026","passed","Fri Mar 20 09:16:19 UTC 2026","TestNetworkPrefix","test_network_parameters","",""
"","40","test_rpc_node_is_synced[Test for Polkadot People, url: wss://people-polkadot.public.curie.radiumblock.co/ws]","tests","Fri Mar 20 09:15:58 UTC 2026","passed","Fri Mar 20 09:15:58 UTC 2026","","test_substrate_node_is_synced","",""
"","12","test_has_new_assets[Test for Mythos]","tests","Fri Mar 20 09:17:04 UTC 2026","passed","Fri Mar 20 09:17:04 UTC 2026","TestAssets","test_check_new_assets","",""
"","58","test_rpc_node_is_synced[Test for Avail, url: wss://mainnet.avail-rpc.com/]","tests","Fri Mar 20 09:18:59 UTC 2026","passed","Fri Mar 20 09:18:59 UTC 2026","","test_substrate_node_is_synced","",""
"","0","test_chainId[Test for Ternoa]","tests","Fri Mar 20 09:16:20 UTC 2026","passed","Fri Mar 20 09:16:20 UTC 2026","TestChainId","test_network_parameters","",""
"","18","test_rpc_node_is_synced[Test for Polkadot Relay, url: wss://rpc.ibp.network/polkadot]","tests","Fri Mar 20 09:15:54 UTC 2026","passed","Fri Mar 20 09:15:54 UTC 2026","","test_substrate_node_is_synced","",""
"","0","test_address_prefix[Test for Kusama Coretime]","tests","Fri Mar 20 09:17:27 UTC 2026","passed","Fri Mar 20 09:17:27 UTC 2026","TestNetworkPrefix","test_network_parameters","",""
"","0","test_chainId[Test for QUARTZ]","tests","Fri Mar 20 09:15:57 UTC 2026","broken","Fri Mar 20 09:15:57 UTC 2026","TestChainId","test_network_parameters","",""
"","1","test_address_prefix[Test for Kusama Bridge Hub]","tests","Fri Mar 20 09:16:44 UTC 2026","passed","Fri Mar 20 09:16:44 UTC 2026","TestNetworkPrefix","test_network_parameters","",""
"","7","test_has_new_assets[Test for Crust Shadow]","tests","Fri Mar 20 09:16:10 UTC 2026","passed","Fri Mar 20 09:16:10 UTC 2026","TestAssets","test_check_new_assets","",""
"","12","test_has_new_assets[Test for Avail]","tests","Fri Mar 20 09:17:12 UTC 2026","passed","Fri Mar 20 09:17:13 UTC 2026","TestAssets","test_check_new_assets","",""
"","107","test_rpc_method_is_available[Test for Bittensor, url: wss://bittensor-finney.api.onfinality.io/public-ws]","tests","Fri Mar 20 09:18:46 UTC 2026","passed","Fri Mar 20 09:18:46 UTC 2026","","test_rpc_methods_availability","",""
"","106","test_rpc_method_is_available[Test for Moonbeam, url: wss://moonbeam.ibp.network]","tests","Fri Mar 20 09:16:20 UTC 2026","passed","Fri Mar 20 09:16:20 UTC 2026","","test_rpc_methods_availability","",""
"","17","test_rpc_node_is_synced[Test for Hyperbridge Nexus, url: wss://nexus.dotters.network]","tests","Fri Mar 20 09:18:57 UTC 2026","passed","Fri Mar 20 09:18:57 UTC 2026","","test_substrate_node_is_synced","",""
"","100","test_rpc_method_is_available[Test for Kusama People, url: wss://sys.ibp.network/people-kusama]","tests","Fri Mar 20 09:16:16 UTC 2026","passed","Fri Mar 20 09:16:16 UTC 2026","","test_rpc_methods_availability","",""
"","1","test_chainId[Test for Polymesh]","tests","Fri Mar 20 09:16:24 UTC 2026","passed","Fri Mar 20 09:16:24 UTC 2026","TestChainId","test_network_parameters","",""
"","196","test_rpc_node_is_synced[Test for Acala, url: wss://acala-rpc-3.aca-api.network/ws]","tests","Fri Mar 20 09:16:46 UTC 2026","passed","Fri Mar 20 09:16:46 UTC 2026","","test_substrate_node_is_synced","",""
"","12","test_has_new_assets[Test for Encointer]","tests","Fri Mar 20 09:16:19 UTC 2026","passed","Fri Mar 20 09:16:19 UTC 2026","TestAssets","test_check_new_assets","",""
"","104","test_rpc_node_is_synced[Test for Basilisk, url: wss://rpc.basilisk.cloud]","tests","Fri Mar 20 09:17:53 UTC 2026","passed","Fri Mar 20 09:17:53 UTC 2026","","test_substrate_node_is_synced","",""
"","293","test_rpc_node_is_synced[Test for Acala, url: wss://acala-rpc-0.aca-api.network]","tests","Fri Mar 20 09:16:37 UTC 2026","passed","Fri Mar 20 09:16:37 UTC 2026","","test_substrate_node_is_synced","",""
"","11","test_has_new_assets[Test for Bifrost Polkadot]","tests","Fri Mar 20 09:16:24 UTC 2026","passed","Fri Mar 20 09:16:24 UTC 2026","TestAssets","test_check_new_assets","",""
"","7","test_has_new_assets[Test for DENTNet]","tests","Fri Mar 20 09:17:16 UTC 2026","passed","Fri Mar 20 09:17:16 UTC 2026","TestAssets","test_check_new_assets","",""
"","139","test_rpc_node_is_synced[Test for Basilisk, url: wss://basilisk-rpc.n.dwellir.com]","tests","Fri Mar 20 09:17:48 UTC 2026","passed","Fri Mar 20 09:17:48 UTC 2026","","test_substrate_node_is_synced","",""
"","98","test_rpc_method_is_available[Test for Moonbeam, url: wss://moonbeam.dotters.network]","tests","Fri Mar 20 09:16:24 UTC 2026","passed","Fri Mar 20 09:16:24 UTC 2026","","test_rpc_methods_availability","",""
"","1","test_chainId[Test for Aventus]","tests","Fri Mar 20 09:16:28 UTC 2026","passed","Fri Mar 20 09:16:28 UTC 2026","TestChainId","test_network_parameters","",""
"","11","test_has_new_assets[Test for Shiden]","tests","Fri Mar 20 09:15:54 UTC 2026","passed","Fri Mar 20 09:15:54 UTC 2026","TestAssets","test_check_new_assets","",""
"","0","test_address_prefix[Test for peaq]","tests","Fri Mar 20 09:17:20 UTC 2026","passed","Fri Mar 20 09:17:20 UTC 2026","TestNetworkPrefix","test_network_parameters","",""
"","98","test_rpc_method_is_available[Test for Kusama Coretime, url: wss://ksm-rpc.stakeworld.io/coretime]","tests","Fri Mar 20 09:19:57 UTC 2026","passed","Fri Mar 20 09:19:57 UTC 2026","","test_rpc_methods_availability","",""
"","22","test_rpc_node_is_synced[Test for Polkadot People, url: wss://sys.ibp.network/people-polkadot]","tests","Fri Mar 20 09:15:50 UTC 2026","passed","Fri Mar 20 09:15:50 UTC 2026","","test_substrate_node_is_synced","",""
"","100","test_rpc_method_is_available[Test for Polkadot Coretime, url: wss://polkadot-coretime-rpc.polkadot.io]","tests","Fri Mar 20 09:20:44 UTC 2026","passed","Fri Mar 20 09:20:44 UTC 2026","","test_rpc_methods_availability","",""
"","0","test_chainId[Test for DENTNet]","tests","Fri Mar 20 09:17:13 UTC 2026","passed","Fri Mar 20 09:17:13 UTC 2026","TestChainId","test_network_parameters","",""
"","12","test_has_new_assets[Test for CC Enterprise]","tests","Fri Mar 20 09:17:14 UTC 2026","passed","Fri Mar 20 09:17:14 UTC 2026","TestAssets","test_check_new_assets","",""
"","138","test_rpc_method_is_available[Test for Bifrost Kusama, url: wss://bifrost-rpc.liebi.com/ws]","tests","Fri Mar 20 09:17:38 UTC 2026","passed","Fri Mar 20 09:17:38 UTC 2026","","test_rpc_methods_availability","",""
"","0","test_address_prefix[Test for Bifrost Polkadot]","tests","Fri Mar 20 09:16:18 UTC 2026","passed","Fri Mar 20 09:16:18 UTC 2026","TestNetworkPrefix","test_network_parameters","",""
"","126","test_rpc_node_is_synced[Test for Vara, url: wss://rpc.vara-network.io]","tests","Fri Mar 20 09:18:36 UTC 2026","passed","Fri Mar 20 09:18:36 UTC 2026","","test_substrate_node_is_synced","",""
"","150","test_rpc_method_is_available[Test for Avail, url: wss://mainnet.avail-rpc.com/]","tests","Fri Mar 20 09:19:32 UTC 2026","passed","Fri Mar 20 09:19:32 UTC 2026","","test_rpc_methods_availability","",""
"","0","test_chainId[Test for Mythos]","tests","Fri Mar 20 09:17:01 UTC 2026","passed","Fri Mar 20 09:17:01 UTC 2026","TestChainId","test_network_parameters","",""
"","193","test_rpc_method_is_available[Test for Polkadot Relay, url: wss://rpc-polkadot-1.novasama-tech.org]","tests","Fri Mar 20 09:15:52 UTC 2026","passed","Fri Mar 20 09:15:52 UTC 2026","","test_rpc_methods_availability","",""
"","155","test_rpc_method_is_available[Test for Shiden, url: wss://shiden.public.curie.radiumblock.co/ws]","tests","Fri Mar 20 09:17:31 UTC 2026","passed","Fri Mar 20 09:17:31 UTC 2026","","test_rpc_methods_availability","",""
"","44","test_rpc_node_is_synced[Test for Enjin Matrix, url: wss://rpc.matrix.blockchain.enjin.io]","tests","Fri Mar 20 09:18:41 UTC 2026","passed","Fri Mar 20 09:18:41 UTC 2026","","test_substrate_node_is_synced","",""
"","501","test_rpc_node_is_synced[Test for Karura, url: wss://karura-rpc-0.aca-api.network]","tests","Fri Mar 20 09:15:44 UTC 2026","passed","Fri Mar 20 09:15:45 UTC 2026","","test_substrate_node_is_synced","",""
"","17","test_rpc_node_is_synced[Test for Kusama Asset Hub, url: wss://sys.ibp.network/statemine]","tests","Fri Mar 20 09:16:32 UTC 2026","passed","Fri Mar 20 09:16:32 UTC 2026","","test_substrate_node_is_synced","",""
"","0","test_has_new_assets[Test for DeepBrain]","tests","Fri Mar 20 09:17:27 UTC 2026","broken","Fri Mar 20 09:17:27 UTC 2026","TestAssets","test_check_new_assets","",""
"","0","test_chainId[Test for Kintsugi]","tests","Fri Mar 20 09:16:39 UTC 2026","passed","Fri Mar 20 09:16:39 UTC 2026","TestChainId","test_network_parameters","",""
"","96","test_rpc_method_is_available[Test for Heima, url: wss://heima-rpc.n.dwellir.com]","tests","Fri Mar 20 09:18:27 UTC 2026","passed","Fri Mar 20 09:18:27 UTC 2026","","test_rpc_methods_availability","",""
"","61","test_has_new_assets[Test for Interlay]","tests","Fri Mar 20 09:16:26 UTC 2026","passed","Fri Mar 20 09:16:27 UTC 2026","TestAssets","test_check_new_assets","",""
"","13","test_has_new_assets[Test for Cere]","tests","Fri Mar 20 09:17:08 UTC 2026","passed","Fri Mar 20 09:17:08 UTC 2026","TestAssets","test_check_new_assets","",""
"","94","test_has_new_assets[Test for Altair]","tests","Fri Mar 20 09:15:47 UTC 2026","passed","Fri Mar 20 09:15:47 UTC 2026","TestAssets","test_check_new_assets","",""
"","0","test_rpc_method_is_available[Test for KILT, url: wss://spiritnet.kilt.io/]","tests","Fri Mar 20 09:18:30 UTC 2026","broken","Fri Mar 20 09:18:30 UTC 2026","","test_rpc_methods_availability","",""
"","156","test_rpc_method_is_available[Test for Kusama Coretime, url: wss://sys.ibp.network/coretime-kusama]","tests","Fri Mar 20 09:19:53 UTC 2026","passed","Fri Mar 20 09:19:53 UTC 2026","","test_rpc_methods_availability","",""
"","163","test_rpc_method_is_available[Test for Kusama Coretime, url: wss://kusama-coretime-rpc.polkadot.io]","tests","Fri Mar 20 09:19:59 UTC 2026","passed","Fri Mar 20 09:19:59 UTC 2026","","test_rpc_methods_availability","",""
"","17","test_rpc_node_is_synced[Test for Bittensor, url: wss://entrypoint-finney.opentensor.ai:443]","tests","Fri Mar 20 09:18:04 UTC 2026","passed","Fri Mar 20 09:18:04 UTC 2026","","test_substrate_node_is_synced","",""
"","1","test_address_prefix[Test for Encointer]","tests","Fri Mar 20 09:16:31 UTC 2026","passed","Fri Mar 20 09:16:31 UTC 2026","TestNetworkPrefix","test_network_parameters","",""
"","109","test_rpc_method_is_available[Test for XX network, url: wss://rpc.xx.network]","tests","Fri Mar 20 09:18:39 UTC 2026","passed","Fri Mar 20 09:18:39 UTC 2026","","test_rpc_methods_availability","",""
"","99","test_rpc_method_is_available[Test for Hyperbridge Nexus, url: wss://nexus.ibp.network]","tests","Fri Mar 20 09:19:24 UTC 2026","passed","Fri Mar 20 09:19:24 UTC 2026","","test_rpc_methods_availability","",""
"","127","test_rpc_node_is_synced[Test for Kusama Relay, url: wss://rpc-kusama-2.novasama-tech.org]","tests","Fri Mar 20 09:15:44 UTC 2026","passed","Fri Mar 20 09:15:44 UTC 2026","","test_substrate_node_is_synced","",""
"","93","test_rpc_node_is_synced[Test for Aventus, url: wss://public-rpc.mainnet.aventus.io]","tests","Fri Mar 20 09:17:55 UTC 2026","passed","Fri Mar 20 09:17:55 UTC 2026","","test_substrate_node_is_synced","",""
"","142","test_rpc_method_is_available[Test for Kusama Bridge Hub, url: wss://bridge-hub-kusama.dotters.network]","tests","Fri Mar 20 09:19:02 UTC 2026","passed","Fri Mar 20 09:19:02 UTC 2026","","test_rpc_methods_availability","",""
"","105","test_rpc_method_is_available[Test for Westend (TESTNET), url: wss://westend-rpc.polkadot.io]","tests","Fri Mar 20 09:16:36 UTC 2026","passed","Fri Mar 20 09:16:36 UTC 2026","","test_rpc_methods_availability","",""
"","39","test_rpc_node_is_synced[Test for Ethereum, url: https://1rpc.io/eth]","tests","Fri Mar 20 09:15:48 UTC 2026","broken","Fri Mar 20 09:15:48 UTC 2026","TestETHNodesAvailability","test_eth_nodes_availability","",""
"","0","test_address_prefix[Test for KILT]","tests","Fri Mar 20 09:15:48 UTC 2026","passed","Fri Mar 20 09:15:48 UTC 2026","TestNetworkPrefix","test_network_parameters","",""
"","1","test_address_prefix[Test for Ternoa]","tests","Fri Mar 20 09:16:22 UTC 2026","passed","Fri Mar 20 09:16:22 UTC 2026","TestNetworkPrefix","test_network_parameters","",""
"","0","test_rpc_method_is_available[Test for Nodle Parachain, url: wss://nodle-parachain.api.onfinality.io/public-ws]","tests","Fri Mar 20 09:17:13 UTC 2026","broken","Fri Mar 20 09:17:13 UTC 2026","","test_rpc_methods_availability","",""
"","1","test_chainId[Test for Encointer]","tests","Fri Mar 20 09:16:34 UTC 2026","passed","Fri Mar 20 09:16:34 UTC 2026","TestChainId","test_network_parameters","",""
"","94","test_rpc_method_is_available[Test for NeuroWeb, url: wss://parachain-rpc.origin-trail.network]","tests","Fri Mar 20 09:17:49 UTC 2026","passed","Fri Mar 20 09:17:49 UTC 2026","","test_rpc_methods_availability","",""
"","118","test_rpc_node_is_synced[Test for Ajuna, url: wss://rpc-para.ajuna.network]","tests","Fri Mar 20 09:18:09 UTC 2026","passed","Fri Mar 20 09:18:09 UTC 2026","","test_substrate_node_is_synced","",""
"","0","test_address_prefix[Test for Basilisk]","tests","Fri Mar 20 09:16:03 UTC 2026","passed","Fri Mar 20 09:16:03 UTC 2026","TestNetworkPrefix","test_network_parameters","",""
"","0","test_chainId[Test for Acurast Canary]","tests","Fri Mar 20 09:17:03 UTC 2026","passed","Fri Mar 20 09:17:03 UTC 2026","TestChainId","test_network_parameters","",""
"","0","test_has_new_assets[Test for QUARTZ]","tests","Fri Mar 20 09:16:01 UTC 2026","broken","Fri Mar 20 09:16:01 UTC 2026","TestAssets","test_check_new_assets","",""
"","23","test_rpc_node_is_synced[Test for Bittensor, url: wss://bittensor-finney.api.onfinality.io/public-ws]","tests","Fri Mar 20 09:18:01 UTC 2026","passed","Fri Mar 20 09:18:01 UTC 2026","","test_substrate_node_is_synced","",""
"","0","test_address_prefix[Test for Altair]","tests","Fri Mar 20 09:15:45 UTC 2026","passed","Fri Mar 20 09:15:45 UTC 2026","TestNetworkPrefix","test_network_parameters","",""
"","109","test_rpc_node_is_synced[Test for UNIQUE, url: wss://asia-ws.unique.network/]","tests","Fri Mar 20 09:17:40 UTC 2026","passed","Fri Mar 20 09:17:40 UTC 2026","","test_substrate_node_is_synced","",""
"","17","test_rpc_node_is_synced[Test for Kusama Coretime, url: wss://coretime-kusama.dotters.network]","tests","Fri Mar 20 09:19:20 UTC 2026","passed","Fri Mar 20 09:19:20 UTC 2026","","test_substrate_node_is_synced","",""
"","100","test_has_new_assets[Test for Polkadot Relay]","tests","Fri Mar 20 09:15:48 UTC 2026","passed","Fri Mar 20 09:15:48 UTC 2026","TestAssets","test_check_new_assets","",""
"","26","test_rpc_node_is_synced[Test for Interlay, url: wss://rpc-interlay.luckyfriday.io/]","tests","Fri Mar 20 09:16:44 UTC 2026","passed","Fri Mar 20 09:16:44 UTC 2026","","test_substrate_node_is_synced","",""
"","7","test_has_new_assets[Test for Energy Web X]","tests","Fri Mar 20 09:17:27 UTC 2026","passed","Fri Mar 20 09:17:27 UTC 2026","TestAssets","test_check_new_assets","",""
"","109","test_rpc_node_is_synced[Test for Polkadot Relay, url: wss://rpc-polkadot-2.novasama-tech.org]","tests","Fri Mar 20 09:15:49 UTC 2026","passed","Fri Mar 20 09:15:49 UTC 2026","","test_substrate_node_is_synced","",""
