"DESCRIPTION","DURATION IN MS","NAME","PARENT SUITE","START TIME","STATUS","STOP TIME","SUB SUITE","SUITE","TEST CLASS","TEST METHOD"
"","0","test_rpc_method_is_available[Test for UNIQUE, url: wss://unique.ibp.network]","tests","Fri May 22 10:09:10 UTC 2026","broken","Fri May 22 10:09:10 UTC 2026","","test_rpc_methods_availability","",""
"","0","test_address_prefix[Test for Polkadot People]","tests","Fri May 22 10:06:56 UTC 2026","passed","Fri May 22 10:06:56 UTC 2026","TestNetworkPrefix","test_network_parameters","",""
"","0","test_can_create_connection[Test for Polkadot Coretime, url: wss://sys.ibp.network/coretime-polkadot]","tests","Fri May 22 10:11:13 UTC 2026","passed","Fri May 22 10:11:13 UTC 2026","","test_nodes_availability","",""
"","0","test_chainId[Test for DeepBrain]","tests","Fri May 22 10:08:56 UTC 2026","broken","Fri May 22 10:08:56 UTC 2026","TestChainId","test_network_parameters","",""
"","56","test_rpc_node_is_synced[Test for Polkadot People, url: wss://rpc-people-polkadot.luckyfriday.io]","tests","Fri May 22 10:07:18 UTC 2026","passed","Fri May 22 10:07:18 UTC 2026","","test_substrate_node_is_synced","",""
"","0","test_can_create_connection[Test for Acurast, url: wss://public-archive.mainnet.acurast.com]","tests","Fri May 22 10:11:30 UTC 2026","passed","Fri May 22 10:11:30 UTC 2026","","test_nodes_availability","",""
"","0","test_can_create_connection[Test for Polkadot Relay, url: wss://1rpc.io/dot]","tests","Fri May 22 10:07:30 UTC 2026","passed","Fri May 22 10:07:30 UTC 2026","","test_nodes_availability","",""
"","1","test_can_create_connection[Test for Kusama Asset Hub, url: wss://sys.ibp.network/statemine]","tests","Fri May 22 10:07:43 UTC 2026","passed","Fri May 22 10:07:43 UTC 2026","","test_nodes_availability","",""
"","37","test_rpc_node_is_synced[Test for Kusama Bridge Hub, url: wss://sys.ibp.network/bridgehub-kusama]","tests","Fri May 22 10:10:46 UTC 2026","passed","Fri May 22 10:10:47 UTC 2026","","test_substrate_node_is_synced","",""
"","181","test_rpc_node_is_synced[Test for JAMTON, url: wss://rpc.jamton.network]","tests","Fri May 22 10:11:33 UTC 2026","passed","Fri May 22 10:11:33 UTC 2026","","test_substrate_node_is_synced","",""
"","0","test_can_create_connection[Test for Aleph Zero, url: wss://ws.azero.dev]","tests","Fri May 22 10:09:28 UTC 2026","passed","Fri May 22 10:09:28 UTC 2026","","test_nodes_availability","",""
"","92","test_rpc_method_is_available[Test for Heima, url: wss://rpc.litentry-parachain.litentry.io]","tests","Fri May 22 10:09:31 UTC 2026","passed","Fri May 22 10:09:31 UTC 2026","","test_rpc_methods_availability","",""
"","0","test_can_create_connection[Test for Kusama Coretime, url: wss://kusama-coretime-rpc.polkadot.io]","tests","Fri May 22 10:11:25 UTC 2026","passed","Fri May 22 10:11:25 UTC 2026","","test_nodes_availability","",""
"","0","test_chainId[Test for Aleph Zero]","tests","Fri May 22 10:08:34 UTC 2026","passed","Fri May 22 10:08:34 UTC 2026","TestChainId","test_network_parameters","",""
"","139","test_rpc_node_is_synced[Test for Polkadot People, url: wss://polkadot-people-rpc.polkadot.io]","tests","Fri May 22 10:07:09 UTC 2026","passed","Fri May 22 10:07:09 UTC 2026","","test_substrate_node_is_synced","",""
"","0","test_rpc_method_is_available[Test for Nodle Parachain, url: wss://nodle-parachain.api.onfinality.io/public-ws]","tests","Fri May 22 10:08:13 UTC 2026","broken","Fri May 22 10:08:13 UTC 2026","","test_rpc_methods_availability","",""
"","54","test_rpc_node_is_synced[Test for Polkadot Relay, url: wss://dot-rpc.stakeworld.io]","tests","Fri May 22 10:07:28 UTC 2026","passed","Fri May 22 10:07:28 UTC 2026","","test_substrate_node_is_synced","",""
"","93","test_rpc_method_is_available[Test for Polkadot Coretime, url: wss://rpc-coretime-polkadot.luckyfriday.io]","tests","Fri May 22 10:11:14 UTC 2026","passed","Fri May 22 10:11:14 UTC 2026","","test_rpc_methods_availability","",""
"","0","test_can_create_connection[Test for Bifrost Polkadot, url: wss://bifrost-polkadot.dotters.network]","tests","Fri May 22 10:09:08 UTC 2026","broken","Fri May 22 10:09:08 UTC 2026","","test_nodes_availability","",""
"","0","test_can_create_connection[Test for Hydration, url: wss://rpc-hydra.novasama-tech.org]","tests","Fri May 22 10:08:28 UTC 2026","passed","Fri May 22 10:08:28 UTC 2026","","test_nodes_availability","",""
"","0","test_address_prefix[Test for Amplitude]","tests","Fri May 22 10:08:07 UTC 2026","broken","Fri May 22 10:08:07 UTC 2026","TestNetworkPrefix","test_network_parameters","",""
"","0","test_address_prefix[Test for Ajuna]","tests","Fri May 22 10:07:50 UTC 2026","passed","Fri May 22 10:07:50 UTC 2026","TestNetworkPrefix","test_network_parameters","",""
"","0","test_has_new_assets[Test for Tangle]","tests","Fri May 22 10:09:05 UTC 2026","broken","Fri May 22 10:09:05 UTC 2026","TestAssets","test_check_new_assets","",""
"","0","test_address_prefix[Test for Westend (TESTNET)]","tests","Fri May 22 10:07:09 UTC 2026","passed","Fri May 22 10:07:09 UTC 2026","TestNetworkPrefix","test_network_parameters","",""
"","101","test_rpc_method_is_available[Test for GIANT, url: wss://rpc-anchor-1-mainnet-az-ue1.giantprotocol.org:443]","tests","Fri May 22 10:10:13 UTC 2026","passed","Fri May 22 10:10:13 UTC 2026","","test_rpc_methods_availability","",""
"","89","test_rpc_method_is_available[Test for Acurast, url: wss://public-archive.mainnet.acurast.com]","tests","Fri May 22 10:11:25 UTC 2026","passed","Fri May 22 10:11:25 UTC 2026","","test_rpc_methods_availability","",""
"","37","test_rpc_node_is_synced[Test for Polkadot Collectives, url: wss://sys.ibp.network/collectives-polkadot]","tests","Fri May 22 10:10:51 UTC 2026","passed","Fri May 22 10:10:51 UTC 2026","","test_substrate_node_is_synced","",""
"","0","test_can_create_connection[Test for Tanssi, url: wss://services.tanssi-mainnet.network/tanssi]","tests","Fri May 22 10:11:31 UTC 2026","passed","Fri May 22 10:11:31 UTC 2026","","test_nodes_availability","",""
"","841","test_subquery_is_synced","tests","Fri May 22 10:07:07 UTC 2026","broken","Fri May 22 10:07:08 UTC 2026","","test_subquery_is_synced","",""
"","0","test_precision[Test for Crust Polkadot Parachain]","tests","Fri May 22 10:08:03 UTC 2026","passed","Fri May 22 10:08:03 UTC 2026","TestPrecision","test_network_parameters","",""
"","0","test_address_prefix[Test for Frequency]","tests","Fri May 22 10:08:13 UTC 2026","passed","Fri May 22 10:08:13 UTC 2026","TestNetworkPrefix","test_network_parameters","",""
"","11","test_has_new_assets[Test for Acurast Canary]","tests","Fri May 22 10:08:40 UTC 2026","passed","Fri May 22 10:08:40 UTC 2026","TestAssets","test_check_new_assets","",""
"","95","test_rpc_method_is_available[Test for Polkadot Asset Hub, url: wss://asset-hub-polkadot.dotters.network]","tests","Fri May 22 10:08:50 UTC 2026","passed","Fri May 22 10:08:50 UTC 2026","","test_rpc_methods_availability","",""
"","51","test_rpc_node_is_synced[Test for Kusama Coretime, url: wss://rpc-coretime-kusama.luckyfriday.io]","tests","Fri May 22 10:11:46 UTC 2026","passed","Fri May 22 10:11:46 UTC 2026","","test_substrate_node_is_synced","",""
"","129","test_has_new_assets[Test for Moonriver]","tests","Fri May 22 10:06:52 UTC 2026","passed","Fri May 22 10:06:52 UTC 2026","TestAssets","test_check_new_assets","",""
"","0","test_can_create_connection[Test for Bifrost Kusama, url: wss://bifrost-rpc.liebi.com/ws]","tests","Fri May 22 10:08:49 UTC 2026","passed","Fri May 22 10:08:49 UTC 2026","","test_nodes_availability","",""
"","0","test_chainId[Test for Humanode]","tests","Fri May 22 10:08:45 UTC 2026","passed","Fri May 22 10:08:45 UTC 2026","TestChainId","test_network_parameters","",""
"","24","test_rpc_node_is_synced[Test for Phala, url: wss://phala.public.curie.radiumblock.co/ws]","tests","Fri May 22 10:09:33 UTC 2026","passed","Fri May 22 10:09:33 UTC 2026","","test_substrate_node_is_synced","",""
"","0","test_address_prefix[Test for JAMTON]","tests","Fri May 22 10:09:10 UTC 2026","passed","Fri May 22 10:09:10 UTC 2026","TestNetworkPrefix","test_network_parameters","",""
"","0","test_precision[Test for Tangle]","tests","Fri May 22 10:09:08 UTC 2026","broken","Fri May 22 10:09:08 UTC 2026","TestPrecision","test_network_parameters","",""
"","0","test_rpc_node_is_synced[Test for 3DPass, url: wss://rpc.3dpass.org]","tests","Fri May 22 10:10:39 UTC 2026","broken","Fri May 22 10:10:39 UTC 2026","","test_substrate_node_is_synced","",""
"","0","test_can_create_connection[Test for Kusama Coretime, url: wss://sys.ibp.network/coretime-kusama]","tests","Fri May 22 10:11:28 UTC 2026","passed","Fri May 22 10:11:28 UTC 2026","","test_nodes_availability","",""
"","0","test_rpc_node_is_synced[Test for Nodle Parachain, url: wss://nodle-parachain.api.onfinality.io/public-ws]","tests","Fri May 22 10:08:22 UTC 2026","broken","Fri May 22 10:08:22 UTC 2026","","test_substrate_node_is_synced","",""
"","37","test_rpc_node_is_synced[Test for Polkadot Relay, url: wss://rpc.ibp.network/polkadot]","tests","Fri May 22 10:07:14 UTC 2026","passed","Fri May 22 10:07:14 UTC 2026","","test_substrate_node_is_synced","",""
"","0","test_rpc_method_is_available[Test for Hyperbridge Nexus, url: wss://nexus.dotters.network]","tests","Fri May 22 10:11:00 UTC 2026","broken","Fri May 22 10:11:00 UTC 2026","","test_rpc_methods_availability","",""
"","1","test_chainId[Test for Enjin Matrix]","tests","Fri May 22 10:08:18 UTC 2026","passed","Fri May 22 10:08:18 UTC 2026","TestChainId","test_network_parameters","",""
"","1","test_address_prefix[Test for Aventus]","tests","Fri May 22 10:07:53 UTC 2026","passed","Fri May 22 10:07:53 UTC 2026","TestNetworkPrefix","test_network_parameters","",""
"","1","test_can_create_connection[Test for Acala, url: wss://acala-rpc.n.dwellir.com]","tests","Fri May 22 10:07:50 UTC 2026","passed","Fri May 22 10:07:50 UTC 2026","","test_nodes_availability","",""
"","98","test_rpc_method_is_available[Test for Pendulum, url: wss://rpc-pendulum.prd.pendulumchain.tech]","tests","Fri May 22 10:09:51 UTC 2026","passed","Fri May 22 10:09:52 UTC 2026","","test_rpc_methods_availability","",""
"","0","test_address_prefix[Test for Enjin Matrix]","tests","Fri May 22 10:08:19 UTC 2026","passed","Fri May 22 10:08:19 UTC 2026","TestNetworkPrefix","test_network_parameters","",""
"","187","test_rpc_node_is_synced[Test for Bifrost Kusama, url: wss://bifrost-rpc.liebi.com/ws]","tests","Fri May 22 10:09:36 UTC 2026","passed","Fri May 22 10:09:36 UTC 2026","","test_substrate_node_is_synced","",""
"","0","test_precision[Test for 3DPass]","tests","Fri May 22 10:07:58 UTC 2026","passed","Fri May 22 10:07:58 UTC 2026","TestPrecision","test_network_parameters","",""
"","9","test_has_new_assets[Test for GIANT]","tests","Fri May 22 10:08:09 UTC 2026","passed","Fri May 22 10:08:09 UTC 2026","TestAssets","test_check_new_assets","",""
"","0","test_can_create_connection[Test for Karura, url: wss://karura-rpc-0.aca-api.network]","tests","Fri May 22 10:06:55 UTC 2026","passed","Fri May 22 10:06:55 UTC 2026","","test_nodes_availability","",""
"","0","test_address_prefix[Test for DENTNet]","tests","Fri May 22 10:08:52 UTC 2026","passed","Fri May 22 10:08:52 UTC 2026","TestNetworkPrefix","test_network_parameters","",""
"","0","test_can_create_connection[Test for Ternoa, url: wss://mainnet.ternoa.network]","tests","Fri May 22 10:09:37 UTC 2026","passed","Fri May 22 10:09:37 UTC 2026","","test_nodes_availability","",""
"","0","test_chainId[Test for Nodle Parachain]","tests","Fri May 22 10:07:34 UTC 2026","broken","Fri May 22 10:07:34 UTC 2026","TestChainId","test_network_parameters","",""
"","93","test_rpc_method_is_available[Test for Westend (TESTNET), url: wss://westend.public.curie.radiumblock.co/ws]","tests","Fri May 22 10:07:37 UTC 2026","passed","Fri May 22 10:07:37 UTC 2026","","test_rpc_methods_availability","",""
"","0","test_chainId[Test for Centrifuge Parachain]","tests","Fri May 22 10:07:12 UTC 2026","passed","Fri May 22 10:07:12 UTC 2026","TestChainId","test_network_parameters","",""
"","141","test_rpc_method_is_available[Test for Karura, url: wss://karura-rpc-1.aca-api.network]","tests","Fri May 22 10:06:59 UTC 2026","passed","Fri May 22 10:06:59 UTC 2026","","test_rpc_methods_availability","",""
"","0","test_chainId[Test for Laos]","tests","Fri May 22 10:09:48 UTC 2026","broken","Fri May 22 10:09:48 UTC 2026","TestChainId","test_network_parameters","",""
"","0","test_has_new_assets[Test for Crab]","tests","Fri May 22 10:08:02 UTC 2026","broken","Fri May 22 10:08:02 UTC 2026","TestAssets","test_check_new_assets","",""
"","97","test_rpc_method_is_available[Test for Moonriver, url: wss://wss.api.moonriver.moonbeam.network]","tests","Fri May 22 10:07:55 UTC 2026","passed","Fri May 22 10:07:55 UTC 2026","","test_rpc_methods_availability","",""
"","139","test_rpc_node_is_synced[Test for Polkadot Relay, url: wss://apps-rpc.polkadot.io]","tests","Fri May 22 10:07:25 UTC 2026","passed","Fri May 22 10:07:25 UTC 2026","","test_substrate_node_is_synced","",""
"","0","test_address_prefix[Test for Moonbeam]","tests","Fri May 22 10:07:08 UTC 2026","passed","Fri May 22 10:07:08 UTC 2026","TestNetworkPrefix","test_network_parameters","",""
"","190","test_rpc_node_is_synced[Test for Kusama Relay, url: wss://1rpc.io/ksm]","tests","Fri May 22 10:07:31 UTC 2026","passed","Fri May 22 10:07:31 UTC 2026","","test_substrate_node_is_synced","",""
"","95","test_rpc_method_is_available[Test for peaq, url: wss://peaq-rpc.publicnode.com]","tests","Fri May 22 10:11:12 UTC 2026","passed","Fri May 22 10:11:12 UTC 2026","","test_rpc_methods_availability","",""
"","0","test_can_create_connection[Test for Kusama Coretime, url: wss://coretime-kusama.dotters.network]","tests","Fri May 22 10:11:21 UTC 2026","passed","Fri May 22 10:11:21 UTC 2026","","test_nodes_availability","",""
"","0","test_address_prefix[Test for Mythos]","tests","Fri May 22 10:08:39 UTC 2026","passed","Fri May 22 10:08:39 UTC 2026","TestNetworkPrefix","test_network_parameters","",""
"","208","test_rpc_node_is_synced[Test for Crust Shadow, url: wss://rpc2-shadow.crust.network/]","tests","Fri May 22 10:08:16 UTC 2026","passed","Fri May 22 10:08:16 UTC 2026","","test_substrate_node_is_synced","",""
"","0","test_can_create_connection[Test for Crust Shadow, url: wss://rpc2-shadow.crust.network/]","tests","Fri May 22 10:08:07 UTC 2026","passed","Fri May 22 10:08:07 UTC 2026","","test_nodes_availability","",""
"","50","test_rpc_node_is_synced[Test for Centrifuge Parachain, url: wss://rpc-centrifuge.luckyfriday.io]","tests","Fri May 22 10:08:30 UTC 2026","passed","Fri May 22 10:08:30 UTC 2026","","test_substrate_node_is_synced","",""
"","0","test_rpc_method_is_available[Test for Hyperbridge Nexus, url: wss://nexus.ibp.network]","tests","Fri May 22 10:10:49 UTC 2026","broken","Fri May 22 10:10:49 UTC 2026","","test_rpc_methods_availability","",""
"","7","test_has_new_assets[Test for Heima]","tests","Fri May 22 10:07:31 UTC 2026","passed","Fri May 22 10:07:31 UTC 2026","TestAssets","test_check_new_assets","",""
"","0","test_rpc_node_is_synced[Test for Bifrost Polkadot, url: wss://bifrost-polkadot.dotters.network]","tests","Fri May 22 10:09:16 UTC 2026","broken","Fri May 22 10:09:16 UTC 2026","","test_substrate_node_is_synced","",""
"","12","test_has_new_assets[Test for Shiden]","tests","Fri May 22 10:07:17 UTC 2026","passed","Fri May 22 10:07:17 UTC 2026","TestAssets","test_check_new_assets","",""
"","92","test_rpc_method_is_available[Test for Kusama Coretime, url: wss://coretime-kusama.dotters.network]","tests","Fri May 22 10:11:18 UTC 2026","passed","Fri May 22 10:11:18 UTC 2026","","test_rpc_methods_availability","",""
"","0","test_can_create_connection[Test for Crust Shadow, url: wss://rpc-sha-subscan.crustnetwork.xyz]","tests","Fri May 22 10:08:01 UTC 2026","passed","Fri May 22 10:08:01 UTC 2026","","test_nodes_availability","",""
"","1","test_precision[Test for Hydration]","tests","Fri May 22 10:07:19 UTC 2026","passed","Fri May 22 10:07:19 UTC 2026","TestPrecision","test_network_parameters","",""
"","220","test_rpc_node_is_synced[Test for Karura, url: wss://karura-rpc-3.aca-api.network/ws]","tests","Fri May 22 10:07:14 UTC 2026","passed","Fri May 22 10:07:15 UTC 2026","","test_substrate_node_is_synced","",""
"","658","test_rpc_node_is_synced[Test for Karura, url: wss://karura-rpc-2.aca-api.network/ws]","tests","Fri May 22 10:07:09 UTC 2026","passed","Fri May 22 10:07:10 UTC 2026","","test_substrate_node_is_synced","",""
"","163","test_rpc_node_is_synced[Test for Interlay, url: wss://api.interlay.io/parachain]","tests","Fri May 22 10:08:08 UTC 2026","passed","Fri May 22 10:08:09 UTC 2026","","test_substrate_node_is_synced","",""
"","0","test_can_create_connection[Test for Moonbeam, url: wss://moonbeam.public.curie.radiumblock.co/ws]","tests","Fri May 22 10:07:53 UTC 2026","broken","Fri May 22 10:07:53 UTC 2026","","test_nodes_availability","",""
"","0","test_can_create_connection[Test for Creditcoin, url: wss://mainnet3.creditcoin.network]","tests","Fri May 22 10:10:55 UTC 2026","passed","Fri May 22 10:10:55 UTC 2026","","test_nodes_availability","",""
"","0","test_address_prefix[Test for peaq]","tests","Fri May 22 10:09:06 UTC 2026","passed","Fri May 22 10:09:06 UTC 2026","TestNetworkPrefix","test_network_parameters","",""
"","0","test_can_create_connection[Test for Polkadot Collectives, url: wss://collectives.public.curie.radiumblock.co/ws]","tests","Fri May 22 10:10:21 UTC 2026","passed","Fri May 22 10:10:21 UTC 2026","","test_nodes_availability","",""
"","0","test_can_create_connection[Test for Hydration, url: wss://hydration.dotters.network]","tests","Fri May 22 10:08:46 UTC 2026","passed","Fri May 22 10:08:46 UTC 2026","","test_nodes_availability","",""
"","0","test_precision[Test for Westend (TESTNET)]","tests","Fri May 22 10:07:03 UTC 2026","passed","Fri May 22 10:07:03 UTC 2026","TestPrecision","test_network_parameters","",""
"","62","test_has_new_assets[Test for Bifrost Kusama]","tests","Fri May 22 10:07:25 UTC 2026","passed","Fri May 22 10:07:25 UTC 2026","TestAssets","test_check_new_assets","",""
"","6","test_has_new_assets[Test for Energy Web X]","tests","Fri May 22 10:08:28 UTC 2026","passed","Fri May 22 10:08:28 UTC 2026","TestAssets","test_check_new_assets","",""
"","7","test_has_new_assets[Test for Moonbeam]","tests","Fri May 22 10:07:02 UTC 2026","passed","Fri May 22 10:07:02 UTC 2026","TestAssets","test_check_new_assets","",""
"","1","test_precision[Test for Crust Shadow]","tests","Fri May 22 10:07:29 UTC 2026","passed","Fri May 22 10:07:29 UTC 2026","TestPrecision","test_network_parameters","",""
"","168","test_rpc_method_is_available[Test for Polkadot People, url: wss://rpc-people-polkadot.luckyfriday.io]","tests","Fri May 22 10:07:10 UTC 2026","passed","Fri May 22 10:07:10 UTC 2026","","test_rpc_methods_availability","",""
"","0","test_address_prefix[Test for Robonomics]","tests","Fri May 22 10:07:18 UTC 2026","passed","Fri May 22 10:07:18 UTC 2026","TestNetworkPrefix","test_network_parameters","",""
"","145","test_rpc_node_is_synced[Test for Vara, url: wss://rpc.vara-network.io]","tests","Fri May 22 10:10:36 UTC 2026","passed","Fri May 22 10:10:37 UTC 2026","","test_substrate_node_is_synced","",""
"","1","test_can_create_connection[Test for Vara, url: wss://rpc.vara-network.io]","tests","Fri May 22 10:10:15 UTC 2026","passed","Fri May 22 10:10:15 UTC 2026","","test_nodes_availability","",""
"","0","test_can_create_connection[Test for Ajuna, url: wss://ajuna.dotters.network]","tests","Fri May 22 10:10:17 UTC 2026","broken","Fri May 22 10:10:17 UTC 2026","","test_nodes_availability","",""
"","45","test_rpc_node_is_synced[Test for Kusama Bridge Hub, url: wss://bridge-hub-kusama.dotters.network]","tests","Fri May 22 10:10:43 UTC 2026","passed","Fri May 22 10:10:43 UTC 2026","","test_substrate_node_is_synced","",""
"","0","test_chainId[Test for Kusama People]","tests","Fri May 22 10:06:55 UTC 2026","passed","Fri May 22 10:06:55 UTC 2026","TestChainId","test_network_parameters","",""
"","98","test_rpc_method_is_available[Test for Polkadot Relay, url: wss://polkadot.public.curie.radiumblock.co/ws]","tests","Fri May 22 10:07:24 UTC 2026","passed","Fri May 22 10:07:24 UTC 2026","","test_rpc_methods_availability","",""
"","0","test_address_prefix[Test for QUARTZ]","tests","Fri May 22 10:07:07 UTC 2026","broken","Fri May 22 10:07:07 UTC 2026","TestNetworkPrefix","test_network_parameters","",""
"","0","test_chainId[Test for Crust Shadow]","tests","Fri May 22 10:07:26 UTC 2026","passed","Fri May 22 10:07:26 UTC 2026","TestChainId","test_network_parameters","",""
"","0","test_can_create_connection[Test for Curio, url: wss://parachain.curioinvest.com/]","tests","Fri May 22 10:10:47 UTC 2026","broken","Fri May 22 10:10:47 UTC 2026","","test_nodes_availability","",""
"","0","test_precision[Test for Bifrost Polkadot]","tests","Fri May 22 10:07:26 UTC 2026","passed","Fri May 22 10:07:26 UTC 2026","TestPrecision","test_network_parameters","",""
"","106","test_rpc_method_is_available[Test for Polkadot Asset Hub, url: wss://sys.ibp.network/asset-hub-polkadot]","tests","Fri May 22 10:08:44 UTC 2026","passed","Fri May 22 10:08:44 UTC 2026","","test_rpc_methods_availability","",""
"","0","test_chainId[Test for Kusama Bridge Hub]","tests","Fri May 22 10:08:09 UTC 2026","passed","Fri May 22 10:08:09 UTC 2026","TestChainId","test_network_parameters","",""
"","0","test_can_create_connection[Test for Encointer, url: wss://api.kusama.encointer.org]","tests","Fri May 22 10:07:48 UTC 2026","passed","Fri May 22 10:07:48 UTC 2026","","test_nodes_availability","",""
"","1","test_can_create_connection[Test for Hydration, url: wss://rpc.hydradx.cloud]","tests","Fri May 22 10:08:36 UTC 2026","passed","Fri May 22 10:08:36 UTC 2026","","test_nodes_availability","",""
"","0","test_precision[Test for Avail]","tests","Fri May 22 10:08:36 UTC 2026","passed","Fri May 22 10:08:36 UTC 2026","TestPrecision","test_network_parameters","",""
"","112","test_rpc_method_is_available[Test for Kusama Relay, url: wss://apps-kusama-rpc.polkadot.io]","tests","Fri May 22 10:07:11 UTC 2026","passed","Fri May 22 10:07:11 UTC 2026","","test_rpc_methods_availability","",""
"","0","test_chainId[Test for Manta Atlantic]","tests","Fri May 22 10:08:19 UTC 2026","passed","Fri May 22 10:08:19 UTC 2026","TestChainId","test_network_parameters","",""
"","6","test_has_new_assets[Test for Ajuna]","tests","Fri May 22 10:07:42 UTC 2026","passed","Fri May 22 10:07:42 UTC 2026","TestAssets","test_check_new_assets","",""
"","0","test_precision[Test for DeepBrain]","tests","Fri May 22 10:08:52 UTC 2026","broken","Fri May 22 10:08:52 UTC 2026","TestPrecision","test_network_parameters","",""
"","9","test_has_new_assets[Test for Bifrost Polkadot]","tests","Fri May 22 10:07:26 UTC 2026","passed","Fri May 22 10:07:26 UTC 2026","TestAssets","test_check_new_assets","",""
"","102","test_rpc_method_is_available[Test for Tanssi, url: wss://services.tanssi-mainnet.network/tanssi]","tests","Fri May 22 10:11:25 UTC 2026","passed","Fri May 22 10:11:25 UTC 2026","","test_rpc_methods_availability","",""
"","0","test_precision[Test for Enjin Matrix]","tests","Fri May 22 10:08:09 UTC 2026","passed","Fri May 22 10:08:09 UTC 2026","TestPrecision","test_network_parameters","",""
"","7","test_has_new_assets[Test for Polkadot Collectives]","tests","Fri May 22 10:08:16 UTC 2026","passed","Fri May 22 10:08:16 UTC 2026","TestAssets","test_check_new_assets","",""
"","34","test_has_new_assets[Test for Kintsugi]","tests","Fri May 22 10:07:19 UTC 2026","passed","Fri May 22 10:07:19 UTC 2026","TestAssets","test_check_new_assets","",""
"","80","test_rpc_node_is_synced[Test for Polymesh, url: wss://mainnet-rpc.polymesh.network]","tests","Fri May 22 10:09:50 UTC 2026","passed","Fri May 22 10:09:50 UTC 2026","","test_substrate_node_is_synced","",""
"","0","test_precision[Test for Heima]","tests","Fri May 22 10:07:30 UTC 2026","passed","Fri May 22 10:07:30 UTC 2026","TestPrecision","test_network_parameters","",""
"","0","test_rpc_method_is_available[Test for Ajuna, url: wss://ajuna.dotters.network]","tests","Fri May 22 10:10:18 UTC 2026","broken","Fri May 22 10:10:18 UTC 2026","","test_rpc_methods_availability","",""
"","0","test_rpc_method_is_available[Test for Hyperbridge Nexus, url: wss://hyperbridge-nexus-rpc.blockops.network]","tests","Fri May 22 10:11:26 UTC 2026","broken","Fri May 22 10:11:26 UTC 2026","","test_rpc_methods_availability","",""
"","96","test_rpc_method_is_available[Test for Interlay, url: wss://rpc-interlay.luckyfriday.io/]","tests","Fri May 22 10:08:02 UTC 2026","passed","Fri May 22 10:08:02 UTC 2026","","test_rpc_methods_availability","",""
"","38","test_rpc_node_is_synced[Test for Polkadot Bridge Hub, url: wss://sys.ibp.network/bridgehub-polkadot]","tests","Fri May 22 10:10:34 UTC 2026","passed","Fri May 22 10:10:34 UTC 2026","","test_substrate_node_is_synced","",""
"","141","test_rpc_node_is_synced[Test for Westend (TESTNET), url: wss://westend-rpc.polkadot.io]","tests","Fri May 22 10:07:42 UTC 2026","passed","Fri May 22 10:07:42 UTC 2026","","test_substrate_node_is_synced","",""
"","1","test_address_prefix[Test for Karura]","tests","Fri May 22 10:07:04 UTC 2026","passed","Fri May 22 10:07:04 UTC 2026","TestNetworkPrefix","test_network_parameters","",""
"","93","test_rpc_method_is_available[Test for Crust Shadow, url: wss://rpc-shadow.crust.network/]","tests","Fri May 22 10:08:17 UTC 2026","passed","Fri May 22 10:08:17 UTC 2026","","test_rpc_methods_availability","",""
"","0","test_rpc_node_is_synced[Test for QUARTZ, url: wss://eu-ws-quartz.unique.network]","tests","Fri May 22 10:10:23 UTC 2026","broken","Fri May 22 10:10:23 UTC 2026","","test_substrate_node_is_synced","",""
"","0","test_rpc_node_is_synced[Test for Hyperbridge Nexus, url: wss://nexus.dotters.network]","tests","Fri May 22 10:11:25 UTC 2026","broken","Fri May 22 10:11:25 UTC 2026","","test_substrate_node_is_synced","",""
"","0","test_rpc_method_is_available[Test for Curio, url: wss://archive.parachain.curioinvest.com]","tests","Fri May 22 10:10:46 UTC 2026","broken","Fri May 22 10:10:46 UTC 2026","","test_rpc_methods_availability","",""
"","0","test_can_create_connection[Test for Polkadot Relay, url: wss://polkadot.public.curie.radiumblock.co/ws]","tests","Fri May 22 10:07:24 UTC 2026","passed","Fri May 22 10:07:24 UTC 2026","","test_nodes_availability","",""
"","1","test_precision[Test for Ternoa]","tests","Fri May 22 10:07:26 UTC 2026","passed","Fri May 22 10:07:26 UTC 2026","TestPrecision","test_network_parameters","",""
"","0","test_chainId[Test for Bittensor]","tests","Fri May 22 10:08:06 UTC 2026","passed","Fri May 22 10:08:06 UTC 2026","TestChainId","test_network_parameters","",""
"","0","test_can_create_connection[Test for peaq, url: wss://peaq-rpc.publicnode.com]","tests","Fri May 22 10:11:09 UTC 2026","passed","Fri May 22 10:11:09 UTC 2026","","test_nodes_availability","",""
"","134","test_rpc_method_is_available[Test for Moonriver, url: wss://moonriver-rpc.publicnode.com]","tests","Fri May 22 10:07:27 UTC 2026","passed","Fri May 22 10:07:27 UTC 2026","","test_rpc_methods_availability","",""
"","0","test_precision[Test for Polkadot People]","tests","Fri May 22 10:06:53 UTC 2026","passed","Fri May 22 10:06:53 UTC 2026","TestPrecision","test_network_parameters","",""
"","0","test_chainId[Test for Mythos]","tests","Fri May 22 10:08:25 UTC 2026","passed","Fri May 22 10:08:25 UTC 2026","TestChainId","test_network_parameters","",""
"","1","test_chainId[Test for CC Enterprise]","tests","Fri May 22 10:08:43 UTC 2026","passed","Fri May 22 10:08:43 UTC 2026","TestChainId","test_network_parameters","",""
"","0","test_can_create_connection[Test for Laos, url: wss://rpc.laos.laosfoundation.io]","tests","Fri May 22 10:11:10 UTC 2026","broken","Fri May 22 10:11:10 UTC 2026","","test_nodes_availability","",""
"","1","test_precision[Test for Kusama People]","tests","Fri May 22 10:06:56 UTC 2026","passed","Fri May 22 10:06:56 UTC 2026","TestPrecision","test_network_parameters","",""
"","144","test_rpc_node_is_synced[Test for UNIQUE, url: wss://us-ws.unique.network/]","tests","Fri May 22 10:09:54 UTC 2026","passed","Fri May 22 10:09:54 UTC 2026","","test_substrate_node_is_synced","",""
"","0","test_precision[Test for Acurast]","tests","Fri May 22 10:09:04 UTC 2026","passed","Fri May 22 10:09:04 UTC 2026","TestPrecision","test_network_parameters","",""
"","0","test_has_new_assets[Test for Hyperbridge Nexus]","tests","Fri May 22 10:09:20 UTC 2026","broken","Fri May 22 10:09:20 UTC 2026","TestAssets","test_check_new_assets","",""
"","152","test_rpc_method_is_available[Test for Karura, url: wss://karura-rpc-3.aca-api.network/ws]","tests","Fri May 22 10:07:07 UTC 2026","passed","Fri May 22 10:07:07 UTC 2026","","test_rpc_methods_availability","",""
"","164","test_rpc_method_is_available[Test for Polkadot Relay, url: wss://dot-rpc.stakeworld.io]","tests","Fri May 22 10:07:19 UTC 2026","passed","Fri May 22 10:07:20 UTC 2026","","test_rpc_methods_availability","",""
"","0","test_rpc_method_is_available[Test for Ajuna, url: wss://ajuna.ibp.network]","tests","Fri May 22 10:10:07 UTC 2026","broken","Fri May 22 10:10:07 UTC 2026","","test_rpc_methods_availability","",""
"","141","test_rpc_method_is_available[Test for Karura, url: wss://karura-rpc-2.aca-api.network/ws]","tests","Fri May 22 10:07:03 UTC 2026","passed","Fri May 22 10:07:03 UTC 2026","","test_rpc_methods_availability","",""
"","0","test_can_create_connection[Test for Kusama Relay, url: wss://kusama.dotters.network]","tests","Fri May 22 10:07:04 UTC 2026","passed","Fri May 22 10:07:04 UTC 2026","","test_nodes_availability","",""
"","0","test_precision[Test for Mythos]","tests","Fri May 22 10:08:22 UTC 2026","passed","Fri May 22 10:08:22 UTC 2026","TestPrecision","test_network_parameters","",""
"","0","test_chainId[Test for Kreivo]","tests","Fri May 22 10:08:38 UTC 2026","passed","Fri May 22 10:08:38 UTC 2026","TestChainId","test_network_parameters","",""
"","99","test_rpc_method_is_available[Test for Kusama Coretime, url: wss://rpc-coretime-kusama.luckyfriday.io]","tests","Fri May 22 10:11:18 UTC 2026","passed","Fri May 22 10:11:18 UTC 2026","","test_rpc_methods_availability","",""
"","54","test_rpc_node_is_synced[Test for Altair, url: wss://altair.api.onfinality.io/public-ws]","tests","Fri May 22 10:09:58 UTC 2026","passed","Fri May 22 10:09:58 UTC 2026","","test_substrate_node_is_synced","",""
"","115","test_rpc_node_is_synced[Test for Aventus, url: wss://avn-parachain.mainnet.aventus.io]","tests","Fri May 22 10:10:10 UTC 2026","passed","Fri May 22 10:10:10 UTC 2026","","test_substrate_node_is_synced","",""
"","97","test_rpc_method_is_available[Test for Kusama People, url: wss://sys.ibp.network/people-kusama]","tests","Fri May 22 10:07:19 UTC 2026","passed","Fri May 22 10:07:19 UTC 2026","","test_rpc_methods_availability","",""
"","96","test_rpc_method_is_available[Test for Robonomics, url: wss://kusama.rpc.robonomics.network/]","tests","Fri May 22 10:08:53 UTC 2026","passed","Fri May 22 10:08:53 UTC 2026","","test_rpc_methods_availability","",""
"","0","test_can_create_connection[Test for Kusama People, url: wss://kusama-people-rpc.polkadot.io]","tests","Fri May 22 10:07:17 UTC 2026","passed","Fri May 22 10:07:17 UTC 2026","","test_nodes_availability","",""
"","0","test_chainId[Test for Moonbeam]","tests","Fri May 22 10:07:02 UTC 2026","passed","Fri May 22 10:07:02 UTC 2026","TestChainId","test_network_parameters","",""
"","97","test_rpc_method_is_available[Test for CC Enterprise, url: wss://mainnet.creditcoin.network/ws]","tests","Fri May 22 10:11:03 UTC 2026","passed","Fri May 22 10:11:03 UTC 2026","","test_rpc_methods_availability","",""
"","51","test_rpc_node_is_synced[Test for Hydration, url: wss://hydration.dotters.network]","tests","Fri May 22 10:08:54 UTC 2026","passed","Fri May 22 10:08:54 UTC 2026","","test_substrate_node_is_synced","",""
"","1","test_can_create_connection[Test for Polkadot Coretime, url: wss://coretime-polkadot.dotters.network]","tests","Fri May 22 10:11:15 UTC 2026","passed","Fri May 22 10:11:15 UTC 2026","","test_nodes_availability","",""
"","0","test_chainId[Test for Kusama Asset Hub]","tests","Fri May 22 10:07:08 UTC 2026","passed","Fri May 22 10:07:08 UTC 2026","TestChainId","test_network_parameters","",""
"","0","test_rpc_node_is_synced[Test for Moonbeam, url: wss://moonbeam.public.curie.radiumblock.co/ws]","tests","Fri May 22 10:07:59 UTC 2026","broken","Fri May 22 10:07:59 UTC 2026","","test_substrate_node_is_synced","",""
"","0","test_precision[Test for Polkadot Coretime]","tests","Fri May 22 10:08:52 UTC 2026","passed","Fri May 22 10:08:52 UTC 2026","TestPrecision","test_network_parameters","",""
"","0","test_precision[Test for Kintsugi]","tests","Fri May 22 10:07:20 UTC 2026","passed","Fri May 22 10:07:20 UTC 2026","TestPrecision","test_network_parameters","",""
"","0","test_address_prefix[Test for Vara]","tests","Fri May 22 10:07:59 UTC 2026","passed","Fri May 22 10:07:59 UTC 2026","TestNetworkPrefix","test_network_parameters","",""
"","72","test_rpc_node_is_synced[Test for Crust Polkadot Parachain, url: wss://crust-parachain.crustapps.net]","tests","Fri May 22 10:10:04 UTC 2026","passed","Fri May 22 10:10:04 UTC 2026","","test_substrate_node_is_synced","",""
"","0","test_precision[Test for Aventus]","tests","Fri May 22 10:08:07 UTC 2026","passed","Fri May 22 10:08:07 UTC 2026","TestPrecision","test_network_parameters","",""
"","7","test_has_new_assets[Test for JAMTON]","tests","Fri May 22 10:09:06 UTC 2026","passed","Fri May 22 10:09:06 UTC 2026","TestAssets","test_check_new_assets","",""
"","0","test_rpc_node_is_synced[Test for Curio, url: wss://parachain.curioinvest.com/]","tests","Fri May 22 10:11:07 UTC 2026","broken","Fri May 22 10:11:07 UTC 2026","","test_substrate_node_is_synced","",""
"","0","test_address_prefix[Test for Heima]","tests","Fri May 22 10:07:35 UTC 2026","passed","Fri May 22 10:07:35 UTC 2026","TestNetworkPrefix","test_network_parameters","",""
"","0","test_precision[Test for DENTNet]","tests","Fri May 22 10:08:41 UTC 2026","passed","Fri May 22 10:08:41 UTC 2026","TestPrecision","test_network_parameters","",""
"","0","test_address_prefix[Test for Centrifuge Parachain]","tests","Fri May 22 10:07:21 UTC 2026","passed","Fri May 22 10:07:21 UTC 2026","TestNetworkPrefix","test_network_parameters","",""
"","128","test_rpc_node_is_synced[Test for Cere, url: wss://rpc.mainnet.cere.network/ws]","tests","Fri May 22 10:12:48 UTC 2026","passed","Fri May 22 10:12:48 UTC 2026","","test_substrate_node_is_synced","",""
"","0","test_can_create_connection[Test for Polkadot Collectives, url: wss://dot-rpc.stakeworld.io/collectives]","tests","Fri May 22 10:10:25 UTC 2026","passed","Fri May 22 10:10:25 UTC 2026","","test_nodes_availability","",""
"","6","test_has_new_assets[Test for Polkadot Asset Hub]","tests","Fri May 22 10:07:08 UTC 2026","passed","Fri May 22 10:07:08 UTC 2026","TestAssets","test_check_new_assets","",""
"","102","test_rpc_method_is_available[Test for Enjin Relay, url: wss://rpc.relay.blockchain.enjin.io]","tests","Fri May 22 10:10:34 UTC 2026","passed","Fri May 22 10:10:34 UTC 2026","","test_rpc_methods_availability","",""
"","0","test_can_create_connection[Test for Acala, url: wss://acala-rpc-0.aca-api.network]","tests","Fri May 22 10:09:50 UTC 2026","passed","Fri May 22 10:09:50 UTC 2026","","test_nodes_availability","",""
"","6","test_has_new_assets[Test for Manta Atlantic]","tests","Fri May 22 10:08:43 UTC 2026","passed","Fri May 22 10:08:43 UTC 2026","TestAssets","test_check_new_assets","",""
"","1","test_can_create_connection[Test for Acala, url: wss://acala-rpc-2.aca-api.network/ws]","tests","Fri May 22 10:07:42 UTC 2026","passed","Fri May 22 10:07:42 UTC 2026","","test_nodes_availability","",""
"","100","test_rpc_method_is_available[Test for Hydration, url: wss://rpc.hydradx.cloud]","tests","Fri May 22 10:08:40 UTC 2026","passed","Fri May 22 10:08:40 UTC 2026","","test_rpc_methods_availability","",""
"","337","test_rpc_node_is_synced[Test for Acala, url: wss://acala-rpc-3.aca-api.network/ws]","tests","Fri May 22 10:07:54 UTC 2026","passed","Fri May 22 10:07:54 UTC 2026","","test_substrate_node_is_synced","",""
"","0","test_can_create_connection[Test for Amplitude, url: wss://rpc-amplitude.pendulumchain.tech]","tests","Fri May 22 10:09:31 UTC 2026","broken","Fri May 22 10:09:31 UTC 2026","","test_nodes_availability","",""
"","0","test_can_create_connection[Test for Interlay, url: wss://rpc-interlay.luckyfriday.io/]","tests","Fri May 22 10:08:04 UTC 2026","passed","Fri May 22 10:08:04 UTC 2026","","test_nodes_availability","",""
"","0","test_can_create_connection[Test for Enjin Relay, url: wss://rpc.relay.blockchain.enjin.io]","tests","Fri May 22 10:10:38 UTC 2026","passed","Fri May 22 10:10:38 UTC 2026","","test_nodes_availability","",""
"","222","test_rpc_node_is_synced[Test for Hydration, url: wss://rpc.hydradx.cloud]","tests","Fri May 22 10:08:44 UTC 2026","passed","Fri May 22 10:08:44 UTC 2026","","test_substrate_node_is_synced","",""
"","167","test_rpc_node_is_synced[Test for Humanode, url: wss://explorer-rpc-ws.mainnet.stages.humanode.io]","tests","Fri May 22 10:11:25 UTC 2026","passed","Fri May 22 10:11:25 UTC 2026","","test_substrate_node_is_synced","",""
"","94","test_rpc_method_is_available[Test for Astar, url: wss://astar-rpc.n.dwellir.com]","tests","Fri May 22 10:08:20 UTC 2026","passed","Fri May 22 10:08:21 UTC 2026","","test_rpc_methods_availability","",""
"","135","test_rpc_method_is_available[Test for Bittensor, url: wss://entrypoint-finney.opentensor.ai:443]","tests","Fri May 22 10:10:16 UTC 2026","passed","Fri May 22 10:10:16 UTC 2026","","test_rpc_methods_availability","",""
"","0","test_chainId[Test for Tangle]","tests","Fri May 22 10:09:00 UTC 2026","broken","Fri May 22 10:09:00 UTC 2026","TestChainId","test_network_parameters","",""
"","0","test_rpc_node_is_synced[Test for Tangle, url: wss://rpc.tangle.tools]","tests","Fri May 22 10:11:45 UTC 2026","broken","Fri May 22 10:11:45 UTC 2026","","test_substrate_node_is_synced","",""
"","94","test_rpc_method_is_available[Test for Acala, url: wss://acala-rpc-0.aca-api.network]","tests","Fri May 22 10:09:47 UTC 2026","passed","Fri May 22 10:09:47 UTC 2026","","test_rpc_methods_availability","",""
"","0","test_can_create_connection[Test for Joystream, url: wss://rpc.joystream.org]","tests","Fri May 22 10:10:38 UTC 2026","passed","Fri May 22 10:10:38 UTC 2026","","test_nodes_availability","",""
"","98","test_rpc_method_is_available[Test for Kusama Bridge Hub, url: wss://sys.ibp.network/bridgehub-kusama]","tests","Fri May 22 10:10:23 UTC 2026","passed","Fri May 22 10:10:23 UTC 2026","","test_rpc_methods_availability","",""
"","12","test_has_new_assets[Test for Kreivo]","tests","Fri May 22 10:08:36 UTC 2026","passed","Fri May 22 10:08:36 UTC 2026","TestAssets","test_check_new_assets","",""
"","95","test_rpc_method_is_available[Test for Polymesh, url: wss://mainnet-rpc.polymesh.network]","tests","Fri May 22 10:09:40 UTC 2026","passed","Fri May 22 10:09:41 UTC 2026","","test_rpc_methods_availability","",""
"","1","test_can_create_connection[Test for Westend (TESTNET), url: wss://westend.public.curie.radiumblock.co/ws]","tests","Fri May 22 10:07:38 UTC 2026","passed","Fri May 22 10:07:38 UTC 2026","","test_nodes_availability","",""
"","105","test_rpc_method_is_available[Test for Polkadot Collectives, url: wss://collectives.public.curie.radiumblock.co/ws]","tests","Fri May 22 10:10:22 UTC 2026","passed","Fri May 22 10:10:22 UTC 2026","","test_rpc_methods_availability","",""
"","0","test_address_prefix[Test for Hydration]","tests","Fri May 22 10:07:26 UTC 2026","passed","Fri May 22 10:07:26 UTC 2026","TestNetworkPrefix","test_network_parameters","",""
"","97","test_rpc_method_is_available[Test for Polkadot Relay, url: wss://1rpc.io/dot]","tests","Fri May 22 10:07:29 UTC 2026","passed","Fri May 22 10:07:29 UTC 2026","","test_rpc_methods_availability","",""
"","100","test_rpc_method_is_available[Test for Kusama Coretime, url: wss://ksm-rpc.stakeworld.io/coretime]","tests","Fri May 22 10:11:21 UTC 2026","passed","Fri May 22 10:11:21 UTC 2026","","test_rpc_methods_availability","",""
"","46","test_rpc_node_is_synced[Test for Kusama Relay, url: wss://kusama.dotters.network]","tests","Fri May 22 10:07:13 UTC 2026","passed","Fri May 22 10:07:13 UTC 2026","","test_substrate_node_is_synced","",""
"","160","test_rpc_method_is_available[Test for Kusama People, url: wss://people-kusama.dotters.network]","tests","Fri May 22 10:07:21 UTC 2026","passed","Fri May 22 10:07:21 UTC 2026","","test_rpc_methods_availability","",""
"","101","test_rpc_method_is_available[Test for Interlay, url: wss://api.interlay.io/parachain]","tests","Fri May 22 10:08:00 UTC 2026","passed","Fri May 22 10:08:00 UTC 2026","","test_rpc_methods_availability","",""
"","0","test_address_prefix[Test for GIANT]","tests","Fri May 22 10:08:04 UTC 2026","passed","Fri May 22 10:08:04 UTC 2026","TestNetworkPrefix","test_network_parameters","",""
"","0","test_can_create_connection[Test for Moonbeam, url: wss://moonbeam.ibp.network]","tests","Fri May 22 10:07:29 UTC 2026","broken","Fri May 22 10:07:29 UTC 2026","","test_nodes_availability","",""
"","0","test_can_create_connection[Test for Ajuna, url: wss://ajuna.ibp.network]","tests","Fri May 22 10:10:06 UTC 2026","broken","Fri May 22 10:10:06 UTC 2026","","test_nodes_availability","",""
"","95","test_rpc_method_is_available[Test for Basilisk, url: wss://rpc.basilisk.cloud]","tests","Fri May 22 10:09:06 UTC 2026","passed","Fri May 22 10:09:07 UTC 2026","","test_rpc_methods_availability","",""
"","0","test_precision[Test for Altair]","tests","Fri May 22 10:06:53 UTC 2026","passed","Fri May 22 10:06:53 UTC 2026","TestPrecision","test_network_parameters","",""
"","217","test_has_new_assets[Test for Kusama Coretime]","tests","Fri May 22 10:09:09 UTC 2026","passed","Fri May 22 10:09:09 UTC 2026","TestAssets","test_check_new_assets","",""
"","0","test_rpc_method_is_available[Test for UNIQUE, url: wss://unique.dotters.network]","tests","Fri May 22 10:09:21 UTC 2026","broken","Fri May 22 10:09:21 UTC 2026","","test_rpc_methods_availability","",""
"","0","test_chainId[Test for Polkadot Collectives]","tests","Fri May 22 10:08:11 UTC 2026","passed","Fri May 22 10:08:11 UTC 2026","TestChainId","test_network_parameters","",""
"","0","test_can_create_connection[Test for Hydration, url: wss://hydration.ibp.network]","tests","Fri May 22 10:08:41 UTC 2026","passed","Fri May 22 10:08:41 UTC 2026","","test_nodes_availability","",""
"","195","test_rpc_node_is_synced[Test for Kusama Relay, url: wss://rpc-kusama-1.novasama-tech.org]","tests","Fri May 22 10:07:47 UTC 2026","passed","Fri May 22 10:07:47 UTC 2026","","test_substrate_node_is_synced","",""
"","0","test_rpc_method_is_available[Test for Curio, url: wss://parachain.curioinvest.com/]","tests","Fri May 22 10:10:44 UTC 2026","broken","Fri May 22 10:10:44 UTC 2026","","test_rpc_methods_availability","",""
"","1","test_can_create_connection[Test for Westend (TESTNET), url: wss://westend-rpc.polkadot.io]","tests","Fri May 22 10:07:34 UTC 2026","passed","Fri May 22 10:07:34 UTC 2026","","test_nodes_availability","",""
"","0","test_address_prefix[Test for Crab]","tests","Fri May 22 10:08:09 UTC 2026","broken","Fri May 22 10:08:09 UTC 2026","TestNetworkPrefix","test_network_parameters","",""
"","94","test_rpc_method_is_available[Test for Kreivo, url: wss://kreivo.kippu.rocks/]","tests","Fri May 22 10:10:53 UTC 2026","passed","Fri May 22 10:10:53 UTC 2026","","test_rpc_methods_availability","",""
"","45","test_rpc_node_is_synced[Test for Kusama People, url: wss://people-kusama.dotters.network]","tests","Fri May 22 10:07:30 UTC 2026","passed","Fri May 22 10:07:30 UTC 2026","","test_substrate_node_is_synced","",""
"","0","test_address_prefix[Test for Joystream]","tests","Fri May 22 10:08:27 UTC 2026","passed","Fri May 22 10:08:27 UTC 2026","TestNetworkPrefix","test_network_parameters","",""
"","141","test_rpc_node_is_synced[Test for NeuroWeb, url: wss://parachain-rpc.origin-trail.network]","tests","Fri May 22 10:09:56 UTC 2026","passed","Fri May 22 10:09:56 UTC 2026","","test_substrate_node_is_synced","",""
"","0","test_can_create_connection[Test for Altair, url: wss://altair.api.onfinality.io/public-ws]","tests","Fri May 22 10:09:12 UTC 2026","passed","Fri May 22 10:09:12 UTC 2026","","test_nodes_availability","",""
"","0","test_chainId[Test for Joystream]","tests","Fri May 22 10:08:27 UTC 2026","passed","Fri May 22 10:08:27 UTC 2026","TestChainId","test_network_parameters","",""
"","98","test_rpc_method_is_available[Test for Energy Web X, url: wss://public-rpc.mainnet.energywebx.com/]","tests","Fri May 22 10:10:45 UTC 2026","passed","Fri May 22 10:10:45 UTC 2026","","test_rpc_methods_availability","",""
"","0","test_can_create_connection[Test for Hyperbridge Nexus, url: wss://nexus.ibp.network]","tests","Fri May 22 10:10:56 UTC 2026","broken","Fri May 22 10:10:56 UTC 2026","","test_nodes_availability","",""
"","0","test_chainId[Test for Vara]","tests","Fri May 22 10:08:02 UTC 2026","passed","Fri May 22 10:08:02 UTC 2026","TestChainId","test_network_parameters","",""
"","0","test_can_create_connection[Test for Bittensor, url: wss://lite.sub.latent.to:443]","tests","Fri May 22 10:10:08 UTC 2026","passed","Fri May 22 10:10:08 UTC 2026","","test_nodes_availability","",""
"","0","test_chainId[Test for Aventus]","tests","Fri May 22 10:07:56 UTC 2026","passed","Fri May 22 10:07:56 UTC 2026","TestChainId","test_network_parameters","",""
"","0","test_can_create_connection[Test for Bittensor, url: wss://entrypoint-finney.opentensor.ai:443]","tests","Fri May 22 10:10:14 UTC 2026","passed","Fri May 22 10:10:14 UTC 2026","","test_nodes_availability","",""
"","145","test_rpc_method_is_available[Test for Polkadot People, url: wss://people-polkadot.dotters.network]","tests","Fri May 22 10:07:07 UTC 2026","passed","Fri May 22 10:07:08 UTC 2026","","test_rpc_methods_availability","",""
"","0","test_chainId[Test for Bifrost Polkadot]","tests","Fri May 22 10:07:30 UTC 2026","passed","Fri May 22 10:07:30 UTC 2026","TestChainId","test_network_parameters","",""
"","0","test_can_create_connection[Test for Kusama Relay, url: wss://rpc.ibp.network/kusama]","tests","Fri May 22 10:06:59 UTC 2026","passed","Fri May 22 10:06:59 UTC 2026","","test_nodes_availability","",""
"","1","test_precision[Test for Polkadex]","tests","Fri May 22 10:07:13 UTC 2026","passed","Fri May 22 10:07:13 UTC 2026","TestPrecision","test_network_parameters","",""
"","1","test_can_create_connection[Test for Humanode, url: wss://explorer-rpc-ws.mainnet.stages.humanode.io]","tests","Fri May 22 10:11:00 UTC 2026","passed","Fri May 22 10:11:00 UTC 2026","","test_nodes_availability","",""
"","1","test_can_create_connection[Test for Kreivo, url: wss://kreivo.kippu.rocks/]","tests","Fri May 22 10:10:48 UTC 2026","passed","Fri May 22 10:10:48 UTC 2026","","test_nodes_availability","",""
"","9","test_has_new_assets[Test for Humanode]","tests","Fri May 22 10:08:53 UTC 2026","passed","Fri May 22 10:08:53 UTC 2026","TestAssets","test_check_new_assets","",""
"","0","test_rpc_method_is_available[Test for Moonbeam, url: wss://moonbeam.public.curie.radiumblock.co/ws]","tests","Fri May 22 10:07:51 UTC 2026","broken","Fri May 22 10:07:51 UTC 2026","","test_rpc_methods_availability","",""
"","0","test_chainId[Test for Avail]","tests","Fri May 22 10:08:40 UTC 2026","passed","Fri May 22 10:08:40 UTC 2026","TestChainId","test_network_parameters","",""
"","0","test_address_prefix[Test for Acala]","tests","Fri May 22 10:07:11 UTC 2026","passed","Fri May 22 10:07:11 UTC 2026","TestNetworkPrefix","test_network_parameters","",""
"","0","test_rpc_node_is_synced[Test for Amplitude, url: wss://rpc-amplitude.pendulumchain.tech]","tests","Fri May 22 10:09:41 UTC 2026","broken","Fri May 22 10:09:41 UTC 2026","","test_substrate_node_is_synced","",""
"","38","test_rpc_node_is_synced[Test for Kusama Coretime, url: wss://sys.ibp.network/coretime-kusama]","tests","Fri May 22 10:11:41 UTC 2026","passed","Fri May 22 10:11:41 UTC 2026","","test_substrate_node_is_synced","",""
"","144","test_rpc_method_is_available[Test for Polkadot Relay, url: wss://rpc-polkadot-2.novasama-tech.org]","tests","Fri May 22 10:07:02 UTC 2026","passed","Fri May 22 10:07:02 UTC 2026","","test_rpc_methods_availability","",""
"","70","test_rpc_node_is_synced[Test for Ethereum, url: https://ethereum-rpc.publicnode.com]","tests","Fri May 22 10:07:06 UTC 2026","broken","Fri May 22 10:07:06 UTC 2026","TestETHNodesAvailability","test_eth_nodes_availability","",""
"","0","test_can_create_connection[Test for Polkadex, url: wss://polkadex.public.curie.radiumblock.co/ws]","tests","Fri May 22 10:09:42 UTC 2026","broken","Fri May 22 10:09:42 UTC 2026","","test_nodes_availability","",""
"","0","test_address_prefix[Test for Shiden]","tests","Fri May 22 10:07:02 UTC 2026","passed","Fri May 22 10:07:02 UTC 2026","TestNetworkPrefix","test_network_parameters","",""
"","0","test_address_prefix[Test for Energy Web X]","tests","Fri May 22 10:09:13 UTC 2026","passed","Fri May 22 10:09:13 UTC 2026","TestNetworkPrefix","test_network_parameters","",""
"","0","test_address_prefix[Test for Aleph Zero]","tests","Fri May 22 10:08:41 UTC 2026","passed","Fri May 22 10:08:41 UTC 2026","TestNetworkPrefix","test_network_parameters","",""
"","0","test_address_prefix[Test for Acurast Canary]","tests","Fri May 22 10:08:56 UTC 2026","passed","Fri May 22 10:08:56 UTC 2026","TestNetworkPrefix","test_network_parameters","",""
"","93","test_rpc_method_is_available[Test for Ajuna, url: wss://rpc-para.ajuna.network]","tests","Fri May 22 10:09:55 UTC 2026","passed","Fri May 22 10:09:55 UTC 2026","","test_rpc_methods_availability","",""
"","107","test_rpc_method_is_available[Test for Basilisk, url: wss://basilisk-rpc.n.dwellir.com]","tests","Fri May 22 10:09:01 UTC 2026","passed","Fri May 22 10:09:01 UTC 2026","","test_rpc_methods_availability","",""
"","11","test_has_new_assets[Test for Frequency]","tests","Fri May 22 10:08:04 UTC 2026","passed","Fri May 22 10:08:04 UTC 2026","TestAssets","test_check_new_assets","",""
"","51","test_rpc_node_is_synced[Test for Polkadot Relay, url: wss://polkadot.dotters.network]","tests","Fri May 22 10:07:18 UTC 2026","passed","Fri May 22 10:07:18 UTC 2026","","test_substrate_node_is_synced","",""
"","96","test_rpc_method_is_available[Test for Humanode, url: wss://explorer-rpc-ws.mainnet.stages.humanode.io]","tests","Fri May 22 10:11:01 UTC 2026","passed","Fri May 22 10:11:01 UTC 2026","","test_rpc_methods_availability","",""
"","0","test_can_create_connection[Test for Enjin Matrix, url: wss://rpc.matrix.blockchain.enjin.io]","tests","Fri May 22 10:10:32 UTC 2026","passed","Fri May 22 10:10:32 UTC 2026","","test_nodes_availability","",""
"","0","test_can_create_connection[Test for Moonriver, url: wss://moonriver-rpc.publicnode.com]","tests","Fri May 22 10:07:29 UTC 2026","passed","Fri May 22 10:07:29 UTC 2026","","test_nodes_availability","",""
"","98","test_rpc_method_is_available[Test for Encointer, url: wss://encointer-kusama.dotters.network]","tests","Fri May 22 10:08:59 UTC 2026","passed","Fri May 22 10:08:59 UTC 2026","","test_rpc_methods_availability","",""
"","0","test_rpc_method_is_available[Test for Bifrost Polkadot, url: wss://bifrost-polkadot.dotters.network]","tests","Fri May 22 10:09:12 UTC 2026","broken","Fri May 22 10:09:12 UTC 2026","","test_rpc_methods_availability","",""
"","153","test_rpc_method_is_available[Test for Kusama Relay, url: wss://1rpc.io/ksm]","tests","Fri May 22 10:07:23 UTC 2026","passed","Fri May 22 10:07:23 UTC 2026","","test_rpc_methods_availability","",""
"","7","test_has_new_assets[Test for Creditcoin]","tests","Fri May 22 10:09:38 UTC 2026","passed","Fri May 22 10:09:38 UTC 2026","TestAssets","test_check_new_assets","",""
"","0","test_can_create_connection[Test for Polkadot Coretime, url: wss://rpc-coretime-polkadot.luckyfriday.io]","tests","Fri May 22 10:11:19 UTC 2026","passed","Fri May 22 10:11:19 UTC 2026","","test_nodes_availability","",""
"","0","test_chainId[Test for 3DPass]","tests","Fri May 22 10:08:13 UTC 2026","passed","Fri May 22 10:08:13 UTC 2026","TestChainId","test_network_parameters","",""
"","95","test_rpc_method_is_available[Test for Kusama Coretime, url: wss://sys.ibp.network/coretime-kusama]","tests","Fri May 22 10:11:16 UTC 2026","passed","Fri May 22 10:11:16 UTC 2026","","test_rpc_methods_availability","",""
"","1","test_chainId[Test for Frequency]","tests","Fri May 22 10:08:13 UTC 2026","passed","Fri May 22 10:08:13 UTC 2026","TestChainId","test_network_parameters","",""
"","0","test_chainId[Test for QUARTZ]","tests","Fri May 22 10:07:05 UTC 2026","broken","Fri May 22 10:07:05 UTC 2026","TestChainId","test_network_parameters","",""
"","1","test_can_create_connection[Test for Astar, url: wss://astar.public.curie.radiumblock.co/ws]","tests","Fri May 22 10:08:24 UTC 2026","passed","Fri May 22 10:08:24 UTC 2026","","test_nodes_availability","",""
"","149","test_rpc_node_is_synced[Test for Mythos, url: wss://mythos-rpc.dmarket.com]","tests","Fri May 22 10:11:11 UTC 2026","passed","Fri May 22 10:11:12 UTC 2026","","test_substrate_node_is_synced","",""
"","0","test_rpc_node_is_synced[Test for Hyperbridge Nexus, url: wss://nexus.ibp.network]","tests","Fri May 22 10:11:13 UTC 2026","broken","Fri May 22 10:11:13 UTC 2026","","test_substrate_node_is_synced","",""
"","1","test_can_create_connection[Test for Kusama Relay, url: wss://rpc-kusama-1.novasama-tech.org]","tests","Fri May 22 10:07:38 UTC 2026","passed","Fri May 22 10:07:38 UTC 2026","","test_nodes_availability","",""
"","37","test_rpc_node_is_synced[Test for Polkadot People, url: wss://sys.ibp.network/people-polkadot]","tests","Fri May 22 10:07:11 UTC 2026","passed","Fri May 22 10:07:11 UTC 2026","","test_substrate_node_is_synced","",""
"","93","test_rpc_method_is_available[Test for Hydration, url: wss://hydration.dotters.network]","tests","Fri May 22 10:08:50 UTC 2026","passed","Fri May 22 10:08:50 UTC 2026","","test_rpc_methods_availability","",""
"","0","test_chainId[Test for Zeitgeist]","tests","Fri May 22 10:07:20 UTC 2026","passed","Fri May 22 10:07:20 UTC 2026","TestChainId","test_network_parameters","",""
"","0","test_chainId[Test for Kusama Relay]","tests","Fri May 22 10:06:58 UTC 2026","passed","Fri May 22 10:06:58 UTC 2026","TestChainId","test_network_parameters","",""
"","0","test_chainId[Test for Ternoa]","tests","Fri May 22 10:07:42 UTC 2026","passed","Fri May 22 10:07:42 UTC 2026","TestChainId","test_network_parameters","",""
"","0","test_rpc_node_is_synced[Test for Phala, url: wss://phala-rpc.n.dwellir.com]","tests","Fri May 22 10:08:34 UTC 2026","broken","Fri May 22 10:08:34 UTC 2026","","test_substrate_node_is_synced","",""
"","0","test_can_create_connection[Test for Frequency, url: wss://1.rpc.frequency.xyz]","tests","Fri May 22 10:10:11 UTC 2026","passed","Fri May 22 10:10:11 UTC 2026","","test_nodes_availability","",""
"","1","test_can_create_connection[Test for Polkadot Asset Hub, url: wss://asset-hub-polkadot.dotters.network]","tests","Fri May 22 10:08:46 UTC 2026","passed","Fri May 22 10:08:46 UTC 2026","","test_nodes_availability","",""
"","0","test_can_create_connection[Test for Polkadot Bridge Hub, url: wss://bridge-hub-polkadot.dotters.network]","tests","Fri May 22 10:10:26 UTC 2026","passed","Fri May 22 10:10:26 UTC 2026","","test_nodes_availability","",""
"","0","test_precision[Test for QUARTZ]","tests","Fri May 22 10:07:03 UTC 2026","broken","Fri May 22 10:07:03 UTC 2026","TestPrecision","test_network_parameters","",""
"","0","test_chainId[Test for peaq]","tests","Fri May 22 10:08:47 UTC 2026","passed","Fri May 22 10:08:47 UTC 2026","TestChainId","test_network_parameters","",""
"","58","test_has_new_assets[Test for Interlay]","tests","Fri May 22 10:07:22 UTC 2026","passed","Fri May 22 10:07:22 UTC 2026","TestAssets","test_check_new_assets","",""
"","0","test_rpc_method_is_available[Test for Bifrost Polkadot, url: wss://bifrost-polkadot.ibp.network]","tests","Fri May 22 10:09:01 UTC 2026","broken","Fri May 22 10:09:01 UTC 2026","","test_rpc_methods_availability","",""
"","223","test_rpc_node_is_synced[Test for Karura, url: wss://karura-rpc-1.aca-api.network]","tests","Fri May 22 10:07:04 UTC 2026","passed","Fri May 22 10:07:04 UTC 2026","","test_substrate_node_is_synced","",""
"","0","test_can_create_connection[Test for Phala, url: wss://api.phala.network/ws]","tests","Fri May 22 10:09:07 UTC 2026","broken","Fri May 22 10:09:07 UTC 2026","","test_nodes_availability","",""
"","94","test_rpc_method_is_available[Test for Centrifuge Parachain, url: wss://fullnode.centrifuge.io]","tests","Fri May 22 10:08:21 UTC 2026","passed","Fri May 22 10:08:21 UTC 2026","","test_rpc_methods_availability","",""
"","7","test_has_new_assets[Test for Polkadot Bridge Hub]","tests","Fri May 22 10:08:08 UTC 2026","passed","Fri May 22 10:08:08 UTC 2026","TestAssets","test_check_new_assets","",""
"","0","test_chainId[Test for Encointer]","tests","Fri May 22 10:07:12 UTC 2026","passed","Fri May 22 10:07:12 UTC 2026","TestChainId","test_network_parameters","",""
"","152","test_rpc_method_is_available[Test for Frequency, url: wss://1.rpc.frequency.xyz]","tests","Fri May 22 10:10:07 UTC 2026","passed","Fri May 22 10:10:07 UTC 2026","","test_rpc_methods_availability","",""
"","1","test_can_create_connection[Test for Encointer, url: wss://sys.ibp.network/encointer-kusama]","tests","Fri May 22 10:08:53 UTC 2026","passed","Fri May 22 10:08:53 UTC 2026","","test_nodes_availability","",""
"","7","test_has_new_assets[Test for Vara]","tests","Fri May 22 10:08:08 UTC 2026","passed","Fri May 22 10:08:08 UTC 2026","TestAssets","test_check_new_assets","",""
"","93","test_rpc_method_is_available[Test for UNIQUE, url: wss://eu-ws.unique.network/]","tests","Fri May 22 10:09:42 UTC 2026","passed","Fri May 22 10:09:42 UTC 2026","","test_rpc_methods_availability","",""
"","0","test_can_create_connection[Test for Polkadot People, url: wss://rpc-people-polkadot.luckyfriday.io]","tests","Fri May 22 10:07:10 UTC 2026","passed","Fri May 22 10:07:10 UTC 2026","","test_nodes_availability","",""
"","0","test_rpc_method_is_available[Test for Moonbeam, url: wss://moonbeam.dotters.network]","tests","Fri May 22 10:07:39 UTC 2026","broken","Fri May 22 10:07:39 UTC 2026","","test_rpc_methods_availability","",""
"","1","test_can_create_connection[Test for CC Enterprise, url: wss://mainnet.creditcoin.network/ws]","tests","Fri May 22 10:10:59 UTC 2026","passed","Fri May 22 10:10:59 UTC 2026","","test_nodes_availability","",""
"","0","test_rpc_node_is_synced[Test for DAO IPCI, url: wss://ipci.rpc.robonomics.network]","tests","Fri May 22 10:10:04 UTC 2026","broken","Fri May 22 10:10:04 UTC 2026","","test_substrate_node_is_synced","",""
"","0","test_address_prefix[Test for DeepBrain]","tests","Fri May 22 10:09:11 UTC 2026","broken","Fri May 22 10:09:11 UTC 2026","TestNetworkPrefix","test_network_parameters","",""
"","158","test_rpc_node_is_synced[Test for Polkadot Collectives, url: wss://dot-rpc.stakeworld.io/collectives]","tests","Fri May 22 10:10:58 UTC 2026","passed","Fri May 22 10:10:58 UTC 2026","","test_substrate_node_is_synced","",""
"","55","test_rpc_node_is_synced[Test for Bittensor, url: wss://bittensor-finney.api.onfinality.io/public-ws]","tests","Fri May 22 10:10:25 UTC 2026","passed","Fri May 22 10:10:25 UTC 2026","","test_substrate_node_is_synced","",""
"","0","test_can_create_connection[Test for UNIQUE, url: wss://asia-ws.unique.network/]","tests","Fri May 22 10:09:48 UTC 2026","passed","Fri May 22 10:09:48 UTC 2026","","test_nodes_availability","",""
"","0","test_precision[Test for Kusama Asset Hub]","tests","Fri May 22 10:07:09 UTC 2026","passed","Fri May 22 10:07:09 UTC 2026","TestPrecision","test_network_parameters","",""
"","94","test_rpc_method_is_available[Test for Polkadot Asset Hub, url: wss://rpc-assethub.novasama-tech.org]","tests","Fri May 22 10:08:33 UTC 2026","passed","Fri May 22 10:08:33 UTC 2026","","test_rpc_methods_availability","",""
"","0","test_precision[Test for XX network]","tests","Fri May 22 10:07:54 UTC 2026","passed","Fri May 22 10:07:54 UTC 2026","TestPrecision","test_network_parameters","",""
"","0","test_can_create_connection[Test for Shiden, url: wss://shiden-rpc.n.dwellir.com]","tests","Fri May 22 10:08:35 UTC 2026","passed","Fri May 22 10:08:35 UTC 2026","","test_nodes_availability","",""
"","8","test_has_new_assets[Test for 3DPass]","tests","Fri May 22 10:07:47 UTC 2026","passed","Fri May 22 10:07:47 UTC 2026","TestAssets","test_check_new_assets","",""
"","0","test_can_create_connection[Test for QUARTZ, url: wss://quartz.unique.network]","tests","Fri May 22 10:09:22 UTC 2026","broken","Fri May 22 10:09:22 UTC 2026","","test_nodes_availability","",""
"","45","test_rpc_node_is_synced[Test for Polkadot Coretime, url: wss://coretime-polkadot.dotters.network]","tests","Fri May 22 10:11:38 UTC 2026","passed","Fri May 22 10:11:38 UTC 2026","","test_substrate_node_is_synced","",""
"","0","test_precision[Test for Bittensor]","tests","Fri May 22 10:07:49 UTC 2026","passed","Fri May 22 10:07:49 UTC 2026","TestPrecision","test_network_parameters","",""
"","0","test_precision[Test for DAO IPCI]","tests","Fri May 22 10:07:45 UTC 2026","broken","Fri May 22 10:07:45 UTC 2026","TestPrecision","test_network_parameters","",""
"","0","test_can_create_connection[Test for Basilisk, url: wss://rpc.basilisk.cloud]","tests","Fri May 22 10:09:05 UTC 2026","passed","Fri May 22 10:09:05 UTC 2026","","test_nodes_availability","",""
"","156","test_rpc_node_is_synced[Test for Polkadot Bridge Hub, url: wss://dot-rpc.stakeworld.io/bridgehub]","tests","Fri May 22 10:10:44 UTC 2026","passed","Fri May 22 10:10:44 UTC 2026","","test_substrate_node_is_synced","",""
"","0","test_precision[Test for GIANT]","tests","Fri May 22 10:08:02 UTC 2026","passed","Fri May 22 10:08:02 UTC 2026","TestPrecision","test_network_parameters","",""
"","0","test_can_create_connection[Test for GIANT, url: wss://rpc-anchor-1-mainnet-az-ue1.giantprotocol.org:443]","tests","Fri May 22 10:10:19 UTC 2026","passed","Fri May 22 10:10:19 UTC 2026","","test_nodes_availability","",""
"","11","test_has_new_assets[Test for Zeitgeist]","tests","Fri May 22 10:07:22 UTC 2026","passed","Fri May 22 10:07:22 UTC 2026","TestAssets","test_check_new_assets","",""
"","130","test_rpc_method_is_available[Test for Kusama Bridge Hub, url: wss://bridge-hub-kusama.dotters.network]","tests","Fri May 22 10:10:16 UTC 2026","passed","Fri May 22 10:10:16 UTC 2026","","test_rpc_methods_availability","",""
"","7","test_has_new_assets[Test for Acurast]","tests","Fri May 22 10:09:13 UTC 2026","passed","Fri May 22 10:09:13 UTC 2026","TestAssets","test_check_new_assets","",""
"","0","test_can_create_connection[Test for Kusama People, url: wss://ksm-rpc.stakeworld.io/people]","tests","Fri May 22 10:07:26 UTC 2026","passed","Fri May 22 10:07:26 UTC 2026","","test_nodes_availability","",""
"","0","test_chainId[Test for Polkadex]","tests","Fri May 22 10:07:19 UTC 2026","passed","Fri May 22 10:07:19 UTC 2026","TestChainId","test_network_parameters","",""
"","94","test_rpc_method_is_available[Test for Bifrost Polkadot, url: wss://hk.p.bifrost-rpc.liebi.com/ws]","tests","Fri May 22 10:09:20 UTC 2026","passed","Fri May 22 10:09:20 UTC 2026","","test_rpc_methods_availability","",""
"","0","test_precision[Test for Zeitgeist]","tests","Fri May 22 10:07:22 UTC 2026","passed","Fri May 22 10:07:22 UTC 2026","TestPrecision","test_network_parameters","",""
"","49","test_rpc_node_is_synced[Test for Bittensor, url: wss://lite.sub.latent.to:443]","tests","Fri May 22 10:10:20 UTC 2026","passed","Fri May 22 10:10:20 UTC 2026","","test_substrate_node_is_synced","",""
"","0","test_chainId[Test for Enjin Relay]","tests","Fri May 22 10:08:22 UTC 2026","passed","Fri May 22 10:08:22 UTC 2026","TestChainId","test_network_parameters","",""
"","296","test_rpc_method_is_available[Test for Polkadot Relay, url: wss://rpc-polkadot-1.novasama-tech.org]","tests","Fri May 22 10:06:57 UTC 2026","passed","Fri May 22 10:06:57 UTC 2026","","test_rpc_methods_availability","",""
"","0","test_precision[Test for Robonomics]","tests","Fri May 22 10:07:11 UTC 2026","passed","Fri May 22 10:07:11 UTC 2026","TestPrecision","test_network_parameters","",""
"","104","test_rpc_method_is_available[Test for Polkadot Collectives, url: wss://sys.ibp.network/collectives-polkadot]","tests","Fri May 22 10:10:22 UTC 2026","passed","Fri May 22 10:10:23 UTC 2026","","test_rpc_methods_availability","",""
"","98","test_rpc_method_is_available[Test for Encointer, url: wss://sys.ibp.network/encointer-kusama]","tests","Fri May 22 10:08:56 UTC 2026","passed","Fri May 22 10:08:56 UTC 2026","","test_rpc_methods_availability","",""
"","345","test_rpc_node_is_synced[Test for Astar, url: wss://rpc.astar.network]","tests","Fri May 22 10:08:24 UTC 2026","passed","Fri May 22 10:08:25 UTC 2026","","test_substrate_node_is_synced","",""
"","0","test_can_create_connection[Test for Mythos, url: wss://mythos-rpc.dmarket.com]","tests","Fri May 22 10:10:51 UTC 2026","passed","Fri May 22 10:10:51 UTC 2026","","test_nodes_availability","",""
"","1","test_can_create_connection[Test for Bittensor, url: wss://bittensor-finney.api.onfinality.io/public-ws]","tests","Fri May 22 10:10:10 UTC 2026","passed","Fri May 22 10:10:10 UTC 2026","","test_nodes_availability","",""
"","93","test_rpc_method_is_available[Test for Crust Shadow, url: wss://rpc2-shadow.crust.network/]","tests","Fri May 22 10:08:11 UTC 2026","passed","Fri May 22 10:08:11 UTC 2026","","test_rpc_methods_availability","",""
"","0","test_can_create_connection[Test for Acala, url: wss://acala-rpc-3.aca-api.network/ws]","tests","Fri May 22 10:07:45 UTC 2026","passed","Fri May 22 10:07:45 UTC 2026","","test_nodes_availability","",""
"","1","test_chainId[Test for Kusama Coretime]","tests","Fri May 22 10:09:05 UTC 2026","passed","Fri May 22 10:09:05 UTC 2026","TestChainId","test_network_parameters","",""
"","0","test_can_create_connection[Test for XX network, url: wss://rpc.xx.network]","tests","Fri May 22 10:10:02 UTC 2026","passed","Fri May 22 10:10:02 UTC 2026","","test_nodes_availability","",""
"","1","test_can_create_connection[Test for DENTNet, url: wss://rpc.dentnet.io/ws]","tests","Fri May 22 10:10:56 UTC 2026","passed","Fri May 22 10:10:56 UTC 2026","","test_nodes_availability","",""
"","175","test_rpc_method_is_available[Test for Shiden, url: wss://rpc.shiden.astar.network]","tests","Fri May 22 10:08:32 UTC 2026","passed","Fri May 22 10:08:32 UTC 2026","","test_rpc_methods_availability","",""
"","100","test_rpc_method_is_available[Test for Hydration, url: wss://rpc-hydra.novasama-tech.org]","tests","Fri May 22 10:08:32 UTC 2026","passed","Fri May 22 10:08:32 UTC 2026","","test_rpc_methods_availability","",""
"","0","test_rpc_method_is_available[Test for QUARTZ, url: wss://us-ws-quartz.unique.network]","tests","Fri May 22 10:09:43 UTC 2026","broken","Fri May 22 10:09:43 UTC 2026","","test_rpc_methods_availability","",""
"","54","test_rpc_node_is_synced[Test for Avail, url: wss://avail.api.onfinality.io/public-ws]","tests","Fri May 22 10:11:15 UTC 2026","passed","Fri May 22 10:11:15 UTC 2026","","test_substrate_node_is_synced","",""
"","0","test_address_prefix[Test for Phala]","tests","Fri May 22 10:08:24 UTC 2026","broken","Fri May 22 10:08:24 UTC 2026","TestNetworkPrefix","test_network_parameters","",""
"","0","test_address_prefix[Test for Polkadot Asset Hub]","tests","Fri May 22 10:07:14 UTC 2026","passed","Fri May 22 10:07:14 UTC 2026","TestNetworkPrefix","test_network_parameters","",""
"","0","test_precision[Test for Polkadot Relay]","tests","Fri May 22 10:06:53 UTC 2026","passed","Fri May 22 10:06:53 UTC 2026","TestPrecision","test_network_parameters","",""
"","0","test_chainId[Test for Ajuna]","tests","Fri May 22 10:08:10 UTC 2026","passed","Fri May 22 10:08:10 UTC 2026","TestChainId","test_network_parameters","",""
"","0","test_chainId[Test for Curio]","tests","Fri May 22 10:08:40 UTC 2026","broken","Fri May 22 10:08:40 UTC 2026","TestChainId","test_network_parameters","",""
"","0","test_precision[Test for Frequency]","tests","Fri May 22 10:07:53 UTC 2026","passed","Fri May 22 10:07:53 UTC 2026","TestPrecision","test_network_parameters","",""
"","36","test_has_new_assets[Test for Acala]","tests","Fri May 22 10:07:06 UTC 2026","passed","Fri May 22 10:07:06 UTC 2026","TestAssets","test_check_new_assets","",""
"","96","test_rpc_method_is_available[Test for Polkadot Relay, url: wss://rpc-polkadot.luckyfriday.io]","tests","Fri May 22 10:07:32 UTC 2026","passed","Fri May 22 10:07:32 UTC 2026","","test_rpc_methods_availability","",""
"","0","test_chainId[Test for Crust Polkadot Parachain]","tests","Fri May 22 10:07:51 UTC 2026","passed","Fri May 22 10:07:51 UTC 2026","TestChainId","test_network_parameters","",""
"","1","test_can_create_connection[Test for Bifrost Polkadot, url: wss://eu.bifrost-polkadot-rpc.liebi.com/ws]","tests","Fri May 22 10:09:23 UTC 2026","passed","Fri May 22 10:09:23 UTC 2026","","test_nodes_availability","",""
"","0","test_address_prefix[Test for Polkadex]","tests","Fri May 22 10:07:16 UTC 2026","passed","Fri May 22 10:07:16 UTC 2026","TestNetworkPrefix","test_network_parameters","",""
"","0","test_chainId[Test for JAMTON]","tests","Fri May 22 10:09:01 UTC 2026","passed","Fri May 22 10:09:01 UTC 2026","TestChainId","test_network_parameters","",""
"","0","test_address_prefix[Test for Encointer]","tests","Fri May 22 10:07:21 UTC 2026","passed","Fri May 22 10:07:21 UTC 2026","TestNetworkPrefix","test_network_parameters","",""
"","0","test_rpc_node_is_synced[Test for DeepBrain, url: wss://info.dbcwallet.io]","tests","Fri May 22 10:11:35 UTC 2026","broken","Fri May 22 10:11:35 UTC 2026","","test_substrate_node_is_synced","",""
"","1","test_precision[Test for Encointer]","tests","Fri May 22 10:07:14 UTC 2026","passed","Fri May 22 10:07:14 UTC 2026","TestPrecision","test_network_parameters","",""
"","0","test_can_create_connection[Test for Polkadot Asset Hub, url: wss://asset-hub-polkadot-rpc.n.dwellir.com]","tests","Fri May 22 10:08:36 UTC 2026","passed","Fri May 22 10:08:36 UTC 2026","","test_nodes_availability","",""
"","11","test_has_new_assets[Test for Crust Shadow]","tests","Fri May 22 10:07:28 UTC 2026","passed","Fri May 22 10:07:28 UTC 2026","TestAssets","test_check_new_assets","",""
"","0","test_can_create_connection[Test for UNIQUE, url: wss://unique.ibp.network]","tests","Fri May 22 10:09:07 UTC 2026","broken","Fri May 22 10:09:07 UTC 2026","","test_nodes_availability","",""
"","274","test_rpc_method_is_available[Test for Karura, url: wss://karura-rpc-0.aca-api.network]","tests","Fri May 22 10:06:56 UTC 2026","passed","Fri May 22 10:06:56 UTC 2026","","test_rpc_methods_availability","",""
"","108","test_rpc_method_is_available[Test for Mythos, url: wss://mythos-rpc.dmarket.com]","tests","Fri May 22 10:10:47 UTC 2026","passed","Fri May 22 10:10:47 UTC 2026","","test_rpc_methods_availability","",""
"","169","test_rpc_method_is_available[Test for Kusama Relay, url: wss://rpc-kusama.luckyfriday.io]","tests","Fri May 22 10:07:15 UTC 2026","passed","Fri May 22 10:07:15 UTC 2026","","test_rpc_methods_availability","",""
"","0","test_rpc_method_is_available[Test for Moonriver, url: wss://moonriver.public.curie.radiumblock.co/ws]","tests","Fri May 22 10:08:08 UTC 2026","broken","Fri May 22 10:08:08 UTC 2026","","test_rpc_methods_availability","",""
"","7","test_has_new_assets[Test for Polkadot Coretime]","tests","Fri May 22 10:09:08 UTC 2026","passed","Fri May 22 10:09:08 UTC 2026","TestAssets","test_check_new_assets","",""
"","100","test_rpc_method_is_available[Test for Avail, url: wss://avail.api.onfinality.io/public-ws]","tests","Fri May 22 10:10:48 UTC 2026","passed","Fri May 22 10:10:48 UTC 2026","","test_rpc_methods_availability","",""
"","1","test_can_create_connection[Test for Kusama Bridge Hub, url: wss://bridge-hub-kusama.dotters.network]","tests","Fri May 22 10:10:17 UTC 2026","passed","Fri May 22 10:10:17 UTC 2026","","test_nodes_availability","",""
"","1","test_can_create_connection[Test for Polymesh, url: wss://mainnet-rpc.polymesh.network]","tests","Fri May 22 10:09:40 UTC 2026","passed","Fri May 22 10:09:40 UTC 2026","","test_nodes_availability","",""
"","0","test_can_create_connection[Test for Kusama Coretime, url: wss://rpc-coretime-kusama.luckyfriday.io]","tests","Fri May 22 10:11:21 UTC 2026","passed","Fri May 22 10:11:21 UTC 2026","","test_nodes_availability","",""
"","1","test_chainId[Test for Astar]","tests","Fri May 22 10:07:16 UTC 2026","passed","Fri May 22 10:07:16 UTC 2026","TestChainId","test_network_parameters","",""
"","0","test_can_create_connection[Test for Polkadot Relay, url: wss://rpc-polkadot.luckyfriday.io]","tests","Fri May 22 10:07:34 UTC 2026","passed","Fri May 22 10:07:34 UTC 2026","","test_nodes_availability","",""
"","0","test_can_create_connection[Test for 3DPass, url: wss://rpc.3dpass.org]","tests","Fri May 22 10:10:29 UTC 2026","broken","Fri May 22 10:10:29 UTC 2026","","test_nodes_availability","",""
"","140","test_rpc_node_is_synced[Test for Centrifuge Parachain, url: wss://fullnode.centrifuge.io]","tests","Fri May 22 10:08:26 UTC 2026","passed","Fri May 22 10:08:26 UTC 2026","","test_substrate_node_is_synced","",""
"","0","test_can_create_connection[Test for UNIQUE, url: wss://eu-ws.unique.network/]","tests","Fri May 22 10:09:38 UTC 2026","passed","Fri May 22 10:09:38 UTC 2026","","test_nodes_availability","",""
"","0","test_can_create_connection[Test for Crust Polkadot Parachain, url: wss://crust-parachain.crustapps.net]","tests","Fri May 22 10:09:57 UTC 2026","passed","Fri May 22 10:09:57 UTC 2026","","test_nodes_availability","",""
"","97","test_rpc_method_is_available[Test for Acala, url: wss://acala-rpc-1.aca-api.network]","tests","Fri May 22 10:09:51 UTC 2026","passed","Fri May 22 10:09:52 UTC 2026","","test_rpc_methods_availability","",""
"","1","test_chainId[Test for Altair]","tests","Fri May 22 10:06:54 UTC 2026","passed","Fri May 22 10:06:54 UTC 2026","TestChainId","test_network_parameters","",""
"","0","test_has_new_assets[Test for QUARTZ]","tests","Fri May 22 10:07:03 UTC 2026","broken","Fri May 22 10:07:03 UTC 2026","TestAssets","test_check_new_assets","",""
"","0","test_precision[Test for Hyperbridge Nexus]","tests","Fri May 22 10:09:06 UTC 2026","broken","Fri May 22 10:09:06 UTC 2026","TestPrecision","test_network_parameters","",""
"","0","test_address_prefix[Test for Polkadot Collectives]","tests","Fri May 22 10:08:12 UTC 2026","passed","Fri May 22 10:08:12 UTC 2026","TestNetworkPrefix","test_network_parameters","",""
"","11","test_has_new_assets[Test for Centrifuge Parachain]","tests","Fri May 22 10:07:12 UTC 2026","passed","Fri May 22 10:07:12 UTC 2026","TestAssets","test_check_new_assets","",""
"","0","test_precision[Test for Joystream]","tests","Fri May 22 10:08:16 UTC 2026","passed","Fri May 22 10:08:16 UTC 2026","TestPrecision","test_network_parameters","",""
"","93","test_rpc_method_is_available[Test for Creditcoin, url: wss://mainnet3.creditcoin.network]","tests","Fri May 22 10:10:58 UTC 2026","passed","Fri May 22 10:10:58 UTC 2026","","test_rpc_methods_availability","",""
"","95","test_rpc_method_is_available[Test for Darwinia, url: wss://rpc.darwinia.network]","tests","Fri May 22 10:10:37 UTC 2026","passed","Fri May 22 10:10:37 UTC 2026","","test_rpc_methods_availability","",""
"","10","test_has_new_assets[Test for krest]","tests","Fri May 22 10:08:39 UTC 2026","passed","Fri May 22 10:08:39 UTC 2026","TestAssets","test_check_new_assets","",""
"","0","test_can_create_connection[Test for Polkadot Asset Hub, url: wss://sys.ibp.network/asset-hub-polkadot]","tests","Fri May 22 10:08:41 UTC 2026","passed","Fri May 22 10:08:41 UTC 2026","","test_nodes_availability","",""
"","0","test_rpc_node_is_synced[Test for Laos, url: wss://rpc.laos.laosfoundation.io]","tests","Fri May 22 10:11:47 UTC 2026","broken","Fri May 22 10:11:47 UTC 2026","","test_substrate_node_is_synced","",""
"","0","test_precision[Test for CC Enterprise]","tests","Fri May 22 10:08:43 UTC 2026","passed","Fri May 22 10:08:43 UTC 2026","TestPrecision","test_network_parameters","",""
"","0","test_chainId[Test for Amplitude]","tests","Fri May 22 10:07:38 UTC 2026","broken","Fri May 22 10:07:38 UTC 2026","TestChainId","test_network_parameters","",""
"","100","test_rpc_method_is_available[Test for Ternoa, url: wss://mainnet.ternoa.network]","tests","Fri May 22 10:09:36 UTC 2026","passed","Fri May 22 10:09:36 UTC 2026","","test_rpc_methods_availability","",""
"","0","test_precision[Test for Centrifuge Parachain]","tests","Fri May 22 10:07:14 UTC 2026","passed","Fri May 22 10:07:14 UTC 2026","TestPrecision","test_network_parameters","",""
"","135","test_rpc_node_is_synced[Test for Astar, url: wss://astar-rpc.n.dwellir.com]","tests","Fri May 22 10:08:30 UTC 2026","passed","Fri May 22 10:08:30 UTC 2026","","test_substrate_node_is_synced","",""
"","0","test_rpc_method_is_available[Test for Phala, url: wss://api.phala.network/ws]","tests","Fri May 22 10:09:06 UTC 2026","broken","Fri May 22 10:09:06 UTC 2026","","test_rpc_methods_availability","",""
"","103","test_rpc_method_is_available[Test for Acurast Canary, url: wss://public-rpc.canary.acurast.com]","tests","Fri May 22 10:10:50 UTC 2026","passed","Fri May 22 10:10:50 UTC 2026","","test_rpc_methods_availability","",""
"","142","test_rpc_node_is_synced[Test for Basilisk, url: wss://rpc.basilisk.cloud]","tests","Fri May 22 10:09:55 UTC 2026","passed","Fri May 22 10:09:55 UTC 2026","","test_substrate_node_is_synced","",""
"","0","test_address_prefix[Test for Tangle]","tests","Fri May 22 10:09:23 UTC 2026","broken","Fri May 22 10:09:23 UTC 2026","TestNetworkPrefix","test_network_parameters","",""
"","0","test_address_prefix[Test for Polkadot Relay]","tests","Fri May 22 10:06:57 UTC 2026","passed","Fri May 22 10:06:57 UTC 2026","TestNetworkPrefix","test_network_parameters","",""
"","166","test_rpc_node_is_synced[Test for Hydration, url: wss://rpc-hydra.novasama-tech.org]","tests","Fri May 22 10:08:36 UTC 2026","passed","Fri May 22 10:08:37 UTC 2026","","test_substrate_node_is_synced","",""
"","0","test_address_prefix[Test for Kreivo]","tests","Fri May 22 10:09:17 UTC 2026","passed","Fri May 22 10:09:17 UTC 2026","TestNetworkPrefix","test_network_parameters","",""
"","162","test_rpc_method_is_available[Test for Kusama Relay, url: wss://kusama.dotters.network]","tests","Fri May 22 10:07:05 UTC 2026","passed","Fri May 22 10:07:05 UTC 2026","","test_rpc_methods_availability","",""
"","0","test_address_prefix[Test for Polymesh]","tests","Fri May 22 10:08:15 UTC 2026","passed","Fri May 22 10:08:15 UTC 2026","TestNetworkPrefix","test_network_parameters","",""
"","135","test_rpc_node_is_synced[Test for Kusama People, url: wss://kusama-people-rpc.polkadot.io]","tests","Fri May 22 10:07:25 UTC 2026","passed","Fri May 22 10:07:25 UTC 2026","","test_substrate_node_is_synced","",""
"","0","test_precision[Test for Bifrost Kusama]","tests","Fri May 22 10:07:04 UTC 2026","passed","Fri May 22 10:07:04 UTC 2026","TestPrecision","test_network_parameters","",""
"","1","test_can_create_connection[Test for Polkadot People, url: wss://sys.ibp.network/people-polkadot]","tests","Fri May 22 10:07:04 UTC 2026","passed","Fri May 22 10:07:04 UTC 2026","","test_nodes_availability","",""
"","9","test_has_new_assets[Test for Kusama People]","tests","Fri May 22 10:06:55 UTC 2026","passed","Fri May 22 10:06:55 UTC 2026","TestAssets","test_check_new_assets","",""
"","0","test_address_prefix[Test for Bittensor]","tests","Fri May 22 10:07:43 UTC 2026","passed","Fri May 22 10:07:43 UTC 2026","TestNetworkPrefix","test_network_parameters","",""
"","0","test_can_create_connection[Test for Polkadot Relay, url: wss://rpc.ibp.network/polkadot]","tests","Fri May 22 10:07:06 UTC 2026","passed","Fri May 22 10:07:06 UTC 2026","","test_nodes_availability","",""
"","152","test_rpc_node_is_synced[Test for UNIQUE, url: wss://asia-ws.unique.network/]","tests","Fri May 22 10:09:58 UTC 2026","passed","Fri May 22 10:09:58 UTC 2026","","test_substrate_node_is_synced","",""
"","105","test_rpc_method_is_available[Test for Astar, url: wss://rpc.astar.network]","tests","Fri May 22 10:08:15 UTC 2026","passed","Fri May 22 10:08:16 UTC 2026","","test_rpc_methods_availability","",""
"","0","test_precision[Test for Moonbeam]","tests","Fri May 22 10:07:02 UTC 2026","passed","Fri May 22 10:07:02 UTC 2026","TestPrecision","test_network_parameters","",""
"","6","test_has_new_assets[Test for Polymesh]","tests","Fri May 22 10:07:47 UTC 2026","passed","Fri May 22 10:07:47 UTC 2026","TestAssets","test_check_new_assets","",""
"","55","test_rpc_node_is_synced[Test for Zeitgeist, url: wss://zeitgeist.api.onfinality.io/public-ws]","tests","Fri May 22 10:08:06 UTC 2026","passed","Fri May 22 10:08:06 UTC 2026","","test_substrate_node_is_synced","",""
"","36","test_rpc_node_is_synced[Test for Encointer, url: wss://sys.ibp.network/encointer-kusama]","tests","Fri May 22 10:09:04 UTC 2026","passed","Fri May 22 10:09:04 UTC 2026","","test_substrate_node_is_synced","",""
"","0","test_chainId[Test for Polkadot Coretime]","tests","Fri May 22 10:08:51 UTC 2026","passed","Fri May 22 10:08:51 UTC 2026","TestChainId","test_network_parameters","",""
"","1","test_can_create_connection[Test for Acurast Canary, url: wss://public-rpc.canary.acurast.com]","tests","Fri May 22 10:10:43 UTC 2026","passed","Fri May 22 10:10:43 UTC 2026","","test_nodes_availability","",""
"","0","test_precision[Test for UNIQUE]","tests","Fri May 22 10:07:36 UTC 2026","passed","Fri May 22 10:07:36 UTC 2026","TestPrecision","test_network_parameters","",""
"","140","test_rpc_method_is_available[Test for Polkadot Collectives, url: wss://dot-rpc.stakeworld.io/collectives]","tests","Fri May 22 10:10:25 UTC 2026","passed","Fri May 22 10:10:25 UTC 2026","","test_rpc_methods_availability","",""
"","166","test_rpc_node_is_synced[Test for Kusama Coretime, url: wss://ksm-rpc.stakeworld.io/coretime]","tests","Fri May 22 10:11:53 UTC 2026","passed","Fri May 22 10:11:53 UTC 2026","","test_substrate_node_is_synced","",""
"","11","test_has_new_assets[Test for CC Enterprise]","tests","Fri May 22 10:08:47 UTC 2026","passed","Fri May 22 10:08:47 UTC 2026","TestAssets","test_check_new_assets","",""
"","1","test_chainId[Test for GIANT]","tests","Fri May 22 10:08:04 UTC 2026","passed","Fri May 22 10:08:04 UTC 2026","TestChainId","test_network_parameters","",""
"","1","test_can_create_connection[Test for Cere, url: wss://rpc.mainnet.cere.network/ws]","tests","Fri May 22 10:11:50 UTC 2026","passed","Fri May 22 10:11:50 UTC 2026","","test_nodes_availability","",""
"","7","test_has_new_assets[Test for Hydration]","tests","Fri May 22 10:07:18 UTC 2026","passed","Fri May 22 10:07:18 UTC 2026","TestAssets","test_check_new_assets","",""
"","0","test_can_create_connection[Test for XX network, url: wss://rpc-hetzner.xx.network]","tests","Fri May 22 10:10:06 UTC 2026","passed","Fri May 22 10:10:06 UTC 2026","","test_nodes_availability","",""
"","21","test_precision[Test for Kusama Coretime]","tests","Fri May 22 10:08:54 UTC 2026","passed","Fri May 22 10:08:54 UTC 2026","TestPrecision","test_network_parameters","",""
"","141","test_rpc_node_is_synced[Test for Kusama Bridge Hub, url: wss://ksm-rpc.stakeworld.io/bridgehub]","tests","Fri May 22 10:10:48 UTC 2026","passed","Fri May 22 10:10:48 UTC 2026","","test_substrate_node_is_synced","",""
"","0","test_can_create_connection[Test for Moonbeam, url: wss://moonbeam.dotters.network]","tests","Fri May 22 10:07:41 UTC 2026","broken","Fri May 22 10:07:41 UTC 2026","","test_nodes_availability","",""
"","162","test_rpc_node_is_synced[Test for XX network, url: wss://rpc-hetzner.xx.network]","tests","Fri May 22 10:10:16 UTC 2026","passed","Fri May 22 10:10:17 UTC 2026","","test_substrate_node_is_synced","",""
"","101","test_rpc_method_is_available[Test for Polkadot Coretime, url: wss://coretime-polkadot.dotters.network]","tests","Fri May 22 10:11:12 UTC 2026","passed","Fri May 22 10:11:12 UTC 2026","","test_rpc_methods_availability","",""
"","0","test_has_new_assets[Test for DAO IPCI]","tests","Fri May 22 10:08:01 UTC 2026","broken","Fri May 22 10:08:01 UTC 2026","TestAssets","test_check_new_assets","",""
"","0","test_can_create_connection[Test for Kusama Asset Hub, url: wss://asset-hub-kusama.dotters.network]","tests","Fri May 22 10:06:56 UTC 2026","passed","Fri May 22 10:06:56 UTC 2026","","test_nodes_availability","",""
"","0","test_can_create_connection[Test for Heima, url: wss://heima-rpc.n.dwellir.com]","tests","Fri May 22 10:09:34 UTC 2026","passed","Fri May 22 10:09:34 UTC 2026","","test_nodes_availability","",""
"","9","test_has_new_assets[Test for Avail]","tests","Fri May 22 10:08:48 UTC 2026","passed","Fri May 22 10:08:48 UTC 2026","TestAssets","test_check_new_assets","",""
"","0","test_chainId[Test for Acurast]","tests","Fri May 22 10:09:03 UTC 2026","passed","Fri May 22 10:09:03 UTC 2026","TestChainId","test_network_parameters","",""
"","0","test_has_new_assets[Test for Phala]","tests","Fri May 22 10:08:13 UTC 2026","broken","Fri May 22 10:08:13 UTC 2026","TestAssets","test_check_new_assets","",""
"","0","test_address_prefix[Test for Polkadot Bridge Hub]","tests","Fri May 22 10:08:06 UTC 2026","passed","Fri May 22 10:08:06 UTC 2026","TestNetworkPrefix","test_network_parameters","",""
"","0","test_rpc_node_is_synced[Test for Polkadex, url: wss://polkadex.public.curie.radiumblock.co/ws]","tests","Fri May 22 10:09:50 UTC 2026","broken","Fri May 22 10:09:50 UTC 2026","","test_substrate_node_is_synced","",""
"","0","test_can_create_connection[Test for Astar, url: wss://astar-rpc.n.dwellir.com]","tests","Fri May 22 10:08:20 UTC 2026","passed","Fri May 22 10:08:20 UTC 2026","","test_nodes_availability","",""
"","24","test_rpc_node_is_synced[Test for Westend (TESTNET), url: wss://westend.public.curie.radiumblock.co/ws]","tests","Fri May 22 10:07:46 UTC 2026","passed","Fri May 22 10:07:46 UTC 2026","","test_substrate_node_is_synced","",""
"","0","test_address_prefix[Test for Tanssi]","tests","Fri May 22 10:09:23 UTC 2026","passed","Fri May 22 10:09:23 UTC 2026","TestNetworkPrefix","test_network_parameters","",""
"","0","test_address_prefix[Test for Kusama Coretime]","tests","Fri May 22 10:09:28 UTC 2026","passed","Fri May 22 10:09:28 UTC 2026","TestNetworkPrefix","test_network_parameters","",""
"","0","test_address_prefix[Test for Astar]","tests","Fri May 22 10:07:56 UTC 2026","passed","Fri May 22 10:07:56 UTC 2026","TestNetworkPrefix","test_network_parameters","",""
"","0","test_can_create_connection[Test for Moonriver, url: wss://wss.api.moonriver.moonbeam.network]","tests","Fri May 22 10:07:56 UTC 2026","passed","Fri May 22 10:07:56 UTC 2026","","test_nodes_availability","",""
"","155","test_rpc_method_is_available[Test for UNIQUE, url: wss://us-ws.unique.network/]","tests","Fri May 22 10:09:46 UTC 2026","passed","Fri May 22 10:09:46 UTC 2026","","test_rpc_methods_availability","",""
"","139","test_rpc_node_is_synced[Test for Kusama Relay, url: wss://apps-kusama-rpc.polkadot.io]","tests","Fri May 22 10:07:20 UTC 2026","passed","Fri May 22 10:07:20 UTC 2026","","test_substrate_node_is_synced","",""
"","132","test_rpc_node_is_synced[Test for Tanssi, url: wss://services.tanssi-mainnet.network/tanssi]","tests","Fri May 22 10:11:56 UTC 2026","passed","Fri May 22 10:11:56 UTC 2026","","test_substrate_node_is_synced","",""
"","1","test_can_create_connection[Test for Centrifuge Parachain, url: wss://fullnode.centrifuge.io]","tests","Fri May 22 10:08:18 UTC 2026","passed","Fri May 22 10:08:18 UTC 2026","","test_nodes_availability","",""
"","0","test_rpc_node_is_synced[Test for Curio, url: wss://archive.parachain.curioinvest.com]","tests","Fri May 22 10:11:09 UTC 2026","broken","Fri May 22 10:11:09 UTC 2026","","test_substrate_node_is_synced","",""
"","1","test_precision[Test for Basilisk]","tests","Fri May 22 10:07:10 UTC 2026","passed","Fri May 22 10:07:10 UTC 2026","TestPrecision","test_network_parameters","",""
"","0","test_can_create_connection[Test for Curio, url: wss://archive.parachain.curioinvest.com]","tests","Fri May 22 10:10:49 UTC 2026","broken","Fri May 22 10:10:49 UTC 2026","","test_nodes_availability","",""
"","0","test_rpc_method_is_available[Test for Amplitude, url: wss://rpc-amplitude.pendulumchain.tech]","tests","Fri May 22 10:09:32 UTC 2026","broken","Fri May 22 10:09:32 UTC 2026","","test_rpc_methods_availability","",""
"","0","test_can_create_connection[Test for Polkadot Collectives, url: wss://collectives-polkadot.dotters.network]","tests","Fri May 22 10:10:27 UTC 2026","passed","Fri May 22 10:10:27 UTC 2026","","test_nodes_availability","",""
"","0","test_chainId[Test for Polkadot People]","tests","Fri May 22 10:06:52 UTC 2026","passed","Fri May 22 10:06:52 UTC 2026","TestChainId","test_network_parameters","",""
"","1","test_precision[Test for JAMTON]","tests","Fri May 22 10:08:50 UTC 2026","passed","Fri May 22 10:08:50 UTC 2026","TestPrecision","test_network_parameters","",""
"","101","test_rpc_method_is_available[Test for Crust Polkadot Parachain, url: wss://crust-parachain.crustapps.net]","tests","Fri May 22 10:09:54 UTC 2026","passed","Fri May 22 10:09:55 UTC 2026","","test_rpc_methods_availability","",""
"","52","test_rpc_node_is_synced[Test for Polkadot Relay, url: wss://rpc-polkadot.luckyfriday.io]","tests","Fri May 22 10:07:40 UTC 2026","passed","Fri May 22 10:07:41 UTC 2026","","test_substrate_node_is_synced","",""
"","1","test_can_create_connection[Test for Kusama Relay, url: wss://apps-kusama-rpc.polkadot.io]","tests","Fri May 22 10:07:11 UTC 2026","passed","Fri May 22 10:07:11 UTC 2026","","test_nodes_availability","",""
"","0","test_can_create_connection[Test for Polkadot Relay, url: wss://apps-rpc.polkadot.io]","tests","Fri May 22 10:07:15 UTC 2026","passed","Fri May 22 10:07:15 UTC 2026","","test_nodes_availability","",""
"","0","test_rpc_method_is_available[Test for Tangle, url: wss://rpc.tangle.tools]","tests","Fri May 22 10:11:27 UTC 2026","broken","Fri May 22 10:11:27 UTC 2026","","test_rpc_methods_availability","",""
"","0","test_can_create_connection[Test for Kusama Relay, url: wss://rpc-kusama.luckyfriday.io]","tests","Fri May 22 10:07:15 UTC 2026","passed","Fri May 22 10:07:15 UTC 2026","","test_nodes_availability","",""
"","168","test_rpc_method_is_available[Test for Joystream, url: wss://rpc.joystream.org]","tests","Fri May 22 10:10:31 UTC 2026","passed","Fri May 22 10:10:31 UTC 2026","","test_rpc_methods_availability","",""
"","8","test_has_new_assets[Test for Enjin Matrix]","tests","Fri May 22 10:08:12 UTC 2026","passed","Fri May 22 10:08:12 UTC 2026","TestAssets","test_check_new_assets","",""
"","243","test_rpc_node_is_synced[Test for DENTNet, url: wss://rpc.dentnet.io/ws]","tests","Fri May 22 10:11:33 UTC 2026","passed","Fri May 22 10:11:33 UTC 2026","","test_substrate_node_is_synced","",""
"","0","test_precision[Test for Nodle Parachain]","tests","Fri May 22 10:07:35 UTC 2026","broken","Fri May 22 10:07:35 UTC 2026","TestPrecision","test_network_parameters","",""
"","1","test_can_create_connection[Test for Karura, url: wss://karura-rpc-2.aca-api.network/ws]","tests","Fri May 22 10:07:04 UTC 2026","passed","Fri May 22 10:07:04 UTC 2026","","test_nodes_availability","",""
"","0","test_can_create_connection[Test for Polkadot Collectives, url: wss://sys.ibp.network/collectives-polkadot]","tests","Fri May 22 10:10:25 UTC 2026","passed","Fri May 22 10:10:25 UTC 2026","","test_nodes_availability","",""
"","0","test_precision[Test for Darwinia]","tests","Fri May 22 10:07:40 UTC 2026","passed","Fri May 22 10:07:40 UTC 2026","TestPrecision","test_network_parameters","",""
"","0","test_chainId[Test for Phala]","tests","Fri May 22 10:08:14 UTC 2026","broken","Fri May 22 10:08:14 UTC 2026","TestChainId","test_network_parameters","",""
"","0","test_address_prefix[Test for Laos]","tests","Fri May 22 10:09:24 UTC 2026","broken","Fri May 22 10:09:24 UTC 2026","TestNetworkPrefix","test_network_parameters","",""
"","116","test_rpc_method_is_available[Test for Frequency, url: wss://0.rpc.frequency.xyz]","tests","Fri May 22 10:10:04 UTC 2026","passed","Fri May 22 10:10:04 UTC 2026","","test_rpc_methods_availability","",""
"","0","test_chainId[Test for XX network]","tests","Fri May 22 10:07:44 UTC 2026","passed","Fri May 22 10:07:44 UTC 2026","TestChainId","test_network_parameters","",""
"","0","test_can_create_connection[Test for Interlay, url: wss://api.interlay.io/parachain]","tests","Fri May 22 10:08:01 UTC 2026","passed","Fri May 22 10:08:01 UTC 2026","","test_nodes_availability","",""
"","24","test_rpc_node_is_synced[Test for Shiden, url: wss://shiden.public.curie.radiumblock.co/ws]","tests","Fri May 22 10:09:28 UTC 2026","passed","Fri May 22 10:09:28 UTC 2026","","test_substrate_node_is_synced","",""
"","1","test_can_create_connection[Test for krest, url: wss://krest.api.onfinality.io/public-ws']","tests","Fri May 22 10:10:28 UTC 2026","passed","Fri May 22 10:10:28 UTC 2026","","test_nodes_availability","",""
"","0","test_can_create_connection[Test for Robonomics, url: wss://kusama.rpc.robonomics.network/]","tests","Fri May 22 10:08:51 UTC 2026","passed","Fri May 22 10:08:51 UTC 2026","","test_nodes_availability","",""
"","70","test_rpc_node_is_synced[Test for krest, url: wss://krest.api.onfinality.io/public-ws']","tests","Fri May 22 10:11:02 UTC 2026","passed","Fri May 22 10:11:02 UTC 2026","","test_substrate_node_is_synced","",""
"","95","test_rpc_method_is_available[Test for DENTNet, url: wss://rpc.dentnet.io/ws]","tests","Fri May 22 10:10:58 UTC 2026","passed","Fri May 22 10:10:58 UTC 2026","","test_rpc_methods_availability","",""
"","97","test_rpc_method_is_available[Test for Cere, url: wss://rpc.mainnet.cere.network/ws]","tests","Fri May 22 10:11:44 UTC 2026","passed","Fri May 22 10:11:44 UTC 2026","","test_rpc_methods_availability","",""
"","67","test_rpc_node_is_synced[Test for Moonriver, url: wss://wss.api.moonriver.moonbeam.network]","tests","Fri May 22 10:08:03 UTC 2026","passed","Fri May 22 10:08:03 UTC 2026","","test_substrate_node_is_synced","",""
"","96","test_rpc_method_is_available[Test for Altair, url: wss://altair.api.onfinality.io/public-ws]","tests","Fri May 22 10:09:10 UTC 2026","passed","Fri May 22 10:09:10 UTC 2026","","test_rpc_methods_availability","",""
"","0","test_can_create_connection[Test for JAMTON, url: wss://rpc.jamton.network]","tests","Fri May 22 10:11:16 UTC 2026","passed","Fri May 22 10:11:16 UTC 2026","","test_nodes_availability","",""
"","0","test_precision[Test for Polkadot Asset Hub]","tests","Fri May 22 10:07:08 UTC 2026","passed","Fri May 22 10:07:08 UTC 2026","TestPrecision","test_network_parameters","",""
"","1","test_can_create_connection[Test for Kusama Bridge Hub, url: wss://sys.ibp.network/bridgehub-kusama]","tests","Fri May 22 10:10:36 UTC 2026","passed","Fri May 22 10:10:36 UTC 2026","","test_nodes_availability","",""
"","93","test_rpc_method_is_available[Test for JAMTON, url: wss://rpc.jamton.network]","tests","Fri May 22 10:11:08 UTC 2026","passed","Fri May 22 10:11:08 UTC 2026","","test_rpc_methods_availability","",""
"","0","test_address_prefix[Test for Avail]","tests","Fri May 22 10:09:38 UTC 2026","passed","Fri May 22 10:09:38 UTC 2026","TestNetworkPrefix","test_network_parameters","",""
"","0","test_chainId[Test for Karura]","tests","Fri May 22 10:06:59 UTC 2026","passed","Fri May 22 10:06:59 UTC 2026","TestChainId","test_network_parameters","",""
"","171","test_rpc_method_is_available[Test for Karura, url: wss://karura-rpc.n.dwellir.com]","tests","Fri May 22 10:07:13 UTC 2026","passed","Fri May 22 10:07:13 UTC 2026","","test_rpc_methods_availability","",""
"","96","test_rpc_method_is_available[Test for Enjin Matrix, url: wss://rpc.matrix.blockchain.enjin.io]","tests","Fri May 22 10:10:27 UTC 2026","passed","Fri May 22 10:10:27 UTC 2026","","test_rpc_methods_availability","",""
"","0","test_can_create_connection[Test for Polkadot Asset Hub, url: wss://rpc-assethub.novasama-tech.org]","tests","Fri May 22 10:08:31 UTC 2026","passed","Fri May 22 10:08:31 UTC 2026","","test_nodes_availability","",""
"","0","test_chainId[Test for Kintsugi]","tests","Fri May 22 10:07:18 UTC 2026","passed","Fri May 22 10:07:18 UTC 2026","TestChainId","test_network_parameters","",""
"","7","test_has_new_assets[Test for Bittensor]","tests","Fri May 22 10:07:38 UTC 2026","passed","Fri May 22 10:07:38 UTC 2026","TestAssets","test_check_new_assets","",""
"","24","test_rpc_node_is_synced[Test for Polkadot Collectives, url: wss://collectives.public.curie.radiumblock.co/ws]","tests","Fri May 22 10:10:50 UTC 2026","passed","Fri May 22 10:10:50 UTC 2026","","test_substrate_node_is_synced","",""
"","0","test_address_prefix[Test for Pendulum]","tests","Fri May 22 10:07:44 UTC 2026","passed","Fri May 22 10:07:44 UTC 2026","TestNetworkPrefix","test_network_parameters","",""
"","0","test_can_create_connection[Test for Heima, url: wss://rpc.litentry-parachain.litentry.io]","tests","Fri May 22 10:09:28 UTC 2026","passed","Fri May 22 10:09:28 UTC 2026","","test_nodes_availability","",""
"","0","test_can_create_connection[Test for QUARTZ, url: wss://us-ws-quartz.unique.network]","tests","Fri May 22 10:09:45 UTC 2026","broken","Fri May 22 10:09:45 UTC 2026","","test_nodes_availability","",""
"","105","test_rpc_method_is_available[Test for Aventus, url: wss://avn-parachain.mainnet.aventus.io]","tests","Fri May 22 10:10:00 UTC 2026","passed","Fri May 22 10:10:00 UTC 2026","","test_rpc_methods_availability","",""
"","1","test_precision[Test for Polymesh]","tests","Fri May 22 10:07:29 UTC 2026","passed","Fri May 22 10:07:29 UTC 2026","TestPrecision","test_network_parameters","",""
"","0","test_address_prefix[Test for XX network]","tests","Fri May 22 10:07:41 UTC 2026","passed","Fri May 22 10:07:41 UTC 2026","TestNetworkPrefix","test_network_parameters","",""
"","0","test_can_create_connection[Test for Polkadot Coretime, url: wss://polkadot-coretime-rpc.polkadot.io]","tests","Fri May 22 10:11:19 UTC 2026","passed","Fri May 22 10:11:19 UTC 2026","","test_nodes_availability","",""
"","52","test_rpc_node_is_synced[Test for Enjin Matrix, url: wss://rpc.matrix.blockchain.enjin.io]","tests","Fri May 22 10:10:53 UTC 2026","passed","Fri May 22 10:10:53 UTC 2026","","test_substrate_node_is_synced","",""
"","0","test_can_create_connection[Test for DAO IPCI, url: wss://ipci.rpc.robonomics.network]","tests","Fri May 22 10:09:54 UTC 2026","broken","Fri May 22 10:09:54 UTC 2026","","test_nodes_availability","",""
"","10","test_has_new_assets[Test for DENTNet]","tests","Fri May 22 10:08:50 UTC 2026","passed","Fri May 22 10:08:50 UTC 2026","TestAssets","test_check_new_assets","",""
"","1","test_precision[Test for Karura]","tests","Fri May 22 10:06:59 UTC 2026","passed","Fri May 22 10:06:59 UTC 2026","TestPrecision","test_network_parameters","",""
"","0","test_chainId[Test for Polkadot Bridge Hub]","tests","Fri May 22 10:08:07 UTC 2026","passed","Fri May 22 10:08:07 UTC 2026","TestChainId","test_network_parameters","",""
"","7","test_has_new_assets[Test for Kusama Asset Hub]","tests","Fri May 22 10:07:07 UTC 2026","passed","Fri May 22 10:07:07 UTC 2026","TestAssets","test_check_new_assets","",""
"","0","test_rpc_node_is_synced[Test for Ajuna, url: wss://ajuna.dotters.network]","tests","Fri May 22 10:10:27 UTC 2026","broken","Fri May 22 10:10:27 UTC 2026","","test_substrate_node_is_synced","",""
"","167","test_rpc_method_is_available[Test for Manta Atlantic, url: wss://ws.manta.systems]","tests","Fri May 22 10:10:29 UTC 2026","passed","Fri May 22 10:10:29 UTC 2026","","test_rpc_methods_availability","",""
"","0","test_chainId[Test for Pendulum]","tests","Fri May 22 10:07:47 UTC 2026","passed","Fri May 22 10:07:47 UTC 2026","TestChainId","test_network_parameters","",""
"","0","test_rpc_node_is_synced[Test for Bifrost Polkadot, url: wss://bifrost-polkadot.ibp.network]","tests","Fri May 22 10:09:05 UTC 2026","broken","Fri May 22 10:09:05 UTC 2026","","test_substrate_node_is_synced","",""
"","54","test_rpc_node_is_synced[Test for Interlay, url: wss://rpc-interlay.luckyfriday.io/]","tests","Fri May 22 10:08:12 UTC 2026","passed","Fri May 22 10:08:12 UTC 2026","","test_substrate_node_is_synced","",""
"","0","test_can_create_connection[Test for Bifrost Kusama, url: wss://us.bifrost-rpc.liebi.com/ws]","tests","Fri May 22 10:08:56 UTC 2026","passed","Fri May 22 10:08:56 UTC 2026","","test_nodes_availability","",""
"","136","test_rpc_node_is_synced[Test for Polkadot Asset Hub, url: wss://asset-hub-polkadot-rpc.n.dwellir.com]","tests","Fri May 22 10:08:48 UTC 2026","passed","Fri May 22 10:08:48 UTC 2026","","test_substrate_node_is_synced","",""
"","147","test_rpc_node_is_synced[Test for Shiden, url: wss://rpc.shiden.astar.network]","tests","Fri May 22 10:09:19 UTC 2026","passed","Fri May 22 10:09:19 UTC 2026","","test_substrate_node_is_synced","",""
"","0","test_address_prefix[Test for Kusama Asset Hub]","tests","Fri May 22 10:07:13 UTC 2026","passed","Fri May 22 10:07:13 UTC 2026","TestNetworkPrefix","test_network_parameters","",""
"","1","test_address_prefix[Test for CC Enterprise]","tests","Fri May 22 10:08:56 UTC 2026","passed","Fri May 22 10:08:56 UTC 2026","TestNetworkPrefix","test_network_parameters","",""
"","61","test_rpc_node_is_synced[Test for Moonriver, url: wss://moonriver-rpc.publicnode.com]","tests","Fri May 22 10:07:38 UTC 2026","passed","Fri May 22 10:07:38 UTC 2026","","test_substrate_node_is_synced","",""
"","135","test_rpc_node_is_synced[Test for Basilisk, url: wss://basilisk-rpc.n.dwellir.com]","tests","Fri May 22 10:09:49 UTC 2026","passed","Fri May 22 10:09:49 UTC 2026","","test_substrate_node_is_synced","",""
"","128","test_rpc_method_is_available[Test for Vara, url: wss://rpc.vara-network.io]","tests","Fri May 22 10:10:10 UTC 2026","passed","Fri May 22 10:10:10 UTC 2026","","test_rpc_methods_availability","",""
"","9","test_has_new_assets[Test for NeuroWeb]","tests","Fri May 22 10:07:18 UTC 2026","passed","Fri May 22 10:07:18 UTC 2026","TestAssets","test_check_new_assets","",""
"","98","test_rpc_method_is_available[Test for Bifrost Kusama, url: wss://us.bifrost-rpc.liebi.com/ws]","tests","Fri May 22 10:08:56 UTC 2026","passed","Fri May 22 10:08:56 UTC 2026","","test_rpc_methods_availability","",""
"","0","test_chainId[Test for Creditcoin]","tests","Fri May 22 10:08:49 UTC 2026","passed","Fri May 22 10:08:49 UTC 2026","TestChainId","test_network_parameters","",""
"","0","test_precision[Test for Ajuna]","tests","Fri May 22 10:07:55 UTC 2026","passed","Fri May 22 10:07:55 UTC 2026","TestPrecision","test_network_parameters","",""
"","0","test_address_prefix[Test for Polkadot Coretime]","tests","Fri May 22 10:09:26 UTC 2026","passed","Fri May 22 10:09:26 UTC 2026","TestNetworkPrefix","test_network_parameters","",""
"","0","test_address_prefix[Test for Crust Shadow]","tests","Fri May 22 10:07:36 UTC 2026","passed","Fri May 22 10:07:36 UTC 2026","TestNetworkPrefix","test_network_parameters","",""
"","107","test_rpc_method_is_available[Test for Kusama Bridge Hub, url: wss://ksm-rpc.stakeworld.io/bridgehub]","tests","Fri May 22 10:10:18 UTC 2026","passed","Fri May 22 10:10:18 UTC 2026","","test_rpc_methods_availability","",""
"","1","test_address_prefix[Test for Altair]","tests","Fri May 22 10:06:56 UTC 2026","passed","Fri May 22 10:06:56 UTC 2026","TestNetworkPrefix","test_network_parameters","",""
"","149","test_rpc_node_is_synced[Test for Kintsugi, url: wss://api-kusama.interlay.io/parachain]","tests","Fri May 22 10:08:01 UTC 2026","passed","Fri May 22 10:08:01 UTC 2026","","test_substrate_node_is_synced","",""
"","0","test_chainId[Test for Polkadot Asset Hub]","tests","Fri May 22 10:07:07 UTC 2026","passed","Fri May 22 10:07:07 UTC 2026","TestChainId","test_network_parameters","",""
"","0","test_chainId[Test for Robonomics]","tests","Fri May 22 10:07:10 UTC 2026","passed","Fri May 22 10:07:10 UTC 2026","TestChainId","test_network_parameters","",""
"","1","test_address_prefix[Test for NeuroWeb]","tests","Fri May 22 10:07:21 UTC 2026","passed","Fri May 22 10:07:21 UTC 2026","TestNetworkPrefix","test_network_parameters","",""
"","0","test_address_prefix[Test for Cere]","tests","Fri May 22 10:08:47 UTC 2026","passed","Fri May 22 10:08:47 UTC 2026","TestNetworkPrefix","test_network_parameters","",""
"","0","test_can_create_connection[Test for Kusama Relay, url: wss://kusama.public.curie.radiumblock.co/ws]","tests","Fri May 22 10:07:29 UTC 2026","passed","Fri May 22 10:07:29 UTC 2026","","test_nodes_availability","",""
"","145","test_rpc_node_is_synced[Test for Kusama Relay, url: wss://kusama.public.curie.radiumblock.co/ws]","tests","Fri May 22 10:07:36 UTC 2026","passed","Fri May 22 10:07:37 UTC 2026","","test_substrate_node_is_synced","",""
"","636","test_rpc_node_is_synced[Test for Acala, url: wss://acala-rpc-0.aca-api.network]","tests","Fri May 22 10:10:39 UTC 2026","passed","Fri May 22 10:10:40 UTC 2026","","test_substrate_node_is_synced","",""
"","45","test_rpc_node_is_synced[Test for Kusama Coretime, url: wss://coretime-kusama.dotters.network]","tests","Fri May 22 10:11:44 UTC 2026","passed","Fri May 22 10:11:44 UTC 2026","","test_substrate_node_is_synced","",""
"","7","test_has_new_assets[Test for Robonomics]","tests","Fri May 22 10:07:10 UTC 2026","passed","Fri May 22 10:07:10 UTC 2026","TestAssets","test_check_new_assets","",""
"","0","test_chainId[Test for DENTNet]","tests","Fri May 22 10:08:45 UTC 2026","passed","Fri May 22 10:08:45 UTC 2026","TestChainId","test_network_parameters","",""
"","38","test_rpc_node_is_synced[Test for Kusama People, url: wss://sys.ibp.network/people-kusama]","tests","Fri May 22 10:07:27 UTC 2026","passed","Fri May 22 10:07:27 UTC 2026","","test_substrate_node_is_synced","",""
"","7","test_has_new_assets[Test for peaq]","tests","Fri May 22 10:08:53 UTC 2026","passed","Fri May 22 10:08:53 UTC 2026","TestAssets","test_check_new_assets","",""
"","0","test_can_create_connection[Test for Basilisk, url: wss://basilisk-rpc.n.dwellir.com]","tests","Fri May 22 10:09:00 UTC 2026","passed","Fri May 22 10:09:00 UTC 2026","","test_nodes_availability","",""
"","0","test_chainId[Test for Heima]","tests","Fri May 22 10:07:35 UTC 2026","passed","Fri May 22 10:07:35 UTC 2026","TestChainId","test_network_parameters","",""
"","0","test_has_new_assets[Test for Nodle Parachain]","tests","Fri May 22 10:07:33 UTC 2026","broken","Fri May 22 10:07:33 UTC 2026","TestAssets","test_check_new_assets","",""
"","0","test_can_create_connection[Test for Polkadot People, url: wss://polkadot-people-rpc.polkadot.io]","tests","Fri May 22 10:07:00 UTC 2026","passed","Fri May 22 10:07:00 UTC 2026","","test_nodes_availability","",""
"","67","test_rpc_node_is_synced[Test for Moonbeam, url: wss://wss.api.moonbeam.network]","tests","Fri May 22 10:07:25 UTC 2026","passed","Fri May 22 10:07:25 UTC 2026","","test_substrate_node_is_synced","",""
"","162","test_rpc_node_is_synced[Test for XX network, url: wss://rpc.xx.network]","tests","Fri May 22 10:10:11 UTC 2026","passed","Fri May 22 10:10:11 UTC 2026","","test_substrate_node_is_synced","",""
"","59","test_rpc_node_is_synced[Test for peaq, url: wss://peaq-rpc.publicnode.com]","tests","Fri May 22 10:11:29 UTC 2026","passed","Fri May 22 10:11:29 UTC 2026","","test_substrate_node_is_synced","",""
"","0","test_precision[Test for peaq]","tests","Fri May 22 10:08:59 UTC 2026","passed","Fri May 22 10:08:59 UTC 2026","TestPrecision","test_network_parameters","",""
"","108","test_rpc_method_is_available[Test for Kusama Relay, url: wss://rpc-kusama-1.novasama-tech.org]","tests","Fri May 22 10:07:38 UTC 2026","passed","Fri May 22 10:07:38 UTC 2026","","test_rpc_methods_availability","",""
"","0","test_rpc_node_is_synced[Test for Crab, url: wss://crab-rpc.darwinia.network/]","tests","Fri May 22 10:10:27 UTC 2026","broken","Fri May 22 10:10:27 UTC 2026","","test_substrate_node_is_synced","",""
"","138","test_rpc_node_is_synced[Test for Kusama Coretime, url: wss://kusama-coretime-rpc.polkadot.io]","tests","Fri May 22 10:11:51 UTC 2026","passed","Fri May 22 10:11:51 UTC 2026","","test_substrate_node_is_synced","",""
"","0","test_precision[Test for Aleph Zero]","tests","Fri May 22 10:08:35 UTC 2026","passed","Fri May 22 10:08:35 UTC 2026","TestPrecision","test_network_parameters","",""
"","7","test_has_new_assets[Test for Aleph Zero]","tests","Fri May 22 10:08:33 UTC 2026","passed","Fri May 22 10:08:33 UTC 2026","TestAssets","test_check_new_assets","",""
"","100","test_rpc_method_is_available[Test for Bifrost Kusama, url: wss://bifrost-rpc.liebi.com/ws]","tests","Fri May 22 10:08:50 UTC 2026","passed","Fri May 22 10:08:50 UTC 2026","","test_rpc_methods_availability","",""
"","0","test_rpc_node_is_synced[Test for Phala, url: wss://api.phala.network/ws]","tests","Fri May 22 10:09:14 UTC 2026","broken","Fri May 22 10:09:14 UTC 2026","","test_substrate_node_is_synced","",""
"","103","test_rpc_method_is_available[Test for Kusama People, url: wss://kusama-people-rpc.polkadot.io]","tests","Fri May 22 10:07:16 UTC 2026","passed","Fri May 22 10:07:16 UTC 2026","","test_rpc_methods_availability","",""
"","1","test_address_prefix[Test for Kusama Relay]","tests","Fri May 22 10:07:02 UTC 2026","passed","Fri May 22 10:07:02 UTC 2026","TestNetworkPrefix","test_network_parameters","",""
"","94","test_rpc_method_is_available[Test for Polkadot Coretime, url: wss://polkadot-coretime-rpc.polkadot.io]","tests","Fri May 22 10:11:17 UTC 2026","passed","Fri May 22 10:11:17 UTC 2026","","test_rpc_methods_availability","",""
"","92","test_has_new_assets[Test for Altair]","tests","Fri May 22 10:06:52 UTC 2026","passed","Fri May 22 10:06:52 UTC 2026","TestAssets","test_check_new_assets","",""
"","93","test_rpc_method_is_available[Test for Crust Shadow, url: wss://rpc-sha-subscan.crustnetwork.xyz]","tests","Fri May 22 10:08:06 UTC 2026","passed","Fri May 22 10:08:06 UTC 2026","","test_rpc_methods_availability","",""
"","1","test_can_create_connection[Test for Shiden, url: wss://rpc.shiden.astar.network]","tests","Fri May 22 10:08:29 UTC 2026","passed","Fri May 22 10:08:29 UTC 2026","","test_nodes_availability","",""
"","151","test_rpc_method_is_available[Test for Astar, url: wss://astar.public.curie.radiumblock.co/ws]","tests","Fri May 22 10:08:25 UTC 2026","passed","Fri May 22 10:08:25 UTC 2026","","test_rpc_methods_availability","",""
"","0","test_can_create_connection[Test for Kintsugi, url: wss://api-kusama.interlay.io/parachain]","tests","Fri May 22 10:07:53 UTC 2026","passed","Fri May 22 10:07:53 UTC 2026","","test_nodes_availability","",""
"","57","test_has_new_assets[Test for Karura]","tests","Fri May 22 10:06:59 UTC 2026","passed","Fri May 22 10:06:59 UTC 2026","TestAssets","test_check_new_assets","",""
"","0","test_can_create_connection[Test for Kusama Relay, url: wss://1rpc.io/ksm]","tests","Fri May 22 10:07:23 UTC 2026","passed","Fri May 22 10:07:23 UTC 2026","","test_nodes_availability","",""
"","0","test_can_create_connection[Test for Encointer, url: wss://encointer-kusama.dotters.network]","tests","Fri May 22 10:08:57 UTC 2026","passed","Fri May 22 10:08:57 UTC 2026","","test_nodes_availability","",""
"","0","test_address_prefix[Test for Darwinia]","tests","Fri May 22 10:07:58 UTC 2026","passed","Fri May 22 10:07:58 UTC 2026","TestNetworkPrefix","test_network_parameters","",""
"","209","test_rpc_node_is_synced[Test for Polkadot Asset Hub, url: wss://rpc-assethub.novasama-tech.org]","tests","Fri May 22 10:08:41 UTC 2026","passed","Fri May 22 10:08:41 UTC 2026","","test_substrate_node_is_synced","",""
"","0","test_chainId[Test for Interlay]","tests","Fri May 22 10:07:23 UTC 2026","passed","Fri May 22 10:07:23 UTC 2026","TestChainId","test_network_parameters","",""
"","0","test_can_create_connection[Test for Crab, url: wss://crab-rpc.darwinia.network/]","tests","Fri May 22 10:10:06 UTC 2026","broken","Fri May 22 10:10:06 UTC 2026","","test_nodes_availability","",""
"","0","test_address_prefix[Test for Moonriver]","tests","Fri May 22 10:06:56 UTC 2026","passed","Fri May 22 10:06:56 UTC 2026","TestNetworkPrefix","test_network_parameters","",""
"","0","test_precision[Test for Enjin Relay]","tests","Fri May 22 10:08:18 UTC 2026","passed","Fri May 22 10:08:18 UTC 2026","TestPrecision","test_network_parameters","",""
"","0","test_can_create_connection[Test for Acala, url: wss://acala-rpc-1.aca-api.network]","tests","Fri May 22 10:09:55 UTC 2026","passed","Fri May 22 10:09:55 UTC 2026","","test_nodes_availability","",""
"","134","test_rpc_method_is_available[Test for UNIQUE, url: wss://asia-ws.unique.network/]","tests","Fri May 22 10:09:50 UTC 2026","passed","Fri May 22 10:09:50 UTC 2026","","test_rpc_methods_availability","",""
"","46","test_rpc_node_is_synced[Test for Polkadot People, url: wss://people-polkadot.dotters.network]","tests","Fri May 22 10:07:15 UTC 2026","passed","Fri May 22 10:07:15 UTC 2026","","test_substrate_node_is_synced","",""
"","0","test_precision[Test for Kusama Relay]","tests","Fri May 22 10:06:58 UTC 2026","passed","Fri May 22 10:06:58 UTC 2026","TestPrecision","test_network_parameters","",""
"","113","test_rpc_method_is_available[Test for Polkadot Bridge Hub, url: wss://sys.ibp.network/bridgehub-polkadot]","tests","Fri May 22 10:10:10 UTC 2026","passed","Fri May 22 10:10:10 UTC 2026","","test_rpc_methods_availability","",""
"","1","test_chainId[Test for Acurast Canary]","tests","Fri May 22 10:08:33 UTC 2026","passed","Fri May 22 10:08:33 UTC 2026","TestChainId","test_network_parameters","",""
"","0","test_can_create_connection[Test for Aventus, url: wss://public-rpc.mainnet.aventus.io]","tests","Fri May 22 10:10:05 UTC 2026","passed","Fri May 22 10:10:05 UTC 2026","","test_nodes_availability","",""
"","0","test_address_prefix[Test for Humanode]","tests","Fri May 22 10:09:00 UTC 2026","passed","Fri May 22 10:09:00 UTC 2026","TestNetworkPrefix","test_network_parameters","",""
"","0","test_address_prefix[Test for Acurast]","tests","Fri May 22 10:09:29 UTC 2026","passed","Fri May 22 10:09:29 UTC 2026","TestNetworkPrefix","test_network_parameters","",""
"","110","test_rpc_method_is_available[Test for NeuroWeb, url: wss://parachain-rpc.origin-trail.network]","tests","Fri May 22 10:09:46 UTC 2026","passed","Fri May 22 10:09:47 UTC 2026","","test_rpc_methods_availability","",""
"","96","test_rpc_method_is_available[Test for Avail, url: wss://mainnet.avail-rpc.com/]","tests","Fri May 22 10:10:52 UTC 2026","passed","Fri May 22 10:10:52 UTC 2026","","test_rpc_methods_availability","",""
"","134","test_rpc_method_is_available[Test for Polkadot Relay, url: wss://rpc.ibp.network/polkadot]","tests","Fri May 22 10:07:06 UTC 2026","passed","Fri May 22 10:07:06 UTC 2026","","test_rpc_methods_availability","",""
"","0","test_can_create_connection[Test for Polkadot Relay, url: wss://rpc-polkadot-2.novasama-tech.org]","tests","Fri May 22 10:07:02 UTC 2026","passed","Fri May 22 10:07:02 UTC 2026","","test_nodes_availability","",""
"","37","test_rpc_node_is_synced[Test for Kusama Relay, url: wss://rpc.ibp.network/kusama]","tests","Fri May 22 10:07:08 UTC 2026","passed","Fri May 22 10:07:08 UTC 2026","","test_substrate_node_is_synced","",""
"","9","test_has_new_assets[Test for Westend (TESTNET)]","tests","Fri May 22 10:07:02 UTC 2026","passed","Fri May 22 10:07:02 UTC 2026","TestAssets","test_check_new_assets","",""
"","162","test_rpc_node_is_synced[Test for Kusama People, url: wss://ksm-rpc.stakeworld.io/people]","tests","Fri May 22 10:07:34 UTC 2026","passed","Fri May 22 10:07:35 UTC 2026","","test_substrate_node_is_synced","",""
"","167","test_rpc_method_is_available[Test for Kusama Relay, url: wss://kusama.public.curie.radiumblock.co/ws]","tests","Fri May 22 10:07:28 UTC 2026","passed","Fri May 22 10:07:29 UTC 2026","","test_rpc_methods_availability","",""
"","0","test_address_prefix[Test for Hyperbridge Nexus]","tests","Fri May 22 10:09:20 UTC 2026","broken","Fri May 22 10:09:20 UTC 2026","TestNetworkPrefix","test_network_parameters","",""
"","0","test_precision[Test for Vara]","tests","Fri May 22 10:08:00 UTC 2026","passed","Fri May 22 10:08:00 UTC 2026","TestPrecision","test_network_parameters","",""
"","0","test_can_create_connection[Test for NeuroWeb, url: wss://parachain-rpc.origin-trail.network]","tests","Fri May 22 10:09:47 UTC 2026","passed","Fri May 22 10:09:47 UTC 2026","","test_nodes_availability","",""
"","757","test_rpc_node_is_synced[Test for Encointer, url: wss://api.kusama.encointer.org]","tests","Fri May 22 10:07:56 UTC 2026","passed","Fri May 22 10:07:57 UTC 2026","","test_substrate_node_is_synced","",""
"","93","test_rpc_node_is_synced[Test for Polkadot Bridge Hub, url: wss://bridge-hub-polkadot.dotters.network]","tests","Fri May 22 10:10:39 UTC 2026","passed","Fri May 22 10:10:39 UTC 2026","","test_substrate_node_is_synced","",""
"","0","test_rpc_method_is_available[Test for Kusama Asset Hub, url: wss://sys.ibp.network/statemine]","tests","Fri May 22 10:07:49 UTC 2026","broken","Fri May 22 10:07:49 UTC 2026","","test_rpc_methods_availability","",""
"","0","test_precision[Test for Amplitude]","tests","Fri May 22 10:07:21 UTC 2026","broken","Fri May 22 10:07:21 UTC 2026","TestPrecision","test_network_parameters","",""
"","55","test_rpc_node_is_synced[Test for Polkadex, url: wss://so.polkadex.ee]","tests","Fri May 22 10:09:38 UTC 2026","passed","Fri May 22 10:09:39 UTC 2026","","test_substrate_node_is_synced","",""
"","95","test_rpc_method_is_available[Test for XX network, url: wss://rpc.xx.network]","tests","Fri May 22 10:10:01 UTC 2026","passed","Fri May 22 10:10:01 UTC 2026","","test_rpc_methods_availability","",""
"","0","test_chainId[Test for Acala]","tests","Fri May 22 10:07:08 UTC 2026","passed","Fri May 22 10:07:08 UTC 2026","TestChainId","test_network_parameters","",""
"","163","test_rpc_node_is_synced[Test for Bifrost Polkadot, url: wss://hk.p.bifrost-rpc.liebi.com/ws]","tests","Fri May 22 10:09:23 UTC 2026","passed","Fri May 22 10:09:23 UTC 2026","","test_substrate_node_is_synced","",""
"","0","test_has_new_assets[Test for Laos]","tests","Fri May 22 10:09:05 UTC 2026","broken","Fri May 22 10:09:05 UTC 2026","TestAssets","test_check_new_assets","",""
"","0","test_precision[Test for Manta Atlantic]","tests","Fri May 22 10:08:40 UTC 2026","passed","Fri May 22 10:08:40 UTC 2026","TestPrecision","test_network_parameters","",""
"","36","test_rpc_node_is_synced[Test for Kusama Asset Hub, url: wss://sys.ibp.network/statemine]","tests","Fri May 22 10:07:50 UTC 2026","passed","Fri May 22 10:07:51 UTC 2026","","test_substrate_node_is_synced","",""
"","103","test_rpc_method_is_available[Test for Phala, url: wss://phala.public.curie.radiumblock.co/ws]","tests","Fri May 22 10:09:24 UTC 2026","passed","Fri May 22 10:09:24 UTC 2026","","test_rpc_methods_availability","",""
"","0","test_can_create_connection[Test for Polkadot Bridge Hub, url: wss://dot-rpc.stakeworld.io/bridgehub]","tests","Fri May 22 10:10:30 UTC 2026","passed","Fri May 22 10:10:30 UTC 2026","","test_nodes_availability","",""
"","50","test_rpc_node_is_synced[Test for Polkadot Relay, url: wss://polkadot.public.curie.radiumblock.co/ws]","tests","Fri May 22 10:07:33 UTC 2026","passed","Fri May 22 10:07:33 UTC 2026","","test_substrate_node_is_synced","",""
"","0","test_can_create_connection[Test for Polkadot People, url: wss://people-polkadot.public.curie.radiumblock.co/ws]","tests","Fri May 22 10:07:14 UTC 2026","passed","Fri May 22 10:07:14 UTC 2026","","test_nodes_availability","",""
"","0","test_can_create_connection[Test for Moonriver, url: wss://moonriver.public.curie.radiumblock.co/ws]","tests","Fri May 22 10:08:09 UTC 2026","broken","Fri May 22 10:08:09 UTC 2026","","test_nodes_availability","",""
"","11","test_has_new_assets[Test for Tanssi]","tests","Fri May 22 10:09:11 UTC 2026","passed","Fri May 22 10:09:11 UTC 2026","TestAssets","test_check_new_assets","",""
"","10","test_has_new_assets[Test for Basilisk]","tests","Fri May 22 10:07:29 UTC 2026","passed","Fri May 22 10:07:29 UTC 2026","TestAssets","test_check_new_assets","",""
"","52","test_rpc_node_is_synced[Test for GIANT, url: wss://rpc-anchor-1-mainnet-az-ue1.giantprotocol.org:443]","tests","Fri May 22 10:10:40 UTC 2026","passed","Fri May 22 10:10:40 UTC 2026","","test_substrate_node_is_synced","",""
"","10","test_has_new_assets[Test for Astar]","tests","Fri May 22 10:07:10 UTC 2026","passed","Fri May 22 10:07:10 UTC 2026","TestAssets","test_check_new_assets","",""
"","257","test_rpc_method_is_available[Test for Kusama Relay, url: wss://rpc-kusama-2.novasama-tech.org]","tests","Fri May 22 10:06:57 UTC 2026","passed","Fri May 22 10:06:57 UTC 2026","","test_rpc_methods_availability","",""
"","133","test_rpc_method_is_available[Test for GIANT, url: wss://rpc-anchor-2-mainnet-az-ue1.giantprotocol.org:443]","tests","Fri May 22 10:10:07 UTC 2026","passed","Fri May 22 10:10:07 UTC 2026","","test_rpc_methods_availability","",""
"","458","test_rpc_node_work_fast[Test for Ethereum, url: https://1rpc.io/eth]","tests","Fri May 22 10:06:55 UTC 2026","passed","Fri May 22 10:06:56 UTC 2026","TestETHNodesAvailability","test_eth_nodes_availability","",""
"","0","test_precision[Test for Creditcoin]","tests","Fri May 22 10:08:39 UTC 2026","passed","Fri May 22 10:08:39 UTC 2026","TestPrecision","test_network_parameters","",""
"","36","test_rpc_node_is_synced[Test for Frequency, url: wss://0.rpc.frequency.xyz]","tests","Fri May 22 10:10:30 UTC 2026","passed","Fri May 22 10:10:30 UTC 2026","","test_substrate_node_is_synced","",""
"","1","test_can_create_connection[Test for Kusama Bridge Hub, url: wss://ksm-rpc.stakeworld.io/bridgehub]","tests","Fri May 22 10:10:20 UTC 2026","passed","Fri May 22 10:10:20 UTC 2026","","test_nodes_availability","",""
"","132","test_rpc_node_is_synced[Test for CC Enterprise, url: wss://mainnet.creditcoin.network/ws]","tests","Fri May 22 10:11:21 UTC 2026","passed","Fri May 22 10:11:21 UTC 2026","","test_substrate_node_is_synced","",""
"","0","test_address_prefix[Test for Kintsugi]","tests","Fri May 22 10:07:27 UTC 2026","passed","Fri May 22 10:07:27 UTC 2026","TestNetworkPrefix","test_network_parameters","",""
"","0","test_chainId[Test for Crab]","tests","Fri May 22 10:08:10 UTC 2026","broken","Fri May 22 10:08:10 UTC 2026","TestChainId","test_network_parameters","",""
"","0","test_precision[Test for Laos]","tests","Fri May 22 10:08:55 UTC 2026","broken","Fri May 22 10:08:55 UTC 2026","TestPrecision","test_network_parameters","",""
"","165","test_rpc_node_is_synced[Test for Kusama Relay, url: wss://rpc-kusama-2.novasama-tech.org]","tests","Fri May 22 10:07:03 UTC 2026","passed","Fri May 22 10:07:04 UTC 2026","","test_substrate_node_is_synced","",""
"","117","test_rpc_node_is_synced[Test for Aventus, url: wss://public-rpc.mainnet.aventus.io]","tests","Fri May 22 10:10:15 UTC 2026","passed","Fri May 22 10:10:15 UTC 2026","","test_substrate_node_is_synced","",""
"","9","test_has_new_assets[Test for Kusama Bridge Hub]","tests","Fri May 22 10:08:13 UTC 2026","passed","Fri May 22 10:08:13 UTC 2026","TestAssets","test_check_new_assets","",""
"","152","test_rpc_node_is_synced[Test for Darwinia, url: wss://rpc.darwinia.network]","tests","Fri May 22 10:10:49 UTC 2026","passed","Fri May 22 10:10:49 UTC 2026","","test_substrate_node_is_synced","",""
"","140","test_rpc_node_is_synced[Test for Acurast, url: wss://public-archive.mainnet.acurast.com]","tests","Fri May 22 10:11:58 UTC 2026","passed","Fri May 22 10:11:58 UTC 2026","","test_substrate_node_is_synced","",""
"","0","test_chainId[Test for Hydration]","tests","Fri May 22 10:07:19 UTC 2026","passed","Fri May 22 10:07:19 UTC 2026","TestChainId","test_network_parameters","",""
"","129","test_rpc_node_is_synced[Test for Ternoa, url: wss://mainnet.ternoa.network]","tests","Fri May 22 10:09:45 UTC 2026","passed","Fri May 22 10:09:46 UTC 2026","","test_substrate_node_is_synced","",""
"","0","test_rpc_method_is_available[Test for Crab, url: wss://crab-rpc.darwinia.network/]","tests","Fri May 22 10:10:02 UTC 2026","broken","Fri May 22 10:10:02 UTC 2026","","test_rpc_methods_availability","",""
"","210","test_rpc_node_is_synced[Test for Polkadot Relay, url: wss://rpc-polkadot-1.novasama-tech.org]","tests","Fri May 22 10:07:03 UTC 2026","passed","Fri May 22 10:07:03 UTC 2026","","test_substrate_node_is_synced","",""
"","0","test_can_create_connection[Test for Centrifuge Parachain, url: wss://rpc-centrifuge.luckyfriday.io]","tests","Fri May 22 10:08:21 UTC 2026","passed","Fri May 22 10:08:21 UTC 2026","","test_nodes_availability","",""
"","0","test_rpc_node_is_synced[Test for Hyperbridge Nexus, url: wss://hyperbridge-nexus-rpc.blockops.network]","tests","Fri May 22 10:12:27 UTC 2026","broken","Fri May 22 10:12:27 UTC 2026","","test_substrate_node_is_synced","",""
"","0","test_rpc_method_is_available[Test for QUARTZ, url: wss://eu-ws-quartz.unique.network]","tests","Fri May 22 10:09:32 UTC 2026","broken","Fri May 22 10:09:32 UTC 2026","","test_rpc_methods_availability","",""
"","12","test_has_new_assets[Test for Mythos]","tests","Fri May 22 10:08:42 UTC 2026","passed","Fri May 22 10:08:42 UTC 2026","TestAssets","test_check_new_assets","",""
"","0","test_chainId[Test for Hyperbridge Nexus]","tests","Fri May 22 10:09:22 UTC 2026","broken","Fri May 22 10:09:22 UTC 2026","TestChainId","test_network_parameters","",""
"","0","test_precision[Test for Polkadot Bridge Hub]","tests","Fri May 22 10:08:02 UTC 2026","passed","Fri May 22 10:08:02 UTC 2026","TestPrecision","test_network_parameters","",""
"","7","test_has_new_assets[Test for UNIQUE]","tests","Fri May 22 10:07:35 UTC 2026","passed","Fri May 22 10:07:35 UTC 2026","TestAssets","test_check_new_assets","",""
"","0","test_precision[Test for Moonriver]","tests","Fri May 22 10:06:52 UTC 2026","passed","Fri May 22 10:06:52 UTC 2026","TestPrecision","test_network_parameters","",""
"","0","test_can_create_connection[Test for Hyperbridge Nexus, url: wss://hyperbridge-nexus-rpc.blockops.network]","tests","Fri May 22 10:11:30 UTC 2026","broken","Fri May 22 10:11:30 UTC 2026","","test_nodes_availability","",""
"","1","test_chainId[Test for Tanssi]","tests","Fri May 22 10:08:56 UTC 2026","passed","Fri May 22 10:08:56 UTC 2026","TestChainId","test_network_parameters","",""
"","1","test_can_create_connection[Test for Karura, url: wss://karura-rpc-3.aca-api.network/ws]","tests","Fri May 22 10:07:08 UTC 2026","passed","Fri May 22 10:07:08 UTC 2026","","test_nodes_availability","",""
"","0","test_rpc_node_is_synced[Test for QUARTZ, url: wss://us-ws-quartz.unique.network]","tests","Fri May 22 10:10:35 UTC 2026","broken","Fri May 22 10:10:35 UTC 2026","","test_substrate_node_is_synced","",""
"","37","test_rpc_node_is_synced[Test for Avail, url: wss://mainnet.avail-rpc.com/]","tests","Fri May 22 10:11:16 UTC 2026","passed","Fri May 22 10:11:17 UTC 2026","","test_substrate_node_is_synced","",""
"","0","test_can_create_connection[Test for Energy Web X, url: wss://public-rpc.mainnet.energywebx.com/]","tests","Fri May 22 10:10:45 UTC 2026","passed","Fri May 22 10:10:45 UTC 2026","","test_nodes_availability","",""
"","272","test_rpc_node_work_fast[Test for Ethereum, url: https://ethereum-rpc.publicnode.com]","tests","Fri May 22 10:06:55 UTC 2026","passed","Fri May 22 10:06:56 UTC 2026","TestETHNodesAvailability","test_eth_nodes_availability","",""
"","0","test_can_create_connection[Test for Polkadex, url: wss://so.polkadex.ee]","tests","Fri May 22 10:09:31 UTC 2026","passed","Fri May 22 10:09:31 UTC 2026","","test_nodes_availability","",""
"","12","test_has_new_assets[Test for Kusama Relay]","tests","Fri May 22 10:06:57 UTC 2026","passed","Fri May 22 10:06:57 UTC 2026","TestAssets","test_check_new_assets","",""
"","0","test_can_create_connection[Test for Nodle Parachain, url: wss://nodle-parachain.api.onfinality.io/public-ws]","tests","Fri May 22 10:08:14 UTC 2026","broken","Fri May 22 10:08:14 UTC 2026","","test_nodes_availability","",""
"","101","test_rpc_method_is_available[Test for Zeitgeist, url: wss://zeitgeist.api.onfinality.io/public-ws]","tests","Fri May 22 10:08:01 UTC 2026","passed","Fri May 22 10:08:01 UTC 2026","","test_rpc_methods_availability","",""
"","7","test_has_new_assets[Test for Crust Polkadot Parachain]","tests","Fri May 22 10:08:22 UTC 2026","passed","Fri May 22 10:08:22 UTC 2026","TestAssets","test_check_new_assets","",""
"","0","test_can_create_connection[Test for QUARTZ, url: wss://eu-ws-quartz.unique.network]","tests","Fri May 22 10:09:33 UTC 2026","broken","Fri May 22 10:09:33 UTC 2026","","test_nodes_availability","",""
"","137","test_rpc_node_is_synced[Test for Acala, url: wss://acala-rpc.n.dwellir.com]","tests","Fri May 22 10:08:17 UTC 2026","passed","Fri May 22 10:08:17 UTC 2026","","test_substrate_node_is_synced","",""
"","645","test_rpc_node_is_synced[Test for Acurast Canary, url: wss://public-rpc.canary.acurast.com]","tests","Fri May 22 10:11:15 UTC 2026","passed","Fri May 22 10:11:16 UTC 2026","","test_substrate_node_is_synced","",""
"","325","test_rpc_node_is_synced[Test for Karura, url: wss://karura-rpc-0.aca-api.network]","tests","Fri May 22 10:07:00 UTC 2026","passed","Fri May 22 10:07:00 UTC 2026","","test_substrate_node_is_synced","",""
"","1","test_chainId[Test for krest]","tests","Fri May 22 10:08:34 UTC 2026","passed","Fri May 22 10:08:34 UTC 2026","TestChainId","test_network_parameters","",""
"","0","test_rpc_node_is_synced[Test for UNIQUE, url: wss://unique.ibp.network]","tests","Fri May 22 10:09:17 UTC 2026","broken","Fri May 22 10:09:17 UTC 2026","","test_substrate_node_is_synced","",""
"","10","test_has_new_assets[Test for Joystream]","tests","Fri May 22 10:08:19 UTC 2026","passed","Fri May 22 10:08:19 UTC 2026","TestAssets","test_check_new_assets","",""
"","100","test_rpc_method_is_available[Test for Polkadex, url: wss://so.polkadex.ee]","tests","Fri May 22 10:09:29 UTC 2026","passed","Fri May 22 10:09:29 UTC 2026","","test_rpc_methods_availability","",""
"","65","test_rpc_node_is_synced[Test for Polkadot Relay, url: wss://1rpc.io/dot]","tests","Fri May 22 10:07:37 UTC 2026","passed","Fri May 22 10:07:37 UTC 2026","","test_substrate_node_is_synced","",""
"","0","test_can_create_connection[Test for DeepBrain, url: wss://info.dbcwallet.io]","tests","Fri May 22 10:11:13 UTC 2026","broken","Fri May 22 10:11:13 UTC 2026","","test_nodes_availability","",""
"","93","test_rpc_method_is_available[Test for Bifrost Polkadot, url: wss://eu.bifrost-polkadot-rpc.liebi.com/ws]","tests","Fri May 22 10:09:26 UTC 2026","passed","Fri May 22 10:09:26 UTC 2026","","test_rpc_methods_availability","",""
"","141","test_rpc_node_is_synced[Test for Bifrost Kusama, url: wss://us.bifrost-rpc.liebi.com/ws]","tests","Fri May 22 10:09:42 UTC 2026","passed","Fri May 22 10:09:43 UTC 2026","","test_substrate_node_is_synced","",""
"","1","test_chainId[Test for Darwinia]","tests","Fri May 22 10:07:59 UTC 2026","passed","Fri May 22 10:07:59 UTC 2026","TestChainId","test_network_parameters","",""
"","0","test_chainId[Test for Shiden]","tests","Fri May 22 10:07:32 UTC 2026","broken","Fri May 22 10:07:32 UTC 2026","TestChainId","test_network_parameters","",""
"","1","test_can_create_connection[Test for Polkadot Relay, url: wss://polkadot.dotters.network]","tests","Fri May 22 10:07:10 UTC 2026","passed","Fri May 22 10:07:10 UTC 2026","","test_nodes_availability","",""
"","53","test_rpc_node_is_synced[Test for Polkadot Coretime, url: wss://rpc-coretime-polkadot.luckyfriday.io]","tests","Fri May 22 10:11:49 UTC 2026","passed","Fri May 22 10:11:49 UTC 2026","","test_substrate_node_is_synced","",""
"","7","test_has_new_assets[Test for Darwinia]","tests","Fri May 22 10:07:51 UTC 2026","passed","Fri May 22 10:07:51 UTC 2026","TestAssets","test_check_new_assets","",""
"","0","test_precision[Test for Polkadot Collectives]","tests","Fri May 22 10:08:04 UTC 2026","passed","Fri May 22 10:08:04 UTC 2026","TestPrecision","test_network_parameters","",""
"","0","test_chainId[Test for Westend (TESTNET)]","tests","Fri May 22 10:07:02 UTC 2026","passed","Fri May 22 10:07:02 UTC 2026","TestChainId","test_network_parameters","",""
"","7","test_has_new_assets[Test for Polkadex]","tests","Fri May 22 10:07:13 UTC 2026","passed","Fri May 22 10:07:13 UTC 2026","TestAssets","test_check_new_assets","",""
"","0","test_address_prefix[Test for Kusama Bridge Hub]","tests","Fri May 22 10:08:09 UTC 2026","passed","Fri May 22 10:08:09 UTC 2026","TestNetworkPrefix","test_network_parameters","",""
"","0","test_rpc_method_is_available[Test for DAO IPCI, url: wss://ipci.rpc.robonomics.network]","tests","Fri May 22 10:09:54 UTC 2026","broken","Fri May 22 10:09:54 UTC 2026","","test_rpc_methods_availability","",""
"","0","test_can_create_connection[Test for Shiden, url: wss://shiden.public.curie.radiumblock.co/ws]","tests","Fri May 22 10:08:41 UTC 2026","passed","Fri May 22 10:08:41 UTC 2026","","test_nodes_availability","",""
"","94","test_rpc_method_is_available[Test for Encointer, url: wss://api.kusama.encointer.org]","tests","Fri May 22 10:07:52 UTC 2026","passed","Fri May 22 10:07:52 UTC 2026","","test_rpc_methods_availability","",""
"","219","test_rpc_node_is_synced[Test for Crust Shadow, url: wss://rpc-sha-subscan.crustnetwork.xyz]","tests","Fri May 22 10:08:11 UTC 2026","passed","Fri May 22 10:08:11 UTC 2026","","test_substrate_node_is_synced","",""
"","0","test_precision[Test for Curio]","tests","Fri May 22 10:08:28 UTC 2026","broken","Fri May 22 10:08:28 UTC 2026","TestPrecision","test_network_parameters","",""
"","0","test_rpc_method_is_available[Test for Laos, url: wss://rpc.laos.laosfoundation.io]","tests","Fri May 22 10:11:15 UTC 2026","broken","Fri May 22 10:11:15 UTC 2026","","test_rpc_methods_availability","",""
"","0","test_precision[Test for Energy Web X]","tests","Fri May 22 10:08:12 UTC 2026","passed","Fri May 22 10:08:12 UTC 2026","TestPrecision","test_network_parameters","",""
"","69","test_rpc_node_is_synced[Test for Ethereum, url: https://1rpc.io/eth]","tests","Fri May 22 10:07:06 UTC 2026","broken","Fri May 22 10:07:06 UTC 2026","TestETHNodesAvailability","test_eth_nodes_availability","",""
"","0","test_rpc_method_is_available[Test for 3DPass, url: wss://rpc.3dpass.org]","tests","Fri May 22 10:10:30 UTC 2026","broken","Fri May 22 10:10:30 UTC 2026","","test_rpc_methods_availability","",""
"","0","test_can_create_connection[Test for Polkadot Relay, url: wss://dot-rpc.stakeworld.io]","tests","Fri May 22 10:07:20 UTC 2026","passed","Fri May 22 10:07:20 UTC 2026","","test_nodes_availability","",""
"","0","test_rpc_node_is_synced[Test for Ajuna, url: wss://ajuna.ibp.network]","tests","Fri May 22 10:10:16 UTC 2026","broken","Fri May 22 10:10:16 UTC 2026","","test_substrate_node_is_synced","",""
"","142","test_rpc_node_is_synced[Test for Bifrost Polkadot, url: wss://eu.bifrost-polkadot-rpc.liebi.com/ws]","tests","Fri May 22 10:09:30 UTC 2026","passed","Fri May 22 10:09:30 UTC 2026","","test_substrate_node_is_synced","",""
"","0","test_can_create_connection[Test for Darwinia, url: wss://rpc.darwinia.network]","tests","Fri May 22 10:10:37 UTC 2026","passed","Fri May 22 10:10:37 UTC 2026","","test_nodes_availability","",""
"","138","test_rpc_method_is_available[Test for Centrifuge Parachain, url: wss://rpc-centrifuge.luckyfriday.io]","tests","Fri May 22 10:08:25 UTC 2026","passed","Fri May 22 10:08:25 UTC 2026","","test_rpc_methods_availability","",""
"","151","test_rpc_node_is_synced[Test for Joystream, url: wss://rpc.joystream.org]","tests","Fri May 22 10:10:59 UTC 2026","passed","Fri May 22 10:11:00 UTC 2026","","test_substrate_node_is_synced","",""
"","1","test_precision[Test for Kusama Bridge Hub]","tests","Fri May 22 10:08:06 UTC 2026","passed","Fri May 22 10:08:06 UTC 2026","TestPrecision","test_network_parameters","",""
"","95","test_rpc_method_is_available[Test for Hydration, url: wss://hydration.ibp.network]","tests","Fri May 22 10:08:44 UTC 2026","passed","Fri May 22 10:08:44 UTC 2026","","test_rpc_methods_availability","",""
"","0","test_can_create_connection[Test for Polkadot Bridge Hub, url: wss://sys.ibp.network/bridgehub-polkadot]","tests","Fri May 22 10:10:22 UTC 2026","broken","Fri May 22 10:10:22 UTC 2026","","test_nodes_availability","",""
"","24","test_rpc_node_is_synced[Test for Creditcoin, url: wss://mainnet3.creditcoin.network]","tests","Fri May 22 10:11:21 UTC 2026","passed","Fri May 22 10:11:21 UTC 2026","","test_substrate_node_is_synced","",""
"","165","test_rpc_method_is_available[Test for Polkadot Bridge Hub, url: wss://dot-rpc.stakeworld.io/bridgehub]","tests","Fri May 22 10:10:18 UTC 2026","passed","Fri May 22 10:10:18 UTC 2026","","test_rpc_methods_availability","",""
"","0","test_address_prefix[Test for UNIQUE]","tests","Fri May 22 10:07:40 UTC 2026","passed","Fri May 22 10:07:40 UTC 2026","TestNetworkPrefix","test_network_parameters","",""
"","165","test_rpc_method_is_available[Test for Moonbeam, url: wss://wss.api.moonbeam.network]","tests","Fri May 22 10:07:17 UTC 2026","passed","Fri May 22 10:07:17 UTC 2026","","test_rpc_methods_availability","",""
"","0","test_precision[Test for Acurast Canary]","tests","Fri May 22 10:08:33 UTC 2026","passed","Fri May 22 10:08:33 UTC 2026","TestPrecision","test_network_parameters","",""
"","51","test_rpc_node_is_synced[Test for Bittensor, url: wss://entrypoint-finney.opentensor.ai:443]","tests","Fri May 22 10:10:28 UTC 2026","passed","Fri May 22 10:10:28 UTC 2026","","test_substrate_node_is_synced","",""
"","106","test_rpc_method_is_available[Test for Bittensor, url: wss://lite.sub.latent.to:443]","tests","Fri May 22 10:10:06 UTC 2026","passed","Fri May 22 10:10:06 UTC 2026","","test_rpc_methods_availability","",""
"","0","test_can_create_connection[Test for Avail, url: wss://avail.api.onfinality.io/public-ws]","tests","Fri May 22 10:10:49 UTC 2026","passed","Fri May 22 10:10:49 UTC 2026","","test_nodes_availability","",""
"","0","test_precision[Test for Crab]","tests","Fri May 22 10:07:51 UTC 2026","broken","Fri May 22 10:07:51 UTC 2026","TestPrecision","test_network_parameters","",""
"","0","test_rpc_node_is_synced[Test for QUARTZ, url: wss://quartz.unique.network]","tests","Fri May 22 10:10:09 UTC 2026","broken","Fri May 22 10:10:09 UTC 2026","","test_substrate_node_is_synced","",""
"","95","test_rpc_method_is_available[Test for Kusama Coretime, url: wss://kusama-coretime-rpc.polkadot.io]","tests","Fri May 22 10:11:30 UTC 2026","passed","Fri May 22 10:11:31 UTC 2026","","test_rpc_methods_availability","",""
"","52","test_rpc_node_is_synced[Test for Polkadot Collectives, url: wss://collectives-polkadot.dotters.network]","tests","Fri May 22 10:10:56 UTC 2026","passed","Fri May 22 10:10:56 UTC 2026","","test_substrate_node_is_synced","",""
"","91","test_has_new_assets[Test for Polkadot Relay]","tests","Fri May 22 10:06:53 UTC 2026","passed","Fri May 22 10:06:53 UTC 2026","TestAssets","test_check_new_assets","",""
"","0","test_address_prefix[Test for Interlay]","tests","Fri May 22 10:07:32 UTC 2026","passed","Fri May 22 10:07:32 UTC 2026","TestNetworkPrefix","test_network_parameters","",""
"","47","test_rpc_node_is_synced[Test for 3DPass, url: wss://rpc.p3d.top]","tests","Fri May 22 10:10:44 UTC 2026","passed","Fri May 22 10:10:44 UTC 2026","","test_substrate_node_is_synced","",""
"","0","test_precision[Test for Phala]","tests","Fri May 22 10:08:15 UTC 2026","broken","Fri May 22 10:08:15 UTC 2026","TestPrecision","test_network_parameters","",""
"","168","test_rpc_method_is_available[Test for Polkadot People, url: wss://sys.ibp.network/people-polkadot]","tests","Fri May 22 10:07:04 UTC 2026","passed","Fri May 22 10:07:05 UTC 2026","","test_rpc_methods_availability","",""
"","1","test_can_create_connection[Test for Frequency, url: wss://0.rpc.frequency.xyz]","tests","Fri May 22 10:10:09 UTC 2026","passed","Fri May 22 10:10:09 UTC 2026","","test_nodes_availability","",""
"","0","test_can_create_connection[Test for Polkadot People, url: wss://people-polkadot.dotters.network]","tests","Fri May 22 10:07:07 UTC 2026","passed","Fri May 22 10:07:07 UTC 2026","","test_nodes_availability","",""
"","0","test_can_create_connection[Test for Kusama People, url: wss://people-kusama.dotters.network]","tests","Fri May 22 10:07:22 UTC 2026","passed","Fri May 22 10:07:22 UTC 2026","","test_nodes_availability","",""
"","93","test_rpc_method_is_available[Test for Kusama People, url: wss://ksm-rpc.stakeworld.io/people]","tests","Fri May 22 10:07:24 UTC 2026","passed","Fri May 22 10:07:24 UTC 2026","","test_rpc_methods_availability","",""
"","0","test_rpc_method_is_available[Test for Polkadex, url: wss://polkadex.public.curie.radiumblock.co/ws]","tests","Fri May 22 10:09:41 UTC 2026","broken","Fri May 22 10:09:41 UTC 2026","","test_rpc_methods_availability","",""
"","0","test_can_create_connection[Test for UNIQUE, url: wss://unique.dotters.network]","tests","Fri May 22 10:09:19 UTC 2026","broken","Fri May 22 10:09:19 UTC 2026","","test_nodes_availability","",""
"","1","test_address_prefix[Test for Basilisk]","tests","Fri May 22 10:07:15 UTC 2026","passed","Fri May 22 10:07:15 UTC 2026","TestNetworkPrefix","test_network_parameters","",""
"","0","test_address_prefix[Test for Bifrost Kusama]","tests","Fri May 22 10:07:09 UTC 2026","passed","Fri May 22 10:07:09 UTC 2026","TestNetworkPrefix","test_network_parameters","",""
"","0","test_can_create_connection[Test for Zeitgeist, url: wss://zeitgeist.api.onfinality.io/public-ws]","tests","Fri May 22 10:07:56 UTC 2026","passed","Fri May 22 10:07:56 UTC 2026","","test_nodes_availability","",""
"","212","test_rpc_node_is_synced[Test for Crust Shadow, url: wss://rpc-shadow.crust.network/]","tests","Fri May 22 10:08:21 UTC 2026","passed","Fri May 22 10:08:21 UTC 2026","","test_substrate_node_is_synced","",""
"","0","test_precision[Test for Shiden]","tests","Fri May 22 10:06:57 UTC 2026","passed","Fri May 22 10:06:57 UTC 2026","TestPrecision","test_network_parameters","",""
"","0","test_can_create_connection[Test for Avail, url: wss://mainnet.avail-rpc.com/]","tests","Fri May 22 10:10:53 UTC 2026","passed","Fri May 22 10:10:53 UTC 2026","","test_nodes_availability","",""
"","134","test_rpc_method_is_available[Test for XX network, url: wss://rpc-hetzner.xx.network]","tests","Fri May 22 10:10:06 UTC 2026","passed","Fri May 22 10:10:06 UTC 2026","","test_rpc_methods_availability","",""
"","0","test_can_create_connection[Test for UNIQUE, url: wss://us-ws.unique.network/]","tests","Fri May 22 10:09:43 UTC 2026","passed","Fri May 22 10:09:43 UTC 2026","","test_nodes_availability","",""
"","0","test_precision[Test for Humanode]","tests","Fri May 22 10:08:44 UTC 2026","passed","Fri May 22 10:08:44 UTC 2026","TestPrecision","test_network_parameters","",""
"","43","test_rpc_node_is_synced[Test for Manta Atlantic, url: wss://ws.manta.systems]","tests","Fri May 22 10:10:51 UTC 2026","passed","Fri May 22 10:10:51 UTC 2026","","test_substrate_node_is_synced","",""
"","37","test_rpc_node_is_synced[Test for Polkadot Coretime, url: wss://sys.ibp.network/coretime-polkadot]","tests","Fri May 22 10:11:36 UTC 2026","passed","Fri May 22 10:11:36 UTC 2026","","test_substrate_node_is_synced","",""
"","135","test_rpc_node_is_synced[Test for Shiden, url: wss://shiden-rpc.n.dwellir.com]","tests","Fri May 22 10:09:25 UTC 2026","passed","Fri May 22 10:09:25 UTC 2026","","test_substrate_node_is_synced","",""
"","114","test_has_new_assets[Test for Polkadot People]","tests","Fri May 22 10:06:52 UTC 2026","passed","Fri May 22 10:06:52 UTC 2026","TestAssets","test_check_new_assets","",""
"","0","test_address_prefix[Test for Crust Polkadot Parachain]","tests","Fri May 22 10:07:48 UTC 2026","passed","Fri May 22 10:07:48 UTC 2026","TestNetworkPrefix","test_network_parameters","",""
"","93","test_rpc_method_is_available[Test for Polkadot Coretime, url: wss://sys.ibp.network/coretime-polkadot]","tests","Fri May 22 10:11:09 UTC 2026","passed","Fri May 22 10:11:10 UTC 2026","","test_rpc_methods_availability","",""
"","0","test_precision[Test for Cere]","tests","Fri May 22 10:09:29 UTC 2026","passed","Fri May 22 10:09:29 UTC 2026","TestPrecision","test_network_parameters","",""
"","0","test_can_create_connection[Test for Ajuna, url: wss://rpc-para.ajuna.network]","tests","Fri May 22 10:09:53 UTC 2026","passed","Fri May 22 10:09:53 UTC 2026","","test_nodes_availability","",""
"","0","test_precision[Test for Pendulum]","tests","Fri May 22 10:07:58 UTC 2026","passed","Fri May 22 10:07:58 UTC 2026","TestPrecision","test_network_parameters","",""
"","0","test_address_prefix[Test for krest]","tests","Fri May 22 10:08:36 UTC 2026","passed","Fri May 22 10:08:36 UTC 2026","TestNetworkPrefix","test_network_parameters","",""
"","0","test_chainId[Test for UNIQUE]","tests","Fri May 22 10:07:39 UTC 2026","passed","Fri May 22 10:07:39 UTC 2026","TestChainId","test_network_parameters","",""
"","174","test_rpc_method_is_available[Test for Shiden, url: wss://shiden-rpc.n.dwellir.com]","tests","Fri May 22 10:08:37 UTC 2026","passed","Fri May 22 10:08:37 UTC 2026","","test_rpc_methods_availability","",""
"","0","test_can_create_connection[Test for Crust Shadow, url: wss://rpc-shadow.crust.network/]","tests","Fri May 22 10:08:13 UTC 2026","passed","Fri May 22 10:08:13 UTC 2026","","test_nodes_availability","",""
"","97","test_rpc_method_is_available[Test for Acala, url: wss://acala-rpc-3.aca-api.network/ws]","tests","Fri May 22 10:07:45 UTC 2026","passed","Fri May 22 10:07:45 UTC 2026","","test_rpc_methods_availability","",""
"","142","test_rpc_node_is_synced[Test for Energy Web X, url: wss://public-rpc.mainnet.energywebx.com/]","tests","Fri May 22 10:11:47 UTC 2026","passed","Fri May 22 10:11:47 UTC 2026","","test_substrate_node_is_synced","",""
"","67","test_rpc_node_is_synced[Test for Kreivo, url: wss://kreivo.kippu.rocks/]","tests","Fri May 22 10:11:19 UTC 2026","passed","Fri May 22 10:11:19 UTC 2026","","test_substrate_node_is_synced","",""
"","0","test_has_new_assets[Test for Amplitude]","tests","Fri May 22 10:07:40 UTC 2026","broken","Fri May 22 10:07:40 UTC 2026","TestAssets","test_check_new_assets","",""
"","129","test_rpc_method_is_available[Test for Polkadot Collectives, url: wss://collectives-polkadot.dotters.network]","tests","Fri May 22 10:10:26 UTC 2026","passed","Fri May 22 10:10:26 UTC 2026","","test_rpc_methods_availability","",""
"","0","test_address_prefix[Test for DAO IPCI]","tests","Fri May 22 10:08:30 UTC 2026","broken","Fri May 22 10:08:30 UTC 2026","TestNetworkPrefix","test_network_parameters","",""
"","0","test_can_create_connection[Test for GIANT, url: wss://rpc-anchor-2-mainnet-az-ue1.giantprotocol.org:443]","tests","Fri May 22 10:10:08 UTC 2026","passed","Fri May 22 10:10:08 UTC 2026","","test_nodes_availability","",""
"","0","test_can_create_connection[Test for Hyperbridge Nexus, url: wss://nexus.dotters.network]","tests","Fri May 22 10:11:07 UTC 2026","broken","Fri May 22 10:11:07 UTC 2026","","test_nodes_availability","",""
"","185","test_rpc_node_is_synced[Test for Polkadot Relay, url: wss://rpc-polkadot-2.novasama-tech.org]","tests","Fri May 22 10:07:09 UTC 2026","passed","Fri May 22 10:07:09 UTC 2026","","test_substrate_node_is_synced","",""
"","46","test_rpc_node_is_synced[Test for Hydration, url: wss://hydration.ibp.network]","tests","Fri May 22 10:08:49 UTC 2026","passed","Fri May 22 10:08:49 UTC 2026","","test_substrate_node_is_synced","",""
"","45","test_rpc_node_is_synced[Test for Polkadot Asset Hub, url: wss://asset-hub-polkadot.dotters.network]","tests","Fri May 22 10:08:58 UTC 2026","passed","Fri May 22 10:08:58 UTC 2026","","test_substrate_node_is_synced","",""
"","51","test_rpc_node_is_synced[Test for GIANT, url: wss://rpc-anchor-2-mainnet-az-ue1.giantprotocol.org:443]","tests","Fri May 22 10:10:31 UTC 2026","passed","Fri May 22 10:10:31 UTC 2026","","test_substrate_node_is_synced","",""
"","1","test_chainId[Test for Basilisk]","tests","Fri May 22 10:07:59 UTC 2026","passed","Fri May 22 10:07:59 UTC 2026","TestChainId","test_network_parameters","",""
"","0","test_can_create_connection[Test for Kusama Relay, url: wss://rpc-kusama-2.novasama-tech.org]","tests","Fri May 22 10:06:56 UTC 2026","passed","Fri May 22 10:06:56 UTC 2026","","test_nodes_availability","",""
"","50","test_rpc_node_is_synced[Test for Kusama Relay, url: wss://rpc-kusama.luckyfriday.io]","tests","Fri May 22 10:07:24 UTC 2026","passed","Fri May 22 10:07:25 UTC 2026","","test_substrate_node_is_synced","",""
"","0","test_precision[Test for Interlay]","tests","Fri May 22 10:07:23 UTC 2026","passed","Fri May 22 10:07:23 UTC 2026","TestPrecision","test_network_parameters","",""
"","0","test_chainId[Test for Bifrost Kusama]","tests","Fri May 22 10:07:54 UTC 2026","passed","Fri May 22 10:07:54 UTC 2026","TestChainId","test_network_parameters","",""
"","135","test_rpc_node_is_synced[Test for Karura, url: wss://karura-rpc.n.dwellir.com]","tests","Fri May 22 10:07:20 UTC 2026","passed","Fri May 22 10:07:20 UTC 2026","","test_substrate_node_is_synced","",""
"","0","test_has_new_assets[Test for DeepBrain]","tests","Fri May 22 10:09:01 UTC 2026","broken","Fri May 22 10:09:01 UTC 2026","TestAssets","test_check_new_assets","",""
"","0","test_rpc_node_is_synced[Test for UNIQUE, url: wss://unique.dotters.network]","tests","Fri May 22 10:09:30 UTC 2026","broken","Fri May 22 10:09:30 UTC 2026","","test_substrate_node_is_synced","",""
"","0","test_rpc_node_is_synced[Test for Moonriver, url: wss://moonriver.public.curie.radiumblock.co/ws]","tests","Fri May 22 10:08:19 UTC 2026","broken","Fri May 22 10:08:19 UTC 2026","","test_substrate_node_is_synced","",""
"","153","test_rpc_node_is_synced[Test for Heima, url: wss://rpc.litentry-parachain.litentry.io]","tests","Fri May 22 10:09:37 UTC 2026","passed","Fri May 22 10:09:37 UTC 2026","","test_substrate_node_is_synced","",""
"","162","test_rpc_method_is_available[Test for Polkadot Bridge Hub, url: wss://bridge-hub-polkadot.dotters.network]","tests","Fri May 22 10:10:15 UTC 2026","passed","Fri May 22 10:10:15 UTC 2026","","test_rpc_methods_availability","",""
"","7","test_has_new_assets[Test for Aventus]","tests","Fri May 22 10:08:26 UTC 2026","passed","Fri May 22 10:08:26 UTC 2026","TestAssets","test_check_new_assets","",""
"","0","test_address_prefix[Test for Nodle Parachain]","tests","Fri May 22 10:07:43 UTC 2026","broken","Fri May 22 10:07:43 UTC 2026","TestNetworkPrefix","test_network_parameters","",""
"","0","test_can_create_connection[Test for Moonbeam, url: wss://wss.api.moonbeam.network]","tests","Fri May 22 10:07:19 UTC 2026","passed","Fri May 22 10:07:19 UTC 2026","","test_nodes_availability","",""
"","0","test_address_prefix[Test for Curio]","tests","Fri May 22 10:08:49 UTC 2026","broken","Fri May 22 10:08:49 UTC 2026","TestNetworkPrefix","test_network_parameters","",""
"","49","test_rpc_node_is_synced[Test for Enjin Relay, url: wss://rpc.relay.blockchain.enjin.io]","tests","Fri May 22 10:10:57 UTC 2026","passed","Fri May 22 10:10:58 UTC 2026","","test_substrate_node_is_synced","",""
"","0","test_address_prefix[Test for Kusama People]","tests","Fri May 22 10:07:00 UTC 2026","passed","Fri May 22 10:07:00 UTC 2026","TestNetworkPrefix","test_network_parameters","",""
"","124","test_rpc_method_is_available[Test for krest, url: wss://krest.api.onfinality.io/public-ws']","tests","Fri May 22 10:10:30 UTC 2026","passed","Fri May 22 10:10:30 UTC 2026","","test_rpc_methods_availability","",""
"","243","test_rpc_node_is_synced[Test for Pendulum, url: wss://rpc-pendulum.prd.pendulumchain.tech]","tests","Fri May 22 10:10:01 UTC 2026","passed","Fri May 22 10:10:02 UTC 2026","","test_substrate_node_is_synced","",""
"","0","test_rpc_method_is_available[Test for QUARTZ, url: wss://quartz.unique.network]","tests","Fri May 22 10:09:21 UTC 2026","broken","Fri May 22 10:09:21 UTC 2026","","test_rpc_methods_availability","",""
"","94","test_rpc_node_is_synced[Test for Kusama Asset Hub, url: wss://asset-hub-kusama.dotters.network]","tests","Fri May 22 10:07:04 UTC 2026","passed","Fri May 22 10:07:04 UTC 2026","","test_substrate_node_is_synced","",""
"","7","test_has_new_assets[Test for Encointer]","tests","Fri May 22 10:07:13 UTC 2026","passed","Fri May 22 10:07:13 UTC 2026","TestAssets","test_check_new_assets","",""
"","0","test_can_create_connection[Test for 3DPass, url: wss://rpc.p3d.top]","tests","Fri May 22 10:10:33 UTC 2026","passed","Fri May 22 10:10:33 UTC 2026","","test_nodes_availability","",""
"","286","test_rpc_method_is_available[Test for Kusama Asset Hub, url: wss://asset-hub-kusama.dotters.network]","tests","Fri May 22 10:06:57 UTC 2026","passed","Fri May 22 10:06:57 UTC 2026","","test_rpc_methods_availability","",""
"","0","test_can_create_connection[Test for Karura, url: wss://karura-rpc.n.dwellir.com]","tests","Fri May 22 10:07:14 UTC 2026","passed","Fri May 22 10:07:14 UTC 2026","","test_nodes_availability","",""
"","12","test_has_new_assets[Test for XX network]","tests","Fri May 22 10:08:14 UTC 2026","passed","Fri May 22 10:08:14 UTC 2026","TestAssets","test_check_new_assets","",""
"","99","test_rpc_method_is_available[Test for Aleph Zero, url: wss://ws.azero.dev]","tests","Fri May 22 10:09:28 UTC 2026","passed","Fri May 22 10:09:28 UTC 2026","","test_rpc_methods_availability","",""
"","1","test_address_prefix[Test for Creditcoin]","tests","Fri May 22 10:08:58 UTC 2026","passed","Fri May 22 10:08:58 UTC 2026","TestNetworkPrefix","test_network_parameters","",""
"","0","test_can_create_connection[Test for Pendulum, url: wss://rpc-pendulum.prd.pendulumchain.tech]","tests","Fri May 22 10:09:53 UTC 2026","passed","Fri May 22 10:09:53 UTC 2026","","test_nodes_availability","",""
"","94","test_rpc_method_is_available[Test for Acala, url: wss://acala-rpc.n.dwellir.com]","tests","Fri May 22 10:08:07 UTC 2026","passed","Fri May 22 10:08:07 UTC 2026","","test_rpc_methods_availability","",""
"","94","test_rpc_method_is_available[Test for Westend (TESTNET), url: wss://westend-rpc.polkadot.io]","tests","Fri May 22 10:07:33 UTC 2026","passed","Fri May 22 10:07:33 UTC 2026","","test_rpc_methods_availability","",""
"","0","test_address_prefix[Test for Zeitgeist]","tests","Fri May 22 10:07:30 UTC 2026","passed","Fri May 22 10:07:30 UTC 2026","TestNetworkPrefix","test_network_parameters","",""
"","100","test_rpc_method_is_available[Test for Polkadot Relay, url: wss://apps-rpc.polkadot.io]","tests","Fri May 22 10:07:16 UTC 2026","passed","Fri May 22 10:07:16 UTC 2026","","test_rpc_methods_availability","",""
"","0","test_chainId[Test for NeuroWeb]","tests","Fri May 22 10:07:22 UTC 2026","passed","Fri May 22 10:07:22 UTC 2026","TestChainId","test_network_parameters","",""
"","0","test_can_create_connection[Test for Polkadot Relay, url: wss://rpc-polkadot-1.novasama-tech.org]","tests","Fri May 22 10:06:56 UTC 2026","passed","Fri May 22 10:06:56 UTC 2026","","test_nodes_availability","",""
"","100","test_rpc_method_is_available[Test for 3DPass, url: wss://rpc.p3d.top]","tests","Fri May 22 10:10:34 UTC 2026","passed","Fri May 22 10:10:34 UTC 2026","","test_rpc_methods_availability","",""
"","0","test_chainId[Test for DAO IPCI]","tests","Fri May 22 10:08:01 UTC 2026","broken","Fri May 22 10:08:01 UTC 2026","TestChainId","test_network_parameters","",""
"","21","test_rpc_node_is_synced[Test for Polkadot People, url: wss://people-polkadot.public.curie.radiumblock.co/ws]","tests","Fri May 22 10:07:21 UTC 2026","passed","Fri May 22 10:07:21 UTC 2026","","test_substrate_node_is_synced","",""
"","38","test_rpc_node_is_synced[Test for Polkadot Asset Hub, url: wss://sys.ibp.network/asset-hub-polkadot]","tests","Fri May 22 10:08:53 UTC 2026","passed","Fri May 22 10:08:53 UTC 2026","","test_substrate_node_is_synced","",""
"","37","test_rpc_node_is_synced[Test for Frequency, url: wss://1.rpc.frequency.xyz]","tests","Fri May 22 10:10:33 UTC 2026","passed","Fri May 22 10:10:33 UTC 2026","","test_substrate_node_is_synced","",""
"","0","test_can_create_connection[Test for Bifrost Polkadot, url: wss://bifrost-polkadot.ibp.network]","tests","Fri May 22 10:08:57 UTC 2026","broken","Fri May 22 10:08:57 UTC 2026","","test_nodes_availability","",""
"","0","test_address_prefix[Test for Manta Atlantic]","tests","Fri May 22 10:08:36 UTC 2026","passed","Fri May 22 10:08:36 UTC 2026","TestNetworkPrefix","test_network_parameters","",""
"","0","test_can_create_connection[Test for Phala, url: wss://phala-rpc.n.dwellir.com]","tests","Fri May 22 10:08:27 UTC 2026","broken","Fri May 22 10:08:27 UTC 2026","","test_nodes_availability","",""
"","1","test_precision[Test for NeuroWeb]","tests","Fri May 22 10:07:18 UTC 2026","passed","Fri May 22 10:07:18 UTC 2026","TestPrecision","test_network_parameters","",""
"","0","test_can_create_connection[Test for Tangle, url: wss://rpc.tangle.tools]","tests","Fri May 22 10:11:26 UTC 2026","broken","Fri May 22 10:11:26 UTC 2026","","test_nodes_availability","",""
"","0","test_rpc_node_is_synced[Test for Moonbeam, url: wss://moonbeam.ibp.network]","tests","Fri May 22 10:07:36 UTC 2026","broken","Fri May 22 10:07:36 UTC 2026","","test_substrate_node_is_synced","",""
"","0","test_can_create_connection[Test for Karura, url: wss://karura-rpc-1.aca-api.network]","tests","Fri May 22 10:07:00 UTC 2026","passed","Fri May 22 10:07:00 UTC 2026","","test_nodes_availability","",""
"","0","test_chainId[Test for Energy Web X]","tests","Fri May 22 10:08:39 UTC 2026","passed","Fri May 22 10:08:39 UTC 2026","TestChainId","test_network_parameters","",""
"","7","test_has_new_assets[Test for Pendulum]","tests","Fri May 22 10:08:19 UTC 2026","passed","Fri May 22 10:08:19 UTC 2026","TestAssets","test_check_new_assets","",""
"","343","test_rpc_node_is_synced[Test for Acala, url: wss://acala-rpc-2.aca-api.network/ws]","tests","Fri May 22 10:07:50 UTC 2026","passed","Fri May 22 10:07:51 UTC 2026","","test_substrate_node_is_synced","",""
"","31","test_rpc_node_is_synced[Test for Aleph Zero, url: wss://ws.azero.dev]","tests","Fri May 22 10:09:36 UTC 2026","passed","Fri May 22 10:09:36 UTC 2026","","test_substrate_node_is_synced","",""
"","0","test_chainId[Test for Cere]","tests","Fri May 22 10:08:38 UTC 2026","passed","Fri May 22 10:08:38 UTC 2026","TestChainId","test_network_parameters","",""
"","93","test_rpc_method_is_available[Test for Kintsugi, url: wss://api-kusama.interlay.io/parachain]","tests","Fri May 22 10:07:58 UTC 2026","passed","Fri May 22 10:07:58 UTC 2026","","test_rpc_methods_availability","",""
"","192","test_rpc_node_is_synced[Test for Acala, url: wss://acala-rpc-1.aca-api.network]","tests","Fri May 22 10:10:45 UTC 2026","passed","Fri May 22 10:10:45 UTC 2026","","test_substrate_node_is_synced","",""
"","0","test_precision[Test for krest]","tests","Fri May 22 10:08:32 UTC 2026","passed","Fri May 22 10:08:32 UTC 2026","TestPrecision","test_network_parameters","",""
"","0","test_rpc_method_is_available[Test for Moonbeam, url: wss://moonbeam.ibp.network]","tests","Fri May 22 10:07:28 UTC 2026","broken","Fri May 22 10:07:28 UTC 2026","","test_rpc_methods_availability","",""
"","0","test_rpc_method_is_available[Test for Phala, url: wss://phala-rpc.n.dwellir.com]","tests","Fri May 22 10:08:24 UTC 2026","broken","Fri May 22 10:08:24 UTC 2026","","test_rpc_methods_availability","",""
"","178","test_rpc_method_is_available[Test for Aventus, url: wss://public-rpc.mainnet.aventus.io]","tests","Fri May 22 10:10:03 UTC 2026","passed","Fri May 22 10:10:03 UTC 2026","","test_rpc_methods_availability","",""
"","0","test_can_create_connection[Test for Astar, url: wss://rpc.astar.network]","tests","Fri May 22 10:08:15 UTC 2026","passed","Fri May 22 10:08:15 UTC 2026","","test_nodes_availability","",""
"","1","test_precision[Test for Acala]","tests","Fri May 22 10:07:06 UTC 2026","passed","Fri May 22 10:07:06 UTC 2026","TestPrecision","test_network_parameters","",""
"","1","test_can_create_connection[Test for Phala, url: wss://phala.public.curie.radiumblock.co/ws]","tests","Fri May 22 10:09:26 UTC 2026","passed","Fri May 22 10:09:26 UTC 2026","","test_nodes_availability","",""
"","7","test_has_new_assets[Test for Cere]","tests","Fri May 22 10:08:43 UTC 2026","passed","Fri May 22 10:08:43 UTC 2026","TestAssets","test_check_new_assets","",""
"","136","test_rpc_node_is_synced[Test for Heima, url: wss://heima-rpc.n.dwellir.com]","tests","Fri May 22 10:09:43 UTC 2026","passed","Fri May 22 10:09:43 UTC 2026","","test_substrate_node_is_synced","",""
"","0","test_address_prefix[Test for Ternoa]","tests","Fri May 22 10:08:12 UTC 2026","passed","Fri May 22 10:08:12 UTC 2026","TestNetworkPrefix","test_network_parameters","",""
"","136","test_rpc_method_is_available[Test for Polkadot People, url: wss://polkadot-people-rpc.polkadot.io]","tests","Fri May 22 10:07:01 UTC 2026","passed","Fri May 22 10:07:01 UTC 2026","","test_rpc_methods_availability","",""
"","144","test_rpc_node_is_synced[Test for UNIQUE, url: wss://eu-ws.unique.network/]","tests","Fri May 22 10:09:48 UTC 2026","passed","Fri May 22 10:09:48 UTC 2026","","test_substrate_node_is_synced","",""
"","0","test_rpc_method_is_available[Test for DeepBrain, url: wss://info.dbcwallet.io]","tests","Fri May 22 10:11:10 UTC 2026","broken","Fri May 22 10:11:10 UTC 2026","","test_rpc_methods_availability","",""
"","0","test_precision[Test for Kreivo]","tests","Fri May 22 10:08:26 UTC 2026","passed","Fri May 22 10:08:26 UTC 2026","TestPrecision","test_network_parameters","",""
"","0","test_precision[Test for Tanssi]","tests","Fri May 22 10:08:59 UTC 2026","passed","Fri May 22 10:08:59 UTC 2026","TestPrecision","test_network_parameters","",""
"","170","test_rpc_method_is_available[Test for Polkadot People, url: wss://people-polkadot.public.curie.radiumblock.co/ws]","tests","Fri May 22 10:07:13 UTC 2026","passed","Fri May 22 10:07:13 UTC 2026","","test_rpc_methods_availability","",""
"","147","test_rpc_method_is_available[Test for Bittensor, url: wss://bittensor-finney.api.onfinality.io/public-ws]","tests","Fri May 22 10:10:13 UTC 2026","passed","Fri May 22 10:10:13 UTC 2026","","test_rpc_methods_availability","",""
"","1","test_address_prefix[Test for Enjin Relay]","tests","Fri May 22 10:08:35 UTC 2026","passed","Fri May 22 10:08:35 UTC 2026","TestNetworkPrefix","test_network_parameters","",""
"","96","test_rpc_method_is_available[Test for Heima, url: wss://heima-rpc.n.dwellir.com]","tests","Fri May 22 10:09:37 UTC 2026","passed","Fri May 22 10:09:37 UTC 2026","","test_rpc_methods_availability","",""
"","0","test_chainId[Test for Polkadot Relay]","tests","Fri May 22 10:06:54 UTC 2026","passed","Fri May 22 10:06:54 UTC 2026","TestChainId","test_network_parameters","",""
"","98","test_rpc_method_is_available[Test for Acala, url: wss://acala-rpc-2.aca-api.network/ws]","tests","Fri May 22 10:07:42 UTC 2026","passed","Fri May 22 10:07:42 UTC 2026","","test_rpc_methods_availability","",""
"","0","test_can_create_connection[Test for Bifrost Polkadot, url: wss://hk.p.bifrost-rpc.liebi.com/ws]","tests","Fri May 22 10:09:16 UTC 2026","passed","Fri May 22 10:09:16 UTC 2026","","test_nodes_availability","",""
"","0","test_chainId[Test for Polymesh]","tests","Fri May 22 10:07:45 UTC 2026","passed","Fri May 22 10:07:45 UTC 2026","TestChainId","test_network_parameters","",""
"","46","test_rpc_node_is_synced[Test for Encointer, url: wss://encointer-kusama.dotters.network]","tests","Fri May 22 10:09:07 UTC 2026","passed","Fri May 22 10:09:07 UTC 2026","","test_substrate_node_is_synced","",""
"","1","test_chainId[Test for Moonriver]","tests","Fri May 22 10:06:52 UTC 2026","passed","Fri May 22 10:06:52 UTC 2026","TestChainId","test_network_parameters","",""
"","1","test_can_create_connection[Test for Kusama People, url: wss://sys.ibp.network/people-kusama]","tests","Fri May 22 10:07:19 UTC 2026","passed","Fri May 22 10:07:19 UTC 2026","","test_nodes_availability","",""
"","152","test_rpc_node_is_synced[Test for Ajuna, url: wss://rpc-para.ajuna.network]","tests","Fri May 22 10:10:05 UTC 2026","passed","Fri May 22 10:10:05 UTC 2026","","test_substrate_node_is_synced","",""
"","134","test_rpc_node_is_synced[Test for Polkadot Coretime, url: wss://polkadot-coretime-rpc.polkadot.io]","tests","Fri May 22 10:11:52 UTC 2026","passed","Fri May 22 10:11:52 UTC 2026","","test_substrate_node_is_synced","",""
"","122","test_rpc_method_is_available[Test for Polkadot Asset Hub, url: wss://asset-hub-polkadot-rpc.n.dwellir.com]","tests","Fri May 22 10:08:40 UTC 2026","passed","Fri May 22 10:08:40 UTC 2026","","test_rpc_methods_availability","",""
"","8","test_has_new_assets[Test for Enjin Relay]","tests","Fri May 22 10:08:31 UTC 2026","passed","Fri May 22 10:08:31 UTC 2026","TestAssets","test_check_new_assets","",""
"","132","test_rpc_node_is_synced[Test for Robonomics, url: wss://kusama.rpc.robonomics.network/]","tests","Fri May 22 10:09:01 UTC 2026","passed","Fri May 22 10:09:01 UTC 2026","","test_substrate_node_is_synced","",""
"","0","test_can_create_connection[Test for Manta Atlantic, url: wss://ws.manta.systems]","tests","Fri May 22 10:10:33 UTC 2026","passed","Fri May 22 10:10:33 UTC 2026","","test_nodes_availability","",""
"","97","test_rpc_method_is_available[Test for Shiden, url: wss://shiden.public.curie.radiumblock.co/ws]","tests","Fri May 22 10:08:40 UTC 2026","passed","Fri May 22 10:08:40 UTC 2026","","test_rpc_methods_availability","",""
"","141","test_rpc_method_is_available[Test for Kusama Relay, url: wss://rpc.ibp.network/kusama]","tests","Fri May 22 10:07:00 UTC 2026","passed","Fri May 22 10:07:00 UTC 2026","","test_rpc_methods_availability","",""
"","0","test_can_create_connection[Test for Aventus, url: wss://avn-parachain.mainnet.aventus.io]","tests","Fri May 22 10:10:01 UTC 2026","passed","Fri May 22 10:10:01 UTC 2026","","test_nodes_availability","",""
"","0","test_address_prefix[Test for 3DPass]","tests","Fri May 22 10:07:54 UTC 2026","passed","Fri May 22 10:07:54 UTC 2026","TestNetworkPrefix","test_network_parameters","",""
"","0","test_precision[Test for Astar]","tests","Fri May 22 10:07:11 UTC 2026","passed","Fri May 22 10:07:11 UTC 2026","TestPrecision","test_network_parameters","",""
"","113","test_rpc_method_is_available[Test for Polkadot Relay, url: wss://polkadot.dotters.network]","tests","Fri May 22 10:07:11 UTC 2026","passed","Fri May 22 10:07:11 UTC 2026","","test_rpc_methods_availability","",""
"","0","test_has_new_assets[Test for Curio]","tests","Fri May 22 10:08:38 UTC 2026","broken","Fri May 22 10:08:38 UTC 2026","TestAssets","test_check_new_assets","",""
"","0","test_rpc_node_is_synced[Test for Moonbeam, url: wss://moonbeam.dotters.network]","tests","Fri May 22 10:07:47 UTC 2026","broken","Fri May 22 10:07:47 UTC 2026","","test_substrate_node_is_synced","",""
"","1","test_address_prefix[Test for Bifrost Polkadot]","tests","Fri May 22 10:07:29 UTC 2026","passed","Fri May 22 10:07:29 UTC 2026","TestNetworkPrefix","test_network_parameters","",""
"","142","test_rpc_node_is_synced[Test for Astar, url: wss://astar.public.curie.radiumblock.co/ws]","tests","Fri May 22 10:08:35 UTC 2026","passed","Fri May 22 10:08:36 UTC 2026","","test_substrate_node_is_synced","",""
"","0","test_can_create_connection[Test for Kusama Coretime, url: wss://ksm-rpc.stakeworld.io/coretime]","tests","Fri May 22 10:11:25 UTC 2026","passed","Fri May 22 10:11:25 UTC 2026","","test_nodes_availability","",""
"","6","test_has_new_assets[Test for Ternoa]","tests","Fri May 22 10:07:44 UTC 2026","passed","Fri May 22 10:07:44 UTC 2026","TestAssets","test_check_new_assets","",""
