"DESCRIPTION","DURATION IN MS","NAME","PARENT SUITE","START TIME","STATUS","STOP TIME","SUB SUITE","SUITE","TEST CLASS","TEST METHOD"
"","0","test_rpc_node_is_synced[Test for QUARTZ, url: wss://us-ws-quartz.unique.network]","tests","Mon Feb 23 15:20:14 UTC 2026","broken","Mon Feb 23 15:20:14 UTC 2026","","test_substrate_node_is_synced","",""
"","218","test_rpc_node_is_synced[Test for Hydration, url: wss://rpc-hydra.novasama-tech.org]","tests","Mon Feb 23 15:21:11 UTC 2026","passed","Mon Feb 23 15:21:11 UTC 2026","","test_substrate_node_is_synced","",""
"","0","test_can_create_connection[Test for Amplitude, url: wss://rpc-amplitude.pendulumchain.tech]","tests","Mon Feb 23 15:21:22 UTC 2026","broken","Mon Feb 23 15:21:22 UTC 2026","","test_nodes_availability","",""
"","0","test_can_create_connection[Test for Kreivo, url: wss://kreivo.kippu.rocks/]","tests","Mon Feb 23 15:22:33 UTC 2026","passed","Mon Feb 23 15:22:33 UTC 2026","","test_nodes_availability","",""
"","0","test_precision[Test for UNIQUE]","tests","Mon Feb 23 15:20:00 UTC 2026","passed","Mon Feb 23 15:20:00 UTC 2026","TestPrecision","test_network_parameters","",""
"","118","test_rpc_method_is_available[Test for Moonbeam, url: wss://moonbeam.ibp.network]","tests","Mon Feb 23 15:19:39 UTC 2026","passed","Mon Feb 23 15:19:40 UTC 2026","","test_rpc_methods_availability","",""
"","0","test_address_prefix[Test for Aventus]","tests","Mon Feb 23 15:20:16 UTC 2026","broken","Mon Feb 23 15:20:16 UTC 2026","TestNetworkPrefix","test_network_parameters","",""
"","0","test_chainId[Test for Kusama Asset Hub]","tests","Mon Feb 23 15:19:31 UTC 2026","passed","Mon Feb 23 15:19:31 UTC 2026","TestChainId","test_network_parameters","",""
"","1","test_chainId[Test for Polymesh]","tests","Mon Feb 23 15:19:59 UTC 2026","passed","Mon Feb 23 15:19:59 UTC 2026","TestChainId","test_network_parameters","",""
"","118","test_rpc_node_is_synced[Test for Aventus, url: wss://public-rpc.mainnet.aventus.io]","tests","Mon Feb 23 15:22:25 UTC 2026","passed","Mon Feb 23 15:22:25 UTC 2026","","test_substrate_node_is_synced","",""
"","121","test_rpc_method_is_available[Test for Aleph Zero, url: wss://ws.azero.dev]","tests","Mon Feb 23 15:20:48 UTC 2026","passed","Mon Feb 23 15:20:48 UTC 2026","","test_rpc_methods_availability","",""
"","0","test_address_prefix[Test for Zeitgeist]","tests","Mon Feb 23 15:20:24 UTC 2026","passed","Mon Feb 23 15:20:24 UTC 2026","TestNetworkPrefix","test_network_parameters","",""
"","0","test_can_create_connection[Test for Bittensor, url: wss://entrypoint-finney.opentensor.ai:443]","tests","Mon Feb 23 15:21:41 UTC 2026","passed","Mon Feb 23 15:21:41 UTC 2026","","test_nodes_availability","",""
"","69","test_rpc_node_is_synced[Test for Centrifuge Parachain, url: wss://rpc-centrifuge.luckyfriday.io]","tests","Mon Feb 23 15:21:04 UTC 2026","passed","Mon Feb 23 15:21:04 UTC 2026","","test_substrate_node_is_synced","",""
"","172","test_rpc_method_is_available[Test for Acala, url: wss://acala-rpc-2.aca-api.network/ws]","tests","Mon Feb 23 15:20:17 UTC 2026","passed","Mon Feb 23 15:20:17 UTC 2026","","test_rpc_methods_availability","",""
"","0","test_can_create_connection[Test for Crust Shadow, url: wss://rpc2-shadow.crust.network/]","tests","Mon Feb 23 15:20:48 UTC 2026","passed","Mon Feb 23 15:20:48 UTC 2026","","test_nodes_availability","",""
"","0","test_can_create_connection[Test for Kusama People, url: wss://ksm-rpc.stakeworld.io/people]","tests","Mon Feb 23 15:19:42 UTC 2026","passed","Mon Feb 23 15:19:42 UTC 2026","","test_nodes_availability","",""
"","144","test_rpc_method_is_available[Test for Kusama People, url: wss://kusama-people-rpc.polkadot.io]","tests","Mon Feb 23 15:19:37 UTC 2026","passed","Mon Feb 23 15:19:37 UTC 2026","","test_rpc_methods_availability","",""
"","40","test_rpc_node_is_synced[Test for Polymesh, url: wss://mainnet-rpc.polymesh.network]","tests","Mon Feb 23 15:21:56 UTC 2026","passed","Mon Feb 23 15:21:56 UTC 2026","","test_substrate_node_is_synced","",""
"","151","test_rpc_node_is_synced[Test for Bifrost Kusama, url: wss://us.bifrost-rpc.liebi.com/ws]","tests","Mon Feb 23 15:20:43 UTC 2026","passed","Mon Feb 23 15:20:44 UTC 2026","","test_substrate_node_is_synced","",""
"","168","test_rpc_method_is_available[Test for Crust Shadow, url: wss://rpc-sha-subscan.crustnetwork.xyz]","tests","Mon Feb 23 15:20:23 UTC 2026","passed","Mon Feb 23 15:20:23 UTC 2026","","test_rpc_methods_availability","",""
"","0","test_can_create_connection[Test for Polkadot Collectives, url: wss://collectives.public.curie.radiumblock.co/ws]","tests","Mon Feb 23 15:22:19 UTC 2026","passed","Mon Feb 23 15:22:19 UTC 2026","","test_nodes_availability","",""
"","55","test_rpc_node_is_synced[Test for Frequency, url: wss://1.rpc.frequency.xyz]","tests","Mon Feb 23 15:23:09 UTC 2026","passed","Mon Feb 23 15:23:09 UTC 2026","","test_substrate_node_is_synced","",""
"","0","test_chainId[Test for Shiden]","tests","Mon Feb 23 15:19:13 UTC 2026","passed","Mon Feb 23 15:19:13 UTC 2026","TestChainId","test_network_parameters","",""
"","0","test_address_prefix[Test for Kusama Relay]","tests","Mon Feb 23 15:19:24 UTC 2026","passed","Mon Feb 23 15:19:24 UTC 2026","TestNetworkPrefix","test_network_parameters","",""
"","0","test_rpc_node_is_synced[Test for GIANT, url: wss://rpc-anchor-2-mainnet-az-ue1.giantprotocol.org:443]","tests","Mon Feb 23 15:22:27 UTC 2026","broken","Mon Feb 23 15:22:27 UTC 2026","","test_substrate_node_is_synced","",""
"","0","test_can_create_connection[Test for Avail, url: wss://mainnet.avail-rpc.com/]","tests","Mon Feb 23 15:22:37 UTC 2026","passed","Mon Feb 23 15:22:37 UTC 2026","","test_nodes_availability","",""
"","0","test_can_create_connection[Test for DeepBrain, url: wss://info.dbcwallet.io]","tests","Mon Feb 23 15:22:55 UTC 2026","broken","Mon Feb 23 15:22:55 UTC 2026","","test_nodes_availability","",""
"","173","test_rpc_node_is_synced[Test for XX network, url: wss://rpc-hetzner.xx.network]","tests","Mon Feb 23 15:21:57 UTC 2026","passed","Mon Feb 23 15:21:58 UTC 2026","","test_substrate_node_is_synced","",""
"","254","test_rpc_method_is_available[Test for Kusama Relay, url: wss://rpc-kusama-2.novasama-tech.org]","tests","Mon Feb 23 15:19:16 UTC 2026","passed","Mon Feb 23 15:19:17 UTC 2026","","test_rpc_methods_availability","",""
"","1","test_address_prefix[Test for Shiden]","tests","Mon Feb 23 15:19:22 UTC 2026","passed","Mon Feb 23 15:19:22 UTC 2026","TestNetworkPrefix","test_network_parameters","",""
"","0","test_can_create_connection[Test for Frequency, url: wss://0.rpc.frequency.xyz]","tests","Mon Feb 23 15:22:04 UTC 2026","passed","Mon Feb 23 15:22:04 UTC 2026","","test_nodes_availability","",""
"","0","test_can_create_connection[Test for Acala, url: wss://acala-rpc.n.dwellir.com]","tests","Mon Feb 23 15:20:24 UTC 2026","passed","Mon Feb 23 15:20:24 UTC 2026","","test_nodes_availability","",""
"","10","test_rpc_node_is_synced[Test for Polkadot Relay, url: wss://polkadot.dotters.network]","tests","Mon Feb 23 15:19:30 UTC 2026","passed","Mon Feb 23 15:19:30 UTC 2026","","test_substrate_node_is_synced","",""
"","164","test_rpc_method_is_available[Test for Polkadot People, url: wss://sys.ibp.network/people-polkadot]","tests","Mon Feb 23 15:19:22 UTC 2026","passed","Mon Feb 23 15:19:23 UTC 2026","","test_rpc_methods_availability","",""
"","0","test_can_create_connection[Test for Curio, url: wss://parachain.curioinvest.com/]","tests","Mon Feb 23 15:22:34 UTC 2026","broken","Mon Feb 23 15:22:34 UTC 2026","","test_nodes_availability","",""
"","0","test_can_create_connection[Test for Encointer, url: wss://encointer-kusama.dotters.network]","tests","Mon Feb 23 15:20:25 UTC 2026","passed","Mon Feb 23 15:20:25 UTC 2026","","test_nodes_availability","",""
"","153","test_rpc_node_is_synced[Test for Polkadot Coretime, url: wss://polkadot-coretime-rpc.polkadot.io]","tests","Mon Feb 23 15:23:29 UTC 2026","passed","Mon Feb 23 15:23:30 UTC 2026","","test_substrate_node_is_synced","",""
"","188","test_rpc_node_is_synced[Test for Polkadot Relay, url: wss://rpc-polkadot-1.novasama-tech.org]","tests","Mon Feb 23 15:19:17 UTC 2026","passed","Mon Feb 23 15:19:18 UTC 2026","","test_substrate_node_is_synced","",""
"","66","test_rpc_node_is_synced[Test for Polkadot Relay, url: wss://rpc-polkadot.luckyfriday.io]","tests","Mon Feb 23 15:19:56 UTC 2026","passed","Mon Feb 23 15:19:56 UTC 2026","","test_substrate_node_is_synced","",""
"","590","test_rpc_node_is_synced[Test for Acala, url: wss://acala-rpc-2.aca-api.network/ws]","tests","Mon Feb 23 15:20:25 UTC 2026","passed","Mon Feb 23 15:20:26 UTC 2026","","test_substrate_node_is_synced","",""
"","0","test_chainId[Test for Crab]","tests","Mon Feb 23 15:20:25 UTC 2026","broken","Mon Feb 23 15:20:25 UTC 2026","TestChainId","test_network_parameters","",""
"","198","test_rpc_method_is_available[Test for Polkadot Relay, url: wss://rpc-polkadot-1.novasama-tech.org]","tests","Mon Feb 23 15:19:16 UTC 2026","passed","Mon Feb 23 15:19:17 UTC 2026","","test_rpc_methods_availability","",""
"","0","test_can_create_connection[Test for Astar, url: wss://astar.public.curie.radiumblock.co/ws]","tests","Mon Feb 23 15:20:41 UTC 2026","passed","Mon Feb 23 15:20:41 UTC 2026","","test_nodes_availability","",""
"","0","test_rpc_method_is_available[Test for GIANT, url: wss://rpc-anchor-2-mainnet-az-ue1.giantprotocol.org:443]","tests","Mon Feb 23 15:22:19 UTC 2026","broken","Mon Feb 23 15:22:19 UTC 2026","","test_rpc_methods_availability","",""
"","102","test_rpc_method_is_available[Test for Karura, url: wss://karura-rpc-1.aca-api.network]","tests","Mon Feb 23 15:19:17 UTC 2026","passed","Mon Feb 23 15:19:17 UTC 2026","","test_rpc_methods_availability","",""
"","54","test_rpc_node_is_synced[Test for Frequency, url: wss://0.rpc.frequency.xyz]","tests","Mon Feb 23 15:23:07 UTC 2026","passed","Mon Feb 23 15:23:07 UTC 2026","","test_substrate_node_is_synced","",""
"","107","test_rpc_method_is_available[Test for UNIQUE, url: wss://unique.ibp.network]","tests","Mon Feb 23 15:21:08 UTC 2026","passed","Mon Feb 23 15:21:09 UTC 2026","","test_rpc_methods_availability","",""
"","0","test_rpc_method_is_available[Test for Aventus, url: wss://avn-parachain.mainnet.aventus.io]","tests","Mon Feb 23 15:21:39 UTC 2026","broken","Mon Feb 23 15:21:39 UTC 2026","","test_rpc_methods_availability","",""
"","87","test_rpc_node_is_synced[Test for peaq, url: wss://peaq-rpc.publicnode.com]","tests","Mon Feb 23 15:23:23 UTC 2026","passed","Mon Feb 23 15:23:23 UTC 2026","","test_substrate_node_is_synced","",""
"","100","test_rpc_method_is_available[Test for Hyperbridge Nexus, url: wss://hyperbridge-nexus-rpc.blockops.network]","tests","Mon Feb 23 15:22:41 UTC 2026","passed","Mon Feb 23 15:22:41 UTC 2026","","test_rpc_methods_availability","",""
"","0","test_precision[Test for 3DPass]","tests","Mon Feb 23 15:20:14 UTC 2026","passed","Mon Feb 23 15:20:14 UTC 2026","TestPrecision","test_network_parameters","",""
"","0","test_can_create_connection[Test for Kusama Relay, url: wss://rpc-kusama.luckyfriday.io]","tests","Mon Feb 23 15:19:38 UTC 2026","passed","Mon Feb 23 15:19:38 UTC 2026","","test_nodes_availability","",""
"","616","test_rpc_node_work_fast[Test for Ethereum, url: https://1rpc.io/eth]","tests","Mon Feb 23 15:19:14 UTC 2026","passed","Mon Feb 23 15:19:15 UTC 2026","TestETHNodesAvailability","test_eth_nodes_availability","",""
"","0","test_can_create_connection[Test for Energy Web X, url: wss://public-rpc.mainnet.energywebx.com/]","tests","Mon Feb 23 15:22:26 UTC 2026","passed","Mon Feb 23 15:22:26 UTC 2026","","test_nodes_availability","",""
"","0","test_can_create_connection[Test for Cere, url: wss://rpc.mainnet.cere.network/ws]","tests","Mon Feb 23 15:22:48 UTC 2026","passed","Mon Feb 23 15:22:48 UTC 2026","","test_nodes_availability","",""
"","0","test_can_create_connection[Test for Polkadot Collectives, url: wss://dot-rpc.stakeworld.io/collectives]","tests","Mon Feb 23 15:22:25 UTC 2026","passed","Mon Feb 23 15:22:25 UTC 2026","","test_nodes_availability","",""
"","0","test_can_create_connection[Test for Polkadot Bridge Hub, url: wss://sys.ibp.network/bridgehub-polkadot]","tests","Mon Feb 23 15:22:09 UTC 2026","passed","Mon Feb 23 15:22:09 UTC 2026","","test_nodes_availability","",""
"","0","test_can_create_connection[Test for Moonbeam, url: wss://moonbeam.ibp.network]","tests","Mon Feb 23 15:19:43 UTC 2026","passed","Mon Feb 23 15:19:43 UTC 2026","","test_nodes_availability","",""
"","0","test_can_create_connection[Test for Zeitgeist, url: wss://zeitgeist.api.onfinality.io/public-ws]","tests","Mon Feb 23 15:20:37 UTC 2026","passed","Mon Feb 23 15:20:37 UTC 2026","","test_nodes_availability","",""
"","134","test_rpc_node_is_synced[Test for Ternoa, url: wss://mainnet.ternoa.network]","tests","Mon Feb 23 15:21:52 UTC 2026","passed","Mon Feb 23 15:21:52 UTC 2026","","test_substrate_node_is_synced","",""
"","69","test_rpc_node_is_synced[Test for Kusama Coretime, url: wss://rpc-coretime-kusama.luckyfriday.io]","tests","Mon Feb 23 15:23:34 UTC 2026","passed","Mon Feb 23 15:23:34 UTC 2026","","test_substrate_node_is_synced","",""
"","112","test_rpc_method_is_available[Test for Polkadot Coretime, url: wss://coretime-polkadot.dotters.network]","tests","Mon Feb 23 15:22:57 UTC 2026","passed","Mon Feb 23 15:22:58 UTC 2026","","test_rpc_methods_availability","",""
"","117","test_rpc_method_is_available[Test for Kusama Coretime, url: wss://rpc-coretime-kusama.luckyfriday.io]","tests","Mon Feb 23 15:23:03 UTC 2026","passed","Mon Feb 23 15:23:03 UTC 2026","","test_rpc_methods_availability","",""
"","0","test_chainId[Test for Westend (TESTNET)]","tests","Mon Feb 23 15:19:26 UTC 2026","passed","Mon Feb 23 15:19:26 UTC 2026","TestChainId","test_network_parameters","",""
"","171","test_rpc_method_is_available[Test for Polkadot Relay, url: wss://rpc-polkadot-2.novasama-tech.org]","tests","Mon Feb 23 15:19:22 UTC 2026","passed","Mon Feb 23 15:19:22 UTC 2026","","test_rpc_methods_availability","",""
"","81","test_rpc_node_is_synced[Test for Moonriver, url: wss://wss.api.moonriver.moonbeam.network]","tests","Mon Feb 23 15:20:03 UTC 2026","passed","Mon Feb 23 15:20:03 UTC 2026","","test_substrate_node_is_synced","",""
"","1","test_can_create_connection[Test for Kusama Coretime, url: wss://ksm-rpc.stakeworld.io/coretime]","tests","Mon Feb 23 15:22:59 UTC 2026","passed","Mon Feb 23 15:22:59 UTC 2026","","test_nodes_availability","",""
"","0","test_address_prefix[Test for Bifrost Kusama]","tests","Mon Feb 23 15:19:29 UTC 2026","passed","Mon Feb 23 15:19:29 UTC 2026","TestNetworkPrefix","test_network_parameters","",""
"","1","test_chainId[Test for Avail]","tests","Mon Feb 23 15:20:34 UTC 2026","passed","Mon Feb 23 15:20:34 UTC 2026","TestChainId","test_network_parameters","",""
"","1","test_address_prefix[Test for Mythos]","tests","Mon Feb 23 15:20:54 UTC 2026","passed","Mon Feb 23 15:20:54 UTC 2026","TestNetworkPrefix","test_network_parameters","",""
"","173","test_rpc_method_is_available[Test for Polkadot Bridge Hub, url: wss://dot-rpc.stakeworld.io/bridgehub]","tests","Mon Feb 23 15:22:31 UTC 2026","passed","Mon Feb 23 15:22:31 UTC 2026","","test_rpc_methods_availability","",""
"","0","test_chainId[Test for Polkadot Relay]","tests","Mon Feb 23 15:19:15 UTC 2026","passed","Mon Feb 23 15:19:15 UTC 2026","TestChainId","test_network_parameters","",""
"","0","test_address_prefix[Test for Karura]","tests","Mon Feb 23 15:19:25 UTC 2026","passed","Mon Feb 23 15:19:25 UTC 2026","TestNetworkPrefix","test_network_parameters","",""
"","55","test_rpc_node_is_synced[Test for Hydration, url: wss://hydration.ibp.network]","tests","Mon Feb 23 15:21:22 UTC 2026","passed","Mon Feb 23 15:21:22 UTC 2026","","test_substrate_node_is_synced","",""
"","595","test_rpc_node_is_synced[Test for Karura, url: wss://karura-rpc-2.aca-api.network/ws]","tests","Mon Feb 23 15:19:26 UTC 2026","passed","Mon Feb 23 15:19:27 UTC 2026","","test_substrate_node_is_synced","",""
"","101","test_rpc_method_is_available[Test for Encointer, url: wss://sys.ibp.network/encointer-kusama]","tests","Mon Feb 23 15:21:12 UTC 2026","passed","Mon Feb 23 15:21:12 UTC 2026","","test_rpc_methods_availability","",""
"","101","test_rpc_method_is_available[Test for Kusama Coretime, url: wss://coretime-kusama.dotters.network]","tests","Mon Feb 23 15:23:04 UTC 2026","passed","Mon Feb 23 15:23:04 UTC 2026","","test_rpc_methods_availability","",""
"","1","test_can_create_connection[Test for Polkadot People, url: wss://polkadot-people-rpc.polkadot.io]","tests","Mon Feb 23 15:19:20 UTC 2026","passed","Mon Feb 23 15:19:20 UTC 2026","","test_nodes_availability","",""
"","147","test_rpc_node_is_synced[Test for Robonomics, url: wss://kusama.rpc.robonomics.network/]","tests","Mon Feb 23 15:22:02 UTC 2026","passed","Mon Feb 23 15:22:02 UTC 2026","","test_substrate_node_is_synced","",""
"","172","test_rpc_method_is_available[Test for Vara, url: wss://rpc.vara-network.io]","tests","Mon Feb 23 15:22:24 UTC 2026","passed","Mon Feb 23 15:22:24 UTC 2026","","test_rpc_methods_availability","",""
"","158","test_rpc_node_is_synced[Test for Polkadot Relay, url: wss://apps-rpc.polkadot.io]","tests","Mon Feb 23 15:19:36 UTC 2026","passed","Mon Feb 23 15:19:36 UTC 2026","","test_substrate_node_is_synced","",""
"","99","test_rpc_method_is_available[Test for Crust Shadow, url: wss://rpc2-shadow.crust.network/]","tests","Mon Feb 23 15:20:28 UTC 2026","passed","Mon Feb 23 15:20:28 UTC 2026","","test_rpc_methods_availability","",""
"","102","test_rpc_method_is_available[Test for Polkadot People, url: wss://rpc-people-polkadot.luckyfriday.io]","tests","Mon Feb 23 15:19:28 UTC 2026","passed","Mon Feb 23 15:19:28 UTC 2026","","test_rpc_methods_availability","",""
"","105","test_rpc_method_is_available[Test for Bifrost Polkadot, url: wss://eu.bifrost-polkadot-rpc.liebi.com/ws]","tests","Mon Feb 23 15:21:34 UTC 2026","passed","Mon Feb 23 15:21:35 UTC 2026","","test_rpc_methods_availability","",""
"","0","test_can_create_connection[Test for Hydration, url: wss://hydration.dotters.network]","tests","Mon Feb 23 15:20:09 UTC 2026","passed","Mon Feb 23 15:20:09 UTC 2026","","test_nodes_availability","",""
"","100","test_rpc_method_is_available[Test for DAO IPCI, url: wss://ipci.rpc.robonomics.network]","tests","Mon Feb 23 15:21:36 UTC 2026","passed","Mon Feb 23 15:21:36 UTC 2026","","test_rpc_methods_availability","",""
"","0","test_address_prefix[Test for Tangle]","tests","Mon Feb 23 15:21:21 UTC 2026","passed","Mon Feb 23 15:21:21 UTC 2026","TestNetworkPrefix","test_network_parameters","",""
"","1","test_precision[Test for Hydration]","tests","Mon Feb 23 15:19:50 UTC 2026","passed","Mon Feb 23 15:19:50 UTC 2026","TestPrecision","test_network_parameters","",""
"","150","test_rpc_method_is_available[Test for Frequency, url: wss://1.rpc.frequency.xyz]","tests","Mon Feb 23 15:22:20 UTC 2026","passed","Mon Feb 23 15:22:20 UTC 2026","","test_rpc_methods_availability","",""
"","176","test_rpc_node_is_synced[Test for Tangle, url: wss://rpc.tangle.tools]","tests","Mon Feb 23 15:23:27 UTC 2026","passed","Mon Feb 23 15:23:28 UTC 2026","","test_substrate_node_is_synced","",""
"","10","test_rpc_node_is_synced[Test for Kusama Relay, url: wss://rpc.ibp.network/kusama]","tests","Mon Feb 23 15:19:23 UTC 2026","passed","Mon Feb 23 15:19:23 UTC 2026","","test_substrate_node_is_synced","",""
"","0","test_can_create_connection[Test for Polkadot Coretime, url: wss://sys.ibp.network/coretime-polkadot]","tests","Mon Feb 23 15:22:58 UTC 2026","passed","Mon Feb 23 15:22:58 UTC 2026","","test_nodes_availability","",""
"","0","test_address_prefix[Test for Aleph Zero]","tests","Mon Feb 23 15:19:36 UTC 2026","passed","Mon Feb 23 15:19:36 UTC 2026","TestNetworkPrefix","test_network_parameters","",""
"","103","test_rpc_method_is_available[Test for Bittensor, url: wss://entrypoint-finney.opentensor.ai:443]","tests","Mon Feb 23 15:21:44 UTC 2026","passed","Mon Feb 23 15:21:44 UTC 2026","","test_rpc_methods_availability","",""
"","0","test_can_create_connection[Test for Acala, url: wss://acala-rpc-3.aca-api.network/ws]","tests","Mon Feb 23 15:20:19 UTC 2026","passed","Mon Feb 23 15:20:19 UTC 2026","","test_nodes_availability","",""
"","59","test_rpc_node_is_synced[Test for UNIQUE, url: wss://unique.dotters.network]","tests","Mon Feb 23 15:21:35 UTC 2026","passed","Mon Feb 23 15:21:35 UTC 2026","","test_substrate_node_is_synced","",""
"","61","test_rpc_node_is_synced[Test for KILT, url: wss://kilt.dotters.network]","tests","Mon Feb 23 15:21:14 UTC 2026","passed","Mon Feb 23 15:21:14 UTC 2026","","test_substrate_node_is_synced","",""
"","0","test_address_prefix[Test for Polkadot Bridge Hub]","tests","Mon Feb 23 15:20:34 UTC 2026","passed","Mon Feb 23 15:20:34 UTC 2026","TestNetworkPrefix","test_network_parameters","",""
"","170","test_rpc_method_is_available[Test for Kusama People, url: wss://sys.ibp.network/people-kusama]","tests","Mon Feb 23 15:19:39 UTC 2026","passed","Mon Feb 23 15:19:39 UTC 2026","","test_rpc_methods_availability","",""
"","0","test_can_create_connection[Test for Hyperbridge Nexus, url: wss://nexus.ibp.network]","tests","Mon Feb 23 15:22:30 UTC 2026","passed","Mon Feb 23 15:22:30 UTC 2026","","test_nodes_availability","",""
"","0","test_can_create_connection[Test for Astar, url: wss://rpc.astar.network]","tests","Mon Feb 23 15:20:28 UTC 2026","passed","Mon Feb 23 15:20:28 UTC 2026","","test_nodes_availability","",""
"","0","test_chainId[Test for Amplitude]","tests","Mon Feb 23 15:19:50 UTC 2026","broken","Mon Feb 23 15:19:50 UTC 2026","TestChainId","test_network_parameters","",""
"","61","test_rpc_node_is_synced[Test for Ajuna, url: wss://ajuna.dotters.network]","tests","Mon Feb 23 15:22:17 UTC 2026","passed","Mon Feb 23 15:22:17 UTC 2026","","test_substrate_node_is_synced","",""
"","1","test_chainId[Test for Zeitgeist]","tests","Mon Feb 23 15:19:46 UTC 2026","passed","Mon Feb 23 15:19:46 UTC 2026","TestChainId","test_network_parameters","",""
"","103","test_rpc_method_is_available[Test for Zeitgeist, url: wss://zeitgeist.api.onfinality.io/public-ws]","tests","Mon Feb 23 15:20:17 UTC 2026","passed","Mon Feb 23 15:20:17 UTC 2026","","test_rpc_methods_availability","",""
"","0","test_can_create_connection[Test for Kusama Bridge Hub, url: wss://ksm-rpc.stakeworld.io/bridgehub]","tests","Mon Feb 23 15:22:20 UTC 2026","passed","Mon Feb 23 15:22:20 UTC 2026","","test_nodes_availability","",""
"","0","test_can_create_connection[Test for Moonbeam, url: wss://moonbeam.public.curie.radiumblock.co/ws]","tests","Mon Feb 23 15:19:51 UTC 2026","passed","Mon Feb 23 15:19:51 UTC 2026","","test_nodes_availability","",""
"","0","test_chainId[Test for Polkadot Asset Hub]","tests","Mon Feb 23 15:19:31 UTC 2026","passed","Mon Feb 23 15:19:31 UTC 2026","TestChainId","test_network_parameters","",""
"","10","test_rpc_node_is_synced[Test for Polkadot Asset Hub, url: wss://asset-hub-polkadot.dotters.network]","tests","Mon Feb 23 15:21:58 UTC 2026","passed","Mon Feb 23 15:21:58 UTC 2026","","test_substrate_node_is_synced","",""
"","171","test_rpc_method_is_available[Test for Karura, url: wss://karura-rpc.n.dwellir.com]","tests","Mon Feb 23 15:19:32 UTC 2026","passed","Mon Feb 23 15:19:32 UTC 2026","","test_rpc_methods_availability","",""
"","0","test_precision[Test for Crust Polkadot Parachain]","tests","Mon Feb 23 15:20:11 UTC 2026","passed","Mon Feb 23 15:20:11 UTC 2026","TestPrecision","test_network_parameters","",""
"","0","test_can_create_connection[Test for Moonbeam, url: wss://wss.api.moonbeam.network]","tests","Mon Feb 23 15:19:36 UTC 2026","passed","Mon Feb 23 15:19:36 UTC 2026","","test_nodes_availability","",""
"","0","test_precision[Test for Crab]","tests","Mon Feb 23 15:20:38 UTC 2026","broken","Mon Feb 23 15:20:38 UTC 2026","TestPrecision","test_network_parameters","",""
"","0","test_precision[Test for Moonbeam]","tests","Mon Feb 23 15:19:25 UTC 2026","passed","Mon Feb 23 15:19:25 UTC 2026","TestPrecision","test_network_parameters","",""
"","0","test_can_create_connection[Test for peaq, url: wss://peaq-rpc.publicnode.com]","tests","Mon Feb 23 15:22:45 UTC 2026","passed","Mon Feb 23 15:22:45 UTC 2026","","test_nodes_availability","",""
"","1","test_can_create_connection[Test for Mythos, url: wss://polkadot-mythos-rpc.polkadot.io]","tests","Mon Feb 23 15:22:39 UTC 2026","passed","Mon Feb 23 15:22:39 UTC 2026","","test_nodes_availability","",""
"","1","test_can_create_connection[Test for Centrifuge Parachain, url: wss://fullnode.centrifuge.io]","tests","Mon Feb 23 15:20:58 UTC 2026","passed","Mon Feb 23 15:20:58 UTC 2026","","test_nodes_availability","",""
"","0","test_can_create_connection[Test for Kusama Relay, url: wss://rpc-kusama-2.novasama-tech.org]","tests","Mon Feb 23 15:19:18 UTC 2026","passed","Mon Feb 23 15:19:18 UTC 2026","","test_nodes_availability","",""
"","0","test_precision[Test for CC Enterprise]","tests","Mon Feb 23 15:20:56 UTC 2026","passed","Mon Feb 23 15:20:56 UTC 2026","TestPrecision","test_network_parameters","",""
"","504","test_rpc_node_is_synced[Test for Hydration, url: wss://rpc.hydradx.cloud]","tests","Mon Feb 23 15:21:16 UTC 2026","passed","Mon Feb 23 15:21:17 UTC 2026","","test_substrate_node_is_synced","",""
"","0","test_address_prefix[Test for Vara]","tests","Mon Feb 23 15:20:31 UTC 2026","passed","Mon Feb 23 15:20:31 UTC 2026","TestNetworkPrefix","test_network_parameters","",""
"","0","test_can_create_connection[Test for 3DPass, url: wss://rpc.3dpass.org]","tests","Mon Feb 23 15:22:07 UTC 2026","broken","Mon Feb 23 15:22:07 UTC 2026","","test_nodes_availability","",""
"","0","test_can_create_connection[Test for Crust Polkadot Parachain, url: wss://crust-parachain.crustapps.net]","tests","Mon Feb 23 15:21:38 UTC 2026","passed","Mon Feb 23 15:21:38 UTC 2026","","test_nodes_availability","",""
"","0","test_precision[Test for Kusama Relay]","tests","Mon Feb 23 15:19:22 UTC 2026","passed","Mon Feb 23 15:19:22 UTC 2026","TestPrecision","test_network_parameters","",""
"","0","test_rpc_method_is_available[Test for Amplitude, url: wss://rpc-amplitude.pendulumchain.tech]","tests","Mon Feb 23 15:21:23 UTC 2026","broken","Mon Feb 23 15:21:23 UTC 2026","","test_rpc_methods_availability","",""
"","0","test_chainId[Test for Mythos]","tests","Mon Feb 23 15:20:31 UTC 2026","passed","Mon Feb 23 15:20:31 UTC 2026","TestChainId","test_network_parameters","",""
"","0","test_can_create_connection[Test for Phala, url: wss://phala-rpc.n.dwellir.com]","tests","Mon Feb 23 15:20:30 UTC 2026","broken","Mon Feb 23 15:20:30 UTC 2026","","test_nodes_availability","",""
"","55","test_rpc_node_is_synced[Test for Hyperbridge Nexus, url: wss://nexus.ibp.network]","tests","Mon Feb 23 15:23:08 UTC 2026","passed","Mon Feb 23 15:23:08 UTC 2026","","test_substrate_node_is_synced","",""
"","11","test_rpc_node_is_synced[Test for Kusama Bridge Hub, url: wss://bridge-hub-kusama.dotters.network]","tests","Mon Feb 23 15:22:36 UTC 2026","passed","Mon Feb 23 15:22:36 UTC 2026","","test_substrate_node_is_synced","",""
"","150","test_rpc_node_is_synced[Test for DAO IPCI, url: wss://ipci.rpc.robonomics.network]","tests","Mon Feb 23 15:22:00 UTC 2026","passed","Mon Feb 23 15:22:00 UTC 2026","","test_substrate_node_is_synced","",""
"","0","test_rpc_method_is_available[Test for Crab, url: wss://crab-rpc.darwinia.network/]","tests","Mon Feb 23 15:22:14 UTC 2026","broken","Mon Feb 23 15:22:14 UTC 2026","","test_rpc_methods_availability","",""
"","0","test_chainId[Test for Ajuna]","tests","Mon Feb 23 15:20:15 UTC 2026","passed","Mon Feb 23 15:20:15 UTC 2026","TestChainId","test_network_parameters","",""
"","1","test_can_create_connection[Test for Polkadot People, url: wss://people-polkadot.public.curie.radiumblock.co/ws]","tests","Mon Feb 23 15:19:30 UTC 2026","passed","Mon Feb 23 15:19:30 UTC 2026","","test_nodes_availability","",""
"","0","test_chainId[Test for Kusama People]","tests","Mon Feb 23 15:19:13 UTC 2026","passed","Mon Feb 23 15:19:13 UTC 2026","TestChainId","test_network_parameters","",""
"","1","test_can_create_connection[Test for Shiden, url: wss://shiden.public.curie.radiumblock.co/ws]","tests","Mon Feb 23 15:20:10 UTC 2026","passed","Mon Feb 23 15:20:10 UTC 2026","","test_nodes_availability","",""
"","10","test_rpc_node_is_synced[Test for Encointer, url: wss://sys.ibp.network/encointer-kusama]","tests","Mon Feb 23 15:22:04 UTC 2026","passed","Mon Feb 23 15:22:04 UTC 2026","","test_substrate_node_is_synced","",""
"","0","test_address_prefix[Test for Bittensor]","tests","Mon Feb 23 15:20:21 UTC 2026","passed","Mon Feb 23 15:20:21 UTC 2026","TestNetworkPrefix","test_network_parameters","",""
"","1","test_precision[Test for Polkadot Relay]","tests","Mon Feb 23 15:19:17 UTC 2026","passed","Mon Feb 23 15:19:17 UTC 2026","TestPrecision","test_network_parameters","",""
"","154","test_rpc_method_is_available[Test for Shiden, url: wss://rpc.shiden.astar.network]","tests","Mon Feb 23 15:20:23 UTC 2026","passed","Mon Feb 23 15:20:23 UTC 2026","","test_rpc_methods_availability","",""
"","171","test_rpc_method_is_available[Test for Polkadot Relay, url: wss://polkadot.dotters.network]","tests","Mon Feb 23 15:19:31 UTC 2026","passed","Mon Feb 23 15:19:32 UTC 2026","","test_rpc_methods_availability","",""
"","159","test_rpc_method_is_available[Test for XX network, url: wss://rpc-hetzner.xx.network]","tests","Mon Feb 23 15:21:17 UTC 2026","passed","Mon Feb 23 15:21:17 UTC 2026","","test_rpc_methods_availability","",""
"","0","test_chainId[Test for Pendulum]","tests","Mon Feb 23 15:20:01 UTC 2026","passed","Mon Feb 23 15:20:01 UTC 2026","TestChainId","test_network_parameters","",""
"","0","test_can_create_connection[Test for Kusama Relay, url: wss://apps-kusama-rpc.polkadot.io]","tests","Mon Feb 23 15:19:33 UTC 2026","passed","Mon Feb 23 15:19:33 UTC 2026","","test_nodes_availability","",""
"","96","test_rpc_node_is_synced[Test for Polkadot Relay, url: wss://1rpc.io/dot]","tests","Mon Feb 23 15:19:51 UTC 2026","passed","Mon Feb 23 15:19:52 UTC 2026","","test_substrate_node_is_synced","",""
"","173","test_rpc_method_is_available[Test for Moonriver, url: wss://wss.api.moonriver.moonbeam.network]","tests","Mon Feb 23 15:19:55 UTC 2026","passed","Mon Feb 23 15:19:55 UTC 2026","","test_rpc_methods_availability","",""
"","56","test_rpc_node_is_synced[Test for Altair, url: wss://altair.api.onfinality.io/public-ws]","tests","Mon Feb 23 15:20:59 UTC 2026","passed","Mon Feb 23 15:20:59 UTC 2026","","test_substrate_node_is_synced","",""
"","172","test_rpc_method_is_available[Test for NeuroWeb, url: wss://parachain-rpc.origin-trail.network]","tests","Mon Feb 23 15:21:11 UTC 2026","passed","Mon Feb 23 15:21:11 UTC 2026","","test_rpc_methods_availability","",""
"","0","test_precision[Test for Heima]","tests","Mon Feb 23 15:19:54 UTC 2026","passed","Mon Feb 23 15:19:54 UTC 2026","TestPrecision","test_network_parameters","",""
"","0","test_can_create_connection[Test for Acala, url: wss://acala-rpc-1.aca-api.network]","tests","Mon Feb 23 15:20:12 UTC 2026","passed","Mon Feb 23 15:20:12 UTC 2026","","test_nodes_availability","",""
"","100","test_rpc_method_is_available[Test for Avail, url: wss://mainnet.avail-rpc.com/]","tests","Mon Feb 23 15:22:43 UTC 2026","passed","Mon Feb 23 15:22:43 UTC 2026","","test_rpc_methods_availability","",""
"","142","test_rpc_method_is_available[Test for Karura, url: wss://karura-rpc-3.aca-api.network/ws]","tests","Mon Feb 23 15:19:26 UTC 2026","passed","Mon Feb 23 15:19:26 UTC 2026","","test_rpc_methods_availability","",""
"","143","test_rpc_node_is_synced[Test for NeuroWeb, url: wss://parachain-rpc.origin-trail.network]","tests","Mon Feb 23 15:21:11 UTC 2026","passed","Mon Feb 23 15:21:11 UTC 2026","","test_substrate_node_is_synced","",""
"","1","test_address_prefix[Test for Moonriver]","tests","Mon Feb 23 15:19:17 UTC 2026","passed","Mon Feb 23 15:19:17 UTC 2026","TestNetworkPrefix","test_network_parameters","",""
"","1","test_chainId[Test for Karura]","tests","Mon Feb 23 15:19:15 UTC 2026","passed","Mon Feb 23 15:19:15 UTC 2026","TestChainId","test_network_parameters","",""
"","158","test_rpc_node_is_synced[Test for UNIQUE, url: wss://us-ws.unique.network/]","tests","Mon Feb 23 15:21:58 UTC 2026","passed","Mon Feb 23 15:21:58 UTC 2026","","test_substrate_node_is_synced","",""
"","157","test_rpc_method_is_available[Test for Heima, url: wss://rpc.litentry-parachain.litentry.io]","tests","Mon Feb 23 15:21:39 UTC 2026","passed","Mon Feb 23 15:21:40 UTC 2026","","test_rpc_methods_availability","",""
"","138","test_rpc_method_is_available[Test for Joystream, url: wss://rpc.joystream.org]","tests","Mon Feb 23 15:22:25 UTC 2026","passed","Mon Feb 23 15:22:25 UTC 2026","","test_rpc_methods_availability","",""
"","106","test_rpc_method_is_available[Test for Polkadot Asset Hub, url: wss://sys.ibp.network/asset-hub-polkadot]","tests","Mon Feb 23 15:21:01 UTC 2026","passed","Mon Feb 23 15:21:01 UTC 2026","","test_rpc_methods_availability","",""
"","46","test_rpc_node_is_synced[Test for Westend (TESTNET), url: wss://westend.public.curie.radiumblock.co/ws]","tests","Mon Feb 23 15:20:03 UTC 2026","passed","Mon Feb 23 15:20:03 UTC 2026","","test_substrate_node_is_synced","",""
"","0","test_rpc_node_is_synced[Test for Crab, url: wss://crab-rpc.darwinia.network/]","tests","Mon Feb 23 15:23:04 UTC 2026","broken","Mon Feb 23 15:23:04 UTC 2026","","test_substrate_node_is_synced","",""
"","10","test_rpc_node_is_synced[Test for Polkadot Collectives, url: wss://collectives-polkadot.dotters.network]","tests","Mon Feb 23 15:22:38 UTC 2026","passed","Mon Feb 23 15:22:38 UTC 2026","","test_substrate_node_is_synced","",""
"","235","test_rpc_node_is_synced[Test for Shiden, url: wss://rpc.shiden.astar.network]","tests","Mon Feb 23 15:20:21 UTC 2026","passed","Mon Feb 23 15:20:21 UTC 2026","","test_substrate_node_is_synced","",""
"","0","test_can_create_connection[Test for Enjin Relay, url: wss://rpc.relay.blockchain.enjin.io]","tests","Mon Feb 23 15:22:27 UTC 2026","passed","Mon Feb 23 15:22:27 UTC 2026","","test_nodes_availability","",""
"","10","test_rpc_node_is_synced[Test for Polkadot Relay, url: wss://rpc.ibp.network/polkadot]","tests","Mon Feb 23 15:19:27 UTC 2026","passed","Mon Feb 23 15:19:27 UTC 2026","","test_substrate_node_is_synced","",""
"","99","test_rpc_method_is_available[Test for Nodle Parachain, url: wss://nodle-parachain.api.onfinality.io/public-ws]","tests","Mon Feb 23 15:20:24 UTC 2026","passed","Mon Feb 23 15:20:24 UTC 2026","","test_rpc_methods_availability","",""
"","0","test_address_prefix[Test for Astar]","tests","Mon Feb 23 15:19:59 UTC 2026","passed","Mon Feb 23 15:19:59 UTC 2026","TestNetworkPrefix","test_network_parameters","",""
"","183","test_rpc_method_is_available[Test for Basilisk, url: wss://rpc.basilisk.cloud]","tests","Mon Feb 23 15:20:58 UTC 2026","passed","Mon Feb 23 15:20:58 UTC 2026","","test_rpc_methods_availability","",""
"","144","test_rpc_method_is_available[Test for Polkadot Coretime, url: wss://rpc-coretime-polkadot.luckyfriday.io]","tests","Mon Feb 23 15:23:02 UTC 2026","passed","Mon Feb 23 15:23:02 UTC 2026","","test_rpc_methods_availability","",""
"","1","test_address_prefix[Test for 3DPass]","tests","Mon Feb 23 15:20:10 UTC 2026","passed","Mon Feb 23 15:20:10 UTC 2026","TestNetworkPrefix","test_network_parameters","",""
"","0","test_chainId[Test for CC Enterprise]","tests","Mon Feb 23 15:20:39 UTC 2026","passed","Mon Feb 23 15:20:39 UTC 2026","TestChainId","test_network_parameters","",""
"","0","test_precision[Test for Acurast Canary]","tests","Mon Feb 23 15:20:54 UTC 2026","passed","Mon Feb 23 15:20:54 UTC 2026","TestPrecision","test_network_parameters","",""
"","192","test_rpc_method_is_available[Test for krest, url: wss://krest.api.onfinality.io/public-ws']","tests","Mon Feb 23 15:22:28 UTC 2026","passed","Mon Feb 23 15:22:28 UTC 2026","","test_rpc_methods_availability","",""
"","1","test_precision[Test for Kusama Bridge Hub]","tests","Mon Feb 23 15:20:29 UTC 2026","passed","Mon Feb 23 15:20:29 UTC 2026","TestPrecision","test_network_parameters","",""
"","0","test_can_create_connection[Test for Westend (TESTNET), url: wss://westend-rpc.polkadot.io]","tests","Mon Feb 23 15:19:56 UTC 2026","passed","Mon Feb 23 15:19:56 UTC 2026","","test_nodes_availability","",""
"","0","test_can_create_connection[Test for Avail, url: wss://avail.api.onfinality.io/public-ws]","tests","Mon Feb 23 15:22:36 UTC 2026","passed","Mon Feb 23 15:22:36 UTC 2026","","test_nodes_availability","",""
"","0","test_rpc_node_is_synced[Test for KILT, url: wss://spiritnet.kilt.io/]","tests","Mon Feb 23 15:21:25 UTC 2026","broken","Mon Feb 23 15:21:25 UTC 2026","","test_substrate_node_is_synced","",""
"","0","test_can_create_connection[Test for Laos, url: wss://rpc.laos.laosfoundation.io]","tests","Mon Feb 23 15:22:46 UTC 2026","passed","Mon Feb 23 15:22:46 UTC 2026","","test_nodes_availability","",""
"","0","test_can_create_connection[Test for Moonriver, url: wss://wss.api.moonriver.moonbeam.network]","tests","Mon Feb 23 15:19:55 UTC 2026","passed","Mon Feb 23 15:19:55 UTC 2026","","test_nodes_availability","",""
"","0","test_rpc_node_is_synced[Test for Amplitude, url: wss://rpc-amplitude.pendulumchain.tech]","tests","Mon Feb 23 15:21:46 UTC 2026","broken","Mon Feb 23 15:21:46 UTC 2026","","test_substrate_node_is_synced","",""
"","166","test_rpc_method_is_available[Test for Centrifuge Parachain, url: wss://rpc-centrifuge.luckyfriday.io]","tests","Mon Feb 23 15:20:43 UTC 2026","passed","Mon Feb 23 15:20:43 UTC 2026","","test_rpc_methods_availability","",""
"","0","test_can_create_connection[Test for Phala, url: wss://api.phala.network/ws]","tests","Mon Feb 23 15:20:35 UTC 2026","passed","Mon Feb 23 15:20:35 UTC 2026","","test_nodes_availability","",""
"","80","test_rpc_node_is_synced[Test for Phala, url: wss://api.phala.network/ws]","tests","Mon Feb 23 15:20:43 UTC 2026","passed","Mon Feb 23 15:20:43 UTC 2026","","test_substrate_node_is_synced","",""
"","0","test_address_prefix[Test for Acala]","tests","Mon Feb 23 15:19:37 UTC 2026","passed","Mon Feb 23 15:19:37 UTC 2026","TestNetworkPrefix","test_network_parameters","",""
"","161","test_rpc_node_is_synced[Test for Westend (TESTNET), url: wss://westend-rpc.polkadot.io]","tests","Mon Feb 23 15:19:57 UTC 2026","passed","Mon Feb 23 15:19:57 UTC 2026","","test_substrate_node_is_synced","",""
"","1","test_chainId[Test for Aventus]","tests","Mon Feb 23 15:20:05 UTC 2026","passed","Mon Feb 23 15:20:05 UTC 2026","TestChainId","test_network_parameters","",""
"","1","test_precision[Test for Altair]","tests","Mon Feb 23 15:19:16 UTC 2026","passed","Mon Feb 23 15:19:16 UTC 2026","TestPrecision","test_network_parameters","",""
"","1","test_address_prefix[Test for Interlay]","tests","Mon Feb 23 15:19:55 UTC 2026","passed","Mon Feb 23 15:19:55 UTC 2026","TestNetworkPrefix","test_network_parameters","",""
"","10","test_rpc_node_is_synced[Test for Kusama Asset Hub, url: wss://sys.ibp.network/statemine]","tests","Mon Feb 23 15:20:07 UTC 2026","passed","Mon Feb 23 15:20:07 UTC 2026","","test_substrate_node_is_synced","",""
"","0","test_address_prefix[Test for Crab]","tests","Mon Feb 23 15:20:31 UTC 2026","broken","Mon Feb 23 15:20:31 UTC 2026","TestNetworkPrefix","test_network_parameters","",""
"","98","test_rpc_method_is_available[Test for Ternoa, url: wss://mainnet.ternoa.network]","tests","Mon Feb 23 15:21:28 UTC 2026","passed","Mon Feb 23 15:21:28 UTC 2026","","test_rpc_methods_availability","",""
"","99","test_rpc_method_is_available[Test for Bittensor, url: wss://bittensor-finney.api.onfinality.io/public-ws]","tests","Mon Feb 23 15:21:58 UTC 2026","passed","Mon Feb 23 15:21:58 UTC 2026","","test_rpc_methods_availability","",""
"","0","test_address_prefix[Test for Avail]","tests","Mon Feb 23 15:21:05 UTC 2026","passed","Mon Feb 23 15:21:05 UTC 2026","TestNetworkPrefix","test_network_parameters","",""
"","58","test_rpc_node_is_synced[Test for Avail, url: wss://avail.api.onfinality.io/public-ws]","tests","Mon Feb 23 15:23:13 UTC 2026","passed","Mon Feb 23 15:23:13 UTC 2026","","test_substrate_node_is_synced","",""
"","0","test_precision[Test for Amplitude]","tests","Mon Feb 23 15:20:12 UTC 2026","broken","Mon Feb 23 15:20:12 UTC 2026","TestPrecision","test_network_parameters","",""
"","0","test_address_prefix[Test for Nodle Parachain]","tests","Mon Feb 23 15:20:00 UTC 2026","passed","Mon Feb 23 15:20:00 UTC 2026","TestNetworkPrefix","test_network_parameters","",""
"","99","test_rpc_method_is_available[Test for Westend (TESTNET), url: wss://westend-rpc.polkadot.io]","tests","Mon Feb 23 15:19:58 UTC 2026","passed","Mon Feb 23 15:19:58 UTC 2026","","test_rpc_methods_availability","",""
"","173","test_rpc_method_is_available[Test for Astar, url: wss://astar-rpc.n.dwellir.com]","tests","Mon Feb 23 15:20:40 UTC 2026","passed","Mon Feb 23 15:20:40 UTC 2026","","test_rpc_methods_availability","",""
"","0","test_chainId[Test for Kusama Bridge Hub]","tests","Mon Feb 23 15:20:11 UTC 2026","passed","Mon Feb 23 15:20:11 UTC 2026","TestChainId","test_network_parameters","",""
"","323","test_rpc_node_is_synced[Test for Acala, url: wss://acala-rpc-0.aca-api.network]","tests","Mon Feb 23 15:20:17 UTC 2026","passed","Mon Feb 23 15:20:18 UTC 2026","","test_substrate_node_is_synced","",""
"","325","test_rpc_node_is_synced[Test for Karura, url: wss://karura-rpc-1.aca-api.network]","tests","Mon Feb 23 15:19:22 UTC 2026","passed","Mon Feb 23 15:19:22 UTC 2026","","test_substrate_node_is_synced","",""
"","0","test_can_create_connection[Test for Polkadot Asset Hub, url: wss://asset-hub-polkadot-rpc.n.dwellir.com]","tests","Mon Feb 23 15:20:47 UTC 2026","passed","Mon Feb 23 15:20:47 UTC 2026","","test_nodes_availability","",""
"","104","test_rpc_method_is_available[Test for Shiden, url: wss://shiden.public.curie.radiumblock.co/ws]","tests","Mon Feb 23 15:20:31 UTC 2026","passed","Mon Feb 23 15:20:31 UTC 2026","","test_rpc_methods_availability","",""
"","0","test_chainId[Test for Aleph Zero]","tests","Mon Feb 23 15:19:29 UTC 2026","passed","Mon Feb 23 15:19:29 UTC 2026","TestChainId","test_network_parameters","",""
"","99","test_rpc_method_is_available[Test for Heima, url: wss://heima-rpc.n.dwellir.com]","tests","Mon Feb 23 15:21:45 UTC 2026","passed","Mon Feb 23 15:21:45 UTC 2026","","test_rpc_methods_availability","",""
"","110","test_rpc_method_is_available[Test for Kusama Coretime, url: wss://sys.ibp.network/coretime-kusama]","tests","Mon Feb 23 15:23:01 UTC 2026","passed","Mon Feb 23 15:23:01 UTC 2026","","test_rpc_methods_availability","",""
"","0","test_precision[Test for Robonomics]","tests","Mon Feb 23 15:20:06 UTC 2026","passed","Mon Feb 23 15:20:06 UTC 2026","TestPrecision","test_network_parameters","",""
"","0","test_precision[Test for Polkadot Collectives]","tests","Mon Feb 23 15:20:31 UTC 2026","passed","Mon Feb 23 15:20:31 UTC 2026","TestPrecision","test_network_parameters","",""
"","0","test_precision[Test for XX network]","tests","Mon Feb 23 15:20:05 UTC 2026","passed","Mon Feb 23 15:20:05 UTC 2026","TestPrecision","test_network_parameters","",""
"","0","test_can_create_connection[Test for Heima, url: wss://heima-rpc.n.dwellir.com]","tests","Mon Feb 23 15:21:31 UTC 2026","passed","Mon Feb 23 15:21:31 UTC 2026","","test_nodes_availability","",""
"","0","test_can_create_connection[Test for Hyperbridge Nexus, url: wss://hyperbridge-nexus-rpc.blockops.network]","tests","Mon Feb 23 15:22:44 UTC 2026","passed","Mon Feb 23 15:22:44 UTC 2026","","test_nodes_availability","",""
"","205","test_rpc_node_is_synced[Test for JAMTON, url: wss://rpc.jamton.network]","tests","Mon Feb 23 15:23:35 UTC 2026","passed","Mon Feb 23 15:23:36 UTC 2026","","test_substrate_node_is_synced","",""
"","0","test_address_prefix[Test for Polkadot Coretime]","tests","Mon Feb 23 15:21:14 UTC 2026","passed","Mon Feb 23 15:21:14 UTC 2026","TestNetworkPrefix","test_network_parameters","",""
"","0","test_chainId[Test for QUARTZ]","tests","Mon Feb 23 15:19:23 UTC 2026","broken","Mon Feb 23 15:19:23 UTC 2026","TestChainId","test_network_parameters","",""
"","0","test_precision[Test for Bittensor]","tests","Mon Feb 23 15:20:20 UTC 2026","passed","Mon Feb 23 15:20:20 UTC 2026","TestPrecision","test_network_parameters","",""
"","166","test_rpc_node_is_synced[Test for Crust Shadow, url: wss://rpc-shadow.crust.network/]","tests","Mon Feb 23 15:20:55 UTC 2026","passed","Mon Feb 23 15:20:55 UTC 2026","","test_substrate_node_is_synced","",""
"","0","test_address_prefix[Test for Kusama Bridge Hub]","tests","Mon Feb 23 15:20:36 UTC 2026","passed","Mon Feb 23 15:20:36 UTC 2026","TestNetworkPrefix","test_network_parameters","",""
"","71","test_rpc_node_is_synced[Test for Zeitgeist, url: wss://zeitgeist.api.onfinality.io/public-ws]","tests","Mon Feb 23 15:20:20 UTC 2026","passed","Mon Feb 23 15:20:20 UTC 2026","","test_substrate_node_is_synced","",""
"","114","test_rpc_method_is_available[Test for Polkadot Collectives, url: wss://collectives.public.curie.radiumblock.co/ws]","tests","Mon Feb 23 15:22:20 UTC 2026","passed","Mon Feb 23 15:22:20 UTC 2026","","test_rpc_methods_availability","",""
"","0","test_address_prefix[Test for Centrifuge Parachain]","tests","Mon Feb 23 15:19:44 UTC 2026","passed","Mon Feb 23 15:19:44 UTC 2026","TestNetworkPrefix","test_network_parameters","",""
"","0","test_chainId[Test for Astar]","tests","Mon Feb 23 15:19:24 UTC 2026","passed","Mon Feb 23 15:19:24 UTC 2026","TestChainId","test_network_parameters","",""
"","98","test_rpc_method_is_available[Test for Bifrost Polkadot, url: wss://hk.p.bifrost-rpc.liebi.com/ws]","tests","Mon Feb 23 15:21:28 UTC 2026","passed","Mon Feb 23 15:21:28 UTC 2026","","test_rpc_methods_availability","",""
"","0","test_rpc_method_is_available[Test for QUARTZ, url: wss://us-ws-quartz.unique.network]","tests","Mon Feb 23 15:20:06 UTC 2026","broken","Mon Feb 23 15:20:06 UTC 2026","","test_rpc_methods_availability","",""
"","0","test_precision[Test for Cere]","tests","Mon Feb 23 15:20:53 UTC 2026","passed","Mon Feb 23 15:20:53 UTC 2026","TestPrecision","test_network_parameters","",""
"","137","test_rpc_node_is_synced[Test for Creditcoin, url: wss://mainnet3.creditcoin.network]","tests","Mon Feb 23 15:23:22 UTC 2026","passed","Mon Feb 23 15:23:22 UTC 2026","","test_substrate_node_is_synced","",""
"","0","test_can_create_connection[Test for Kintsugi, url: wss://api-kusama.interlay.io/parachain]","tests","Mon Feb 23 15:20:34 UTC 2026","passed","Mon Feb 23 15:20:34 UTC 2026","","test_nodes_availability","",""
"","0","test_precision[Test for Mythos]","tests","Mon Feb 23 15:20:45 UTC 2026","passed","Mon Feb 23 15:20:45 UTC 2026","TestPrecision","test_network_parameters","",""
"","105","test_rpc_method_is_available[Test for Kusama Relay, url: wss://rpc-kusama-1.novasama-tech.org]","tests","Mon Feb 23 15:20:02 UTC 2026","passed","Mon Feb 23 15:20:02 UTC 2026","","test_rpc_methods_availability","",""
"","1","test_can_create_connection[Test for Phala, url: wss://phala.public.curie.radiumblock.co/ws]","tests","Mon Feb 23 15:20:38 UTC 2026","passed","Mon Feb 23 15:20:38 UTC 2026","","test_nodes_availability","",""
"","1","test_address_prefix[Test for Energy Web X]","tests","Mon Feb 23 15:20:59 UTC 2026","passed","Mon Feb 23 15:20:59 UTC 2026","TestNetworkPrefix","test_network_parameters","",""
"","0","test_address_prefix[Test for Hydration]","tests","Mon Feb 23 15:19:50 UTC 2026","passed","Mon Feb 23 15:19:50 UTC 2026","TestNetworkPrefix","test_network_parameters","",""
"","1","test_can_create_connection[Test for Acala, url: wss://acala-rpc-0.aca-api.network]","tests","Mon Feb 23 15:20:09 UTC 2026","passed","Mon Feb 23 15:20:09 UTC 2026","","test_nodes_availability","",""
"","0","test_chainId[Test for Enjin Relay]","tests","Mon Feb 23 15:20:30 UTC 2026","passed","Mon Feb 23 15:20:30 UTC 2026","TestChainId","test_network_parameters","",""
"","0","test_address_prefix[Test for Moonbeam]","tests","Mon Feb 23 15:19:29 UTC 2026","passed","Mon Feb 23 15:19:29 UTC 2026","TestNetworkPrefix","test_network_parameters","",""
"","0","test_can_create_connection[Test for Kusama Relay, url: wss://kusama.dotters.network]","tests","Mon Feb 23 15:19:28 UTC 2026","passed","Mon Feb 23 15:19:28 UTC 2026","","test_nodes_availability","",""
"","1","test_can_create_connection[Test for Bittensor, url: wss://lite.sub.latent.to:443]","tests","Mon Feb 23 15:22:09 UTC 2026","passed","Mon Feb 23 15:22:09 UTC 2026","","test_nodes_availability","",""
"","0","test_can_create_connection[Test for Humanode, url: wss://explorer-rpc-ws.mainnet.stages.humanode.io]","tests","Mon Feb 23 15:22:42 UTC 2026","passed","Mon Feb 23 15:22:42 UTC 2026","","test_nodes_availability","",""
"","0","test_can_create_connection[Test for Joystream, url: wss://rpc.joystream.org]","tests","Mon Feb 23 15:22:21 UTC 2026","passed","Mon Feb 23 15:22:21 UTC 2026","","test_nodes_availability","",""
"","109","test_rpc_method_is_available[Test for Hydration, url: wss://rpc-hydra.novasama-tech.org]","tests","Mon Feb 23 15:20:48 UTC 2026","passed","Mon Feb 23 15:20:49 UTC 2026","","test_rpc_methods_availability","",""
"","86","test_rpc_node_is_synced[Test for Pendulum, url: wss://rpc-pendulum.prd.pendulumchain.tech]","tests","Mon Feb 23 15:22:03 UTC 2026","passed","Mon Feb 23 15:22:03 UTC 2026","","test_substrate_node_is_synced","",""
"","0","test_can_create_connection[Test for QUARTZ, url: wss://eu-ws-quartz.unique.network]","tests","Mon Feb 23 15:21:24 UTC 2026","broken","Mon Feb 23 15:21:24 UTC 2026","","test_nodes_availability","",""
"","0","test_rpc_node_is_synced[Test for Polkadex, url: wss://polkadex.public.curie.radiumblock.co/ws]","tests","Mon Feb 23 15:21:05 UTC 2026","broken","Mon Feb 23 15:21:05 UTC 2026","","test_substrate_node_is_synced","",""
"","0","test_address_prefix[Test for Crust Shadow]","tests","Mon Feb 23 15:19:39 UTC 2026","passed","Mon Feb 23 15:19:39 UTC 2026","TestNetworkPrefix","test_network_parameters","",""
"","0","test_address_prefix[Test for KILT]","tests","Mon Feb 23 15:19:22 UTC 2026","passed","Mon Feb 23 15:19:22 UTC 2026","TestNetworkPrefix","test_network_parameters","",""
"","0","test_precision[Test for Tangle]","tests","Mon Feb 23 15:21:13 UTC 2026","passed","Mon Feb 23 15:21:13 UTC 2026","TestPrecision","test_network_parameters","",""
"","0","test_precision[Test for QUARTZ]","tests","Mon Feb 23 15:19:30 UTC 2026","broken","Mon Feb 23 15:19:30 UTC 2026","TestPrecision","test_network_parameters","",""
"","173","test_rpc_method_is_available[Test for Kusama Coretime, url: wss://ksm-rpc.stakeworld.io/coretime]","tests","Mon Feb 23 15:23:08 UTC 2026","passed","Mon Feb 23 15:23:09 UTC 2026","","test_rpc_methods_availability","",""
"","9","test_rpc_node_is_synced[Test for Kusama People, url: wss://sys.ibp.network/people-kusama]","tests","Mon Feb 23 15:19:39 UTC 2026","passed","Mon Feb 23 15:19:39 UTC 2026","","test_substrate_node_is_synced","",""
"","108","test_rpc_method_is_available[Test for Polymesh, url: wss://mainnet-rpc.polymesh.network]","tests","Mon Feb 23 15:21:32 UTC 2026","passed","Mon Feb 23 15:21:32 UTC 2026","","test_rpc_methods_availability","",""
"","160","test_rpc_node_is_synced[Test for Basilisk, url: wss://rpc.basilisk.cloud]","tests","Mon Feb 23 15:20:55 UTC 2026","passed","Mon Feb 23 15:20:55 UTC 2026","","test_substrate_node_is_synced","",""
"","0","test_address_prefix[Test for Kusama People]","tests","Mon Feb 23 15:19:22 UTC 2026","passed","Mon Feb 23 15:19:22 UTC 2026","TestNetworkPrefix","test_network_parameters","",""
"","0","test_address_prefix[Test for Altair]","tests","Mon Feb 23 15:19:18 UTC 2026","passed","Mon Feb 23 15:19:18 UTC 2026","TestNetworkPrefix","test_network_parameters","",""
"","1","test_can_create_connection[Test for Tangle, url: wss://rpc.tangle.tools]","tests","Mon Feb 23 15:22:49 UTC 2026","passed","Mon Feb 23 15:22:49 UTC 2026","","test_nodes_availability","",""
"","66","test_rpc_node_is_synced[Test for Interlay, url: wss://rpc-interlay.luckyfriday.io/]","tests","Mon Feb 23 15:20:20 UTC 2026","passed","Mon Feb 23 15:20:20 UTC 2026","","test_substrate_node_is_synced","",""
"","217","test_rpc_node_is_synced[Test for Ajuna, url: wss://ajuna.ibp.network]","tests","Mon Feb 23 15:22:14 UTC 2026","passed","Mon Feb 23 15:22:14 UTC 2026","","test_substrate_node_is_synced","",""
"","173","test_rpc_node_is_synced[Test for Joystream, url: wss://rpc.joystream.org]","tests","Mon Feb 23 15:22:50 UTC 2026","passed","Mon Feb 23 15:22:50 UTC 2026","","test_substrate_node_is_synced","",""
"","0","test_can_create_connection[Test for Polkadot Relay, url: wss://rpc.ibp.network/polkadot]","tests","Mon Feb 23 15:19:28 UTC 2026","passed","Mon Feb 23 15:19:28 UTC 2026","","test_nodes_availability","",""
"","1","test_address_prefix[Test for Polkadot Asset Hub]","tests","Mon Feb 23 15:20:07 UTC 2026","passed","Mon Feb 23 15:20:07 UTC 2026","TestNetworkPrefix","test_network_parameters","",""
"","0","test_can_create_connection[Test for Crust Shadow, url: wss://rpc-sha-subscan.crustnetwork.xyz]","tests","Mon Feb 23 15:20:42 UTC 2026","passed","Mon Feb 23 15:20:42 UTC 2026","","test_nodes_availability","",""
"","0","test_address_prefix[Test for Creditcoin]","tests","Mon Feb 23 15:21:08 UTC 2026","passed","Mon Feb 23 15:21:08 UTC 2026","TestNetworkPrefix","test_network_parameters","",""
"","1","test_address_prefix[Test for Manta Atlantic]","tests","Mon Feb 23 15:20:43 UTC 2026","passed","Mon Feb 23 15:20:43 UTC 2026","TestNetworkPrefix","test_network_parameters","",""
"","57","test_rpc_node_is_synced[Test for krest, url: wss://krest.api.onfinality.io/public-ws']","tests","Mon Feb 23 15:22:50 UTC 2026","passed","Mon Feb 23 15:22:50 UTC 2026","","test_substrate_node_is_synced","",""
"","0","test_can_create_connection[Test for Hydration, url: wss://hydration.ibp.network]","tests","Mon Feb 23 15:21:37 UTC 2026","passed","Mon Feb 23 15:21:37 UTC 2026","","test_nodes_availability","",""
"","0","test_address_prefix[Test for Robonomics]","tests","Mon Feb 23 15:20:11 UTC 2026","passed","Mon Feb 23 15:20:11 UTC 2026","TestNetworkPrefix","test_network_parameters","",""
"","142","test_rpc_method_is_available[Test for Hydration, url: wss://hydration.dotters.network]","tests","Mon Feb 23 15:20:11 UTC 2026","passed","Mon Feb 23 15:20:11 UTC 2026","","test_rpc_methods_availability","",""
"","0","test_chainId[Test for Kreivo]","tests","Mon Feb 23 15:20:35 UTC 2026","passed","Mon Feb 23 15:20:35 UTC 2026","TestChainId","test_network_parameters","",""
"","158","test_rpc_node_is_synced[Test for Astar, url: wss://astar.public.curie.radiumblock.co/ws]","tests","Mon Feb 23 15:21:41 UTC 2026","passed","Mon Feb 23 15:21:41 UTC 2026","","test_substrate_node_is_synced","",""
"","176","test_rpc_method_is_available[Test for Polkadot People, url: wss://polkadot-people-rpc.polkadot.io]","tests","Mon Feb 23 15:19:20 UTC 2026","passed","Mon Feb 23 15:19:20 UTC 2026","","test_rpc_methods_availability","",""
"","100","test_rpc_method_is_available[Test for Acala, url: wss://acala-rpc-1.aca-api.network]","tests","Mon Feb 23 15:20:13 UTC 2026","passed","Mon Feb 23 15:20:13 UTC 2026","","test_rpc_methods_availability","",""
"","1","test_chainId[Test for Crust Shadow]","tests","Mon Feb 23 15:19:30 UTC 2026","passed","Mon Feb 23 15:19:30 UTC 2026","TestChainId","test_network_parameters","",""
"","0","test_can_create_connection[Test for QUARTZ, url: wss://us-ws-quartz.unique.network]","tests","Mon Feb 23 15:20:06 UTC 2026","broken","Mon Feb 23 15:20:06 UTC 2026","","test_nodes_availability","",""
"","0","test_can_create_connection[Test for Kusama People, url: wss://people-kusama.dotters.network]","tests","Mon Feb 23 15:19:38 UTC 2026","passed","Mon Feb 23 15:19:38 UTC 2026","","test_nodes_availability","",""
"","327","test_rpc_node_is_synced[Test for Acala, url: wss://acala-rpc-1.aca-api.network]","tests","Mon Feb 23 15:20:21 UTC 2026","passed","Mon Feb 23 15:20:22 UTC 2026","","test_substrate_node_is_synced","",""
"","160","test_rpc_node_is_synced[Test for Basilisk, url: wss://basilisk-rpc.n.dwellir.com]","tests","Mon Feb 23 15:20:49 UTC 2026","passed","Mon Feb 23 15:20:49 UTC 2026","","test_substrate_node_is_synced","",""
"","99","test_rpc_method_is_available[Test for Moonriver, url: wss://moonriver-rpc.publicnode.com]","tests","Mon Feb 23 15:19:52 UTC 2026","passed","Mon Feb 23 15:19:52 UTC 2026","","test_rpc_methods_availability","",""
"","160","test_rpc_method_is_available[Test for 3DPass, url: wss://rpc.p3d.top]","tests","Mon Feb 23 15:22:15 UTC 2026","passed","Mon Feb 23 15:22:15 UTC 2026","","test_rpc_methods_availability","",""
"","102","test_rpc_method_is_available[Test for Acurast Canary, url: wss://public-rpc.canary.acurast.com]","tests","Mon Feb 23 15:22:35 UTC 2026","passed","Mon Feb 23 15:22:36 UTC 2026","","test_rpc_methods_availability","",""
"","0","test_precision[Test for Frequency]","tests","Mon Feb 23 15:20:20 UTC 2026","passed","Mon Feb 23 15:20:20 UTC 2026","TestPrecision","test_network_parameters","",""
"","0","test_can_create_connection[Test for Curio, url: wss://archive.parachain.curioinvest.com]","tests","Mon Feb 23 15:22:38 UTC 2026","broken","Mon Feb 23 15:22:38 UTC 2026","","test_nodes_availability","",""
"","0","test_address_prefix[Test for DeepBrain]","tests","Mon Feb 23 15:21:18 UTC 2026","broken","Mon Feb 23 15:21:18 UTC 2026","TestNetworkPrefix","test_network_parameters","",""
"","0","test_precision[Test for KILT]","tests","Mon Feb 23 15:19:19 UTC 2026","passed","Mon Feb 23 15:19:19 UTC 2026","TestPrecision","test_network_parameters","",""
"","73","test_rpc_node_is_synced[Test for Bittensor, url: wss://lite.sub.latent.to:443]","tests","Mon Feb 23 15:22:30 UTC 2026","passed","Mon Feb 23 15:22:30 UTC 2026","","test_substrate_node_is_synced","",""
"","0","test_precision[Test for Hyperbridge Nexus]","tests","Mon Feb 23 15:20:48 UTC 2026","passed","Mon Feb 23 15:20:48 UTC 2026","TestPrecision","test_network_parameters","",""
"","0","test_can_create_connection[Test for Bifrost Kusama, url: wss://bifrost-rpc.liebi.com/ws]","tests","Mon Feb 23 15:20:17 UTC 2026","passed","Mon Feb 23 15:20:17 UTC 2026","","test_nodes_availability","",""
"","0","test_can_create_connection[Test for Polkadot Asset Hub, url: wss://sys.ibp.network/asset-hub-polkadot]","tests","Mon Feb 23 15:20:51 UTC 2026","passed","Mon Feb 23 15:20:51 UTC 2026","","test_nodes_availability","",""
"","1","test_can_create_connection[Test for XX network, url: wss://rpc.xx.network]","tests","Mon Feb 23 15:21:41 UTC 2026","passed","Mon Feb 23 15:21:41 UTC 2026","","test_nodes_availability","",""
"","0","test_can_create_connection[Test for QUARTZ, url: wss://quartz.unique.network]","tests","Mon Feb 23 15:21:13 UTC 2026","broken","Mon Feb 23 15:21:13 UTC 2026","","test_nodes_availability","",""
"","0","test_can_create_connection[Test for Vara, url: wss://rpc.vara-network.io]","tests","Mon Feb 23 15:22:10 UTC 2026","passed","Mon Feb 23 15:22:10 UTC 2026","","test_nodes_availability","",""
"","122","test_rpc_method_is_available[Test for Polkadot Collectives, url: wss://collectives-polkadot.dotters.network]","tests","Mon Feb 23 15:22:15 UTC 2026","passed","Mon Feb 23 15:22:15 UTC 2026","","test_rpc_methods_availability","",""
"","0","test_precision[Test for GIANT]","tests","Mon Feb 23 15:20:37 UTC 2026","broken","Mon Feb 23 15:20:37 UTC 2026","TestPrecision","test_network_parameters","",""
"","51","test_rpc_node_is_synced[Test for Ethereum, url: https://1rpc.io/eth]","tests","Mon Feb 23 15:19:25 UTC 2026","broken","Mon Feb 23 15:19:25 UTC 2026","TestETHNodesAvailability","test_eth_nodes_availability","",""
"","0","test_can_create_connection[Test for Bittensor, url: wss://bittensor-finney.api.onfinality.io/public-ws]","tests","Mon Feb 23 15:22:12 UTC 2026","passed","Mon Feb 23 15:22:12 UTC 2026","","test_nodes_availability","",""
"","0","test_precision[Test for DeepBrain]","tests","Mon Feb 23 15:21:07 UTC 2026","broken","Mon Feb 23 15:21:07 UTC 2026","TestPrecision","test_network_parameters","",""
"","102","test_rpc_method_is_available[Test for peaq, url: wss://peaq-rpc.publicnode.com]","tests","Mon Feb 23 15:22:54 UTC 2026","passed","Mon Feb 23 15:22:54 UTC 2026","","test_rpc_methods_availability","",""
"","0","test_precision[Test for Bifrost Kusama]","tests","Mon Feb 23 15:19:49 UTC 2026","passed","Mon Feb 23 15:19:49 UTC 2026","TestPrecision","test_network_parameters","",""
"","0","test_can_create_connection[Test for Aventus, url: wss://avn-parachain.mainnet.aventus.io]","tests","Mon Feb 23 15:21:53 UTC 2026","passed","Mon Feb 23 15:21:53 UTC 2026","","test_nodes_availability","",""
"","51","test_rpc_node_is_synced[Test for Ethereum, url: https://ethereum-rpc.publicnode.com]","tests","Mon Feb 23 15:19:25 UTC 2026","broken","Mon Feb 23 15:19:25 UTC 2026","TestETHNodesAvailability","test_eth_nodes_availability","",""
"","188","test_rpc_node_is_synced[Test for Hyperbridge Nexus, url: wss://hyperbridge-nexus-rpc.blockops.network]","tests","Mon Feb 23 15:23:12 UTC 2026","passed","Mon Feb 23 15:23:12 UTC 2026","","test_substrate_node_is_synced","",""
"","0","test_precision[Test for DENTNet]","tests","Mon Feb 23 15:20:56 UTC 2026","passed","Mon Feb 23 15:20:56 UTC 2026","TestPrecision","test_network_parameters","",""
"","0","test_precision[Test for Joystream]","tests","Mon Feb 23 15:20:49 UTC 2026","passed","Mon Feb 23 15:20:49 UTC 2026","TestPrecision","test_network_parameters","",""
"","0","test_precision[Test for Shiden]","tests","Mon Feb 23 15:19:42 UTC 2026","passed","Mon Feb 23 15:19:42 UTC 2026","TestPrecision","test_network_parameters","",""
"","195","test_rpc_node_is_synced[Test for Avail, url: wss://mainnet.avail-rpc.com/]","tests","Mon Feb 23 15:23:17 UTC 2026","passed","Mon Feb 23 15:23:18 UTC 2026","","test_substrate_node_is_synced","",""
"","0","test_rpc_method_is_available[Test for KILT, url: wss://kilt.ibp.network]","tests","Mon Feb 23 15:21:13 UTC 2026","broken","Mon Feb 23 15:21:13 UTC 2026","","test_rpc_methods_availability","",""
"","0","test_rpc_node_is_synced[Test for KILT, url: wss://kilt.ibp.network]","tests","Mon Feb 23 15:21:10 UTC 2026","broken","Mon Feb 23 15:21:10 UTC 2026","","test_substrate_node_is_synced","",""
"","161","test_rpc_node_is_synced[Test for Karura, url: wss://karura-rpc.n.dwellir.com]","tests","Mon Feb 23 15:19:38 UTC 2026","passed","Mon Feb 23 15:19:38 UTC 2026","","test_substrate_node_is_synced","",""
"","0","test_precision[Test for Kusama Asset Hub]","tests","Mon Feb 23 15:19:30 UTC 2026","passed","Mon Feb 23 15:19:30 UTC 2026","TestPrecision","test_network_parameters","",""
"","61","test_rpc_node_is_synced[Test for Bifrost Polkadot, url: wss://bifrost-polkadot.dotters.network]","tests","Mon Feb 23 15:21:21 UTC 2026","passed","Mon Feb 23 15:21:21 UTC 2026","","test_substrate_node_is_synced","",""
"","0","test_address_prefix[Test for Kusama Coretime]","tests","Mon Feb 23 15:21:20 UTC 2026","passed","Mon Feb 23 15:21:20 UTC 2026","TestNetworkPrefix","test_network_parameters","",""
"","11","test_rpc_node_is_synced[Test for Kusama Relay, url: wss://kusama.dotters.network]","tests","Mon Feb 23 15:19:27 UTC 2026","passed","Mon Feb 23 15:19:27 UTC 2026","","test_substrate_node_is_synced","",""
"","100","test_rpc_method_is_available[Test for Moonriver, url: wss://moonriver.public.curie.radiumblock.co/ws]","tests","Mon Feb 23 15:19:58 UTC 2026","passed","Mon Feb 23 15:19:58 UTC 2026","","test_rpc_methods_availability","",""
"","0","test_precision[Test for NeuroWeb]","tests","Mon Feb 23 15:19:43 UTC 2026","passed","Mon Feb 23 15:19:43 UTC 2026","TestPrecision","test_network_parameters","",""
"","168","test_rpc_method_is_available[Test for Centrifuge Parachain, url: wss://fullnode.centrifuge.io]","tests","Mon Feb 23 15:20:38 UTC 2026","passed","Mon Feb 23 15:20:38 UTC 2026","","test_rpc_methods_availability","",""
"","0","test_can_create_connection[Test for Moonriver, url: wss://moonriver.public.curie.radiumblock.co/ws]","tests","Mon Feb 23 15:19:54 UTC 2026","passed","Mon Feb 23 15:19:54 UTC 2026","","test_nodes_availability","",""
"","1","test_chainId[Test for NeuroWeb]","tests","Mon Feb 23 15:19:37 UTC 2026","passed","Mon Feb 23 15:19:37 UTC 2026","TestChainId","test_network_parameters","",""
"","163","test_rpc_node_is_synced[Test for Polkadex, url: wss://so.polkadex.ee]","tests","Mon Feb 23 15:20:53 UTC 2026","passed","Mon Feb 23 15:20:53 UTC 2026","","test_substrate_node_is_synced","",""
"","106","test_rpc_method_is_available[Test for Laos, url: wss://rpc.laos.laosfoundation.io]","tests","Mon Feb 23 15:22:55 UTC 2026","passed","Mon Feb 23 15:22:55 UTC 2026","","test_rpc_methods_availability","",""
"","0","test_chainId[Test for Joystream]","tests","Mon Feb 23 15:20:23 UTC 2026","passed","Mon Feb 23 15:20:23 UTC 2026","TestChainId","test_network_parameters","",""
"","0","test_address_prefix[Test for Laos]","tests","Mon Feb 23 15:21:16 UTC 2026","passed","Mon Feb 23 15:21:16 UTC 2026","TestNetworkPrefix","test_network_parameters","",""
"","156","test_rpc_method_is_available[Test for Hydration, url: wss://rpc.hydradx.cloud]","tests","Mon Feb 23 15:20:55 UTC 2026","passed","Mon Feb 23 15:20:56 UTC 2026","","test_rpc_methods_availability","",""
"","1","test_can_create_connection[Test for Bifrost Polkadot, url: wss://bifrost-polkadot.ibp.network]","tests","Mon Feb 23 15:21:04 UTC 2026","passed","Mon Feb 23 15:21:04 UTC 2026","","test_nodes_availability","",""
"","0","test_rpc_method_is_available[Test for Curio, url: wss://archive.parachain.curioinvest.com]","tests","Mon Feb 23 15:22:46 UTC 2026","broken","Mon Feb 23 15:22:46 UTC 2026","","test_rpc_methods_availability","",""
"","104","test_rpc_node_is_synced[Test for Kreivo, url: wss://kreivo.kippu.rocks/]","tests","Mon Feb 23 15:23:05 UTC 2026","passed","Mon Feb 23 15:23:05 UTC 2026","","test_substrate_node_is_synced","",""
"","10","test_rpc_node_is_synced[Test for Kusama Asset Hub, url: wss://asset-hub-kusama.dotters.network]","tests","Mon Feb 23 15:19:16 UTC 2026","passed","Mon Feb 23 15:19:16 UTC 2026","","test_substrate_node_is_synced","",""
"","0","test_can_create_connection[Test for Manta Atlantic, url: wss://ws.manta.systems]","tests","Mon Feb 23 15:22:21 UTC 2026","passed","Mon Feb 23 15:22:21 UTC 2026","","test_nodes_availability","",""
"","0","test_chainId[Test for Hydration]","tests","Mon Feb 23 15:19:41 UTC 2026","passed","Mon Feb 23 15:19:41 UTC 2026","TestChainId","test_network_parameters","",""
"","0","test_rpc_node_is_synced[Test for 3DPass, url: wss://rpc.3dpass.org]","tests","Mon Feb 23 15:22:28 UTC 2026","broken","Mon Feb 23 15:22:28 UTC 2026","","test_substrate_node_is_synced","",""
"","103","test_rpc_method_is_available[Test for Frequency, url: wss://0.rpc.frequency.xyz]","tests","Mon Feb 23 15:22:16 UTC 2026","passed","Mon Feb 23 15:22:16 UTC 2026","","test_rpc_methods_availability","",""
"","0","test_chainId[Test for Cere]","tests","Mon Feb 23 15:20:38 UTC 2026","passed","Mon Feb 23 15:20:38 UTC 2026","TestChainId","test_network_parameters","",""
"","0","test_chainId[Test for Basilisk]","tests","Mon Feb 23 15:19:24 UTC 2026","passed","Mon Feb 23 15:19:24 UTC 2026","TestChainId","test_network_parameters","",""
"","0","test_rpc_method_is_available[Test for GIANT, url: wss://rpc-anchor-1-mainnet-az-ue1.giantprotocol.org:443]","tests","Mon Feb 23 15:22:07 UTC 2026","broken","Mon Feb 23 15:22:07 UTC 2026","","test_rpc_methods_availability","",""
"","0","test_can_create_connection[Test for Karura, url: wss://karura-rpc.n.dwellir.com]","tests","Mon Feb 23 15:19:32 UTC 2026","passed","Mon Feb 23 15:19:32 UTC 2026","","test_nodes_availability","",""
"","110","test_rpc_method_is_available[Test for Kusama Coretime, url: wss://kusama-coretime-rpc.polkadot.io]","tests","Mon Feb 23 15:23:06 UTC 2026","passed","Mon Feb 23 15:23:06 UTC 2026","","test_rpc_methods_availability","",""
"","0","test_can_create_connection[Test for KILT, url: wss://kilt.dotters.network]","tests","Mon Feb 23 15:20:50 UTC 2026","passed","Mon Feb 23 15:20:50 UTC 2026","","test_nodes_availability","",""
"","0","test_precision[Test for Pendulum]","tests","Mon Feb 23 15:20:07 UTC 2026","passed","Mon Feb 23 15:20:07 UTC 2026","TestPrecision","test_network_parameters","",""
"","65","test_rpc_node_is_synced[Test for Polkadot People, url: wss://rpc-people-polkadot.luckyfriday.io]","tests","Mon Feb 23 15:19:29 UTC 2026","passed","Mon Feb 23 15:19:29 UTC 2026","","test_substrate_node_is_synced","",""
"","0","test_address_prefix[Test for Curio]","tests","Mon Feb 23 15:20:57 UTC 2026","broken","Mon Feb 23 15:20:57 UTC 2026","TestNetworkPrefix","test_network_parameters","",""
"","102","test_rpc_method_is_available[Test for Darwinia, url: wss://rpc.darwinia.network]","tests","Mon Feb 23 15:22:03 UTC 2026","passed","Mon Feb 23 15:22:03 UTC 2026","","test_rpc_methods_availability","",""
"","0","test_can_create_connection[Test for Ajuna, url: wss://ajuna.dotters.network]","tests","Mon Feb 23 15:21:56 UTC 2026","passed","Mon Feb 23 15:21:56 UTC 2026","","test_nodes_availability","",""
"","144","test_rpc_method_is_available[Test for Karura, url: wss://karura-rpc-2.aca-api.network/ws]","tests","Mon Feb 23 15:19:22 UTC 2026","passed","Mon Feb 23 15:19:22 UTC 2026","","test_rpc_methods_availability","",""
"","101","test_rpc_method_is_available[Test for Pendulum, url: wss://rpc-pendulum.prd.pendulumchain.tech]","tests","Mon Feb 23 15:21:23 UTC 2026","passed","Mon Feb 23 15:21:23 UTC 2026","","test_rpc_methods_availability","",""
"","10","test_rpc_node_is_synced[Test for Polkadot Collectives, url: wss://sys.ibp.network/collectives-polkadot]","tests","Mon Feb 23 15:22:43 UTC 2026","passed","Mon Feb 23 15:22:43 UTC 2026","","test_substrate_node_is_synced","",""
"","107","test_rpc_method_is_available[Test for Bifrost Polkadot, url: wss://bifrost-polkadot.ibp.network]","tests","Mon Feb 23 15:21:15 UTC 2026","passed","Mon Feb 23 15:21:15 UTC 2026","","test_rpc_methods_availability","",""
"","1","test_can_create_connection[Test for Nodle Parachain, url: wss://nodle-parachain.api.onfinality.io/public-ws]","tests","Mon Feb 23 15:20:19 UTC 2026","passed","Mon Feb 23 15:20:19 UTC 2026","","test_nodes_availability","",""
"","0","test_can_create_connection[Test for Bifrost Polkadot, url: wss://eu.bifrost-polkadot-rpc.liebi.com/ws]","tests","Mon Feb 23 15:21:21 UTC 2026","passed","Mon Feb 23 15:21:21 UTC 2026","","test_nodes_availability","",""
"","0","test_rpc_method_is_available[Test for Phala, url: wss://phala-rpc.n.dwellir.com]","tests","Mon Feb 23 15:20:35 UTC 2026","broken","Mon Feb 23 15:20:35 UTC 2026","","test_rpc_methods_availability","",""
"","10","test_rpc_node_is_synced[Test for Polkadot Coretime, url: wss://sys.ibp.network/coretime-polkadot]","tests","Mon Feb 23 15:23:25 UTC 2026","passed","Mon Feb 23 15:23:25 UTC 2026","","test_substrate_node_is_synced","",""
"","0","test_precision[Test for Nodle Parachain]","tests","Mon Feb 23 15:19:58 UTC 2026","passed","Mon Feb 23 15:19:58 UTC 2026","TestPrecision","test_network_parameters","",""
"","1","test_can_create_connection[Test for Kusama Relay, url: wss://kusama.public.curie.radiumblock.co/ws]","tests","Mon Feb 23 15:19:50 UTC 2026","passed","Mon Feb 23 15:19:50 UTC 2026","","test_nodes_availability","",""
"","102","test_rpc_node_is_synced[Test for Polkadot Coretime, url: wss://rpc-coretime-polkadot.luckyfriday.io]","tests","Mon Feb 23 15:23:31 UTC 2026","passed","Mon Feb 23 15:23:31 UTC 2026","","test_substrate_node_is_synced","",""
"","167","test_rpc_node_is_synced[Test for UNIQUE, url: wss://eu-ws.unique.network/]","tests","Mon Feb 23 15:21:51 UTC 2026","passed","Mon Feb 23 15:21:51 UTC 2026","","test_substrate_node_is_synced","",""
"","1","test_precision[Test for Polkadot People]","tests","Mon Feb 23 15:19:16 UTC 2026","passed","Mon Feb 23 15:19:16 UTC 2026","TestPrecision","test_network_parameters","",""
"","0","test_chainId[Test for Bittensor]","tests","Mon Feb 23 15:20:08 UTC 2026","passed","Mon Feb 23 15:20:08 UTC 2026","TestChainId","test_network_parameters","",""
"","170","test_rpc_node_is_synced[Test for XX network, url: wss://rpc.xx.network]","tests","Mon Feb 23 15:22:07 UTC 2026","passed","Mon Feb 23 15:22:07 UTC 2026","","test_substrate_node_is_synced","",""
"","0","test_can_create_connection[Test for Karura, url: wss://karura-rpc-3.aca-api.network/ws]","tests","Mon Feb 23 15:19:27 UTC 2026","passed","Mon Feb 23 15:19:27 UTC 2026","","test_nodes_availability","",""
"","11","test_rpc_node_is_synced[Test for Kusama Coretime, url: wss://coretime-kusama.dotters.network]","tests","Mon Feb 23 15:23:31 UTC 2026","passed","Mon Feb 23 15:23:31 UTC 2026","","test_substrate_node_is_synced","",""
"","0","test_precision[Test for Centrifuge Parachain]","tests","Mon Feb 23 15:19:43 UTC 2026","passed","Mon Feb 23 15:19:43 UTC 2026","TestPrecision","test_network_parameters","",""
"","46","test_rpc_node_is_synced[Test for Phala, url: wss://phala.public.curie.radiumblock.co/ws]","tests","Mon Feb 23 15:20:46 UTC 2026","passed","Mon Feb 23 15:20:46 UTC 2026","","test_substrate_node_is_synced","",""
"","0","test_precision[Test for Curio]","tests","Mon Feb 23 15:20:47 UTC 2026","broken","Mon Feb 23 15:20:47 UTC 2026","TestPrecision","test_network_parameters","",""
"","0","test_chainId[Test for Bifrost Polkadot]","tests","Mon Feb 23 15:19:42 UTC 2026","passed","Mon Feb 23 15:19:42 UTC 2026","TestChainId","test_network_parameters","",""
"","0","test_can_create_connection[Test for Polkadot Relay, url: wss://rpc-polkadot-2.novasama-tech.org]","tests","Mon Feb 23 15:19:23 UTC 2026","passed","Mon Feb 23 15:19:23 UTC 2026","","test_nodes_availability","",""
"","0","test_chainId[Test for Curio]","tests","Mon Feb 23 15:20:36 UTC 2026","broken","Mon Feb 23 15:20:36 UTC 2026","TestChainId","test_network_parameters","",""
"","1","test_address_prefix[Test for Bifrost Polkadot]","tests","Mon Feb 23 15:19:51 UTC 2026","passed","Mon Feb 23 15:19:51 UTC 2026","TestNetworkPrefix","test_network_parameters","",""
"","172","test_rpc_node_is_synced[Test for Polkadot Relay, url: wss://rpc-polkadot-2.novasama-tech.org]","tests","Mon Feb 23 15:19:22 UTC 2026","passed","Mon Feb 23 15:19:22 UTC 2026","","test_substrate_node_is_synced","",""
"","175","test_rpc_method_is_available[Test for Bifrost Kusama, url: wss://bifrost-rpc.liebi.com/ws]","tests","Mon Feb 23 15:20:39 UTC 2026","passed","Mon Feb 23 15:20:39 UTC 2026","","test_rpc_methods_availability","",""
"","0","test_address_prefix[Test for Encointer]","tests","Mon Feb 23 15:20:12 UTC 2026","passed","Mon Feb 23 15:20:12 UTC 2026","TestNetworkPrefix","test_network_parameters","",""
"","137","test_rpc_node_is_synced[Test for Cere, url: wss://rpc.mainnet.cere.network/ws]","tests","Mon Feb 23 15:23:17 UTC 2026","passed","Mon Feb 23 15:23:17 UTC 2026","","test_substrate_node_is_synced","",""
"","0","test_chainId[Test for Vara]","tests","Mon Feb 23 15:20:07 UTC 2026","passed","Mon Feb 23 15:20:07 UTC 2026","TestChainId","test_network_parameters","",""
"","0","test_can_create_connection[Test for Kusama Relay, url: wss://rpc-kusama-1.novasama-tech.org]","tests","Mon Feb 23 15:20:23 UTC 2026","passed","Mon Feb 23 15:20:23 UTC 2026","","test_nodes_availability","",""
"","0","test_address_prefix[Test for CC Enterprise]","tests","Mon Feb 23 15:21:11 UTC 2026","passed","Mon Feb 23 15:21:11 UTC 2026","TestNetworkPrefix","test_network_parameters","",""
"","1","test_can_create_connection[Test for Kusama Coretime, url: wss://rpc-coretime-kusama.luckyfriday.io]","tests","Mon Feb 23 15:22:55 UTC 2026","passed","Mon Feb 23 15:22:55 UTC 2026","","test_nodes_availability","",""
"","151","test_rpc_node_is_synced[Test for Bifrost Polkadot, url: wss://eu.bifrost-polkadot-rpc.liebi.com/ws]","tests","Mon Feb 23 15:21:34 UTC 2026","passed","Mon Feb 23 15:21:34 UTC 2026","","test_substrate_node_is_synced","",""
"","0","test_address_prefix[Test for UNIQUE]","tests","Mon Feb 23 15:19:42 UTC 2026","passed","Mon Feb 23 15:19:42 UTC 2026","TestNetworkPrefix","test_network_parameters","",""
"","171","test_rpc_node_is_synced[Test for Kusama People, url: wss://kusama-people-rpc.polkadot.io]","tests","Mon Feb 23 15:19:37 UTC 2026","passed","Mon Feb 23 15:19:37 UTC 2026","","test_substrate_node_is_synced","",""
"","0","test_address_prefix[Test for Basilisk]","tests","Mon Feb 23 15:19:34 UTC 2026","passed","Mon Feb 23 15:19:34 UTC 2026","TestNetworkPrefix","test_network_parameters","",""
"","61","test_rpc_node_is_synced[Test for Bittensor, url: wss://entrypoint-finney.opentensor.ai:443]","tests","Mon Feb 23 15:22:02 UTC 2026","passed","Mon Feb 23 15:22:02 UTC 2026","","test_substrate_node_is_synced","",""
"","55","test_rpc_node_is_synced[Test for UNIQUE, url: wss://unique.ibp.network]","tests","Mon Feb 23 15:21:31 UTC 2026","passed","Mon Feb 23 15:21:31 UTC 2026","","test_substrate_node_is_synced","",""
"","0","test_precision[Test for Polkadot Asset Hub]","tests","Mon Feb 23 15:20:03 UTC 2026","passed","Mon Feb 23 15:20:03 UTC 2026","TestPrecision","test_network_parameters","",""
"","1","test_can_create_connection[Test for Polkadot Coretime, url: wss://polkadot-coretime-rpc.polkadot.io]","tests","Mon Feb 23 15:22:54 UTC 2026","passed","Mon Feb 23 15:22:54 UTC 2026","","test_nodes_availability","",""
"","174","test_rpc_method_is_available[Test for Avail, url: wss://avail.api.onfinality.io/public-ws]","tests","Mon Feb 23 15:22:48 UTC 2026","passed","Mon Feb 23 15:22:49 UTC 2026","","test_rpc_methods_availability","",""
"","157","test_rpc_node_is_synced[Test for Acala, url: wss://acala-rpc.n.dwellir.com]","tests","Mon Feb 23 15:20:34 UTC 2026","passed","Mon Feb 23 15:20:34 UTC 2026","","test_substrate_node_is_synced","",""
"","174","test_rpc_method_is_available[Test for Hydration, url: wss://hydration.ibp.network]","tests","Mon Feb 23 15:21:00 UTC 2026","passed","Mon Feb 23 15:21:00 UTC 2026","","test_rpc_methods_availability","",""
"","0","test_can_create_connection[Test for GIANT, url: wss://rpc-anchor-1-mainnet-az-ue1.giantprotocol.org:443]","tests","Mon Feb 23 15:21:53 UTC 2026","broken","Mon Feb 23 15:21:53 UTC 2026","","test_nodes_availability","",""
"","105","test_rpc_method_is_available[Test for Kreivo, url: wss://kreivo.kippu.rocks/]","tests","Mon Feb 23 15:22:40 UTC 2026","passed","Mon Feb 23 15:22:40 UTC 2026","","test_rpc_methods_availability","",""
"","1","test_can_create_connection[Test for Hydration, url: wss://rpc-hydra.novasama-tech.org]","tests","Mon Feb 23 15:21:27 UTC 2026","passed","Mon Feb 23 15:21:27 UTC 2026","","test_nodes_availability","",""
"","0","test_address_prefix[Test for Kreivo]","tests","Mon Feb 23 15:21:03 UTC 2026","passed","Mon Feb 23 15:21:03 UTC 2026","TestNetworkPrefix","test_network_parameters","",""
"","0","test_rpc_node_is_synced[Test for Curio, url: wss://parachain.curioinvest.com/]","tests","Mon Feb 23 15:23:01 UTC 2026","broken","Mon Feb 23 15:23:01 UTC 2026","","test_substrate_node_is_synced","",""
"","159","test_rpc_node_is_synced[Test for Tanssi, url: wss://services.tanssi-mainnet.network/tanssi]","tests","Mon Feb 23 15:23:42 UTC 2026","passed","Mon Feb 23 15:23:42 UTC 2026","","test_substrate_node_is_synced","",""
"","0","test_rpc_node_is_synced[Test for Aventus, url: wss://avn-parachain.mainnet.aventus.io]","tests","Mon Feb 23 15:22:20 UTC 2026","broken","Mon Feb 23 15:22:20 UTC 2026","","test_substrate_node_is_synced","",""
"","0","test_rpc_method_is_available[Test for Aventus, url: wss://public-rpc.mainnet.aventus.io]","tests","Mon Feb 23 15:21:52 UTC 2026","broken","Mon Feb 23 15:21:52 UTC 2026","","test_rpc_methods_availability","",""
"","157","test_rpc_method_is_available[Test for Interlay, url: wss://rpc-interlay.luckyfriday.io/]","tests","Mon Feb 23 15:20:21 UTC 2026","passed","Mon Feb 23 15:20:21 UTC 2026","","test_rpc_methods_availability","",""
"","145","test_rpc_node_is_synced[Test for Humanode, url: wss://explorer-rpc-ws.mainnet.stages.humanode.io]","tests","Mon Feb 23 15:23:21 UTC 2026","passed","Mon Feb 23 15:23:21 UTC 2026","","test_substrate_node_is_synced","",""
"","0","test_chainId[Test for Hyperbridge Nexus]","tests","Mon Feb 23 15:20:31 UTC 2026","passed","Mon Feb 23 15:20:31 UTC 2026","TestChainId","test_network_parameters","",""
"","157","test_rpc_method_is_available[Test for Polkadot Bridge Hub, url: wss://bridge-hub-polkadot.dotters.network]","tests","Mon Feb 23 15:22:25 UTC 2026","passed","Mon Feb 23 15:22:25 UTC 2026","","test_rpc_methods_availability","",""
"","0","test_precision[Test for Kreivo]","tests","Mon Feb 23 15:20:47 UTC 2026","passed","Mon Feb 23 15:20:47 UTC 2026","TestPrecision","test_network_parameters","",""
"","99","test_rpc_method_is_available[Test for Humanode, url: wss://explorer-rpc-ws.mainnet.stages.humanode.io]","tests","Mon Feb 23 15:22:55 UTC 2026","passed","Mon Feb 23 15:22:55 UTC 2026","","test_rpc_methods_availability","",""
"","146","test_rpc_node_is_synced[Test for Acurast, url: wss://public-archive.mainnet.acurast.com]","tests","Mon Feb 23 15:23:41 UTC 2026","passed","Mon Feb 23 15:23:42 UTC 2026","","test_substrate_node_is_synced","",""
"","0","test_chainId[Test for Polkadex]","tests","Mon Feb 23 15:19:33 UTC 2026","passed","Mon Feb 23 15:19:33 UTC 2026","TestChainId","test_network_parameters","",""
"","1","test_chainId[Test for krest]","tests","Mon Feb 23 15:20:28 UTC 2026","passed","Mon Feb 23 15:20:28 UTC 2026","TestChainId","test_network_parameters","",""
"","0","test_address_prefix[Test for Kusama Asset Hub]","tests","Mon Feb 23 15:19:34 UTC 2026","passed","Mon Feb 23 15:19:34 UTC 2026","TestNetworkPrefix","test_network_parameters","",""
"","156","test_rpc_node_is_synced[Test for Polkadot People, url: wss://polkadot-people-rpc.polkadot.io]","tests","Mon Feb 23 15:19:21 UTC 2026","passed","Mon Feb 23 15:19:21 UTC 2026","","test_substrate_node_is_synced","",""
"","0","test_rpc_method_is_available[Test for QUARTZ, url: wss://eu-ws-quartz.unique.network]","tests","Mon Feb 23 15:21:51 UTC 2026","broken","Mon Feb 23 15:21:51 UTC 2026","","test_rpc_methods_availability","",""
"","44","test_rpc_node_is_synced[Test for Kusama Relay, url: wss://kusama.public.curie.radiumblock.co/ws]","tests","Mon Feb 23 15:19:51 UTC 2026","passed","Mon Feb 23 15:19:51 UTC 2026","","test_substrate_node_is_synced","",""
"","0","test_can_create_connection[Test for Polkadot Relay, url: wss://1rpc.io/dot]","tests","Mon Feb 23 15:19:51 UTC 2026","passed","Mon Feb 23 15:19:51 UTC 2026","","test_nodes_availability","",""
"","0","test_chainId[Test for Humanode]","tests","Mon Feb 23 15:20:42 UTC 2026","passed","Mon Feb 23 15:20:42 UTC 2026","TestChainId","test_network_parameters","",""
"","0","test_chainId[Test for Centrifuge Parachain]","tests","Mon Feb 23 15:19:34 UTC 2026","passed","Mon Feb 23 15:19:34 UTC 2026","TestChainId","test_network_parameters","",""
"","0","test_chainId[Test for Kusama Coretime]","tests","Mon Feb 23 15:20:48 UTC 2026","passed","Mon Feb 23 15:20:48 UTC 2026","TestChainId","test_network_parameters","",""
"","0","test_chainId[Test for Manta Atlantic]","tests","Mon Feb 23 15:20:22 UTC 2026","passed","Mon Feb 23 15:20:22 UTC 2026","TestChainId","test_network_parameters","",""
"","0","test_precision[Test for Kintsugi]","tests","Mon Feb 23 15:20:13 UTC 2026","passed","Mon Feb 23 15:20:13 UTC 2026","TestPrecision","test_network_parameters","",""
"","0","test_can_create_connection[Test for Robonomics, url: wss://kusama.rpc.robonomics.network/]","tests","Mon Feb 23 15:20:59 UTC 2026","passed","Mon Feb 23 15:20:59 UTC 2026","","test_nodes_availability","",""
"","0","test_can_create_connection[Test for Acala, url: wss://acala-rpc-2.aca-api.network/ws]","tests","Mon Feb 23 15:20:15 UTC 2026","passed","Mon Feb 23 15:20:15 UTC 2026","","test_nodes_availability","",""
"","1","test_address_prefix[Test for Cere]","tests","Mon Feb 23 15:20:59 UTC 2026","passed","Mon Feb 23 15:20:59 UTC 2026","TestNetworkPrefix","test_network_parameters","",""
"","0","test_can_create_connection[Test for UNIQUE, url: wss://unique.ibp.network]","tests","Mon Feb 23 15:21:08 UTC 2026","passed","Mon Feb 23 15:21:08 UTC 2026","","test_nodes_availability","",""
"","138","test_rpc_node_is_synced[Test for Energy Web X, url: wss://public-rpc.mainnet.energywebx.com/]","tests","Mon Feb 23 15:22:54 UTC 2026","passed","Mon Feb 23 15:22:54 UTC 2026","","test_substrate_node_is_synced","",""
"","60","test_rpc_node_is_synced[Test for 3DPass, url: wss://rpc.p3d.top]","tests","Mon Feb 23 15:22:32 UTC 2026","passed","Mon Feb 23 15:22:32 UTC 2026","","test_substrate_node_is_synced","",""
"","0","test_address_prefix[Test for Polkadot Collectives]","tests","Mon Feb 23 15:20:29 UTC 2026","passed","Mon Feb 23 15:20:29 UTC 2026","TestNetworkPrefix","test_network_parameters","",""
"","0","test_can_create_connection[Test for Polkadot Relay, url: wss://polkadot.dotters.network]","tests","Mon Feb 23 15:19:32 UTC 2026","passed","Mon Feb 23 15:19:32 UTC 2026","","test_nodes_availability","",""
"","0","test_precision[Test for Astar]","tests","Mon Feb 23 15:19:56 UTC 2026","passed","Mon Feb 23 15:19:56 UTC 2026","TestPrecision","test_network_parameters","",""
"","1","test_address_prefix[Test for peaq]","tests","Mon Feb 23 15:21:14 UTC 2026","passed","Mon Feb 23 15:21:14 UTC 2026","TestNetworkPrefix","test_network_parameters","",""
"","167","test_rpc_node_is_synced[Test for UNIQUE, url: wss://asia-ws.unique.network/]","tests","Mon Feb 23 15:21:27 UTC 2026","passed","Mon Feb 23 15:21:27 UTC 2026","","test_substrate_node_is_synced","",""
"","103","test_rpc_method_is_available[Test for KILT, url: wss://kilt.dotters.network]","tests","Mon Feb 23 15:21:18 UTC 2026","passed","Mon Feb 23 15:21:18 UTC 2026","","test_rpc_methods_availability","",""
"","81","test_rpc_node_is_synced[Test for Kusama Relay, url: wss://rpc-kusama.luckyfriday.io]","tests","Mon Feb 23 15:19:38 UTC 2026","passed","Mon Feb 23 15:19:38 UTC 2026","","test_substrate_node_is_synced","",""
"","0","test_can_create_connection[Test for Kusama Asset Hub, url: wss://sys.ibp.network/statemine]","tests","Mon Feb 23 15:20:05 UTC 2026","passed","Mon Feb 23 15:20:05 UTC 2026","","test_nodes_availability","",""
"","0","test_can_create_connection[Test for Moonbeam, url: wss://moonbeam.dotters.network]","tests","Mon Feb 23 15:19:47 UTC 2026","passed","Mon Feb 23 15:19:47 UTC 2026","","test_nodes_availability","",""
"","0","test_address_prefix[Test for Ternoa]","tests","Mon Feb 23 15:19:59 UTC 2026","passed","Mon Feb 23 15:19:59 UTC 2026","TestNetworkPrefix","test_network_parameters","",""
"","99","test_rpc_method_is_available[Test for Interlay, url: wss://api.interlay.io/parachain]","tests","Mon Feb 23 15:20:17 UTC 2026","passed","Mon Feb 23 15:20:17 UTC 2026","","test_rpc_methods_availability","",""
"","101","test_rpc_method_is_available[Test for Crust Shadow, url: wss://rpc-shadow.crust.network/]","tests","Mon Feb 23 15:20:33 UTC 2026","passed","Mon Feb 23 15:20:33 UTC 2026","","test_rpc_methods_availability","",""
"","10","test_rpc_node_is_synced[Test for Polkadot People, url: wss://sys.ibp.network/people-polkadot]","tests","Mon Feb 23 15:19:24 UTC 2026","passed","Mon Feb 23 15:19:24 UTC 2026","","test_substrate_node_is_synced","",""
"","0","test_address_prefix[Test for Amplitude]","tests","Mon Feb 23 15:19:53 UTC 2026","broken","Mon Feb 23 15:19:53 UTC 2026","TestNetworkPrefix","test_network_parameters","",""
"","0","test_chainId[Test for Darwinia]","tests","Mon Feb 23 15:20:13 UTC 2026","passed","Mon Feb 23 15:20:13 UTC 2026","TestChainId","test_network_parameters","",""
"","0","test_chainId[Test for Crust Polkadot Parachain]","tests","Mon Feb 23 15:20:07 UTC 2026","passed","Mon Feb 23 15:20:07 UTC 2026","TestChainId","test_network_parameters","",""
"","0","test_can_create_connection[Test for Westend (TESTNET), url: wss://westend.public.curie.radiumblock.co/ws]","tests","Mon Feb 23 15:20:02 UTC 2026","passed","Mon Feb 23 15:20:02 UTC 2026","","test_nodes_availability","",""
"","0","test_rpc_node_is_synced[Test for QUARTZ, url: wss://quartz.unique.network]","tests","Mon Feb 23 15:21:38 UTC 2026","broken","Mon Feb 23 15:21:38 UTC 2026","","test_substrate_node_is_synced","",""
"","161","test_rpc_node_is_synced[Test for Shiden, url: wss://shiden-rpc.n.dwellir.com]","tests","Mon Feb 23 15:20:26 UTC 2026","passed","Mon Feb 23 15:20:26 UTC 2026","","test_substrate_node_is_synced","",""
"","0","test_address_prefix[Test for DENTNet]","tests","Mon Feb 23 15:21:09 UTC 2026","passed","Mon Feb 23 15:21:09 UTC 2026","TestNetworkPrefix","test_network_parameters","",""
"","0","test_can_create_connection[Test for Polkadex, url: wss://polkadex.public.curie.radiumblock.co/ws]","tests","Mon Feb 23 15:20:55 UTC 2026","broken","Mon Feb 23 15:20:55 UTC 2026","","test_nodes_availability","",""
"","0","test_address_prefix[Test for QUARTZ]","tests","Mon Feb 23 15:19:33 UTC 2026","broken","Mon Feb 23 15:19:33 UTC 2026","TestNetworkPrefix","test_network_parameters","",""
"","309","test_rpc_method_is_available[Test for Karura, url: wss://karura-rpc-0.aca-api.network]","tests","Mon Feb 23 15:19:14 UTC 2026","passed","Mon Feb 23 15:19:14 UTC 2026","","test_rpc_methods_availability","",""
"","0","test_rpc_node_is_synced[Test for Phala, url: wss://phala-rpc.n.dwellir.com]","tests","Mon Feb 23 15:20:38 UTC 2026","broken","Mon Feb 23 15:20:38 UTC 2026","","test_substrate_node_is_synced","",""
"","0","test_can_create_connection[Test for Polkadot People, url: wss://rpc-people-polkadot.luckyfriday.io]","tests","Mon Feb 23 15:19:28 UTC 2026","passed","Mon Feb 23 15:19:28 UTC 2026","","test_nodes_availability","",""
"","139","test_rpc_method_is_available[Test for Kusama Relay, url: wss://kusama.public.curie.radiumblock.co/ws]","tests","Mon Feb 23 15:19:52 UTC 2026","passed","Mon Feb 23 15:19:52 UTC 2026","","test_rpc_methods_availability","",""
"","0","test_precision[Test for Westend (TESTNET)]","tests","Mon Feb 23 15:19:27 UTC 2026","passed","Mon Feb 23 15:19:27 UTC 2026","TestPrecision","test_network_parameters","",""
"","0","test_rpc_node_is_synced[Test for Astar, url: wss://rpc.astar.network]","tests","Mon Feb 23 15:21:15 UTC 2026","broken","Mon Feb 23 15:21:15 UTC 2026","","test_substrate_node_is_synced","",""
"","10","test_rpc_node_is_synced[Test for Polkadot People, url: wss://people-polkadot.dotters.network]","tests","Mon Feb 23 15:19:26 UTC 2026","passed","Mon Feb 23 15:19:27 UTC 2026","","test_substrate_node_is_synced","",""
"","0","test_address_prefix[Test for Phala]","tests","Mon Feb 23 15:20:05 UTC 2026","passed","Mon Feb 23 15:20:05 UTC 2026","TestNetworkPrefix","test_network_parameters","",""
"","31","test_rpc_node_is_synced[Test for Aleph Zero, url: wss://ws.azero.dev]","tests","Mon Feb 23 15:20:47 UTC 2026","passed","Mon Feb 23 15:20:47 UTC 2026","","test_substrate_node_is_synced","",""
"","0","test_can_create_connection[Test for JAMTON, url: wss://rpc.jamton.network]","tests","Mon Feb 23 15:22:50 UTC 2026","passed","Mon Feb 23 15:22:50 UTC 2026","","test_nodes_availability","",""
"","0","test_precision[Test for Avail]","tests","Mon Feb 23 15:20:56 UTC 2026","passed","Mon Feb 23 15:20:56 UTC 2026","TestPrecision","test_network_parameters","",""
"","139","test_rpc_method_is_available[Test for Kusama People, url: wss://people-kusama.dotters.network]","tests","Mon Feb 23 15:19:42 UTC 2026","passed","Mon Feb 23 15:19:42 UTC 2026","","test_rpc_methods_availability","",""
"","0","test_can_create_connection[Test for Kusama Bridge Hub, url: wss://sys.ibp.network/bridgehub-kusama]","tests","Mon Feb 23 15:22:13 UTC 2026","passed","Mon Feb 23 15:22:13 UTC 2026","","test_nodes_availability","",""
"","154","test_rpc_method_is_available[Test for Moonbeam, url: wss://moonbeam.dotters.network]","tests","Mon Feb 23 15:19:44 UTC 2026","passed","Mon Feb 23 15:19:45 UTC 2026","","test_rpc_methods_availability","",""
"","0","test_precision[Test for Moonriver]","tests","Mon Feb 23 15:19:16 UTC 2026","passed","Mon Feb 23 15:19:16 UTC 2026","TestPrecision","test_network_parameters","",""
"","136","test_rpc_method_is_available[Test for Polkadex, url: wss://so.polkadex.ee]","tests","Mon Feb 23 15:20:53 UTC 2026","passed","Mon Feb 23 15:20:54 UTC 2026","","test_rpc_methods_availability","",""
"","0","test_chainId[Test for Moonriver]","tests","Mon Feb 23 15:19:09 UTC 2026","passed","Mon Feb 23 15:19:09 UTC 2026","TestChainId","test_network_parameters","",""
"","0","test_chainId[Test for Interlay]","tests","Mon Feb 23 15:19:46 UTC 2026","passed","Mon Feb 23 15:19:46 UTC 2026","TestChainId","test_network_parameters","",""
"","0","test_precision[Test for Kusama Coretime]","tests","Mon Feb 23 15:21:16 UTC 2026","passed","Mon Feb 23 15:21:16 UTC 2026","TestPrecision","test_network_parameters","",""
"","103","test_rpc_method_is_available[Test for Altair, url: wss://altair.api.onfinality.io/public-ws]","tests","Mon Feb 23 15:21:02 UTC 2026","passed","Mon Feb 23 15:21:02 UTC 2026","","test_rpc_methods_availability","",""
"","110","test_rpc_method_is_available[Test for Encointer, url: wss://encointer-kusama.dotters.network]","tests","Mon Feb 23 15:20:04 UTC 2026","passed","Mon Feb 23 15:20:04 UTC 2026","","test_rpc_methods_availability","",""
"","0","test_chainId[Test for DENTNet]","tests","Mon Feb 23 15:20:45 UTC 2026","passed","Mon Feb 23 15:20:45 UTC 2026","TestChainId","test_network_parameters","",""
"","51","test_rpc_node_is_synced[Test for Moonbeam, url: wss://moonbeam.public.curie.radiumblock.co/ws]","tests","Mon Feb 23 15:19:59 UTC 2026","passed","Mon Feb 23 15:19:59 UTC 2026","","test_substrate_node_is_synced","",""
"","1","test_can_create_connection[Test for krest, url: wss://krest.api.onfinality.io/public-ws']","tests","Mon Feb 23 15:22:27 UTC 2026","passed","Mon Feb 23 15:22:27 UTC 2026","","test_nodes_availability","",""
"","1","test_chainId[Test for Kintsugi]","tests","Mon Feb 23 15:19:42 UTC 2026","passed","Mon Feb 23 15:19:42 UTC 2026","TestChainId","test_network_parameters","",""
"","0","test_can_create_connection[Test for Shiden, url: wss://rpc.shiden.astar.network]","tests","Mon Feb 23 15:19:59 UTC 2026","passed","Mon Feb 23 15:19:59 UTC 2026","","test_nodes_availability","",""
"","0","test_address_prefix[Test for Polkadex]","tests","Mon Feb 23 15:19:40 UTC 2026","passed","Mon Feb 23 15:19:40 UTC 2026","TestNetworkPrefix","test_network_parameters","",""
"","102","test_rpc_method_is_available[Test for Encointer, url: wss://api.kusama.encointer.org]","tests","Mon Feb 23 15:20:08 UTC 2026","passed","Mon Feb 23 15:20:08 UTC 2026","","test_rpc_methods_availability","",""
"","106","test_rpc_method_is_available[Test for Polkadot Relay, url: wss://rpc.ibp.network/polkadot]","tests","Mon Feb 23 15:19:27 UTC 2026","passed","Mon Feb 23 15:19:27 UTC 2026","","test_rpc_methods_availability","",""
"","1","test_address_prefix[Test for Westend (TESTNET)]","tests","Mon Feb 23 15:19:30 UTC 2026","passed","Mon Feb 23 15:19:30 UTC 2026","TestNetworkPrefix","test_network_parameters","",""
"","95","test_rpc_node_is_synced[Test for Enjin Relay, url: wss://rpc.relay.blockchain.enjin.io]","tests","Mon Feb 23 15:22:53 UTC 2026","passed","Mon Feb 23 15:22:53 UTC 2026","","test_substrate_node_is_synced","",""
"","0","test_can_create_connection[Test for Hyperbridge Nexus, url: wss://nexus.dotters.network]","tests","Mon Feb 23 15:22:32 UTC 2026","passed","Mon Feb 23 15:22:32 UTC 2026","","test_nodes_availability","",""
"","0","test_can_create_connection[Test for Basilisk, url: wss://rpc.basilisk.cloud]","tests","Mon Feb 23 15:20:31 UTC 2026","passed","Mon Feb 23 15:20:31 UTC 2026","","test_nodes_availability","",""
"","154","test_rpc_method_is_available[Test for Polkadot Coretime, url: wss://polkadot-coretime-rpc.polkadot.io]","tests","Mon Feb 23 15:23:00 UTC 2026","passed","Mon Feb 23 15:23:01 UTC 2026","","test_rpc_methods_availability","",""
"","1","test_can_create_connection[Test for Polkadot Collectives, url: wss://sys.ibp.network/collectives-polkadot]","tests","Mon Feb 23 15:22:23 UTC 2026","passed","Mon Feb 23 15:22:23 UTC 2026","","test_nodes_availability","",""
"","0","test_precision[Test for Encointer]","tests","Mon Feb 23 15:20:08 UTC 2026","passed","Mon Feb 23 15:20:08 UTC 2026","TestPrecision","test_network_parameters","",""
"","0","test_can_create_connection[Test for DAO IPCI, url: wss://ipci.rpc.robonomics.network]","tests","Mon Feb 23 15:21:37 UTC 2026","passed","Mon Feb 23 15:21:37 UTC 2026","","test_nodes_availability","",""
"","1","test_address_prefix[Test for Enjin Matrix]","tests","Mon Feb 23 15:20:39 UTC 2026","passed","Mon Feb 23 15:20:39 UTC 2026","TestNetworkPrefix","test_network_parameters","",""
"","207","test_rpc_node_is_synced[Test for Bifrost Kusama, url: wss://bifrost-rpc.liebi.com/ws]","tests","Mon Feb 23 15:20:38 UTC 2026","passed","Mon Feb 23 15:20:38 UTC 2026","","test_substrate_node_is_synced","",""
"","0","test_rpc_method_is_available[Test for KILT, url: wss://spiritnet.kilt.io/]","tests","Mon Feb 23 15:21:29 UTC 2026","broken","Mon Feb 23 15:21:29 UTC 2026","","test_rpc_methods_availability","",""
"","143","test_rpc_method_is_available[Test for Mythos, url: wss://polkadot-mythos-rpc.polkadot.io]","tests","Mon Feb 23 15:22:46 UTC 2026","passed","Mon Feb 23 15:22:47 UTC 2026","","test_rpc_methods_availability","",""
"","45","test_rpc_node_is_synced[Test for Polkadot Collectives, url: wss://collectives.public.curie.radiumblock.co/ws]","tests","Mon Feb 23 15:22:41 UTC 2026","passed","Mon Feb 23 15:22:41 UTC 2026","","test_substrate_node_is_synced","",""
"","0","test_address_prefix[Test for Hyperbridge Nexus]","tests","Mon Feb 23 15:20:58 UTC 2026","passed","Mon Feb 23 15:20:58 UTC 2026","TestNetworkPrefix","test_network_parameters","",""
"","1","test_precision[Test for krest]","tests","Mon Feb 23 15:20:34 UTC 2026","passed","Mon Feb 23 15:20:34 UTC 2026","TestPrecision","test_network_parameters","",""
"","1","test_can_create_connection[Test for Kusama Coretime, url: wss://kusama-coretime-rpc.polkadot.io]","tests","Mon Feb 23 15:22:57 UTC 2026","passed","Mon Feb 23 15:22:57 UTC 2026","","test_nodes_availability","",""
"","172","test_rpc_method_is_available[Test for Astar, url: wss://astar.public.curie.radiumblock.co/ws]","tests","Mon Feb 23 15:20:47 UTC 2026","passed","Mon Feb 23 15:20:48 UTC 2026","","test_rpc_methods_availability","",""
"","0","test_precision[Test for Phala]","tests","Mon Feb 23 15:20:04 UTC 2026","passed","Mon Feb 23 15:20:04 UTC 2026","TestPrecision","test_network_parameters","",""
"","1","test_chainId[Test for UNIQUE]","tests","Mon Feb 23 15:19:39 UTC 2026","passed","Mon Feb 23 15:19:39 UTC 2026","TestChainId","test_network_parameters","",""
"","0","test_can_create_connection[Test for Ternoa, url: wss://mainnet.ternoa.network]","tests","Mon Feb 23 15:21:28 UTC 2026","passed","Mon Feb 23 15:21:28 UTC 2026","","test_nodes_availability","",""
"","45","test_rpc_node_is_synced[Test for Polkadot People, url: wss://people-polkadot.public.curie.radiumblock.co/ws]","tests","Mon Feb 23 15:19:32 UTC 2026","passed","Mon Feb 23 15:19:32 UTC 2026","","test_substrate_node_is_synced","",""
"","156","test_rpc_node_is_synced[Test for Mythos, url: wss://polkadot-mythos-rpc.polkadot.io]","tests","Mon Feb 23 15:23:06 UTC 2026","passed","Mon Feb 23 15:23:06 UTC 2026","","test_substrate_node_is_synced","",""
"","0","test_can_create_connection[Test for UNIQUE, url: wss://asia-ws.unique.network/]","tests","Mon Feb 23 15:21:06 UTC 2026","passed","Mon Feb 23 15:21:06 UTC 2026","","test_nodes_availability","",""
"","107","test_rpc_method_is_available[Test for Tanssi, url: wss://services.tanssi-mainnet.network/tanssi]","tests","Mon Feb 23 15:23:10 UTC 2026","passed","Mon Feb 23 15:23:10 UTC 2026","","test_rpc_methods_availability","",""
"","1","test_chainId[Test for Tanssi]","tests","Mon Feb 23 15:20:57 UTC 2026","passed","Mon Feb 23 15:20:57 UTC 2026","TestChainId","test_network_parameters","",""
"","0","test_address_prefix[Test for Humanode]","tests","Mon Feb 23 15:21:10 UTC 2026","passed","Mon Feb 23 15:21:10 UTC 2026","TestNetworkPrefix","test_network_parameters","",""
"","0","test_can_create_connection[Test for Crab, url: wss://crab-rpc.darwinia.network/]","tests","Mon Feb 23 15:22:02 UTC 2026","broken","Mon Feb 23 15:22:02 UTC 2026","","test_nodes_availability","",""
"","100","test_rpc_method_is_available[Test for Astar, url: wss://rpc.astar.network]","tests","Mon Feb 23 15:20:34 UTC 2026","passed","Mon Feb 23 15:20:34 UTC 2026","","test_rpc_methods_availability","",""
"","100","test_rpc_method_is_available[Test for Ajuna, url: wss://ajuna.ibp.network]","tests","Mon Feb 23 15:21:56 UTC 2026","passed","Mon Feb 23 15:21:56 UTC 2026","","test_rpc_methods_availability","",""
"","1","test_can_create_connection[Test for Enjin Matrix, url: wss://rpc.matrix.blockchain.enjin.io]","tests","Mon Feb 23 15:22:16 UTC 2026","passed","Mon Feb 23 15:22:16 UTC 2026","","test_nodes_availability","",""
"","1","test_address_prefix[Test for Enjin Relay]","tests","Mon Feb 23 15:20:48 UTC 2026","passed","Mon Feb 23 15:20:48 UTC 2026","TestNetworkPrefix","test_network_parameters","",""
"","174","test_rpc_method_is_available[Test for Kusama Relay, url: wss://kusama.dotters.network]","tests","Mon Feb 23 15:19:27 UTC 2026","passed","Mon Feb 23 15:19:27 UTC 2026","","test_rpc_methods_availability","",""
"","100","test_rpc_method_is_available[Test for Acala, url: wss://acala-rpc-0.aca-api.network]","tests","Mon Feb 23 15:20:10 UTC 2026","passed","Mon Feb 23 15:20:10 UTC 2026","","test_rpc_methods_availability","",""
"","183","test_rpc_method_is_available[Test for Basilisk, url: wss://basilisk-rpc.n.dwellir.com]","tests","Mon Feb 23 15:20:51 UTC 2026","passed","Mon Feb 23 15:20:51 UTC 2026","","test_rpc_methods_availability","",""
"","106","test_rpc_method_is_available[Test for Kusama Bridge Hub, url: wss://sys.ibp.network/bridgehub-kusama]","tests","Mon Feb 23 15:22:03 UTC 2026","passed","Mon Feb 23 15:22:03 UTC 2026","","test_rpc_methods_availability","",""
"","152","test_rpc_node_is_synced[Test for Heima, url: wss://heima-rpc.n.dwellir.com]","tests","Mon Feb 23 15:21:46 UTC 2026","passed","Mon Feb 23 15:21:46 UTC 2026","","test_substrate_node_is_synced","",""
"","10","test_rpc_node_is_synced[Test for Polkadot Asset Hub, url: wss://sys.ibp.network/asset-hub-polkadot]","tests","Mon Feb 23 15:21:53 UTC 2026","passed","Mon Feb 23 15:21:53 UTC 2026","","test_substrate_node_is_synced","",""
"","0","test_chainId[Test for Encointer]","tests","Mon Feb 23 15:19:36 UTC 2026","passed","Mon Feb 23 15:19:36 UTC 2026","TestChainId","test_network_parameters","",""
"","165","test_rpc_node_is_synced[Test for Polkadot Bridge Hub, url: wss://dot-rpc.stakeworld.io/bridgehub]","tests","Mon Feb 23 15:22:38 UTC 2026","passed","Mon Feb 23 15:22:38 UTC 2026","","test_substrate_node_is_synced","",""
"","96","test_rpc_method_is_available[Test for Acurast, url: wss://public-archive.mainnet.acurast.com]","tests","Mon Feb 23 15:23:12 UTC 2026","passed","Mon Feb 23 15:23:12 UTC 2026","","test_rpc_methods_availability","",""
"","0","test_precision[Test for Manta Atlantic]","tests","Mon Feb 23 15:20:42 UTC 2026","passed","Mon Feb 23 15:20:42 UTC 2026","TestPrecision","test_network_parameters","",""
"","0","test_address_prefix[Test for Darwinia]","tests","Mon Feb 23 15:20:20 UTC 2026","passed","Mon Feb 23 15:20:20 UTC 2026","TestNetworkPrefix","test_network_parameters","",""
"","10","test_rpc_node_is_synced[Test for Encointer, url: wss://encointer-kusama.dotters.network]","tests","Mon Feb 23 15:20:05 UTC 2026","passed","Mon Feb 23 15:20:05 UTC 2026","","test_substrate_node_is_synced","",""
"","0","test_can_create_connection[Test for Astar, url: wss://astar-rpc.n.dwellir.com]","tests","Mon Feb 23 15:20:34 UTC 2026","passed","Mon Feb 23 15:20:34 UTC 2026","","test_nodes_availability","",""
"","110","test_rpc_method_is_available[Test for Creditcoin, url: wss://mainnet3.creditcoin.network]","tests","Mon Feb 23 15:22:49 UTC 2026","passed","Mon Feb 23 15:22:49 UTC 2026","","test_rpc_methods_availability","",""
"","0","test_precision[Test for Polkadot Bridge Hub]","tests","Mon Feb 23 15:20:27 UTC 2026","passed","Mon Feb 23 15:20:27 UTC 2026","TestPrecision","test_network_parameters","",""
"","102","test_rpc_node_is_synced[Test for Enjin Matrix, url: wss://rpc.matrix.blockchain.enjin.io]","tests","Mon Feb 23 15:22:43 UTC 2026","passed","Mon Feb 23 15:22:43 UTC 2026","","test_substrate_node_is_synced","",""
"","0","test_address_prefix[Test for Polkadot People]","tests","Mon Feb 23 15:19:18 UTC 2026","passed","Mon Feb 23 15:19:18 UTC 2026","TestNetworkPrefix","test_network_parameters","",""
"","165","test_rpc_node_is_synced[Test for Crust Shadow, url: wss://rpc2-shadow.crust.network/]","tests","Mon Feb 23 15:20:51 UTC 2026","passed","Mon Feb 23 15:20:51 UTC 2026","","test_substrate_node_is_synced","",""
"","1","test_can_create_connection[Test for Kusama People, url: wss://kusama-people-rpc.polkadot.io]","tests","Mon Feb 23 15:19:34 UTC 2026","passed","Mon Feb 23 15:19:34 UTC 2026","","test_nodes_availability","",""
"","0","test_rpc_node_is_synced[Test for Curio, url: wss://archive.parachain.curioinvest.com]","tests","Mon Feb 23 15:23:04 UTC 2026","broken","Mon Feb 23 15:23:04 UTC 2026","","test_substrate_node_is_synced","",""
"","160","test_rpc_node_is_synced[Test for Heima, url: wss://rpc.litentry-parachain.litentry.io]","tests","Mon Feb 23 15:21:40 UTC 2026","passed","Mon Feb 23 15:21:40 UTC 2026","","test_substrate_node_is_synced","",""
"","0","test_chainId[Test for Polkadot Collectives]","tests","Mon Feb 23 15:20:23 UTC 2026","passed","Mon Feb 23 15:20:23 UTC 2026","TestChainId","test_network_parameters","",""
"","0","test_precision[Test for Ajuna]","tests","Mon Feb 23 15:20:28 UTC 2026","passed","Mon Feb 23 15:20:28 UTC 2026","TestPrecision","test_network_parameters","",""
"","104","test_rpc_method_is_available[Test for Shiden, url: wss://shiden-rpc.n.dwellir.com]","tests","Mon Feb 23 15:20:27 UTC 2026","passed","Mon Feb 23 15:20:28 UTC 2026","","test_rpc_methods_availability","",""
"","0","test_address_prefix[Test for Polymesh]","tests","Mon Feb 23 15:20:02 UTC 2026","passed","Mon Feb 23 15:20:02 UTC 2026","TestNetworkPrefix","test_network_parameters","",""
"","151","test_rpc_method_is_available[Test for Polkadot Relay, url: wss://apps-rpc.polkadot.io]","tests","Mon Feb 23 15:19:38 UTC 2026","passed","Mon Feb 23 15:19:38 UTC 2026","","test_rpc_methods_availability","",""
"","0","test_precision[Test for Acurast]","tests","Mon Feb 23 15:21:14 UTC 2026","passed","Mon Feb 23 15:21:14 UTC 2026","TestPrecision","test_network_parameters","",""
"","0","test_can_create_connection[Test for Bifrost Kusama, url: wss://us.bifrost-rpc.liebi.com/ws]","tests","Mon Feb 23 15:20:22 UTC 2026","passed","Mon Feb 23 15:20:22 UTC 2026","","test_nodes_availability","",""
"","0","test_precision[Test for Energy Web X]","tests","Mon Feb 23 15:20:33 UTC 2026","passed","Mon Feb 23 15:20:33 UTC 2026","TestPrecision","test_network_parameters","",""
"","0","test_can_create_connection[Test for Centrifuge Parachain, url: wss://rpc-centrifuge.luckyfriday.io]","tests","Mon Feb 23 15:21:03 UTC 2026","passed","Mon Feb 23 15:21:03 UTC 2026","","test_nodes_availability","",""
"","164","test_rpc_node_is_synced[Test for Polkadot Asset Hub, url: wss://asset-hub-polkadot-rpc.n.dwellir.com]","tests","Mon Feb 23 15:21:48 UTC 2026","passed","Mon Feb 23 15:21:48 UTC 2026","","test_substrate_node_is_synced","",""
"","0","test_can_create_connection[Test for Polkadot Bridge Hub, url: wss://dot-rpc.stakeworld.io/bridgehub]","tests","Mon Feb 23 15:22:18 UTC 2026","passed","Mon Feb 23 15:22:18 UTC 2026","","test_nodes_availability","",""
"","57","test_rpc_node_is_synced[Test for Moonriver, url: wss://moonriver.public.curie.radiumblock.co/ws]","tests","Mon Feb 23 15:19:54 UTC 2026","passed","Mon Feb 23 15:19:54 UTC 2026","","test_substrate_node_is_synced","",""
"","0","test_precision[Test for Ternoa]","tests","Mon Feb 23 15:20:17 UTC 2026","passed","Mon Feb 23 15:20:17 UTC 2026","TestPrecision","test_network_parameters","",""
"","132","test_rpc_method_is_available[Test for Acala, url: wss://acala-rpc-3.aca-api.network/ws]","tests","Mon Feb 23 15:20:21 UTC 2026","passed","Mon Feb 23 15:20:21 UTC 2026","","test_rpc_methods_availability","",""
"","1","test_precision[Test for Zeitgeist]","tests","Mon Feb 23 15:20:18 UTC 2026","passed","Mon Feb 23 15:20:18 UTC 2026","TestPrecision","test_network_parameters","",""
"","0","test_chainId[Test for Energy Web X]","tests","Mon Feb 23 15:20:16 UTC 2026","passed","Mon Feb 23 15:20:16 UTC 2026","TestChainId","test_network_parameters","",""
"","172","test_rpc_node_is_synced[Test for Kintsugi, url: wss://api-kusama.interlay.io/parachain]","tests","Mon Feb 23 15:20:15 UTC 2026","passed","Mon Feb 23 15:20:15 UTC 2026","","test_substrate_node_is_synced","",""
"","0","test_can_create_connection[Test for Polkadot Relay, url: wss://dot-rpc.stakeworld.io]","tests","Mon Feb 23 15:19:40 UTC 2026","passed","Mon Feb 23 15:19:40 UTC 2026","","test_nodes_availability","",""
"","148","test_rpc_method_is_available[Test for Enjin Matrix, url: wss://rpc.matrix.blockchain.enjin.io]","tests","Mon Feb 23 15:22:19 UTC 2026","passed","Mon Feb 23 15:22:19 UTC 2026","","test_rpc_methods_availability","",""
"","168","test_rpc_node_is_synced[Test for Kusama Coretime, url: wss://ksm-rpc.stakeworld.io/coretime]","tests","Mon Feb 23 15:23:37 UTC 2026","passed","Mon Feb 23 15:23:37 UTC 2026","","test_substrate_node_is_synced","",""
"","10","test_rpc_node_is_synced[Test for Polkadot Bridge Hub, url: wss://sys.ibp.network/bridgehub-polkadot]","tests","Mon Feb 23 15:22:30 UTC 2026","passed","Mon Feb 23 15:22:30 UTC 2026","","test_substrate_node_is_synced","",""
"","0","test_precision[Test for Karura]","tests","Mon Feb 23 15:19:22 UTC 2026","passed","Mon Feb 23 15:19:22 UTC 2026","TestPrecision","test_network_parameters","",""
"","0","test_can_create_connection[Test for UNIQUE, url: wss://eu-ws.unique.network/]","tests","Mon Feb 23 15:21:37 UTC 2026","passed","Mon Feb 23 15:21:37 UTC 2026","","test_nodes_availability","",""
"","172","test_rpc_method_is_available[Test for Polkadot People, url: wss://people-polkadot.public.curie.radiumblock.co/ws]","tests","Mon Feb 23 15:19:31 UTC 2026","passed","Mon Feb 23 15:19:31 UTC 2026","","test_rpc_methods_availability","",""
"","0","test_can_create_connection[Test for Polymesh, url: wss://mainnet-rpc.polymesh.network]","tests","Mon Feb 23 15:21:33 UTC 2026","passed","Mon Feb 23 15:21:33 UTC 2026","","test_nodes_availability","",""
"","0","test_can_create_connection[Test for KILT, url: wss://spiritnet.kilt.io/]","tests","Mon Feb 23 15:21:01 UTC 2026","broken","Mon Feb 23 15:21:01 UTC 2026","","test_nodes_availability","",""
"","0","test_can_create_connection[Test for Karura, url: wss://karura-rpc-2.aca-api.network/ws]","tests","Mon Feb 23 15:19:23 UTC 2026","passed","Mon Feb 23 15:19:23 UTC 2026","","test_nodes_availability","",""
"","162","test_rpc_method_is_available[Test for Kusama Relay, url: wss://rpc.ibp.network/kusama]","tests","Mon Feb 23 15:19:22 UTC 2026","passed","Mon Feb 23 15:19:22 UTC 2026","","test_rpc_methods_availability","",""
"","10","test_rpc_node_is_synced[Test for Kusama Coretime, url: wss://sys.ibp.network/coretime-kusama]","tests","Mon Feb 23 15:23:33 UTC 2026","passed","Mon Feb 23 15:23:33 UTC 2026","","test_substrate_node_is_synced","",""
"","0","test_address_prefix[Test for krest]","tests","Mon Feb 23 15:20:35 UTC 2026","passed","Mon Feb 23 15:20:35 UTC 2026","TestNetworkPrefix","test_network_parameters","",""
"","0","test_can_create_connection[Test for KILT, url: wss://kilt.ibp.network]","tests","Mon Feb 23 15:20:47 UTC 2026","broken","Mon Feb 23 15:20:47 UTC 2026","","test_nodes_availability","",""
"","0","test_can_create_connection[Test for Kusama Bridge Hub, url: wss://bridge-hub-kusama.dotters.network]","tests","Mon Feb 23 15:22:15 UTC 2026","passed","Mon Feb 23 15:22:15 UTC 2026","","test_nodes_availability","",""
"","0","test_can_create_connection[Test for Basilisk, url: wss://basilisk-rpc.n.dwellir.com]","tests","Mon Feb 23 15:20:27 UTC 2026","passed","Mon Feb 23 15:20:27 UTC 2026","","test_nodes_availability","",""
"","107","test_rpc_method_is_available[Test for Polkadot Collectives, url: wss://sys.ibp.network/collectives-polkadot]","tests","Mon Feb 23 15:22:11 UTC 2026","passed","Mon Feb 23 15:22:12 UTC 2026","","test_rpc_methods_availability","",""
"","0","test_can_create_connection[Test for Polkadot Relay, url: wss://rpc-polkadot-1.novasama-tech.org]","tests","Mon Feb 23 15:19:18 UTC 2026","passed","Mon Feb 23 15:19:18 UTC 2026","","test_nodes_availability","",""
"","101","test_rpc_method_is_available[Test for Cere, url: wss://rpc.mainnet.cere.network/ws]","tests","Mon Feb 23 15:22:47 UTC 2026","passed","Mon Feb 23 15:22:47 UTC 2026","","test_rpc_methods_availability","",""
"","0","test_chainId[Test for Bifrost Kusama]","tests","Mon Feb 23 15:19:19 UTC 2026","passed","Mon Feb 23 15:19:19 UTC 2026","TestChainId","test_network_parameters","",""
"","10","test_rpc_node_is_synced[Test for Polkadot Bridge Hub, url: wss://bridge-hub-polkadot.dotters.network]","tests","Mon Feb 23 15:22:33 UTC 2026","passed","Mon Feb 23 15:22:33 UTC 2026","","test_substrate_node_is_synced","",""
"","175","test_rpc_method_is_available[Test for Polkadot People, url: wss://people-polkadot.dotters.network]","tests","Mon Feb 23 15:19:25 UTC 2026","passed","Mon Feb 23 15:19:26 UTC 2026","","test_rpc_methods_availability","",""
"","267","test_rpc_node_is_synced[Test for Moonbeam, url: wss://moonbeam.ibp.network]","tests","Mon Feb 23 15:19:49 UTC 2026","passed","Mon Feb 23 15:19:49 UTC 2026","","test_substrate_node_is_synced","",""
"","0","test_address_prefix[Test for Crust Polkadot Parachain]","tests","Mon Feb 23 15:20:53 UTC 2026","passed","Mon Feb 23 15:20:53 UTC 2026","TestNetworkPrefix","test_network_parameters","",""
"","105","test_rpc_method_is_available[Test for UNIQUE, url: wss://asia-ws.unique.network/]","tests","Mon Feb 23 15:21:06 UTC 2026","passed","Mon Feb 23 15:21:06 UTC 2026","","test_rpc_methods_availability","",""
"","0","test_address_prefix[Test for DAO IPCI]","tests","Mon Feb 23 15:20:01 UTC 2026","passed","Mon Feb 23 15:20:01 UTC 2026","TestNetworkPrefix","test_network_parameters","",""
"","517","test_rpc_node_is_synced[Test for Darwinia, url: wss://rpc.darwinia.network]","tests","Mon Feb 23 15:22:52 UTC 2026","passed","Mon Feb 23 15:22:53 UTC 2026","","test_substrate_node_is_synced","",""
"","162","test_rpc_node_is_synced[Test for Polkadot Collectives, url: wss://dot-rpc.stakeworld.io/collectives]","tests","Mon Feb 23 15:22:46 UTC 2026","passed","Mon Feb 23 15:22:46 UTC 2026","","test_substrate_node_is_synced","",""
"","0","test_chainId[Test for DAO IPCI]","tests","Mon Feb 23 15:19:51 UTC 2026","passed","Mon Feb 23 15:19:51 UTC 2026","TestChainId","test_network_parameters","",""
"","1","test_can_create_connection[Test for Heima, url: wss://rpc.litentry-parachain.litentry.io]","tests","Mon Feb 23 15:21:26 UTC 2026","passed","Mon Feb 23 15:21:26 UTC 2026","","test_nodes_availability","",""
"","0","test_chainId[Test for Nodle Parachain]","tests","Mon Feb 23 15:19:50 UTC 2026","passed","Mon Feb 23 15:19:50 UTC 2026","TestChainId","test_network_parameters","",""
"","0","test_rpc_node_is_synced[Test for DeepBrain, url: wss://info.dbcwallet.io]","tests","Mon Feb 23 15:23:30 UTC 2026","broken","Mon Feb 23 15:23:30 UTC 2026","","test_substrate_node_is_synced","",""
"","1","test_can_create_connection[Test for Polkadot People, url: wss://people-polkadot.dotters.network]","tests","Mon Feb 23 15:19:25 UTC 2026","passed","Mon Feb 23 15:19:25 UTC 2026","","test_nodes_availability","",""
"","240","test_rpc_node_is_synced[Test for Acala, url: wss://acala-rpc-3.aca-api.network/ws]","tests","Mon Feb 23 15:20:29 UTC 2026","passed","Mon Feb 23 15:20:29 UTC 2026","","test_substrate_node_is_synced","",""
"","1","test_chainId[Test for Kusama Relay]","tests","Mon Feb 23 15:19:21 UTC 2026","passed","Mon Feb 23 15:19:21 UTC 2026","TestChainId","test_network_parameters","",""
"","9","test_rpc_node_is_synced[Test for Polkadot Coretime, url: wss://coretime-polkadot.dotters.network]","tests","Mon Feb 23 15:23:29 UTC 2026","passed","Mon Feb 23 15:23:29 UTC 2026","","test_substrate_node_is_synced","",""
"","47","test_rpc_node_is_synced[Test for Shiden, url: wss://shiden.public.curie.radiumblock.co/ws]","tests","Mon Feb 23 15:20:31 UTC 2026","passed","Mon Feb 23 15:20:31 UTC 2026","","test_substrate_node_is_synced","",""
"","0","test_chainId[Test for 3DPass]","tests","Mon Feb 23 15:20:03 UTC 2026","passed","Mon Feb 23 15:20:03 UTC 2026","TestChainId","test_network_parameters","",""
"","0","test_precision[Test for Bifrost Polkadot]","tests","Mon Feb 23 15:19:47 UTC 2026","passed","Mon Feb 23 15:19:47 UTC 2026","TestPrecision","test_network_parameters","",""
"","0","test_can_create_connection[Test for Polkadot Relay, url: wss://rpc-polkadot.luckyfriday.io]","tests","Mon Feb 23 15:19:56 UTC 2026","passed","Mon Feb 23 15:19:56 UTC 2026","","test_nodes_availability","",""
"","0","test_chainId[Test for Acurast Canary]","tests","Mon Feb 23 15:20:42 UTC 2026","passed","Mon Feb 23 15:20:42 UTC 2026","TestChainId","test_network_parameters","",""
"","145","test_rpc_node_is_synced[Test for Centrifuge Parachain, url: wss://fullnode.centrifuge.io]","tests","Mon Feb 23 15:21:00 UTC 2026","passed","Mon Feb 23 15:21:00 UTC 2026","","test_substrate_node_is_synced","",""
"","107","test_rpc_method_is_available[Test for UNIQUE, url: wss://eu-ws.unique.network/]","tests","Mon Feb 23 15:21:50 UTC 2026","passed","Mon Feb 23 15:21:50 UTC 2026","","test_rpc_methods_availability","",""
"","0","test_can_create_connection[Test for UNIQUE, url: wss://us-ws.unique.network/]","tests","Mon Feb 23 15:21:42 UTC 2026","passed","Mon Feb 23 15:21:42 UTC 2026","","test_nodes_availability","",""
"","390","test_rpc_node_is_synced[Test for Karura, url: wss://karura-rpc-0.aca-api.network]","tests","Mon Feb 23 15:19:17 UTC 2026","passed","Mon Feb 23 15:19:18 UTC 2026","","test_substrate_node_is_synced","",""
"","0","test_can_create_connection[Test for Polkadot Asset Hub, url: wss://asset-hub-polkadot.dotters.network]","tests","Mon Feb 23 15:20:54 UTC 2026","passed","Mon Feb 23 15:20:54 UTC 2026","","test_nodes_availability","",""
"","0","test_can_create_connection[Test for Interlay, url: wss://api.interlay.io/parachain]","tests","Mon Feb 23 15:20:14 UTC 2026","passed","Mon Feb 23 15:20:14 UTC 2026","","test_nodes_availability","",""
"","694","test_subquery_is_synced","tests","Mon Feb 23 15:19:25 UTC 2026","broken","Mon Feb 23 15:19:26 UTC 2026","","test_subquery_is_synced","",""
"","0","test_can_create_connection[Test for Encointer, url: wss://api.kusama.encointer.org]","tests","Mon Feb 23 15:20:28 UTC 2026","passed","Mon Feb 23 15:20:28 UTC 2026","","test_nodes_availability","",""
"","0","test_address_prefix[Test for Acurast Canary]","tests","Mon Feb 23 15:21:05 UTC 2026","passed","Mon Feb 23 15:21:05 UTC 2026","TestNetworkPrefix","test_network_parameters","",""
"","0","test_address_prefix[Test for Acurast]","tests","Mon Feb 23 15:21:26 UTC 2026","passed","Mon Feb 23 15:21:26 UTC 2026","TestNetworkPrefix","test_network_parameters","",""
"","150","test_rpc_node_is_synced[Test for Laos, url: wss://rpc.laos.laosfoundation.io]","tests","Mon Feb 23 15:23:27 UTC 2026","passed","Mon Feb 23 15:23:27 UTC 2026","","test_substrate_node_is_synced","",""
"","1","test_can_create_connection[Test for Kusama Coretime, url: wss://sys.ibp.network/coretime-kusama]","tests","Mon Feb 23 15:22:54 UTC 2026","passed","Mon Feb 23 15:22:54 UTC 2026","","test_nodes_availability","",""
"","161","test_rpc_method_is_available[Test for JAMTON, url: wss://rpc.jamton.network]","tests","Mon Feb 23 15:23:08 UTC 2026","passed","Mon Feb 23 15:23:08 UTC 2026","","test_rpc_methods_availability","",""
"","0","test_can_create_connection[Test for Karura, url: wss://karura-rpc-1.aca-api.network]","tests","Mon Feb 23 15:19:19 UTC 2026","passed","Mon Feb 23 15:19:19 UTC 2026","","test_nodes_availability","",""
"","1","test_address_prefix[Test for Joystream]","tests","Mon Feb 23 15:20:45 UTC 2026","passed","Mon Feb 23 15:20:45 UTC 2026","TestNetworkPrefix","test_network_parameters","",""
"","0","test_can_create_connection[Test for Polkadot Relay, url: wss://apps-rpc.polkadot.io]","tests","Mon Feb 23 15:19:37 UTC 2026","passed","Mon Feb 23 15:19:37 UTC 2026","","test_nodes_availability","",""
"","56","test_rpc_node_is_synced[Test for Bifrost Polkadot, url: wss://bifrost-polkadot.ibp.network]","tests","Mon Feb 23 15:21:16 UTC 2026","passed","Mon Feb 23 15:21:16 UTC 2026","","test_substrate_node_is_synced","",""
"","0","test_precision[Test for JAMTON]","tests","Mon Feb 23 15:21:08 UTC 2026","passed","Mon Feb 23 15:21:08 UTC 2026","TestPrecision","test_network_parameters","",""
"","0","test_address_prefix[Test for Ajuna]","tests","Mon Feb 23 15:20:27 UTC 2026","passed","Mon Feb 23 15:20:27 UTC 2026","TestNetworkPrefix","test_network_parameters","",""
"","100","test_rpc_method_is_available[Test for Polkadot Bridge Hub, url: wss://sys.ibp.network/bridgehub-polkadot]","tests","Mon Feb 23 15:22:21 UTC 2026","passed","Mon Feb 23 15:22:21 UTC 2026","","test_rpc_methods_availability","",""
"","0","test_rpc_method_is_available[Test for QUARTZ, url: wss://quartz.unique.network]","tests","Mon Feb 23 15:21:40 UTC 2026","broken","Mon Feb 23 15:21:40 UTC 2026","","test_rpc_methods_availability","",""
"","0","test_address_prefix[Test for Heima]","tests","Mon Feb 23 15:19:56 UTC 2026","passed","Mon Feb 23 15:19:56 UTC 2026","TestNetworkPrefix","test_network_parameters","",""
"","57","test_rpc_node_is_synced[Test for Bittensor, url: wss://bittensor-finney.api.onfinality.io/public-ws]","tests","Mon Feb 23 15:22:34 UTC 2026","passed","Mon Feb 23 15:22:34 UTC 2026","","test_substrate_node_is_synced","",""
"","0","test_precision[Test for Basilisk]","tests","Mon Feb 23 15:19:55 UTC 2026","passed","Mon Feb 23 15:19:55 UTC 2026","TestPrecision","test_network_parameters","",""
"","42","test_rpc_node_is_synced[Test for Polkadot Relay, url: wss://polkadot.public.curie.radiumblock.co/ws]","tests","Mon Feb 23 15:19:46 UTC 2026","passed","Mon Feb 23 15:19:46 UTC 2026","","test_substrate_node_is_synced","",""
"","0","test_can_create_connection[Test for Polkadot Collectives, url: wss://collectives-polkadot.dotters.network]","tests","Mon Feb 23 15:22:15 UTC 2026","passed","Mon Feb 23 15:22:15 UTC 2026","","test_nodes_availability","",""
"","1","test_precision[Test for Darwinia]","tests","Mon Feb 23 15:20:27 UTC 2026","passed","Mon Feb 23 15:20:27 UTC 2026","TestPrecision","test_network_parameters","",""
"","100","test_rpc_method_is_available[Test for Hyperbridge Nexus, url: wss://nexus.dotters.network]","tests","Mon Feb 23 15:22:37 UTC 2026","passed","Mon Feb 23 15:22:38 UTC 2026","","test_rpc_methods_availability","",""
"","1","test_address_prefix[Test for Polkadot Relay]","tests","Mon Feb 23 15:19:19 UTC 2026","passed","Mon Feb 23 15:19:19 UTC 2026","TestNetworkPrefix","test_network_parameters","",""
"","0","test_can_create_connection[Test for DENTNet, url: wss://rpc.dentnet.io/ws]","tests","Mon Feb 23 15:22:42 UTC 2026","passed","Mon Feb 23 15:22:42 UTC 2026","","test_nodes_availability","",""
"","0","test_chainId[Test for KILT]","tests","Mon Feb 23 15:19:11 UTC 2026","passed","Mon Feb 23 15:19:11 UTC 2026","TestChainId","test_network_parameters","",""
"","0","test_precision[Test for peaq]","tests","Mon Feb 23 15:20:59 UTC 2026","passed","Mon Feb 23 15:20:59 UTC 2026","TestPrecision","test_network_parameters","",""
"","99","test_rpc_method_is_available[Test for Acala, url: wss://acala-rpc.n.dwellir.com]","tests","Mon Feb 23 15:20:25 UTC 2026","passed","Mon Feb 23 15:20:25 UTC 2026","","test_rpc_methods_availability","",""
"","145","test_rpc_method_is_available[Test for Moonbeam, url: wss://moonbeam.public.curie.radiumblock.co/ws]","tests","Mon Feb 23 15:19:51 UTC 2026","passed","Mon Feb 23 15:19:51 UTC 2026","","test_rpc_methods_availability","",""
"","101","test_rpc_method_is_available[Test for Polkadot Relay, url: wss://polkadot.public.curie.radiumblock.co/ws]","tests","Mon Feb 23 15:19:47 UTC 2026","passed","Mon Feb 23 15:19:47 UTC 2026","","test_rpc_methods_availability","",""
"","0","test_can_create_connection[Test for Moonriver, url: wss://moonriver-rpc.publicnode.com]","tests","Mon Feb 23 15:19:47 UTC 2026","passed","Mon Feb 23 15:19:47 UTC 2026","","test_nodes_availability","",""
"","0","test_can_create_connection[Test for Karura, url: wss://karura-rpc-0.aca-api.network]","tests","Mon Feb 23 15:19:15 UTC 2026","passed","Mon Feb 23 15:19:15 UTC 2026","","test_nodes_availability","",""
"","160","test_rpc_node_is_synced[Test for Astar, url: wss://astar-rpc.n.dwellir.com]","tests","Mon Feb 23 15:21:36 UTC 2026","passed","Mon Feb 23 15:21:36 UTC 2026","","test_substrate_node_is_synced","",""
"","0","test_chainId[Test for Polkadot People]","tests","Mon Feb 23 15:19:09 UTC 2026","passed","Mon Feb 23 15:19:09 UTC 2026","TestChainId","test_network_parameters","",""
"","57","test_rpc_node_is_synced[Test for Nodle Parachain, url: wss://nodle-parachain.api.onfinality.io/public-ws]","tests","Mon Feb 23 15:20:27 UTC 2026","passed","Mon Feb 23 15:20:27 UTC 2026","","test_substrate_node_is_synced","",""
"","0","test_can_create_connection[Test for UNIQUE, url: wss://unique.dotters.network]","tests","Mon Feb 23 15:21:11 UTC 2026","passed","Mon Feb 23 15:21:11 UTC 2026","","test_nodes_availability","",""
"","167","test_rpc_node_is_synced[Test for Kusama People, url: wss://ksm-rpc.stakeworld.io/people]","tests","Mon Feb 23 15:19:45 UTC 2026","passed","Mon Feb 23 15:19:45 UTC 2026","","test_substrate_node_is_synced","",""
"","64","test_rpc_node_is_synced[Test for Crust Polkadot Parachain, url: wss://crust-parachain.crustapps.net]","tests","Mon Feb 23 15:22:08 UTC 2026","passed","Mon Feb 23 15:22:08 UTC 2026","","test_substrate_node_is_synced","",""
"","1","test_can_create_connection[Test for NeuroWeb, url: wss://parachain-rpc.origin-trail.network]","tests","Mon Feb 23 15:21:00 UTC 2026","passed","Mon Feb 23 15:21:00 UTC 2026","","test_nodes_availability","",""
"","1","test_can_create_connection[Test for Polkadot Bridge Hub, url: wss://bridge-hub-polkadot.dotters.network]","tests","Mon Feb 23 15:22:12 UTC 2026","passed","Mon Feb 23 15:22:12 UTC 2026","","test_nodes_availability","",""
"","1","test_chainId[Test for Moonbeam]","tests","Mon Feb 23 15:19:18 UTC 2026","passed","Mon Feb 23 15:19:18 UTC 2026","TestChainId","test_network_parameters","",""
"","112","test_rpc_method_is_available[Test for CC Enterprise, url: wss://mainnet.creditcoin.network/ws]","tests","Mon Feb 23 15:22:49 UTC 2026","passed","Mon Feb 23 15:22:49 UTC 2026","","test_rpc_methods_availability","",""
"","61","test_rpc_node_is_synced[Test for Hydration, url: wss://hydration.dotters.network]","tests","Mon Feb 23 15:20:11 UTC 2026","passed","Mon Feb 23 15:20:11 UTC 2026","","test_substrate_node_is_synced","",""
"","0","test_can_create_connection[Test for Ajuna, url: wss://rpc-para.ajuna.network]","tests","Mon Feb 23 15:21:45 UTC 2026","passed","Mon Feb 23 15:21:45 UTC 2026","","test_nodes_availability","",""
"","157","test_rpc_method_is_available[Test for Kusama Relay, url: wss://1rpc.io/ksm]","tests","Mon Feb 23 15:19:46 UTC 2026","passed","Mon Feb 23 15:19:46 UTC 2026","","test_rpc_methods_availability","",""
"","0","test_can_create_connection[Test for Polkadot People, url: wss://sys.ibp.network/people-polkadot]","tests","Mon Feb 23 15:19:23 UTC 2026","passed","Mon Feb 23 15:19:23 UTC 2026","","test_nodes_availability","",""
"","102","test_rpc_node_is_synced[Test for Moonbeam, url: wss://moonbeam.dotters.network]","tests","Mon Feb 23 15:19:53 UTC 2026","passed","Mon Feb 23 15:19:53 UTC 2026","","test_substrate_node_is_synced","",""
"","165","test_rpc_node_is_synced[Test for Kusama Relay, url: wss://apps-kusama-rpc.polkadot.io]","tests","Mon Feb 23 15:19:33 UTC 2026","passed","Mon Feb 23 15:19:33 UTC 2026","","test_substrate_node_is_synced","",""
"","194","test_rpc_method_is_available[Test for Manta Atlantic, url: wss://ws.manta.systems]","tests","Mon Feb 23 15:22:29 UTC 2026","passed","Mon Feb 23 15:22:29 UTC 2026","","test_rpc_methods_availability","",""
"","252","test_rpc_node_work_fast[Test for Ethereum, url: https://ethereum-rpc.publicnode.com]","tests","Mon Feb 23 15:19:14 UTC 2026","passed","Mon Feb 23 15:19:15 UTC 2026","TestETHNodesAvailability","test_eth_nodes_availability","",""
"","0","test_can_create_connection[Test for Kusama Relay, url: wss://rpc.ibp.network/kusama]","tests","Mon Feb 23 15:19:23 UTC 2026","passed","Mon Feb 23 15:19:23 UTC 2026","","test_nodes_availability","",""
"","186","test_rpc_method_is_available[Test for Moonbeam, url: wss://wss.api.moonbeam.network]","tests","Mon Feb 23 15:19:35 UTC 2026","passed","Mon Feb 23 15:19:35 UTC 2026","","test_rpc_methods_availability","",""
"","0","test_chainId[Test for XX network]","tests","Mon Feb 23 15:19:57 UTC 2026","passed","Mon Feb 23 15:19:57 UTC 2026","TestChainId","test_network_parameters","",""
"","0","test_rpc_method_is_available[Test for 3DPass, url: wss://rpc.3dpass.org]","tests","Mon Feb 23 15:22:11 UTC 2026","broken","Mon Feb 23 15:22:11 UTC 2026","","test_rpc_methods_availability","",""
"","1","test_precision[Test for Acala]","tests","Mon Feb 23 15:19:33 UTC 2026","passed","Mon Feb 23 15:19:33 UTC 2026","TestPrecision","test_network_parameters","",""
"","0","test_chainId[Test for Heima]","tests","Mon Feb 23 15:19:48 UTC 2026","passed","Mon Feb 23 15:19:48 UTC 2026","TestChainId","test_network_parameters","",""
"","142","test_rpc_method_is_available[Test for Robonomics, url: wss://kusama.rpc.robonomics.network/]","tests","Mon Feb 23 15:21:09 UTC 2026","passed","Mon Feb 23 15:21:09 UTC 2026","","test_rpc_methods_availability","",""
"","0","test_can_create_connection[Test for Crust Shadow, url: wss://rpc-shadow.crust.network/]","tests","Mon Feb 23 15:20:54 UTC 2026","passed","Mon Feb 23 15:20:54 UTC 2026","","test_nodes_availability","",""
"","116","test_rpc_method_is_available[Test for Kusama People, url: wss://ksm-rpc.stakeworld.io/people]","tests","Mon Feb 23 15:19:47 UTC 2026","passed","Mon Feb 23 15:19:47 UTC 2026","","test_rpc_methods_availability","",""
"","1","test_can_create_connection[Test for Creditcoin, url: wss://mainnet3.creditcoin.network]","tests","Mon Feb 23 15:22:42 UTC 2026","passed","Mon Feb 23 15:22:42 UTC 2026","","test_nodes_availability","",""
"","139","test_rpc_node_is_synced[Test for Encointer, url: wss://api.kusama.encointer.org]","tests","Mon Feb 23 15:20:09 UTC 2026","passed","Mon Feb 23 15:20:09 UTC 2026","","test_substrate_node_is_synced","",""
"","174","test_rpc_method_is_available[Test for Polkadot Coretime, url: wss://sys.ibp.network/coretime-polkadot]","tests","Mon Feb 23 15:22:56 UTC 2026","passed","Mon Feb 23 15:22:57 UTC 2026","","test_rpc_methods_availability","",""
"","168","test_rpc_method_is_available[Test for Kusama Relay, url: wss://rpc-kusama.luckyfriday.io]","tests","Mon Feb 23 15:19:38 UTC 2026","passed","Mon Feb 23 15:19:38 UTC 2026","","test_rpc_methods_availability","",""
"","106","test_rpc_method_is_available[Test for Polkadot Asset Hub, url: wss://asset-hub-polkadot-rpc.n.dwellir.com]","tests","Mon Feb 23 15:20:56 UTC 2026","passed","Mon Feb 23 15:20:56 UTC 2026","","test_rpc_methods_availability","",""
"","68","test_rpc_node_is_synced[Test for Polkadot Relay, url: wss://dot-rpc.stakeworld.io]","tests","Mon Feb 23 15:19:40 UTC 2026","passed","Mon Feb 23 15:19:40 UTC 2026","","test_substrate_node_is_synced","",""
"","0","test_rpc_node_is_synced[Test for QUARTZ, url: wss://eu-ws-quartz.unique.network]","tests","Mon Feb 23 15:21:52 UTC 2026","broken","Mon Feb 23 15:21:52 UTC 2026","","test_substrate_node_is_synced","",""
"","0","test_can_create_connection[Test for Bifrost Polkadot, url: wss://bifrost-polkadot.dotters.network]","tests","Mon Feb 23 15:21:08 UTC 2026","passed","Mon Feb 23 15:21:08 UTC 2026","","test_nodes_availability","",""
"","0","test_chainId[Test for Acurast]","tests","Mon Feb 23 15:20:55 UTC 2026","passed","Mon Feb 23 15:20:55 UTC 2026","TestChainId","test_network_parameters","",""
"","0","test_can_create_connection[Test for Frequency, url: wss://1.rpc.frequency.xyz]","tests","Mon Feb 23 15:22:06 UTC 2026","passed","Mon Feb 23 15:22:06 UTC 2026","","test_nodes_availability","",""
"","61","test_rpc_node_is_synced[Test for Hyperbridge Nexus, url: wss://nexus.dotters.network]","tests","Mon Feb 23 15:23:11 UTC 2026","passed","Mon Feb 23 15:23:11 UTC 2026","","test_substrate_node_is_synced","",""
"","0","test_can_create_connection[Test for Kusama Asset Hub, url: wss://asset-hub-kusama.dotters.network]","tests","Mon Feb 23 15:19:17 UTC 2026","passed","Mon Feb 23 15:19:17 UTC 2026","","test_nodes_availability","",""
"","0","test_can_create_connection[Test for Tanssi, url: wss://services.tanssi-mainnet.network/tanssi]","tests","Mon Feb 23 15:23:02 UTC 2026","passed","Mon Feb 23 15:23:02 UTC 2026","","test_nodes_availability","",""
"","0","test_precision[Test for Enjin Matrix]","tests","Mon Feb 23 15:20:44 UTC 2026","passed","Mon Feb 23 15:20:44 UTC 2026","TestPrecision","test_network_parameters","",""
"","100","test_rpc_method_is_available[Test for XX network, url: wss://rpc.xx.network]","tests","Mon Feb 23 15:21:42 UTC 2026","passed","Mon Feb 23 15:21:42 UTC 2026","","test_rpc_methods_availability","",""
"","0","test_can_create_connection[Test for Hydration, url: wss://rpc.hydradx.cloud]","tests","Mon Feb 23 15:21:34 UTC 2026","passed","Mon Feb 23 15:21:34 UTC 2026","","test_nodes_availability","",""
"","176","test_rpc_method_is_available[Test for Energy Web X, url: wss://public-rpc.mainnet.energywebx.com/]","tests","Mon Feb 23 15:22:31 UTC 2026","passed","Mon Feb 23 15:22:31 UTC 2026","","test_rpc_methods_availability","",""
"","0","test_address_prefix[Test for Frequency]","tests","Mon Feb 23 15:20:26 UTC 2026","passed","Mon Feb 23 15:20:26 UTC 2026","TestNetworkPrefix","test_network_parameters","",""
"","1","test_precision[Test for Polkadex]","tests","Mon Feb 23 15:19:40 UTC 2026","passed","Mon Feb 23 15:19:40 UTC 2026","TestPrecision","test_network_parameters","",""
"","1","test_chainId[Test for Polkadot Bridge Hub]","tests","Mon Feb 23 15:20:09 UTC 2026","passed","Mon Feb 23 15:20:09 UTC 2026","TestChainId","test_network_parameters","",""
"","181","test_rpc_node_is_synced[Test for Kusama Relay, url: wss://rpc-kusama-1.novasama-tech.org]","tests","Mon Feb 23 15:20:02 UTC 2026","passed","Mon Feb 23 15:20:03 UTC 2026","","test_substrate_node_is_synced","",""
"","157","test_rpc_method_is_available[Test for Ajuna, url: wss://ajuna.dotters.network]","tests","Mon Feb 23 15:22:00 UTC 2026","passed","Mon Feb 23 15:22:00 UTC 2026","","test_rpc_methods_availability","",""
"","132","test_rpc_method_is_available[Test for DENTNet, url: wss://rpc.dentnet.io/ws]","tests","Mon Feb 23 15:22:52 UTC 2026","passed","Mon Feb 23 15:22:52 UTC 2026","","test_rpc_methods_availability","",""
"","0","test_can_create_connection[Test for Polkadex, url: wss://so.polkadex.ee]","tests","Mon Feb 23 15:20:44 UTC 2026","passed","Mon Feb 23 15:20:44 UTC 2026","","test_nodes_availability","",""
"","1","test_chainId[Test for Phala]","tests","Mon Feb 23 15:19:57 UTC 2026","passed","Mon Feb 23 15:19:57 UTC 2026","TestChainId","test_network_parameters","",""
"","0","test_can_create_connection[Test for Aleph Zero, url: wss://ws.azero.dev]","tests","Mon Feb 23 15:20:40 UTC 2026","passed","Mon Feb 23 15:20:40 UTC 2026","","test_nodes_availability","",""
"","0","test_can_create_connection[Test for Polkadot Relay, url: wss://polkadot.public.curie.radiumblock.co/ws]","tests","Mon Feb 23 15:19:46 UTC 2026","passed","Mon Feb 23 15:19:46 UTC 2026","","test_nodes_availability","",""
"","99","test_rpc_method_is_available[Test for Kusama Bridge Hub, url: wss://ksm-rpc.stakeworld.io/bridgehub]","tests","Mon Feb 23 15:22:09 UTC 2026","passed","Mon Feb 23 15:22:10 UTC 2026","","test_rpc_methods_availability","",""
"","0","test_address_prefix[Test for JAMTON]","tests","Mon Feb 23 15:21:26 UTC 2026","passed","Mon Feb 23 15:21:26 UTC 2026","TestNetworkPrefix","test_network_parameters","",""
"","0","test_address_prefix[Test for Tanssi]","tests","Mon Feb 23 15:21:22 UTC 2026","passed","Mon Feb 23 15:21:22 UTC 2026","TestNetworkPrefix","test_network_parameters","",""
"","0","test_precision[Test for Enjin Relay]","tests","Mon Feb 23 15:20:40 UTC 2026","passed","Mon Feb 23 15:20:40 UTC 2026","TestPrecision","test_network_parameters","",""
"","1","test_precision[Test for Vara]","tests","Mon Feb 23 15:20:24 UTC 2026","passed","Mon Feb 23 15:20:24 UTC 2026","TestPrecision","test_network_parameters","",""
"","0","test_rpc_method_is_available[Test for Curio, url: wss://parachain.curioinvest.com/]","tests","Mon Feb 23 15:22:42 UTC 2026","broken","Mon Feb 23 15:22:42 UTC 2026","","test_rpc_methods_availability","",""
"","168","test_rpc_method_is_available[Test for Polkadot Relay, url: wss://dot-rpc.stakeworld.io]","tests","Mon Feb 23 15:19:42 UTC 2026","passed","Mon Feb 23 15:19:42 UTC 2026","","test_rpc_methods_availability","",""
"","196","test_rpc_node_is_synced[Test for Kusama Relay, url: wss://1rpc.io/ksm]","tests","Mon Feb 23 15:19:45 UTC 2026","passed","Mon Feb 23 15:19:45 UTC 2026","","test_substrate_node_is_synced","",""
"","99","test_rpc_method_is_available[Test for Crust Polkadot Parachain, url: wss://crust-parachain.crustapps.net]","tests","Mon Feb 23 15:21:26 UTC 2026","passed","Mon Feb 23 15:21:26 UTC 2026","","test_rpc_methods_availability","",""
"","0","test_can_create_connection[Test for Interlay, url: wss://rpc-interlay.luckyfriday.io/]","tests","Mon Feb 23 15:20:17 UTC 2026","passed","Mon Feb 23 15:20:17 UTC 2026","","test_nodes_availability","",""
"","10","test_rpc_node_is_synced[Test for Kusama People, url: wss://people-kusama.dotters.network]","tests","Mon Feb 23 15:19:41 UTC 2026","passed","Mon Feb 23 15:19:41 UTC 2026","","test_substrate_node_is_synced","",""
"","170","test_rpc_method_is_available[Test for Phala, url: wss://phala.public.curie.radiumblock.co/ws]","tests","Mon Feb 23 15:20:46 UTC 2026","passed","Mon Feb 23 15:20:46 UTC 2026","","test_rpc_methods_availability","",""
"","0","test_precision[Test for Polymesh]","tests","Mon Feb 23 15:20:21 UTC 2026","passed","Mon Feb 23 15:20:21 UTC 2026","TestPrecision","test_network_parameters","",""
"","173","test_rpc_method_is_available[Test for Kusama Asset Hub, url: wss://sys.ibp.network/statemine]","tests","Mon Feb 23 15:20:08 UTC 2026","passed","Mon Feb 23 15:20:08 UTC 2026","","test_rpc_methods_availability","",""
"","157","test_rpc_node_is_synced[Test for Kusama Coretime, url: wss://kusama-coretime-rpc.polkadot.io]","tests","Mon Feb 23 15:23:37 UTC 2026","passed","Mon Feb 23 15:23:37 UTC 2026","","test_substrate_node_is_synced","",""
"","0","test_address_prefix[Test for NeuroWeb]","tests","Mon Feb 23 15:19:46 UTC 2026","passed","Mon Feb 23 15:19:46 UTC 2026","TestNetworkPrefix","test_network_parameters","",""
"","0","test_chainId[Test for Creditcoin]","tests","Mon Feb 23 15:20:38 UTC 2026","passed","Mon Feb 23 15:20:38 UTC 2026","TestChainId","test_network_parameters","",""
"","176","test_rpc_method_is_available[Test for Enjin Relay, url: wss://rpc.relay.blockchain.enjin.io]","tests","Mon Feb 23 15:22:35 UTC 2026","passed","Mon Feb 23 15:22:35 UTC 2026","","test_rpc_methods_availability","",""
"","122","test_rpc_method_is_available[Test for UNIQUE, url: wss://unique.dotters.network]","tests","Mon Feb 23 15:21:12 UTC 2026","passed","Mon Feb 23 15:21:12 UTC 2026","","test_rpc_methods_availability","",""
"","1","test_chainId[Test for peaq]","tests","Mon Feb 23 15:20:45 UTC 2026","passed","Mon Feb 23 15:20:45 UTC 2026","TestChainId","test_network_parameters","",""
"","0","test_address_prefix[Test for Kintsugi]","tests","Mon Feb 23 15:20:19 UTC 2026","passed","Mon Feb 23 15:20:19 UTC 2026","TestNetworkPrefix","test_network_parameters","",""
"","1","test_can_create_connection[Test for Darwinia, url: wss://rpc.darwinia.network]","tests","Mon Feb 23 15:21:51 UTC 2026","passed","Mon Feb 23 15:21:51 UTC 2026","","test_nodes_availability","",""
"","114","test_rpc_method_is_available[Test for Polkadot Relay, url: wss://1rpc.io/dot]","tests","Mon Feb 23 15:19:53 UTC 2026","passed","Mon Feb 23 15:19:53 UTC 2026","","test_rpc_methods_availability","",""
"","113","test_rpc_node_is_synced[Test for Manta Atlantic, url: wss://ws.manta.systems]","tests","Mon Feb 23 15:22:47 UTC 2026","passed","Mon Feb 23 15:22:47 UTC 2026","","test_substrate_node_is_synced","",""
"","0","test_can_create_connection[Test for Acurast, url: wss://public-archive.mainnet.acurast.com]","tests","Mon Feb 23 15:23:01 UTC 2026","passed","Mon Feb 23 15:23:01 UTC 2026","","test_nodes_availability","",""
"","0","test_chainId[Test for Acala]","tests","Mon Feb 23 15:19:26 UTC 2026","passed","Mon Feb 23 15:19:26 UTC 2026","TestChainId","test_network_parameters","",""
"","197","test_rpc_node_is_synced[Test for Kusama Relay, url: wss://rpc-kusama-2.novasama-tech.org]","tests","Mon Feb 23 15:19:18 UTC 2026","passed","Mon Feb 23 15:19:18 UTC 2026","","test_substrate_node_is_synced","",""
"","0","test_chainId[Test for JAMTON]","tests","Mon Feb 23 15:20:49 UTC 2026","passed","Mon Feb 23 15:20:49 UTC 2026","TestChainId","test_network_parameters","",""
"","175","test_rpc_node_is_synced[Test for Interlay, url: wss://api.interlay.io/parachain]","tests","Mon Feb 23 15:20:16 UTC 2026","passed","Mon Feb 23 15:20:16 UTC 2026","","test_substrate_node_is_synced","",""
"","0","test_address_prefix[Test for XX network]","tests","Mon Feb 23 15:20:29 UTC 2026","broken","Mon Feb 23 15:20:29 UTC 2026","TestNetworkPrefix","test_network_parameters","",""
"","1","test_can_create_connection[Test for Acurast Canary, url: wss://public-rpc.canary.acurast.com]","tests","Mon Feb 23 15:22:30 UTC 2026","passed","Mon Feb 23 15:22:30 UTC 2026","","test_nodes_availability","",""
"","0","test_can_create_connection[Test for 3DPass, url: wss://rpc.p3d.top]","tests","Mon Feb 23 15:22:10 UTC 2026","passed","Mon Feb 23 15:22:10 UTC 2026","","test_nodes_availability","",""
"","100","test_rpc_method_is_available[Test for Hyperbridge Nexus, url: wss://nexus.ibp.network]","tests","Mon Feb 23 15:22:33 UTC 2026","passed","Mon Feb 23 15:22:33 UTC 2026","","test_rpc_methods_availability","",""
"","0","test_chainId[Test for Laos]","tests","Mon Feb 23 15:20:50 UTC 2026","passed","Mon Feb 23 15:20:50 UTC 2026","TestChainId","test_network_parameters","",""
"","0","test_can_create_connection[Test for Shiden, url: wss://shiden-rpc.n.dwellir.com]","tests","Mon Feb 23 15:20:03 UTC 2026","passed","Mon Feb 23 15:20:03 UTC 2026","","test_nodes_availability","",""
"","1","test_can_create_connection[Test for XX network, url: wss://rpc-hetzner.xx.network]","tests","Mon Feb 23 15:21:29 UTC 2026","passed","Mon Feb 23 15:21:29 UTC 2026","","test_nodes_availability","",""
"","1","test_chainId[Test for Polkadot Coretime]","tests","Mon Feb 23 15:20:51 UTC 2026","passed","Mon Feb 23 15:20:51 UTC 2026","TestChainId","test_network_parameters","",""
"","0","test_can_create_connection[Test for Encointer, url: wss://sys.ibp.network/encointer-kusama]","tests","Mon Feb 23 15:21:01 UTC 2026","passed","Mon Feb 23 15:21:01 UTC 2026","","test_nodes_availability","",""
"","0","test_precision[Test for Aventus]","tests","Mon Feb 23 15:20:17 UTC 2026","passed","Mon Feb 23 15:20:17 UTC 2026","TestPrecision","test_network_parameters","",""
"","1","test_chainId[Test for Ternoa]","tests","Mon Feb 23 15:19:56 UTC 2026","passed","Mon Feb 23 15:19:56 UTC 2026","TestChainId","test_network_parameters","",""
"","1","test_can_create_connection[Test for Pendulum, url: wss://rpc-pendulum.prd.pendulumchain.tech]","tests","Mon Feb 23 15:21:35 UTC 2026","passed","Mon Feb 23 15:21:35 UTC 2026","","test_nodes_availability","",""
"","101","test_rpc_method_is_available[Test for Polkadot Collectives, url: wss://dot-rpc.stakeworld.io/collectives]","tests","Mon Feb 23 15:22:26 UTC 2026","passed","Mon Feb 23 15:22:26 UTC 2026","","test_rpc_methods_availability","",""
"","105","test_rpc_method_is_available[Test for Bittensor, url: wss://lite.sub.latent.to:443]","tests","Mon Feb 23 15:21:56 UTC 2026","passed","Mon Feb 23 15:21:56 UTC 2026","","test_rpc_methods_availability","",""
"","755","test_rpc_node_is_synced[Test for Acurast Canary, url: wss://public-rpc.canary.acurast.com]","tests","Mon Feb 23 15:23:00 UTC 2026","passed","Mon Feb 23 15:23:01 UTC 2026","","test_substrate_node_is_synced","",""
"","0","test_can_create_connection[Test for GIANT, url: wss://rpc-anchor-2-mainnet-az-ue1.giantprotocol.org:443]","tests","Mon Feb 23 15:22:06 UTC 2026","broken","Mon Feb 23 15:22:06 UTC 2026","","test_nodes_availability","",""
"","0","test_address_prefix[Test for GIANT]","tests","Mon Feb 23 15:20:43 UTC 2026","broken","Mon Feb 23 15:20:43 UTC 2026","TestNetworkPrefix","test_network_parameters","",""
"","0","test_address_prefix[Test for Pendulum]","tests","Mon Feb 23 15:20:51 UTC 2026","passed","Mon Feb 23 15:20:51 UTC 2026","TestNetworkPrefix","test_network_parameters","",""
"","0","test_precision[Test for Aleph Zero]","tests","Mon Feb 23 15:19:36 UTC 2026","passed","Mon Feb 23 15:19:36 UTC 2026","TestPrecision","test_network_parameters","",""
"","0","test_precision[Test for Tanssi]","tests","Mon Feb 23 15:21:11 UTC 2026","passed","Mon Feb 23 15:21:11 UTC 2026","TestPrecision","test_network_parameters","",""
"","0","test_can_create_connection[Test for Altair, url: wss://altair.api.onfinality.io/public-ws]","tests","Mon Feb 23 15:20:36 UTC 2026","passed","Mon Feb 23 15:20:36 UTC 2026","","test_nodes_availability","",""
"","0","test_chainId[Test for DeepBrain]","tests","Mon Feb 23 15:20:52 UTC 2026","broken","Mon Feb 23 15:20:52 UTC 2026","TestChainId","test_network_parameters","",""
"","109","test_rpc_method_is_available[Test for UNIQUE, url: wss://us-ws.unique.network/]","tests","Mon Feb 23 15:21:54 UTC 2026","passed","Mon Feb 23 15:21:54 UTC 2026","","test_rpc_methods_availability","",""
"","97","test_rpc_method_is_available[Test for Bifrost Polkadot, url: wss://bifrost-polkadot.dotters.network]","tests","Mon Feb 23 15:21:21 UTC 2026","passed","Mon Feb 23 15:21:21 UTC 2026","","test_rpc_methods_availability","",""
"","0","test_precision[Test for Crust Shadow]","tests","Mon Feb 23 15:19:37 UTC 2026","passed","Mon Feb 23 15:19:37 UTC 2026","TestPrecision","test_network_parameters","",""
"","159","test_rpc_node_is_synced[Test for Bifrost Polkadot, url: wss://hk.p.bifrost-rpc.liebi.com/ws]","tests","Mon Feb 23 15:21:27 UTC 2026","passed","Mon Feb 23 15:21:27 UTC 2026","","test_substrate_node_is_synced","",""
"","0","test_can_create_connection[Test for CC Enterprise, url: wss://mainnet.creditcoin.network/ws]","tests","Mon Feb 23 15:22:38 UTC 2026","passed","Mon Feb 23 15:22:38 UTC 2026","","test_nodes_availability","",""
"","0","test_chainId[Test for Tangle]","tests","Mon Feb 23 15:20:58 UTC 2026","passed","Mon Feb 23 15:20:58 UTC 2026","TestChainId","test_network_parameters","",""
"","1","test_can_create_connection[Test for Ajuna, url: wss://ajuna.ibp.network]","tests","Mon Feb 23 15:21:52 UTC 2026","passed","Mon Feb 23 15:21:52 UTC 2026","","test_nodes_availability","",""
"","0","test_chainId[Test for Altair]","tests","Mon Feb 23 15:19:08 UTC 2026","passed","Mon Feb 23 15:19:08 UTC 2026","TestChainId","test_network_parameters","",""
"","153","test_rpc_node_is_synced[Test for Ajuna, url: wss://rpc-para.ajuna.network]","tests","Mon Feb 23 15:22:08 UTC 2026","passed","Mon Feb 23 15:22:08 UTC 2026","","test_substrate_node_is_synced","",""
"","0","test_chainId[Test for GIANT]","tests","Mon Feb 23 15:20:19 UTC 2026","broken","Mon Feb 23 15:20:19 UTC 2026","TestChainId","test_network_parameters","",""
"","294","test_rpc_node_is_synced[Test for DENTNet, url: wss://rpc.dentnet.io/ws]","tests","Mon Feb 23 15:23:18 UTC 2026","passed","Mon Feb 23 15:23:18 UTC 2026","","test_substrate_node_is_synced","",""
"","140","test_rpc_method_is_available[Test for Phala, url: wss://api.phala.network/ws]","tests","Mon Feb 23 15:20:42 UTC 2026","passed","Mon Feb 23 15:20:42 UTC 2026","","test_rpc_methods_availability","",""
"","0","test_chainId[Test for Robonomics]","tests","Mon Feb 23 15:19:34 UTC 2026","passed","Mon Feb 23 15:19:34 UTC 2026","TestChainId","test_network_parameters","",""
"","0","test_rpc_node_is_synced[Test for GIANT, url: wss://rpc-anchor-1-mainnet-az-ue1.giantprotocol.org:443]","tests","Mon Feb 23 15:22:15 UTC 2026","broken","Mon Feb 23 15:22:15 UTC 2026","","test_substrate_node_is_synced","",""
"","0","test_can_create_connection[Test for Polkadot Coretime, url: wss://coretime-polkadot.dotters.network]","tests","Mon Feb 23 15:22:50 UTC 2026","passed","Mon Feb 23 15:22:50 UTC 2026","","test_nodes_availability","",""
"","616","test_rpc_method_is_available[Test for Kusama Asset Hub, url: wss://asset-hub-kusama.dotters.network]","tests","Mon Feb 23 15:19:16 UTC 2026","passed","Mon Feb 23 15:19:16 UTC 2026","","test_rpc_methods_availability","",""
"","140","test_rpc_method_is_available[Test for Tangle, url: wss://rpc.tangle.tools]","tests","Mon Feb 23 15:23:00 UTC 2026","passed","Mon Feb 23 15:23:00 UTC 2026","","test_rpc_methods_availability","",""
"","99","test_rpc_method_is_available[Test for Ajuna, url: wss://rpc-para.ajuna.network]","tests","Mon Feb 23 15:21:50 UTC 2026","passed","Mon Feb 23 15:21:50 UTC 2026","","test_rpc_methods_availability","",""
"","1","test_precision[Test for Laos]","tests","Mon Feb 23 15:21:17 UTC 2026","passed","Mon Feb 23 15:21:17 UTC 2026","TestPrecision","test_network_parameters","",""
"","158","test_rpc_method_is_available[Test for Polkadot Relay, url: wss://rpc-polkadot.luckyfriday.io]","tests","Mon Feb 23 15:19:57 UTC 2026","passed","Mon Feb 23 15:19:57 UTC 2026","","test_rpc_methods_availability","",""
"","1","test_can_create_connection[Test for Kusama People, url: wss://sys.ibp.network/people-kusama]","tests","Mon Feb 23 15:19:37 UTC 2026","passed","Mon Feb 23 15:19:37 UTC 2026","","test_nodes_availability","",""
"","0","test_precision[Test for Kusama People]","tests","Mon Feb 23 15:19:20 UTC 2026","passed","Mon Feb 23 15:19:20 UTC 2026","TestPrecision","test_network_parameters","",""
"","0","test_precision[Test for DAO IPCI]","tests","Mon Feb 23 15:19:59 UTC 2026","passed","Mon Feb 23 15:19:59 UTC 2026","TestPrecision","test_network_parameters","",""
"","203","test_rpc_node_is_synced[Test for Crust Shadow, url: wss://rpc-sha-subscan.crustnetwork.xyz]","tests","Mon Feb 23 15:20:46 UTC 2026","passed","Mon Feb 23 15:20:46 UTC 2026","","test_substrate_node_is_synced","",""
"","175","test_rpc_method_is_available[Test for Bifrost Kusama, url: wss://us.bifrost-rpc.liebi.com/ws]","tests","Mon Feb 23 15:20:45 UTC 2026","passed","Mon Feb 23 15:20:45 UTC 2026","","test_rpc_methods_availability","",""
"","92","test_rpc_node_is_synced[Test for Moonriver, url: wss://moonriver-rpc.publicnode.com]","tests","Mon Feb 23 15:19:51 UTC 2026","passed","Mon Feb 23 15:19:51 UTC 2026","","test_substrate_node_is_synced","",""
"","0","test_rpc_method_is_available[Test for DeepBrain, url: wss://info.dbcwallet.io]","tests","Mon Feb 23 15:23:03 UTC 2026","broken","Mon Feb 23 15:23:03 UTC 2026","","test_rpc_methods_availability","",""
"","0","test_precision[Test for Humanode]","tests","Mon Feb 23 15:21:00 UTC 2026","passed","Mon Feb 23 15:21:00 UTC 2026","TestPrecision","test_network_parameters","",""
"","0","test_can_create_connection[Test for Kusama Relay, url: wss://1rpc.io/ksm]","tests","Mon Feb 23 15:19:46 UTC 2026","passed","Mon Feb 23 15:19:46 UTC 2026","","test_nodes_availability","",""
"","0","test_can_create_connection[Test for Aventus, url: wss://public-rpc.mainnet.aventus.io]","tests","Mon Feb 23 15:22:05 UTC 2026","broken","Mon Feb 23 15:22:05 UTC 2026","","test_nodes_availability","",""
"","100","test_rpc_method_is_available[Test for Polkadot Asset Hub, url: wss://asset-hub-polkadot.dotters.network]","tests","Mon Feb 23 15:21:06 UTC 2026","passed","Mon Feb 23 15:21:06 UTC 2026","","test_rpc_methods_availability","",""
"","0","test_can_create_connection[Test for Bifrost Polkadot, url: wss://hk.p.bifrost-rpc.liebi.com/ws]","tests","Mon Feb 23 15:21:16 UTC 2026","passed","Mon Feb 23 15:21:16 UTC 2026","","test_nodes_availability","",""
"","81","test_rpc_node_is_synced[Test for Moonbeam, url: wss://wss.api.moonbeam.network]","tests","Mon Feb 23 15:19:41 UTC 2026","passed","Mon Feb 23 15:19:42 UTC 2026","","test_substrate_node_is_synced","",""
"","9","test_rpc_node_is_synced[Test for Kusama Bridge Hub, url: wss://sys.ibp.network/bridgehub-kusama]","tests","Mon Feb 23 15:22:34 UTC 2026","passed","Mon Feb 23 15:22:34 UTC 2026","","test_substrate_node_is_synced","",""
"","238","test_rpc_node_is_synced[Test for Karura, url: wss://karura-rpc-3.aca-api.network/ws]","tests","Mon Feb 23 15:19:31 UTC 2026","passed","Mon Feb 23 15:19:31 UTC 2026","","test_substrate_node_is_synced","",""
"","1","test_precision[Test for Polkadot Coretime]","tests","Mon Feb 23 15:21:05 UTC 2026","passed","Mon Feb 23 15:21:05 UTC 2026","TestPrecision","test_network_parameters","",""
"","0","test_precision[Test for Interlay]","tests","Mon Feb 23 15:19:56 UTC 2026","passed","Mon Feb 23 15:19:56 UTC 2026","TestPrecision","test_network_parameters","",""
"","1","test_precision[Test for Creditcoin]","tests","Mon Feb 23 15:21:03 UTC 2026","passed","Mon Feb 23 15:21:03 UTC 2026","TestPrecision","test_network_parameters","",""
"","0","test_chainId[Test for Frequency]","tests","Mon Feb 23 15:20:01 UTC 2026","passed","Mon Feb 23 15:20:01 UTC 2026","TestChainId","test_network_parameters","",""
"","0","test_rpc_method_is_available[Test for Polkadex, url: wss://polkadex.public.curie.radiumblock.co/ws]","tests","Mon Feb 23 15:21:05 UTC 2026","broken","Mon Feb 23 15:21:05 UTC 2026","","test_rpc_methods_availability","",""
"","99","test_rpc_method_is_available[Test for Kusama Bridge Hub, url: wss://bridge-hub-kusama.dotters.network]","tests","Mon Feb 23 15:22:05 UTC 2026","passed","Mon Feb 23 15:22:05 UTC 2026","","test_rpc_methods_availability","",""
"","101","test_rpc_method_is_available[Test for Kusama Relay, url: wss://apps-kusama-rpc.polkadot.io]","tests","Mon Feb 23 15:19:33 UTC 2026","passed","Mon Feb 23 15:19:33 UTC 2026","","test_rpc_methods_availability","",""
"","168","test_rpc_node_is_synced[Test for Kusama Bridge Hub, url: wss://ksm-rpc.stakeworld.io/bridgehub]","tests","Mon Feb 23 15:22:40 UTC 2026","passed","Mon Feb 23 15:22:40 UTC 2026","","test_substrate_node_is_synced","",""
"","152","test_rpc_node_is_synced[Test for Vara, url: wss://rpc.vara-network.io]","tests","Mon Feb 23 15:23:15 UTC 2026","passed","Mon Feb 23 15:23:15 UTC 2026","","test_substrate_node_is_synced","",""
"","102","test_rpc_method_is_available[Test for Westend (TESTNET), url: wss://westend.public.curie.radiumblock.co/ws]","tests","Mon Feb 23 15:20:04 UTC 2026","passed","Mon Feb 23 15:20:04 UTC 2026","","test_rpc_methods_availability","",""
"","103","test_rpc_method_is_available[Test for Kintsugi, url: wss://api-kusama.interlay.io/parachain]","tests","Mon Feb 23 15:20:14 UTC 2026","passed","Mon Feb 23 15:20:14 UTC 2026","","test_rpc_methods_availability","",""
"","150","test_rpc_node_is_synced[Test for CC Enterprise, url: wss://mainnet.creditcoin.network/ws]","tests","Mon Feb 23 15:23:19 UTC 2026","passed","Mon Feb 23 15:23:19 UTC 2026","","test_substrate_node_is_synced","",""
"","0","test_chainId[Test for Enjin Matrix]","tests","Mon Feb 23 15:20:18 UTC 2026","passed","Mon Feb 23 15:20:18 UTC 2026","TestChainId","test_network_parameters","",""
"","0","test_can_create_connection[Test for Kusama Coretime, url: wss://coretime-kusama.dotters.network]","tests","Mon Feb 23 15:22:54 UTC 2026","passed","Mon Feb 23 15:22:54 UTC 2026","","test_nodes_availability","",""
"","0","test_can_create_connection[Test for Polkadot Coretime, url: wss://rpc-coretime-polkadot.luckyfriday.io]","tests","Mon Feb 23 15:22:52 UTC 2026","passed","Mon Feb 23 15:22:52 UTC 2026","","test_nodes_availability","",""
