"DESCRIPTION","DURATION IN MS","NAME","PARENT SUITE","START TIME","STATUS","STOP TIME","SUB SUITE","SUITE","TEST CLASS","TEST METHOD"
"","102","test_rpc_method_is_available[Test for Kusama People, url: wss://sys.ibp.network/people-kusama]","tests","Wed Jan 14 15:08:39 UTC 2026","passed","Wed Jan 14 15:08:39 UTC 2026","","test_rpc_methods_availability","",""
"","13","test_rpc_node_is_synced[Test for Bittensor, url: wss://bittensor-finney.api.onfinality.io/public-ws]","tests","Wed Jan 14 15:10:42 UTC 2026","passed","Wed Jan 14 15:10:42 UTC 2026","","test_substrate_node_is_synced","",""
"","0","test_precision[Test for DAO IPCI]","tests","Wed Jan 14 15:08:30 UTC 2026","passed","Wed Jan 14 15:08:30 UTC 2026","TestPrecision","test_network_parameters","",""
"","11","test_has_new_assets[Test for Enjin Matrix]","tests","Wed Jan 14 15:08:53 UTC 2026","passed","Wed Jan 14 15:08:53 UTC 2026","TestAssets","test_check_new_assets","",""
"","0","test_can_create_connection[Test for Polkadot Collectives, url: wss://sys.ibp.network/collectives-polkadot]","tests","Wed Jan 14 15:10:53 UTC 2026","passed","Wed Jan 14 15:10:53 UTC 2026","","test_nodes_availability","",""
"","1","test_chainId[Test for Hydration]","tests","Wed Jan 14 15:08:14 UTC 2026","passed","Wed Jan 14 15:08:14 UTC 2026","TestChainId","test_network_parameters","",""
"","1","test_precision[Test for Mythos]","tests","Wed Jan 14 15:09:03 UTC 2026","passed","Wed Jan 14 15:09:03 UTC 2026","TestPrecision","test_network_parameters","",""
"","7","test_rpc_node_is_synced[Test for Hyperbridge Nexus, url: wss://nexus.dotters.network]","tests","Wed Jan 14 15:11:30 UTC 2026","passed","Wed Jan 14 15:11:30 UTC 2026","","test_substrate_node_is_synced","",""
"","96","test_rpc_method_is_available[Test for Centrifuge Parachain, url: wss://rpc-centrifuge.luckyfriday.io]","tests","Wed Jan 14 15:09:20 UTC 2026","passed","Wed Jan 14 15:09:20 UTC 2026","","test_rpc_methods_availability","",""
"","0","test_can_create_connection[Test for Enjin Relay, url: wss://rpc.relay.blockchain.enjin.io]","tests","Wed Jan 14 15:11:06 UTC 2026","passed","Wed Jan 14 15:11:06 UTC 2026","","test_nodes_availability","",""
"","0","test_can_create_connection[Test for Crust Shadow, url: wss://rpc-shadow.crust.network/]","tests","Wed Jan 14 15:09:15 UTC 2026","passed","Wed Jan 14 15:09:15 UTC 2026","","test_nodes_availability","",""
"","0","test_address_prefix[Test for Centrifuge Parachain]","tests","Wed Jan 14 15:08:16 UTC 2026","passed","Wed Jan 14 15:08:16 UTC 2026","TestNetworkPrefix","test_network_parameters","",""
"","0","test_can_create_connection[Test for Phala, url: wss://phala.public.curie.radiumblock.co/ws]","tests","Wed Jan 14 15:09:15 UTC 2026","passed","Wed Jan 14 15:09:15 UTC 2026","","test_nodes_availability","",""
"","0","test_can_create_connection[Test for GIANT, url: wss://rpc-anchor-1-mainnet-az-ue1.giantprotocol.org:443]","tests","Wed Jan 14 15:10:37 UTC 2026","passed","Wed Jan 14 15:10:37 UTC 2026","","test_nodes_availability","",""
"","0","test_can_create_connection[Test for Crust Shadow, url: wss://rpc-sha-subscan.crustnetwork.xyz]","tests","Wed Jan 14 15:09:04 UTC 2026","passed","Wed Jan 14 15:09:04 UTC 2026","","test_nodes_availability","",""
"","587","test_rpc_node_work_fast[Test for Ethereum, url: https://1rpc.io/eth]","tests","Wed Jan 14 15:07:42 UTC 2026","passed","Wed Jan 14 15:07:43 UTC 2026","TestETHNodesAvailability","test_eth_nodes_availability","",""
"","0","test_address_prefix[Test for Joystream]","tests","Wed Jan 14 15:08:56 UTC 2026","passed","Wed Jan 14 15:08:56 UTC 2026","TestNetworkPrefix","test_network_parameters","",""
"","63","test_rpc_node_is_synced[Test for Kusama Coretime, url: wss://sys.ibp.network/coretime-kusama]","tests","Wed Jan 14 15:11:59 UTC 2026","passed","Wed Jan 14 15:11:59 UTC 2026","","test_substrate_node_is_synced","",""
"","117","test_rpc_method_is_available[Test for Kusama Relay, url: wss://rpc-kusama-1.novasama-tech.org]","tests","Wed Jan 14 15:08:26 UTC 2026","passed","Wed Jan 14 15:08:26 UTC 2026","","test_rpc_methods_availability","",""
"","156","test_rpc_method_is_available[Test for Kusama Coretime, url: wss://kusama-coretime-rpc.polkadot.io]","tests","Wed Jan 14 15:11:29 UTC 2026","passed","Wed Jan 14 15:11:29 UTC 2026","","test_rpc_methods_availability","",""
"","0","test_address_prefix[Test for Pendulum]","tests","Wed Jan 14 15:08:45 UTC 2026","passed","Wed Jan 14 15:08:45 UTC 2026","TestNetworkPrefix","test_network_parameters","",""
"","0","test_can_create_connection[Test for Nodle Parachain, url: wss://nodle-parachain.api.onfinality.io/public-ws]","tests","Wed Jan 14 15:09:03 UTC 2026","passed","Wed Jan 14 15:09:03 UTC 2026","","test_nodes_availability","",""
"","97","test_rpc_node_is_synced[Test for Polkadot Bridge Hub, url: wss://dot-rpc.stakeworld.io/bridgehub]","tests","Wed Jan 14 15:10:56 UTC 2026","passed","Wed Jan 14 15:10:56 UTC 2026","","test_substrate_node_is_synced","",""
"","0","test_can_create_connection[Test for Hyperbridge Nexus, url: wss://nexus.ibp.network]","tests","Wed Jan 14 15:11:17 UTC 2026","passed","Wed Jan 14 15:11:17 UTC 2026","","test_nodes_availability","",""
"","94","test_rpc_method_is_available[Test for Polkadot Relay, url: wss://1rpc.io/dot]","tests","Wed Jan 14 15:08:16 UTC 2026","passed","Wed Jan 14 15:08:16 UTC 2026","","test_rpc_methods_availability","",""
"","54","test_rpc_node_is_synced[Test for Kusama Relay, url: wss://kusama.public.curie.radiumblock.co/ws]","tests","Wed Jan 14 15:08:22 UTC 2026","passed","Wed Jan 14 15:08:22 UTC 2026","","test_substrate_node_is_synced","",""
"","0","test_can_create_connection[Test for Heima, url: wss://heima-rpc.n.dwellir.com]","tests","Wed Jan 14 15:10:10 UTC 2026","passed","Wed Jan 14 15:10:10 UTC 2026","","test_nodes_availability","",""
"","97","test_rpc_node_is_synced[Test for Polkadot Relay, url: wss://dot-rpc.stakeworld.io]","tests","Wed Jan 14 15:08:12 UTC 2026","passed","Wed Jan 14 15:08:12 UTC 2026","","test_substrate_node_is_synced","",""
"","22","test_rpc_node_is_synced[Test for Frequency, url: wss://1.rpc.frequency.xyz]","tests","Wed Jan 14 15:11:03 UTC 2026","passed","Wed Jan 14 15:11:03 UTC 2026","","test_substrate_node_is_synced","",""
"","0","test_precision[Test for Manta Atlantic]","tests","Wed Jan 14 15:08:54 UTC 2026","passed","Wed Jan 14 15:08:54 UTC 2026","TestPrecision","test_network_parameters","",""
"","214","test_rpc_node_is_synced[Test for Bifrost Polkadot, url: wss://hk.p.bifrost-rpc.liebi.com/ws]","tests","Wed Jan 14 15:10:14 UTC 2026","passed","Wed Jan 14 15:10:14 UTC 2026","","test_substrate_node_is_synced","",""
"","12","test_has_new_assets[Test for Phala]","tests","Wed Jan 14 15:08:28 UTC 2026","passed","Wed Jan 14 15:08:28 UTC 2026","TestAssets","test_check_new_assets","",""
"","95","test_rpc_method_is_available[Test for Avail, url: wss://mainnet-rpc.avail.so/ws]","tests","Wed Jan 14 15:11:11 UTC 2026","passed","Wed Jan 14 15:11:11 UTC 2026","","test_rpc_methods_availability","",""
"","0","test_can_create_connection[Test for Robonomics, url: wss://kusama.rpc.robonomics.network/]","tests","Wed Jan 14 15:10:49 UTC 2026","passed","Wed Jan 14 15:10:49 UTC 2026","","test_nodes_availability","",""
"","0","test_can_create_connection[Test for UNIQUE, url: wss://asia-ws.unique.network/]","tests","Wed Jan 14 15:09:47 UTC 2026","passed","Wed Jan 14 15:09:47 UTC 2026","","test_nodes_availability","",""
"","94","test_rpc_method_is_available[Test for Karura, url: wss://karura-rpc-2.aca-api.network/ws]","tests","Wed Jan 14 15:07:44 UTC 2026","passed","Wed Jan 14 15:07:44 UTC 2026","","test_rpc_methods_availability","",""
"","103","test_rpc_method_is_available[Test for Polkadot Collectives, url: wss://dot-rpc.stakeworld.io/collectives]","tests","Wed Jan 14 15:10:51 UTC 2026","passed","Wed Jan 14 15:10:51 UTC 2026","","test_rpc_methods_availability","",""
"","308","test_rpc_method_is_available[Test for Kusama Asset Hub, url: wss://asset-hub-kusama.dotters.network]","tests","Wed Jan 14 15:07:38 UTC 2026","passed","Wed Jan 14 15:07:38 UTC 2026","","test_rpc_methods_availability","",""
"","10","test_has_new_assets[Test for DeepBrain]","tests","Wed Jan 14 15:09:16 UTC 2026","passed","Wed Jan 14 15:09:16 UTC 2026","TestAssets","test_check_new_assets","",""
"","10","test_has_new_assets[Test for Amplitude]","tests","Wed Jan 14 15:08:12 UTC 2026","passed","Wed Jan 14 15:08:12 UTC 2026","TestAssets","test_check_new_assets","",""
"","95","test_rpc_method_is_available[Test for Kusama Relay, url: wss://1rpc.io/ksm]","tests","Wed Jan 14 15:08:05 UTC 2026","passed","Wed Jan 14 15:08:05 UTC 2026","","test_rpc_methods_availability","",""
"","1","test_address_prefix[Test for CC Enterprise]","tests","Wed Jan 14 15:09:14 UTC 2026","passed","Wed Jan 14 15:09:14 UTC 2026","TestNetworkPrefix","test_network_parameters","",""
"","0","test_chainId[Test for Westend (TESTNET)]","tests","Wed Jan 14 15:07:56 UTC 2026","passed","Wed Jan 14 15:07:56 UTC 2026","TestChainId","test_network_parameters","",""
"","0","test_chainId[Test for Heima]","tests","Wed Jan 14 15:08:26 UTC 2026","passed","Wed Jan 14 15:08:26 UTC 2026","TestChainId","test_network_parameters","",""
"","93","test_rpc_node_is_synced[Test for Humanode, url: wss://explorer-rpc-ws.mainnet.stages.humanode.io]","tests","Wed Jan 14 15:11:42 UTC 2026","passed","Wed Jan 14 15:11:43 UTC 2026","","test_substrate_node_is_synced","",""
"","226","test_rpc_node_is_synced[Test for Manta Atlantic, url: wss://ws.manta.systems]","tests","Wed Jan 14 15:11:19 UTC 2026","passed","Wed Jan 14 15:11:19 UTC 2026","","test_substrate_node_is_synced","",""
"","107","test_rpc_node_is_synced[Test for DAO IPCI, url: wss://ipci.rpc.robonomics.network]","tests","Wed Jan 14 15:10:31 UTC 2026","passed","Wed Jan 14 15:10:32 UTC 2026","","test_substrate_node_is_synced","",""
"","1","test_can_create_connection[Test for Hydration, url: wss://rpc.hydradx.cloud]","tests","Wed Jan 14 15:09:36 UTC 2026","passed","Wed Jan 14 15:09:36 UTC 2026","","test_nodes_availability","",""
"","71","test_rpc_node_is_synced[Test for Aleph Zero, url: wss://ws.azero.dev]","tests","Wed Jan 14 15:09:46 UTC 2026","passed","Wed Jan 14 15:09:46 UTC 2026","","test_substrate_node_is_synced","",""
"","163","test_rpc_method_is_available[Test for Crust Shadow, url: wss://rpc2-shadow.crust.network/]","tests","Wed Jan 14 15:09:03 UTC 2026","passed","Wed Jan 14 15:09:03 UTC 2026","","test_rpc_methods_availability","",""
"","0","test_address_prefix[Test for Polymesh]","tests","Wed Jan 14 15:08:29 UTC 2026","passed","Wed Jan 14 15:08:29 UTC 2026","TestNetworkPrefix","test_network_parameters","",""
"","0","test_can_create_connection[Test for NeuroWeb, url: wss://parachain-rpc.origin-trail.network]","tests","Wed Jan 14 15:09:37 UTC 2026","passed","Wed Jan 14 15:09:37 UTC 2026","","test_nodes_availability","",""
"","110","test_rpc_node_is_synced[Test for Basilisk, url: wss://basilisk-rpc.n.dwellir.com]","tests","Wed Jan 14 15:09:16 UTC 2026","passed","Wed Jan 14 15:09:16 UTC 2026","","test_substrate_node_is_synced","",""
"","104","test_rpc_method_is_available[Test for Crust Shadow, url: wss://rpc-shadow.crust.network/]","tests","Wed Jan 14 15:09:08 UTC 2026","passed","Wed Jan 14 15:09:08 UTC 2026","","test_rpc_methods_availability","",""
"","0","test_can_create_connection[Test for UNIQUE, url: wss://us-ws.unique.network/]","tests","Wed Jan 14 15:09:40 UTC 2026","passed","Wed Jan 14 15:09:40 UTC 2026","","test_nodes_availability","",""
"","7","test_has_new_assets[Test for Crust Shadow]","tests","Wed Jan 14 15:08:03 UTC 2026","passed","Wed Jan 14 15:08:03 UTC 2026","TestAssets","test_check_new_assets","",""
"","182","test_rpc_method_is_available[Test for Astar, url: wss://astar-rpc.n.dwellir.com]","tests","Wed Jan 14 15:09:03 UTC 2026","passed","Wed Jan 14 15:09:03 UTC 2026","","test_rpc_methods_availability","",""
"","0","test_can_create_connection[Test for Hyperbridge Nexus, url: wss://nexus.dotters.network]","tests","Wed Jan 14 15:11:09 UTC 2026","passed","Wed Jan 14 15:11:09 UTC 2026","","test_nodes_availability","",""
"","0","test_chainId[Test for Shiden]","tests","Wed Jan 14 15:07:49 UTC 2026","passed","Wed Jan 14 15:07:49 UTC 2026","TestChainId","test_network_parameters","",""
"","202","test_rpc_method_is_available[Test for Kintsugi, url: wss://api-kusama.interlay.io/parachain]","tests","Wed Jan 14 15:08:45 UTC 2026","passed","Wed Jan 14 15:08:46 UTC 2026","","test_rpc_methods_availability","",""
"","177","test_rpc_method_is_available[Test for Polkadot Coretime, url: wss://polkadot-coretime-rpc.polkadot.io]","tests","Wed Jan 14 15:11:25 UTC 2026","passed","Wed Jan 14 15:11:25 UTC 2026","","test_rpc_methods_availability","",""
"","0","test_can_create_connection[Test for Kusama Relay, url: wss://rpc.ibp.network/kusama]","tests","Wed Jan 14 15:07:58 UTC 2026","passed","Wed Jan 14 15:07:58 UTC 2026","","test_nodes_availability","",""
"","0","test_chainId[Test for Polkadot People]","tests","Wed Jan 14 15:07:44 UTC 2026","passed","Wed Jan 14 15:07:44 UTC 2026","TestChainId","test_network_parameters","",""
"","173","test_rpc_method_is_available[Test for Polkadot Bridge Hub, url: wss://dot-rpc.stakeworld.io/bridgehub]","tests","Wed Jan 14 15:10:36 UTC 2026","passed","Wed Jan 14 15:10:36 UTC 2026","","test_rpc_methods_availability","",""
"","96","test_rpc_method_is_available[Test for UNIQUE, url: wss://eu-ws.unique.network/]","tests","Wed Jan 14 15:10:19 UTC 2026","passed","Wed Jan 14 15:10:19 UTC 2026","","test_rpc_methods_availability","",""
"","0","test_address_prefix[Test for QUARTZ]","tests","Wed Jan 14 15:08:01 UTC 2026","passed","Wed Jan 14 15:08:01 UTC 2026","TestNetworkPrefix","test_network_parameters","",""
"","6","test_rpc_node_is_synced[Test for Kusama Asset Hub, url: wss://asset-hub-kusama.dotters.network]","tests","Wed Jan 14 15:07:46 UTC 2026","passed","Wed Jan 14 15:07:46 UTC 2026","","test_substrate_node_is_synced","",""
"","0","test_precision[Test for Polkadot Asset Hub]","tests","Wed Jan 14 15:08:11 UTC 2026","passed","Wed Jan 14 15:08:11 UTC 2026","TestPrecision","test_network_parameters","",""
"","0","test_precision[Test for Kusama Asset Hub]","tests","Wed Jan 14 15:08:05 UTC 2026","passed","Wed Jan 14 15:08:05 UTC 2026","TestPrecision","test_network_parameters","",""
"","119","test_rpc_node_is_synced[Test for Polkadex, url: wss://so.polkadex.ee]","tests","Wed Jan 14 15:09:50 UTC 2026","passed","Wed Jan 14 15:09:50 UTC 2026","","test_substrate_node_is_synced","",""
"","30","test_rpc_node_is_synced[Test for Tanssi, url: wss://services.tanssi-mainnet.network/tanssi]","tests","Wed Jan 14 15:12:04 UTC 2026","passed","Wed Jan 14 15:12:04 UTC 2026","","test_substrate_node_is_synced","",""
"","0","test_can_create_connection[Test for Polkadot People, url: wss://sys.ibp.network/people-polkadot]","tests","Wed Jan 14 15:08:20 UTC 2026","passed","Wed Jan 14 15:08:20 UTC 2026","","test_nodes_availability","",""
"","7","test_rpc_node_is_synced[Test for Hydration, url: wss://hydration.dotters.network]","tests","Wed Jan 14 15:09:15 UTC 2026","passed","Wed Jan 14 15:09:15 UTC 2026","","test_substrate_node_is_synced","",""
"","0","test_address_prefix[Test for krest]","tests","Wed Jan 14 15:08:52 UTC 2026","passed","Wed Jan 14 15:08:52 UTC 2026","TestNetworkPrefix","test_network_parameters","",""
"","0","test_can_create_connection[Test for Pendulum, url: wss://rpc-pendulum.prd.pendulumchain.tech]","tests","Wed Jan 14 15:10:35 UTC 2026","passed","Wed Jan 14 15:10:35 UTC 2026","","test_nodes_availability","",""
"","0","test_can_create_connection[Test for Kusama Relay, url: wss://apps-kusama-rpc.polkadot.io]","tests","Wed Jan 14 15:08:07 UTC 2026","passed","Wed Jan 14 15:08:07 UTC 2026","","test_nodes_availability","",""
"","0","test_can_create_connection[Test for Curio, url: wss://archive.parachain.curioinvest.com]","tests","Wed Jan 14 15:11:04 UTC 2026","broken","Wed Jan 14 15:11:04 UTC 2026","","test_nodes_availability","",""
"","99","test_rpc_node_is_synced[Test for Avail, url: wss://mainnet-rpc.avail.so/ws]","tests","Wed Jan 14 15:11:32 UTC 2026","passed","Wed Jan 14 15:11:32 UTC 2026","","test_substrate_node_is_synced","",""
"","189","test_has_new_assets[Test for Altair]","tests","Wed Jan 14 15:07:45 UTC 2026","passed","Wed Jan 14 15:07:45 UTC 2026","TestAssets","test_check_new_assets","",""
"","0","test_address_prefix[Test for Polkadot Relay]","tests","Wed Jan 14 15:07:55 UTC 2026","passed","Wed Jan 14 15:07:55 UTC 2026","TestNetworkPrefix","test_network_parameters","",""
"","8","test_rpc_node_is_synced[Test for Kusama Relay, url: wss://rpc-kusama.luckyfriday.io]","tests","Wed Jan 14 15:08:08 UTC 2026","passed","Wed Jan 14 15:08:08 UTC 2026","","test_substrate_node_is_synced","",""
"","185","test_rpc_method_is_available[Test for Shiden, url: wss://shiden-rpc.n.dwellir.com]","tests","Wed Jan 14 15:08:36 UTC 2026","passed","Wed Jan 14 15:08:36 UTC 2026","","test_rpc_methods_availability","",""
"","10","test_has_new_assets[Test for Ternoa]","tests","Wed Jan 14 15:08:16 UTC 2026","passed","Wed Jan 14 15:08:16 UTC 2026","TestAssets","test_check_new_assets","",""
"","58","test_rpc_node_is_synced[Test for Shiden, url: wss://shiden.public.curie.radiumblock.co/ws]","tests","Wed Jan 14 15:08:55 UTC 2026","passed","Wed Jan 14 15:08:55 UTC 2026","","test_substrate_node_is_synced","",""
"","0","test_can_create_connection[Test for Zeitgeist, url: wss://zeitgeist.api.onfinality.io/public-ws]","tests","Wed Jan 14 15:08:58 UTC 2026","passed","Wed Jan 14 15:08:58 UTC 2026","","test_nodes_availability","",""
"","186","test_rpc_method_is_available[Test for Bittensor, url: wss://bittensor-finney.api.onfinality.io/public-ws]","tests","Wed Jan 14 15:10:34 UTC 2026","passed","Wed Jan 14 15:10:34 UTC 2026","","test_rpc_methods_availability","",""
"","92","test_rpc_node_is_synced[Test for Ternoa, url: wss://mainnet.ternoa.network]","tests","Wed Jan 14 15:10:22 UTC 2026","passed","Wed Jan 14 15:10:22 UTC 2026","","test_substrate_node_is_synced","",""
"","0","test_can_create_connection[Test for Altair, url: wss://altair.api.onfinality.io/public-ws]","tests","Wed Jan 14 15:09:25 UTC 2026","passed","Wed Jan 14 15:09:25 UTC 2026","","test_nodes_availability","",""
"","6","test_rpc_node_is_synced[Test for GIANT, url: wss://rpc-anchor-2-mainnet-az-ue1.giantprotocol.org:443]","tests","Wed Jan 14 15:10:48 UTC 2026","passed","Wed Jan 14 15:10:48 UTC 2026","","test_substrate_node_is_synced","",""
"","1","test_can_create_connection[Test for Kusama Asset Hub, url: wss://asset-hub-kusama.dotters.network]","tests","Wed Jan 14 15:07:52 UTC 2026","passed","Wed Jan 14 15:07:52 UTC 2026","","test_nodes_availability","",""
"","213","test_rpc_method_is_available[Test for Hydration, url: wss://hydration.dotters.network]","tests","Wed Jan 14 15:08:55 UTC 2026","passed","Wed Jan 14 15:08:55 UTC 2026","","test_rpc_methods_availability","",""
"","96","test_rpc_method_is_available[Test for Hyperbridge Nexus, url: wss://hyperbridge-nexus-rpc.blockops.network]","tests","Wed Jan 14 15:11:04 UTC 2026","passed","Wed Jan 14 15:11:04 UTC 2026","","test_rpc_methods_availability","",""
"","0","test_can_create_connection[Test for Darwinia, url: wss://rpc.darwinia.network]","tests","Wed Jan 14 15:10:24 UTC 2026","passed","Wed Jan 14 15:10:24 UTC 2026","","test_nodes_availability","",""
"","0","test_chainId[Test for Bifrost Kusama]","tests","Wed Jan 14 15:07:56 UTC 2026","passed","Wed Jan 14 15:07:56 UTC 2026","TestChainId","test_network_parameters","",""
"","0","test_precision[Test for UNIQUE]","tests","Wed Jan 14 15:08:13 UTC 2026","passed","Wed Jan 14 15:08:13 UTC 2026","TestPrecision","test_network_parameters","",""
"","163","test_rpc_method_is_available[Test for Frequency, url: wss://1.rpc.frequency.xyz]","tests","Wed Jan 14 15:10:41 UTC 2026","passed","Wed Jan 14 15:10:41 UTC 2026","","test_rpc_methods_availability","",""
"","0","test_can_create_connection[Test for Polkadot People, url: wss://people-polkadot.public.curie.radiumblock.co/ws]","tests","Wed Jan 14 15:08:28 UTC 2026","passed","Wed Jan 14 15:08:28 UTC 2026","","test_nodes_availability","",""
"","60","test_rpc_node_is_synced[Test for Moonriver, url: wss://moonriver.public.curie.radiumblock.co/ws]","tests","Wed Jan 14 15:08:30 UTC 2026","passed","Wed Jan 14 15:08:30 UTC 2026","","test_substrate_node_is_synced","",""
"","0","test_address_prefix[Test for Polkadot Coretime]","tests","Wed Jan 14 15:09:29 UTC 2026","passed","Wed Jan 14 15:09:29 UTC 2026","TestNetworkPrefix","test_network_parameters","",""
"","0","test_precision[Test for GIANT]","tests","Wed Jan 14 15:08:46 UTC 2026","passed","Wed Jan 14 15:08:46 UTC 2026","TestPrecision","test_network_parameters","",""
"","1","test_can_create_connection[Test for Polkadot Coretime, url: wss://coretime-polkadot.dotters.network]","tests","Wed Jan 14 15:11:42 UTC 2026","passed","Wed Jan 14 15:11:42 UTC 2026","","test_nodes_availability","",""
"","90","test_rpc_node_is_synced[Test for Creditcoin, url: wss://mainnet3.creditcoin.network]","tests","Wed Jan 14 15:11:48 UTC 2026","passed","Wed Jan 14 15:11:48 UTC 2026","","test_substrate_node_is_synced","",""
"","480","test_rpc_node_is_synced[Test for Crab, url: wss://crab-rpc.darwinia.network/]","tests","Wed Jan 14 15:10:56 UTC 2026","passed","Wed Jan 14 15:10:56 UTC 2026","","test_substrate_node_is_synced","",""
"","0","test_can_create_connection[Test for Polkadot Coretime, url: wss://sys.ibp.network/coretime-polkadot]","tests","Wed Jan 14 15:11:31 UTC 2026","passed","Wed Jan 14 15:11:31 UTC 2026","","test_nodes_availability","",""
"","1","test_chainId[Test for Darwinia]","tests","Wed Jan 14 15:08:41 UTC 2026","passed","Wed Jan 14 15:08:41 UTC 2026","TestChainId","test_network_parameters","",""
"","128","test_rpc_node_is_synced[Test for Kusama People, url: wss://kusama-people-rpc.polkadot.io]","tests","Wed Jan 14 15:08:58 UTC 2026","passed","Wed Jan 14 15:08:58 UTC 2026","","test_substrate_node_is_synced","",""
"","7","test_rpc_node_is_synced[Test for Moonbeam, url: wss://moonbeam.dotters.network]","tests","Wed Jan 14 15:08:12 UTC 2026","passed","Wed Jan 14 15:08:12 UTC 2026","","test_substrate_node_is_synced","",""
"","0","test_chainId[Test for DENTNet]","tests","Wed Jan 14 15:09:10 UTC 2026","passed","Wed Jan 14 15:09:10 UTC 2026","TestChainId","test_network_parameters","",""
"","1","test_can_create_connection[Test for Encointer, url: wss://api.kusama.encointer.org]","tests","Wed Jan 14 15:08:49 UTC 2026","passed","Wed Jan 14 15:08:49 UTC 2026","","test_nodes_availability","",""
"","7","test_rpc_node_is_synced[Test for Kusama People, url: wss://people-kusama.dotters.network]","tests","Wed Jan 14 15:09:03 UTC 2026","passed","Wed Jan 14 15:09:03 UTC 2026","","test_substrate_node_is_synced","",""
"","63","test_rpc_node_is_synced[Test for Kusama Relay, url: wss://rpc.ibp.network/kusama]","tests","Wed Jan 14 15:07:53 UTC 2026","passed","Wed Jan 14 15:07:53 UTC 2026","","test_substrate_node_is_synced","",""
"","0","test_precision[Test for Cere]","tests","Wed Jan 14 15:09:08 UTC 2026","passed","Wed Jan 14 15:09:08 UTC 2026","TestPrecision","test_network_parameters","",""
"","0","test_address_prefix[Test for Tangle]","tests","Wed Jan 14 15:09:27 UTC 2026","passed","Wed Jan 14 15:09:27 UTC 2026","TestNetworkPrefix","test_network_parameters","",""
"","0","test_can_create_connection[Test for QUARTZ, url: wss://eu-ws-quartz.unique.network]","tests","Wed Jan 14 15:09:58 UTC 2026","passed","Wed Jan 14 15:09:58 UTC 2026","","test_nodes_availability","",""
"","148","test_has_new_assets[Test for Polkadot People]","tests","Wed Jan 14 15:07:45 UTC 2026","passed","Wed Jan 14 15:07:45 UTC 2026","TestAssets","test_check_new_assets","",""
"","0","test_can_create_connection[Test for Manta Atlantic, url: wss://ws.manta.systems]","tests","Wed Jan 14 15:11:02 UTC 2026","passed","Wed Jan 14 15:11:02 UTC 2026","","test_nodes_availability","",""
"","10","test_has_new_assets[Test for Robonomics]","tests","Wed Jan 14 15:08:10 UTC 2026","passed","Wed Jan 14 15:08:10 UTC 2026","TestAssets","test_check_new_assets","",""
"","1","test_can_create_connection[Test for Acala, url: wss://acala-rpc-0.aca-api.network]","tests","Wed Jan 14 15:08:47 UTC 2026","passed","Wed Jan 14 15:08:47 UTC 2026","","test_nodes_availability","",""
"","226","test_rpc_node_is_synced[Test for DeepBrain, url: wss://info.dbcwallet.io]","tests","Wed Jan 14 15:11:50 UTC 2026","passed","Wed Jan 14 15:11:50 UTC 2026","","test_substrate_node_is_synced","",""
"","146","test_rpc_method_is_available[Test for Kusama Asset Hub, url: wss://sys.ibp.network/statemine]","tests","Wed Jan 14 15:08:26 UTC 2026","passed","Wed Jan 14 15:08:26 UTC 2026","","test_rpc_methods_availability","",""
"","93","test_rpc_method_is_available[Test for Westend (TESTNET), url: wss://westend.public.curie.radiumblock.co/ws]","tests","Wed Jan 14 15:08:21 UTC 2026","passed","Wed Jan 14 15:08:21 UTC 2026","","test_rpc_methods_availability","",""
"","167","test_rpc_method_is_available[Test for Phala, url: wss://phala.public.curie.radiumblock.co/ws]","tests","Wed Jan 14 15:09:20 UTC 2026","passed","Wed Jan 14 15:09:20 UTC 2026","","test_rpc_methods_availability","",""
"","0","test_address_prefix[Test for Moonriver]","tests","Wed Jan 14 15:07:53 UTC 2026","passed","Wed Jan 14 15:07:53 UTC 2026","TestNetworkPrefix","test_network_parameters","",""
"","184","test_rpc_method_is_available[Test for KILT, url: wss://kilt.dotters.network]","tests","Wed Jan 14 15:09:22 UTC 2026","passed","Wed Jan 14 15:09:22 UTC 2026","","test_rpc_methods_availability","",""
"","83","test_rpc_node_is_synced[Test for Cere, url: wss://rpc.mainnet.cere.network/ws]","tests","Wed Jan 14 15:11:40 UTC 2026","passed","Wed Jan 14 15:11:40 UTC 2026","","test_substrate_node_is_synced","",""
"","197","test_rpc_node_is_synced[Test for Acala, url: wss://acala-rpc-1.aca-api.network]","tests","Wed Jan 14 15:08:44 UTC 2026","passed","Wed Jan 14 15:08:45 UTC 2026","","test_substrate_node_is_synced","",""
"","0","test_chainId[Test for Humanode]","tests","Wed Jan 14 15:09:18 UTC 2026","passed","Wed Jan 14 15:09:18 UTC 2026","TestChainId","test_network_parameters","",""
"","151","test_rpc_node_is_synced[Test for Karura, url: wss://karura-rpc-0.aca-api.network]","tests","Wed Jan 14 15:07:45 UTC 2026","passed","Wed Jan 14 15:07:45 UTC 2026","","test_substrate_node_is_synced","",""
"","0","test_precision[Test for Polymesh]","tests","Wed Jan 14 15:08:26 UTC 2026","passed","Wed Jan 14 15:08:26 UTC 2026","TestPrecision","test_network_parameters","",""
"","0","test_can_create_connection[Test for Karura, url: wss://karura-rpc-2.aca-api.network/ws]","tests","Wed Jan 14 15:07:57 UTC 2026","passed","Wed Jan 14 15:07:57 UTC 2026","","test_nodes_availability","",""
"","72","test_rpc_node_is_synced[Test for Pendulum, url: wss://rpc-pendulum.prd.pendulumchain.tech]","tests","Wed Jan 14 15:10:28 UTC 2026","passed","Wed Jan 14 15:10:28 UTC 2026","","test_substrate_node_is_synced","",""
"","0","test_can_create_connection[Test for Bittensor, url: wss://entrypoint-finney.opentensor.ai:443]","tests","Wed Jan 14 15:10:11 UTC 2026","passed","Wed Jan 14 15:10:11 UTC 2026","","test_nodes_availability","",""
"","0","test_can_create_connection[Test for Acala, url: wss://acala-rpc-3.aca-api.network/ws]","tests","Wed Jan 14 15:08:57 UTC 2026","passed","Wed Jan 14 15:08:57 UTC 2026","","test_nodes_availability","",""
"","0","test_address_prefix[Test for Basilisk]","tests","Wed Jan 14 15:08:11 UTC 2026","passed","Wed Jan 14 15:08:11 UTC 2026","TestNetworkPrefix","test_network_parameters","",""
"","0","test_can_create_connection[Test for QUARTZ, url: wss://quartz.unique.network]","tests","Wed Jan 14 15:09:53 UTC 2026","passed","Wed Jan 14 15:09:53 UTC 2026","","test_nodes_availability","",""
"","0","test_can_create_connection[Test for Avail, url: wss://avail.rpc.bountyblok.io]","tests","Wed Jan 14 15:11:25 UTC 2026","broken","Wed Jan 14 15:11:25 UTC 2026","","test_nodes_availability","",""
"","0","test_precision[Test for Bifrost Polkadot]","tests","Wed Jan 14 15:08:25 UTC 2026","passed","Wed Jan 14 15:08:25 UTC 2026","TestPrecision","test_network_parameters","",""
"","0","test_can_create_connection[Test for Kintsugi, url: wss://api-kusama.interlay.io/parachain]","tests","Wed Jan 14 15:08:53 UTC 2026","passed","Wed Jan 14 15:08:53 UTC 2026","","test_nodes_availability","",""
"","0","test_chainId[Test for UNIQUE]","tests","Wed Jan 14 15:08:07 UTC 2026","passed","Wed Jan 14 15:08:07 UTC 2026","TestChainId","test_network_parameters","",""
"","7","test_rpc_node_is_synced[Test for Kusama Coretime, url: wss://coretime-kusama.dotters.network]","tests","Wed Jan 14 15:11:55 UTC 2026","passed","Wed Jan 14 15:11:55 UTC 2026","","test_substrate_node_is_synced","",""
"","96","test_rpc_node_is_synced[Test for Centrifuge Parachain, url: wss://fullnode.centrifuge.io]","tests","Wed Jan 14 15:09:23 UTC 2026","passed","Wed Jan 14 15:09:23 UTC 2026","","test_substrate_node_is_synced","",""
"","184","test_rpc_method_is_available[Test for Kusama People, url: wss://ksm-rpc.stakeworld.io/people]","tests","Wed Jan 14 15:08:46 UTC 2026","passed","Wed Jan 14 15:08:46 UTC 2026","","test_rpc_methods_availability","",""
"","194","test_rpc_method_is_available[Test for DeepBrain, url: wss://info.dbcwallet.io]","tests","Wed Jan 14 15:11:17 UTC 2026","passed","Wed Jan 14 15:11:18 UTC 2026","","test_rpc_methods_availability","",""
"","0","test_can_create_connection[Test for Bifrost Polkadot, url: wss://eu.bifrost-polkadot-rpc.liebi.com/ws]","tests","Wed Jan 14 15:10:00 UTC 2026","passed","Wed Jan 14 15:10:00 UTC 2026","","test_nodes_availability","",""
"","1","test_chainId[Test for Crust Polkadot Parachain]","tests","Wed Jan 14 15:08:42 UTC 2026","passed","Wed Jan 14 15:08:42 UTC 2026","TestChainId","test_network_parameters","",""
"","94","test_rpc_node_is_synced[Test for Bifrost Kusama, url: wss://us.bifrost-rpc.liebi.com/ws]","tests","Wed Jan 14 15:09:09 UTC 2026","passed","Wed Jan 14 15:09:09 UTC 2026","","test_substrate_node_is_synced","",""
"","0","test_chainId[Test for Kintsugi]","tests","Wed Jan 14 15:08:16 UTC 2026","passed","Wed Jan 14 15:08:16 UTC 2026","TestChainId","test_network_parameters","",""
"","105","test_rpc_method_is_available[Test for Hydration, url: wss://rpc-hydra.novasama-tech.org]","tests","Wed Jan 14 15:09:25 UTC 2026","passed","Wed Jan 14 15:09:25 UTC 2026","","test_rpc_methods_availability","",""
"","90","test_rpc_node_is_synced[Test for Kusama Coretime, url: wss://kusama-coretime-rpc.polkadot.io]","tests","Wed Jan 14 15:11:59 UTC 2026","passed","Wed Jan 14 15:11:59 UTC 2026","","test_substrate_node_is_synced","",""
"","9","test_has_new_assets[Test for XX network]","tests","Wed Jan 14 15:08:31 UTC 2026","passed","Wed Jan 14 15:08:31 UTC 2026","TestAssets","test_check_new_assets","",""
"","1","test_address_prefix[Test for Altair]","tests","Wed Jan 14 15:07:53 UTC 2026","passed","Wed Jan 14 15:07:53 UTC 2026","TestNetworkPrefix","test_network_parameters","",""
"","178","test_rpc_method_is_available[Test for Aventus, url: wss://public-rpc.mainnet.aventus.io]","tests","Wed Jan 14 15:10:27 UTC 2026","passed","Wed Jan 14 15:10:28 UTC 2026","","test_rpc_methods_availability","",""
"","0","test_address_prefix[Test for DAO IPCI]","tests","Wed Jan 14 15:08:33 UTC 2026","passed","Wed Jan 14 15:08:33 UTC 2026","TestNetworkPrefix","test_network_parameters","",""
"","94","test_rpc_method_is_available[Test for Acala, url: wss://acala-rpc-3.aca-api.network/ws]","tests","Wed Jan 14 15:08:46 UTC 2026","passed","Wed Jan 14 15:08:46 UTC 2026","","test_rpc_methods_availability","",""
"","181","test_rpc_method_is_available[Test for Moonriver, url: wss://moonriver-rpc.publicnode.com]","tests","Wed Jan 14 15:08:18 UTC 2026","passed","Wed Jan 14 15:08:19 UTC 2026","","test_rpc_methods_availability","",""
"","0","test_precision[Test for Karura]","tests","Wed Jan 14 15:07:55 UTC 2026","passed","Wed Jan 14 15:07:55 UTC 2026","TestPrecision","test_network_parameters","",""
"","156","test_rpc_method_is_available[Test for Kusama Relay, url: wss://rpc-kusama-2.novasama-tech.org]","tests","Wed Jan 14 15:07:39 UTC 2026","passed","Wed Jan 14 15:07:40 UTC 2026","","test_rpc_methods_availability","",""
"","183","test_rpc_method_is_available[Test for Kusama Coretime, url: wss://rpc-coretime-kusama.luckyfriday.io]","tests","Wed Jan 14 15:11:30 UTC 2026","passed","Wed Jan 14 15:11:30 UTC 2026","","test_rpc_methods_availability","",""
"","0","test_can_create_connection[Test for Polkadot Relay, url: wss://polkadot.public.curie.radiumblock.co/ws]","tests","Wed Jan 14 15:08:22 UTC 2026","passed","Wed Jan 14 15:08:22 UTC 2026","","test_nodes_availability","",""
"","0","test_precision[Test for Kintsugi]","tests","Wed Jan 14 15:08:26 UTC 2026","passed","Wed Jan 14 15:08:26 UTC 2026","TestPrecision","test_network_parameters","",""
"","0","test_chainId[Test for Enjin Relay]","tests","Wed Jan 14 15:08:56 UTC 2026","passed","Wed Jan 14 15:08:56 UTC 2026","TestChainId","test_network_parameters","",""
"","11","test_rpc_node_is_synced[Test for Nodle Parachain, url: wss://nodle-parachain.api.onfinality.io/public-ws]","tests","Wed Jan 14 15:09:27 UTC 2026","passed","Wed Jan 14 15:09:27 UTC 2026","","test_substrate_node_is_synced","",""
"","168","test_rpc_node_is_synced[Test for Astar, url: wss://rpc.astar.network]","tests","Wed Jan 14 15:09:24 UTC 2026","passed","Wed Jan 14 15:09:24 UTC 2026","","test_substrate_node_is_synced","",""
"","11","test_has_new_assets[Test for Pendulum]","tests","Wed Jan 14 15:08:37 UTC 2026","passed","Wed Jan 14 15:08:37 UTC 2026","TestAssets","test_check_new_assets","",""
"","157","test_rpc_method_is_available[Test for Encointer, url: wss://api.kusama.encointer.org]","tests","Wed Jan 14 15:08:40 UTC 2026","passed","Wed Jan 14 15:08:41 UTC 2026","","test_rpc_methods_availability","",""
"","102","test_rpc_method_is_available[Test for Acala, url: wss://acala-rpc-2.aca-api.network/ws]","tests","Wed Jan 14 15:08:42 UTC 2026","passed","Wed Jan 14 15:08:42 UTC 2026","","test_rpc_methods_availability","",""
"","112","test_rpc_node_is_synced[Test for Joystream, url: wss://rpc.joystream.org]","tests","Wed Jan 14 15:11:17 UTC 2026","passed","Wed Jan 14 15:11:17 UTC 2026","","test_substrate_node_is_synced","",""
"","0","test_precision[Test for Darwinia]","tests","Wed Jan 14 15:08:46 UTC 2026","passed","Wed Jan 14 15:08:46 UTC 2026","TestPrecision","test_network_parameters","",""
"","0","test_can_create_connection[Test for Polkadot Relay, url: wss://1rpc.io/dot]","tests","Wed Jan 14 15:08:27 UTC 2026","passed","Wed Jan 14 15:08:27 UTC 2026","","test_nodes_availability","",""
"","93","test_rpc_method_is_available[Test for Ternoa, url: wss://mainnet.ternoa.network]","tests","Wed Jan 14 15:09:51 UTC 2026","passed","Wed Jan 14 15:09:52 UTC 2026","","test_rpc_methods_availability","",""
"","0","test_precision[Test for Hydration]","tests","Wed Jan 14 15:08:19 UTC 2026","passed","Wed Jan 14 15:08:19 UTC 2026","TestPrecision","test_network_parameters","",""
"","1","test_can_create_connection[Test for Encointer, url: wss://sys.ibp.network/encointer-kusama]","tests","Wed Jan 14 15:08:42 UTC 2026","passed","Wed Jan 14 15:08:42 UTC 2026","","test_nodes_availability","",""
"","0","test_address_prefix[Test for NeuroWeb]","tests","Wed Jan 14 15:08:23 UTC 2026","passed","Wed Jan 14 15:08:23 UTC 2026","TestNetworkPrefix","test_network_parameters","",""
"","92","test_rpc_method_is_available[Test for Manta Atlantic, url: wss://ws.manta.systems]","tests","Wed Jan 14 15:10:53 UTC 2026","passed","Wed Jan 14 15:10:53 UTC 2026","","test_rpc_methods_availability","",""
"","13","test_has_new_assets[Test for Astar]","tests","Wed Jan 14 15:08:00 UTC 2026","passed","Wed Jan 14 15:08:00 UTC 2026","TestAssets","test_check_new_assets","",""
"","0","test_can_create_connection[Test for Shiden, url: wss://rpc.shiden.astar.network]","tests","Wed Jan 14 15:08:40 UTC 2026","passed","Wed Jan 14 15:08:40 UTC 2026","","test_nodes_availability","",""
"","0","test_precision[Test for Polkadex]","tests","Wed Jan 14 15:08:12 UTC 2026","passed","Wed Jan 14 15:08:12 UTC 2026","TestPrecision","test_network_parameters","",""
"","91","test_rpc_method_is_available[Test for Polkadot Relay, url: wss://polkadot.public.curie.radiumblock.co/ws]","tests","Wed Jan 14 15:08:05 UTC 2026","passed","Wed Jan 14 15:08:05 UTC 2026","","test_rpc_methods_availability","",""
"","92","test_rpc_method_is_available[Test for DENTNet, url: wss://rpc.dentnet.io/ws]","tests","Wed Jan 14 15:11:13 UTC 2026","passed","Wed Jan 14 15:11:13 UTC 2026","","test_rpc_methods_availability","",""
"","9","test_has_new_assets[Test for Centrifuge Parachain]","tests","Wed Jan 14 15:08:08 UTC 2026","passed","Wed Jan 14 15:08:08 UTC 2026","TestAssets","test_check_new_assets","",""
"","184","test_rpc_method_is_available[Test for Kusama Coretime, url: wss://coretime-kusama.dotters.network]","tests","Wed Jan 14 15:11:25 UTC 2026","passed","Wed Jan 14 15:11:25 UTC 2026","","test_rpc_methods_availability","",""
"","0","test_chainId[Test for Kusama Coretime]","tests","Wed Jan 14 15:09:24 UTC 2026","passed","Wed Jan 14 15:09:24 UTC 2026","TestChainId","test_network_parameters","",""
"","11","test_has_new_assets[Test for GIANT]","tests","Wed Jan 14 15:08:38 UTC 2026","passed","Wed Jan 14 15:08:38 UTC 2026","TestAssets","test_check_new_assets","",""
"","100","test_rpc_method_is_available[Test for Kusama Relay, url: wss://kusama.dotters.network]","tests","Wed Jan 14 15:07:48 UTC 2026","passed","Wed Jan 14 15:07:48 UTC 2026","","test_rpc_methods_availability","",""
"","0","test_precision[Test for Polkadot Relay]","tests","Wed Jan 14 15:07:49 UTC 2026","passed","Wed Jan 14 15:07:49 UTC 2026","TestPrecision","test_network_parameters","",""
"","0","test_address_prefix[Test for Avail]","tests","Wed Jan 14 15:09:11 UTC 2026","passed","Wed Jan 14 15:09:11 UTC 2026","TestNetworkPrefix","test_network_parameters","",""
"","92","test_rpc_method_is_available[Test for GIANT, url: wss://rpc-anchor-1-mainnet-az-ue1.giantprotocol.org:443]","tests","Wed Jan 14 15:10:22 UTC 2026","passed","Wed Jan 14 15:10:22 UTC 2026","","test_rpc_methods_availability","",""
"","12","test_has_new_assets[Test for Moonbeam]","tests","Wed Jan 14 15:07:54 UTC 2026","passed","Wed Jan 14 15:07:54 UTC 2026","TestAssets","test_check_new_assets","",""
"","12","test_has_new_assets[Test for QUARTZ]","tests","Wed Jan 14 15:07:52 UTC 2026","passed","Wed Jan 14 15:07:52 UTC 2026","TestAssets","test_check_new_assets","",""
"","97","test_rpc_method_is_available[Test for DAO IPCI, url: wss://ipci.rpc.robonomics.network]","tests","Wed Jan 14 15:09:59 UTC 2026","passed","Wed Jan 14 15:09:59 UTC 2026","","test_rpc_methods_availability","",""
"","93","test_rpc_method_is_available[Test for Altair, url: wss://altair.api.onfinality.io/public-ws]","tests","Wed Jan 14 15:09:15 UTC 2026","passed","Wed Jan 14 15:09:15 UTC 2026","","test_rpc_methods_availability","",""
"","0","test_chainId[Test for Energy Web X]","tests","Wed Jan 14 15:08:49 UTC 2026","passed","Wed Jan 14 15:08:49 UTC 2026","TestChainId","test_network_parameters","",""
"","97","test_rpc_method_is_available[Test for UNIQUE, url: wss://us-ws.unique.network/]","tests","Wed Jan 14 15:09:32 UTC 2026","passed","Wed Jan 14 15:09:32 UTC 2026","","test_rpc_methods_availability","",""
"","1","test_precision[Test for Shiden]","tests","Wed Jan 14 15:07:54 UTC 2026","passed","Wed Jan 14 15:07:54 UTC 2026","TestPrecision","test_network_parameters","",""
"","93","test_rpc_node_is_synced[Test for Crust Polkadot Parachain, url: wss://crust-parachain.crustapps.net]","tests","Wed Jan 14 15:10:32 UTC 2026","passed","Wed Jan 14 15:10:32 UTC 2026","","test_substrate_node_is_synced","",""
"","0","test_chainId[Test for QUARTZ]","tests","Wed Jan 14 15:07:51 UTC 2026","passed","Wed Jan 14 15:07:51 UTC 2026","TestChainId","test_network_parameters","",""
"","94","test_rpc_method_is_available[Test for Interlay, url: wss://api.interlay.io/parachain]","tests","Wed Jan 14 15:09:00 UTC 2026","passed","Wed Jan 14 15:09:00 UTC 2026","","test_rpc_methods_availability","",""
"","0","test_chainId[Test for Bittensor]","tests","Wed Jan 14 15:08:31 UTC 2026","passed","Wed Jan 14 15:08:31 UTC 2026","TestChainId","test_network_parameters","",""
"","0","test_can_create_connection[Test for Karura, url: wss://karura-rpc-0.aca-api.network]","tests","Wed Jan 14 15:07:51 UTC 2026","passed","Wed Jan 14 15:07:51 UTC 2026","","test_nodes_availability","",""
"","0","test_chainId[Test for Cere]","tests","Wed Jan 14 15:09:03 UTC 2026","passed","Wed Jan 14 15:09:03 UTC 2026","TestChainId","test_network_parameters","",""
"","88","test_rpc_method_is_available[Test for Mythos, url: wss://polkadot-mythos-rpc.polkadot.io]","tests","Wed Jan 14 15:10:53 UTC 2026","passed","Wed Jan 14 15:10:53 UTC 2026","","test_rpc_methods_availability","",""
"","151","test_rpc_method_is_available[Test for Kusama People, url: wss://people-kusama.dotters.network]","tests","Wed Jan 14 15:08:41 UTC 2026","passed","Wed Jan 14 15:08:42 UTC 2026","","test_rpc_methods_availability","",""
"","1","test_precision[Test for Kusama People]","tests","Wed Jan 14 15:07:51 UTC 2026","passed","Wed Jan 14 15:07:51 UTC 2026","TestPrecision","test_network_parameters","",""
"","0","test_precision[Test for Ajuna]","tests","Wed Jan 14 15:08:47 UTC 2026","passed","Wed Jan 14 15:08:47 UTC 2026","TestPrecision","test_network_parameters","",""
"","0","test_address_prefix[Test for Amplitude]","tests","Wed Jan 14 15:08:20 UTC 2026","passed","Wed Jan 14 15:08:20 UTC 2026","TestNetworkPrefix","test_network_parameters","",""
"","0","test_address_prefix[Test for Vara]","tests","Wed Jan 14 15:08:46 UTC 2026","passed","Wed Jan 14 15:08:46 UTC 2026","TestNetworkPrefix","test_network_parameters","",""
"","1","test_chainId[Test for NeuroWeb]","tests","Wed Jan 14 15:08:13 UTC 2026","passed","Wed Jan 14 15:08:13 UTC 2026","TestChainId","test_network_parameters","",""
"","92","test_rpc_method_is_available[Test for Heima, url: wss://rpc.litentry-parachain.litentry.io]","tests","Wed Jan 14 15:10:08 UTC 2026","passed","Wed Jan 14 15:10:08 UTC 2026","","test_rpc_methods_availability","",""
"","93","test_rpc_method_is_available[Test for Hydration, url: wss://hydration.ibp.network]","tests","Wed Jan 14 15:08:50 UTC 2026","passed","Wed Jan 14 15:08:51 UTC 2026","","test_rpc_methods_availability","",""
"","172","test_rpc_method_is_available[Test for Bifrost Polkadot, url: wss://bifrost-polkadot.ibp.network]","tests","Wed Jan 14 15:09:46 UTC 2026","passed","Wed Jan 14 15:09:47 UTC 2026","","test_rpc_methods_availability","",""
"","0","test_chainId[Test for Enjin Matrix]","tests","Wed Jan 14 15:08:50 UTC 2026","passed","Wed Jan 14 15:08:50 UTC 2026","TestChainId","test_network_parameters","",""
"","1","test_address_prefix[Test for Cere]","tests","Wed Jan 14 15:09:08 UTC 2026","passed","Wed Jan 14 15:09:08 UTC 2026","TestNetworkPrefix","test_network_parameters","",""
"","0","test_can_create_connection[Test for Bifrost Polkadot, url: wss://bifrost-polkadot.ibp.network]","tests","Wed Jan 14 15:09:42 UTC 2026","passed","Wed Jan 14 15:09:42 UTC 2026","","test_nodes_availability","",""
"","0","test_can_create_connection[Test for Mythos, url: wss://polkadot-mythos-rpc.polkadot.io]","tests","Wed Jan 14 15:11:06 UTC 2026","passed","Wed Jan 14 15:11:06 UTC 2026","","test_nodes_availability","",""
"","6","test_rpc_node_is_synced[Test for Polkadot People, url: wss://people-polkadot.dotters.network]","tests","Wed Jan 14 15:08:49 UTC 2026","passed","Wed Jan 14 15:08:49 UTC 2026","","test_substrate_node_is_synced","",""
"","10","test_has_new_assets[Test for CC Enterprise]","tests","Wed Jan 14 15:09:03 UTC 2026","passed","Wed Jan 14 15:09:03 UTC 2026","TestAssets","test_check_new_assets","",""
"","0","test_address_prefix[Test for Darwinia]","tests","Wed Jan 14 15:08:48 UTC 2026","passed","Wed Jan 14 15:08:48 UTC 2026","TestNetworkPrefix","test_network_parameters","",""
"","1","test_precision[Test for Avail]","tests","Wed Jan 14 15:09:11 UTC 2026","passed","Wed Jan 14 15:09:11 UTC 2026","TestPrecision","test_network_parameters","",""
"","102","test_rpc_node_is_synced[Test for QUARTZ, url: wss://quartz.unique.network]","tests","Wed Jan 14 15:09:52 UTC 2026","passed","Wed Jan 14 15:09:52 UTC 2026","","test_substrate_node_is_synced","",""
"","0","test_can_create_connection[Test for Acala, url: wss://acala-rpc-1.aca-api.network]","tests","Wed Jan 14 15:08:51 UTC 2026","passed","Wed Jan 14 15:08:51 UTC 2026","","test_nodes_availability","",""
"","10","test_has_new_assets[Test for Kusama Bridge Hub]","tests","Wed Jan 14 15:08:39 UTC 2026","passed","Wed Jan 14 15:08:39 UTC 2026","TestAssets","test_check_new_assets","",""
"","101","test_rpc_node_is_synced[Test for Kusama People, url: wss://ksm-rpc.stakeworld.io/people]","tests","Wed Jan 14 15:09:06 UTC 2026","passed","Wed Jan 14 15:09:06 UTC 2026","","test_substrate_node_is_synced","",""
"","0","test_can_create_connection[Test for Kusama Bridge Hub, url: wss://sys.ibp.network/bridgehub-kusama]","tests","Wed Jan 14 15:10:42 UTC 2026","passed","Wed Jan 14 15:10:42 UTC 2026","","test_nodes_availability","",""
"","231","test_rpc_node_is_synced[Test for Karura, url: wss://karura-rpc-1.aca-api.network]","tests","Wed Jan 14 15:07:49 UTC 2026","passed","Wed Jan 14 15:07:49 UTC 2026","","test_substrate_node_is_synced","",""
"","0","test_precision[Test for Tangle]","tests","Wed Jan 14 15:09:35 UTC 2026","passed","Wed Jan 14 15:09:35 UTC 2026","TestPrecision","test_network_parameters","",""
"","0","test_can_create_connection[Test for Acala, url: wss://acala-rpc-2.aca-api.network/ws]","tests","Wed Jan 14 15:08:54 UTC 2026","passed","Wed Jan 14 15:08:54 UTC 2026","","test_nodes_availability","",""
"","167","test_rpc_method_is_available[Test for QUARTZ, url: wss://us-ws-quartz.unique.network]","tests","Wed Jan 14 15:08:32 UTC 2026","passed","Wed Jan 14 15:08:32 UTC 2026","","test_rpc_methods_availability","",""
"","0","test_address_prefix[Test for Humanode]","tests","Wed Jan 14 15:09:18 UTC 2026","passed","Wed Jan 14 15:09:18 UTC 2026","TestNetworkPrefix","test_network_parameters","",""
"","0","test_can_create_connection[Test for Polkadot Asset Hub, url: wss://asset-hub-polkadot.dotters.network]","tests","Wed Jan 14 15:10:46 UTC 2026","passed","Wed Jan 14 15:10:46 UTC 2026","","test_nodes_availability","",""
"","10","test_has_new_assets[Test for Laos]","tests","Wed Jan 14 15:09:16 UTC 2026","passed","Wed Jan 14 15:09:16 UTC 2026","TestAssets","test_check_new_assets","",""
"","101","test_rpc_method_is_available[Test for Moonbeam, url: wss://moonbeam.ibp.network]","tests","Wed Jan 14 15:07:59 UTC 2026","passed","Wed Jan 14 15:07:59 UTC 2026","","test_rpc_methods_availability","",""
"","0","test_precision[Test for XX network]","tests","Wed Jan 14 15:08:38 UTC 2026","passed","Wed Jan 14 15:08:38 UTC 2026","TestPrecision","test_network_parameters","",""
"","0","test_chainId[Test for Phala]","tests","Wed Jan 14 15:08:29 UTC 2026","passed","Wed Jan 14 15:08:29 UTC 2026","TestChainId","test_network_parameters","",""
"","7","test_rpc_node_is_synced[Test for Encointer, url: wss://encointer-kusama.dotters.network]","tests","Wed Jan 14 15:08:43 UTC 2026","passed","Wed Jan 14 15:08:43 UTC 2026","","test_substrate_node_is_synced","",""
"","1","test_chainId[Test for Avail]","tests","Wed Jan 14 15:09:06 UTC 2026","passed","Wed Jan 14 15:09:06 UTC 2026","TestChainId","test_network_parameters","",""
"","0","test_precision[Test for Pendulum]","tests","Wed Jan 14 15:08:41 UTC 2026","passed","Wed Jan 14 15:08:41 UTC 2026","TestPrecision","test_network_parameters","",""
"","153","test_rpc_method_is_available[Test for QUARTZ, url: wss://eu-ws-quartz.unique.network]","tests","Wed Jan 14 15:09:46 UTC 2026","passed","Wed Jan 14 15:09:47 UTC 2026","","test_rpc_methods_availability","",""
"","1","test_precision[Test for Phala]","tests","Wed Jan 14 15:08:35 UTC 2026","passed","Wed Jan 14 15:08:35 UTC 2026","TestPrecision","test_network_parameters","",""
"","62","test_has_new_assets[Test for Karura]","tests","Wed Jan 14 15:07:51 UTC 2026","passed","Wed Jan 14 15:07:51 UTC 2026","TestAssets","test_check_new_assets","",""
"","10","test_rpc_node_is_synced[Test for krest, url: wss://krest.api.onfinality.io/public-ws']","tests","Wed Jan 14 15:11:07 UTC 2026","passed","Wed Jan 14 15:11:07 UTC 2026","","test_substrate_node_is_synced","",""
"","0","test_can_create_connection[Test for Kusama Relay, url: wss://1rpc.io/ksm]","tests","Wed Jan 14 15:08:20 UTC 2026","passed","Wed Jan 14 15:08:20 UTC 2026","","test_nodes_availability","",""
"","185","test_rpc_node_is_synced[Test for Kusama Relay, url: wss://rpc-kusama-2.novasama-tech.org]","tests","Wed Jan 14 15:07:48 UTC 2026","passed","Wed Jan 14 15:07:48 UTC 2026","","test_substrate_node_is_synced","",""
"","1","test_precision[Test for Bittensor]","tests","Wed Jan 14 15:08:41 UTC 2026","passed","Wed Jan 14 15:08:41 UTC 2026","TestPrecision","test_network_parameters","",""
"","0","test_can_create_connection[Test for Kusama Relay, url: wss://rpc-kusama-1.novasama-tech.org]","tests","Wed Jan 14 15:08:39 UTC 2026","passed","Wed Jan 14 15:08:39 UTC 2026","","test_nodes_availability","",""
"","107","test_rpc_method_is_available[Test for Astar, url: wss://rpc.astar.network]","tests","Wed Jan 14 15:08:57 UTC 2026","passed","Wed Jan 14 15:08:57 UTC 2026","","test_rpc_methods_availability","",""
"","1","test_can_create_connection[Test for Cere, url: wss://rpc.mainnet.cere.network/ws]","tests","Wed Jan 14 15:11:20 UTC 2026","passed","Wed Jan 14 15:11:20 UTC 2026","","test_nodes_availability","",""
"","172","test_rpc_method_is_available[Test for Centrifuge Parachain, url: wss://fullnode.centrifuge.io]","tests","Wed Jan 14 15:09:14 UTC 2026","passed","Wed Jan 14 15:09:14 UTC 2026","","test_rpc_methods_availability","",""
"","0","test_can_create_connection[Test for Tanssi, url: wss://services.tanssi-mainnet.network/tanssi]","tests","Wed Jan 14 15:11:42 UTC 2026","passed","Wed Jan 14 15:11:42 UTC 2026","","test_nodes_availability","",""
"","0","test_chainId[Test for Tanssi]","tests","Wed Jan 14 15:09:26 UTC 2026","passed","Wed Jan 14 15:09:26 UTC 2026","TestChainId","test_network_parameters","",""
"","0","test_precision[Test for Basilisk]","tests","Wed Jan 14 15:08:07 UTC 2026","passed","Wed Jan 14 15:08:07 UTC 2026","TestPrecision","test_network_parameters","",""
"","12","test_has_new_assets[Test for Ajuna]","tests","Wed Jan 14 15:08:36 UTC 2026","passed","Wed Jan 14 15:08:36 UTC 2026","TestAssets","test_check_new_assets","",""
"","194","test_rpc_method_is_available[Test for Polkadot People, url: wss://polkadot-people-rpc.polkadot.io]","tests","Wed Jan 14 15:07:42 UTC 2026","passed","Wed Jan 14 15:07:42 UTC 2026","","test_rpc_methods_availability","",""
"","1","test_address_prefix[Test for Aleph Zero]","tests","Wed Jan 14 15:08:14 UTC 2026","passed","Wed Jan 14 15:08:14 UTC 2026","TestNetworkPrefix","test_network_parameters","",""
"","93","test_rpc_method_is_available[Test for Laos, url: wss://rpc.laos.laosfoundation.io]","tests","Wed Jan 14 15:11:21 UTC 2026","passed","Wed Jan 14 15:11:22 UTC 2026","","test_rpc_methods_availability","",""
"","7","test_rpc_node_is_synced[Test for Polkadot Collectives, url: wss://sys.ibp.network/collectives-polkadot]","tests","Wed Jan 14 15:11:09 UTC 2026","passed","Wed Jan 14 15:11:09 UTC 2026","","test_substrate_node_is_synced","",""
"","0","test_chainId[Test for Polkadot Bridge Hub]","tests","Wed Jan 14 15:08:44 UTC 2026","passed","Wed Jan 14 15:08:44 UTC 2026","TestChainId","test_network_parameters","",""
"","1","test_can_create_connection[Test for Centrifuge Parachain, url: wss://fullnode.centrifuge.io]","tests","Wed Jan 14 15:09:21 UTC 2026","passed","Wed Jan 14 15:09:21 UTC 2026","","test_nodes_availability","",""
"","97","test_rpc_node_is_synced[Test for Astar, url: wss://astar.public.curie.radiumblock.co/ws]","tests","Wed Jan 14 15:09:35 UTC 2026","passed","Wed Jan 14 15:09:35 UTC 2026","","test_substrate_node_is_synced","",""
"","0","test_can_create_connection[Test for Energy Web X, url: wss://public-rpc.mainnet.energywebx.com/]","tests","Wed Jan 14 15:10:58 UTC 2026","passed","Wed Jan 14 15:10:58 UTC 2026","","test_nodes_availability","",""
"","0","test_address_prefix[Test for Shiden]","tests","Wed Jan 14 15:07:58 UTC 2026","passed","Wed Jan 14 15:07:58 UTC 2026","TestNetworkPrefix","test_network_parameters","",""
"","0","test_can_create_connection[Test for Polkadex, url: wss://so.polkadex.ee]","tests","Wed Jan 14 15:09:21 UTC 2026","passed","Wed Jan 14 15:09:21 UTC 2026","","test_nodes_availability","",""
"","7","test_rpc_node_is_synced[Test for Bifrost Polkadot, url: wss://bifrost-polkadot.ibp.network]","tests","Wed Jan 14 15:10:01 UTC 2026","passed","Wed Jan 14 15:10:01 UTC 2026","","test_substrate_node_is_synced","",""
"","0","test_precision[Test for Altair]","tests","Wed Jan 14 15:07:48 UTC 2026","passed","Wed Jan 14 15:07:48 UTC 2026","TestPrecision","test_network_parameters","",""
"","1","test_precision[Test for Astar]","tests","Wed Jan 14 15:08:04 UTC 2026","passed","Wed Jan 14 15:08:04 UTC 2026","TestPrecision","test_network_parameters","",""
"","106","test_rpc_method_is_available[Test for Polkadot Coretime, url: wss://rpc-coretime-polkadot.luckyfriday.io]","tests","Wed Jan 14 15:11:31 UTC 2026","passed","Wed Jan 14 15:11:31 UTC 2026","","test_rpc_methods_availability","",""
"","0","test_can_create_connection[Test for Interlay, url: wss://api.interlay.io/parachain]","tests","Wed Jan 14 15:08:57 UTC 2026","passed","Wed Jan 14 15:08:57 UTC 2026","","test_nodes_availability","",""
"","152","test_rpc_method_is_available[Test for Kusama Coretime, url: wss://ksm-rpc.stakeworld.io/coretime]","tests","Wed Jan 14 15:11:30 UTC 2026","passed","Wed Jan 14 15:11:31 UTC 2026","","test_rpc_methods_availability","",""
"","0","test_precision[Test for Creditcoin]","tests","Wed Jan 14 15:09:21 UTC 2026","passed","Wed Jan 14 15:09:21 UTC 2026","TestPrecision","test_network_parameters","",""
"","94","test_rpc_method_is_available[Test for UNIQUE, url: wss://unique.dotters.network]","tests","Wed Jan 14 15:09:43 UTC 2026","passed","Wed Jan 14 15:09:43 UTC 2026","","test_rpc_methods_availability","",""
"","0","test_chainId[Test for Pendulum]","tests","Wed Jan 14 15:08:38 UTC 2026","passed","Wed Jan 14 15:08:38 UTC 2026","TestChainId","test_network_parameters","",""
"","1","test_chainId[Test for Kusama Bridge Hub]","tests","Wed Jan 14 15:08:40 UTC 2026","passed","Wed Jan 14 15:08:40 UTC 2026","TestChainId","test_network_parameters","",""
"","1","test_precision[Test for Kusama Coretime]","tests","Wed Jan 14 15:09:28 UTC 2026","passed","Wed Jan 14 15:09:28 UTC 2026","TestPrecision","test_network_parameters","",""
"","11","test_rpc_node_is_synced[Test for Altair, url: wss://altair.api.onfinality.io/public-ws]","tests","Wed Jan 14 15:09:27 UTC 2026","passed","Wed Jan 14 15:09:27 UTC 2026","","test_substrate_node_is_synced","",""
"","0","test_can_create_connection[Test for Basilisk, url: wss://basilisk-rpc.n.dwellir.com]","tests","Wed Jan 14 15:09:15 UTC 2026","passed","Wed Jan 14 15:09:15 UTC 2026","","test_nodes_availability","",""
"","0","test_precision[Test for CC Enterprise]","tests","Wed Jan 14 15:09:15 UTC 2026","passed","Wed Jan 14 15:09:15 UTC 2026","TestPrecision","test_network_parameters","",""
"","0","test_precision[Test for Aleph Zero]","tests","Wed Jan 14 15:08:07 UTC 2026","passed","Wed Jan 14 15:08:07 UTC 2026","TestPrecision","test_network_parameters","",""
"","0","test_chainId[Test for Altair]","tests","Wed Jan 14 15:07:44 UTC 2026","passed","Wed Jan 14 15:07:44 UTC 2026","TestChainId","test_network_parameters","",""
"","177","test_rpc_method_is_available[Test for Joystream, url: wss://rpc.joystream.org]","tests","Wed Jan 14 15:10:48 UTC 2026","passed","Wed Jan 14 15:10:48 UTC 2026","","test_rpc_methods_availability","",""
"","106","test_rpc_node_is_synced[Test for QUARTZ, url: wss://eu-ws-quartz.unique.network]","tests","Wed Jan 14 15:09:56 UTC 2026","passed","Wed Jan 14 15:09:56 UTC 2026","","test_substrate_node_is_synced","",""
"","0","test_can_create_connection[Test for Bifrost Polkadot, url: wss://hk.p.bifrost-rpc.liebi.com/ws]","tests","Wed Jan 14 15:09:54 UTC 2026","passed","Wed Jan 14 15:09:54 UTC 2026","","test_nodes_availability","",""
"","15","test_rpc_node_is_synced[Test for Polkadot Coretime, url: wss://rpc-coretime-polkadot.luckyfriday.io]","tests","Wed Jan 14 15:11:56 UTC 2026","passed","Wed Jan 14 15:11:56 UTC 2026","","test_substrate_node_is_synced","",""
"","0","test_address_prefix[Test for Polkadot Bridge Hub]","tests","Wed Jan 14 15:08:50 UTC 2026","passed","Wed Jan 14 15:08:50 UTC 2026","TestNetworkPrefix","test_network_parameters","",""
"","131","test_rpc_node_is_synced[Test for Hydration, url: wss://rpc-hydra.novasama-tech.org]","tests","Wed Jan 14 15:09:35 UTC 2026","passed","Wed Jan 14 15:09:35 UTC 2026","","test_substrate_node_is_synced","",""
"","10","test_has_new_assets[Test for Cere]","tests","Wed Jan 14 15:09:00 UTC 2026","passed","Wed Jan 14 15:09:00 UTC 2026","TestAssets","test_check_new_assets","",""
"","92","test_rpc_method_is_available[Test for Energy Web X, url: wss://public-rpc.mainnet.energywebx.com/]","tests","Wed Jan 14 15:10:48 UTC 2026","passed","Wed Jan 14 15:10:49 UTC 2026","","test_rpc_methods_availability","",""
"","0","test_precision[Test for Crust Shadow]","tests","Wed Jan 14 15:08:06 UTC 2026","passed","Wed Jan 14 15:08:06 UTC 2026","TestPrecision","test_network_parameters","",""
"","6","test_rpc_node_is_synced[Test for Encointer, url: wss://sys.ibp.network/encointer-kusama]","tests","Wed Jan 14 15:08:41 UTC 2026","passed","Wed Jan 14 15:08:41 UTC 2026","","test_substrate_node_is_synced","",""
"","0","test_rpc_node_is_synced[Test for Amplitude, url: wss://rpc-amplitude.pendulumchain.tech]","tests","Wed Jan 14 15:10:17 UTC 2026","broken","Wed Jan 14 15:10:17 UTC 2026","","test_substrate_node_is_synced","",""
"","1","test_can_create_connection[Test for Centrifuge Parachain, url: wss://rpc-centrifuge.luckyfriday.io]","tests","Wed Jan 14 15:09:26 UTC 2026","passed","Wed Jan 14 15:09:26 UTC 2026","","test_nodes_availability","",""
"","11","test_has_new_assets[Test for Polkadot Coretime]","tests","Wed Jan 14 15:09:19 UTC 2026","passed","Wed Jan 14 15:09:19 UTC 2026","TestAssets","test_check_new_assets","",""
"","0","test_address_prefix[Test for Kreivo]","tests","Wed Jan 14 15:09:24 UTC 2026","broken","Wed Jan 14 15:09:24 UTC 2026","TestNetworkPrefix","test_network_parameters","",""
"","11","test_has_new_assets[Test for JAMTON]","tests","Wed Jan 14 15:09:16 UTC 2026","passed","Wed Jan 14 15:09:16 UTC 2026","TestAssets","test_check_new_assets","",""
"","92","test_rpc_method_is_available[Test for Polkadot Relay, url: wss://dot-rpc.stakeworld.io]","tests","Wed Jan 14 15:08:00 UTC 2026","passed","Wed Jan 14 15:08:01 UTC 2026","","test_rpc_methods_availability","",""
"","11","test_has_new_assets[Test for Basilisk]","tests","Wed Jan 14 15:08:02 UTC 2026","passed","Wed Jan 14 15:08:02 UTC 2026","TestAssets","test_check_new_assets","",""
"","0","test_address_prefix[Test for Karura]","tests","Wed Jan 14 15:08:00 UTC 2026","passed","Wed Jan 14 15:08:00 UTC 2026","TestNetworkPrefix","test_network_parameters","",""
"","0","test_chainId[Test for Karura]","tests","Wed Jan 14 15:07:50 UTC 2026","passed","Wed Jan 14 15:07:50 UTC 2026","TestChainId","test_network_parameters","",""
"","0","test_chainId[Test for Crab]","tests","Wed Jan 14 15:08:50 UTC 2026","passed","Wed Jan 14 15:08:50 UTC 2026","TestChainId","test_network_parameters","",""
"","0","test_can_create_connection[Test for KILT, url: wss://kilt.dotters.network]","tests","Wed Jan 14 15:09:33 UTC 2026","passed","Wed Jan 14 15:09:33 UTC 2026","","test_nodes_availability","",""
"","0","test_address_prefix[Test for Hydration]","tests","Wed Jan 14 15:08:22 UTC 2026","passed","Wed Jan 14 15:08:22 UTC 2026","TestNetworkPrefix","test_network_parameters","",""
"","1","test_chainId[Test for Amplitude]","tests","Wed Jan 14 15:08:11 UTC 2026","passed","Wed Jan 14 15:08:11 UTC 2026","TestChainId","test_network_parameters","",""
"","0","test_rpc_node_is_synced[Test for Polkadot People, url: wss://sys.ibp.network/people-polkadot]","tests","Wed Jan 14 15:08:31 UTC 2026","broken","Wed Jan 14 15:08:31 UTC 2026","","test_substrate_node_is_synced","",""
"","166","test_rpc_method_is_available[Test for Polkadot Collectives, url: wss://sys.ibp.network/collectives-polkadot]","tests","Wed Jan 14 15:10:44 UTC 2026","passed","Wed Jan 14 15:10:44 UTC 2026","","test_rpc_methods_availability","",""
"","177","test_rpc_method_is_available[Test for Vara, url: wss://rpc.vara-network.io]","tests","Wed Jan 14 15:10:44 UTC 2026","passed","Wed Jan 14 15:10:44 UTC 2026","","test_rpc_methods_availability","",""
"","39","test_rpc_node_is_synced[Test for Moonriver, url: wss://wss.api.moonriver.moonbeam.network]","tests","Wed Jan 14 15:08:23 UTC 2026","passed","Wed Jan 14 15:08:23 UTC 2026","","test_substrate_node_is_synced","",""
"","94","test_rpc_method_is_available[Test for Acala, url: wss://acala-rpc-0.aca-api.network]","tests","Wed Jan 14 15:08:34 UTC 2026","passed","Wed Jan 14 15:08:34 UTC 2026","","test_rpc_methods_availability","",""
"","0","test_chainId[Test for Moonbeam]","tests","Wed Jan 14 15:07:53 UTC 2026","passed","Wed Jan 14 15:07:53 UTC 2026","TestChainId","test_network_parameters","",""
"","145","test_rpc_node_is_synced[Test for JAMTON, url: wss://rpc.jamton.network]","tests","Wed Jan 14 15:11:50 UTC 2026","passed","Wed Jan 14 15:11:50 UTC 2026","","test_substrate_node_is_synced","",""
"","95","test_rpc_method_is_available[Test for Kusama Relay, url: wss://apps-kusama-rpc.polkadot.io]","tests","Wed Jan 14 15:07:53 UTC 2026","passed","Wed Jan 14 15:07:54 UTC 2026","","test_rpc_methods_availability","",""
"","196","test_rpc_node_is_synced[Test for Phala, url: wss://api.phala.network/ws]","tests","Wed Jan 14 15:09:39 UTC 2026","passed","Wed Jan 14 15:09:40 UTC 2026","","test_substrate_node_is_synced","",""
"","93","test_rpc_node_is_synced[Test for Laos, url: wss://rpc.laos.laosfoundation.io]","tests","Wed Jan 14 15:11:54 UTC 2026","passed","Wed Jan 14 15:11:55 UTC 2026","","test_substrate_node_is_synced","",""
"","93","test_rpc_node_is_synced[Test for Polkadot Coretime, url: wss://polkadot-coretime-rpc.polkadot.io]","tests","Wed Jan 14 15:11:56 UTC 2026","passed","Wed Jan 14 15:11:56 UTC 2026","","test_substrate_node_is_synced","",""
"","153","test_rpc_node_is_synced[Test for XX network, url: wss://rpc.xx.network]","tests","Wed Jan 14 15:10:09 UTC 2026","passed","Wed Jan 14 15:10:09 UTC 2026","","test_substrate_node_is_synced","",""
"","173","test_rpc_method_is_available[Test for KILT, url: wss://kilt.ibp.network]","tests","Wed Jan 14 15:09:19 UTC 2026","passed","Wed Jan 14 15:09:19 UTC 2026","","test_rpc_methods_availability","",""
"","155","test_rpc_method_is_available[Test for Polkadot People, url: wss://rpc-people-polkadot.luckyfriday.io]","tests","Wed Jan 14 15:08:31 UTC 2026","passed","Wed Jan 14 15:08:32 UTC 2026","","test_rpc_methods_availability","",""
"","0","test_rpc_node_is_synced[Test for 3DPass, url: wss://rpc.3dpass.org]","tests","Wed Jan 14 15:10:58 UTC 2026","broken","Wed Jan 14 15:10:58 UTC 2026","","test_substrate_node_is_synced","",""
"","93","test_rpc_method_is_available[Test for Polymesh, url: wss://mainnet-rpc.polymesh.network]","tests","Wed Jan 14 15:09:55 UTC 2026","passed","Wed Jan 14 15:09:56 UTC 2026","","test_rpc_methods_availability","",""
"","180","test_rpc_method_is_available[Test for Phala, url: wss://api.phala.network/ws]","tests","Wed Jan 14 15:09:15 UTC 2026","passed","Wed Jan 14 15:09:15 UTC 2026","","test_rpc_methods_availability","",""
"","159","test_rpc_method_is_available[Test for Zeitgeist, url: wss://zeitgeist.api.onfinality.io/public-ws]","tests","Wed Jan 14 15:08:50 UTC 2026","passed","Wed Jan 14 15:08:50 UTC 2026","","test_rpc_methods_availability","",""
"","7","test_has_new_assets[Test for Kusama Relay]","tests","Wed Jan 14 15:07:51 UTC 2026","passed","Wed Jan 14 15:07:51 UTC 2026","TestAssets","test_check_new_assets","",""
"","0","test_chainId[Test for Centrifuge Parachain]","tests","Wed Jan 14 15:08:07 UTC 2026","passed","Wed Jan 14 15:08:07 UTC 2026","TestChainId","test_network_parameters","",""
"","175","test_rpc_method_is_available[Test for Polkadot Relay, url: wss://rpc.ibp.network/polkadot]","tests","Wed Jan 14 15:07:47 UTC 2026","passed","Wed Jan 14 15:07:47 UTC 2026","","test_rpc_methods_availability","",""
"","1","test_precision[Test for Laos]","tests","Wed Jan 14 15:09:24 UTC 2026","passed","Wed Jan 14 15:09:24 UTC 2026","TestPrecision","test_network_parameters","",""
"","0","test_can_create_connection[Test for QUARTZ, url: wss://us-ws-quartz.unique.network]","tests","Wed Jan 14 15:08:44 UTC 2026","passed","Wed Jan 14 15:08:44 UTC 2026","","test_nodes_availability","",""
"","0","test_chainId[Test for Nodle Parachain]","tests","Wed Jan 14 15:08:24 UTC 2026","passed","Wed Jan 14 15:08:24 UTC 2026","TestChainId","test_network_parameters","",""
"","227","test_rpc_node_is_synced[Test for Bifrost Kusama, url: wss://bifrost-rpc.liebi.com/ws]","tests","Wed Jan 14 15:09:04 UTC 2026","passed","Wed Jan 14 15:09:04 UTC 2026","","test_substrate_node_is_synced","",""
"","121","test_rpc_node_is_synced[Test for Tangle, url: wss://rpc.tangle.tools]","tests","Wed Jan 14 15:11:53 UTC 2026","passed","Wed Jan 14 15:11:53 UTC 2026","","test_substrate_node_is_synced","",""
"","0","test_can_create_connection[Test for Curio, url: wss://parachain.curioinvest.com/]","tests","Wed Jan 14 15:11:15 UTC 2026","broken","Wed Jan 14 15:11:15 UTC 2026","","test_nodes_availability","",""
"","0","test_can_create_connection[Test for 3DPass, url: wss://rpc.3dpass.org]","tests","Wed Jan 14 15:10:35 UTC 2026","broken","Wed Jan 14 15:10:35 UTC 2026","","test_nodes_availability","",""
"","0","test_can_create_connection[Test for Joystream, url: wss://rpc.joystream.org]","tests","Wed Jan 14 15:11:01 UTC 2026","passed","Wed Jan 14 15:11:01 UTC 2026","","test_nodes_availability","",""
"","0","test_can_create_connection[Test for Polkadot Asset Hub, url: wss://sys.ibp.network/asset-hub-polkadot]","tests","Wed Jan 14 15:10:25 UTC 2026","broken","Wed Jan 14 15:10:25 UTC 2026","","test_nodes_availability","",""
"","168","test_rpc_method_is_available[Test for Polkadot Relay, url: wss://rpc-polkadot-2.novasama-tech.org]","tests","Wed Jan 14 15:07:44 UTC 2026","passed","Wed Jan 14 15:07:44 UTC 2026","","test_rpc_methods_availability","",""
"","0","test_chainId[Test for Aventus]","tests","Wed Jan 14 15:08:27 UTC 2026","passed","Wed Jan 14 15:08:27 UTC 2026","TestChainId","test_network_parameters","",""
"","0","test_can_create_connection[Test for Polymesh, url: wss://mainnet-rpc.polymesh.network]","tests","Wed Jan 14 15:10:05 UTC 2026","passed","Wed Jan 14 15:10:05 UTC 2026","","test_nodes_availability","",""
"","162","test_rpc_method_is_available[Test for Kusama Bridge Hub, url: wss://sys.ibp.network/bridgehub-kusama]","tests","Wed Jan 14 15:10:34 UTC 2026","passed","Wed Jan 14 15:10:34 UTC 2026","","test_rpc_methods_availability","",""
"","6","test_rpc_node_is_synced[Test for Polkadot Relay, url: wss://polkadot.dotters.network]","tests","Wed Jan 14 15:08:02 UTC 2026","passed","Wed Jan 14 15:08:02 UTC 2026","","test_substrate_node_is_synced","",""
"","0","test_can_create_connection[Test for Bifrost Polkadot, url: wss://bifrost-polkadot.dotters.network]","tests","Wed Jan 14 15:09:47 UTC 2026","passed","Wed Jan 14 15:09:47 UTC 2026","","test_nodes_availability","",""
"","0","test_can_create_connection[Test for Phala, url: wss://phala-rpc.n.dwellir.com]","tests","Wed Jan 14 15:09:07 UTC 2026","passed","Wed Jan 14 15:09:07 UTC 2026","","test_nodes_availability","",""
"","0","test_can_create_connection[Test for Moonbeam, url: wss://moonbeam.dotters.network]","tests","Wed Jan 14 15:08:16 UTC 2026","passed","Wed Jan 14 15:08:16 UTC 2026","","test_nodes_availability","",""
"","150","test_rpc_node_is_synced[Test for Karura, url: wss://karura-rpc-3.aca-api.network/ws]","tests","Wed Jan 14 15:07:56 UTC 2026","passed","Wed Jan 14 15:07:56 UTC 2026","","test_substrate_node_is_synced","",""
"","0","test_address_prefix[Test for Energy Web X]","tests","Wed Jan 14 15:09:10 UTC 2026","passed","Wed Jan 14 15:09:10 UTC 2026","TestNetworkPrefix","test_network_parameters","",""
"","1","test_address_prefix[Test for Ternoa]","tests","Wed Jan 14 15:08:24 UTC 2026","passed","Wed Jan 14 15:08:24 UTC 2026","TestNetworkPrefix","test_network_parameters","",""
"","7","test_rpc_node_is_synced[Test for Polkadot Coretime, url: wss://coretime-polkadot.dotters.network]","tests","Wed Jan 14 15:11:51 UTC 2026","passed","Wed Jan 14 15:11:51 UTC 2026","","test_substrate_node_is_synced","",""
"","1","test_address_prefix[Test for Phala]","tests","Wed Jan 14 15:08:38 UTC 2026","passed","Wed Jan 14 15:08:38 UTC 2026","TestNetworkPrefix","test_network_parameters","",""
"","7","test_has_new_assets[Test for Joystream]","tests","Wed Jan 14 15:08:44 UTC 2026","passed","Wed Jan 14 15:08:44 UTC 2026","TestAssets","test_check_new_assets","",""
"","0","test_chainId[Test for DAO IPCI]","tests","Wed Jan 14 15:08:26 UTC 2026","passed","Wed Jan 14 15:08:26 UTC 2026","TestChainId","test_network_parameters","",""
"","0","test_precision[Test for Tanssi]","tests","Wed Jan 14 15:09:36 UTC 2026","passed","Wed Jan 14 15:09:36 UTC 2026","TestPrecision","test_network_parameters","",""
"","0","test_can_create_connection[Test for Avail, url: wss://mainnet-rpc.avail.so/ws]","tests","Wed Jan 14 15:11:14 UTC 2026","passed","Wed Jan 14 15:11:14 UTC 2026","","test_nodes_availability","",""
"","0","test_address_prefix[Test for Kusama Relay]","tests","Wed Jan 14 15:08:01 UTC 2026","passed","Wed Jan 14 15:08:01 UTC 2026","TestNetworkPrefix","test_network_parameters","",""
"","0","test_precision[Test for DeepBrain]","tests","Wed Jan 14 15:09:31 UTC 2026","passed","Wed Jan 14 15:09:31 UTC 2026","TestPrecision","test_network_parameters","",""
"","0","test_rpc_node_is_synced[Test for Avail, url: wss://avail.rpc.bountyblok.io]","tests","Wed Jan 14 15:11:45 UTC 2026","broken","Wed Jan 14 15:11:45 UTC 2026","","test_substrate_node_is_synced","",""
"","0","test_precision[Test for Kusama Relay]","tests","Wed Jan 14 15:07:54 UTC 2026","passed","Wed Jan 14 15:07:54 UTC 2026","TestPrecision","test_network_parameters","",""
"","13","test_rpc_node_is_synced[Test for Zeitgeist, url: wss://zeitgeist.api.onfinality.io/public-ws]","tests","Wed Jan 14 15:08:57 UTC 2026","passed","Wed Jan 14 15:08:57 UTC 2026","","test_substrate_node_is_synced","",""
"","0","test_address_prefix[Test for Robonomics]","tests","Wed Jan 14 15:08:17 UTC 2026","passed","Wed Jan 14 15:08:17 UTC 2026","TestNetworkPrefix","test_network_parameters","",""
"","0","test_precision[Test for Enjin Relay]","tests","Wed Jan 14 15:09:02 UTC 2026","passed","Wed Jan 14 15:09:02 UTC 2026","TestPrecision","test_network_parameters","",""
"","6","test_rpc_node_is_synced[Test for Bittensor, url: wss://entrypoint-finney.opentensor.ai:443]","tests","Wed Jan 14 15:10:34 UTC 2026","passed","Wed Jan 14 15:10:34 UTC 2026","","test_substrate_node_is_synced","",""
"","106","test_rpc_node_is_synced[Test for Ajuna, url: wss://rpc-para.ajuna.network]","tests","Wed Jan 14 15:10:40 UTC 2026","passed","Wed Jan 14 15:10:40 UTC 2026","","test_substrate_node_is_synced","",""
"","0","test_rpc_node_is_synced[Test for XX network, url: wss://rpc-hetzner.xx.network]","tests","Wed Jan 14 15:10:21 UTC 2026","broken","Wed Jan 14 15:10:21 UTC 2026","","test_substrate_node_is_synced","",""
"","0","test_address_prefix[Test for Heima]","tests","Wed Jan 14 15:08:35 UTC 2026","passed","Wed Jan 14 15:08:35 UTC 2026","TestNetworkPrefix","test_network_parameters","",""
"","0","test_can_create_connection[Test for Crust Polkadot Parachain, url: wss://crust-parachain.crustapps.net]","tests","Wed Jan 14 15:10:38 UTC 2026","passed","Wed Jan 14 15:10:38 UTC 2026","","test_nodes_availability","",""
"","0","test_precision[Test for DENTNet]","tests","Wed Jan 14 15:09:18 UTC 2026","passed","Wed Jan 14 15:09:18 UTC 2026","TestPrecision","test_network_parameters","",""
"","176","test_rpc_method_is_available[Test for krest, url: wss://krest.api.onfinality.io/public-ws']","tests","Wed Jan 14 15:10:40 UTC 2026","passed","Wed Jan 14 15:10:40 UTC 2026","","test_rpc_methods_availability","",""
"","93","test_rpc_method_is_available[Test for Enjin Relay, url: wss://rpc.relay.blockchain.enjin.io]","tests","Wed Jan 14 15:10:58 UTC 2026","passed","Wed Jan 14 15:10:58 UTC 2026","","test_rpc_methods_availability","",""
"","93","test_rpc_method_is_available[Test for Hyperbridge Nexus, url: wss://nexus.dotters.network]","tests","Wed Jan 14 15:11:01 UTC 2026","passed","Wed Jan 14 15:11:01 UTC 2026","","test_rpc_methods_availability","",""
"","7","test_rpc_node_is_synced[Test for Kusama People, url: wss://sys.ibp.network/people-kusama]","tests","Wed Jan 14 15:09:00 UTC 2026","passed","Wed Jan 14 15:09:00 UTC 2026","","test_substrate_node_is_synced","",""
"","38","test_rpc_node_is_synced[Test for peaq, url: wss://peaq-rpc.publicnode.com]","tests","Wed Jan 14 15:11:45 UTC 2026","passed","Wed Jan 14 15:11:45 UTC 2026","","test_substrate_node_is_synced","",""
"","1","test_can_create_connection[Test for Kusama Bridge Hub, url: wss://bridge-hub-kusama.dotters.network]","tests","Wed Jan 14 15:10:44 UTC 2026","passed","Wed Jan 14 15:10:44 UTC 2026","","test_nodes_availability","",""
"","197","test_rpc_method_is_available[Test for Polkadot Collectives, url: wss://collectives-polkadot.dotters.network]","tests","Wed Jan 14 15:10:40 UTC 2026","passed","Wed Jan 14 15:10:40 UTC 2026","","test_rpc_methods_availability","",""
"","1","test_can_create_connection[Test for Kusama Coretime, url: wss://rpc-coretime-kusama.luckyfriday.io]","tests","Wed Jan 14 15:11:38 UTC 2026","passed","Wed Jan 14 15:11:38 UTC 2026","","test_nodes_availability","",""
"","19","test_rpc_node_is_synced[Test for Enjin Relay, url: wss://rpc.relay.blockchain.enjin.io]","tests","Wed Jan 14 15:11:24 UTC 2026","passed","Wed Jan 14 15:11:24 UTC 2026","","test_substrate_node_is_synced","",""
"","138","test_rpc_method_is_available[Test for Karura, url: wss://karura-rpc-1.aca-api.network]","tests","Wed Jan 14 15:07:40 UTC 2026","passed","Wed Jan 14 15:07:40 UTC 2026","","test_rpc_methods_availability","",""
"","91","test_rpc_node_is_synced[Test for Kusama Relay, url: wss://apps-kusama-rpc.polkadot.io]","tests","Wed Jan 14 15:08:03 UTC 2026","passed","Wed Jan 14 15:08:03 UTC 2026","","test_substrate_node_is_synced","",""
"","0","test_rpc_method_is_available[Test for 3DPass, url: wss://rpc.3dpass.org]","tests","Wed Jan 14 15:10:26 UTC 2026","broken","Wed Jan 14 15:10:26 UTC 2026","","test_rpc_methods_availability","",""
"","0","test_can_create_connection[Test for Humanode, url: wss://explorer-rpc-ws.mainnet.stages.humanode.io]","tests","Wed Jan 14 15:11:20 UTC 2026","passed","Wed Jan 14 15:11:20 UTC 2026","","test_nodes_availability","",""
"","0","test_can_create_connection[Test for UNIQUE, url: wss://unique.dotters.network]","tests","Wed Jan 14 15:09:53 UTC 2026","passed","Wed Jan 14 15:09:53 UTC 2026","","test_nodes_availability","",""
"","94","test_rpc_method_is_available[Test for Shiden, url: wss://shiden.public.curie.radiumblock.co/ws]","tests","Wed Jan 14 15:08:42 UTC 2026","passed","Wed Jan 14 15:08:42 UTC 2026","","test_rpc_methods_availability","",""
"","0","test_precision[Test for 3DPass]","tests","Wed Jan 14 15:08:38 UTC 2026","passed","Wed Jan 14 15:08:38 UTC 2026","TestPrecision","test_network_parameters","",""
"","7","test_rpc_node_is_synced[Test for Polkadot Bridge Hub, url: wss://sys.ibp.network/bridgehub-polkadot]","tests","Wed Jan 14 15:10:50 UTC 2026","passed","Wed Jan 14 15:10:50 UTC 2026","","test_substrate_node_is_synced","",""
"","0","test_can_create_connection[Test for Kusama Coretime, url: wss://coretime-kusama.dotters.network]","tests","Wed Jan 14 15:11:35 UTC 2026","passed","Wed Jan 14 15:11:35 UTC 2026","","test_nodes_availability","",""
"","0","test_can_create_connection[Test for Moonbeam, url: wss://wss.api.moonbeam.network]","tests","Wed Jan 14 15:08:09 UTC 2026","passed","Wed Jan 14 15:08:09 UTC 2026","","test_nodes_availability","",""
"","10","test_has_new_assets[Test for Zeitgeist]","tests","Wed Jan 14 15:08:23 UTC 2026","passed","Wed Jan 14 15:08:23 UTC 2026","TestAssets","test_check_new_assets","",""
"","88","test_rpc_method_is_available[Test for Polkadot Bridge Hub, url: wss://bridge-hub-polkadot.dotters.network]","tests","Wed Jan 14 15:10:31 UTC 2026","passed","Wed Jan 14 15:10:32 UTC 2026","","test_rpc_methods_availability","",""
"","0","test_precision[Test for Acurast Canary]","tests","Wed Jan 14 15:09:07 UTC 2026","passed","Wed Jan 14 15:09:07 UTC 2026","TestPrecision","test_network_parameters","",""
"","0","test_precision[Test for Interlay]","tests","Wed Jan 14 15:08:24 UTC 2026","passed","Wed Jan 14 15:08:24 UTC 2026","TestPrecision","test_network_parameters","",""
"","364","test_rpc_node_work_fast[Test for Ethereum, url: https://ethereum-rpc.publicnode.com]","tests","Wed Jan 14 15:07:42 UTC 2026","passed","Wed Jan 14 15:07:42 UTC 2026","TestETHNodesAvailability","test_eth_nodes_availability","",""
"","0","test_address_prefix[Test for Kusama Bridge Hub]","tests","Wed Jan 14 15:08:49 UTC 2026","passed","Wed Jan 14 15:08:49 UTC 2026","TestNetworkPrefix","test_network_parameters","",""
"","92","test_rpc_method_is_available[Test for Moonbeam, url: wss://moonbeam.dotters.network]","tests","Wed Jan 14 15:08:01 UTC 2026","passed","Wed Jan 14 15:08:01 UTC 2026","","test_rpc_methods_availability","",""
"","0","test_has_new_assets[Test for Kreivo]","tests","Wed Jan 14 15:09:05 UTC 2026","broken","Wed Jan 14 15:09:05 UTC 2026","TestAssets","test_check_new_assets","",""
"","110","test_rpc_node_is_synced[Test for Polkadot Relay, url: wss://1rpc.io/dot]","tests","Wed Jan 14 15:08:23 UTC 2026","passed","Wed Jan 14 15:08:23 UTC 2026","","test_substrate_node_is_synced","",""
"","95","test_rpc_node_is_synced[Test for Polkadot Relay, url: wss://apps-rpc.polkadot.io]","tests","Wed Jan 14 15:08:07 UTC 2026","passed","Wed Jan 14 15:08:07 UTC 2026","","test_substrate_node_is_synced","",""
"","0","test_address_prefix[Test for Crust Shadow]","tests","Wed Jan 14 15:08:10 UTC 2026","passed","Wed Jan 14 15:08:10 UTC 2026","TestNetworkPrefix","test_network_parameters","",""
"","8","test_rpc_node_is_synced[Test for 3DPass, url: wss://rpc.p3d.top]","tests","Wed Jan 14 15:11:02 UTC 2026","passed","Wed Jan 14 15:11:02 UTC 2026","","test_substrate_node_is_synced","",""
"","35","test_rpc_node_is_synced[Test for Hydration, url: wss://rpc.hydradx.cloud]","tests","Wed Jan 14 15:09:39 UTC 2026","passed","Wed Jan 14 15:09:39 UTC 2026","","test_substrate_node_is_synced","",""
"","175","test_rpc_method_is_available[Test for Polkadot Bridge Hub, url: wss://sys.ibp.network/bridgehub-polkadot]","tests","Wed Jan 14 15:10:28 UTC 2026","passed","Wed Jan 14 15:10:28 UTC 2026","","test_rpc_methods_availability","",""
"","0","test_can_create_connection[Test for Kusama Relay, url: wss://rpc-kusama-2.novasama-tech.org]","tests","Wed Jan 14 15:07:53 UTC 2026","passed","Wed Jan 14 15:07:53 UTC 2026","","test_nodes_availability","",""
"","0","test_precision[Test for Polkadot Collectives]","tests","Wed Jan 14 15:08:51 UTC 2026","passed","Wed Jan 14 15:08:51 UTC 2026","TestPrecision","test_network_parameters","",""
"","1","test_precision[Test for krest]","tests","Wed Jan 14 15:08:51 UTC 2026","passed","Wed Jan 14 15:08:51 UTC 2026","TestPrecision","test_network_parameters","",""
"","0","test_precision[Test for Bifrost Kusama]","tests","Wed Jan 14 15:08:01 UTC 2026","passed","Wed Jan 14 15:08:01 UTC 2026","TestPrecision","test_network_parameters","",""
"","0","test_address_prefix[Test for DeepBrain]","tests","Wed Jan 14 15:09:24 UTC 2026","passed","Wed Jan 14 15:09:24 UTC 2026","TestNetworkPrefix","test_network_parameters","",""
"","106","test_rpc_node_is_synced[Test for Shiden, url: wss://shiden-rpc.n.dwellir.com]","tests","Wed Jan 14 15:08:43 UTC 2026","passed","Wed Jan 14 15:08:43 UTC 2026","","test_substrate_node_is_synced","",""
"","0","test_address_prefix[Test for Tanssi]","tests","Wed Jan 14 15:09:35 UTC 2026","passed","Wed Jan 14 15:09:35 UTC 2026","TestNetworkPrefix","test_network_parameters","",""
"","0","test_can_create_connection[Test for Moonriver, url: wss://moonriver-rpc.publicnode.com]","tests","Wed Jan 14 15:08:29 UTC 2026","passed","Wed Jan 14 15:08:29 UTC 2026","","test_nodes_availability","",""
"","0","test_can_create_connection[Test for Kusama People, url: wss://kusama-people-rpc.polkadot.io]","tests","Wed Jan 14 15:08:32 UTC 2026","passed","Wed Jan 14 15:08:32 UTC 2026","","test_nodes_availability","",""
"","12","test_has_new_assets[Test for Heima]","tests","Wed Jan 14 15:08:25 UTC 2026","passed","Wed Jan 14 15:08:25 UTC 2026","TestAssets","test_check_new_assets","",""
"","0","test_can_create_connection[Test for Polkadot Relay, url: wss://rpc-polkadot.luckyfriday.io]","tests","Wed Jan 14 15:08:32 UTC 2026","passed","Wed Jan 14 15:08:32 UTC 2026","","test_nodes_availability","",""
"","53","test_rpc_node_is_synced[Test for Polkadot People, url: wss://people-polkadot.public.curie.radiumblock.co/ws]","tests","Wed Jan 14 15:08:54 UTC 2026","passed","Wed Jan 14 15:08:54 UTC 2026","","test_substrate_node_is_synced","",""
"","0","test_can_create_connection[Test for UNIQUE, url: wss://unique.ibp.network]","tests","Wed Jan 14 15:09:50 UTC 2026","passed","Wed Jan 14 15:09:50 UTC 2026","","test_nodes_availability","",""
"","166","test_rpc_method_is_available[Test for Crust Shadow, url: wss://rpc-sha-subscan.crustnetwork.xyz]","tests","Wed Jan 14 15:08:57 UTC 2026","passed","Wed Jan 14 15:08:57 UTC 2026","","test_rpc_methods_availability","",""
"","7","test_rpc_node_is_synced[Test for Kusama Bridge Hub, url: wss://bridge-hub-kusama.dotters.network]","tests","Wed Jan 14 15:11:03 UTC 2026","passed","Wed Jan 14 15:11:03 UTC 2026","","test_substrate_node_is_synced","",""
"","0","test_address_prefix[Test for Astar]","tests","Wed Jan 14 15:08:08 UTC 2026","passed","Wed Jan 14 15:08:08 UTC 2026","TestNetworkPrefix","test_network_parameters","",""
"","0","test_precision[Test for Crust Polkadot Parachain]","tests","Wed Jan 14 15:08:46 UTC 2026","passed","Wed Jan 14 15:08:46 UTC 2026","TestPrecision","test_network_parameters","",""
"","6","test_has_new_assets[Test for Tanssi]","tests","Wed Jan 14 15:09:20 UTC 2026","passed","Wed Jan 14 15:09:20 UTC 2026","TestAssets","test_check_new_assets","",""
"","1","test_can_create_connection[Test for Polkadot Bridge Hub, url: wss://dot-rpc.stakeworld.io/bridgehub]","tests","Wed Jan 14 15:10:50 UTC 2026","passed","Wed Jan 14 15:10:50 UTC 2026","","test_nodes_availability","",""
"","7","test_has_new_assets[Test for KILT]","tests","Wed Jan 14 15:07:47 UTC 2026","passed","Wed Jan 14 15:07:47 UTC 2026","TestAssets","test_check_new_assets","",""
"","0","test_address_prefix[Test for Curio]","tests","Wed Jan 14 15:09:11 UTC 2026","broken","Wed Jan 14 15:09:11 UTC 2026","TestNetworkPrefix","test_network_parameters","",""
"","0","test_precision[Test for Robonomics]","tests","Wed Jan 14 15:08:15 UTC 2026","passed","Wed Jan 14 15:08:15 UTC 2026","TestPrecision","test_network_parameters","",""
"","11","test_has_new_assets[Test for Aventus]","tests","Wed Jan 14 15:08:27 UTC 2026","passed","Wed Jan 14 15:08:27 UTC 2026","TestAssets","test_check_new_assets","",""
"","0","test_address_prefix[Test for Crust Polkadot Parachain]","tests","Wed Jan 14 15:08:48 UTC 2026","passed","Wed Jan 14 15:08:48 UTC 2026","TestNetworkPrefix","test_network_parameters","",""
"","0","test_address_prefix[Test for Kusama People]","tests","Wed Jan 14 15:07:57 UTC 2026","passed","Wed Jan 14 15:07:57 UTC 2026","TestNetworkPrefix","test_network_parameters","",""
"","0","test_precision[Test for Acala]","tests","Wed Jan 14 15:08:00 UTC 2026","passed","Wed Jan 14 15:08:00 UTC 2026","TestPrecision","test_network_parameters","",""
"","0","test_can_create_connection[Test for Kusama Coretime, url: wss://ksm-rpc.stakeworld.io/coretime]","tests","Wed Jan 14 15:11:41 UTC 2026","passed","Wed Jan 14 15:11:41 UTC 2026","","test_nodes_availability","",""
"","0","test_chainId[Test for Bifrost Polkadot]","tests","Wed Jan 14 15:08:20 UTC 2026","passed","Wed Jan 14 15:08:20 UTC 2026","TestChainId","test_network_parameters","",""
"","156","test_rpc_method_is_available[Test for Enjin Matrix, url: wss://rpc.matrix.blockchain.enjin.io]","tests","Wed Jan 14 15:10:44 UTC 2026","passed","Wed Jan 14 15:10:44 UTC 2026","","test_rpc_methods_availability","",""
"","107","test_rpc_method_is_available[Test for Basilisk, url: wss://basilisk-rpc.n.dwellir.com]","tests","Wed Jan 14 15:09:03 UTC 2026","passed","Wed Jan 14 15:09:03 UTC 2026","","test_rpc_methods_availability","",""
"","0","test_can_create_connection[Test for Kusama Relay, url: wss://kusama.public.curie.radiumblock.co/ws]","tests","Wed Jan 14 15:08:25 UTC 2026","passed","Wed Jan 14 15:08:25 UTC 2026","","test_nodes_availability","",""
"","153","test_rpc_node_is_synced[Test for Acala, url: wss://acala-rpc-3.aca-api.network/ws]","tests","Wed Jan 14 15:08:52 UTC 2026","passed","Wed Jan 14 15:08:52 UTC 2026","","test_substrate_node_is_synced","",""
"","6","test_rpc_node_is_synced[Test for KILT, url: wss://kilt.dotters.network]","tests","Wed Jan 14 15:09:34 UTC 2026","passed","Wed Jan 14 15:09:34 UTC 2026","","test_substrate_node_is_synced","",""
"","0","test_can_create_connection[Test for Heima, url: wss://rpc.litentry-parachain.litentry.io]","tests","Wed Jan 14 15:10:06 UTC 2026","passed","Wed Jan 14 15:10:06 UTC 2026","","test_nodes_availability","",""
"","7","test_rpc_node_is_synced[Test for Kusama Asset Hub, url: wss://sys.ibp.network/statemine]","tests","Wed Jan 14 15:08:39 UTC 2026","passed","Wed Jan 14 15:08:39 UTC 2026","","test_substrate_node_is_synced","",""
"","0","test_precision[Test for Energy Web X]","tests","Wed Jan 14 15:09:08 UTC 2026","passed","Wed Jan 14 15:09:08 UTC 2026","TestPrecision","test_network_parameters","",""
"","1","test_can_create_connection[Test for Acurast Canary, url: wss://public-rpc.canary.acurast.com]","tests","Wed Jan 14 15:11:11 UTC 2026","passed","Wed Jan 14 15:11:11 UTC 2026","","test_nodes_availability","",""
"","103","test_rpc_node_is_synced[Test for Polkadot Asset Hub, url: wss://asset-hub-polkadot-rpc.n.dwellir.com]","tests","Wed Jan 14 15:09:43 UTC 2026","passed","Wed Jan 14 15:09:43 UTC 2026","","test_substrate_node_is_synced","",""
"","0","test_can_create_connection[Test for Tangle, url: wss://rpc.tangle.tools]","tests","Wed Jan 14 15:11:37 UTC 2026","passed","Wed Jan 14 15:11:37 UTC 2026","","test_nodes_availability","",""
"","1","test_chainId[Test for Astar]","tests","Wed Jan 14 15:07:58 UTC 2026","passed","Wed Jan 14 15:07:58 UTC 2026","TestChainId","test_network_parameters","",""
"","0","test_chainId[Test for Ternoa]","tests","Wed Jan 14 15:08:16 UTC 2026","passed","Wed Jan 14 15:08:16 UTC 2026","TestChainId","test_network_parameters","",""
"","0","test_can_create_connection[Test for krest, url: wss://krest.api.onfinality.io/public-ws']","tests","Wed Jan 14 15:10:54 UTC 2026","passed","Wed Jan 14 15:10:54 UTC 2026","","test_nodes_availability","",""
"","0","test_precision[Test for Amplitude]","tests","Wed Jan 14 15:08:16 UTC 2026","passed","Wed Jan 14 15:08:16 UTC 2026","TestPrecision","test_network_parameters","",""
"","13","test_has_new_assets[Test for Vara]","tests","Wed Jan 14 15:08:36 UTC 2026","passed","Wed Jan 14 15:08:36 UTC 2026","TestAssets","test_check_new_assets","",""
"","0","test_chainId[Test for Curio]","tests","Wed Jan 14 15:09:03 UTC 2026","broken","Wed Jan 14 15:09:03 UTC 2026","TestChainId","test_network_parameters","",""
"","0","test_can_create_connection[Test for Crab, url: wss://crab-rpc.darwinia.network/]","tests","Wed Jan 14 15:10:30 UTC 2026","passed","Wed Jan 14 15:10:30 UTC 2026","","test_nodes_availability","",""
"","185","test_rpc_method_is_available[Test for XX network, url: wss://rpc-hetzner.xx.network]","tests","Wed Jan 14 15:10:14 UTC 2026","passed","Wed Jan 14 15:10:14 UTC 2026","","test_rpc_methods_availability","",""
"","7","test_has_new_assets[Test for Kusama Coretime]","tests","Wed Jan 14 15:09:17 UTC 2026","passed","Wed Jan 14 15:09:17 UTC 2026","TestAssets","test_check_new_assets","",""
"","1","test_can_create_connection[Test for Kusama People, url: wss://ksm-rpc.stakeworld.io/people]","tests","Wed Jan 14 15:08:42 UTC 2026","passed","Wed Jan 14 15:08:42 UTC 2026","","test_nodes_availability","",""
"","329","test_rpc_node_is_synced[Test for Crust Shadow, url: wss://rpc2-shadow.crust.network/]","tests","Wed Jan 14 15:09:11 UTC 2026","passed","Wed Jan 14 15:09:11 UTC 2026","","test_substrate_node_is_synced","",""
"","0","test_can_create_connection[Test for Shiden, url: wss://shiden.public.curie.radiumblock.co/ws]","tests","Wed Jan 14 15:08:56 UTC 2026","passed","Wed Jan 14 15:08:56 UTC 2026","","test_nodes_availability","",""
"","0","test_can_create_connection[Test for peaq, url: wss://peaq-rpc.publicnode.com]","tests","Wed Jan 14 15:11:23 UTC 2026","passed","Wed Jan 14 15:11:23 UTC 2026","","test_nodes_availability","",""
"","0","test_address_prefix[Test for DENTNet]","tests","Wed Jan 14 15:09:15 UTC 2026","passed","Wed Jan 14 15:09:15 UTC 2026","TestNetworkPrefix","test_network_parameters","",""
"","11","test_has_new_assets[Test for Crab]","tests","Wed Jan 14 15:08:50 UTC 2026","passed","Wed Jan 14 15:08:50 UTC 2026","TestAssets","test_check_new_assets","",""
"","51","test_rpc_node_is_synced[Test for Westend (TESTNET), url: wss://westend.public.curie.radiumblock.co/ws]","tests","Wed Jan 14 15:08:34 UTC 2026","passed","Wed Jan 14 15:08:34 UTC 2026","","test_substrate_node_is_synced","",""
"","92","test_rpc_method_is_available[Test for Polkadot Relay, url: wss://polkadot.dotters.network]","tests","Wed Jan 14 15:07:50 UTC 2026","passed","Wed Jan 14 15:07:51 UTC 2026","","test_rpc_methods_availability","",""
"","10","test_has_new_assets[Test for Crust Polkadot Parachain]","tests","Wed Jan 14 15:08:42 UTC 2026","passed","Wed Jan 14 15:08:42 UTC 2026","TestAssets","test_check_new_assets","",""
"","0","test_rpc_node_is_synced[Test for Curio, url: wss://archive.parachain.curioinvest.com]","tests","Wed Jan 14 15:11:23 UTC 2026","broken","Wed Jan 14 15:11:23 UTC 2026","","test_substrate_node_is_synced","",""
"","191","test_rpc_method_is_available[Test for Polkadot Coretime, url: wss://coretime-polkadot.dotters.network]","tests","Wed Jan 14 15:11:21 UTC 2026","passed","Wed Jan 14 15:11:22 UTC 2026","","test_rpc_methods_availability","",""
"","0","test_rpc_method_is_available[Test for Polkadex, url: wss://polkadex.public.curie.radiumblock.co/ws]","tests","Wed Jan 14 15:09:38 UTC 2026","broken","Wed Jan 14 15:09:38 UTC 2026","","test_rpc_methods_availability","",""
"","64","test_rpc_node_is_synced[Test for Kusama Bridge Hub, url: wss://sys.ibp.network/bridgehub-kusama]","tests","Wed Jan 14 15:11:00 UTC 2026","passed","Wed Jan 14 15:11:00 UTC 2026","","test_substrate_node_is_synced","",""
"","6","test_rpc_node_is_synced[Test for Ajuna, url: wss://ajuna.dotters.network]","tests","Wed Jan 14 15:10:47 UTC 2026","passed","Wed Jan 14 15:10:47 UTC 2026","","test_substrate_node_is_synced","",""
"","0","test_precision[Test for Vara]","tests","Wed Jan 14 15:08:43 UTC 2026","passed","Wed Jan 14 15:08:43 UTC 2026","TestPrecision","test_network_parameters","",""
"","1","test_precision[Test for Westend (TESTNET)]","tests","Wed Jan 14 15:08:00 UTC 2026","passed","Wed Jan 14 15:08:00 UTC 2026","TestPrecision","test_network_parameters","",""
"","100","test_rpc_node_is_synced[Test for Polkadot Collectives, url: wss://dot-rpc.stakeworld.io/collectives]","tests","Wed Jan 14 15:11:13 UTC 2026","passed","Wed Jan 14 15:11:13 UTC 2026","","test_substrate_node_is_synced","",""
"","158","test_rpc_method_is_available[Test for Polkadot Asset Hub, url: wss://asset-hub-polkadot.dotters.network]","tests","Wed Jan 14 15:10:17 UTC 2026","passed","Wed Jan 14 15:10:17 UTC 2026","","test_rpc_methods_availability","",""
"","0","test_can_create_connection[Test for Kusama Coretime, url: wss://sys.ibp.network/coretime-kusama]","tests","Wed Jan 14 15:11:32 UTC 2026","passed","Wed Jan 14 15:11:32 UTC 2026","","test_nodes_availability","",""
"","0","test_can_create_connection[Test for Westend (TESTNET), url: wss://westend-rpc.polkadot.io]","tests","Wed Jan 14 15:08:31 UTC 2026","passed","Wed Jan 14 15:08:31 UTC 2026","","test_nodes_availability","",""
"","97","test_rpc_method_is_available[Test for Hyperbridge Nexus, url: wss://nexus.ibp.network]","tests","Wed Jan 14 15:11:06 UTC 2026","passed","Wed Jan 14 15:11:06 UTC 2026","","test_rpc_methods_availability","",""
"","94","test_rpc_method_is_available[Test for Ajuna, url: wss://rpc-para.ajuna.network]","tests","Wed Jan 14 15:10:06 UTC 2026","passed","Wed Jan 14 15:10:07 UTC 2026","","test_rpc_methods_availability","",""
"","0","test_can_create_connection[Test for Frequency, url: wss://0.rpc.frequency.xyz]","tests","Wed Jan 14 15:10:31 UTC 2026","passed","Wed Jan 14 15:10:31 UTC 2026","","test_nodes_availability","",""
"","115","test_rpc_method_is_available[Test for Kusama People, url: wss://kusama-people-rpc.polkadot.io]","tests","Wed Jan 14 15:08:37 UTC 2026","passed","Wed Jan 14 15:08:37 UTC 2026","","test_rpc_methods_availability","",""
"","0","test_address_prefix[Test for Manta Atlantic]","tests","Wed Jan 14 15:08:57 UTC 2026","passed","Wed Jan 14 15:08:57 UTC 2026","TestNetworkPrefix","test_network_parameters","",""
"","0","test_chainId[Test for Polkadot Asset Hub]","tests","Wed Jan 14 15:08:05 UTC 2026","passed","Wed Jan 14 15:08:05 UTC 2026","TestChainId","test_network_parameters","",""
"","6","test_rpc_node_is_synced[Test for Bifrost Polkadot, url: wss://bifrost-polkadot.dotters.network]","tests","Wed Jan 14 15:10:06 UTC 2026","passed","Wed Jan 14 15:10:06 UTC 2026","","test_substrate_node_is_synced","",""
"","0","test_can_create_connection[Test for KILT, url: wss://spiritnet.kilt.io/]","tests","Wed Jan 14 15:09:47 UTC 2026","broken","Wed Jan 14 15:09:47 UTC 2026","","test_nodes_availability","",""
"","0","test_can_create_connection[Test for Amplitude, url: wss://rpc-amplitude.pendulumchain.tech]","tests","Wed Jan 14 15:09:57 UTC 2026","passed","Wed Jan 14 15:09:57 UTC 2026","","test_nodes_availability","",""
"","0","test_can_create_connection[Test for UNIQUE, url: wss://eu-ws.unique.network/]","tests","Wed Jan 14 15:10:15 UTC 2026","passed","Wed Jan 14 15:10:15 UTC 2026","","test_nodes_availability","",""
"","161","test_rpc_method_is_available[Test for Polkadot Asset Hub, url: wss://asset-hub-polkadot-rpc.n.dwellir.com]","tests","Wed Jan 14 15:09:15 UTC 2026","passed","Wed Jan 14 15:09:15 UTC 2026","","test_rpc_methods_availability","",""
"","0","test_can_create_connection[Test for Moonbeam, url: wss://moonbeam.public.curie.radiumblock.co/ws]","tests","Wed Jan 14 15:08:20 UTC 2026","passed","Wed Jan 14 15:08:20 UTC 2026","","test_nodes_availability","",""
"","10","test_has_new_assets[Test for Bittensor]","tests","Wed Jan 14 15:08:29 UTC 2026","passed","Wed Jan 14 15:08:29 UTC 2026","TestAssets","test_check_new_assets","",""
"","1","test_chainId[Test for Crust Shadow]","tests","Wed Jan 14 15:08:01 UTC 2026","passed","Wed Jan 14 15:08:01 UTC 2026","TestChainId","test_network_parameters","",""
"","0","test_rpc_method_is_available[Test for Kreivo, url: wss://kreivo.kippu.rocks/]","tests","Wed Jan 14 15:11:03 UTC 2026","broken","Wed Jan 14 15:11:03 UTC 2026","","test_rpc_methods_availability","",""
"","98","test_rpc_method_is_available[Test for UNIQUE, url: wss://unique.ibp.network]","tests","Wed Jan 14 15:09:40 UTC 2026","passed","Wed Jan 14 15:09:40 UTC 2026","","test_rpc_methods_availability","",""
"","1","test_chainId[Test for Kusama Asset Hub]","tests","Wed Jan 14 15:08:00 UTC 2026","passed","Wed Jan 14 15:08:00 UTC 2026","TestChainId","test_network_parameters","",""
"","112","test_rpc_node_is_synced[Test for UNIQUE, url: wss://eu-ws.unique.network/]","tests","Wed Jan 14 15:10:38 UTC 2026","passed","Wed Jan 14 15:10:38 UTC 2026","","test_substrate_node_is_synced","",""
"","0","test_can_create_connection[Test for KILT, url: wss://kilt.ibp.network]","tests","Wed Jan 14 15:09:29 UTC 2026","passed","Wed Jan 14 15:09:29 UTC 2026","","test_nodes_availability","",""
"","0","test_can_create_connection[Test for Bifrost Kusama, url: wss://bifrost-rpc.liebi.com/ws]","tests","Wed Jan 14 15:09:03 UTC 2026","passed","Wed Jan 14 15:09:03 UTC 2026","","test_nodes_availability","",""
"","194","test_rpc_method_is_available[Test for 3DPass, url: wss://rpc.p3d.top]","tests","Wed Jan 14 15:10:31 UTC 2026","passed","Wed Jan 14 15:10:31 UTC 2026","","test_rpc_methods_availability","",""
"","304","test_rpc_method_is_available[Test for Polkadot Relay, url: wss://rpc-polkadot-1.novasama-tech.org]","tests","Wed Jan 14 15:07:39 UTC 2026","passed","Wed Jan 14 15:07:39 UTC 2026","","test_rpc_methods_availability","",""
"","0","test_can_create_connection[Test for Moonriver, url: wss://wss.api.moonriver.moonbeam.network]","tests","Wed Jan 14 15:08:24 UTC 2026","passed","Wed Jan 14 15:08:24 UTC 2026","","test_nodes_availability","",""
"","0","test_can_create_connection[Test for Polkadex, url: wss://polkadex.public.curie.radiumblock.co/ws]","tests","Wed Jan 14 15:09:33 UTC 2026","broken","Wed Jan 14 15:09:33 UTC 2026","","test_nodes_availability","",""
"","135","test_rpc_method_is_available[Test for Astar, url: wss://astar.public.curie.radiumblock.co/ws]","tests","Wed Jan 14 15:09:08 UTC 2026","passed","Wed Jan 14 15:09:08 UTC 2026","","test_rpc_methods_availability","",""
"","1","test_precision[Test for Humanode]","tests","Wed Jan 14 15:09:16 UTC 2026","passed","Wed Jan 14 15:09:16 UTC 2026","TestPrecision","test_network_parameters","",""
"","0","test_chainId[Test for Mythos]","tests","Wed Jan 14 15:08:57 UTC 2026","passed","Wed Jan 14 15:08:57 UTC 2026","TestChainId","test_network_parameters","",""
"","0","test_precision[Test for Joystream]","tests","Wed Jan 14 15:08:54 UTC 2026","passed","Wed Jan 14 15:08:54 UTC 2026","TestPrecision","test_network_parameters","",""
"","0","test_chainId[Test for Aleph Zero]","tests","Wed Jan 14 15:08:03 UTC 2026","passed","Wed Jan 14 15:08:03 UTC 2026","TestChainId","test_network_parameters","",""
"","361","test_rpc_node_is_synced[Test for DENTNet, url: wss://rpc.dentnet.io/ws]","tests","Wed Jan 14 15:11:44 UTC 2026","passed","Wed Jan 14 15:11:45 UTC 2026","","test_substrate_node_is_synced","",""
"","24","test_rpc_node_is_synced[Test for Polkadot Relay, url: wss://polkadot.public.curie.radiumblock.co/ws]","tests","Wed Jan 14 15:08:17 UTC 2026","passed","Wed Jan 14 15:08:17 UTC 2026","","test_substrate_node_is_synced","",""
"","6","test_rpc_node_is_synced[Test for Polkadot Bridge Hub, url: wss://bridge-hub-polkadot.dotters.network]","tests","Wed Jan 14 15:10:52 UTC 2026","passed","Wed Jan 14 15:10:52 UTC 2026","","test_substrate_node_is_synced","",""
"","95","test_rpc_method_is_available[Test for Polkadot Collectives, url: wss://collectives.public.curie.radiumblock.co/ws]","tests","Wed Jan 14 15:10:45 UTC 2026","passed","Wed Jan 14 15:10:45 UTC 2026","","test_rpc_methods_availability","",""
"","0","test_rpc_method_is_available[Test for Avail, url: wss://avail.rpc.bountyblok.io]","tests","Wed Jan 14 15:11:14 UTC 2026","broken","Wed Jan 14 15:11:14 UTC 2026","","test_rpc_methods_availability","",""
"","1","test_chainId[Test for Joystream]","tests","Wed Jan 14 15:08:50 UTC 2026","passed","Wed Jan 14 15:08:50 UTC 2026","TestChainId","test_network_parameters","",""
"","0","test_precision[Test for Zeitgeist]","tests","Wed Jan 14 15:08:33 UTC 2026","passed","Wed Jan 14 15:08:33 UTC 2026","TestPrecision","test_network_parameters","",""
"","1","test_chainId[Test for Tangle]","tests","Wed Jan 14 15:09:21 UTC 2026","passed","Wed Jan 14 15:09:21 UTC 2026","TestChainId","test_network_parameters","",""
"","0","test_address_prefix[Test for Interlay]","tests","Wed Jan 14 15:08:28 UTC 2026","passed","Wed Jan 14 15:08:28 UTC 2026","TestNetworkPrefix","test_network_parameters","",""
"","0","test_rpc_method_is_available[Test for XX network, url: wss://rpc.xx.network]","tests","Wed Jan 14 15:09:59 UTC 2026","broken","Wed Jan 14 15:09:59 UTC 2026","","test_rpc_methods_availability","",""
"","0","test_chainId[Test for Kreivo]","tests","Wed Jan 14 15:09:16 UTC 2026","broken","Wed Jan 14 15:09:16 UTC 2026","TestChainId","test_network_parameters","",""
"","0","test_can_create_connection[Test for Enjin Matrix, url: wss://rpc.matrix.blockchain.enjin.io]","tests","Wed Jan 14 15:10:56 UTC 2026","passed","Wed Jan 14 15:10:56 UTC 2026","","test_nodes_availability","",""
"","0","test_can_create_connection[Test for Ajuna, url: wss://ajuna.ibp.network]","tests","Wed Jan 14 15:10:20 UTC 2026","passed","Wed Jan 14 15:10:20 UTC 2026","","test_nodes_availability","",""
"","114","test_rpc_method_is_available[Test for Moonriver, url: wss://wss.api.moonriver.moonbeam.network]","tests","Wed Jan 14 15:08:15 UTC 2026","passed","Wed Jan 14 15:08:15 UTC 2026","","test_rpc_methods_availability","",""
"","0","test_can_create_connection[Test for Acala, url: wss://acala-rpc.n.dwellir.com]","tests","Wed Jan 14 15:09:21 UTC 2026","passed","Wed Jan 14 15:09:21 UTC 2026","","test_nodes_availability","",""
"","252","test_rpc_node_is_synced[Test for Ethereum, url: https://1rpc.io/eth]","tests","Wed Jan 14 15:07:53 UTC 2026","broken","Wed Jan 14 15:07:53 UTC 2026","TestETHNodesAvailability","test_eth_nodes_availability","",""
"","0","test_address_prefix[Test for Enjin Relay]","tests","Wed Jan 14 15:09:02 UTC 2026","passed","Wed Jan 14 15:09:02 UTC 2026","TestNetworkPrefix","test_network_parameters","",""
"","1","test_address_prefix[Test for Bifrost Polkadot]","tests","Wed Jan 14 15:08:29 UTC 2026","passed","Wed Jan 14 15:08:29 UTC 2026","TestNetworkPrefix","test_network_parameters","",""
"","6","test_rpc_node_is_synced[Test for Moonbeam, url: wss://moonbeam.ibp.network]","tests","Wed Jan 14 15:08:09 UTC 2026","passed","Wed Jan 14 15:08:09 UTC 2026","","test_substrate_node_is_synced","",""
"","13","test_has_new_assets[Test for Kusama People]","tests","Wed Jan 14 15:07:48 UTC 2026","passed","Wed Jan 14 15:07:48 UTC 2026","TestAssets","test_check_new_assets","",""
"","0","test_address_prefix[Test for Polkadex]","tests","Wed Jan 14 15:08:19 UTC 2026","passed","Wed Jan 14 15:08:19 UTC 2026","TestNetworkPrefix","test_network_parameters","",""
"","92","test_rpc_method_is_available[Test for Bifrost Polkadot, url: wss://eu.bifrost-polkadot-rpc.liebi.com/ws]","tests","Wed Jan 14 15:10:03 UTC 2026","passed","Wed Jan 14 15:10:03 UTC 2026","","test_rpc_methods_availability","",""
"","0","test_address_prefix[Test for Kusama Asset Hub]","tests","Wed Jan 14 15:08:11 UTC 2026","passed","Wed Jan 14 15:08:11 UTC 2026","TestNetworkPrefix","test_network_parameters","",""
"","0","test_can_create_connection[Test for Hyperbridge Nexus, url: wss://hyperbridge-nexus-rpc.blockops.network]","tests","Wed Jan 14 15:11:13 UTC 2026","passed","Wed Jan 14 15:11:13 UTC 2026","","test_nodes_availability","",""
"","10","test_has_new_assets[Test for Frequency]","tests","Wed Jan 14 15:08:31 UTC 2026","passed","Wed Jan 14 15:08:31 UTC 2026","TestAssets","test_check_new_assets","",""
"","103","test_rpc_method_is_available[Test for Polkadot People, url: wss://people-polkadot.public.curie.radiumblock.co/ws]","tests","Wed Jan 14 15:08:33 UTC 2026","passed","Wed Jan 14 15:08:33 UTC 2026","","test_rpc_methods_availability","",""
"","8","test_has_new_assets[Test for Westend (TESTNET)]","tests","Wed Jan 14 15:07:57 UTC 2026","passed","Wed Jan 14 15:07:57 UTC 2026","TestAssets","test_check_new_assets","",""
"","1331","test_subquery_is_synced","tests","Wed Jan 14 15:07:55 UTC 2026","broken","Wed Jan 14 15:07:56 UTC 2026","","test_subquery_is_synced","",""
"","0","test_can_create_connection[Test for Polkadot Relay, url: wss://dot-rpc.stakeworld.io]","tests","Wed Jan 14 15:08:17 UTC 2026","passed","Wed Jan 14 15:08:17 UTC 2026","","test_nodes_availability","",""
"","10","test_rpc_node_is_synced[Test for Interlay, url: wss://rpc-interlay.luckyfriday.io/]","tests","Wed Jan 14 15:09:24 UTC 2026","passed","Wed Jan 14 15:09:24 UTC 2026","","test_substrate_node_is_synced","",""
"","94","test_rpc_method_is_available[Test for Encointer, url: wss://encointer-kusama.dotters.network]","tests","Wed Jan 14 15:08:32 UTC 2026","passed","Wed Jan 14 15:08:32 UTC 2026","","test_rpc_methods_availability","",""
"","0","test_rpc_node_is_synced[Test for Kreivo, url: wss://kreivo.kippu.rocks/]","tests","Wed Jan 14 15:11:37 UTC 2026","broken","Wed Jan 14 15:11:37 UTC 2026","","test_substrate_node_is_synced","",""
"","204","test_rpc_method_is_available[Test for Karura, url: wss://karura-rpc.n.dwellir.com]","tests","Wed Jan 14 15:07:53 UTC 2026","passed","Wed Jan 14 15:07:53 UTC 2026","","test_rpc_methods_availability","",""
"","0","test_chainId[Test for DeepBrain]","tests","Wed Jan 14 15:09:13 UTC 2026","passed","Wed Jan 14 15:09:13 UTC 2026","TestChainId","test_network_parameters","",""
"","0","test_address_prefix[Test for JAMTON]","tests","Wed Jan 14 15:09:30 UTC 2026","passed","Wed Jan 14 15:09:30 UTC 2026","TestNetworkPrefix","test_network_parameters","",""
"","157","test_rpc_method_is_available[Test for Ajuna, url: wss://ajuna.dotters.network]","tests","Wed Jan 14 15:10:15 UTC 2026","passed","Wed Jan 14 15:10:15 UTC 2026","","test_rpc_methods_availability","",""
"","0","test_can_create_connection[Test for Moonriver, url: wss://moonriver.public.curie.radiumblock.co/ws]","tests","Wed Jan 14 15:08:34 UTC 2026","passed","Wed Jan 14 15:08:34 UTC 2026","","test_nodes_availability","",""
"","0","test_can_create_connection[Test for Shiden, url: wss://shiden-rpc.n.dwellir.com]","tests","Wed Jan 14 15:08:46 UTC 2026","passed","Wed Jan 14 15:08:46 UTC 2026","","test_nodes_availability","",""
"","1","test_can_create_connection[Test for Polkadot Relay, url: wss://apps-rpc.polkadot.io]","tests","Wed Jan 14 15:08:12 UTC 2026","passed","Wed Jan 14 15:08:12 UTC 2026","","test_nodes_availability","",""
"","10","test_has_new_assets[Test for Polymesh]","tests","Wed Jan 14 15:08:23 UTC 2026","passed","Wed Jan 14 15:08:23 UTC 2026","TestAssets","test_check_new_assets","",""
"","0","test_can_create_connection[Test for Polkadot Relay, url: wss://polkadot.dotters.network]","tests","Wed Jan 14 15:08:06 UTC 2026","passed","Wed Jan 14 15:08:06 UTC 2026","","test_nodes_availability","",""
"","186","test_rpc_method_is_available[Test for Karura, url: wss://karura-rpc-3.aca-api.network/ws]","tests","Wed Jan 14 15:07:48 UTC 2026","passed","Wed Jan 14 15:07:48 UTC 2026","","test_rpc_methods_availability","",""
"","7","test_has_new_assets[Test for krest]","tests","Wed Jan 14 15:08:47 UTC 2026","passed","Wed Jan 14 15:08:47 UTC 2026","TestAssets","test_check_new_assets","",""
"","0","test_precision[Test for Heima]","tests","Wed Jan 14 15:08:30 UTC 2026","passed","Wed Jan 14 15:08:30 UTC 2026","TestPrecision","test_network_parameters","",""
"","0","test_chainId[Test for Zeitgeist]","tests","Wed Jan 14 15:08:22 UTC 2026","passed","Wed Jan 14 15:08:22 UTC 2026","TestChainId","test_network_parameters","",""
"","0","test_chainId[Test for Polkadot Collectives]","tests","Wed Jan 14 15:08:43 UTC 2026","passed","Wed Jan 14 15:08:43 UTC 2026","TestChainId","test_network_parameters","",""
"","0","test_precision[Test for QUARTZ]","tests","Wed Jan 14 15:07:56 UTC 2026","passed","Wed Jan 14 15:07:56 UTC 2026","TestPrecision","test_network_parameters","",""
"","0","test_address_prefix[Test for Moonbeam]","tests","Wed Jan 14 15:08:03 UTC 2026","passed","Wed Jan 14 15:08:03 UTC 2026","TestNetworkPrefix","test_network_parameters","",""
"","154","test_rpc_method_is_available[Test for Ajuna, url: wss://ajuna.ibp.network]","tests","Wed Jan 14 15:10:10 UTC 2026","passed","Wed Jan 14 15:10:11 UTC 2026","","test_rpc_methods_availability","",""
"","1194","test_rpc_method_is_available[Test for Moonriver, url: wss://moonriver.public.curie.radiumblock.co/ws]","tests","Wed Jan 14 15:08:25 UTC 2026","passed","Wed Jan 14 15:08:26 UTC 2026","","test_rpc_methods_availability","",""
"","6","test_has_new_assets[Test for Tangle]","tests","Wed Jan 14 15:09:27 UTC 2026","passed","Wed Jan 14 15:09:27 UTC 2026","TestAssets","test_check_new_assets","",""
"","0","test_chainId[Test for Laos]","tests","Wed Jan 14 15:09:12 UTC 2026","passed","Wed Jan 14 15:09:12 UTC 2026","TestChainId","test_network_parameters","",""
"","0","test_chainId[Test for Manta Atlantic]","tests","Wed Jan 14 15:08:55 UTC 2026","passed","Wed Jan 14 15:08:55 UTC 2026","TestChainId","test_network_parameters","",""
"","101","test_rpc_method_is_available[Test for JAMTON, url: wss://rpc.jamton.network]","tests","Wed Jan 14 15:11:19 UTC 2026","passed","Wed Jan 14 15:11:19 UTC 2026","","test_rpc_methods_availability","",""
"","0","test_precision[Test for Encointer]","tests","Wed Jan 14 15:08:19 UTC 2026","passed","Wed Jan 14 15:08:19 UTC 2026","TestPrecision","test_network_parameters","",""
"","0","test_can_create_connection[Test for Aventus, url: wss://public-rpc.mainnet.aventus.io]","tests","Wed Jan 14 15:10:43 UTC 2026","passed","Wed Jan 14 15:10:43 UTC 2026","","test_nodes_availability","",""
"","0","test_chainId[Test for 3DPass]","tests","Wed Jan 14 15:08:32 UTC 2026","passed","Wed Jan 14 15:08:32 UTC 2026","TestChainId","test_network_parameters","",""
"","0","test_chainId[Test for CC Enterprise]","tests","Wed Jan 14 15:09:04 UTC 2026","passed","Wed Jan 14 15:09:04 UTC 2026","TestChainId","test_network_parameters","",""
"","11","test_has_new_assets[Test for 3DPass]","tests","Wed Jan 14 15:08:29 UTC 2026","passed","Wed Jan 14 15:08:29 UTC 2026","TestAssets","test_check_new_assets","",""
"","25","test_rpc_node_is_synced[Test for Frequency, url: wss://0.rpc.frequency.xyz]","tests","Wed Jan 14 15:10:58 UTC 2026","passed","Wed Jan 14 15:10:58 UTC 2026","","test_substrate_node_is_synced","",""
"","79","test_rpc_node_is_synced[Test for Aventus, url: wss://public-rpc.mainnet.aventus.io]","tests","Wed Jan 14 15:10:37 UTC 2026","passed","Wed Jan 14 15:10:37 UTC 2026","","test_substrate_node_is_synced","",""
"","93","test_rpc_method_is_available[Test for Creditcoin, url: wss://mainnet3.creditcoin.network]","tests","Wed Jan 14 15:11:09 UTC 2026","passed","Wed Jan 14 15:11:09 UTC 2026","","test_rpc_methods_availability","",""
"","0","test_can_create_connection[Test for Polkadot Collectives, url: wss://collectives.public.curie.radiumblock.co/ws]","tests","Wed Jan 14 15:10:58 UTC 2026","passed","Wed Jan 14 15:10:58 UTC 2026","","test_nodes_availability","",""
"","12","test_has_new_assets[Test for Aleph Zero]","tests","Wed Jan 14 15:08:04 UTC 2026","passed","Wed Jan 14 15:08:04 UTC 2026","TestAssets","test_check_new_assets","",""
"","1","test_can_create_connection[Test for Polkadot People, url: wss://rpc-people-polkadot.luckyfriday.io]","tests","Wed Jan 14 15:08:25 UTC 2026","passed","Wed Jan 14 15:08:25 UTC 2026","","test_nodes_availability","",""
"","0","test_chainId[Test for JAMTON]","tests","Wed Jan 14 15:09:18 UTC 2026","passed","Wed Jan 14 15:09:18 UTC 2026","TestChainId","test_network_parameters","",""
"","148","test_rpc_method_is_available[Test for Darwinia, url: wss://rpc.darwinia.network]","tests","Wed Jan 14 15:10:28 UTC 2026","passed","Wed Jan 14 15:10:28 UTC 2026","","test_rpc_methods_availability","",""
"","146","test_rpc_node_is_synced[Test for Acala, url: wss://acala-rpc-0.aca-api.network]","tests","Wed Jan 14 15:08:41 UTC 2026","passed","Wed Jan 14 15:08:41 UTC 2026","","test_substrate_node_is_synced","",""
"","0","test_can_create_connection[Test for Karura, url: wss://karura-rpc-1.aca-api.network]","tests","Wed Jan 14 15:07:54 UTC 2026","passed","Wed Jan 14 15:07:54 UTC 2026","","test_nodes_availability","",""
"","11","test_has_new_assets[Test for Polkadot Collectives]","tests","Wed Jan 14 15:08:42 UTC 2026","passed","Wed Jan 14 15:08:42 UTC 2026","TestAssets","test_check_new_assets","",""
"","0","test_can_create_connection[Test for Kusama Bridge Hub, url: wss://ksm-rpc.stakeworld.io/bridgehub]","tests","Wed Jan 14 15:10:49 UTC 2026","passed","Wed Jan 14 15:10:49 UTC 2026","","test_nodes_availability","",""
"","290","test_rpc_node_is_synced[Test for Karura, url: wss://karura-rpc-2.aca-api.network/ws]","tests","Wed Jan 14 15:07:52 UTC 2026","passed","Wed Jan 14 15:07:52 UTC 2026","","test_substrate_node_is_synced","",""
"","0","test_precision[Test for Polkadot Coretime]","tests","Wed Jan 14 15:09:25 UTC 2026","passed","Wed Jan 14 15:09:25 UTC 2026","TestPrecision","test_network_parameters","",""
"","176","test_rpc_method_is_available[Test for Kusama Relay, url: wss://rpc.ibp.network/kusama]","tests","Wed Jan 14 15:07:44 UTC 2026","passed","Wed Jan 14 15:07:44 UTC 2026","","test_rpc_methods_availability","",""
"","159","test_rpc_method_is_available[Test for Kusama Bridge Hub, url: wss://bridge-hub-kusama.dotters.network]","tests","Wed Jan 14 15:10:36 UTC 2026","passed","Wed Jan 14 15:10:36 UTC 2026","","test_rpc_methods_availability","",""
"","12","test_has_new_assets[Test for Energy Web X]","tests","Wed Jan 14 15:08:54 UTC 2026","passed","Wed Jan 14 15:08:54 UTC 2026","TestAssets","test_check_new_assets","",""
"","1","test_precision[Test for JAMTON]","tests","Wed Jan 14 15:09:28 UTC 2026","passed","Wed Jan 14 15:09:28 UTC 2026","TestPrecision","test_network_parameters","",""
"","153","test_rpc_node_is_synced[Test for Kintsugi, url: wss://api-kusama.interlay.io/parachain]","tests","Wed Jan 14 15:08:52 UTC 2026","passed","Wed Jan 14 15:08:52 UTC 2026","","test_substrate_node_is_synced","",""
"","12","test_has_new_assets[Test for Bifrost Polkadot]","tests","Wed Jan 14 15:08:18 UTC 2026","passed","Wed Jan 14 15:08:18 UTC 2026","TestAssets","test_check_new_assets","",""
"","1","test_address_prefix[Test for Bittensor]","tests","Wed Jan 14 15:08:38 UTC 2026","passed","Wed Jan 14 15:08:38 UTC 2026","TestNetworkPrefix","test_network_parameters","",""
"","0","test_address_prefix[Test for Frequency]","tests","Wed Jan 14 15:08:40 UTC 2026","passed","Wed Jan 14 15:08:40 UTC 2026","TestNetworkPrefix","test_network_parameters","",""
"","1","test_can_create_connection[Test for Astar, url: wss://astar.public.curie.radiumblock.co/ws]","tests","Wed Jan 14 15:09:36 UTC 2026","passed","Wed Jan 14 15:09:36 UTC 2026","","test_nodes_availability","",""
"","11","test_has_new_assets[Test for Encointer]","tests","Wed Jan 14 15:08:12 UTC 2026","passed","Wed Jan 14 15:08:12 UTC 2026","TestAssets","test_check_new_assets","",""
"","0","test_can_create_connection[Test for Moonbeam, url: wss://moonbeam.ibp.network]","tests","Wed Jan 14 15:08:13 UTC 2026","passed","Wed Jan 14 15:08:13 UTC 2026","","test_nodes_availability","",""
"","7","test_rpc_node_is_synced[Test for GIANT, url: wss://rpc-anchor-1-mainnet-az-ue1.giantprotocol.org:443]","tests","Wed Jan 14 15:10:47 UTC 2026","passed","Wed Jan 14 15:10:47 UTC 2026","","test_substrate_node_is_synced","",""
"","0","test_can_create_connection[Test for DeepBrain, url: wss://info.dbcwallet.io]","tests","Wed Jan 14 15:11:28 UTC 2026","passed","Wed Jan 14 15:11:28 UTC 2026","","test_nodes_availability","",""
"","9","test_has_new_assets[Test for Shiden]","tests","Wed Jan 14 15:07:49 UTC 2026","passed","Wed Jan 14 15:07:49 UTC 2026","TestAssets","test_check_new_assets","",""
"","105","test_rpc_method_is_available[Test for QUARTZ, url: wss://quartz.unique.network]","tests","Wed Jan 14 15:09:41 UTC 2026","passed","Wed Jan 14 15:09:41 UTC 2026","","test_rpc_methods_availability","",""
"","0","test_can_create_connection[Test for Polkadot Relay, url: wss://rpc-polkadot-2.novasama-tech.org]","tests","Wed Jan 14 15:07:58 UTC 2026","passed","Wed Jan 14 15:07:58 UTC 2026","","test_nodes_availability","",""
"","1","test_address_prefix[Test for 3DPass]","tests","Wed Jan 14 15:08:39 UTC 2026","passed","Wed Jan 14 15:08:39 UTC 2026","TestNetworkPrefix","test_network_parameters","",""
"","50","test_rpc_node_is_synced[Test for Polkadot Collectives, url: wss://collectives.public.curie.radiumblock.co/ws]","tests","Wed Jan 14 15:11:08 UTC 2026","passed","Wed Jan 14 15:11:08 UTC 2026","","test_substrate_node_is_synced","",""
"","246","test_rpc_node_is_synced[Test for Darwinia, url: wss://rpc.darwinia.network]","tests","Wed Jan 14 15:10:48 UTC 2026","passed","Wed Jan 14 15:10:48 UTC 2026","","test_substrate_node_is_synced","",""
"","0","test_address_prefix[Test for Westend (TESTNET)]","tests","Wed Jan 14 15:08:06 UTC 2026","passed","Wed Jan 14 15:08:06 UTC 2026","TestNetworkPrefix","test_network_parameters","",""
"","98","test_has_new_assets[Test for Polkadot Relay]","tests","Wed Jan 14 15:07:46 UTC 2026","passed","Wed Jan 14 15:07:46 UTC 2026","TestAssets","test_check_new_assets","",""
"","0","test_address_prefix[Test for Ajuna]","tests","Wed Jan 14 15:08:45 UTC 2026","passed","Wed Jan 14 15:08:45 UTC 2026","TestNetworkPrefix","test_network_parameters","",""
"","7","test_rpc_node_is_synced[Test for Kusama Coretime, url: wss://rpc-coretime-kusama.luckyfriday.io]","tests","Wed Jan 14 15:11:58 UTC 2026","passed","Wed Jan 14 15:11:58 UTC 2026","","test_substrate_node_is_synced","",""
"","0","test_can_create_connection[Test for Phala, url: wss://api.phala.network/ws]","tests","Wed Jan 14 15:09:11 UTC 2026","passed","Wed Jan 14 15:09:11 UTC 2026","","test_nodes_availability","",""
"","0","test_chainId[Test for Kusama Relay]","tests","Wed Jan 14 15:07:50 UTC 2026","passed","Wed Jan 14 15:07:50 UTC 2026","TestChainId","test_network_parameters","",""
"","87","test_rpc_method_is_available[Test for Cere, url: wss://rpc.mainnet.cere.network/ws]","tests","Wed Jan 14 15:11:02 UTC 2026","passed","Wed Jan 14 15:11:02 UTC 2026","","test_rpc_methods_availability","",""
"","0","test_can_create_connection[Test for Kusama Relay, url: wss://rpc-kusama.luckyfriday.io]","tests","Wed Jan 14 15:08:12 UTC 2026","passed","Wed Jan 14 15:08:12 UTC 2026","","test_nodes_availability","",""
"","9","test_has_new_assets[Test for DENTNet]","tests","Wed Jan 14 15:09:06 UTC 2026","passed","Wed Jan 14 15:09:06 UTC 2026","TestAssets","test_check_new_assets","",""
"","300","test_rpc_node_is_synced[Test for Shiden, url: wss://rpc.shiden.astar.network]","tests","Wed Jan 14 15:08:37 UTC 2026","passed","Wed Jan 14 15:08:37 UTC 2026","","test_substrate_node_is_synced","",""
"","1","test_precision[Test for NeuroWeb]","tests","Wed Jan 14 15:08:19 UTC 2026","passed","Wed Jan 14 15:08:19 UTC 2026","TestPrecision","test_network_parameters","",""
"","94","test_rpc_method_is_available[Test for peaq, url: wss://peaq-rpc.publicnode.com]","tests","Wed Jan 14 15:11:14 UTC 2026","passed","Wed Jan 14 15:11:15 UTC 2026","","test_rpc_methods_availability","",""
"","10","test_has_new_assets[Test for Manta Atlantic]","tests","Wed Jan 14 15:08:45 UTC 2026","passed","Wed Jan 14 15:08:45 UTC 2026","TestAssets","test_check_new_assets","",""
"","0","test_address_prefix[Test for KILT]","tests","Wed Jan 14 15:07:56 UTC 2026","passed","Wed Jan 14 15:07:56 UTC 2026","TestNetworkPrefix","test_network_parameters","",""
"","0","test_address_prefix[Test for Laos]","tests","Wed Jan 14 15:09:25 UTC 2026","passed","Wed Jan 14 15:09:25 UTC 2026","TestNetworkPrefix","test_network_parameters","",""
"","0","test_can_create_connection[Test for Creditcoin, url: wss://mainnet3.creditcoin.network]","tests","Wed Jan 14 15:11:26 UTC 2026","passed","Wed Jan 14 15:11:26 UTC 2026","","test_nodes_availability","",""
"","95","test_rpc_method_is_available[Test for Moonbeam, url: wss://moonbeam.public.curie.radiumblock.co/ws]","tests","Wed Jan 14 15:08:11 UTC 2026","passed","Wed Jan 14 15:08:11 UTC 2026","","test_rpc_methods_availability","",""
"","12","test_has_new_assets[Test for DAO IPCI]","tests","Wed Jan 14 15:08:26 UTC 2026","passed","Wed Jan 14 15:08:26 UTC 2026","TestAssets","test_check_new_assets","",""
"","0","test_chainId[Test for Encointer]","tests","Wed Jan 14 15:08:10 UTC 2026","passed","Wed Jan 14 15:08:10 UTC 2026","TestChainId","test_network_parameters","",""
"","181","test_rpc_method_is_available[Test for Encointer, url: wss://sys.ibp.network/encointer-kusama]","tests","Wed Jan 14 15:08:29 UTC 2026","passed","Wed Jan 14 15:08:29 UTC 2026","","test_rpc_methods_availability","",""
"","10","test_has_new_assets[Test for Creditcoin]","tests","Wed Jan 14 15:09:10 UTC 2026","passed","Wed Jan 14 15:09:10 UTC 2026","TestAssets","test_check_new_assets","",""
"","0","test_precision[Test for Curio]","tests","Wed Jan 14 15:09:08 UTC 2026","broken","Wed Jan 14 15:09:08 UTC 2026","TestPrecision","test_network_parameters","",""
"","1","test_address_prefix[Test for Hyperbridge Nexus]","tests","Wed Jan 14 15:09:14 UTC 2026","passed","Wed Jan 14 15:09:14 UTC 2026","TestNetworkPrefix","test_network_parameters","",""
"","87","test_rpc_node_is_synced[Test for Polkadot People, url: wss://polkadot-people-rpc.polkadot.io]","tests","Wed Jan 14 15:07:50 UTC 2026","passed","Wed Jan 14 15:07:50 UTC 2026","","test_substrate_node_is_synced","",""
"","0","test_rpc_method_is_available[Test for KILT, url: wss://spiritnet.kilt.io/]","tests","Wed Jan 14 15:09:34 UTC 2026","broken","Wed Jan 14 15:09:34 UTC 2026","","test_rpc_methods_availability","",""
"","0","test_rpc_node_is_synced[Test for Polkadot Asset Hub, url: wss://asset-hub-polkadot.dotters.network]","tests","Wed Jan 14 15:11:11 UTC 2026","broken","Wed Jan 14 15:11:11 UTC 2026","","test_substrate_node_is_synced","",""
"","1","test_can_create_connection[Test for Kusama Relay, url: wss://kusama.dotters.network]","tests","Wed Jan 14 15:08:02 UTC 2026","passed","Wed Jan 14 15:08:02 UTC 2026","","test_nodes_availability","",""
"","0","test_can_create_connection[Test for DAO IPCI, url: wss://ipci.rpc.robonomics.network]","tests","Wed Jan 14 15:10:08 UTC 2026","passed","Wed Jan 14 15:10:08 UTC 2026","","test_nodes_availability","",""
"","0","test_chainId[Test for Robonomics]","tests","Wed Jan 14 15:08:08 UTC 2026","passed","Wed Jan 14 15:08:08 UTC 2026","TestChainId","test_network_parameters","",""
"","141","test_rpc_method_is_available[Test for Bittensor, url: wss://lite.sub.latent.to:443]","tests","Wed Jan 14 15:10:30 UTC 2026","passed","Wed Jan 14 15:10:31 UTC 2026","","test_rpc_methods_availability","",""
"","1","test_chainId[Test for Vara]","tests","Wed Jan 14 15:08:36 UTC 2026","passed","Wed Jan 14 15:08:36 UTC 2026","TestChainId","test_network_parameters","",""
"","7","test_rpc_node_is_synced[Test for Hyperbridge Nexus, url: wss://nexus.ibp.network]","tests","Wed Jan 14 15:11:42 UTC 2026","passed","Wed Jan 14 15:11:42 UTC 2026","","test_substrate_node_is_synced","",""
"","153","test_rpc_method_is_available[Test for Polkadot Relay, url: wss://apps-rpc.polkadot.io]","tests","Wed Jan 14 15:07:56 UTC 2026","passed","Wed Jan 14 15:07:56 UTC 2026","","test_rpc_methods_availability","",""
"","0","test_address_prefix[Test for Polkadot Asset Hub]","tests","Wed Jan 14 15:08:14 UTC 2026","passed","Wed Jan 14 15:08:14 UTC 2026","TestNetworkPrefix","test_network_parameters","",""
"","0","test_precision[Test for Kusama Bridge Hub]","tests","Wed Jan 14 15:08:48 UTC 2026","passed","Wed Jan 14 15:08:48 UTC 2026","TestPrecision","test_network_parameters","",""
"","0","test_chainId[Test for Polkadot Coretime]","tests","Wed Jan 14 15:09:22 UTC 2026","passed","Wed Jan 14 15:09:22 UTC 2026","TestChainId","test_network_parameters","",""
"","181","test_rpc_method_is_available[Test for Tangle, url: wss://rpc.tangle.tools]","tests","Wed Jan 14 15:11:27 UTC 2026","passed","Wed Jan 14 15:11:27 UTC 2026","","test_rpc_methods_availability","",""
"","145","test_rpc_node_is_synced[Test for Acala, url: wss://acala-rpc-2.aca-api.network/ws]","tests","Wed Jan 14 15:08:48 UTC 2026","passed","Wed Jan 14 15:08:48 UTC 2026","","test_substrate_node_is_synced","",""
"","0","test_chainId[Test for Interlay]","tests","Wed Jan 14 15:08:19 UTC 2026","passed","Wed Jan 14 15:08:19 UTC 2026","TestChainId","test_network_parameters","",""
"","0","test_precision[Test for Nodle Parachain]","tests","Wed Jan 14 15:08:29 UTC 2026","passed","Wed Jan 14 15:08:29 UTC 2026","TestPrecision","test_network_parameters","",""
"","0","test_can_create_connection[Test for Polkadot People, url: wss://people-polkadot.dotters.network]","tests","Wed Jan 14 15:08:22 UTC 2026","passed","Wed Jan 14 15:08:22 UTC 2026","","test_nodes_availability","",""
"","0","test_rpc_node_is_synced[Test for KILT, url: wss://spiritnet.kilt.io/]","tests","Wed Jan 14 15:09:46 UTC 2026","broken","Wed Jan 14 15:09:46 UTC 2026","","test_substrate_node_is_synced","",""
"","0","test_chainId[Test for Kusama People]","tests","Wed Jan 14 15:07:47 UTC 2026","passed","Wed Jan 14 15:07:47 UTC 2026","TestChainId","test_network_parameters","",""
"","0","test_rpc_node_is_synced[Test for Curio, url: wss://parachain.curioinvest.com/]","tests","Wed Jan 14 15:11:35 UTC 2026","broken","Wed Jan 14 15:11:35 UTC 2026","","test_substrate_node_is_synced","",""
"","24","test_has_new_assets[Test for Acala]","tests","Wed Jan 14 15:07:57 UTC 2026","passed","Wed Jan 14 15:07:57 UTC 2026","TestAssets","test_check_new_assets","",""
"","0","test_rpc_method_is_available[Test for Curio, url: wss://archive.parachain.curioinvest.com]","tests","Wed Jan 14 15:10:55 UTC 2026","broken","Wed Jan 14 15:10:55 UTC 2026","","test_rpc_methods_availability","",""
"","0","test_precision[Test for Polkadot People]","tests","Wed Jan 14 15:07:48 UTC 2026","passed","Wed Jan 14 15:07:48 UTC 2026","TestPrecision","test_network_parameters","",""
"","227","test_rpc_node_is_synced[Test for Kusama Relay, url: wss://1rpc.io/ksm]","tests","Wed Jan 14 15:08:16 UTC 2026","passed","Wed Jan 14 15:08:16 UTC 2026","","test_substrate_node_is_synced","",""
"","0","test_can_create_connection[Test for CC Enterprise, url: wss://mainnet.creditcoin.network/ws]","tests","Wed Jan 14 15:11:30 UTC 2026","passed","Wed Jan 14 15:11:30 UTC 2026","","test_nodes_availability","",""
"","108","test_rpc_node_is_synced[Test for Astar, url: wss://astar-rpc.n.dwellir.com]","tests","Wed Jan 14 15:09:30 UTC 2026","passed","Wed Jan 14 15:09:30 UTC 2026","","test_substrate_node_is_synced","",""
"","0","test_precision[Test for Polkadot Bridge Hub]","tests","Wed Jan 14 15:08:49 UTC 2026","passed","Wed Jan 14 15:08:49 UTC 2026","TestPrecision","test_network_parameters","",""
"","0","test_address_prefix[Test for Bifrost Kusama]","tests","Wed Jan 14 15:08:05 UTC 2026","passed","Wed Jan 14 15:08:05 UTC 2026","TestNetworkPrefix","test_network_parameters","",""
"","0","test_can_create_connection[Test for Karura, url: wss://karura-rpc-3.aca-api.network/ws]","tests","Wed Jan 14 15:08:01 UTC 2026","passed","Wed Jan 14 15:08:01 UTC 2026","","test_nodes_availability","",""
"","30","test_rpc_node_is_synced[Test for UNIQUE, url: wss://us-ws.unique.network/]","tests","Wed Jan 14 15:09:54 UTC 2026","passed","Wed Jan 14 15:09:54 UTC 2026","","test_substrate_node_is_synced","",""
"","0","test_can_create_connection[Test for Kusama People, url: wss://sys.ibp.network/people-kusama]","tests","Wed Jan 14 15:08:35 UTC 2026","passed","Wed Jan 14 15:08:35 UTC 2026","","test_nodes_availability","",""
"","1","test_can_create_connection[Test for Bittensor, url: wss://bittensor-finney.api.onfinality.io/public-ws]","tests","Wed Jan 14 15:10:52 UTC 2026","passed","Wed Jan 14 15:10:52 UTC 2026","","test_nodes_availability","",""
"","22","test_rpc_node_is_synced[Test for Bittensor, url: wss://lite.sub.latent.to:443]","tests","Wed Jan 14 15:10:40 UTC 2026","passed","Wed Jan 14 15:10:40 UTC 2026","","test_substrate_node_is_synced","",""
"","107","test_rpc_method_is_available[Test for Amplitude, url: wss://rpc-amplitude.pendulumchain.tech]","tests","Wed Jan 14 15:09:47 UTC 2026","passed","Wed Jan 14 15:09:47 UTC 2026","","test_rpc_methods_availability","",""
"","0","test_address_prefix[Test for Encointer]","tests","Wed Jan 14 15:08:20 UTC 2026","passed","Wed Jan 14 15:08:20 UTC 2026","TestNetworkPrefix","test_network_parameters","",""
"","12","test_has_new_assets[Test for UNIQUE]","tests","Wed Jan 14 15:08:07 UTC 2026","passed","Wed Jan 14 15:08:07 UTC 2026","TestAssets","test_check_new_assets","",""
"","166","test_rpc_method_is_available[Test for Bifrost Kusama, url: wss://bifrost-rpc.liebi.com/ws]","tests","Wed Jan 14 15:08:51 UTC 2026","passed","Wed Jan 14 15:08:51 UTC 2026","","test_rpc_methods_availability","",""
"","97","test_rpc_method_is_available[Test for Pendulum, url: wss://rpc-pendulum.prd.pendulumchain.tech]","tests","Wed Jan 14 15:10:19 UTC 2026","passed","Wed Jan 14 15:10:19 UTC 2026","","test_rpc_methods_availability","",""
"","99","test_rpc_method_is_available[Test for Basilisk, url: wss://rpc.basilisk.cloud]","tests","Wed Jan 14 15:09:10 UTC 2026","passed","Wed Jan 14 15:09:10 UTC 2026","","test_rpc_methods_availability","",""
"","0","test_can_create_connection[Test for JAMTON, url: wss://rpc.jamton.network]","tests","Wed Jan 14 15:11:32 UTC 2026","passed","Wed Jan 14 15:11:32 UTC 2026","","test_nodes_availability","",""
"","95","test_rpc_method_is_available[Test for Acala, url: wss://acala-rpc.n.dwellir.com]","tests","Wed Jan 14 15:08:52 UTC 2026","passed","Wed Jan 14 15:08:52 UTC 2026","","test_rpc_methods_availability","",""
"","0","test_precision[Test for Moonriver]","tests","Wed Jan 14 15:07:48 UTC 2026","passed","Wed Jan 14 15:07:48 UTC 2026","TestPrecision","test_network_parameters","",""
"","105","test_rpc_node_is_synced[Test for Heima, url: wss://rpc.litentry-parachain.litentry.io]","tests","Wed Jan 14 15:10:27 UTC 2026","passed","Wed Jan 14 15:10:27 UTC 2026","","test_substrate_node_is_synced","",""
"","0","test_address_prefix[Test for Polkadot People]","tests","Wed Jan 14 15:07:53 UTC 2026","passed","Wed Jan 14 15:07:53 UTC 2026","TestNetworkPrefix","test_network_parameters","",""
"","6","test_has_new_assets[Test for Polkadot Bridge Hub]","tests","Wed Jan 14 15:08:41 UTC 2026","passed","Wed Jan 14 15:08:41 UTC 2026","TestAssets","test_check_new_assets","",""
"","1","test_can_create_connection[Test for Kusama Asset Hub, url: wss://sys.ibp.network/statemine]","tests","Wed Jan 14 15:08:40 UTC 2026","passed","Wed Jan 14 15:08:40 UTC 2026","","test_nodes_availability","",""
"","7","test_has_new_assets[Test for Enjin Relay]","tests","Wed Jan 14 15:08:51 UTC 2026","passed","Wed Jan 14 15:08:51 UTC 2026","TestAssets","test_check_new_assets","",""
"","67","test_has_new_assets[Test for Kintsugi]","tests","Wed Jan 14 15:08:18 UTC 2026","passed","Wed Jan 14 15:08:18 UTC 2026","TestAssets","test_check_new_assets","",""
"","0","test_can_create_connection[Test for Polkadot Relay, url: wss://rpc-polkadot-1.novasama-tech.org]","tests","Wed Jan 14 15:07:53 UTC 2026","passed","Wed Jan 14 15:07:53 UTC 2026","","test_nodes_availability","",""
"","96","test_rpc_method_is_available[Test for Polkadot Coretime, url: wss://sys.ibp.network/coretime-polkadot]","tests","Wed Jan 14 15:11:23 UTC 2026","passed","Wed Jan 14 15:11:23 UTC 2026","","test_rpc_methods_availability","",""
"","61","test_rpc_node_is_synced[Test for Polkadot Relay, url: wss://rpc.ibp.network/polkadot]","tests","Wed Jan 14 15:07:58 UTC 2026","passed","Wed Jan 14 15:07:58 UTC 2026","","test_substrate_node_is_synced","",""
"","0","test_chainId[Test for Acurast Canary]","tests","Wed Jan 14 15:09:02 UTC 2026","passed","Wed Jan 14 15:09:02 UTC 2026","TestChainId","test_network_parameters","",""
"","1","test_can_create_connection[Test for Astar, url: wss://rpc.astar.network]","tests","Wed Jan 14 15:09:27 UTC 2026","passed","Wed Jan 14 15:09:27 UTC 2026","","test_nodes_availability","",""
"","7","test_has_new_assets[Test for Mythos]","tests","Wed Jan 14 15:08:56 UTC 2026","passed","Wed Jan 14 15:08:56 UTC 2026","TestAssets","test_check_new_assets","",""
"","101","test_rpc_node_is_synced[Test for NeuroWeb, url: wss://parachain-rpc.origin-trail.network]","tests","Wed Jan 14 15:09:56 UTC 2026","passed","Wed Jan 14 15:09:56 UTC 2026","","test_substrate_node_is_synced","",""
"","0","test_can_create_connection[Test for Polkadot Collectives, url: wss://collectives-polkadot.dotters.network]","tests","Wed Jan 14 15:10:53 UTC 2026","passed","Wed Jan 14 15:10:53 UTC 2026","","test_nodes_availability","",""
"","89","test_rpc_node_is_synced[Test for Hyperbridge Nexus, url: wss://hyperbridge-nexus-rpc.blockops.network]","tests","Wed Jan 14 15:11:34 UTC 2026","passed","Wed Jan 14 15:11:34 UTC 2026","","test_substrate_node_is_synced","",""
"","98","test_rpc_node_is_synced[Test for Kusama Bridge Hub, url: wss://ksm-rpc.stakeworld.io/bridgehub]","tests","Wed Jan 14 15:11:06 UTC 2026","passed","Wed Jan 14 15:11:06 UTC 2026","","test_substrate_node_is_synced","",""
"","104","test_rpc_node_is_synced[Test for Phala, url: wss://phala-rpc.n.dwellir.com]","tests","Wed Jan 14 15:09:33 UTC 2026","passed","Wed Jan 14 15:09:33 UTC 2026","","test_substrate_node_is_synced","",""
"","107","test_rpc_method_is_available[Test for Crust Polkadot Parachain, url: wss://crust-parachain.crustapps.net]","tests","Wed Jan 14 15:10:22 UTC 2026","passed","Wed Jan 14 15:10:22 UTC 2026","","test_rpc_methods_availability","",""
"","105","test_rpc_node_is_synced[Test for Karura, url: wss://karura-rpc.n.dwellir.com]","tests","Wed Jan 14 15:08:02 UTC 2026","passed","Wed Jan 14 15:08:02 UTC 2026","","test_substrate_node_is_synced","",""
"","93","test_rpc_node_is_synced[Test for Encointer, url: wss://api.kusama.encointer.org]","tests","Wed Jan 14 15:08:47 UTC 2026","passed","Wed Jan 14 15:08:47 UTC 2026","","test_substrate_node_is_synced","",""
"","0","test_chainId[Test for Ajuna]","tests","Wed Jan 14 15:08:36 UTC 2026","passed","Wed Jan 14 15:08:36 UTC 2026","TestChainId","test_network_parameters","",""
"","1","test_can_create_connection[Test for Karura, url: wss://karura-rpc.n.dwellir.com]","tests","Wed Jan 14 15:08:06 UTC 2026","passed","Wed Jan 14 15:08:06 UTC 2026","","test_nodes_availability","",""
"","182","test_rpc_method_is_available[Test for Aleph Zero, url: wss://ws.azero.dev]","tests","Wed Jan 14 15:09:22 UTC 2026","passed","Wed Jan 14 15:09:22 UTC 2026","","test_rpc_methods_availability","",""
"","0","test_address_prefix[Test for UNIQUE]","tests","Wed Jan 14 15:08:16 UTC 2026","passed","Wed Jan 14 15:08:16 UTC 2026","TestNetworkPrefix","test_network_parameters","",""
"","194","test_rpc_method_is_available[Test for Polkadot People, url: wss://sys.ibp.network/people-polkadot]","tests","Wed Jan 14 15:08:26 UTC 2026","passed","Wed Jan 14 15:08:26 UTC 2026","","test_rpc_methods_availability","",""
"","101","test_rpc_method_is_available[Test for Polkadot Relay, url: wss://rpc-polkadot.luckyfriday.io]","tests","Wed Jan 14 15:08:19 UTC 2026","passed","Wed Jan 14 15:08:20 UTC 2026","","test_rpc_methods_availability","",""
"","166","test_rpc_node_is_synced[Test for Interlay, url: wss://api.interlay.io/parachain]","tests","Wed Jan 14 15:09:19 UTC 2026","passed","Wed Jan 14 15:09:20 UTC 2026","","test_substrate_node_is_synced","",""
"","0","test_can_create_connection[Test for Hydration, url: wss://hydration.dotters.network]","tests","Wed Jan 14 15:08:51 UTC 2026","passed","Wed Jan 14 15:08:51 UTC 2026","","test_nodes_availability","",""
"","53","test_rpc_node_is_synced[Test for Phala, url: wss://phala.public.curie.radiumblock.co/ws]","tests","Wed Jan 14 15:09:44 UTC 2026","passed","Wed Jan 14 15:09:44 UTC 2026","","test_substrate_node_is_synced","",""
"","0","test_precision[Test for Crab]","tests","Wed Jan 14 15:08:56 UTC 2026","passed","Wed Jan 14 15:08:56 UTC 2026","TestPrecision","test_network_parameters","",""
"","6","test_rpc_node_is_synced[Test for Polkadot Collectives, url: wss://collectives-polkadot.dotters.network]","tests","Wed Jan 14 15:11:04 UTC 2026","passed","Wed Jan 14 15:11:04 UTC 2026","","test_substrate_node_is_synced","",""
"","1","test_chainId[Test for Frequency]","tests","Wed Jan 14 15:08:32 UTC 2026","passed","Wed Jan 14 15:08:32 UTC 2026","TestChainId","test_network_parameters","",""
"","11","test_has_new_assets[Test for peaq]","tests","Wed Jan 14 15:09:13 UTC 2026","passed","Wed Jan 14 15:09:13 UTC 2026","TestAssets","test_check_new_assets","",""
"","95","test_rpc_method_is_available[Test for Bifrost Kusama, url: wss://us.bifrost-rpc.liebi.com/ws]","tests","Wed Jan 14 15:08:57 UTC 2026","passed","Wed Jan 14 15:08:57 UTC 2026","","test_rpc_methods_availability","",""
"","21","test_rpc_node_is_synced[Test for Polkadot Relay, url: wss://rpc-polkadot.luckyfriday.io]","tests","Wed Jan 14 15:08:27 UTC 2026","passed","Wed Jan 14 15:08:27 UTC 2026","","test_substrate_node_is_synced","",""
"","1","test_can_create_connection[Test for Polkadot Asset Hub, url: wss://asset-hub-polkadot-rpc.n.dwellir.com]","tests","Wed Jan 14 15:09:43 UTC 2026","passed","Wed Jan 14 15:09:43 UTC 2026","","test_nodes_availability","",""
"","0","test_address_prefix[Test for Acurast Canary]","tests","Wed Jan 14 15:09:07 UTC 2026","passed","Wed Jan 14 15:09:07 UTC 2026","TestNetworkPrefix","test_network_parameters","",""
"","99","test_rpc_method_is_available[Test for NeuroWeb, url: wss://parachain-rpc.origin-trail.network]","tests","Wed Jan 14 15:09:42 UTC 2026","passed","Wed Jan 14 15:09:42 UTC 2026","","test_rpc_methods_availability","",""
"","0","test_address_prefix[Test for Polkadot Collectives]","tests","Wed Jan 14 15:08:51 UTC 2026","passed","Wed Jan 14 15:08:51 UTC 2026","TestNetworkPrefix","test_network_parameters","",""
"","1","test_chainId[Test for Creditcoin]","tests","Wed Jan 14 15:09:07 UTC 2026","passed","Wed Jan 14 15:09:07 UTC 2026","TestChainId","test_network_parameters","",""
"","1","test_can_create_connection[Test for Laos, url: wss://rpc.laos.laosfoundation.io]","tests","Wed Jan 14 15:11:28 UTC 2026","passed","Wed Jan 14 15:11:28 UTC 2026","","test_nodes_availability","",""
"","0","test_address_prefix[Test for peaq]","tests","Wed Jan 14 15:09:31 UTC 2026","passed","Wed Jan 14 15:09:31 UTC 2026","TestNetworkPrefix","test_network_parameters","",""
"","1","test_can_create_connection[Test for Encointer, url: wss://encointer-kusama.dotters.network]","tests","Wed Jan 14 15:08:45 UTC 2026","passed","Wed Jan 14 15:08:45 UTC 2026","","test_nodes_availability","",""
"","0","test_address_prefix[Test for Creditcoin]","tests","Wed Jan 14 15:09:21 UTC 2026","passed","Wed Jan 14 15:09:21 UTC 2026","TestNetworkPrefix","test_network_parameters","",""
"","0","test_precision[Test for Ternoa]","tests","Wed Jan 14 15:08:21 UTC 2026","passed","Wed Jan 14 15:08:21 UTC 2026","TestPrecision","test_network_parameters","",""
"","264","test_rpc_node_is_synced[Test for Crust Shadow, url: wss://rpc-sha-subscan.crustnetwork.xyz]","tests","Wed Jan 14 15:09:03 UTC 2026","passed","Wed Jan 14 15:09:04 UTC 2026","","test_substrate_node_is_synced","",""
"","0","test_can_create_connection[Test for Kreivo, url: wss://kreivo.kippu.rocks/]","tests","Wed Jan 14 15:11:14 UTC 2026","broken","Wed Jan 14 15:11:14 UTC 2026","","test_nodes_availability","",""
"","0","test_can_create_connection[Test for Westend (TESTNET), url: wss://westend.public.curie.radiumblock.co/ws]","tests","Wed Jan 14 15:08:35 UTC 2026","passed","Wed Jan 14 15:08:35 UTC 2026","","test_nodes_availability","",""
"","146","test_rpc_method_is_available[Test for Crab, url: wss://crab-rpc.darwinia.network/]","tests","Wed Jan 14 15:10:36 UTC 2026","passed","Wed Jan 14 15:10:37 UTC 2026","","test_rpc_methods_availability","",""
"","109","test_rpc_node_is_synced[Test for Acala, url: wss://acala-rpc.n.dwellir.com]","tests","Wed Jan 14 15:09:17 UTC 2026","passed","Wed Jan 14 15:09:17 UTC 2026","","test_substrate_node_is_synced","",""
"","0","test_precision[Test for Kreivo]","tests","Wed Jan 14 15:09:21 UTC 2026","broken","Wed Jan 14 15:09:21 UTC 2026","TestPrecision","test_network_parameters","",""
"","47","test_rpc_node_is_synced[Test for Moonbeam, url: wss://moonbeam.public.curie.radiumblock.co/ws]","tests","Wed Jan 14 15:08:18 UTC 2026","passed","Wed Jan 14 15:08:18 UTC 2026","","test_substrate_node_is_synced","",""
"","97","test_rpc_node_is_synced[Test for Bifrost Polkadot, url: wss://eu.bifrost-polkadot-rpc.liebi.com/ws]","tests","Wed Jan 14 15:10:20 UTC 2026","passed","Wed Jan 14 15:10:21 UTC 2026","","test_substrate_node_is_synced","",""
"","0","test_rpc_node_is_synced[Test for Polkadex, url: wss://polkadex.public.curie.radiumblock.co/ws]","tests","Wed Jan 14 15:09:50 UTC 2026","broken","Wed Jan 14 15:09:50 UTC 2026","","test_substrate_node_is_synced","",""
"","0","test_address_prefix[Test for XX network]","tests","Wed Jan 14 15:08:39 UTC 2026","passed","Wed Jan 14 15:08:39 UTC 2026","TestNetworkPrefix","test_network_parameters","",""
"","60","test_has_new_assets[Test for Interlay]","tests","Wed Jan 14 15:08:18 UTC 2026","passed","Wed Jan 14 15:08:18 UTC 2026","TestAssets","test_check_new_assets","",""
"","7","test_has_new_assets[Test for Kusama Asset Hub]","tests","Wed Jan 14 15:08:02 UTC 2026","passed","Wed Jan 14 15:08:02 UTC 2026","TestAssets","test_check_new_assets","",""
"","104","test_rpc_node_is_synced[Test for Heima, url: wss://heima-rpc.n.dwellir.com]","tests","Wed Jan 14 15:10:34 UTC 2026","passed","Wed Jan 14 15:10:34 UTC 2026","","test_substrate_node_is_synced","",""
"","103","test_rpc_node_is_synced[Test for Basilisk, url: wss://rpc.basilisk.cloud]","tests","Wed Jan 14 15:09:20 UTC 2026","passed","Wed Jan 14 15:09:20 UTC 2026","","test_substrate_node_is_synced","",""
"","94","test_rpc_node_is_synced[Test for Energy Web X, url: wss://public-rpc.mainnet.energywebx.com/]","tests","Wed Jan 14 15:11:13 UTC 2026","passed","Wed Jan 14 15:11:13 UTC 2026","","test_substrate_node_is_synced","",""
"","184","test_rpc_method_is_available[Test for Nodle Parachain, url: wss://nodle-parachain.api.onfinality.io/public-ws]","tests","Wed Jan 14 15:09:06 UTC 2026","passed","Wed Jan 14 15:09:06 UTC 2026","","test_rpc_methods_availability","",""
"","0","test_can_create_connection[Test for XX network, url: wss://rpc-hetzner.xx.network]","tests","Wed Jan 14 15:10:30 UTC 2026","passed","Wed Jan 14 15:10:30 UTC 2026","","test_nodes_availability","",""
"","0","test_chainId[Test for Moonriver]","tests","Wed Jan 14 15:07:44 UTC 2026","passed","Wed Jan 14 15:07:44 UTC 2026","TestChainId","test_network_parameters","",""
"","1","test_can_create_connection[Test for Hydration, url: wss://hydration.ibp.network]","tests","Wed Jan 14 15:08:47 UTC 2026","passed","Wed Jan 14 15:08:47 UTC 2026","","test_nodes_availability","",""
"","0","test_can_create_connection[Test for Polkadot Bridge Hub, url: wss://bridge-hub-polkadot.dotters.network]","tests","Wed Jan 14 15:10:45 UTC 2026","passed","Wed Jan 14 15:10:45 UTC 2026","","test_nodes_availability","",""
"","104","test_rpc_method_is_available[Test for UNIQUE, url: wss://asia-ws.unique.network/]","tests","Wed Jan 14 15:09:38 UTC 2026","passed","Wed Jan 14 15:09:38 UTC 2026","","test_rpc_methods_availability","",""
"","0","test_can_create_connection[Test for XX network, url: wss://rpc.xx.network]","tests","Wed Jan 14 15:10:26 UTC 2026","passed","Wed Jan 14 15:10:26 UTC 2026","","test_nodes_availability","",""
"","1","test_can_create_connection[Test for Polkadot Collectives, url: wss://dot-rpc.stakeworld.io/collectives]","tests","Wed Jan 14 15:11:03 UTC 2026","passed","Wed Jan 14 15:11:03 UTC 2026","","test_nodes_availability","",""
"","0","test_precision[Test for peaq]","tests","Wed Jan 14 15:09:22 UTC 2026","passed","Wed Jan 14 15:09:22 UTC 2026","TestPrecision","test_network_parameters","",""
"","0","test_can_create_connection[Test for Polkadot Coretime, url: wss://polkadot-coretime-rpc.polkadot.io]","tests","Wed Jan 14 15:11:34 UTC 2026","passed","Wed Jan 14 15:11:34 UTC 2026","","test_nodes_availability","",""
"","93","test_rpc_method_is_available[Test for Kusama Relay, url: wss://kusama.public.curie.radiumblock.co/ws]","tests","Wed Jan 14 15:08:10 UTC 2026","passed","Wed Jan 14 15:08:10 UTC 2026","","test_rpc_methods_availability","",""
"","0","test_can_create_connection[Test for Kusama Coretime, url: wss://kusama-coretime-rpc.polkadot.io]","tests","Wed Jan 14 15:11:39 UTC 2026","passed","Wed Jan 14 15:11:39 UTC 2026","","test_nodes_availability","",""
"","255","test_rpc_node_is_synced[Test for Ethereum, url: https://ethereum-rpc.publicnode.com]","tests","Wed Jan 14 15:07:53 UTC 2026","broken","Wed Jan 14 15:07:53 UTC 2026","TestETHNodesAvailability","test_eth_nodes_availability","",""
"","9","test_rpc_node_is_synced[Test for Polkadot People, url: wss://rpc-people-polkadot.luckyfriday.io]","tests","Wed Jan 14 15:08:52 UTC 2026","passed","Wed Jan 14 15:08:52 UTC 2026","","test_substrate_node_is_synced","",""
"","90","test_rpc_node_is_synced[Test for CC Enterprise, url: wss://mainnet.creditcoin.network/ws]","tests","Wed Jan 14 15:11:49 UTC 2026","passed","Wed Jan 14 15:11:49 UTC 2026","","test_substrate_node_is_synced","",""
"","102","test_rpc_method_is_available[Test for Moonbeam, url: wss://wss.api.moonbeam.network]","tests","Wed Jan 14 15:07:56 UTC 2026","passed","Wed Jan 14 15:07:56 UTC 2026","","test_rpc_methods_availability","",""
"","0","test_can_create_connection[Test for Crust Shadow, url: wss://rpc2-shadow.crust.network/]","tests","Wed Jan 14 15:09:09 UTC 2026","passed","Wed Jan 14 15:09:09 UTC 2026","","test_nodes_availability","",""
"","7","test_has_new_assets[Test for Hydration]","tests","Wed Jan 14 15:08:13 UTC 2026","passed","Wed Jan 14 15:08:13 UTC 2026","TestAssets","test_check_new_assets","",""
"","7","test_has_new_assets[Test for NeuroWeb]","tests","Wed Jan 14 15:08:13 UTC 2026","passed","Wed Jan 14 15:08:13 UTC 2026","TestAssets","test_check_new_assets","",""
"","50","test_rpc_node_is_synced[Test for Moonriver, url: wss://moonriver-rpc.publicnode.com]","tests","Wed Jan 14 15:08:27 UTC 2026","passed","Wed Jan 14 15:08:27 UTC 2026","","test_substrate_node_is_synced","",""
"","108","test_rpc_method_is_available[Test for Polkadot People, url: wss://people-polkadot.dotters.network]","tests","Wed Jan 14 15:08:28 UTC 2026","passed","Wed Jan 14 15:08:28 UTC 2026","","test_rpc_methods_availability","",""
"","7","test_rpc_node_is_synced[Test for Polkadot Coretime, url: wss://sys.ibp.network/coretime-polkadot]","tests","Wed Jan 14 15:11:52 UTC 2026","passed","Wed Jan 14 15:11:52 UTC 2026","","test_substrate_node_is_synced","",""
"","0","test_chainId[Test for Polymesh]","tests","Wed Jan 14 15:08:21 UTC 2026","passed","Wed Jan 14 15:08:21 UTC 2026","TestChainId","test_network_parameters","",""
"","0","test_chainId[Test for XX network]","tests","Wed Jan 14 15:08:31 UTC 2026","passed","Wed Jan 14 15:08:31 UTC 2026","TestChainId","test_network_parameters","",""
"","9","test_has_new_assets[Test for Darwinia]","tests","Wed Jan 14 15:08:39 UTC 2026","passed","Wed Jan 14 15:08:39 UTC 2026","TestAssets","test_check_new_assets","",""
"","93","test_rpc_method_is_available[Test for Tanssi, url: wss://services.tanssi-mainnet.network/tanssi]","tests","Wed Jan 14 15:11:33 UTC 2026","passed","Wed Jan 14 15:11:33 UTC 2026","","test_rpc_methods_availability","",""
"","1","test_address_prefix[Test for Enjin Matrix]","tests","Wed Jan 14 15:08:59 UTC 2026","passed","Wed Jan 14 15:08:59 UTC 2026","TestNetworkPrefix","test_network_parameters","",""
"","0","test_address_prefix[Test for Mythos]","tests","Wed Jan 14 15:09:03 UTC 2026","passed","Wed Jan 14 15:09:03 UTC 2026","TestNetworkPrefix","test_network_parameters","",""
"","147","test_rpc_node_is_synced[Test for Polkadot Relay, url: wss://rpc-polkadot-1.novasama-tech.org]","tests","Wed Jan 14 15:07:48 UTC 2026","passed","Wed Jan 14 15:07:48 UTC 2026","","test_substrate_node_is_synced","",""
"","92","test_rpc_method_is_available[Test for Humanode, url: wss://explorer-rpc-ws.mainnet.stages.humanode.io]","tests","Wed Jan 14 15:11:16 UTC 2026","passed","Wed Jan 14 15:11:16 UTC 2026","","test_rpc_methods_availability","",""
"","0","test_chainId[Test for Basilisk]","tests","Wed Jan 14 15:08:02 UTC 2026","passed","Wed Jan 14 15:08:02 UTC 2026","TestChainId","test_network_parameters","",""
"","1","test_precision[Test for Enjin Matrix]","tests","Wed Jan 14 15:08:58 UTC 2026","passed","Wed Jan 14 15:08:58 UTC 2026","TestPrecision","test_network_parameters","",""
"","0","test_address_prefix[Test for Nodle Parachain]","tests","Wed Jan 14 15:08:32 UTC 2026","passed","Wed Jan 14 15:08:32 UTC 2026","TestNetworkPrefix","test_network_parameters","",""
"","0","test_chainId[Test for Hyperbridge Nexus]","tests","Wed Jan 14 15:09:00 UTC 2026","passed","Wed Jan 14 15:09:00 UTC 2026","TestChainId","test_network_parameters","",""
"","0","test_can_create_connection[Test for Astar, url: wss://astar-rpc.n.dwellir.com]","tests","Wed Jan 14 15:09:32 UTC 2026","passed","Wed Jan 14 15:09:32 UTC 2026","","test_nodes_availability","",""
"","7","test_rpc_node_is_synced[Test for KILT, url: wss://kilt.ibp.network]","tests","Wed Jan 14 15:09:30 UTC 2026","passed","Wed Jan 14 15:09:30 UTC 2026","","test_substrate_node_is_synced","",""
"","0","test_precision[Test for Frequency]","tests","Wed Jan 14 15:08:38 UTC 2026","passed","Wed Jan 14 15:08:38 UTC 2026","TestPrecision","test_network_parameters","",""
"","103","test_rpc_node_is_synced[Test for Polymesh, url: wss://mainnet-rpc.polymesh.network]","tests","Wed Jan 14 15:10:27 UTC 2026","passed","Wed Jan 14 15:10:27 UTC 2026","","test_substrate_node_is_synced","",""
"","1","test_precision[Test for KILT]","tests","Wed Jan 14 15:07:51 UTC 2026","passed","Wed Jan 14 15:07:51 UTC 2026","TestPrecision","test_network_parameters","",""
"","0","test_has_new_assets[Test for Curio]","tests","Wed Jan 14 15:08:59 UTC 2026","broken","Wed Jan 14 15:08:59 UTC 2026","TestAssets","test_check_new_assets","",""
"","7","test_has_new_assets[Test for Avail]","tests","Wed Jan 14 15:09:10 UTC 2026","passed","Wed Jan 14 15:09:10 UTC 2026","TestAssets","test_check_new_assets","",""
"","105","test_rpc_method_is_available[Test for Bittensor, url: wss://entrypoint-finney.opentensor.ai:443]","tests","Wed Jan 14 15:10:02 UTC 2026","passed","Wed Jan 14 15:10:02 UTC 2026","","test_rpc_methods_availability","",""
"","79","test_has_new_assets[Test for Bifrost Kusama]","tests","Wed Jan 14 15:07:56 UTC 2026","passed","Wed Jan 14 15:07:56 UTC 2026","TestAssets","test_check_new_assets","",""
"","0","test_can_create_connection[Test for Polkadot People, url: wss://polkadot-people-rpc.polkadot.io]","tests","Wed Jan 14 15:07:56 UTC 2026","passed","Wed Jan 14 15:07:56 UTC 2026","","test_nodes_availability","",""
"","0","test_address_prefix[Test for Aventus]","tests","Wed Jan 14 15:08:35 UTC 2026","passed","Wed Jan 14 15:08:35 UTC 2026","TestNetworkPrefix","test_network_parameters","",""
"","23","test_rpc_node_is_synced[Test for Enjin Matrix, url: wss://rpc.matrix.blockchain.enjin.io]","tests","Wed Jan 14 15:11:12 UTC 2026","passed","Wed Jan 14 15:11:12 UTC 2026","","test_substrate_node_is_synced","",""
"","101","test_rpc_node_is_synced[Test for Kusama Coretime, url: wss://ksm-rpc.stakeworld.io/coretime]","tests","Wed Jan 14 15:12:03 UTC 2026","passed","Wed Jan 14 15:12:03 UTC 2026","","test_substrate_node_is_synced","",""
"","189","test_rpc_method_is_available[Test for Phala, url: wss://phala-rpc.n.dwellir.com]","tests","Wed Jan 14 15:09:11 UTC 2026","passed","Wed Jan 14 15:09:11 UTC 2026","","test_rpc_methods_availability","",""
"","163","test_rpc_method_is_available[Test for Westend (TESTNET), url: wss://westend-rpc.polkadot.io]","tests","Wed Jan 14 15:08:15 UTC 2026","passed","Wed Jan 14 15:08:15 UTC 2026","","test_rpc_methods_availability","",""
"","0","test_can_create_connection[Test for Aleph Zero, url: wss://ws.azero.dev]","tests","Wed Jan 14 15:09:17 UTC 2026","passed","Wed Jan 14 15:09:17 UTC 2026","","test_nodes_availability","",""
"","0","test_can_create_connection[Test for Polkadot Coretime, url: wss://rpc-coretime-polkadot.luckyfriday.io]","tests","Wed Jan 14 15:11:35 UTC 2026","passed","Wed Jan 14 15:11:35 UTC 2026","","test_nodes_availability","",""
"","92","test_rpc_method_is_available[Test for Bifrost Polkadot, url: wss://bifrost-polkadot.dotters.network]","tests","Wed Jan 14 15:09:50 UTC 2026","passed","Wed Jan 14 15:09:50 UTC 2026","","test_rpc_methods_availability","",""
"","1","test_precision[Test for Moonbeam]","tests","Wed Jan 14 15:07:59 UTC 2026","passed","Wed Jan 14 15:07:59 UTC 2026","TestPrecision","test_network_parameters","",""
"","183","test_rpc_method_is_available[Test for Kusama Coretime, url: wss://sys.ibp.network/coretime-kusama]","tests","Wed Jan 14 15:11:25 UTC 2026","passed","Wed Jan 14 15:11:26 UTC 2026","","test_rpc_methods_availability","",""
"","1","test_can_create_connection[Test for Ajuna, url: wss://rpc-para.ajuna.network]","tests","Wed Jan 14 15:10:16 UTC 2026","passed","Wed Jan 14 15:10:16 UTC 2026","","test_nodes_availability","",""
"","94","test_rpc_method_is_available[Test for Hydration, url: wss://rpc.hydradx.cloud]","tests","Wed Jan 14 15:09:28 UTC 2026","passed","Wed Jan 14 15:09:28 UTC 2026","","test_rpc_methods_availability","",""
"","7","test_has_new_assets[Test for Humanode]","tests","Wed Jan 14 15:09:10 UTC 2026","passed","Wed Jan 14 15:09:10 UTC 2026","TestAssets","test_check_new_assets","",""
"","101","test_rpc_node_is_synced[Test for Mythos, url: wss://polkadot-mythos-rpc.polkadot.io]","tests","Wed Jan 14 15:11:21 UTC 2026","passed","Wed Jan 14 15:11:21 UTC 2026","","test_substrate_node_is_synced","",""
"","0","test_chainId[Test for Acala]","tests","Wed Jan 14 15:07:55 UTC 2026","passed","Wed Jan 14 15:07:55 UTC 2026","TestChainId","test_network_parameters","",""
"","174","test_rpc_method_is_available[Test for Frequency, url: wss://0.rpc.frequency.xyz]","tests","Wed Jan 14 15:10:38 UTC 2026","passed","Wed Jan 14 15:10:38 UTC 2026","","test_rpc_methods_availability","",""
"","0","test_precision[Test for Aventus]","tests","Wed Jan 14 15:08:37 UTC 2026","passed","Wed Jan 14 15:08:37 UTC 2026","TestPrecision","test_network_parameters","",""
"","0","test_precision[Test for Hyperbridge Nexus]","tests","Wed Jan 14 15:09:12 UTC 2026","passed","Wed Jan 14 15:09:12 UTC 2026","TestPrecision","test_network_parameters","",""
"","93","test_rpc_method_is_available[Test for Interlay, url: wss://rpc-interlay.luckyfriday.io/]","tests","Wed Jan 14 15:09:03 UTC 2026","passed","Wed Jan 14 15:09:04 UTC 2026","","test_rpc_methods_availability","",""
"","1","test_can_create_connection[Test for Ajuna, url: wss://ajuna.dotters.network]","tests","Wed Jan 14 15:10:23 UTC 2026","passed","Wed Jan 14 15:10:23 UTC 2026","","test_nodes_availability","",""
"","92","test_rpc_method_is_available[Test for Bifrost Polkadot, url: wss://hk.p.bifrost-rpc.liebi.com/ws]","tests","Wed Jan 14 15:09:57 UTC 2026","passed","Wed Jan 14 15:09:57 UTC 2026","","test_rpc_methods_availability","",""
"","0","test_chainId[Test for krest]","tests","Wed Jan 14 15:08:45 UTC 2026","passed","Wed Jan 14 15:08:45 UTC 2026","TestChainId","test_network_parameters","",""
"","93","test_rpc_method_is_available[Test for Kusama Relay, url: wss://rpc-kusama.luckyfriday.io]","tests","Wed Jan 14 15:07:58 UTC 2026","passed","Wed Jan 14 15:07:58 UTC 2026","","test_rpc_methods_availability","",""
"","0","test_can_create_connection[Test for DENTNet, url: wss://rpc.dentnet.io/ws]","tests","Wed Jan 14 15:11:21 UTC 2026","passed","Wed Jan 14 15:11:21 UTC 2026","","test_nodes_availability","",""
"","7","test_rpc_node_is_synced[Test for Hydration, url: wss://hydration.ibp.network]","tests","Wed Jan 14 15:09:10 UTC 2026","passed","Wed Jan 14 15:09:10 UTC 2026","","test_substrate_node_is_synced","",""
"","0","test_address_prefix[Test for Acala]","tests","Wed Jan 14 15:08:04 UTC 2026","passed","Wed Jan 14 15:08:04 UTC 2026","TestNetworkPrefix","test_network_parameters","",""
"","0","test_can_create_connection[Test for 3DPass, url: wss://rpc.p3d.top]","tests","Wed Jan 14 15:10:38 UTC 2026","passed","Wed Jan 14 15:10:38 UTC 2026","","test_nodes_availability","",""
"","88","test_rpc_method_is_available[Test for CC Enterprise, url: wss://mainnet.creditcoin.network/ws]","tests","Wed Jan 14 15:11:19 UTC 2026","passed","Wed Jan 14 15:11:19 UTC 2026","","test_rpc_methods_availability","",""
"","0","test_chainId[Test for Polkadot Relay]","tests","Wed Jan 14 15:07:46 UTC 2026","passed","Wed Jan 14 15:07:46 UTC 2026","TestChainId","test_network_parameters","",""
"","120","test_rpc_node_is_synced[Test for QUARTZ, url: wss://us-ws-quartz.unique.network]","tests","Wed Jan 14 15:08:37 UTC 2026","passed","Wed Jan 14 15:08:37 UTC 2026","","test_substrate_node_is_synced","",""
"","0","test_can_create_connection[Test for Vara, url: wss://rpc.vara-network.io]","tests","Wed Jan 14 15:10:35 UTC 2026","passed","Wed Jan 14 15:10:35 UTC 2026","","test_nodes_availability","",""
"","6","test_rpc_node_is_synced[Test for UNIQUE, url: wss://unique.ibp.network]","tests","Wed Jan 14 15:10:03 UTC 2026","passed","Wed Jan 14 15:10:03 UTC 2026","","test_substrate_node_is_synced","",""
"","0","test_chainId[Test for peaq]","tests","Wed Jan 14 15:09:21 UTC 2026","passed","Wed Jan 14 15:09:21 UTC 2026","TestChainId","test_network_parameters","",""
"","0","test_rpc_method_is_available[Test for Curio, url: wss://parachain.curioinvest.com/]","tests","Wed Jan 14 15:11:08 UTC 2026","broken","Wed Jan 14 15:11:08 UTC 2026","","test_rpc_methods_availability","",""
"","0","test_can_create_connection[Test for GIANT, url: wss://rpc-anchor-2-mainnet-az-ue1.giantprotocol.org:443]","tests","Wed Jan 14 15:10:38 UTC 2026","passed","Wed Jan 14 15:10:38 UTC 2026","","test_nodes_availability","",""
"","0","test_chainId[Test for KILT]","tests","Wed Jan 14 15:07:46 UTC 2026","passed","Wed Jan 14 15:07:46 UTC 2026","TestChainId","test_network_parameters","",""
"","0","test_address_prefix[Test for Zeitgeist]","tests","Wed Jan 14 15:08:31 UTC 2026","passed","Wed Jan 14 15:08:31 UTC 2026","TestNetworkPrefix","test_network_parameters","",""
"","0","test_can_create_connection[Test for Kusama People, url: wss://people-kusama.dotters.network]","tests","Wed Jan 14 15:08:38 UTC 2026","passed","Wed Jan 14 15:08:38 UTC 2026","","test_nodes_availability","",""
"","146","test_has_new_assets[Test for Moonriver]","tests","Wed Jan 14 15:07:45 UTC 2026","passed","Wed Jan 14 15:07:45 UTC 2026","TestAssets","test_check_new_assets","",""
"","224","test_rpc_method_is_available[Test for Heima, url: wss://heima-rpc.n.dwellir.com]","tests","Wed Jan 14 15:10:14 UTC 2026","passed","Wed Jan 14 15:10:14 UTC 2026","","test_rpc_methods_availability","",""
"","0","test_address_prefix[Test for Kintsugi]","tests","Wed Jan 14 15:08:26 UTC 2026","passed","Wed Jan 14 15:08:26 UTC 2026","TestNetworkPrefix","test_network_parameters","",""
"","8","test_has_new_assets[Test for Polkadex]","tests","Wed Jan 14 15:08:09 UTC 2026","passed","Wed Jan 14 15:08:09 UTC 2026","TestAssets","test_check_new_assets","",""
"","0","test_rpc_method_is_available[Test for Polkadot Asset Hub, url: wss://sys.ibp.network/asset-hub-polkadot]","tests","Wed Jan 14 15:09:56 UTC 2026","broken","Wed Jan 14 15:09:56 UTC 2026","","test_rpc_methods_availability","",""
"","0","test_address_prefix[Test for Kusama Coretime]","tests","Wed Jan 14 15:09:31 UTC 2026","passed","Wed Jan 14 15:09:31 UTC 2026","TestNetworkPrefix","test_network_parameters","",""
"","7","test_rpc_node_is_synced[Test for Polkadot Asset Hub, url: wss://sys.ibp.network/asset-hub-polkadot]","tests","Wed Jan 14 15:10:30 UTC 2026","passed","Wed Jan 14 15:10:30 UTC 2026","","test_substrate_node_is_synced","",""
"","91","test_rpc_method_is_available[Test for Polkadex, url: wss://so.polkadex.ee]","tests","Wed Jan 14 15:09:26 UTC 2026","passed","Wed Jan 14 15:09:26 UTC 2026","","test_rpc_methods_availability","",""
"","0","test_can_create_connection[Test for Ternoa, url: wss://mainnet.ternoa.network]","tests","Wed Jan 14 15:10:01 UTC 2026","passed","Wed Jan 14 15:10:01 UTC 2026","","test_nodes_availability","",""
"","215","test_rpc_method_is_available[Test for Acala, url: wss://acala-rpc-1.aca-api.network]","tests","Wed Jan 14 15:08:38 UTC 2026","passed","Wed Jan 14 15:08:38 UTC 2026","","test_rpc_methods_availability","",""
"","98","test_rpc_method_is_available[Test for Kusama Bridge Hub, url: wss://ksm-rpc.stakeworld.io/bridgehub]","tests","Wed Jan 14 15:10:41 UTC 2026","passed","Wed Jan 14 15:10:41 UTC 2026","","test_rpc_methods_availability","",""
"","0","test_address_prefix[Test for GIANT]","tests","Wed Jan 14 15:08:47 UTC 2026","passed","Wed Jan 14 15:08:47 UTC 2026","TestNetworkPrefix","test_network_parameters","",""
"","0","test_can_create_connection[Test for Basilisk, url: wss://rpc.basilisk.cloud]","tests","Wed Jan 14 15:09:21 UTC 2026","passed","Wed Jan 14 15:09:21 UTC 2026","","test_nodes_availability","",""
"","1","test_can_create_connection[Test for Bifrost Kusama, url: wss://us.bifrost-rpc.liebi.com/ws]","tests","Wed Jan 14 15:09:08 UTC 2026","passed","Wed Jan 14 15:09:08 UTC 2026","","test_nodes_availability","",""
"","128","test_rpc_node_is_synced[Test for Kusama Relay, url: wss://rpc-kusama-1.novasama-tech.org]","tests","Wed Jan 14 15:08:32 UTC 2026","passed","Wed Jan 14 15:08:32 UTC 2026","","test_substrate_node_is_synced","",""
"","6","test_rpc_node_is_synced[Test for Kusama Relay, url: wss://kusama.dotters.network]","tests","Wed Jan 14 15:07:57 UTC 2026","passed","Wed Jan 14 15:07:57 UTC 2026","","test_substrate_node_is_synced","",""
"","86","test_rpc_node_is_synced[Test for Westend (TESTNET), url: wss://westend-rpc.polkadot.io]","tests","Wed Jan 14 15:08:28 UTC 2026","passed","Wed Jan 14 15:08:28 UTC 2026","","test_substrate_node_is_synced","",""
"","11","test_rpc_node_is_synced[Test for Centrifuge Parachain, url: wss://rpc-centrifuge.luckyfriday.io]","tests","Wed Jan 14 15:09:28 UTC 2026","passed","Wed Jan 14 15:09:28 UTC 2026","","test_substrate_node_is_synced","",""
"","0","test_can_create_connection[Test for Polkadot Relay, url: wss://rpc.ibp.network/polkadot]","tests","Wed Jan 14 15:08:02 UTC 2026","passed","Wed Jan 14 15:08:02 UTC 2026","","test_nodes_availability","",""
"","194","test_rpc_node_is_synced[Test for UNIQUE, url: wss://asia-ws.unique.network/]","tests","Wed Jan 14 15:10:00 UTC 2026","passed","Wed Jan 14 15:10:00 UTC 2026","","test_substrate_node_is_synced","",""
"","142","test_rpc_node_is_synced[Test for Polkadot Relay, url: wss://rpc-polkadot-2.novasama-tech.org]","tests","Wed Jan 14 15:07:53 UTC 2026","passed","Wed Jan 14 15:07:53 UTC 2026","","test_substrate_node_is_synced","",""
"","0","test_can_create_connection[Test for Bittensor, url: wss://lite.sub.latent.to:443]","tests","Wed Jan 14 15:10:49 UTC 2026","passed","Wed Jan 14 15:10:49 UTC 2026","","test_nodes_availability","",""
"","12","test_has_new_assets[Test for Nodle Parachain]","tests","Wed Jan 14 15:08:23 UTC 2026","passed","Wed Jan 14 15:08:23 UTC 2026","TestAssets","test_check_new_assets","",""
"","97","test_rpc_node_is_synced[Test for Robonomics, url: wss://kusama.rpc.robonomics.network/]","tests","Wed Jan 14 15:11:29 UTC 2026","passed","Wed Jan 14 15:11:29 UTC 2026","","test_substrate_node_is_synced","",""
"","7","test_rpc_node_is_synced[Test for UNIQUE, url: wss://unique.dotters.network]","tests","Wed Jan 14 15:10:06 UTC 2026","passed","Wed Jan 14 15:10:06 UTC 2026","","test_substrate_node_is_synced","",""
"","29","test_rpc_node_is_synced[Test for Moonbeam, url: wss://wss.api.moonbeam.network]","tests","Wed Jan 14 15:08:05 UTC 2026","passed","Wed Jan 14 15:08:06 UTC 2026","","test_substrate_node_is_synced","",""
"","87","test_rpc_method_is_available[Test for Acurast Canary, url: wss://public-rpc.canary.acurast.com]","tests","Wed Jan 14 15:10:58 UTC 2026","passed","Wed Jan 14 15:10:58 UTC 2026","","test_rpc_methods_availability","",""
"","90","test_rpc_method_is_available[Test for GIANT, url: wss://rpc-anchor-2-mainnet-az-ue1.giantprotocol.org:443]","tests","Wed Jan 14 15:10:23 UTC 2026","passed","Wed Jan 14 15:10:23 UTC 2026","","test_rpc_methods_availability","",""
"","0","test_chainId[Test for Polkadex]","tests","Wed Jan 14 15:08:08 UTC 2026","passed","Wed Jan 14 15:08:08 UTC 2026","TestChainId","test_network_parameters","",""
"","203","test_rpc_method_is_available[Test for Shiden, url: wss://rpc.shiden.astar.network]","tests","Wed Jan 14 15:08:31 UTC 2026","passed","Wed Jan 14 15:08:31 UTC 2026","","test_rpc_methods_availability","",""
"","0","test_can_create_connection[Test for Frequency, url: wss://1.rpc.frequency.xyz]","tests","Wed Jan 14 15:10:32 UTC 2026","passed","Wed Jan 14 15:10:32 UTC 2026","","test_nodes_availability","",""
"","7","test_has_new_assets[Test for Acurast Canary]","tests","Wed Jan 14 15:09:08 UTC 2026","passed","Wed Jan 14 15:09:08 UTC 2026","TestAssets","test_check_new_assets","",""
"","14","test_has_new_assets[Test for Polkadot Asset Hub]","tests","Wed Jan 14 15:08:07 UTC 2026","passed","Wed Jan 14 15:08:07 UTC 2026","TestAssets","test_check_new_assets","",""
"","0","test_can_create_connection[Test for Hydration, url: wss://rpc-hydra.novasama-tech.org]","tests","Wed Jan 14 15:09:32 UTC 2026","passed","Wed Jan 14 15:09:32 UTC 2026","","test_nodes_availability","",""
"","0","test_chainId[Test for GIANT]","tests","Wed Jan 14 15:08:38 UTC 2026","passed","Wed Jan 14 15:08:38 UTC 2026","TestChainId","test_network_parameters","",""
"","301","test_rpc_method_is_available[Test for Karura, url: wss://karura-rpc-0.aca-api.network]","tests","Wed Jan 14 15:07:37 UTC 2026","passed","Wed Jan 14 15:07:37 UTC 2026","","test_rpc_methods_availability","",""
"","1","test_address_prefix[Test for Crab]","tests","Wed Jan 14 15:08:58 UTC 2026","passed","Wed Jan 14 15:08:58 UTC 2026","TestNetworkPrefix","test_network_parameters","",""
"","0","test_can_create_connection[Test for Interlay, url: wss://rpc-interlay.luckyfriday.io/]","tests","Wed Jan 14 15:09:00 UTC 2026","passed","Wed Jan 14 15:09:00 UTC 2026","","test_nodes_availability","",""
"","246","test_rpc_node_is_synced[Test for Crust Shadow, url: wss://rpc-shadow.crust.network/]","tests","Wed Jan 14 15:09:17 UTC 2026","passed","Wed Jan 14 15:09:17 UTC 2026","","test_substrate_node_is_synced","",""
"","1","test_precision[Test for Centrifuge Parachain]","tests","Wed Jan 14 15:08:12 UTC 2026","passed","Wed Jan 14 15:08:12 UTC 2026","TestPrecision","test_network_parameters","",""
"","288","test_rpc_node_is_synced[Test for Acurast Canary, url: wss://public-rpc.canary.acurast.com]","tests","Wed Jan 14 15:11:25 UTC 2026","passed","Wed Jan 14 15:11:25 UTC 2026","","test_substrate_node_is_synced","",""
"","7","test_has_new_assets[Test for Hyperbridge Nexus]","tests","Wed Jan 14 15:08:56 UTC 2026","passed","Wed Jan 14 15:08:56 UTC 2026","TestAssets","test_check_new_assets","",""
"","36","test_rpc_node_is_synced[Test for Vara, url: wss://rpc.vara-network.io]","tests","Wed Jan 14 15:11:05 UTC 2026","passed","Wed Jan 14 15:11:05 UTC 2026","","test_substrate_node_is_synced","",""
"","0","test_can_create_connection[Test for Polkadot Bridge Hub, url: wss://sys.ibp.network/bridgehub-polkadot]","tests","Wed Jan 14 15:10:42 UTC 2026","passed","Wed Jan 14 15:10:42 UTC 2026","","test_nodes_availability","",""
"","7","test_rpc_node_is_synced[Test for Ajuna, url: wss://ajuna.ibp.network]","tests","Wed Jan 14 15:10:43 UTC 2026","passed","Wed Jan 14 15:10:43 UTC 2026","","test_substrate_node_is_synced","",""
"","96","test_rpc_method_is_available[Test for Robonomics, url: wss://kusama.rpc.robonomics.network/]","tests","Wed Jan 14 15:10:20 UTC 2026","passed","Wed Jan 14 15:10:20 UTC 2026","","test_rpc_methods_availability","",""
