"DESCRIPTION","DURATION IN MS","NAME","PARENT SUITE","START TIME","STATUS","STOP TIME","SUB SUITE","SUITE","TEST CLASS","TEST METHOD"
"","0","test_address_prefix[Test for Altair]","tests","Thu Mar 12 15:21:34 UTC 2026","passed","Thu Mar 12 15:21:34 UTC 2026","TestNetworkPrefix","test_network_parameters","",""
"","0","test_address_prefix[Test for Enjin Matrix]","tests","Thu Mar 12 15:22:41 UTC 2026","passed","Thu Mar 12 15:22:41 UTC 2026","TestNetworkPrefix","test_network_parameters","",""
"","9","test_has_new_assets[Test for GIANT]","tests","Thu Mar 12 15:22:39 UTC 2026","passed","Thu Mar 12 15:22:39 UTC 2026","TestAssets","test_check_new_assets","",""
"","10","test_has_new_assets[Test for XX network]","tests","Thu Mar 12 15:22:24 UTC 2026","passed","Thu Mar 12 15:22:24 UTC 2026","TestAssets","test_check_new_assets","",""
"","102","test_rpc_method_is_available[Test for Polkadot Relay, url: wss://rpc.ibp.network/polkadot]","tests","Thu Mar 12 15:22:07 UTC 2026","passed","Thu Mar 12 15:22:07 UTC 2026","","test_rpc_methods_availability","",""
"","0","test_can_create_connection[Test for XX network, url: wss://rpc.xx.network]","tests","Thu Mar 12 15:24:51 UTC 2026","passed","Thu Mar 12 15:24:51 UTC 2026","","test_nodes_availability","",""
"","1","test_can_create_connection[Test for Bifrost Polkadot, url: wss://eu.bifrost-polkadot-rpc.liebi.com/ws]","tests","Thu Mar 12 15:23:52 UTC 2026","passed","Thu Mar 12 15:23:52 UTC 2026","","test_nodes_availability","",""
"","97","test_rpc_method_is_available[Test for Polkadot People, url: wss://rpc-people-polkadot.luckyfriday.io]","tests","Thu Mar 12 15:21:46 UTC 2026","passed","Thu Mar 12 15:21:46 UTC 2026","","test_rpc_methods_availability","",""
"","133","test_rpc_method_is_available[Test for Ajuna, url: wss://ajuna.dotters.network]","tests","Thu Mar 12 15:24:11 UTC 2026","passed","Thu Mar 12 15:24:12 UTC 2026","","test_rpc_methods_availability","",""
"","0","test_chainId[Test for Polkadot Bridge Hub]","tests","Thu Mar 12 15:22:48 UTC 2026","passed","Thu Mar 12 15:22:48 UTC 2026","TestChainId","test_network_parameters","",""
"","167","test_rpc_method_is_available[Test for Moonriver, url: wss://moonriver.public.curie.radiumblock.co/ws]","tests","Thu Mar 12 15:22:13 UTC 2026","passed","Thu Mar 12 15:22:13 UTC 2026","","test_rpc_methods_availability","",""
"","105","test_rpc_method_is_available[Test for Polkadot Asset Hub, url: wss://sys.ibp.network/asset-hub-polkadot]","tests","Thu Mar 12 15:23:13 UTC 2026","passed","Thu Mar 12 15:23:13 UTC 2026","","test_rpc_methods_availability","",""
"","0","test_address_prefix[Test for Bittensor]","tests","Thu Mar 12 15:22:19 UTC 2026","passed","Thu Mar 12 15:22:19 UTC 2026","TestNetworkPrefix","test_network_parameters","",""
"","99","test_rpc_method_is_available[Test for Polkadot Collectives, url: wss://sys.ibp.network/collectives-polkadot]","tests","Thu Mar 12 15:24:31 UTC 2026","passed","Thu Mar 12 15:24:31 UTC 2026","","test_rpc_methods_availability","",""
"","134","test_rpc_method_is_available[Test for Polkadot Coretime, url: wss://sys.ibp.network/coretime-polkadot]","tests","Thu Mar 12 15:25:16 UTC 2026","passed","Thu Mar 12 15:25:16 UTC 2026","","test_rpc_methods_availability","",""
"","0","test_can_create_connection[Test for Astar, url: wss://astar-rpc.n.dwellir.com]","tests","Thu Mar 12 15:23:41 UTC 2026","passed","Thu Mar 12 15:23:41 UTC 2026","","test_nodes_availability","",""
"","7","test_has_new_assets[Test for Robonomics]","tests","Thu Mar 12 15:22:06 UTC 2026","passed","Thu Mar 12 15:22:06 UTC 2026","TestAssets","test_check_new_assets","",""
"","103","test_has_new_assets[Test for Altair]","tests","Thu Mar 12 15:21:37 UTC 2026","passed","Thu Mar 12 15:21:37 UTC 2026","TestAssets","test_check_new_assets","",""
"","108","test_rpc_method_is_available[Test for Crust Shadow, url: wss://rpc-shadow.crust.network/]","tests","Thu Mar 12 15:23:02 UTC 2026","passed","Thu Mar 12 15:23:02 UTC 2026","","test_rpc_methods_availability","",""
"","95","test_rpc_method_is_available[Test for Kusama Coretime, url: wss://kusama-coretime-rpc.polkadot.io]","tests","Thu Mar 12 15:25:23 UTC 2026","passed","Thu Mar 12 15:25:23 UTC 2026","","test_rpc_methods_availability","",""
"","194","test_rpc_method_is_available[Test for Polkadot Relay, url: wss://rpc-polkadot-1.novasama-tech.org]","tests","Thu Mar 12 15:21:57 UTC 2026","passed","Thu Mar 12 15:21:57 UTC 2026","","test_rpc_methods_availability","",""
"","175","test_rpc_method_is_available[Test for Kusama People, url: wss://ksm-rpc.stakeworld.io/people]","tests","Thu Mar 12 15:22:03 UTC 2026","passed","Thu Mar 12 15:22:03 UTC 2026","","test_rpc_methods_availability","",""
"","0","test_address_prefix[Test for Kintsugi]","tests","Thu Mar 12 15:22:08 UTC 2026","passed","Thu Mar 12 15:22:08 UTC 2026","TestNetworkPrefix","test_network_parameters","",""
"","0","test_address_prefix[Test for Polkadot Collectives]","tests","Thu Mar 12 15:22:40 UTC 2026","passed","Thu Mar 12 15:22:40 UTC 2026","TestNetworkPrefix","test_network_parameters","",""
"","12","test_has_new_assets[Test for krest]","tests","Thu Mar 12 15:22:47 UTC 2026","passed","Thu Mar 12 15:22:47 UTC 2026","TestAssets","test_check_new_assets","",""
"","11","test_has_new_assets[Test for Pendulum]","tests","Thu Mar 12 15:22:27 UTC 2026","passed","Thu Mar 12 15:22:27 UTC 2026","TestAssets","test_check_new_assets","",""
"","0","test_can_create_connection[Test for Kusama Relay, url: wss://rpc-kusama.luckyfriday.io]","tests","Thu Mar 12 15:21:55 UTC 2026","passed","Thu Mar 12 15:21:55 UTC 2026","","test_nodes_availability","",""
"","0","test_chainId[Test for Tanssi]","tests","Thu Mar 12 15:23:29 UTC 2026","passed","Thu Mar 12 15:23:29 UTC 2026","TestChainId","test_network_parameters","",""
"","0","test_address_prefix[Test for DeepBrain]","tests","Thu Mar 12 15:23:21 UTC 2026","broken","Thu Mar 12 15:23:21 UTC 2026","TestNetworkPrefix","test_network_parameters","",""
"","134","test_rpc_method_is_available[Test for Moonbeam, url: wss://moonbeam.public.curie.radiumblock.co/ws]","tests","Thu Mar 12 15:22:05 UTC 2026","passed","Thu Mar 12 15:22:05 UTC 2026","","test_rpc_methods_availability","",""
"","234","test_rpc_method_is_available[Test for Kusama Asset Hub, url: wss://asset-hub-kusama.dotters.network]","tests","Thu Mar 12 15:21:35 UTC 2026","passed","Thu Mar 12 15:21:35 UTC 2026","","test_rpc_methods_availability","",""
"","0","test_chainId[Test for Energy Web X]","tests","Thu Mar 12 15:22:54 UTC 2026","passed","Thu Mar 12 15:22:54 UTC 2026","TestChainId","test_network_parameters","",""
"","0","test_can_create_connection[Test for Polkadot Asset Hub, url: wss://sys.ibp.network/asset-hub-polkadot]","tests","Thu Mar 12 15:24:02 UTC 2026","passed","Thu Mar 12 15:24:02 UTC 2026","","test_nodes_availability","",""
"","0","test_can_create_connection[Test for Frequency, url: wss://1.rpc.frequency.xyz]","tests","Thu Mar 12 15:24:40 UTC 2026","passed","Thu Mar 12 15:24:40 UTC 2026","","test_nodes_availability","",""
"","1","test_address_prefix[Test for Crust Polkadot Parachain]","tests","Thu Mar 12 15:22:30 UTC 2026","passed","Thu Mar 12 15:22:30 UTC 2026","TestNetworkPrefix","test_network_parameters","",""
"","98","test_has_new_assets[Test for Polkadot Relay]","tests","Thu Mar 12 15:21:38 UTC 2026","passed","Thu Mar 12 15:21:38 UTC 2026","TestAssets","test_check_new_assets","",""
"","0","test_has_new_assets[Test for Curio]","tests","Thu Mar 12 15:22:59 UTC 2026","broken","Thu Mar 12 15:22:59 UTC 2026","TestAssets","test_check_new_assets","",""
"","11","test_has_new_assets[Test for Kusama People]","tests","Thu Mar 12 15:21:40 UTC 2026","passed","Thu Mar 12 15:21:40 UTC 2026","TestAssets","test_check_new_assets","",""
"","0","test_chainId[Test for Bifrost Kusama]","tests","Thu Mar 12 15:22:05 UTC 2026","passed","Thu Mar 12 15:22:05 UTC 2026","TestChainId","test_network_parameters","",""
"","172","test_rpc_method_is_available[Test for Frequency, url: wss://1.rpc.frequency.xyz]","tests","Thu Mar 12 15:24:30 UTC 2026","passed","Thu Mar 12 15:24:30 UTC 2026","","test_rpc_methods_availability","",""
"","12","test_has_new_assets[Test for Acurast]","tests","Thu Mar 12 15:23:26 UTC 2026","passed","Thu Mar 12 15:23:26 UTC 2026","TestAssets","test_check_new_assets","",""
"","10","test_has_new_assets[Test for Joystream]","tests","Thu Mar 12 15:22:53 UTC 2026","passed","Thu Mar 12 15:22:53 UTC 2026","TestAssets","test_check_new_assets","",""
"","105","test_rpc_method_is_available[Test for CC Enterprise, url: wss://mainnet.creditcoin.network/ws]","tests","Thu Mar 12 15:24:59 UTC 2026","passed","Thu Mar 12 15:25:00 UTC 2026","","test_rpc_methods_availability","",""
"","0","test_address_prefix[Test for Moonbeam]","tests","Thu Mar 12 15:21:42 UTC 2026","passed","Thu Mar 12 15:21:42 UTC 2026","TestNetworkPrefix","test_network_parameters","",""
"","0","test_chainId[Test for Acala]","tests","Thu Mar 12 15:21:50 UTC 2026","passed","Thu Mar 12 15:21:50 UTC 2026","TestChainId","test_network_parameters","",""
"","0","test_address_prefix[Test for Kusama Bridge Hub]","tests","Thu Mar 12 15:22:38 UTC 2026","passed","Thu Mar 12 15:22:38 UTC 2026","TestNetworkPrefix","test_network_parameters","",""
"","99","test_rpc_method_is_available[Test for Avail, url: wss://mainnet.avail-rpc.com/]","tests","Thu Mar 12 15:24:57 UTC 2026","passed","Thu Mar 12 15:24:57 UTC 2026","","test_rpc_methods_availability","",""
"","0","test_can_create_connection[Test for Polkadot Bridge Hub, url: wss://sys.ibp.network/bridgehub-polkadot]","tests","Thu Mar 12 15:24:27 UTC 2026","passed","Thu Mar 12 15:24:27 UTC 2026","","test_nodes_availability","",""
"","0","test_can_create_connection[Test for Kusama Coretime, url: wss://kusama-coretime-rpc.polkadot.io]","tests","Thu Mar 12 15:25:48 UTC 2026","passed","Thu Mar 12 15:25:48 UTC 2026","","test_nodes_availability","",""
"","0","test_can_create_connection[Test for XX network, url: wss://rpc-hetzner.xx.network]","tests","Thu Mar 12 15:23:53 UTC 2026","passed","Thu Mar 12 15:23:53 UTC 2026","","test_nodes_availability","",""
"","177","test_rpc_method_is_available[Test for Shiden, url: wss://shiden-rpc.n.dwellir.com]","tests","Thu Mar 12 15:22:22 UTC 2026","passed","Thu Mar 12 15:22:22 UTC 2026","","test_rpc_methods_availability","",""
"","0","test_can_create_connection[Test for Crust Shadow, url: wss://rpc-shadow.crust.network/]","tests","Thu Mar 12 15:23:00 UTC 2026","passed","Thu Mar 12 15:23:00 UTC 2026","","test_nodes_availability","",""
"","1","test_can_create_connection[Test for Kusama Coretime, url: wss://coretime-kusama.dotters.network]","tests","Thu Mar 12 15:25:44 UTC 2026","passed","Thu Mar 12 15:25:44 UTC 2026","","test_nodes_availability","",""
"","169","test_rpc_method_is_available[Test for Moonbeam, url: wss://wss.api.moonbeam.network]","tests","Thu Mar 12 15:21:53 UTC 2026","passed","Thu Mar 12 15:21:53 UTC 2026","","test_rpc_methods_availability","",""
"","0","test_can_create_connection[Test for Hydration, url: wss://rpc.hydradx.cloud]","tests","Thu Mar 12 15:23:20 UTC 2026","passed","Thu Mar 12 15:23:20 UTC 2026","","test_nodes_availability","",""
"","99","test_rpc_method_is_available[Test for UNIQUE, url: wss://unique.dotters.network]","tests","Thu Mar 12 15:23:39 UTC 2026","passed","Thu Mar 12 15:23:40 UTC 2026","","test_rpc_methods_availability","",""
"","9","test_has_new_assets[Test for Astar]","tests","Thu Mar 12 15:21:55 UTC 2026","passed","Thu Mar 12 15:21:55 UTC 2026","TestAssets","test_check_new_assets","",""
"","1","test_can_create_connection[Test for Pendulum, url: wss://rpc-pendulum.prd.pendulumchain.tech]","tests","Thu Mar 12 15:23:59 UTC 2026","passed","Thu Mar 12 15:23:59 UTC 2026","","test_nodes_availability","",""
"","9","test_has_new_assets[Test for Shiden]","tests","Thu Mar 12 15:21:45 UTC 2026","passed","Thu Mar 12 15:21:45 UTC 2026","TestAssets","test_check_new_assets","",""
"","0","test_can_create_connection[Test for UNIQUE, url: wss://eu-ws.unique.network/]","tests","Thu Mar 12 15:24:10 UTC 2026","passed","Thu Mar 12 15:24:10 UTC 2026","","test_nodes_availability","",""
"","164","test_rpc_method_is_available[Test for Acala, url: wss://acala-rpc.n.dwellir.com]","tests","Thu Mar 12 15:22:42 UTC 2026","passed","Thu Mar 12 15:22:42 UTC 2026","","test_rpc_methods_availability","",""
"","0","test_chainId[Test for QUARTZ]","tests","Thu Mar 12 15:21:47 UTC 2026","broken","Thu Mar 12 15:21:47 UTC 2026","TestChainId","test_network_parameters","",""
"","98","test_rpc_method_is_available[Test for Acurast Canary, url: wss://public-rpc.canary.acurast.com]","tests","Thu Mar 12 15:25:10 UTC 2026","passed","Thu Mar 12 15:25:10 UTC 2026","","test_rpc_methods_availability","",""
"","0","test_can_create_connection[Test for Kusama Bridge Hub, url: wss://sys.ibp.network/bridgehub-kusama]","tests","Thu Mar 12 15:24:53 UTC 2026","passed","Thu Mar 12 15:24:53 UTC 2026","","test_nodes_availability","",""
"","0","test_can_create_connection[Test for Westend (TESTNET), url: wss://westend.public.curie.radiumblock.co/ws]","tests","Thu Mar 12 15:22:23 UTC 2026","passed","Thu Mar 12 15:22:23 UTC 2026","","test_nodes_availability","",""
"","564","test_rpc_node_work_fast[Test for Ethereum, url: https://1rpc.io/eth]","tests","Thu Mar 12 15:21:41 UTC 2026","passed","Thu Mar 12 15:21:41 UTC 2026","TestETHNodesAvailability","test_eth_nodes_availability","",""
"","0","test_chainId[Test for Polkadot Asset Hub]","tests","Thu Mar 12 15:21:55 UTC 2026","passed","Thu Mar 12 15:21:55 UTC 2026","TestChainId","test_network_parameters","",""
"","1","test_address_prefix[Test for Tanssi]","tests","Thu Mar 12 15:23:22 UTC 2026","passed","Thu Mar 12 15:23:22 UTC 2026","TestNetworkPrefix","test_network_parameters","",""
"","1","test_address_prefix[Test for Vara]","tests","Thu Mar 12 15:22:42 UTC 2026","passed","Thu Mar 12 15:22:42 UTC 2026","TestNetworkPrefix","test_network_parameters","",""
"","98","test_rpc_method_is_available[Test for Tanssi, url: wss://services.tanssi-mainnet.network/tanssi]","tests","Thu Mar 12 15:25:28 UTC 2026","passed","Thu Mar 12 15:25:28 UTC 2026","","test_rpc_methods_availability","",""
"","0","test_can_create_connection[Test for GIANT, url: wss://rpc-anchor-1-mainnet-az-ue1.giantprotocol.org:443]","tests","Thu Mar 12 15:24:23 UTC 2026","passed","Thu Mar 12 15:24:23 UTC 2026","","test_nodes_availability","",""
"","0","test_can_create_connection[Test for Moonbeam, url: wss://moonbeam.public.curie.radiumblock.co/ws]","tests","Thu Mar 12 15:22:04 UTC 2026","passed","Thu Mar 12 15:22:04 UTC 2026","","test_nodes_availability","",""
"","0","test_can_create_connection[Test for UNIQUE, url: wss://us-ws.unique.network/]","tests","Thu Mar 12 15:24:14 UTC 2026","passed","Thu Mar 12 15:24:14 UTC 2026","","test_nodes_availability","",""
"","0","test_can_create_connection[Test for Nodle Parachain, url: wss://nodle-parachain.api.onfinality.io/public-ws]","tests","Thu Mar 12 15:23:05 UTC 2026","broken","Thu Mar 12 15:23:05 UTC 2026","","test_nodes_availability","",""
"","1","test_address_prefix[Test for Humanode]","tests","Thu Mar 12 15:23:20 UTC 2026","passed","Thu Mar 12 15:23:20 UTC 2026","TestNetworkPrefix","test_network_parameters","",""
"","0","test_chainId[Test for Laos]","tests","Thu Mar 12 15:23:13 UTC 2026","passed","Thu Mar 12 15:23:13 UTC 2026","TestChainId","test_network_parameters","",""
"","0","test_can_create_connection[Test for Karura, url: wss://karura-rpc.n.dwellir.com]","tests","Thu Mar 12 15:21:47 UTC 2026","passed","Thu Mar 12 15:21:47 UTC 2026","","test_nodes_availability","",""
"","0","test_can_create_connection[Test for Polkadot Asset Hub, url: wss://asset-hub-polkadot.dotters.network]","tests","Thu Mar 12 15:24:08 UTC 2026","passed","Thu Mar 12 15:24:08 UTC 2026","","test_nodes_availability","",""
"","0","test_address_prefix[Test for Tangle]","tests","Thu Mar 12 15:23:17 UTC 2026","passed","Thu Mar 12 15:23:17 UTC 2026","TestNetworkPrefix","test_network_parameters","",""
"","118","test_rpc_method_is_available[Test for GIANT, url: wss://rpc-anchor-1-mainnet-az-ue1.giantprotocol.org:443]","tests","Thu Mar 12 15:24:14 UTC 2026","passed","Thu Mar 12 15:24:14 UTC 2026","","test_rpc_methods_availability","",""
"","9","test_has_new_assets[Test for Manta Atlantic]","tests","Thu Mar 12 15:22:46 UTC 2026","passed","Thu Mar 12 15:22:46 UTC 2026","TestAssets","test_check_new_assets","",""
"","0","test_address_prefix[Test for Crab]","tests","Thu Mar 12 15:22:47 UTC 2026","broken","Thu Mar 12 15:22:47 UTC 2026","TestNetworkPrefix","test_network_parameters","",""
"","99","test_rpc_method_is_available[Test for Kusama Bridge Hub, url: wss://ksm-rpc.stakeworld.io/bridgehub]","tests","Thu Mar 12 15:24:28 UTC 2026","passed","Thu Mar 12 15:24:28 UTC 2026","","test_rpc_methods_availability","",""
"","0","test_can_create_connection[Test for Kusama Coretime, url: wss://sys.ibp.network/coretime-kusama]","tests","Thu Mar 12 15:25:42 UTC 2026","passed","Thu Mar 12 15:25:42 UTC 2026","","test_nodes_availability","",""
"","102","test_rpc_method_is_available[Test for Shiden, url: wss://rpc.shiden.astar.network]","tests","Thu Mar 12 15:22:17 UTC 2026","passed","Thu Mar 12 15:22:17 UTC 2026","","test_rpc_methods_availability","",""
"","143","test_rpc_method_is_available[Test for 3DPass, url: wss://rpc.p3d.top]","tests","Thu Mar 12 15:24:26 UTC 2026","passed","Thu Mar 12 15:24:26 UTC 2026","","test_rpc_methods_availability","",""
"","0","test_can_create_connection[Test for Frequency, url: wss://0.rpc.frequency.xyz]","tests","Thu Mar 12 15:24:38 UTC 2026","passed","Thu Mar 12 15:24:38 UTC 2026","","test_nodes_availability","",""
"","0","test_can_create_connection[Test for Polkadot Collectives, url: wss://collectives-polkadot.dotters.network]","tests","Thu Mar 12 15:24:39 UTC 2026","passed","Thu Mar 12 15:24:39 UTC 2026","","test_nodes_availability","",""
"","98","test_rpc_method_is_available[Test for Centrifuge Parachain, url: wss://fullnode.centrifuge.io]","tests","Thu Mar 12 15:23:07 UTC 2026","passed","Thu Mar 12 15:23:07 UTC 2026","","test_rpc_methods_availability","",""
"","0","test_chainId[Test for Kintsugi]","tests","Thu Mar 12 15:22:06 UTC 2026","passed","Thu Mar 12 15:22:06 UTC 2026","TestChainId","test_network_parameters","",""
"","1","test_can_create_connection[Test for Crust Shadow, url: wss://rpc2-shadow.crust.network/]","tests","Thu Mar 12 15:22:54 UTC 2026","passed","Thu Mar 12 15:22:54 UTC 2026","","test_nodes_availability","",""
"","0","test_can_create_connection[Test for Polkadex, url: wss://so.polkadex.ee]","tests","Thu Mar 12 15:23:34 UTC 2026","passed","Thu Mar 12 15:23:34 UTC 2026","","test_nodes_availability","",""
"","0","test_chainId[Test for Creditcoin]","tests","Thu Mar 12 15:23:02 UTC 2026","passed","Thu Mar 12 15:23:02 UTC 2026","TestChainId","test_network_parameters","",""
"","101","test_rpc_method_is_available[Test for Hyperbridge Nexus, url: wss://hyperbridge-nexus-rpc.blockops.network]","tests","Thu Mar 12 15:24:56 UTC 2026","passed","Thu Mar 12 15:24:56 UTC 2026","","test_rpc_methods_availability","",""
"","0","test_rpc_method_is_available[Test for KILT, url: wss://spiritnet.kilt.io/]","tests","Thu Mar 12 15:23:27 UTC 2026","broken","Thu Mar 12 15:23:27 UTC 2026","","test_rpc_methods_availability","",""
"","0","test_can_create_connection[Test for JAMTON, url: wss://rpc.jamton.network]","tests","Thu Mar 12 15:25:32 UTC 2026","passed","Thu Mar 12 15:25:32 UTC 2026","","test_nodes_availability","",""
"","0","test_can_create_connection[Test for Polkadot Relay, url: wss://polkadot.dotters.network]","tests","Thu Mar 12 15:22:11 UTC 2026","passed","Thu Mar 12 15:22:11 UTC 2026","","test_nodes_availability","",""
"","1","test_address_prefix[Test for Polkadot People]","tests","Thu Mar 12 15:21:34 UTC 2026","passed","Thu Mar 12 15:21:34 UTC 2026","TestNetworkPrefix","test_network_parameters","",""
"","0","test_can_create_connection[Test for Acala, url: wss://acala-rpc-1.aca-api.network]","tests","Thu Mar 12 15:22:26 UTC 2026","passed","Thu Mar 12 15:22:26 UTC 2026","","test_nodes_availability","",""
"","111","test_rpc_method_is_available[Test for Westend (TESTNET), url: wss://westend-rpc.polkadot.io]","tests","Thu Mar 12 15:22:16 UTC 2026","passed","Thu Mar 12 15:22:16 UTC 2026","","test_rpc_methods_availability","",""
"","0","test_can_create_connection[Test for Phala, url: wss://api.phala.network/ws]","tests","Thu Mar 12 15:23:24 UTC 2026","passed","Thu Mar 12 15:23:24 UTC 2026","","test_nodes_availability","",""
"","0","test_chainId[Test for Aleph Zero]","tests","Thu Mar 12 15:21:52 UTC 2026","passed","Thu Mar 12 15:21:52 UTC 2026","TestChainId","test_network_parameters","",""
"","0","test_can_create_connection[Test for Shiden, url: wss://shiden-rpc.n.dwellir.com]","tests","Thu Mar 12 15:22:24 UTC 2026","passed","Thu Mar 12 15:22:24 UTC 2026","","test_nodes_availability","",""
"","0","test_has_new_assets[Test for DENTNet]","tests","Thu Mar 12 15:23:18 UTC 2026","broken","Thu Mar 12 15:23:18 UTC 2026","TestAssets","test_check_new_assets","",""
"","0","test_chainId[Test for Aventus]","tests","Thu Mar 12 15:22:15 UTC 2026","passed","Thu Mar 12 15:22:15 UTC 2026","TestChainId","test_network_parameters","",""
"","0","test_has_new_assets[Test for Crab]","tests","Thu Mar 12 15:22:44 UTC 2026","broken","Thu Mar 12 15:22:44 UTC 2026","TestAssets","test_check_new_assets","",""
"","0","test_can_create_connection[Test for Ajuna, url: wss://rpc-para.ajuna.network]","tests","Thu Mar 12 15:24:26 UTC 2026","passed","Thu Mar 12 15:24:26 UTC 2026","","test_nodes_availability","",""
"","0","test_chainId[Test for Astar]","tests","Thu Mar 12 15:21:49 UTC 2026","passed","Thu Mar 12 15:21:49 UTC 2026","TestChainId","test_network_parameters","",""
"","0","test_can_create_connection[Test for Kusama Relay, url: wss://rpc-kusama-1.novasama-tech.org]","tests","Thu Mar 12 15:22:42 UTC 2026","passed","Thu Mar 12 15:22:42 UTC 2026","","test_nodes_availability","",""
"","177","test_rpc_method_is_available[Test for Bifrost Polkadot, url: wss://eu.bifrost-polkadot-rpc.liebi.com/ws]","tests","Thu Mar 12 15:23:54 UTC 2026","passed","Thu Mar 12 15:23:54 UTC 2026","","test_rpc_methods_availability","",""
"","0","test_can_create_connection[Test for Shiden, url: wss://shiden.public.curie.radiumblock.co/ws]","tests","Thu Mar 12 15:22:29 UTC 2026","passed","Thu Mar 12 15:22:29 UTC 2026","","test_nodes_availability","",""
"","0","test_rpc_method_is_available[Test for QUARTZ, url: wss://us-ws-quartz.unique.network]","tests","Thu Mar 12 15:22:20 UTC 2026","broken","Thu Mar 12 15:22:20 UTC 2026","","test_rpc_methods_availability","",""
"","12","test_has_new_assets[Test for Energy Web X]","tests","Thu Mar 12 15:22:42 UTC 2026","passed","Thu Mar 12 15:22:42 UTC 2026","TestAssets","test_check_new_assets","",""
"","0","test_address_prefix[Test for Kusama People]","tests","Thu Mar 12 15:21:38 UTC 2026","passed","Thu Mar 12 15:21:38 UTC 2026","TestNetworkPrefix","test_network_parameters","",""
"","77","test_rpc_node_is_synced[Test for Ethereum, url: https://ethereum-rpc.publicnode.com]","tests","Thu Mar 12 15:21:51 UTC 2026","broken","Thu Mar 12 15:21:51 UTC 2026","TestETHNodesAvailability","test_eth_nodes_availability","",""
"","101","test_rpc_method_is_available[Test for Kusama Bridge Hub, url: wss://sys.ibp.network/bridgehub-kusama]","tests","Thu Mar 12 15:24:21 UTC 2026","passed","Thu Mar 12 15:24:21 UTC 2026","","test_rpc_methods_availability","",""
"","0","test_can_create_connection[Test for Laos, url: wss://rpc.laos.laosfoundation.io]","tests","Thu Mar 12 15:25:41 UTC 2026","passed","Thu Mar 12 15:25:41 UTC 2026","","test_nodes_availability","",""
"","174","test_rpc_method_is_available[Test for Enjin Matrix, url: wss://rpc.matrix.blockchain.enjin.io]","tests","Thu Mar 12 15:24:31 UTC 2026","passed","Thu Mar 12 15:24:31 UTC 2026","","test_rpc_methods_availability","",""
"","0","test_can_create_connection[Test for Avail, url: wss://avail.api.onfinality.io/public-ws]","tests","Thu Mar 12 15:25:21 UTC 2026","passed","Thu Mar 12 15:25:21 UTC 2026","","test_nodes_availability","",""
"","13","test_has_new_assets[Test for Creditcoin]","tests","Thu Mar 12 15:23:03 UTC 2026","passed","Thu Mar 12 15:23:03 UTC 2026","TestAssets","test_check_new_assets","",""
"","99","test_rpc_method_is_available[Test for Karura, url: wss://karura-rpc.n.dwellir.com]","tests","Thu Mar 12 15:21:50 UTC 2026","passed","Thu Mar 12 15:21:50 UTC 2026","","test_rpc_methods_availability","",""
"","0","test_can_create_connection[Test for Hyperbridge Nexus, url: wss://nexus.dotters.network]","tests","Thu Mar 12 15:25:12 UTC 2026","passed","Thu Mar 12 15:25:12 UTC 2026","","test_nodes_availability","",""
"","0","test_address_prefix[Test for Amplitude]","tests","Thu Mar 12 15:22:27 UTC 2026","broken","Thu Mar 12 15:22:27 UTC 2026","TestNetworkPrefix","test_network_parameters","",""
"","0","test_can_create_connection[Test for Polkadot People, url: wss://people-polkadot.public.curie.radiumblock.co/ws]","tests","Thu Mar 12 15:21:51 UTC 2026","passed","Thu Mar 12 15:21:51 UTC 2026","","test_nodes_availability","",""
"","140","test_rpc_method_is_available[Test for Hydration, url: wss://rpc.hydradx.cloud]","tests","Thu Mar 12 15:23:23 UTC 2026","passed","Thu Mar 12 15:23:23 UTC 2026","","test_rpc_methods_availability","",""
"","0","test_can_create_connection[Test for Interlay, url: wss://api.interlay.io/parachain]","tests","Thu Mar 12 15:22:51 UTC 2026","passed","Thu Mar 12 15:22:51 UTC 2026","","test_nodes_availability","",""
"","173","test_rpc_method_is_available[Test for Kusama People, url: wss://sys.ibp.network/people-kusama]","tests","Thu Mar 12 15:21:56 UTC 2026","passed","Thu Mar 12 15:21:56 UTC 2026","","test_rpc_methods_availability","",""
"","174","test_rpc_method_is_available[Test for Polkadot People, url: wss://people-polkadot.dotters.network]","tests","Thu Mar 12 15:21:44 UTC 2026","passed","Thu Mar 12 15:21:44 UTC 2026","","test_rpc_methods_availability","",""
"","162","test_rpc_method_is_available[Test for NeuroWeb, url: wss://parachain-rpc.origin-trail.network]","tests","Thu Mar 12 15:23:30 UTC 2026","passed","Thu Mar 12 15:23:30 UTC 2026","","test_rpc_methods_availability","",""
"","0","test_address_prefix[Test for Crust Shadow]","tests","Thu Mar 12 15:21:56 UTC 2026","passed","Thu Mar 12 15:21:56 UTC 2026","TestNetworkPrefix","test_network_parameters","",""
"","7","test_has_new_assets[Test for Kusama Coretime]","tests","Thu Mar 12 15:23:12 UTC 2026","passed","Thu Mar 12 15:23:12 UTC 2026","TestAssets","test_check_new_assets","",""
"","207","test_rpc_method_is_available[Test for Kusama Coretime, url: wss://coretime-kusama.dotters.network]","tests","Thu Mar 12 15:25:20 UTC 2026","passed","Thu Mar 12 15:25:20 UTC 2026","","test_rpc_methods_availability","",""
"","128","test_rpc_method_is_available[Test for Joystream, url: wss://rpc.joystream.org]","tests","Thu Mar 12 15:24:37 UTC 2026","passed","Thu Mar 12 15:24:37 UTC 2026","","test_rpc_methods_availability","",""
"","0","test_can_create_connection[Test for Energy Web X, url: wss://public-rpc.mainnet.energywebx.com/]","tests","Thu Mar 12 15:25:01 UTC 2026","passed","Thu Mar 12 15:25:01 UTC 2026","","test_nodes_availability","",""
"","0","test_can_create_connection[Test for Kusama Relay, url: wss://rpc-kusama-2.novasama-tech.org]","tests","Thu Mar 12 15:21:38 UTC 2026","passed","Thu Mar 12 15:21:38 UTC 2026","","test_nodes_availability","",""
"","157","test_rpc_method_is_available[Test for Bittensor, url: wss://entrypoint-finney.opentensor.ai:443]","tests","Thu Mar 12 15:23:54 UTC 2026","passed","Thu Mar 12 15:23:54 UTC 2026","","test_rpc_methods_availability","",""
"","0","test_address_prefix[Test for Hydration]","tests","Thu Mar 12 15:22:07 UTC 2026","passed","Thu Mar 12 15:22:07 UTC 2026","TestNetworkPrefix","test_network_parameters","",""
"","1","test_can_create_connection[Test for Vara, url: wss://rpc.vara-network.io]","tests","Thu Mar 12 15:24:43 UTC 2026","passed","Thu Mar 12 15:24:43 UTC 2026","","test_nodes_availability","",""
"","1","test_can_create_connection[Test for Acala, url: wss://acala-rpc-0.aca-api.network]","tests","Thu Mar 12 15:22:23 UTC 2026","passed","Thu Mar 12 15:22:23 UTC 2026","","test_nodes_availability","",""
"","0","test_can_create_connection[Test for Kusama Relay, url: wss://kusama.public.curie.radiumblock.co/ws]","tests","Thu Mar 12 15:22:11 UTC 2026","passed","Thu Mar 12 15:22:11 UTC 2026","","test_nodes_availability","",""
"","0","test_can_create_connection[Test for Bittensor, url: wss://entrypoint-finney.opentensor.ai:443]","tests","Thu Mar 12 15:24:19 UTC 2026","passed","Thu Mar 12 15:24:19 UTC 2026","","test_nodes_availability","",""
"","0","test_address_prefix[Test for Centrifuge Parachain]","tests","Thu Mar 12 15:22:01 UTC 2026","passed","Thu Mar 12 15:22:01 UTC 2026","TestNetworkPrefix","test_network_parameters","",""
"","0","test_can_create_connection[Test for Hydration, url: wss://hydration.dotters.network]","tests","Thu Mar 12 15:22:46 UTC 2026","passed","Thu Mar 12 15:22:46 UTC 2026","","test_nodes_availability","",""
"","99","test_rpc_method_is_available[Test for Ajuna, url: wss://rpc-para.ajuna.network]","tests","Thu Mar 12 15:24:00 UTC 2026","passed","Thu Mar 12 15:24:00 UTC 2026","","test_rpc_methods_availability","",""
"","0","test_chainId[Test for Crust Polkadot Parachain]","tests","Thu Mar 12 15:22:47 UTC 2026","passed","Thu Mar 12 15:22:47 UTC 2026","TestChainId","test_network_parameters","",""
"","11","test_has_new_assets[Test for Polkadot Bridge Hub]","tests","Thu Mar 12 15:22:35 UTC 2026","passed","Thu Mar 12 15:22:35 UTC 2026","TestAssets","test_check_new_assets","",""
"","93","test_rpc_method_is_available[Test for GIANT, url: wss://rpc-anchor-2-mainnet-az-ue1.giantprotocol.org:443]","tests","Thu Mar 12 15:24:15 UTC 2026","passed","Thu Mar 12 15:24:15 UTC 2026","","test_rpc_methods_availability","",""
"","0","test_chainId[Test for Amplitude]","tests","Thu Mar 12 15:22:28 UTC 2026","broken","Thu Mar 12 15:22:28 UTC 2026","TestChainId","test_network_parameters","",""
"","11","test_has_new_assets[Test for Polymesh]","tests","Thu Mar 12 15:22:26 UTC 2026","passed","Thu Mar 12 15:22:26 UTC 2026","TestAssets","test_check_new_assets","",""
"","773","test_rpc_method_is_available[Test for Kusama Asset Hub, url: wss://sys.ibp.network/statemine]","tests","Thu Mar 12 15:22:27 UTC 2026","passed","Thu Mar 12 15:22:28 UTC 2026","","test_rpc_methods_availability","",""
"","7","test_has_new_assets[Test for Darwinia]","tests","Thu Mar 12 15:22:33 UTC 2026","passed","Thu Mar 12 15:22:33 UTC 2026","TestAssets","test_check_new_assets","",""
"","11","test_has_new_assets[Test for Kusama Asset Hub]","tests","Thu Mar 12 15:21:54 UTC 2026","passed","Thu Mar 12 15:21:54 UTC 2026","TestAssets","test_check_new_assets","",""
"","138","test_rpc_method_is_available[Test for Polymesh, url: wss://mainnet-rpc.polymesh.network]","tests","Thu Mar 12 15:24:00 UTC 2026","passed","Thu Mar 12 15:24:00 UTC 2026","","test_rpc_methods_availability","",""
"","0","test_has_new_assets[Test for Nodle Parachain]","tests","Thu Mar 12 15:22:30 UTC 2026","broken","Thu Mar 12 15:22:30 UTC 2026","TestAssets","test_check_new_assets","",""
"","0","test_rpc_method_is_available[Test for QUARTZ, url: wss://eu-ws-quartz.unique.network]","tests","Thu Mar 12 15:23:50 UTC 2026","broken","Thu Mar 12 15:23:50 UTC 2026","","test_rpc_methods_availability","",""
"","0","test_address_prefix[Test for Ternoa]","tests","Thu Mar 12 15:22:32 UTC 2026","passed","Thu Mar 12 15:22:32 UTC 2026","TestNetworkPrefix","test_network_parameters","",""
"","99","test_rpc_method_is_available[Test for Polkadot Coretime, url: wss://polkadot-coretime-rpc.polkadot.io]","tests","Thu Mar 12 15:25:22 UTC 2026","passed","Thu Mar 12 15:25:22 UTC 2026","","test_rpc_methods_availability","",""
"","0","test_chainId[Test for Kusama Bridge Hub]","tests","Thu Mar 12 15:22:52 UTC 2026","passed","Thu Mar 12 15:22:52 UTC 2026","TestChainId","test_network_parameters","",""
"","0","test_address_prefix[Test for UNIQUE]","tests","Thu Mar 12 15:22:16 UTC 2026","passed","Thu Mar 12 15:22:16 UTC 2026","TestNetworkPrefix","test_network_parameters","",""
"","0","test_chainId[Test for Bittensor]","tests","Thu Mar 12 15:22:17 UTC 2026","passed","Thu Mar 12 15:22:17 UTC 2026","TestChainId","test_network_parameters","",""
"","98","test_rpc_method_is_available[Test for Polkadot Asset Hub, url: wss://asset-hub-polkadot.dotters.network]","tests","Thu Mar 12 15:23:18 UTC 2026","passed","Thu Mar 12 15:23:18 UTC 2026","","test_rpc_methods_availability","",""
"","0","test_chainId[Test for Mythos]","tests","Thu Mar 12 15:22:58 UTC 2026","passed","Thu Mar 12 15:22:58 UTC 2026","TestChainId","test_network_parameters","",""
"","100","test_rpc_method_is_available[Test for Kusama Bridge Hub, url: wss://bridge-hub-kusama.dotters.network]","tests","Thu Mar 12 15:24:23 UTC 2026","passed","Thu Mar 12 15:24:23 UTC 2026","","test_rpc_methods_availability","",""
"","0","test_chainId[Test for DENTNet]","tests","Thu Mar 12 15:23:14 UTC 2026","broken","Thu Mar 12 15:23:14 UTC 2026","TestChainId","test_network_parameters","",""
"","153","test_rpc_method_is_available[Test for Polkadot Coretime, url: wss://rpc-coretime-polkadot.luckyfriday.io]","tests","Thu Mar 12 15:25:21 UTC 2026","passed","Thu Mar 12 15:25:21 UTC 2026","","test_rpc_methods_availability","",""
"","317","test_rpc_method_is_available[Test for Kusama Relay, url: wss://rpc-kusama-2.novasama-tech.org]","tests","Thu Mar 12 15:21:37 UTC 2026","passed","Thu Mar 12 15:21:37 UTC 2026","","test_rpc_methods_availability","",""
"","0","test_can_create_connection[Test for Polkadot Relay, url: wss://1rpc.io/dot]","tests","Thu Mar 12 15:22:31 UTC 2026","passed","Thu Mar 12 15:22:31 UTC 2026","","test_nodes_availability","",""
"","1","test_can_create_connection[Test for Kusama Asset Hub, url: wss://sys.ibp.network/statemine]","tests","Thu Mar 12 15:22:28 UTC 2026","passed","Thu Mar 12 15:22:28 UTC 2026","","test_nodes_availability","",""
"","0","test_can_create_connection[Test for Bifrost Polkadot, url: wss://bifrost-polkadot.ibp.network]","tests","Thu Mar 12 15:23:33 UTC 2026","passed","Thu Mar 12 15:23:33 UTC 2026","","test_nodes_availability","",""
"","0","test_can_create_connection[Test for Ajuna, url: wss://ajuna.ibp.network]","tests","Thu Mar 12 15:24:33 UTC 2026","passed","Thu Mar 12 15:24:33 UTC 2026","","test_nodes_availability","",""
"","1","test_can_create_connection[Test for Tangle, url: wss://rpc.tangle.tools]","tests","Thu Mar 12 15:25:35 UTC 2026","passed","Thu Mar 12 15:25:35 UTC 2026","","test_nodes_availability","",""
"","0","test_address_prefix[Test for Aleph Zero]","tests","Thu Mar 12 15:21:53 UTC 2026","passed","Thu Mar 12 15:21:53 UTC 2026","TestNetworkPrefix","test_network_parameters","",""
"","7","test_has_new_assets[Test for Ternoa]","tests","Thu Mar 12 15:22:20 UTC 2026","passed","Thu Mar 12 15:22:20 UTC 2026","TestAssets","test_check_new_assets","",""
"","0","test_can_create_connection[Test for CC Enterprise, url: wss://mainnet.creditcoin.network/ws]","tests","Thu Mar 12 15:25:23 UTC 2026","passed","Thu Mar 12 15:25:23 UTC 2026","","test_nodes_availability","",""
"","0","test_can_create_connection[Test for Polkadot Collectives, url: wss://sys.ibp.network/collectives-polkadot]","tests","Thu Mar 12 15:25:04 UTC 2026","passed","Thu Mar 12 15:25:04 UTC 2026","","test_nodes_availability","",""
"","0","test_can_create_connection[Test for 3DPass, url: wss://rpc.p3d.top]","tests","Thu Mar 12 15:24:52 UTC 2026","passed","Thu Mar 12 15:24:52 UTC 2026","","test_nodes_availability","",""
"","0","test_address_prefix[Test for 3DPass]","tests","Thu Mar 12 15:22:29 UTC 2026","passed","Thu Mar 12 15:22:29 UTC 2026","TestNetworkPrefix","test_network_parameters","",""
"","0","test_can_create_connection[Test for Kusama Relay, url: wss://rpc.ibp.network/kusama]","tests","Thu Mar 12 15:21:42 UTC 2026","passed","Thu Mar 12 15:21:42 UTC 2026","","test_nodes_availability","",""
"","98","test_rpc_method_is_available[Test for Humanode, url: wss://explorer-rpc-ws.mainnet.stages.humanode.io]","tests","Thu Mar 12 15:25:04 UTC 2026","passed","Thu Mar 12 15:25:04 UTC 2026","","test_rpc_methods_availability","",""
"","0","test_can_create_connection[Test for Encointer, url: wss://api.kusama.encointer.org]","tests","Thu Mar 12 15:22:34 UTC 2026","passed","Thu Mar 12 15:22:34 UTC 2026","","test_nodes_availability","",""
"","0","test_can_create_connection[Test for Polkadot People, url: wss://polkadot-people-rpc.polkadot.io]","tests","Thu Mar 12 15:21:38 UTC 2026","passed","Thu Mar 12 15:21:38 UTC 2026","","test_nodes_availability","",""
"","157","test_rpc_method_is_available[Test for Kusama Relay, url: wss://apps-kusama-rpc.polkadot.io]","tests","Thu Mar 12 15:21:51 UTC 2026","passed","Thu Mar 12 15:21:51 UTC 2026","","test_rpc_methods_availability","",""
"","0","test_address_prefix[Test for Pendulum]","tests","Thu Mar 12 15:22:25 UTC 2026","passed","Thu Mar 12 15:22:25 UTC 2026","TestNetworkPrefix","test_network_parameters","",""
"","1","test_can_create_connection[Test for Crust Shadow, url: wss://rpc-sha-subscan.crustnetwork.xyz]","tests","Thu Mar 12 15:22:49 UTC 2026","passed","Thu Mar 12 15:22:49 UTC 2026","","test_nodes_availability","",""
"","174","test_rpc_method_is_available[Test for Shiden, url: wss://shiden.public.curie.radiumblock.co/ws]","tests","Thu Mar 12 15:22:29 UTC 2026","passed","Thu Mar 12 15:22:29 UTC 2026","","test_rpc_methods_availability","",""
"","0","test_can_create_connection[Test for Moonriver, url: wss://moonriver-rpc.publicnode.com]","tests","Thu Mar 12 15:22:08 UTC 2026","passed","Thu Mar 12 15:22:08 UTC 2026","","test_nodes_availability","",""
"","147","test_rpc_method_is_available[Test for Crust Shadow, url: wss://rpc2-shadow.crust.network/]","tests","Thu Mar 12 15:22:56 UTC 2026","passed","Thu Mar 12 15:22:57 UTC 2026","","test_rpc_methods_availability","",""
"","1","test_chainId[Test for Polkadot Collectives]","tests","Thu Mar 12 15:22:36 UTC 2026","passed","Thu Mar 12 15:22:36 UTC 2026","TestChainId","test_network_parameters","",""
"","138","test_rpc_method_is_available[Test for Polkadot Collectives, url: wss://collectives-polkadot.dotters.network]","tests","Thu Mar 12 15:24:26 UTC 2026","passed","Thu Mar 12 15:24:26 UTC 2026","","test_rpc_methods_availability","",""
"","163","test_rpc_method_is_available[Test for Encointer, url: wss://api.kusama.encointer.org]","tests","Thu Mar 12 15:22:34 UTC 2026","passed","Thu Mar 12 15:22:34 UTC 2026","","test_rpc_methods_availability","",""
"","10","test_has_new_assets[Test for Tangle]","tests","Thu Mar 12 15:23:26 UTC 2026","passed","Thu Mar 12 15:23:26 UTC 2026","TestAssets","test_check_new_assets","",""
"","1","test_chainId[Test for Humanode]","tests","Thu Mar 12 15:23:20 UTC 2026","passed","Thu Mar 12 15:23:20 UTC 2026","TestChainId","test_network_parameters","",""
"","101","test_rpc_method_is_available[Test for Interlay, url: wss://rpc-interlay.luckyfriday.io/]","tests","Thu Mar 12 15:22:52 UTC 2026","passed","Thu Mar 12 15:22:52 UTC 2026","","test_rpc_methods_availability","",""
"","0","test_chainId[Test for Polkadot People]","tests","Thu Mar 12 15:21:33 UTC 2026","passed","Thu Mar 12 15:21:33 UTC 2026","TestChainId","test_network_parameters","",""
"","173","test_rpc_method_is_available[Test for Karura, url: wss://karura-rpc-1.aca-api.network]","tests","Thu Mar 12 15:21:38 UTC 2026","passed","Thu Mar 12 15:21:39 UTC 2026","","test_rpc_methods_availability","",""
"","136","test_rpc_method_is_available[Test for Acala, url: wss://acala-rpc-2.aca-api.network/ws]","tests","Thu Mar 12 15:22:32 UTC 2026","passed","Thu Mar 12 15:22:32 UTC 2026","","test_rpc_methods_availability","",""
"","0","test_can_create_connection[Test for QUARTZ, url: wss://us-ws-quartz.unique.network]","tests","Thu Mar 12 15:22:18 UTC 2026","broken","Thu Mar 12 15:22:18 UTC 2026","","test_nodes_availability","",""
"","0","test_address_prefix[Test for Karura]","tests","Thu Mar 12 15:21:40 UTC 2026","passed","Thu Mar 12 15:21:40 UTC 2026","TestNetworkPrefix","test_network_parameters","",""
"","105","test_rpc_method_is_available[Test for Astar, url: wss://astar-rpc.n.dwellir.com]","tests","Thu Mar 12 15:22:56 UTC 2026","passed","Thu Mar 12 15:22:56 UTC 2026","","test_rpc_methods_availability","",""
"","0","test_chainId[Test for Vara]","tests","Thu Mar 12 15:22:32 UTC 2026","passed","Thu Mar 12 15:22:32 UTC 2026","TestChainId","test_network_parameters","",""
"","0","test_address_prefix[Test for Hyperbridge Nexus]","tests","Thu Mar 12 15:23:01 UTC 2026","passed","Thu Mar 12 15:23:01 UTC 2026","TestNetworkPrefix","test_network_parameters","",""
"","0","test_address_prefix[Test for JAMTON]","tests","Thu Mar 12 15:23:14 UTC 2026","passed","Thu Mar 12 15:23:14 UTC 2026","TestNetworkPrefix","test_network_parameters","",""
"","0","test_address_prefix[Test for Mythos]","tests","Thu Mar 12 15:23:03 UTC 2026","passed","Thu Mar 12 15:23:03 UTC 2026","TestNetworkPrefix","test_network_parameters","",""
"","102","test_rpc_method_is_available[Test for Aventus, url: wss://public-rpc.mainnet.aventus.io]","tests","Thu Mar 12 15:24:06 UTC 2026","passed","Thu Mar 12 15:24:06 UTC 2026","","test_rpc_methods_availability","",""
"","0","test_address_prefix[Test for Kusama Relay]","tests","Thu Mar 12 15:21:41 UTC 2026","passed","Thu Mar 12 15:21:41 UTC 2026","TestNetworkPrefix","test_network_parameters","",""
"","145","test_rpc_method_is_available[Test for Tangle, url: wss://rpc.tangle.tools]","tests","Thu Mar 12 15:25:18 UTC 2026","passed","Thu Mar 12 15:25:18 UTC 2026","","test_rpc_methods_availability","",""
"","1","test_chainId[Test for Joystream]","tests","Thu Mar 12 15:22:45 UTC 2026","passed","Thu Mar 12 15:22:45 UTC 2026","TestChainId","test_network_parameters","",""
"","0","test_chainId[Test for DeepBrain]","tests","Thu Mar 12 15:23:15 UTC 2026","broken","Thu Mar 12 15:23:15 UTC 2026","TestChainId","test_network_parameters","",""
"","96","test_rpc_method_is_available[Test for Hyperbridge Nexus, url: wss://nexus.ibp.network]","tests","Thu Mar 12 15:24:46 UTC 2026","passed","Thu Mar 12 15:24:46 UTC 2026","","test_rpc_methods_availability","",""
"","0","test_can_create_connection[Test for Darwinia, url: wss://rpc.darwinia.network]","tests","Thu Mar 12 15:24:20 UTC 2026","passed","Thu Mar 12 15:24:20 UTC 2026","","test_nodes_availability","",""
"","96","test_rpc_method_is_available[Test for krest, url: wss://krest.api.onfinality.io/public-ws']","tests","Thu Mar 12 15:25:06 UTC 2026","passed","Thu Mar 12 15:25:06 UTC 2026","","test_rpc_methods_availability","",""
"","103","test_rpc_method_is_available[Test for Polkadot Relay, url: wss://dot-rpc.stakeworld.io]","tests","Thu Mar 12 15:22:19 UTC 2026","passed","Thu Mar 12 15:22:19 UTC 2026","","test_rpc_methods_availability","",""
"","0","test_can_create_connection[Test for Acala, url: wss://acala-rpc-2.aca-api.network/ws]","tests","Thu Mar 12 15:22:30 UTC 2026","passed","Thu Mar 12 15:22:30 UTC 2026","","test_nodes_availability","",""
"","12","test_has_new_assets[Test for Centrifuge Parachain]","tests","Thu Mar 12 15:22:05 UTC 2026","passed","Thu Mar 12 15:22:05 UTC 2026","TestAssets","test_check_new_assets","",""
"","177","test_rpc_method_is_available[Test for Kusama Relay, url: wss://rpc-kusama.luckyfriday.io]","tests","Thu Mar 12 15:21:56 UTC 2026","passed","Thu Mar 12 15:21:56 UTC 2026","","test_rpc_methods_availability","",""
"","0","test_can_create_connection[Test for Amplitude, url: wss://rpc-amplitude.pendulumchain.tech]","tests","Thu Mar 12 15:24:12 UTC 2026","broken","Thu Mar 12 15:24:12 UTC 2026","","test_nodes_availability","",""
"","0","test_can_create_connection[Test for Curio, url: wss://parachain.curioinvest.com/]","tests","Thu Mar 12 15:25:29 UTC 2026","broken","Thu Mar 12 15:25:29 UTC 2026","","test_nodes_availability","",""
"","101","test_rpc_method_is_available[Test for Polkadot Relay, url: wss://polkadot.dotters.network]","tests","Thu Mar 12 15:22:10 UTC 2026","passed","Thu Mar 12 15:22:11 UTC 2026","","test_rpc_methods_availability","",""
"","138","test_rpc_method_is_available[Test for Laos, url: wss://rpc.laos.laosfoundation.io]","tests","Thu Mar 12 15:25:09 UTC 2026","passed","Thu Mar 12 15:25:09 UTC 2026","","test_rpc_methods_availability","",""
"","143","test_rpc_method_is_available[Test for Kusama Relay, url: wss://kusama.dotters.network]","tests","Thu Mar 12 15:21:45 UTC 2026","passed","Thu Mar 12 15:21:45 UTC 2026","","test_rpc_methods_availability","",""
"","0","test_address_prefix[Test for Zeitgeist]","tests","Thu Mar 12 15:22:13 UTC 2026","passed","Thu Mar 12 15:22:13 UTC 2026","TestNetworkPrefix","test_network_parameters","",""
"","0","test_can_create_connection[Test for Kusama Coretime, url: wss://rpc-coretime-kusama.luckyfriday.io]","tests","Thu Mar 12 15:25:45 UTC 2026","passed","Thu Mar 12 15:25:45 UTC 2026","","test_nodes_availability","",""
"","0","test_address_prefix[Test for Cere]","tests","Thu Mar 12 15:23:02 UTC 2026","passed","Thu Mar 12 15:23:02 UTC 2026","TestNetworkPrefix","test_network_parameters","",""
"","97","test_rpc_method_is_available[Test for Enjin Relay, url: wss://rpc.relay.blockchain.enjin.io]","tests","Thu Mar 12 15:24:41 UTC 2026","passed","Thu Mar 12 15:24:41 UTC 2026","","test_rpc_methods_availability","",""
"","6","test_has_new_assets[Test for Enjin Relay]","tests","Thu Mar 12 15:22:49 UTC 2026","passed","Thu Mar 12 15:22:49 UTC 2026","TestAssets","test_check_new_assets","",""
"","0","test_can_create_connection[Test for GIANT, url: wss://rpc-anchor-2-mainnet-az-ue1.giantprotocol.org:443]","tests","Thu Mar 12 15:24:25 UTC 2026","passed","Thu Mar 12 15:24:25 UTC 2026","","test_nodes_availability","",""
"","1","test_can_create_connection[Test for Karura, url: wss://karura-rpc-2.aca-api.network/ws]","tests","Thu Mar 12 15:21:39 UTC 2026","passed","Thu Mar 12 15:21:39 UTC 2026","","test_nodes_availability","",""
"","1","test_can_create_connection[Test for Kusama Bridge Hub, url: wss://bridge-hub-kusama.dotters.network]","tests","Thu Mar 12 15:24:57 UTC 2026","passed","Thu Mar 12 15:24:57 UTC 2026","","test_nodes_availability","",""
"","0","test_chainId[Test for Robonomics]","tests","Thu Mar 12 15:21:58 UTC 2026","passed","Thu Mar 12 15:21:58 UTC 2026","TestChainId","test_network_parameters","",""
"","0","test_can_create_connection[Test for Aventus, url: wss://avn-parachain.mainnet.aventus.io]","tests","Thu Mar 12 15:24:06 UTC 2026","passed","Thu Mar 12 15:24:06 UTC 2026","","test_nodes_availability","",""
"","0","test_address_prefix[Test for Westend (TESTNET)]","tests","Thu Mar 12 15:21:46 UTC 2026","passed","Thu Mar 12 15:21:46 UTC 2026","TestNetworkPrefix","test_network_parameters","",""
"","0","test_has_new_assets[Test for DeepBrain]","tests","Thu Mar 12 15:23:16 UTC 2026","broken","Thu Mar 12 15:23:16 UTC 2026","TestAssets","test_check_new_assets","",""
"","0","test_chainId[Test for JAMTON]","tests","Thu Mar 12 15:23:19 UTC 2026","passed","Thu Mar 12 15:23:19 UTC 2026","TestChainId","test_network_parameters","",""
"","99","test_rpc_method_is_available[Test for Manta Atlantic, url: wss://ws.manta.systems]","tests","Thu Mar 12 15:24:37 UTC 2026","passed","Thu Mar 12 15:24:37 UTC 2026","","test_rpc_methods_availability","",""
"","0","test_can_create_connection[Test for UNIQUE, url: wss://asia-ws.unique.network/]","tests","Thu Mar 12 15:23:53 UTC 2026","passed","Thu Mar 12 15:23:53 UTC 2026","","test_nodes_availability","",""
"","1","test_chainId[Test for Karura]","tests","Thu Mar 12 15:21:38 UTC 2026","passed","Thu Mar 12 15:21:38 UTC 2026","TestChainId","test_network_parameters","",""
"","136","test_rpc_method_is_available[Test for Aventus, url: wss://avn-parachain.mainnet.aventus.io]","tests","Thu Mar 12 15:24:02 UTC 2026","passed","Thu Mar 12 15:24:02 UTC 2026","","test_rpc_methods_availability","",""
"","1","test_can_create_connection[Test for Polkadot Coretime, url: wss://coretime-polkadot.dotters.network]","tests","Thu Mar 12 15:25:41 UTC 2026","passed","Thu Mar 12 15:25:41 UTC 2026","","test_nodes_availability","",""
"","175","test_rpc_method_is_available[Test for XX network, url: wss://rpc.xx.network]","tests","Thu Mar 12 15:24:08 UTC 2026","passed","Thu Mar 12 15:24:09 UTC 2026","","test_rpc_methods_availability","",""
"","12","test_has_new_assets[Test for Enjin Matrix]","tests","Thu Mar 12 15:22:50 UTC 2026","passed","Thu Mar 12 15:22:50 UTC 2026","TestAssets","test_check_new_assets","",""
"","1","test_can_create_connection[Test for Polymesh, url: wss://mainnet-rpc.polymesh.network]","tests","Thu Mar 12 15:24:21 UTC 2026","passed","Thu Mar 12 15:24:21 UTC 2026","","test_nodes_availability","",""
"","1","test_chainId[Test for Kusama People]","tests","Thu Mar 12 15:21:36 UTC 2026","passed","Thu Mar 12 15:21:36 UTC 2026","TestChainId","test_network_parameters","",""
"","0","test_can_create_connection[Test for Altair, url: wss://altair.api.onfinality.io/public-ws]","tests","Thu Mar 12 15:22:56 UTC 2026","passed","Thu Mar 12 15:22:56 UTC 2026","","test_nodes_availability","",""
"","150","test_rpc_method_is_available[Test for Crust Shadow, url: wss://rpc-sha-subscan.crustnetwork.xyz]","tests","Thu Mar 12 15:22:50 UTC 2026","passed","Thu Mar 12 15:22:50 UTC 2026","","test_rpc_methods_availability","",""
"","0","test_can_create_connection[Test for KILT, url: wss://kilt.dotters.network]","tests","Thu Mar 12 15:23:12 UTC 2026","passed","Thu Mar 12 15:23:12 UTC 2026","","test_nodes_availability","",""
"","0","test_can_create_connection[Test for Basilisk, url: wss://rpc.basilisk.cloud]","tests","Thu Mar 12 15:22:53 UTC 2026","passed","Thu Mar 12 15:22:53 UTC 2026","","test_nodes_availability","",""
"","0","test_address_prefix[Test for Acala]","tests","Thu Mar 12 15:21:51 UTC 2026","passed","Thu Mar 12 15:21:51 UTC 2026","TestNetworkPrefix","test_network_parameters","",""
"","96","test_rpc_method_is_available[Test for Robonomics, url: wss://kusama.rpc.robonomics.network/]","tests","Thu Mar 12 15:23:23 UTC 2026","passed","Thu Mar 12 15:23:23 UTC 2026","","test_rpc_methods_availability","",""
"","0","test_chainId[Test for peaq]","tests","Thu Mar 12 15:23:22 UTC 2026","passed","Thu Mar 12 15:23:22 UTC 2026","TestChainId","test_network_parameters","",""
"","7","test_has_new_assets[Test for Aventus]","tests","Thu Mar 12 15:22:22 UTC 2026","passed","Thu Mar 12 15:22:22 UTC 2026","TestAssets","test_check_new_assets","",""
"","0","test_can_create_connection[Test for Manta Atlantic, url: wss://ws.manta.systems]","tests","Thu Mar 12 15:24:55 UTC 2026","passed","Thu Mar 12 15:24:55 UTC 2026","","test_nodes_availability","",""
"","1","test_chainId[Test for Polymesh]","tests","Thu Mar 12 15:22:36 UTC 2026","passed","Thu Mar 12 15:22:36 UTC 2026","TestChainId","test_network_parameters","",""
"","0","test_chainId[Test for Pendulum]","tests","Thu Mar 12 15:22:42 UTC 2026","passed","Thu Mar 12 15:22:42 UTC 2026","TestChainId","test_network_parameters","",""
"","0","test_can_create_connection[Test for Mythos, url: wss://polkadot-mythos-rpc.polkadot.io]","tests","Thu Mar 12 15:25:34 UTC 2026","passed","Thu Mar 12 15:25:34 UTC 2026","","test_nodes_availability","",""
"","0","test_can_create_connection[Test for Polkadot Relay, url: wss://rpc-polkadot-2.novasama-tech.org]","tests","Thu Mar 12 15:22:03 UTC 2026","passed","Thu Mar 12 15:22:03 UTC 2026","","test_nodes_availability","",""
"","100","test_rpc_method_is_available[Test for Polkadot Asset Hub, url: wss://asset-hub-polkadot-rpc.n.dwellir.com]","tests","Thu Mar 12 15:23:09 UTC 2026","passed","Thu Mar 12 15:23:09 UTC 2026","","test_rpc_methods_availability","",""
"","6","test_has_new_assets[Test for CC Enterprise]","tests","Thu Mar 12 15:23:01 UTC 2026","passed","Thu Mar 12 15:23:01 UTC 2026","TestAssets","test_check_new_assets","",""
"","94","test_rpc_method_is_available[Test for Acurast, url: wss://public-archive.mainnet.acurast.com]","tests","Thu Mar 12 15:25:28 UTC 2026","passed","Thu Mar 12 15:25:28 UTC 2026","","test_rpc_methods_availability","",""
"","0","test_chainId[Test for KILT]","tests","Thu Mar 12 15:21:36 UTC 2026","passed","Thu Mar 12 15:21:36 UTC 2026","TestChainId","test_network_parameters","",""
"","0","test_address_prefix[Test for Polkadot Bridge Hub]","tests","Thu Mar 12 15:22:34 UTC 2026","passed","Thu Mar 12 15:22:34 UTC 2026","TestNetworkPrefix","test_network_parameters","",""
"","0","test_address_prefix[Test for Frequency]","tests","Thu Mar 12 15:22:37 UTC 2026","passed","Thu Mar 12 15:22:37 UTC 2026","TestNetworkPrefix","test_network_parameters","",""
"","0","test_address_prefix[Test for krest]","tests","Thu Mar 12 15:22:46 UTC 2026","passed","Thu Mar 12 15:22:46 UTC 2026","TestNetworkPrefix","test_network_parameters","",""
"","101","test_rpc_method_is_available[Test for Mythos, url: wss://polkadot-mythos-rpc.polkadot.io]","tests","Thu Mar 12 15:24:51 UTC 2026","passed","Thu Mar 12 15:24:51 UTC 2026","","test_rpc_methods_availability","",""
"","0","test_chainId[Test for Tangle]","tests","Thu Mar 12 15:23:18 UTC 2026","passed","Thu Mar 12 15:23:18 UTC 2026","TestChainId","test_network_parameters","",""
"","0","test_can_create_connection[Test for krest, url: wss://krest.api.onfinality.io/public-ws']","tests","Thu Mar 12 15:25:18 UTC 2026","passed","Thu Mar 12 15:25:18 UTC 2026","","test_nodes_availability","",""
"","0","test_address_prefix[Test for Joystream]","tests","Thu Mar 12 15:22:49 UTC 2026","passed","Thu Mar 12 15:22:49 UTC 2026","TestNetworkPrefix","test_network_parameters","",""
"","0","test_address_prefix[Test for Polkadot Relay]","tests","Thu Mar 12 15:21:35 UTC 2026","passed","Thu Mar 12 15:21:35 UTC 2026","TestNetworkPrefix","test_network_parameters","",""
"","0","test_can_create_connection[Test for Moonriver, url: wss://wss.api.moonriver.moonbeam.network]","tests","Thu Mar 12 15:22:08 UTC 2026","passed","Thu Mar 12 15:22:08 UTC 2026","","test_nodes_availability","",""
"","0","test_can_create_connection[Test for Polkadot Bridge Hub, url: wss://dot-rpc.stakeworld.io/bridgehub]","tests","Thu Mar 12 15:24:34 UTC 2026","passed","Thu Mar 12 15:24:34 UTC 2026","","test_nodes_availability","",""
"","7","test_has_new_assets[Test for Vara]","tests","Thu Mar 12 15:22:37 UTC 2026","passed","Thu Mar 12 15:22:37 UTC 2026","TestAssets","test_check_new_assets","",""
"","0","test_chainId[Test for Acurast]","tests","Thu Mar 12 15:23:26 UTC 2026","passed","Thu Mar 12 15:23:26 UTC 2026","TestChainId","test_network_parameters","",""
"","166","test_rpc_method_is_available[Test for Phala, url: wss://phala.public.curie.radiumblock.co/ws]","tests","Thu Mar 12 15:23:25 UTC 2026","passed","Thu Mar 12 15:23:25 UTC 2026","","test_rpc_methods_availability","",""
"","139","test_rpc_method_is_available[Test for Bittensor, url: wss://bittensor-finney.api.onfinality.io/public-ws]","tests","Thu Mar 12 15:24:12 UTC 2026","passed","Thu Mar 12 15:24:13 UTC 2026","","test_rpc_methods_availability","",""
"","171","test_rpc_method_is_available[Test for UNIQUE, url: wss://asia-ws.unique.network/]","tests","Thu Mar 12 15:23:32 UTC 2026","passed","Thu Mar 12 15:23:32 UTC 2026","","test_rpc_methods_availability","",""
"","102","test_rpc_method_is_available[Test for Kusama Coretime, url: wss://rpc-coretime-kusama.luckyfriday.io]","tests","Thu Mar 12 15:25:23 UTC 2026","passed","Thu Mar 12 15:25:23 UTC 2026","","test_rpc_methods_availability","",""
"","0","test_chainId[Test for Ajuna]","tests","Thu Mar 12 15:22:23 UTC 2026","passed","Thu Mar 12 15:22:23 UTC 2026","TestChainId","test_network_parameters","",""
"","0","test_can_create_connection[Test for Bittensor, url: wss://bittensor-finney.api.onfinality.io/public-ws]","tests","Thu Mar 12 15:24:18 UTC 2026","passed","Thu Mar 12 15:24:18 UTC 2026","","test_nodes_availability","",""
"","0","test_can_create_connection[Test for Acurast, url: wss://public-archive.mainnet.acurast.com]","tests","Thu Mar 12 15:25:53 UTC 2026","passed","Thu Mar 12 15:25:53 UTC 2026","","test_nodes_availability","",""
"","96","test_rpc_method_is_available[Test for Bifrost Kusama, url: wss://us.bifrost-rpc.liebi.com/ws]","tests","Thu Mar 12 15:22:45 UTC 2026","passed","Thu Mar 12 15:22:45 UTC 2026","","test_rpc_methods_availability","",""
"","106","test_rpc_method_is_available[Test for XX network, url: wss://rpc-hetzner.xx.network]","tests","Thu Mar 12 15:23:50 UTC 2026","passed","Thu Mar 12 15:23:50 UTC 2026","","test_rpc_methods_availability","",""
"","0","test_can_create_connection[Test for Centrifuge Parachain, url: wss://rpc-centrifuge.luckyfriday.io]","tests","Thu Mar 12 15:23:08 UTC 2026","passed","Thu Mar 12 15:23:08 UTC 2026","","test_nodes_availability","",""
"","96","test_rpc_method_is_available[Test for Bifrost Polkadot, url: wss://hk.p.bifrost-rpc.liebi.com/ws]","tests","Thu Mar 12 15:23:47 UTC 2026","passed","Thu Mar 12 15:23:47 UTC 2026","","test_rpc_methods_availability","",""
"","112","test_rpc_method_is_available[Test for UNIQUE, url: wss://unique.ibp.network]","tests","Thu Mar 12 15:23:36 UTC 2026","passed","Thu Mar 12 15:23:36 UTC 2026","","test_rpc_methods_availability","",""
"","0","test_address_prefix[Test for peaq]","tests","Thu Mar 12 15:23:08 UTC 2026","passed","Thu Mar 12 15:23:08 UTC 2026","TestNetworkPrefix","test_network_parameters","",""
"","106","test_rpc_method_is_available[Test for Polkadex, url: wss://so.polkadex.ee]","tests","Thu Mar 12 15:23:32 UTC 2026","passed","Thu Mar 12 15:23:33 UTC 2026","","test_rpc_methods_availability","",""
"","0","test_can_create_connection[Test for Polkadot Bridge Hub, url: wss://bridge-hub-polkadot.dotters.network]","tests","Thu Mar 12 15:24:31 UTC 2026","passed","Thu Mar 12 15:24:31 UTC 2026","","test_nodes_availability","",""
"","12","test_has_new_assets[Test for Ajuna]","tests","Thu Mar 12 15:22:31 UTC 2026","passed","Thu Mar 12 15:22:31 UTC 2026","TestAssets","test_check_new_assets","",""
"","122","test_rpc_method_is_available[Test for Kintsugi, url: wss://api-kusama.interlay.io/parachain]","tests","Thu Mar 12 15:22:39 UTC 2026","passed","Thu Mar 12 15:22:39 UTC 2026","","test_rpc_methods_availability","",""
"","174","test_rpc_method_is_available[Test for Moonriver, url: wss://wss.api.moonriver.moonbeam.network]","tests","Thu Mar 12 15:22:09 UTC 2026","passed","Thu Mar 12 15:22:10 UTC 2026","","test_rpc_methods_availability","",""
"","0","test_can_create_connection[Test for UNIQUE, url: wss://unique.dotters.network]","tests","Thu Mar 12 15:24:01 UTC 2026","passed","Thu Mar 12 15:24:01 UTC 2026","","test_nodes_availability","",""
"","0","test_rpc_method_is_available[Test for Curio, url: wss://parachain.curioinvest.com/]","tests","Thu Mar 12 15:24:47 UTC 2026","broken","Thu Mar 12 15:24:47 UTC 2026","","test_rpc_methods_availability","",""
"","0","test_chainId[Test for Heima]","tests","Thu Mar 12 15:22:11 UTC 2026","passed","Thu Mar 12 15:22:11 UTC 2026","TestChainId","test_network_parameters","",""
"","104","test_rpc_method_is_available[Test for Polkadot Bridge Hub, url: wss://sys.ibp.network/bridgehub-polkadot]","tests","Thu Mar 12 15:24:17 UTC 2026","passed","Thu Mar 12 15:24:17 UTC 2026","","test_rpc_methods_availability","",""
"","1","test_can_create_connection[Test for Kusama Relay, url: wss://apps-kusama-rpc.polkadot.io]","tests","Thu Mar 12 15:21:51 UTC 2026","passed","Thu Mar 12 15:21:51 UTC 2026","","test_nodes_availability","",""
"","0","test_can_create_connection[Test for Humanode, url: wss://explorer-rpc-ws.mainnet.stages.humanode.io]","tests","Thu Mar 12 15:25:49 UTC 2026","passed","Thu Mar 12 15:25:49 UTC 2026","","test_nodes_availability","",""
"","1","test_chainId[Test for GIANT]","tests","Thu Mar 12 15:22:34 UTC 2026","passed","Thu Mar 12 15:22:34 UTC 2026","TestChainId","test_network_parameters","",""
"","0","test_can_create_connection[Test for Kusama Coretime, url: wss://ksm-rpc.stakeworld.io/coretime]","tests","Thu Mar 12 15:25:47 UTC 2026","passed","Thu Mar 12 15:25:47 UTC 2026","","test_nodes_availability","",""
"","0","test_can_create_connection[Test for Acala, url: wss://acala-rpc.n.dwellir.com]","tests","Thu Mar 12 15:22:39 UTC 2026","passed","Thu Mar 12 15:22:39 UTC 2026","","test_nodes_availability","",""
"","0","test_chainId[Test for Manta Atlantic]","tests","Thu Mar 12 15:22:52 UTC 2026","passed","Thu Mar 12 15:22:52 UTC 2026","TestChainId","test_network_parameters","",""
"","0","test_address_prefix[Test for Heima]","tests","Thu Mar 12 15:22:13 UTC 2026","passed","Thu Mar 12 15:22:13 UTC 2026","TestNetworkPrefix","test_network_parameters","",""
"","0","test_address_prefix[Test for Laos]","tests","Thu Mar 12 15:23:12 UTC 2026","passed","Thu Mar 12 15:23:12 UTC 2026","TestNetworkPrefix","test_network_parameters","",""
"","1","test_can_create_connection[Test for Polkadot Relay, url: wss://rpc.ibp.network/polkadot]","tests","Thu Mar 12 15:22:07 UTC 2026","passed","Thu Mar 12 15:22:07 UTC 2026","","test_nodes_availability","",""
"","0","test_chainId[Test for Westend (TESTNET)]","tests","Thu Mar 12 15:21:43 UTC 2026","passed","Thu Mar 12 15:21:43 UTC 2026","TestChainId","test_network_parameters","",""
"","0","test_can_create_connection[Test for Interlay, url: wss://rpc-interlay.luckyfriday.io/]","tests","Thu Mar 12 15:22:55 UTC 2026","passed","Thu Mar 12 15:22:55 UTC 2026","","test_nodes_availability","",""
"","0","test_can_create_connection[Test for Polkadot Relay, url: wss://rpc-polkadot-1.novasama-tech.org]","tests","Thu Mar 12 15:21:57 UTC 2026","passed","Thu Mar 12 15:21:57 UTC 2026","","test_nodes_availability","",""
"","133","test_rpc_method_is_available[Test for Crust Polkadot Parachain, url: wss://crust-parachain.crustapps.net]","tests","Thu Mar 12 15:23:58 UTC 2026","passed","Thu Mar 12 15:23:58 UTC 2026","","test_rpc_methods_availability","",""
"","108","test_rpc_method_is_available[Test for Hydration, url: wss://rpc-hydra.novasama-tech.org]","tests","Thu Mar 12 15:23:17 UTC 2026","passed","Thu Mar 12 15:23:17 UTC 2026","","test_rpc_methods_availability","",""
"","0","test_rpc_method_is_available[Test for QUARTZ, url: wss://quartz.unique.network]","tests","Thu Mar 12 15:23:39 UTC 2026","broken","Thu Mar 12 15:23:39 UTC 2026","","test_rpc_methods_availability","",""
"","0","test_can_create_connection[Test for Joystream, url: wss://rpc.joystream.org]","tests","Thu Mar 12 15:24:54 UTC 2026","passed","Thu Mar 12 15:24:54 UTC 2026","","test_nodes_availability","",""
"","1","test_can_create_connection[Test for Polkadot People, url: wss://rpc-people-polkadot.luckyfriday.io]","tests","Thu Mar 12 15:21:48 UTC 2026","passed","Thu Mar 12 15:21:48 UTC 2026","","test_nodes_availability","",""
"","0","test_chainId[Test for Kusama Asset Hub]","tests","Thu Mar 12 15:21:47 UTC 2026","passed","Thu Mar 12 15:21:47 UTC 2026","TestChainId","test_network_parameters","",""
"","0","test_rpc_method_is_available[Test for Nodle Parachain, url: wss://nodle-parachain.api.onfinality.io/public-ws]","tests","Thu Mar 12 15:23:03 UTC 2026","broken","Thu Mar 12 15:23:03 UTC 2026","","test_rpc_methods_availability","",""
"","98","test_rpc_method_is_available[Test for Encointer, url: wss://sys.ibp.network/encointer-kusama]","tests","Thu Mar 12 15:23:25 UTC 2026","passed","Thu Mar 12 15:23:25 UTC 2026","","test_rpc_methods_availability","",""
"","0","test_can_create_connection[Test for Polkadex, url: wss://polkadex.public.curie.radiumblock.co/ws]","tests","Thu Mar 12 15:23:46 UTC 2026","broken","Thu Mar 12 15:23:46 UTC 2026","","test_nodes_availability","",""
"","0","test_chainId[Test for NeuroWeb]","tests","Thu Mar 12 15:22:00 UTC 2026","passed","Thu Mar 12 15:22:00 UTC 2026","TestChainId","test_network_parameters","",""
"","106","test_rpc_method_is_available[Test for Darwinia, url: wss://rpc.darwinia.network]","tests","Thu Mar 12 15:24:14 UTC 2026","passed","Thu Mar 12 15:24:14 UTC 2026","","test_rpc_methods_availability","",""
"","107","test_rpc_method_is_available[Test for Energy Web X, url: wss://public-rpc.mainnet.energywebx.com/]","tests","Thu Mar 12 15:24:40 UTC 2026","passed","Thu Mar 12 15:24:40 UTC 2026","","test_rpc_methods_availability","",""
"","1","test_can_create_connection[Test for Hyperbridge Nexus, url: wss://nexus.ibp.network]","tests","Thu Mar 12 15:25:08 UTC 2026","passed","Thu Mar 12 15:25:08 UTC 2026","","test_nodes_availability","",""
"","12","test_has_new_assets[Test for Crust Polkadot Parachain]","tests","Thu Mar 12 15:22:33 UTC 2026","passed","Thu Mar 12 15:22:33 UTC 2026","TestAssets","test_check_new_assets","",""
"","0","test_chainId[Test for Kreivo]","tests","Thu Mar 12 15:22:58 UTC 2026","passed","Thu Mar 12 15:22:58 UTC 2026","TestChainId","test_network_parameters","",""
"","1","test_can_create_connection[Test for Acala, url: wss://acala-rpc-3.aca-api.network/ws]","tests","Thu Mar 12 15:22:35 UTC 2026","passed","Thu Mar 12 15:22:35 UTC 2026","","test_nodes_availability","",""
"","7","test_has_new_assets[Test for Encointer]","tests","Thu Mar 12 15:22:10 UTC 2026","passed","Thu Mar 12 15:22:10 UTC 2026","TestAssets","test_check_new_assets","",""
"","172","test_rpc_method_is_available[Test for Kusama Relay, url: wss://rpc-kusama-1.novasama-tech.org]","tests","Thu Mar 12 15:22:39 UTC 2026","passed","Thu Mar 12 15:22:40 UTC 2026","","test_rpc_methods_availability","",""
"","0","test_address_prefix[Test for Polymesh]","tests","Thu Mar 12 15:22:37 UTC 2026","passed","Thu Mar 12 15:22:37 UTC 2026","TestNetworkPrefix","test_network_parameters","",""
"","0","test_can_create_connection[Test for 3DPass, url: wss://rpc.3dpass.org]","tests","Thu Mar 12 15:24:48 UTC 2026","broken","Thu Mar 12 15:24:48 UTC 2026","","test_nodes_availability","",""
"","9","test_has_new_assets[Test for Crust Shadow]","tests","Thu Mar 12 15:22:00 UTC 2026","passed","Thu Mar 12 15:22:00 UTC 2026","TestAssets","test_check_new_assets","",""
"","98","test_rpc_method_is_available[Test for Hyperbridge Nexus, url: wss://nexus.dotters.network]","tests","Thu Mar 12 15:24:49 UTC 2026","passed","Thu Mar 12 15:24:49 UTC 2026","","test_rpc_methods_availability","",""
"","9","test_has_new_assets[Test for Cere]","tests","Thu Mar 12 15:22:59 UTC 2026","passed","Thu Mar 12 15:22:59 UTC 2026","TestAssets","test_check_new_assets","",""
"","0","test_chainId[Test for Crab]","tests","Thu Mar 12 15:22:42 UTC 2026","broken","Thu Mar 12 15:22:42 UTC 2026","TestChainId","test_network_parameters","",""
"","0","test_can_create_connection[Test for Moonriver, url: wss://moonriver.public.curie.radiumblock.co/ws]","tests","Thu Mar 12 15:22:14 UTC 2026","passed","Thu Mar 12 15:22:14 UTC 2026","","test_nodes_availability","",""
"","1","test_chainId[Test for krest]","tests","Thu Mar 12 15:22:49 UTC 2026","passed","Thu Mar 12 15:22:49 UTC 2026","TestChainId","test_network_parameters","",""
"","144","test_rpc_method_is_available[Test for UNIQUE, url: wss://us-ws.unique.network/]","tests","Thu Mar 12 15:24:17 UTC 2026","passed","Thu Mar 12 15:24:18 UTC 2026","","test_rpc_methods_availability","",""
"","156","test_rpc_method_is_available[Test for Kusama People, url: wss://kusama-people-rpc.polkadot.io]","tests","Thu Mar 12 15:21:53 UTC 2026","passed","Thu Mar 12 15:21:53 UTC 2026","","test_rpc_methods_availability","",""
"","63","test_has_new_assets[Test for Interlay]","tests","Thu Mar 12 15:22:18 UTC 2026","passed","Thu Mar 12 15:22:18 UTC 2026","TestAssets","test_check_new_assets","",""
"","0","test_can_create_connection[Test for Kreivo, url: wss://kreivo.kippu.rocks/]","tests","Thu Mar 12 15:25:09 UTC 2026","passed","Thu Mar 12 15:25:09 UTC 2026","","test_nodes_availability","",""
"","0","test_can_create_connection[Test for Polkadot People, url: wss://people-polkadot.dotters.network]","tests","Thu Mar 12 15:21:46 UTC 2026","passed","Thu Mar 12 15:21:46 UTC 2026","","test_nodes_availability","",""
"","38","test_has_new_assets[Test for Acala]","tests","Thu Mar 12 15:21:55 UTC 2026","passed","Thu Mar 12 15:21:55 UTC 2026","TestAssets","test_check_new_assets","",""
"","1","test_address_prefix[Test for Basilisk]","tests","Thu Mar 12 15:22:11 UTC 2026","passed","Thu Mar 12 15:22:11 UTC 2026","TestNetworkPrefix","test_network_parameters","",""
"","181","test_rpc_method_is_available[Test for Interlay, url: wss://api.interlay.io/parachain]","tests","Thu Mar 12 15:22:48 UTC 2026","passed","Thu Mar 12 15:22:48 UTC 2026","","test_rpc_methods_availability","",""
"","1","test_can_create_connection[Test for Heima, url: wss://rpc.litentry-parachain.litentry.io]","tests","Thu Mar 12 15:23:59 UTC 2026","passed","Thu Mar 12 15:23:59 UTC 2026","","test_nodes_availability","",""
"","1","test_can_create_connection[Test for Hydration, url: wss://rpc-hydra.novasama-tech.org]","tests","Thu Mar 12 15:23:14 UTC 2026","passed","Thu Mar 12 15:23:14 UTC 2026","","test_nodes_availability","",""
"","99","test_rpc_method_is_available[Test for Karura, url: wss://karura-rpc-2.aca-api.network/ws]","tests","Thu Mar 12 15:21:42 UTC 2026","passed","Thu Mar 12 15:21:42 UTC 2026","","test_rpc_methods_availability","",""
"","0","test_can_create_connection[Test for Polkadot People, url: wss://sys.ibp.network/people-polkadot]","tests","Thu Mar 12 15:21:44 UTC 2026","passed","Thu Mar 12 15:21:44 UTC 2026","","test_nodes_availability","",""
"","0","test_address_prefix[Test for Interlay]","tests","Thu Mar 12 15:22:13 UTC 2026","passed","Thu Mar 12 15:22:13 UTC 2026","TestNetworkPrefix","test_network_parameters","",""
"","0","test_can_create_connection[Test for Kusama People, url: wss://kusama-people-rpc.polkadot.io]","tests","Thu Mar 12 15:21:55 UTC 2026","passed","Thu Mar 12 15:21:55 UTC 2026","","test_nodes_availability","",""
"","0","test_can_create_connection[Test for Heima, url: wss://heima-rpc.n.dwellir.com]","tests","Thu Mar 12 15:24:05 UTC 2026","passed","Thu Mar 12 15:24:05 UTC 2026","","test_nodes_availability","",""
"","0","test_rpc_method_is_available[Test for DENTNet, url: wss://rpc.dentnet.io/ws]","tests","Thu Mar 12 15:25:07 UTC 2026","broken","Thu Mar 12 15:25:07 UTC 2026","","test_rpc_methods_availability","",""
"","7","test_has_new_assets[Test for Kreivo]","tests","Thu Mar 12 15:23:05 UTC 2026","passed","Thu Mar 12 15:23:05 UTC 2026","TestAssets","test_check_new_assets","",""
"","7","test_has_new_assets[Test for Frequency]","tests","Thu Mar 12 15:22:34 UTC 2026","passed","Thu Mar 12 15:22:34 UTC 2026","TestAssets","test_check_new_assets","",""
"","97","test_rpc_method_is_available[Test for Cere, url: wss://rpc.mainnet.cere.network/ws]","tests","Thu Mar 12 15:25:01 UTC 2026","passed","Thu Mar 12 15:25:01 UTC 2026","","test_rpc_methods_availability","",""
"","0","test_chainId[Test for Shiden]","tests","Thu Mar 12 15:21:58 UTC 2026","passed","Thu Mar 12 15:21:58 UTC 2026","TestChainId","test_network_parameters","",""
"","130","test_rpc_method_is_available[Test for JAMTON, url: wss://rpc.jamton.network]","tests","Thu Mar 12 15:25:14 UTC 2026","passed","Thu Mar 12 15:25:14 UTC 2026","","test_rpc_methods_availability","",""
"","0","test_chainId[Test for Zeitgeist]","tests","Thu Mar 12 15:22:12 UTC 2026","passed","Thu Mar 12 15:22:12 UTC 2026","TestChainId","test_network_parameters","",""
"","0","test_rpc_method_is_available[Test for DeepBrain, url: wss://info.dbcwallet.io]","tests","Thu Mar 12 15:25:12 UTC 2026","broken","Thu Mar 12 15:25:12 UTC 2026","","test_rpc_methods_availability","",""
"","1","test_can_create_connection[Test for Karura, url: wss://karura-rpc-3.aca-api.network/ws]","tests","Thu Mar 12 15:21:42 UTC 2026","passed","Thu Mar 12 15:21:42 UTC 2026","","test_nodes_availability","",""
"","0","test_can_create_connection[Test for DENTNet, url: wss://rpc.dentnet.io/ws]","tests","Thu Mar 12 15:25:40 UTC 2026","broken","Thu Mar 12 15:25:40 UTC 2026","","test_nodes_availability","",""
"","0","test_can_create_connection[Test for Hydration, url: wss://hydration.ibp.network]","tests","Thu Mar 12 15:23:24 UTC 2026","passed","Thu Mar 12 15:23:24 UTC 2026","","test_nodes_availability","",""
"","0","test_address_prefix[Test for Astar]","tests","Thu Mar 12 15:21:50 UTC 2026","passed","Thu Mar 12 15:21:50 UTC 2026","TestNetworkPrefix","test_network_parameters","",""
"","1","test_address_prefix[Test for DAO IPCI]","tests","Thu Mar 12 15:22:17 UTC 2026","passed","Thu Mar 12 15:22:17 UTC 2026","TestNetworkPrefix","test_network_parameters","",""
"","0","test_address_prefix[Test for Energy Web X]","tests","Thu Mar 12 15:22:55 UTC 2026","passed","Thu Mar 12 15:22:55 UTC 2026","TestNetworkPrefix","test_network_parameters","",""
"","0","test_chainId[Test for UNIQUE]","tests","Thu Mar 12 15:22:17 UTC 2026","passed","Thu Mar 12 15:22:17 UTC 2026","TestChainId","test_network_parameters","",""
"","175","test_rpc_method_is_available[Test for DAO IPCI, url: wss://ipci.rpc.robonomics.network]","tests","Thu Mar 12 15:24:04 UTC 2026","passed","Thu Mar 12 15:24:04 UTC 2026","","test_rpc_methods_availability","",""
"","7","test_has_new_assets[Test for Basilisk]","tests","Thu Mar 12 15:21:56 UTC 2026","passed","Thu Mar 12 15:21:56 UTC 2026","TestAssets","test_check_new_assets","",""
"","0","test_chainId[Test for Kusama Coretime]","tests","Thu Mar 12 15:23:22 UTC 2026","passed","Thu Mar 12 15:23:22 UTC 2026","TestChainId","test_network_parameters","",""
"","9","test_has_new_assets[Test for DAO IPCI]","tests","Thu Mar 12 15:22:18 UTC 2026","passed","Thu Mar 12 15:22:18 UTC 2026","TestAssets","test_check_new_assets","",""
"","101","test_rpc_method_is_available[Test for Moonbeam, url: wss://moonbeam.dotters.network]","tests","Thu Mar 12 15:22:00 UTC 2026","passed","Thu Mar 12 15:22:00 UTC 2026","","test_rpc_methods_availability","",""
"","6","test_has_new_assets[Test for Bittensor]","tests","Thu Mar 12 15:22:25 UTC 2026","passed","Thu Mar 12 15:22:25 UTC 2026","TestAssets","test_check_new_assets","",""
"","172","test_rpc_method_is_available[Test for Kusama Relay, url: wss://1rpc.io/ksm]","tests","Thu Mar 12 15:22:05 UTC 2026","passed","Thu Mar 12 15:22:06 UTC 2026","","test_rpc_methods_availability","",""
"","98","test_rpc_method_is_available[Test for Kusama Coretime, url: wss://sys.ibp.network/coretime-kusama]","tests","Thu Mar 12 15:25:21 UTC 2026","passed","Thu Mar 12 15:25:21 UTC 2026","","test_rpc_methods_availability","",""
"","8","test_has_new_assets[Test for Bifrost Polkadot]","tests","Thu Mar 12 15:22:08 UTC 2026","passed","Thu Mar 12 15:22:08 UTC 2026","TestAssets","test_check_new_assets","",""
"","43","test_has_new_assets[Test for Kintsugi]","tests","Thu Mar 12 15:22:13 UTC 2026","passed","Thu Mar 12 15:22:13 UTC 2026","TestAssets","test_check_new_assets","",""
"","0","test_can_create_connection[Test for Polkadot Collectives, url: wss://collectives.public.curie.radiumblock.co/ws]","tests","Thu Mar 12 15:24:45 UTC 2026","passed","Thu Mar 12 15:24:45 UTC 2026","","test_nodes_availability","",""
"","102","test_rpc_method_is_available[Test for Astar, url: wss://astar.public.curie.radiumblock.co/ws]","tests","Thu Mar 12 15:23:03 UTC 2026","passed","Thu Mar 12 15:23:03 UTC 2026","","test_rpc_methods_availability","",""
"","0","test_address_prefix[Test for Polkadot Asset Hub]","tests","Thu Mar 12 15:21:56 UTC 2026","passed","Thu Mar 12 15:21:56 UTC 2026","TestNetworkPrefix","test_network_parameters","",""
"","97","test_rpc_method_is_available[Test for Astar, url: wss://rpc.astar.network]","tests","Thu Mar 12 15:22:52 UTC 2026","passed","Thu Mar 12 15:22:52 UTC 2026","","test_rpc_methods_availability","",""
"","145","test_rpc_method_is_available[Test for Polkadot Relay, url: wss://rpc-polkadot.luckyfriday.io]","tests","Thu Mar 12 15:22:34 UTC 2026","passed","Thu Mar 12 15:22:35 UTC 2026","","test_rpc_methods_availability","",""
"","97","test_rpc_method_is_available[Test for Altair, url: wss://altair.api.onfinality.io/public-ws]","tests","Thu Mar 12 15:22:59 UTC 2026","passed","Thu Mar 12 15:22:59 UTC 2026","","test_rpc_methods_availability","",""
"","0","test_address_prefix[Test for Creditcoin]","tests","Thu Mar 12 15:23:06 UTC 2026","passed","Thu Mar 12 15:23:06 UTC 2026","TestNetworkPrefix","test_network_parameters","",""
"","0","test_address_prefix[Test for XX network]","tests","Thu Mar 12 15:22:22 UTC 2026","passed","Thu Mar 12 15:22:22 UTC 2026","TestNetworkPrefix","test_network_parameters","",""
"","0","test_can_create_connection[Test for Basilisk, url: wss://basilisk-rpc.n.dwellir.com]","tests","Thu Mar 12 15:22:48 UTC 2026","passed","Thu Mar 12 15:22:48 UTC 2026","","test_nodes_availability","",""
"","1","test_can_create_connection[Test for Polkadot Relay, url: wss://apps-rpc.polkadot.io]","tests","Thu Mar 12 15:22:16 UTC 2026","passed","Thu Mar 12 15:22:16 UTC 2026","","test_nodes_availability","",""
"","0","test_chainId[Test for Curio]","tests","Thu Mar 12 15:23:08 UTC 2026","broken","Thu Mar 12 15:23:08 UTC 2026","TestChainId","test_network_parameters","",""
"","0","test_address_prefix[Test for Polkadot Coretime]","tests","Thu Mar 12 15:23:25 UTC 2026","passed","Thu Mar 12 15:23:25 UTC 2026","TestNetworkPrefix","test_network_parameters","",""
"","0","test_chainId[Test for Nodle Parachain]","tests","Thu Mar 12 15:22:21 UTC 2026","broken","Thu Mar 12 15:22:21 UTC 2026","TestChainId","test_network_parameters","",""
"","0","test_chainId[Test for Enjin Relay]","tests","Thu Mar 12 15:22:53 UTC 2026","passed","Thu Mar 12 15:22:53 UTC 2026","TestChainId","test_network_parameters","",""
"","1","test_can_create_connection[Test for NeuroWeb, url: wss://parachain-rpc.origin-trail.network]","tests","Thu Mar 12 15:23:29 UTC 2026","passed","Thu Mar 12 15:23:29 UTC 2026","","test_nodes_availability","",""
"","0","test_chainId[Test for Moonriver]","tests","Thu Mar 12 15:21:32 UTC 2026","passed","Thu Mar 12 15:21:32 UTC 2026","TestChainId","test_network_parameters","",""
"","0","test_chainId[Test for Enjin Matrix]","tests","Thu Mar 12 15:22:41 UTC 2026","passed","Thu Mar 12 15:22:41 UTC 2026","TestChainId","test_network_parameters","",""
"","12","test_has_new_assets[Test for Polkadot Asset Hub]","tests","Thu Mar 12 15:22:01 UTC 2026","passed","Thu Mar 12 15:22:01 UTC 2026","TestAssets","test_check_new_assets","",""
"","171","test_rpc_method_is_available[Test for Basilisk, url: wss://rpc.basilisk.cloud]","tests","Thu Mar 12 15:22:55 UTC 2026","passed","Thu Mar 12 15:22:55 UTC 2026","","test_rpc_methods_availability","",""
"","0","test_can_create_connection[Test for Creditcoin, url: wss://mainnet3.creditcoin.network]","tests","Thu Mar 12 15:25:24 UTC 2026","passed","Thu Mar 12 15:25:24 UTC 2026","","test_nodes_availability","",""
"","1","test_address_prefix[Test for Robonomics]","tests","Thu Mar 12 15:21:59 UTC 2026","passed","Thu Mar 12 15:21:59 UTC 2026","TestNetworkPrefix","test_network_parameters","",""
"","0","test_can_create_connection[Test for Moonbeam, url: wss://moonbeam.dotters.network]","tests","Thu Mar 12 15:21:57 UTC 2026","passed","Thu Mar 12 15:21:57 UTC 2026","","test_nodes_availability","",""
"","0","test_can_create_connection[Test for Moonbeam, url: wss://wss.api.moonbeam.network]","tests","Thu Mar 12 15:21:51 UTC 2026","passed","Thu Mar 12 15:21:51 UTC 2026","","test_nodes_availability","",""
"","0","test_can_create_connection[Test for Polkadot Coretime, url: wss://sys.ibp.network/coretime-polkadot]","tests","Thu Mar 12 15:25:36 UTC 2026","passed","Thu Mar 12 15:25:36 UTC 2026","","test_nodes_availability","",""
"","172","test_rpc_method_is_available[Test for Westend (TESTNET), url: wss://westend.public.curie.radiumblock.co/ws]","tests","Thu Mar 12 15:22:22 UTC 2026","passed","Thu Mar 12 15:22:22 UTC 2026","","test_rpc_methods_availability","",""
"","0","test_rpc_method_is_available[Test for Polkadex, url: wss://polkadex.public.curie.radiumblock.co/ws]","tests","Thu Mar 12 15:23:44 UTC 2026","broken","Thu Mar 12 15:23:44 UTC 2026","","test_rpc_methods_availability","",""
"","0","test_can_create_connection[Test for Kusama Relay, url: wss://kusama.dotters.network]","tests","Thu Mar 12 15:21:46 UTC 2026","passed","Thu Mar 12 15:21:46 UTC 2026","","test_nodes_availability","",""
"","0","test_address_prefix[Test for NeuroWeb]","tests","Thu Mar 12 15:22:01 UTC 2026","passed","Thu Mar 12 15:22:01 UTC 2026","TestNetworkPrefix","test_network_parameters","",""
"","115","test_rpc_method_is_available[Test for Polkadot People, url: wss://polkadot-people-rpc.polkadot.io]","tests","Thu Mar 12 15:21:39 UTC 2026","passed","Thu Mar 12 15:21:39 UTC 2026","","test_rpc_methods_availability","",""
"","1","test_can_create_connection[Test for Phala, url: wss://phala.public.curie.radiumblock.co/ws]","tests","Thu Mar 12 15:23:27 UTC 2026","passed","Thu Mar 12 15:23:27 UTC 2026","","test_nodes_availability","",""
"","174","test_rpc_method_is_available[Test for Karura, url: wss://karura-rpc-3.aca-api.network/ws]","tests","Thu Mar 12 15:21:45 UTC 2026","passed","Thu Mar 12 15:21:45 UTC 2026","","test_rpc_methods_availability","",""
"","378","test_subquery_is_synced","tests","Thu Mar 12 15:21:47 UTC 2026","broken","Thu Mar 12 15:21:47 UTC 2026","","test_subquery_is_synced","",""
"","1","test_can_create_connection[Test for Tanssi, url: wss://services.tanssi-mainnet.network/tanssi]","tests","Thu Mar 12 15:25:51 UTC 2026","passed","Thu Mar 12 15:25:51 UTC 2026","","test_nodes_availability","",""
"","0","test_address_prefix[Test for Enjin Relay]","tests","Thu Mar 12 15:22:53 UTC 2026","passed","Thu Mar 12 15:22:53 UTC 2026","TestNetworkPrefix","test_network_parameters","",""
"","0","test_can_create_connection[Test for Kintsugi, url: wss://api-kusama.interlay.io/parachain]","tests","Thu Mar 12 15:22:39 UTC 2026","passed","Thu Mar 12 15:22:39 UTC 2026","","test_nodes_availability","",""
"","0","test_chainId[Test for Encointer]","tests","Thu Mar 12 15:22:01 UTC 2026","passed","Thu Mar 12 15:22:01 UTC 2026","TestChainId","test_network_parameters","",""
"","1","test_can_create_connection[Test for Kusama People, url: wss://ksm-rpc.stakeworld.io/people]","tests","Thu Mar 12 15:22:04 UTC 2026","passed","Thu Mar 12 15:22:04 UTC 2026","","test_nodes_availability","",""
"","10","test_has_new_assets[Test for Kusama Relay]","tests","Thu Mar 12 15:21:44 UTC 2026","passed","Thu Mar 12 15:21:44 UTC 2026","TestAssets","test_check_new_assets","",""
"","7","test_has_new_assets[Test for JAMTON]","tests","Thu Mar 12 15:23:09 UTC 2026","passed","Thu Mar 12 15:23:09 UTC 2026","TestAssets","test_check_new_assets","",""
"","226","test_rpc_method_is_available[Test for Karura, url: wss://karura-rpc-0.aca-api.network]","tests","Thu Mar 12 15:21:35 UTC 2026","passed","Thu Mar 12 15:21:36 UTC 2026","","test_rpc_methods_availability","",""
"","0","test_can_create_connection[Test for Enjin Relay, url: wss://rpc.relay.blockchain.enjin.io]","tests","Thu Mar 12 15:25:01 UTC 2026","passed","Thu Mar 12 15:25:01 UTC 2026","","test_nodes_availability","",""
"","0","test_rpc_method_is_available[Test for KILT, url: wss://kilt.ibp.network]","tests","Thu Mar 12 15:23:10 UTC 2026","broken","Thu Mar 12 15:23:10 UTC 2026","","test_rpc_methods_availability","",""
"","102","test_rpc_method_is_available[Test for Acala, url: wss://acala-rpc-0.aca-api.network]","tests","Thu Mar 12 15:22:25 UTC 2026","passed","Thu Mar 12 15:22:25 UTC 2026","","test_rpc_methods_availability","",""
"","0","test_can_create_connection[Test for DeepBrain, url: wss://info.dbcwallet.io]","tests","Thu Mar 12 15:25:35 UTC 2026","broken","Thu Mar 12 15:25:35 UTC 2026","","test_nodes_availability","",""
"","10","test_has_new_assets[Test for Zeitgeist]","tests","Thu Mar 12 15:22:18 UTC 2026","passed","Thu Mar 12 15:22:18 UTC 2026","TestAssets","test_check_new_assets","",""
"","173","test_rpc_method_is_available[Test for Vara, url: wss://rpc.vara-network.io]","tests","Thu Mar 12 15:24:36 UTC 2026","passed","Thu Mar 12 15:24:36 UTC 2026","","test_rpc_methods_availability","",""
"","11","test_has_new_assets[Test for Kusama Bridge Hub]","tests","Thu Mar 12 15:22:38 UTC 2026","passed","Thu Mar 12 15:22:38 UTC 2026","TestAssets","test_check_new_assets","",""
"","0","test_can_create_connection[Test for Curio, url: wss://archive.parachain.curioinvest.com]","tests","Thu Mar 12 15:25:12 UTC 2026","broken","Thu Mar 12 15:25:12 UTC 2026","","test_nodes_availability","",""
"","99","test_rpc_method_is_available[Test for Kusama Relay, url: wss://kusama.public.curie.radiumblock.co/ws]","tests","Thu Mar 12 15:22:11 UTC 2026","passed","Thu Mar 12 15:22:11 UTC 2026","","test_rpc_methods_availability","",""
"","0","test_chainId[Test for Crust Shadow]","tests","Thu Mar 12 15:21:53 UTC 2026","passed","Thu Mar 12 15:21:53 UTC 2026","TestChainId","test_network_parameters","",""
"","0","test_chainId[Test for DAO IPCI]","tests","Thu Mar 12 15:22:15 UTC 2026","passed","Thu Mar 12 15:22:15 UTC 2026","TestChainId","test_network_parameters","",""
"","11","test_has_new_assets[Test for Mythos]","tests","Thu Mar 12 15:22:53 UTC 2026","passed","Thu Mar 12 15:22:53 UTC 2026","TestAssets","test_check_new_assets","",""
"","0","test_can_create_connection[Test for Acurast Canary, url: wss://public-rpc.canary.acurast.com]","tests","Thu Mar 12 15:25:06 UTC 2026","passed","Thu Mar 12 15:25:06 UTC 2026","","test_nodes_availability","",""
"","1","test_address_prefix[Test for Acurast]","tests","Thu Mar 12 15:23:23 UTC 2026","passed","Thu Mar 12 15:23:23 UTC 2026","TestNetworkPrefix","test_network_parameters","",""
"","0","test_address_prefix[Test for Bifrost Kusama]","tests","Thu Mar 12 15:22:05 UTC 2026","passed","Thu Mar 12 15:22:05 UTC 2026","TestNetworkPrefix","test_network_parameters","",""
"","165","test_rpc_method_is_available[Test for Polkadot People, url: wss://sys.ibp.network/people-polkadot]","tests","Thu Mar 12 15:21:41 UTC 2026","passed","Thu Mar 12 15:21:42 UTC 2026","","test_rpc_methods_availability","",""
"","1","test_can_create_connection[Test for Polkadot Relay, url: wss://rpc-polkadot.luckyfriday.io]","tests","Thu Mar 12 15:22:35 UTC 2026","passed","Thu Mar 12 15:22:35 UTC 2026","","test_nodes_availability","",""
"","1","test_can_create_connection[Test for UNIQUE, url: wss://unique.ibp.network]","tests","Thu Mar 12 15:23:57 UTC 2026","passed","Thu Mar 12 15:23:57 UTC 2026","","test_nodes_availability","",""
"","163","test_rpc_method_is_available[Test for Moonriver, url: wss://moonriver-rpc.publicnode.com]","tests","Thu Mar 12 15:22:07 UTC 2026","passed","Thu Mar 12 15:22:08 UTC 2026","","test_rpc_methods_availability","",""
"","0","test_chainId[Test for Acurast Canary]","tests","Thu Mar 12 15:22:58 UTC 2026","passed","Thu Mar 12 15:22:58 UTC 2026","TestChainId","test_network_parameters","",""
"","133","test_rpc_method_is_available[Test for Bifrost Kusama, url: wss://bifrost-rpc.liebi.com/ws]","tests","Thu Mar 12 15:22:37 UTC 2026","passed","Thu Mar 12 15:22:37 UTC 2026","","test_rpc_methods_availability","",""
"","10","test_has_new_assets[Test for Hydration]","tests","Thu Mar 12 15:22:11 UTC 2026","passed","Thu Mar 12 15:22:11 UTC 2026","TestAssets","test_check_new_assets","",""
"","139","test_rpc_method_is_available[Test for Polkadot Relay, url: wss://rpc-polkadot-2.novasama-tech.org]","tests","Thu Mar 12 15:22:03 UTC 2026","passed","Thu Mar 12 15:22:03 UTC 2026","","test_rpc_methods_availability","",""
"","0","test_can_create_connection[Test for Cere, url: wss://rpc.mainnet.cere.network/ws]","tests","Thu Mar 12 15:25:22 UTC 2026","passed","Thu Mar 12 15:25:22 UTC 2026","","test_nodes_availability","",""
"","172","test_rpc_method_is_available[Test for Kreivo, url: wss://kreivo.kippu.rocks/]","tests","Thu Mar 12 15:25:15 UTC 2026","passed","Thu Mar 12 15:25:15 UTC 2026","","test_rpc_methods_availability","",""
"","97","test_rpc_method_is_available[Test for Kusama Coretime, url: wss://ksm-rpc.stakeworld.io/coretime]","tests","Thu Mar 12 15:25:24 UTC 2026","passed","Thu Mar 12 15:25:25 UTC 2026","","test_rpc_methods_availability","",""
"","0","test_chainId[Test for Hydration]","tests","Thu Mar 12 15:22:03 UTC 2026","passed","Thu Mar 12 15:22:03 UTC 2026","TestChainId","test_network_parameters","",""
"","6","test_has_new_assets[Test for Laos]","tests","Thu Mar 12 15:23:27 UTC 2026","passed","Thu Mar 12 15:23:27 UTC 2026","TestAssets","test_check_new_assets","",""
"","0","test_chainId[Test for Moonbeam]","tests","Thu Mar 12 15:21:41 UTC 2026","passed","Thu Mar 12 15:21:41 UTC 2026","TestChainId","test_network_parameters","",""
"","101","test_rpc_method_is_available[Test for Encointer, url: wss://encointer-kusama.dotters.network]","tests","Thu Mar 12 15:22:30 UTC 2026","passed","Thu Mar 12 15:22:30 UTC 2026","","test_rpc_methods_availability","",""
"","11","test_has_new_assets[Test for Tanssi]","tests","Thu Mar 12 15:23:21 UTC 2026","passed","Thu Mar 12 15:23:21 UTC 2026","TestAssets","test_check_new_assets","",""
"","133","test_rpc_method_is_available[Test for Basilisk, url: wss://basilisk-rpc.n.dwellir.com]","tests","Thu Mar 12 15:22:50 UTC 2026","passed","Thu Mar 12 15:22:50 UTC 2026","","test_rpc_methods_availability","",""
"","0","test_can_create_connection[Test for Avail, url: wss://mainnet.avail-rpc.com/]","tests","Thu Mar 12 15:25:21 UTC 2026","passed","Thu Mar 12 15:25:21 UTC 2026","","test_nodes_availability","",""
"","1","test_can_create_connection[Test for Ternoa, url: wss://mainnet.ternoa.network]","tests","Thu Mar 12 15:24:17 UTC 2026","passed","Thu Mar 12 15:24:17 UTC 2026","","test_nodes_availability","",""
"","1","test_chainId[Test for Basilisk]","tests","Thu Mar 12 15:22:11 UTC 2026","passed","Thu Mar 12 15:22:11 UTC 2026","TestChainId","test_network_parameters","",""
"","132","test_rpc_method_is_available[Test for Heima, url: wss://rpc.litentry-parachain.litentry.io]","tests","Thu Mar 12 15:23:58 UTC 2026","passed","Thu Mar 12 15:23:58 UTC 2026","","test_rpc_methods_availability","",""
"","10","test_has_new_assets[Test for Westend (TESTNET)]","tests","Thu Mar 12 15:21:49 UTC 2026","passed","Thu Mar 12 15:21:49 UTC 2026","TestAssets","test_check_new_assets","",""
"","0","test_address_prefix[Test for GIANT]","tests","Thu Mar 12 15:22:44 UTC 2026","passed","Thu Mar 12 15:22:44 UTC 2026","TestNetworkPrefix","test_network_parameters","",""
"","171","test_rpc_method_is_available[Test for Polkadot Relay, url: wss://apps-rpc.polkadot.io]","tests","Thu Mar 12 15:22:16 UTC 2026","passed","Thu Mar 12 15:22:16 UTC 2026","","test_rpc_methods_availability","",""
"","100","test_rpc_method_is_available[Test for Bittensor, url: wss://lite.sub.latent.to:443]","tests","Thu Mar 12 15:24:08 UTC 2026","passed","Thu Mar 12 15:24:08 UTC 2026","","test_rpc_methods_availability","",""
"","0","test_can_create_connection[Test for Moonbeam, url: wss://moonbeam.ibp.network]","tests","Thu Mar 12 15:21:53 UTC 2026","passed","Thu Mar 12 15:21:53 UTC 2026","","test_nodes_availability","",""
"","158","test_has_new_assets[Test for Moonriver]","tests","Thu Mar 12 15:21:37 UTC 2026","passed","Thu Mar 12 15:21:37 UTC 2026","TestAssets","test_check_new_assets","",""
"","0","test_can_create_connection[Test for Aventus, url: wss://public-rpc.mainnet.aventus.io]","tests","Thu Mar 12 15:24:11 UTC 2026","passed","Thu Mar 12 15:24:11 UTC 2026","","test_nodes_availability","",""
"","0","test_address_prefix[Test for KILT]","tests","Thu Mar 12 15:21:36 UTC 2026","passed","Thu Mar 12 15:21:36 UTC 2026","TestNetworkPrefix","test_network_parameters","",""
"","0","test_address_prefix[Test for Phala]","tests","Thu Mar 12 15:22:33 UTC 2026","passed","Thu Mar 12 15:22:33 UTC 2026","TestNetworkPrefix","test_network_parameters","",""
"","9","test_has_new_assets[Test for Polkadex]","tests","Thu Mar 12 15:22:01 UTC 2026","passed","Thu Mar 12 15:22:01 UTC 2026","TestAssets","test_check_new_assets","",""
"","166","test_rpc_method_is_available[Test for Ternoa, url: wss://mainnet.ternoa.network]","tests","Thu Mar 12 15:23:56 UTC 2026","passed","Thu Mar 12 15:23:56 UTC 2026","","test_rpc_methods_availability","",""
"","99","test_rpc_method_is_available[Test for Polkadot Bridge Hub, url: wss://bridge-hub-polkadot.dotters.network]","tests","Thu Mar 12 15:24:19 UTC 2026","passed","Thu Mar 12 15:24:19 UTC 2026","","test_rpc_methods_availability","",""
"","0","test_chainId[Test for Frequency]","tests","Thu Mar 12 15:22:28 UTC 2026","passed","Thu Mar 12 15:22:28 UTC 2026","TestChainId","test_network_parameters","",""
"","136","test_rpc_method_is_available[Test for Phala, url: wss://api.phala.network/ws]","tests","Thu Mar 12 15:23:21 UTC 2026","passed","Thu Mar 12 15:23:21 UTC 2026","","test_rpc_methods_availability","",""
"","104","test_rpc_method_is_available[Test for Bifrost Polkadot, url: wss://bifrost-polkadot.ibp.network]","tests","Thu Mar 12 15:23:35 UTC 2026","passed","Thu Mar 12 15:23:35 UTC 2026","","test_rpc_methods_availability","",""
"","0","test_can_create_connection[Test for Ajuna, url: wss://ajuna.dotters.network]","tests","Thu Mar 12 15:24:37 UTC 2026","passed","Thu Mar 12 15:24:37 UTC 2026","","test_nodes_availability","",""
"","0","test_address_prefix[Test for CC Enterprise]","tests","Thu Mar 12 15:23:05 UTC 2026","passed","Thu Mar 12 15:23:05 UTC 2026","TestNetworkPrefix","test_network_parameters","",""
"","0","test_chainId[Test for Altair]","tests","Thu Mar 12 15:21:33 UTC 2026","passed","Thu Mar 12 15:21:33 UTC 2026","TestChainId","test_network_parameters","",""
"","0","test_can_create_connection[Test for Crab, url: wss://crab-rpc.darwinia.network/]","tests","Thu Mar 12 15:24:35 UTC 2026","broken","Thu Mar 12 15:24:35 UTC 2026","","test_nodes_availability","",""
"","0","test_can_create_connection[Test for Astar, url: wss://rpc.astar.network]","tests","Thu Mar 12 15:23:19 UTC 2026","broken","Thu Mar 12 15:23:19 UTC 2026","","test_nodes_availability","",""
"","0","test_can_create_connection[Test for Bifrost Polkadot, url: wss://hk.p.bifrost-rpc.liebi.com/ws]","tests","Thu Mar 12 15:23:45 UTC 2026","passed","Thu Mar 12 15:23:45 UTC 2026","","test_nodes_availability","",""
"","95","test_rpc_method_is_available[Test for Polkadot Collectives, url: wss://dot-rpc.stakeworld.io/collectives]","tests","Thu Mar 12 15:24:37 UTC 2026","passed","Thu Mar 12 15:24:37 UTC 2026","","test_rpc_methods_availability","",""
"","1","test_chainId[Test for Kusama Relay]","tests","Thu Mar 12 15:21:39 UTC 2026","passed","Thu Mar 12 15:21:39 UTC 2026","TestChainId","test_network_parameters","",""
"","0","test_can_create_connection[Test for peaq, url: wss://peaq-rpc.publicnode.com]","tests","Thu Mar 12 15:25:27 UTC 2026","passed","Thu Mar 12 15:25:27 UTC 2026","","test_nodes_availability","",""
"","0","test_can_create_connection[Test for Polkadot Coretime, url: wss://rpc-coretime-polkadot.luckyfriday.io]","tests","Thu Mar 12 15:25:38 UTC 2026","passed","Thu Mar 12 15:25:38 UTC 2026","","test_nodes_availability","",""
"","0","test_can_create_connection[Test for Bittensor, url: wss://lite.sub.latent.to:443]","tests","Thu Mar 12 15:24:15 UTC 2026","passed","Thu Mar 12 15:24:15 UTC 2026","","test_nodes_availability","",""
"","1","test_can_create_connection[Test for Polkadot Collectives, url: wss://dot-rpc.stakeworld.io/collectives]","tests","Thu Mar 12 15:24:50 UTC 2026","passed","Thu Mar 12 15:24:50 UTC 2026","","test_nodes_availability","",""
"","1","test_address_prefix[Test for Aventus]","tests","Thu Mar 12 15:22:17 UTC 2026","passed","Thu Mar 12 15:22:17 UTC 2026","TestNetworkPrefix","test_network_parameters","",""
"","0","test_address_prefix[Test for Kusama Asset Hub]","tests","Thu Mar 12 15:21:50 UTC 2026","passed","Thu Mar 12 15:21:50 UTC 2026","TestNetworkPrefix","test_network_parameters","",""
"","0","test_can_create_connection[Test for Westend (TESTNET), url: wss://westend-rpc.polkadot.io]","tests","Thu Mar 12 15:22:16 UTC 2026","passed","Thu Mar 12 15:22:16 UTC 2026","","test_nodes_availability","",""
"","12","test_has_new_assets[Test for Heima]","tests","Thu Mar 12 15:22:14 UTC 2026","passed","Thu Mar 12 15:22:14 UTC 2026","TestAssets","test_check_new_assets","",""
"","0","test_can_create_connection[Test for QUARTZ, url: wss://quartz.unique.network]","tests","Thu Mar 12 15:23:35 UTC 2026","broken","Thu Mar 12 15:23:35 UTC 2026","","test_nodes_availability","",""
"","106","test_rpc_method_is_available[Test for Kusama People, url: wss://people-kusama.dotters.network]","tests","Thu Mar 12 15:21:58 UTC 2026","passed","Thu Mar 12 15:21:58 UTC 2026","","test_rpc_methods_availability","",""
"","0","test_can_create_connection[Test for Kusama Bridge Hub, url: wss://ksm-rpc.stakeworld.io/bridgehub]","tests","Thu Mar 12 15:25:00 UTC 2026","passed","Thu Mar 12 15:25:00 UTC 2026","","test_nodes_availability","",""
"","137","test_rpc_method_is_available[Test for Heima, url: wss://heima-rpc.n.dwellir.com]","tests","Thu Mar 12 15:24:05 UTC 2026","passed","Thu Mar 12 15:24:05 UTC 2026","","test_rpc_methods_availability","",""
"","0","test_can_create_connection[Test for Kusama Relay, url: wss://1rpc.io/ksm]","tests","Thu Mar 12 15:22:07 UTC 2026","passed","Thu Mar 12 15:22:07 UTC 2026","","test_nodes_availability","",""
"","7","test_has_new_assets[Test for peaq]","tests","Thu Mar 12 15:23:07 UTC 2026","passed","Thu Mar 12 15:23:07 UTC 2026","TestAssets","test_check_new_assets","",""
"","0","test_chainId[Test for Hyperbridge Nexus]","tests","Thu Mar 12 15:23:03 UTC 2026","passed","Thu Mar 12 15:23:03 UTC 2026","TestChainId","test_network_parameters","",""
"","97","test_rpc_method_is_available[Test for Polkadot Bridge Hub, url: wss://dot-rpc.stakeworld.io/bridgehub]","tests","Thu Mar 12 15:24:23 UTC 2026","passed","Thu Mar 12 15:24:23 UTC 2026","","test_rpc_methods_availability","",""
"","137","test_has_new_assets[Test for Polkadot People]","tests","Thu Mar 12 15:21:37 UTC 2026","passed","Thu Mar 12 15:21:37 UTC 2026","TestAssets","test_check_new_assets","",""
"","185","test_rpc_method_is_available[Test for Polkadot Relay, url: wss://polkadot.public.curie.radiumblock.co/ws]","tests","Thu Mar 12 15:22:24 UTC 2026","passed","Thu Mar 12 15:22:24 UTC 2026","","test_rpc_methods_availability","",""
"","1","test_can_create_connection[Test for Karura, url: wss://karura-rpc-1.aca-api.network]","tests","Thu Mar 12 15:21:36 UTC 2026","passed","Thu Mar 12 15:21:36 UTC 2026","","test_nodes_availability","",""
"","1","test_can_create_connection[Test for Polkadot Relay, url: wss://polkadot.public.curie.radiumblock.co/ws]","tests","Thu Mar 12 15:22:25 UTC 2026","passed","Thu Mar 12 15:22:25 UTC 2026","","test_nodes_availability","",""
"","13","test_has_new_assets[Test for Acurast Canary]","tests","Thu Mar 12 15:22:51 UTC 2026","passed","Thu Mar 12 15:22:51 UTC 2026","TestAssets","test_check_new_assets","",""
"","0","test_can_create_connection[Test for Karura, url: wss://karura-rpc-0.aca-api.network]","tests","Thu Mar 12 15:21:34 UTC 2026","passed","Thu Mar 12 15:21:34 UTC 2026","","test_nodes_availability","",""
"","94","test_rpc_method_is_available[Test for Polkadot Collectives, url: wss://collectives.public.curie.radiumblock.co/ws]","tests","Thu Mar 12 15:24:32 UTC 2026","passed","Thu Mar 12 15:24:32 UTC 2026","","test_rpc_methods_availability","",""
"","1","test_can_create_connection[Test for Zeitgeist, url: wss://zeitgeist.api.onfinality.io/public-ws]","tests","Thu Mar 12 15:22:44 UTC 2026","passed","Thu Mar 12 15:22:44 UTC 2026","","test_nodes_availability","",""
"","0","test_chainId[Test for Centrifuge Parachain]","tests","Thu Mar 12 15:21:58 UTC 2026","passed","Thu Mar 12 15:21:58 UTC 2026","TestChainId","test_network_parameters","",""
"","160","test_rpc_method_is_available[Test for Hydration, url: wss://hydration.ibp.network]","tests","Thu Mar 12 15:23:28 UTC 2026","passed","Thu Mar 12 15:23:28 UTC 2026","","test_rpc_methods_availability","",""
"","0","test_address_prefix[Test for Bifrost Polkadot]","tests","Thu Mar 12 15:22:06 UTC 2026","passed","Thu Mar 12 15:22:06 UTC 2026","TestNetworkPrefix","test_network_parameters","",""
"","0","test_can_create_connection[Test for QUARTZ, url: wss://eu-ws-quartz.unique.network]","tests","Thu Mar 12 15:23:48 UTC 2026","broken","Thu Mar 12 15:23:48 UTC 2026","","test_nodes_availability","",""
"","0","test_can_create_connection[Test for Enjin Matrix, url: wss://rpc.matrix.blockchain.enjin.io]","tests","Thu Mar 12 15:24:50 UTC 2026","passed","Thu Mar 12 15:24:50 UTC 2026","","test_nodes_availability","",""
"","106","test_rpc_method_is_available[Test for Polkadot Relay, url: wss://1rpc.io/dot]","tests","Thu Mar 12 15:22:30 UTC 2026","passed","Thu Mar 12 15:22:30 UTC 2026","","test_rpc_methods_availability","",""
"","0","test_chainId[Test for Ternoa]","tests","Thu Mar 12 15:22:33 UTC 2026","passed","Thu Mar 12 15:22:33 UTC 2026","TestChainId","test_network_parameters","",""
"","7","test_has_new_assets[Test for Moonbeam]","tests","Thu Mar 12 15:21:46 UTC 2026","passed","Thu Mar 12 15:21:46 UTC 2026","TestAssets","test_check_new_assets","",""
"","0","test_can_create_connection[Test for Kusama People, url: wss://people-kusama.dotters.network]","tests","Thu Mar 12 15:21:59 UTC 2026","passed","Thu Mar 12 15:21:59 UTC 2026","","test_nodes_availability","",""
"","0","test_address_prefix[Test for Moonriver]","tests","Thu Mar 12 15:21:34 UTC 2026","passed","Thu Mar 12 15:21:34 UTC 2026","TestNetworkPrefix","test_network_parameters","",""
"","0","test_chainId[Test for Polkadot Relay]","tests","Thu Mar 12 15:21:34 UTC 2026","passed","Thu Mar 12 15:21:34 UTC 2026","TestChainId","test_network_parameters","",""
"","0","test_can_create_connection[Test for Polkadot Asset Hub, url: wss://asset-hub-polkadot-rpc.n.dwellir.com]","tests","Thu Mar 12 15:23:55 UTC 2026","passed","Thu Mar 12 15:23:55 UTC 2026","","test_nodes_availability","",""
"","0","test_address_prefix[Test for QUARTZ]","tests","Thu Mar 12 15:21:48 UTC 2026","broken","Thu Mar 12 15:21:48 UTC 2026","TestNetworkPrefix","test_network_parameters","",""
"","0","test_rpc_method_is_available[Test for Crab, url: wss://crab-rpc.darwinia.network/]","tests","Thu Mar 12 15:24:25 UTC 2026","broken","Thu Mar 12 15:24:25 UTC 2026","","test_rpc_methods_availability","",""
"","9","test_has_new_assets[Test for Avail]","tests","Thu Mar 12 15:22:57 UTC 2026","passed","Thu Mar 12 15:22:57 UTC 2026","TestAssets","test_check_new_assets","",""
"","0","test_can_create_connection[Test for Bifrost Kusama, url: wss://bifrost-rpc.liebi.com/ws]","tests","Thu Mar 12 15:22:37 UTC 2026","passed","Thu Mar 12 15:22:37 UTC 2026","","test_nodes_availability","",""
"","0","test_chainId[Test for CC Enterprise]","tests","Thu Mar 12 15:23:06 UTC 2026","passed","Thu Mar 12 15:23:06 UTC 2026","TestChainId","test_network_parameters","",""
"","0","test_can_create_connection[Test for Centrifuge Parachain, url: wss://fullnode.centrifuge.io]","tests","Thu Mar 12 15:23:04 UTC 2026","passed","Thu Mar 12 15:23:04 UTC 2026","","test_nodes_availability","",""
"","113","test_rpc_method_is_available[Test for Acala, url: wss://acala-rpc-3.aca-api.network/ws]","tests","Thu Mar 12 15:22:36 UTC 2026","passed","Thu Mar 12 15:22:36 UTC 2026","","test_rpc_methods_availability","",""
"","0","test_can_create_connection[Test for Aleph Zero, url: wss://ws.azero.dev]","tests","Thu Mar 12 15:23:29 UTC 2026","passed","Thu Mar 12 15:23:29 UTC 2026","","test_nodes_availability","",""
"","0","test_can_create_connection[Test for KILT, url: wss://spiritnet.kilt.io/]","tests","Thu Mar 12 15:23:23 UTC 2026","broken","Thu Mar 12 15:23:23 UTC 2026","","test_nodes_availability","",""
"","1","test_address_prefix[Test for Acurast Canary]","tests","Thu Mar 12 15:22:55 UTC 2026","passed","Thu Mar 12 15:22:55 UTC 2026","TestNetworkPrefix","test_network_parameters","",""
"","0","test_address_prefix[Test for Nodle Parachain]","tests","Thu Mar 12 15:22:24 UTC 2026","broken","Thu Mar 12 15:22:24 UTC 2026","TestNetworkPrefix","test_network_parameters","",""
"","156","test_rpc_node_work_fast[Test for Ethereum, url: https://ethereum-rpc.publicnode.com]","tests","Thu Mar 12 15:21:41 UTC 2026","passed","Thu Mar 12 15:21:41 UTC 2026","TestETHNodesAvailability","test_eth_nodes_availability","",""
"","0","test_address_prefix[Test for Curio]","tests","Thu Mar 12 15:22:57 UTC 2026","broken","Thu Mar 12 15:22:57 UTC 2026","TestNetworkPrefix","test_network_parameters","",""
"","0","test_chainId[Test for 3DPass]","tests","Thu Mar 12 15:22:27 UTC 2026","passed","Thu Mar 12 15:22:27 UTC 2026","TestChainId","test_network_parameters","",""
"","9","test_has_new_assets[Test for Polkadot Collectives]","tests","Thu Mar 12 15:22:43 UTC 2026","passed","Thu Mar 12 15:22:43 UTC 2026","TestAssets","test_check_new_assets","",""
"","0","test_address_prefix[Test for Kreivo]","tests","Thu Mar 12 15:22:59 UTC 2026","passed","Thu Mar 12 15:22:59 UTC 2026","TestNetworkPrefix","test_network_parameters","",""
"","1","test_can_create_connection[Test for Encointer, url: wss://sys.ibp.network/encointer-kusama]","tests","Thu Mar 12 15:24:15 UTC 2026","passed","Thu Mar 12 15:24:15 UTC 2026","","test_nodes_availability","",""
"","7","test_has_new_assets[Test for KILT]","tests","Thu Mar 12 15:21:40 UTC 2026","passed","Thu Mar 12 15:21:40 UTC 2026","TestAssets","test_check_new_assets","",""
"","100","test_rpc_method_is_available[Test for Bifrost Polkadot, url: wss://bifrost-polkadot.dotters.network]","tests","Thu Mar 12 15:23:40 UTC 2026","passed","Thu Mar 12 15:23:40 UTC 2026","","test_rpc_methods_availability","",""
"","0","test_address_prefix[Test for DENTNet]","tests","Thu Mar 12 15:23:14 UTC 2026","broken","Thu Mar 12 15:23:14 UTC 2026","TestNetworkPrefix","test_network_parameters","",""
"","172","test_rpc_method_is_available[Test for Pendulum, url: wss://rpc-pendulum.prd.pendulumchain.tech]","tests","Thu Mar 12 15:23:54 UTC 2026","passed","Thu Mar 12 15:23:54 UTC 2026","","test_rpc_methods_availability","",""
"","116","test_rpc_method_is_available[Test for UNIQUE, url: wss://eu-ws.unique.network/]","tests","Thu Mar 12 15:24:14 UTC 2026","passed","Thu Mar 12 15:24:14 UTC 2026","","test_rpc_methods_availability","",""
"","140","test_rpc_method_is_available[Test for peaq, url: wss://peaq-rpc.publicnode.com]","tests","Thu Mar 12 15:25:18 UTC 2026","passed","Thu Mar 12 15:25:18 UTC 2026","","test_rpc_methods_availability","",""
"","46","test_rpc_node_is_synced[Test for Ethereum, url: https://1rpc.io/eth]","tests","Thu Mar 12 15:21:51 UTC 2026","broken","Thu Mar 12 15:21:51 UTC 2026","TestETHNodesAvailability","test_eth_nodes_availability","",""
"","155","test_rpc_method_is_available[Test for Polkadot People, url: wss://people-polkadot.public.curie.radiumblock.co/ws]","tests","Thu Mar 12 15:21:49 UTC 2026","passed","Thu Mar 12 15:21:49 UTC 2026","","test_rpc_methods_availability","",""
"","0","test_rpc_method_is_available[Test for Phala, url: wss://phala-rpc.n.dwellir.com]","tests","Thu Mar 12 15:23:14 UTC 2026","broken","Thu Mar 12 15:23:14 UTC 2026","","test_rpc_methods_availability","",""
"","0","test_can_create_connection[Test for Phala, url: wss://phala-rpc.n.dwellir.com]","tests","Thu Mar 12 15:23:16 UTC 2026","broken","Thu Mar 12 15:23:16 UTC 2026","","test_nodes_availability","",""
"","139","test_rpc_method_is_available[Test for KILT, url: wss://kilt.dotters.network]","tests","Thu Mar 12 15:23:15 UTC 2026","passed","Thu Mar 12 15:23:15 UTC 2026","","test_rpc_methods_availability","",""
"","0","test_can_create_connection[Test for Robonomics, url: wss://kusama.rpc.robonomics.network/]","tests","Thu Mar 12 15:24:12 UTC 2026","passed","Thu Mar 12 15:24:12 UTC 2026","","test_nodes_availability","",""
"","0","test_can_create_connection[Test for Encointer, url: wss://encointer-kusama.dotters.network]","tests","Thu Mar 12 15:22:31 UTC 2026","passed","Thu Mar 12 15:22:31 UTC 2026","","test_nodes_availability","",""
"","0","test_address_prefix[Test for Darwinia]","tests","Thu Mar 12 15:22:35 UTC 2026","passed","Thu Mar 12 15:22:35 UTC 2026","TestNetworkPrefix","test_network_parameters","",""
"","0","test_address_prefix[Test for Ajuna]","tests","Thu Mar 12 15:22:26 UTC 2026","passed","Thu Mar 12 15:22:26 UTC 2026","TestNetworkPrefix","test_network_parameters","",""
"","9","test_has_new_assets[Test for Hyperbridge Nexus]","tests","Thu Mar 12 15:23:01 UTC 2026","passed","Thu Mar 12 15:23:01 UTC 2026","TestAssets","test_check_new_assets","",""
"","12","test_has_new_assets[Test for Phala]","tests","Thu Mar 12 15:22:38 UTC 2026","passed","Thu Mar 12 15:22:38 UTC 2026","TestAssets","test_check_new_assets","",""
"","0","test_can_create_connection[Test for DAO IPCI, url: wss://ipci.rpc.robonomics.network]","tests","Thu Mar 12 15:24:25 UTC 2026","passed","Thu Mar 12 15:24:25 UTC 2026","","test_nodes_availability","",""
"","13","test_has_new_assets[Test for UNIQUE]","tests","Thu Mar 12 15:22:03 UTC 2026","passed","Thu Mar 12 15:22:03 UTC 2026","TestAssets","test_check_new_assets","",""
"","0","test_can_create_connection[Test for KILT, url: wss://kilt.ibp.network]","tests","Thu Mar 12 15:23:09 UTC 2026","broken","Thu Mar 12 15:23:09 UTC 2026","","test_nodes_availability","",""
"","8","test_has_new_assets[Test for Polkadot Coretime]","tests","Thu Mar 12 15:23:09 UTC 2026","passed","Thu Mar 12 15:23:09 UTC 2026","TestAssets","test_check_new_assets","",""
"","11","test_has_new_assets[Test for Humanode]","tests","Thu Mar 12 15:23:04 UTC 2026","passed","Thu Mar 12 15:23:04 UTC 2026","TestAssets","test_check_new_assets","",""
"","0","test_rpc_method_is_available[Test for Amplitude, url: wss://rpc-amplitude.pendulumchain.tech]","tests","Thu Mar 12 15:23:51 UTC 2026","broken","Thu Mar 12 15:23:51 UTC 2026","","test_rpc_methods_availability","",""
"","0","test_has_new_assets[Test for QUARTZ]","tests","Thu Mar 12 15:21:51 UTC 2026","broken","Thu Mar 12 15:21:51 UTC 2026","TestAssets","test_check_new_assets","",""
"","11","test_has_new_assets[Test for Aleph Zero]","tests","Thu Mar 12 15:21:57 UTC 2026","passed","Thu Mar 12 15:21:57 UTC 2026","TestAssets","test_check_new_assets","",""
"","0","test_address_prefix[Test for Avail]","tests","Thu Mar 12 15:23:07 UTC 2026","passed","Thu Mar 12 15:23:07 UTC 2026","TestNetworkPrefix","test_network_parameters","",""
"","0","test_rpc_method_is_available[Test for Curio, url: wss://archive.parachain.curioinvest.com]","tests","Thu Mar 12 15:24:52 UTC 2026","broken","Thu Mar 12 15:24:52 UTC 2026","","test_rpc_methods_availability","",""
"","0","test_chainId[Test for Polkadot Coretime]","tests","Thu Mar 12 15:23:22 UTC 2026","passed","Thu Mar 12 15:23:22 UTC 2026","TestChainId","test_network_parameters","",""
"","173","test_rpc_method_is_available[Test for Acala, url: wss://acala-rpc-1.aca-api.network]","tests","Thu Mar 12 15:22:28 UTC 2026","passed","Thu Mar 12 15:22:29 UTC 2026","","test_rpc_methods_availability","",""
"","0","test_chainId[Test for Cere]","tests","Thu Mar 12 15:23:13 UTC 2026","passed","Thu Mar 12 15:23:13 UTC 2026","TestChainId","test_network_parameters","",""
"","132","test_rpc_method_is_available[Test for Polkadot Coretime, url: wss://coretime-polkadot.dotters.network]","tests","Thu Mar 12 15:25:17 UTC 2026","passed","Thu Mar 12 15:25:17 UTC 2026","","test_rpc_methods_availability","",""
"","8","test_has_new_assets[Test for NeuroWeb]","tests","Thu Mar 12 15:22:05 UTC 2026","passed","Thu Mar 12 15:22:05 UTC 2026","TestAssets","test_check_new_assets","",""
"","0","test_can_create_connection[Test for Astar, url: wss://astar.public.curie.radiumblock.co/ws]","tests","Thu Mar 12 15:23:47 UTC 2026","passed","Thu Mar 12 15:23:47 UTC 2026","","test_nodes_availability","",""
"","121","test_rpc_method_is_available[Test for Moonbeam, url: wss://moonbeam.ibp.network]","tests","Thu Mar 12 15:21:57 UTC 2026","passed","Thu Mar 12 15:21:57 UTC 2026","","test_rpc_methods_availability","",""
"","174","test_rpc_method_is_available[Test for Ajuna, url: wss://ajuna.ibp.network]","tests","Thu Mar 12 15:24:07 UTC 2026","passed","Thu Mar 12 15:24:07 UTC 2026","","test_rpc_methods_availability","",""
"","103","test_rpc_method_is_available[Test for Hydration, url: wss://hydration.dotters.network]","tests","Thu Mar 12 15:22:44 UTC 2026","passed","Thu Mar 12 15:22:44 UTC 2026","","test_rpc_methods_availability","",""
"","0","test_chainId[Test for Phala]","tests","Thu Mar 12 15:22:25 UTC 2026","passed","Thu Mar 12 15:22:25 UTC 2026","TestChainId","test_network_parameters","",""
"","1","test_can_create_connection[Test for Bifrost Polkadot, url: wss://bifrost-polkadot.dotters.network]","tests","Thu Mar 12 15:23:38 UTC 2026","passed","Thu Mar 12 15:23:38 UTC 2026","","test_nodes_availability","",""
"","1","test_can_create_connection[Test for Kusama Asset Hub, url: wss://asset-hub-kusama.dotters.network]","tests","Thu Mar 12 15:21:34 UTC 2026","passed","Thu Mar 12 15:21:34 UTC 2026","","test_nodes_availability","",""
"","0","test_chainId[Test for Interlay]","tests","Thu Mar 12 15:22:10 UTC 2026","passed","Thu Mar 12 15:22:10 UTC 2026","TestChainId","test_network_parameters","",""
"","102","test_rpc_method_is_available[Test for Centrifuge Parachain, url: wss://rpc-centrifuge.luckyfriday.io]","tests","Thu Mar 12 15:23:09 UTC 2026","passed","Thu Mar 12 15:23:09 UTC 2026","","test_rpc_methods_availability","",""
"","1","test_address_prefix[Test for Kusama Coretime]","tests","Thu Mar 12 15:23:18 UTC 2026","passed","Thu Mar 12 15:23:18 UTC 2026","TestNetworkPrefix","test_network_parameters","",""
"","0","test_address_prefix[Test for Manta Atlantic]","tests","Thu Mar 12 15:22:50 UTC 2026","passed","Thu Mar 12 15:22:50 UTC 2026","TestNetworkPrefix","test_network_parameters","",""
"","0","test_can_create_connection[Test for Crust Polkadot Parachain, url: wss://crust-parachain.crustapps.net]","tests","Thu Mar 12 15:24:02 UTC 2026","passed","Thu Mar 12 15:24:02 UTC 2026","","test_nodes_availability","",""
"","117","test_rpc_method_is_available[Test for Aleph Zero, url: wss://ws.azero.dev]","tests","Thu Mar 12 15:23:28 UTC 2026","passed","Thu Mar 12 15:23:28 UTC 2026","","test_rpc_methods_availability","",""
"","0","test_can_create_connection[Test for Hyperbridge Nexus, url: wss://hyperbridge-nexus-rpc.blockops.network]","tests","Thu Mar 12 15:25:17 UTC 2026","passed","Thu Mar 12 15:25:17 UTC 2026","","test_nodes_availability","",""
"","0","test_can_create_connection[Test for Polkadot Coretime, url: wss://polkadot-coretime-rpc.polkadot.io]","tests","Thu Mar 12 15:25:45 UTC 2026","passed","Thu Mar 12 15:25:45 UTC 2026","","test_nodes_availability","",""
"","98","test_rpc_method_is_available[Test for Creditcoin, url: wss://mainnet3.creditcoin.network]","tests","Thu Mar 12 15:25:11 UTC 2026","passed","Thu Mar 12 15:25:12 UTC 2026","","test_rpc_methods_availability","",""
"","0","test_has_new_assets[Test for Amplitude]","tests","Thu Mar 12 15:22:14 UTC 2026","broken","Thu Mar 12 15:22:14 UTC 2026","TestAssets","test_check_new_assets","",""
"","0","test_address_prefix[Test for Shiden]","tests","Thu Mar 12 15:21:58 UTC 2026","passed","Thu Mar 12 15:21:58 UTC 2026","TestNetworkPrefix","test_network_parameters","",""
"","10","test_has_new_assets[Test for 3DPass]","tests","Thu Mar 12 15:22:29 UTC 2026","passed","Thu Mar 12 15:22:29 UTC 2026","TestAssets","test_check_new_assets","",""
"","100","test_rpc_method_is_available[Test for Kusama Relay, url: wss://rpc.ibp.network/kusama]","tests","Thu Mar 12 15:21:42 UTC 2026","passed","Thu Mar 12 15:21:42 UTC 2026","","test_rpc_methods_availability","",""
"","0","test_can_create_connection[Test for Shiden, url: wss://rpc.shiden.astar.network]","tests","Thu Mar 12 15:22:19 UTC 2026","passed","Thu Mar 12 15:22:19 UTC 2026","","test_nodes_availability","",""
"","109","test_has_new_assets[Test for Karura]","tests","Thu Mar 12 15:21:43 UTC 2026","passed","Thu Mar 12 15:21:43 UTC 2026","TestAssets","test_check_new_assets","",""
"","0","test_chainId[Test for Darwinia]","tests","Thu Mar 12 15:22:31 UTC 2026","passed","Thu Mar 12 15:22:31 UTC 2026","TestChainId","test_network_parameters","",""
"","111","test_rpc_method_is_available[Test for Zeitgeist, url: wss://zeitgeist.api.onfinality.io/public-ws]","tests","Thu Mar 12 15:22:44 UTC 2026","passed","Thu Mar 12 15:22:44 UTC 2026","","test_rpc_methods_availability","",""
"","99","test_has_new_assets[Test for Bifrost Kusama]","tests","Thu Mar 12 15:21:52 UTC 2026","passed","Thu Mar 12 15:21:52 UTC 2026","TestAssets","test_check_new_assets","",""
"","1","test_chainId[Test for XX network]","tests","Thu Mar 12 15:22:40 UTC 2026","passed","Thu Mar 12 15:22:40 UTC 2026","TestChainId","test_network_parameters","",""
"","0","test_rpc_method_is_available[Test for 3DPass, url: wss://rpc.3dpass.org]","tests","Thu Mar 12 15:24:23 UTC 2026","broken","Thu Mar 12 15:24:23 UTC 2026","","test_rpc_methods_availability","",""
"","155","test_rpc_method_is_available[Test for Frequency, url: wss://0.rpc.frequency.xyz]","tests","Thu Mar 12 15:24:27 UTC 2026","passed","Thu Mar 12 15:24:28 UTC 2026","","test_rpc_methods_availability","",""
"","1","test_address_prefix[Test for Polkadex]","tests","Thu Mar 12 15:21:57 UTC 2026","passed","Thu Mar 12 15:21:57 UTC 2026","TestNetworkPrefix","test_network_parameters","",""
"","1","test_chainId[Test for Avail]","tests","Thu Mar 12 15:23:00 UTC 2026","passed","Thu Mar 12 15:23:00 UTC 2026","TestChainId","test_network_parameters","",""
"","0","test_can_create_connection[Test for Kusama People, url: wss://sys.ibp.network/people-kusama]","tests","Thu Mar 12 15:21:58 UTC 2026","passed","Thu Mar 12 15:21:58 UTC 2026","","test_nodes_availability","",""
"","0","test_chainId[Test for Polkadex]","tests","Thu Mar 12 15:21:56 UTC 2026","passed","Thu Mar 12 15:21:56 UTC 2026","TestChainId","test_network_parameters","",""
"","0","test_can_create_connection[Test for Polkadot Relay, url: wss://dot-rpc.stakeworld.io]","tests","Thu Mar 12 15:22:20 UTC 2026","passed","Thu Mar 12 15:22:20 UTC 2026","","test_nodes_availability","",""
"","1","test_address_prefix[Test for Encointer]","tests","Thu Mar 12 15:22:03 UTC 2026","passed","Thu Mar 12 15:22:03 UTC 2026","TestNetworkPrefix","test_network_parameters","",""
"","0","test_can_create_connection[Test for Bifrost Kusama, url: wss://us.bifrost-rpc.liebi.com/ws]","tests","Thu Mar 12 15:22:44 UTC 2026","passed","Thu Mar 12 15:22:44 UTC 2026","","test_nodes_availability","",""
"","1","test_chainId[Test for Bifrost Polkadot]","tests","Thu Mar 12 15:22:05 UTC 2026","passed","Thu Mar 12 15:22:05 UTC 2026","TestChainId","test_network_parameters","",""
"","99","test_rpc_method_is_available[Test for Avail, url: wss://avail.api.onfinality.io/public-ws]","tests","Thu Mar 12 15:24:52 UTC 2026","passed","Thu Mar 12 15:24:53 UTC 2026","","test_rpc_methods_availability","",""
