"DESCRIPTION","DURATION IN MS","NAME","PARENT SUITE","START TIME","STATUS","STOP TIME","SUB SUITE","SUITE","TEST CLASS","TEST METHOD"
"","7","test_has_new_assets[Test for Polkadot Coretime]","tests","Mon Jan 19 09:13:26 UTC 2026","passed","Mon Jan 19 09:13:26 UTC 2026","TestAssets","test_check_new_assets","",""
"","0","test_rpc_method_is_available[Test for Polkadex, url: wss://polkadex.public.curie.radiumblock.co/ws]","tests","Mon Jan 19 09:13:44 UTC 2026","broken","Mon Jan 19 09:13:44 UTC 2026","","test_rpc_methods_availability","",""
"","0","test_address_prefix[Test for Robonomics]","tests","Mon Jan 19 09:12:16 UTC 2026","passed","Mon Jan 19 09:12:16 UTC 2026","TestNetworkPrefix","test_network_parameters","",""
"","0","test_can_create_connection[Test for Bifrost Polkadot, url: wss://eu.bifrost-polkadot-rpc.liebi.com/ws]","tests","Mon Jan 19 09:14:10 UTC 2026","passed","Mon Jan 19 09:14:10 UTC 2026","","test_nodes_availability","",""
"","60","test_rpc_node_is_synced[Test for Bifrost Polkadot, url: wss://bifrost-polkadot.dotters.network]","tests","Mon Jan 19 09:13:48 UTC 2026","passed","Mon Jan 19 09:13:48 UTC 2026","","test_substrate_node_is_synced","",""
"","154","test_rpc_method_is_available[Test for UNIQUE, url: wss://unique.dotters.network]","tests","Mon Jan 19 09:13:52 UTC 2026","passed","Mon Jan 19 09:13:52 UTC 2026","","test_rpc_methods_availability","",""
"","94","test_rpc_method_is_available[Test for JAMTON, url: wss://rpc.jamton.network]","tests","Mon Jan 19 09:15:13 UTC 2026","passed","Mon Jan 19 09:15:13 UTC 2026","","test_rpc_methods_availability","",""
"","0","test_precision[Test for Bifrost Kusama]","tests","Mon Jan 19 09:11:58 UTC 2026","passed","Mon Jan 19 09:11:58 UTC 2026","TestPrecision","test_network_parameters","",""
"","11","test_has_new_assets[Test for Humanode]","tests","Mon Jan 19 09:13:13 UTC 2026","passed","Mon Jan 19 09:13:14 UTC 2026","TestAssets","test_check_new_assets","",""
"","0","test_can_create_connection[Test for Kusama People, url: wss://sys.ibp.network/people-kusama]","tests","Mon Jan 19 09:12:09 UTC 2026","passed","Mon Jan 19 09:12:09 UTC 2026","","test_nodes_availability","",""
"","0","test_address_prefix[Test for Acala]","tests","Mon Jan 19 09:12:00 UTC 2026","passed","Mon Jan 19 09:12:00 UTC 2026","TestNetworkPrefix","test_network_parameters","",""
"","0","test_can_create_connection[Test for Crab, url: wss://crab-rpc.darwinia.network/]","tests","Mon Jan 19 09:14:24 UTC 2026","passed","Mon Jan 19 09:14:24 UTC 2026","","test_nodes_availability","",""
"","0","test_can_create_connection[Test for Curio, url: wss://parachain.curioinvest.com/]","tests","Mon Jan 19 09:15:11 UTC 2026","broken","Mon Jan 19 09:15:11 UTC 2026","","test_nodes_availability","",""
"","0","test_can_create_connection[Test for Kreivo, url: wss://kreivo.kippu.rocks/]","tests","Mon Jan 19 09:15:09 UTC 2026","broken","Mon Jan 19 09:15:09 UTC 2026","","test_nodes_availability","",""
"","0","test_can_create_connection[Test for Polkadot Collectives, url: wss://sys.ibp.network/collectives-polkadot]","tests","Mon Jan 19 09:14:48 UTC 2026","passed","Mon Jan 19 09:14:48 UTC 2026","","test_nodes_availability","",""
"","93","test_rpc_method_is_available[Test for Enjin Relay, url: wss://rpc.relay.blockchain.enjin.io]","tests","Mon Jan 19 09:14:50 UTC 2026","passed","Mon Jan 19 09:14:50 UTC 2026","","test_rpc_methods_availability","",""
"","0","test_precision[Test for Robonomics]","tests","Mon Jan 19 09:12:10 UTC 2026","passed","Mon Jan 19 09:12:10 UTC 2026","TestPrecision","test_network_parameters","",""
"","104","test_rpc_method_is_available[Test for Centrifuge Parachain, url: wss://rpc-centrifuge.luckyfriday.io]","tests","Mon Jan 19 09:13:23 UTC 2026","passed","Mon Jan 19 09:13:24 UTC 2026","","test_rpc_methods_availability","",""
"","1","test_can_create_connection[Test for Kusama Relay, url: wss://1rpc.io/ksm]","tests","Mon Jan 19 09:12:14 UTC 2026","passed","Mon Jan 19 09:12:14 UTC 2026","","test_nodes_availability","",""
"","1","test_chainId[Test for Joystream]","tests","Mon Jan 19 09:12:42 UTC 2026","passed","Mon Jan 19 09:12:42 UTC 2026","TestChainId","test_network_parameters","",""
"","60","test_rpc_node_is_synced[Test for Encointer, url: wss://encointer-kusama.dotters.network]","tests","Mon Jan 19 09:12:36 UTC 2026","passed","Mon Jan 19 09:12:36 UTC 2026","","test_substrate_node_is_synced","",""
"","0","test_chainId[Test for Polkadot Asset Hub]","tests","Mon Jan 19 09:12:03 UTC 2026","passed","Mon Jan 19 09:12:03 UTC 2026","TestChainId","test_network_parameters","",""
"","45","test_rpc_node_is_synced[Test for Moonriver, url: wss://moonriver.public.curie.radiumblock.co/ws]","tests","Mon Jan 19 09:12:27 UTC 2026","passed","Mon Jan 19 09:12:27 UTC 2026","","test_substrate_node_is_synced","",""
"","0","test_address_prefix[Test for QUARTZ]","tests","Mon Jan 19 09:11:56 UTC 2026","passed","Mon Jan 19 09:11:56 UTC 2026","TestNetworkPrefix","test_network_parameters","",""
"","159","test_rpc_method_is_available[Test for Kusama People, url: wss://ksm-rpc.stakeworld.io/people]","tests","Mon Jan 19 09:12:52 UTC 2026","passed","Mon Jan 19 09:12:52 UTC 2026","","test_rpc_methods_availability","",""
"","0","test_address_prefix[Test for peaq]","tests","Mon Jan 19 09:13:24 UTC 2026","passed","Mon Jan 19 09:13:24 UTC 2026","TestNetworkPrefix","test_network_parameters","",""
"","1","test_address_prefix[Test for Polkadot Relay]","tests","Mon Jan 19 09:11:48 UTC 2026","passed","Mon Jan 19 09:11:48 UTC 2026","TestNetworkPrefix","test_network_parameters","",""
"","71","test_rpc_node_is_synced[Test for Centrifuge Parachain, url: wss://rpc-centrifuge.luckyfriday.io]","tests","Mon Jan 19 09:13:15 UTC 2026","passed","Mon Jan 19 09:13:15 UTC 2026","","test_substrate_node_is_synced","",""
"","182","test_rpc_node_is_synced[Test for Joystream, url: wss://rpc.joystream.org]","tests","Mon Jan 19 09:14:46 UTC 2026","passed","Mon Jan 19 09:14:47 UTC 2026","","test_substrate_node_is_synced","",""
"","0","test_can_create_connection[Test for Polkadex, url: wss://polkadex.public.curie.radiumblock.co/ws]","tests","Mon Jan 19 09:13:38 UTC 2026","broken","Mon Jan 19 09:13:38 UTC 2026","","test_nodes_availability","",""
"","0","test_can_create_connection[Test for Moonbeam, url: wss://moonbeam.public.curie.radiumblock.co/ws]","tests","Mon Jan 19 09:12:19 UTC 2026","passed","Mon Jan 19 09:12:19 UTC 2026","","test_nodes_availability","",""
"","12","test_has_new_assets[Test for Laos]","tests","Mon Jan 19 09:13:19 UTC 2026","passed","Mon Jan 19 09:13:19 UTC 2026","TestAssets","test_check_new_assets","",""
"","0","test_address_prefix[Test for Manta Atlantic]","tests","Mon Jan 19 09:12:57 UTC 2026","passed","Mon Jan 19 09:12:57 UTC 2026","TestNetworkPrefix","test_network_parameters","",""
"","1","test_precision[Test for Heima]","tests","Mon Jan 19 09:12:31 UTC 2026","passed","Mon Jan 19 09:12:31 UTC 2026","TestPrecision","test_network_parameters","",""
"","0","test_precision[Test for Pendulum]","tests","Mon Jan 19 09:12:59 UTC 2026","passed","Mon Jan 19 09:12:59 UTC 2026","TestPrecision","test_network_parameters","",""
"","0","test_can_create_connection[Test for Kusama People, url: wss://ksm-rpc.stakeworld.io/people]","tests","Mon Jan 19 09:12:17 UTC 2026","passed","Mon Jan 19 09:12:17 UTC 2026","","test_nodes_availability","",""
"","177","test_rpc_method_is_available[Test for Acala, url: wss://acala-rpc-1.aca-api.network]","tests","Mon Jan 19 09:12:42 UTC 2026","passed","Mon Jan 19 09:12:42 UTC 2026","","test_rpc_methods_availability","",""
"","0","test_can_create_connection[Test for Hydration, url: wss://hydration.ibp.network]","tests","Mon Jan 19 09:12:42 UTC 2026","passed","Mon Jan 19 09:12:42 UTC 2026","","test_nodes_availability","",""
"","0","test_precision[Test for Darwinia]","tests","Mon Jan 19 09:12:42 UTC 2026","passed","Mon Jan 19 09:12:42 UTC 2026","TestPrecision","test_network_parameters","",""
"","12","test_has_new_assets[Test for Bifrost Polkadot]","tests","Mon Jan 19 09:12:18 UTC 2026","passed","Mon Jan 19 09:12:18 UTC 2026","TestAssets","test_check_new_assets","",""
"","0","test_precision[Test for Kusama Relay]","tests","Mon Jan 19 09:11:51 UTC 2026","passed","Mon Jan 19 09:11:51 UTC 2026","TestPrecision","test_network_parameters","",""
"","0","test_address_prefix[Test for Bifrost Kusama]","tests","Mon Jan 19 09:11:58 UTC 2026","passed","Mon Jan 19 09:11:58 UTC 2026","TestNetworkPrefix","test_network_parameters","",""
"","1","test_can_create_connection[Test for Phala, url: wss://phala-rpc.n.dwellir.com]","tests","Mon Jan 19 09:13:06 UTC 2026","passed","Mon Jan 19 09:13:06 UTC 2026","","test_nodes_availability","",""
"","11","test_has_new_assets[Test for Joystream]","tests","Mon Jan 19 09:12:46 UTC 2026","passed","Mon Jan 19 09:12:46 UTC 2026","TestAssets","test_check_new_assets","",""
"","158","test_rpc_node_is_synced[Test for Crust Shadow, url: wss://rpc-shadow.crust.network/]","tests","Mon Jan 19 09:13:04 UTC 2026","passed","Mon Jan 19 09:13:04 UTC 2026","","test_substrate_node_is_synced","",""
"","0","test_chainId[Test for Avail]","tests","Mon Jan 19 09:13:04 UTC 2026","passed","Mon Jan 19 09:13:04 UTC 2026","TestChainId","test_network_parameters","",""
"","7","test_has_new_assets[Test for DAO IPCI]","tests","Mon Jan 19 09:12:24 UTC 2026","passed","Mon Jan 19 09:12:24 UTC 2026","TestAssets","test_check_new_assets","",""
"","105","test_rpc_method_is_available[Test for Laos, url: wss://rpc.laos.laosfoundation.io]","tests","Mon Jan 19 09:15:12 UTC 2026","passed","Mon Jan 19 09:15:12 UTC 2026","","test_rpc_methods_availability","",""
"","1","test_address_prefix[Test for Encointer]","tests","Mon Jan 19 09:12:19 UTC 2026","passed","Mon Jan 19 09:12:19 UTC 2026","TestNetworkPrefix","test_network_parameters","",""
"","0","test_chainId[Test for peaq]","tests","Mon Jan 19 09:13:16 UTC 2026","passed","Mon Jan 19 09:13:16 UTC 2026","TestChainId","test_network_parameters","",""
"","176","test_rpc_method_is_available[Test for Acala, url: wss://acala-rpc-3.aca-api.network/ws]","tests","Mon Jan 19 09:12:51 UTC 2026","passed","Mon Jan 19 09:12:51 UTC 2026","","test_rpc_methods_availability","",""
"","11","test_has_new_assets[Test for 3DPass]","tests","Mon Jan 19 09:12:29 UTC 2026","passed","Mon Jan 19 09:12:29 UTC 2026","TestAssets","test_check_new_assets","",""
"","471","test_rpc_method_is_available[Test for Interlay, url: wss://rpc-interlay.luckyfriday.io/]","tests","Mon Jan 19 09:13:09 UTC 2026","passed","Mon Jan 19 09:13:09 UTC 2026","","test_rpc_methods_availability","",""
"","167","test_rpc_node_is_synced[Test for Polkadot Relay, url: wss://dot-rpc.stakeworld.io]","tests","Mon Jan 19 09:12:10 UTC 2026","passed","Mon Jan 19 09:12:10 UTC 2026","","test_substrate_node_is_synced","",""
"","4","test_has_new_assets[Test for Energy Web X]","tests","Mon Jan 19 09:12:49 UTC 2026","passed","Mon Jan 19 09:12:49 UTC 2026","TestAssets","test_check_new_assets","",""
"","0","test_can_create_connection[Test for Polkadot Relay, url: wss://rpc.ibp.network/polkadot]","tests","Mon Jan 19 09:11:57 UTC 2026","passed","Mon Jan 19 09:11:57 UTC 2026","","test_nodes_availability","",""
"","141","test_rpc_method_is_available[Test for Moonriver, url: wss://moonriver.public.curie.radiumblock.co/ws]","tests","Mon Jan 19 09:12:28 UTC 2026","passed","Mon Jan 19 09:12:28 UTC 2026","","test_rpc_methods_availability","",""
"","11","test_has_new_assets[Test for Pendulum]","tests","Mon Jan 19 09:12:40 UTC 2026","passed","Mon Jan 19 09:12:40 UTC 2026","TestAssets","test_check_new_assets","",""
"","100","test_rpc_method_is_available[Test for Polkadot Bridge Hub, url: wss://bridge-hub-polkadot.dotters.network]","tests","Mon Jan 19 09:14:26 UTC 2026","passed","Mon Jan 19 09:14:26 UTC 2026","","test_rpc_methods_availability","",""
"","176","test_rpc_method_is_available[Test for Bifrost Kusama, url: wss://bifrost-rpc.liebi.com/ws]","tests","Mon Jan 19 09:12:54 UTC 2026","passed","Mon Jan 19 09:12:54 UTC 2026","","test_rpc_methods_availability","",""
"","141","test_rpc_method_is_available[Test for Avail, url: wss://mainnet-rpc.avail.so/ws]","tests","Mon Jan 19 09:15:09 UTC 2026","passed","Mon Jan 19 09:15:09 UTC 2026","","test_rpc_methods_availability","",""
"","147","test_rpc_node_is_synced[Test for Energy Web X, url: wss://public-rpc.mainnet.energywebx.com/]","tests","Mon Jan 19 09:14:44 UTC 2026","passed","Mon Jan 19 09:14:44 UTC 2026","","test_substrate_node_is_synced","",""
"","98","test_rpc_method_is_available[Test for Bittensor, url: wss://lite.sub.latent.to:443]","tests","Mon Jan 19 09:14:15 UTC 2026","passed","Mon Jan 19 09:14:15 UTC 2026","","test_rpc_methods_availability","",""
"","0","test_can_create_connection[Test for XX network, url: wss://rpc.xx.network]","tests","Mon Jan 19 09:14:16 UTC 2026","broken","Mon Jan 19 09:14:16 UTC 2026","","test_nodes_availability","",""
"","1","test_precision[Test for UNIQUE]","tests","Mon Jan 19 09:12:08 UTC 2026","passed","Mon Jan 19 09:12:08 UTC 2026","TestPrecision","test_network_parameters","",""
"","0","test_address_prefix[Test for Centrifuge Parachain]","tests","Mon Jan 19 09:12:11 UTC 2026","passed","Mon Jan 19 09:12:11 UTC 2026","TestNetworkPrefix","test_network_parameters","",""
"","50","test_rpc_node_is_synced[Test for Westend (TESTNET), url: wss://westend.public.curie.radiumblock.co/ws]","tests","Mon Jan 19 09:12:29 UTC 2026","passed","Mon Jan 19 09:12:29 UTC 2026","","test_substrate_node_is_synced","",""
"","0","test_chainId[Test for Ternoa]","tests","Mon Jan 19 09:12:22 UTC 2026","passed","Mon Jan 19 09:12:22 UTC 2026","TestChainId","test_network_parameters","",""
"","174","test_rpc_node_is_synced[Test for Interlay, url: wss://api.interlay.io/parachain]","tests","Mon Jan 19 09:12:49 UTC 2026","passed","Mon Jan 19 09:12:49 UTC 2026","","test_substrate_node_is_synced","",""
"","8","test_has_new_assets[Test for Aleph Zero]","tests","Mon Jan 19 09:12:03 UTC 2026","passed","Mon Jan 19 09:12:03 UTC 2026","TestAssets","test_check_new_assets","",""
"","1","test_precision[Test for Kusama Bridge Hub]","tests","Mon Jan 19 09:12:40 UTC 2026","passed","Mon Jan 19 09:12:40 UTC 2026","TestPrecision","test_network_parameters","",""
"","12","test_has_new_assets[Test for XX network]","tests","Mon Jan 19 09:12:37 UTC 2026","passed","Mon Jan 19 09:12:37 UTC 2026","TestAssets","test_check_new_assets","",""
"","0","test_can_create_connection[Test for 3DPass, url: wss://rpc.3dpass.org]","tests","Mon Jan 19 09:14:34 UTC 2026","broken","Mon Jan 19 09:14:34 UTC 2026","","test_nodes_availability","",""
"","0","test_can_create_connection[Test for XX network, url: wss://rpc-hetzner.xx.network]","tests","Mon Jan 19 09:14:23 UTC 2026","passed","Mon Jan 19 09:14:23 UTC 2026","","test_nodes_availability","",""
"","106","test_rpc_method_is_available[Test for Hydration, url: wss://hydration.ibp.network]","tests","Mon Jan 19 09:12:56 UTC 2026","passed","Mon Jan 19 09:12:56 UTC 2026","","test_rpc_methods_availability","",""
"","0","test_precision[Test for Polkadot People]","tests","Mon Jan 19 09:11:45 UTC 2026","passed","Mon Jan 19 09:11:45 UTC 2026","TestPrecision","test_network_parameters","",""
"","0","test_can_create_connection[Test for Kusama Bridge Hub, url: wss://bridge-hub-kusama.dotters.network]","tests","Mon Jan 19 09:14:40 UTC 2026","passed","Mon Jan 19 09:14:40 UTC 2026","","test_nodes_availability","",""
"","0","test_address_prefix[Test for Aleph Zero]","tests","Mon Jan 19 09:12:10 UTC 2026","passed","Mon Jan 19 09:12:10 UTC 2026","TestNetworkPrefix","test_network_parameters","",""
"","0","test_can_create_connection[Test for Moonbeam, url: wss://moonbeam.dotters.network]","tests","Mon Jan 19 09:12:14 UTC 2026","passed","Mon Jan 19 09:12:14 UTC 2026","","test_nodes_availability","",""
"","0","test_address_prefix[Test for Tangle]","tests","Mon Jan 19 09:13:36 UTC 2026","passed","Mon Jan 19 09:13:36 UTC 2026","TestNetworkPrefix","test_network_parameters","",""
"","166","test_rpc_node_is_synced[Test for Polkadex, url: wss://so.polkadex.ee]","tests","Mon Jan 19 09:13:20 UTC 2026","passed","Mon Jan 19 09:13:20 UTC 2026","","test_substrate_node_is_synced","",""
"","151","test_rpc_method_is_available[Test for Polkadot People, url: wss://sys.ibp.network/people-polkadot]","tests","Mon Jan 19 09:12:32 UTC 2026","passed","Mon Jan 19 09:12:32 UTC 2026","","test_rpc_methods_availability","",""
"","0","test_can_create_connection[Test for Robonomics, url: wss://kusama.rpc.robonomics.network/]","tests","Mon Jan 19 09:14:03 UTC 2026","passed","Mon Jan 19 09:14:03 UTC 2026","","test_nodes_availability","",""
"","167","test_rpc_node_is_synced[Test for Kusama People, url: wss://ksm-rpc.stakeworld.io/people]","tests","Mon Jan 19 09:12:16 UTC 2026","passed","Mon Jan 19 09:12:16 UTC 2026","","test_substrate_node_is_synced","",""
"","167","test_rpc_node_is_synced[Test for Avail, url: wss://mainnet-rpc.avail.so/ws]","tests","Mon Jan 19 09:15:04 UTC 2026","passed","Mon Jan 19 09:15:05 UTC 2026","","test_substrate_node_is_synced","",""
"","0","test_precision[Test for Ternoa]","tests","Mon Jan 19 09:12:17 UTC 2026","passed","Mon Jan 19 09:12:17 UTC 2026","TestPrecision","test_network_parameters","",""
"","59","test_rpc_node_is_synced[Test for Ajuna, url: wss://ajuna.dotters.network]","tests","Mon Jan 19 09:14:09 UTC 2026","passed","Mon Jan 19 09:14:09 UTC 2026","","test_substrate_node_is_synced","",""
"","104","test_rpc_method_is_available[Test for Astar, url: wss://astar.public.curie.radiumblock.co/ws]","tests","Mon Jan 19 09:13:14 UTC 2026","passed","Mon Jan 19 09:13:14 UTC 2026","","test_rpc_methods_availability","",""
"","61","test_rpc_node_is_synced[Test for Polkadot Relay, url: wss://rpc.ibp.network/polkadot]","tests","Mon Jan 19 09:11:54 UTC 2026","passed","Mon Jan 19 09:11:54 UTC 2026","","test_substrate_node_is_synced","",""
"","105","test_rpc_method_is_available[Test for Basilisk, url: wss://rpc.basilisk.cloud]","tests","Mon Jan 19 09:13:13 UTC 2026","passed","Mon Jan 19 09:13:13 UTC 2026","","test_rpc_methods_availability","",""
"","0","test_can_create_connection[Test for Frequency, url: wss://1.rpc.frequency.xyz]","tests","Mon Jan 19 09:14:31 UTC 2026","passed","Mon Jan 19 09:14:31 UTC 2026","","test_nodes_availability","",""
"","0","test_rpc_method_is_available[Test for Curio, url: wss://parachain.curioinvest.com/]","tests","Mon Jan 19 09:15:03 UTC 2026","broken","Mon Jan 19 09:15:03 UTC 2026","","test_rpc_methods_availability","",""
"","170","test_rpc_method_is_available[Test for Polkadot Asset Hub, url: wss://asset-hub-polkadot-rpc.n.dwellir.com]","tests","Mon Jan 19 09:13:22 UTC 2026","passed","Mon Jan 19 09:13:22 UTC 2026","","test_rpc_methods_availability","",""
"","162","test_rpc_node_is_synced[Test for Basilisk, url: wss://basilisk-rpc.n.dwellir.com]","tests","Mon Jan 19 09:13:03 UTC 2026","passed","Mon Jan 19 09:13:03 UTC 2026","","test_substrate_node_is_synced","",""
"","61","test_rpc_node_is_synced[Test for Kusama Asset Hub, url: wss://sys.ibp.network/statemine]","tests","Mon Jan 19 09:12:34 UTC 2026","passed","Mon Jan 19 09:12:34 UTC 2026","","test_substrate_node_is_synced","",""
"","106","test_rpc_method_is_available[Test for Kusama Coretime, url: wss://rpc-coretime-kusama.luckyfriday.io]","tests","Mon Jan 19 09:15:23 UTC 2026","passed","Mon Jan 19 09:15:23 UTC 2026","","test_rpc_methods_availability","",""
"","11","test_has_new_assets[Test for Heima]","tests","Mon Jan 19 09:12:23 UTC 2026","passed","Mon Jan 19 09:12:23 UTC 2026","TestAssets","test_check_new_assets","",""
"","160","test_rpc_node_is_synced[Test for Crust Shadow, url: wss://rpc2-shadow.crust.network/]","tests","Mon Jan 19 09:13:00 UTC 2026","passed","Mon Jan 19 09:13:00 UTC 2026","","test_substrate_node_is_synced","",""
"","0","test_can_create_connection[Test for Polkadot People, url: wss://people-polkadot.public.curie.radiumblock.co/ws]","tests","Mon Jan 19 09:12:01 UTC 2026","passed","Mon Jan 19 09:12:01 UTC 2026","","test_nodes_availability","",""
"","0","test_can_create_connection[Test for DENTNet, url: wss://rpc.dentnet.io/ws]","tests","Mon Jan 19 09:15:17 UTC 2026","passed","Mon Jan 19 09:15:17 UTC 2026","","test_nodes_availability","",""
"","0","test_chainId[Test for Darwinia]","tests","Mon Jan 19 09:12:39 UTC 2026","passed","Mon Jan 19 09:12:39 UTC 2026","TestChainId","test_network_parameters","",""
"","154","test_rpc_method_is_available[Test for Frequency, url: wss://1.rpc.frequency.xyz]","tests","Mon Jan 19 09:14:32 UTC 2026","passed","Mon Jan 19 09:14:32 UTC 2026","","test_rpc_methods_availability","",""
"","142","test_rpc_node_is_synced[Test for Hyperbridge Nexus, url: wss://hyperbridge-nexus-rpc.blockops.network]","tests","Mon Jan 19 09:15:01 UTC 2026","passed","Mon Jan 19 09:15:01 UTC 2026","","test_substrate_node_is_synced","",""
"","0","test_chainId[Test for DAO IPCI]","tests","Mon Jan 19 09:12:22 UTC 2026","passed","Mon Jan 19 09:12:22 UTC 2026","TestChainId","test_network_parameters","",""
"","0","test_can_create_connection[Test for Polkadot Asset Hub, url: wss://sys.ibp.network/asset-hub-polkadot]","tests","Mon Jan 19 09:13:52 UTC 2026","passed","Mon Jan 19 09:13:52 UTC 2026","","test_nodes_availability","",""
"","61","test_rpc_node_is_synced[Test for Kusama Coretime, url: wss://sys.ibp.network/coretime-kusama]","tests","Mon Jan 19 09:15:25 UTC 2026","passed","Mon Jan 19 09:15:25 UTC 2026","","test_substrate_node_is_synced","",""
"","0","test_precision[Test for Crust Shadow]","tests","Mon Jan 19 09:12:03 UTC 2026","passed","Mon Jan 19 09:12:03 UTC 2026","TestPrecision","test_network_parameters","",""
"","0","test_chainId[Test for Zeitgeist]","tests","Mon Jan 19 09:12:18 UTC 2026","passed","Mon Jan 19 09:12:18 UTC 2026","TestChainId","test_network_parameters","",""
"","0","test_rpc_method_is_available[Test for Mythos, url: wss://polkadot-mythos-rpc.polkadot.io]","tests","Mon Jan 19 09:14:52 UTC 2026","broken","Mon Jan 19 09:14:52 UTC 2026","","test_rpc_methods_availability","",""
"","164","test_rpc_node_is_synced[Test for Astar, url: wss://rpc.astar.network]","tests","Mon Jan 19 09:12:57 UTC 2026","passed","Mon Jan 19 09:12:57 UTC 2026","","test_substrate_node_is_synced","",""
"","1","test_chainId[Test for Vara]","tests","Mon Jan 19 09:12:31 UTC 2026","passed","Mon Jan 19 09:12:31 UTC 2026","TestChainId","test_network_parameters","",""
"","158","test_rpc_node_is_synced[Test for Kusama Relay, url: wss://apps-kusama-rpc.polkadot.io]","tests","Mon Jan 19 09:12:02 UTC 2026","passed","Mon Jan 19 09:12:02 UTC 2026","","test_substrate_node_is_synced","",""
"","61","test_rpc_node_is_synced[Test for Polkadot People, url: wss://people-polkadot.dotters.network]","tests","Mon Jan 19 09:11:55 UTC 2026","passed","Mon Jan 19 09:11:55 UTC 2026","","test_substrate_node_is_synced","",""
"","1","test_can_create_connection[Test for Tanssi, url: wss://services.tanssi-mainnet.network/tanssi]","tests","Mon Jan 19 09:15:41 UTC 2026","passed","Mon Jan 19 09:15:41 UTC 2026","","test_nodes_availability","",""
"","0","test_address_prefix[Test for Bifrost Polkadot]","tests","Mon Jan 19 09:12:25 UTC 2026","passed","Mon Jan 19 09:12:25 UTC 2026","TestNetworkPrefix","test_network_parameters","",""
"","0","test_can_create_connection[Test for Polkadot Collectives, url: wss://collectives.public.curie.radiumblock.co/ws]","tests","Mon Jan 19 09:14:47 UTC 2026","passed","Mon Jan 19 09:14:47 UTC 2026","","test_nodes_availability","",""
"","0","test_rpc_node_is_synced[Test for Avail, url: wss://avail.rpc.bountyblok.io]","tests","Mon Jan 19 09:15:14 UTC 2026","broken","Mon Jan 19 09:15:14 UTC 2026","","test_substrate_node_is_synced","",""
"","175","test_rpc_node_is_synced[Test for Bifrost Kusama, url: wss://bifrost-rpc.liebi.com/ws]","tests","Mon Jan 19 09:12:51 UTC 2026","passed","Mon Jan 19 09:12:51 UTC 2026","","test_substrate_node_is_synced","",""
"","0","test_precision[Test for Mythos]","tests","Mon Jan 19 09:13:08 UTC 2026","broken","Mon Jan 19 09:13:08 UTC 2026","TestPrecision","test_network_parameters","",""
"","166","test_rpc_method_is_available[Test for Moonbeam, url: wss://wss.api.moonbeam.network]","tests","Mon Jan 19 09:12:03 UTC 2026","passed","Mon Jan 19 09:12:04 UTC 2026","","test_rpc_methods_availability","",""
"","94","test_rpc_method_is_available[Test for UNIQUE, url: wss://unique.ibp.network]","tests","Mon Jan 19 09:13:48 UTC 2026","passed","Mon Jan 19 09:13:48 UTC 2026","","test_rpc_methods_availability","",""
"","0","test_chainId[Test for 3DPass]","tests","Mon Jan 19 09:12:30 UTC 2026","passed","Mon Jan 19 09:12:30 UTC 2026","TestChainId","test_network_parameters","",""
"","0","test_chainId[Test for Aventus]","tests","Mon Jan 19 09:12:26 UTC 2026","passed","Mon Jan 19 09:12:26 UTC 2026","TestChainId","test_network_parameters","",""
"","120","test_rpc_method_is_available[Test for Encointer, url: wss://sys.ibp.network/encointer-kusama]","tests","Mon Jan 19 09:12:36 UTC 2026","passed","Mon Jan 19 09:12:36 UTC 2026","","test_rpc_methods_availability","",""
"","166","test_rpc_node_is_synced[Test for Shiden, url: wss://rpc.shiden.astar.network]","tests","Mon Jan 19 09:12:32 UTC 2026","passed","Mon Jan 19 09:12:33 UTC 2026","","test_substrate_node_is_synced","",""
"","0","test_address_prefix[Test for 3DPass]","tests","Mon Jan 19 09:12:40 UTC 2026","passed","Mon Jan 19 09:12:40 UTC 2026","TestNetworkPrefix","test_network_parameters","",""
"","0","test_chainId[Test for Crust Shadow]","tests","Mon Jan 19 09:11:59 UTC 2026","passed","Mon Jan 19 09:11:59 UTC 2026","TestChainId","test_network_parameters","",""
"","105","test_rpc_method_is_available[Test for Aventus, url: wss://public-rpc.mainnet.aventus.io]","tests","Mon Jan 19 09:14:12 UTC 2026","passed","Mon Jan 19 09:14:12 UTC 2026","","test_rpc_methods_availability","",""
"","61","test_rpc_node_is_synced[Test for Polkadot Asset Hub, url: wss://sys.ibp.network/asset-hub-polkadot]","tests","Mon Jan 19 09:13:42 UTC 2026","passed","Mon Jan 19 09:13:43 UTC 2026","","test_substrate_node_is_synced","",""
"","100","test_rpc_method_is_available[Test for XX network, url: wss://rpc.xx.network]","tests","Mon Jan 19 09:13:45 UTC 2026","passed","Mon Jan 19 09:13:45 UTC 2026","","test_rpc_methods_availability","",""
"","1","test_can_create_connection[Test for Centrifuge Parachain, url: wss://fullnode.centrifuge.io]","tests","Mon Jan 19 09:13:17 UTC 2026","passed","Mon Jan 19 09:13:17 UTC 2026","","test_nodes_availability","",""
"","7","test_has_new_assets[Test for Polkadot Bridge Hub]","tests","Mon Jan 19 09:12:41 UTC 2026","passed","Mon Jan 19 09:12:41 UTC 2026","TestAssets","test_check_new_assets","",""
"","0","test_chainId[Test for Astar]","tests","Mon Jan 19 09:11:56 UTC 2026","passed","Mon Jan 19 09:11:56 UTC 2026","TestChainId","test_network_parameters","",""
"","93","test_has_new_assets[Test for Bifrost Kusama]","tests","Mon Jan 19 09:11:56 UTC 2026","passed","Mon Jan 19 09:11:56 UTC 2026","TestAssets","test_check_new_assets","",""
"","1","test_can_create_connection[Test for Phala, url: wss://phala.public.curie.radiumblock.co/ws]","tests","Mon Jan 19 09:13:17 UTC 2026","passed","Mon Jan 19 09:13:17 UTC 2026","","test_nodes_availability","",""
"","0","test_precision[Test for Moonbeam]","tests","Mon Jan 19 09:11:55 UTC 2026","passed","Mon Jan 19 09:11:55 UTC 2026","TestPrecision","test_network_parameters","",""
"","1","test_address_prefix[Test for Enjin Relay]","tests","Mon Jan 19 09:13:02 UTC 2026","passed","Mon Jan 19 09:13:02 UTC 2026","TestNetworkPrefix","test_network_parameters","",""
"","44","test_rpc_node_is_synced[Test for Shiden, url: wss://shiden.public.curie.radiumblock.co/ws]","tests","Mon Jan 19 09:12:44 UTC 2026","passed","Mon Jan 19 09:12:44 UTC 2026","","test_substrate_node_is_synced","",""
"","0","test_rpc_node_is_synced[Test for KILT, url: wss://spiritnet.kilt.io/]","tests","Mon Jan 19 09:13:33 UTC 2026","broken","Mon Jan 19 09:13:33 UTC 2026","","test_substrate_node_is_synced","",""
"","0","test_can_create_connection[Test for Karura, url: wss://karura-rpc-0.aca-api.network]","tests","Mon Jan 19 09:11:43 UTC 2026","passed","Mon Jan 19 09:11:43 UTC 2026","","test_nodes_availability","",""
"","152","test_rpc_node_is_synced[Test for Westend (TESTNET), url: wss://westend-rpc.polkadot.io]","tests","Mon Jan 19 09:12:24 UTC 2026","passed","Mon Jan 19 09:12:25 UTC 2026","","test_substrate_node_is_synced","",""
"","326","test_rpc_node_is_synced[Test for Karura, url: wss://karura-rpc-1.aca-api.network]","tests","Mon Jan 19 09:11:45 UTC 2026","passed","Mon Jan 19 09:11:46 UTC 2026","","test_substrate_node_is_synced","",""
"","93","test_rpc_method_is_available[Test for Cere, url: wss://rpc.mainnet.cere.network/ws]","tests","Mon Jan 19 09:15:00 UTC 2026","passed","Mon Jan 19 09:15:00 UTC 2026","","test_rpc_methods_availability","",""
"","174","test_rpc_method_is_available[Test for Polkadot People, url: wss://polkadot-people-rpc.polkadot.io]","tests","Mon Jan 19 09:11:49 UTC 2026","passed","Mon Jan 19 09:11:49 UTC 2026","","test_rpc_methods_availability","",""
"","0","test_rpc_method_is_available[Test for 3DPass, url: wss://rpc.3dpass.org]","tests","Mon Jan 19 09:14:20 UTC 2026","broken","Mon Jan 19 09:14:20 UTC 2026","","test_rpc_methods_availability","",""
"","0","test_can_create_connection[Test for Acurast Canary, url: wss://public-rpc.canary.acurast.com]","tests","Mon Jan 19 09:15:47 UTC 2026","broken","Mon Jan 19 09:15:47 UTC 2026","","test_nodes_availability","",""
"","0","test_can_create_connection[Test for Karura, url: wss://karura-rpc-3.aca-api.network/ws]","tests","Mon Jan 19 09:11:55 UTC 2026","passed","Mon Jan 19 09:11:55 UTC 2026","","test_nodes_availability","",""
"","176","test_rpc_method_is_available[Test for Enjin Matrix, url: wss://rpc.matrix.blockchain.enjin.io]","tests","Mon Jan 19 09:14:38 UTC 2026","passed","Mon Jan 19 09:14:39 UTC 2026","","test_rpc_methods_availability","",""
"","0","test_can_create_connection[Test for Hyperbridge Nexus, url: wss://hyperbridge-nexus-rpc.blockops.network]","tests","Mon Jan 19 09:15:08 UTC 2026","passed","Mon Jan 19 09:15:08 UTC 2026","","test_nodes_availability","",""
"","1","test_precision[Test for Laos]","tests","Mon Jan 19 09:13:26 UTC 2026","passed","Mon Jan 19 09:13:26 UTC 2026","TestPrecision","test_network_parameters","",""
"","0","test_chainId[Test for XX network]","tests","Mon Jan 19 09:12:54 UTC 2026","passed","Mon Jan 19 09:12:54 UTC 2026","TestChainId","test_network_parameters","",""
"","99","test_rpc_method_is_available[Test for Humanode, url: wss://explorer-rpc-ws.mainnet.stages.humanode.io]","tests","Mon Jan 19 09:15:07 UTC 2026","passed","Mon Jan 19 09:15:07 UTC 2026","","test_rpc_methods_availability","",""
"","6","test_has_new_assets[Test for Crust Shadow]","tests","Mon Jan 19 09:12:01 UTC 2026","passed","Mon Jan 19 09:12:01 UTC 2026","TestAssets","test_check_new_assets","",""
"","0","test_can_create_connection[Test for Altair, url: wss://altair.api.onfinality.io/public-ws]","tests","Mon Jan 19 09:13:15 UTC 2026","passed","Mon Jan 19 09:13:15 UTC 2026","","test_nodes_availability","",""
"","1","test_can_create_connection[Test for Karura, url: wss://karura-rpc.n.dwellir.com]","tests","Mon Jan 19 09:12:01 UTC 2026","passed","Mon Jan 19 09:12:01 UTC 2026","","test_nodes_availability","",""
"","10","test_has_new_assets[Test for Polymesh]","tests","Mon Jan 19 09:12:20 UTC 2026","passed","Mon Jan 19 09:12:20 UTC 2026","TestAssets","test_check_new_assets","",""
"","0","test_address_prefix[Test for Basilisk]","tests","Mon Jan 19 09:12:05 UTC 2026","passed","Mon Jan 19 09:12:05 UTC 2026","TestNetworkPrefix","test_network_parameters","",""
"","1","test_precision[Test for Manta Atlantic]","tests","Mon Jan 19 09:12:56 UTC 2026","passed","Mon Jan 19 09:12:56 UTC 2026","TestPrecision","test_network_parameters","",""
"","0","test_chainId[Test for Polkadot Coretime]","tests","Mon Jan 19 09:13:25 UTC 2026","passed","Mon Jan 19 09:13:25 UTC 2026","TestChainId","test_network_parameters","",""
"","173","test_rpc_node_is_synced[Test for XX network, url: wss://rpc-hetzner.xx.network]","tests","Mon Jan 19 09:14:27 UTC 2026","passed","Mon Jan 19 09:14:27 UTC 2026","","test_substrate_node_is_synced","",""
"","272","test_rpc_node_is_synced[Test for Acala, url: wss://acala-rpc-1.aca-api.network]","tests","Mon Jan 19 09:12:38 UTC 2026","passed","Mon Jan 19 09:12:39 UTC 2026","","test_substrate_node_is_synced","",""
"","1","test_precision[Test for QUARTZ]","tests","Mon Jan 19 09:11:53 UTC 2026","passed","Mon Jan 19 09:11:53 UTC 2026","TestPrecision","test_network_parameters","",""
"","88","test_rpc_node_is_synced[Test for Vara, url: wss://rpc.vara-network.io]","tests","Mon Jan 19 09:14:25 UTC 2026","passed","Mon Jan 19 09:14:25 UTC 2026","","test_substrate_node_is_synced","",""
"","228","test_rpc_node_is_synced[Test for Karura, url: wss://karura-rpc-0.aca-api.network]","tests","Mon Jan 19 09:11:42 UTC 2026","passed","Mon Jan 19 09:11:42 UTC 2026","","test_substrate_node_is_synced","",""
"","0","test_can_create_connection[Test for Hyperbridge Nexus, url: wss://nexus.dotters.network]","tests","Mon Jan 19 09:15:03 UTC 2026","passed","Mon Jan 19 09:15:03 UTC 2026","","test_nodes_availability","",""
"","0","test_can_create_connection[Test for Bifrost Kusama, url: wss://bifrost-rpc.liebi.com/ws]","tests","Mon Jan 19 09:12:50 UTC 2026","passed","Mon Jan 19 09:12:50 UTC 2026","","test_nodes_availability","",""
"","1","test_can_create_connection[Test for Polkadot Coretime, url: wss://sys.ibp.network/coretime-polkadot]","tests","Mon Jan 19 09:15:27 UTC 2026","passed","Mon Jan 19 09:15:27 UTC 2026","","test_nodes_availability","",""
"","0","test_can_create_connection[Test for Avail, url: wss://avail.rpc.bountyblok.io]","tests","Mon Jan 19 09:16:17 UTC 2026","broken","Mon Jan 19 09:16:17 UTC 2026","","test_nodes_availability","",""
"","0","test_chainId[Test for Polkadot Relay]","tests","Mon Jan 19 09:11:43 UTC 2026","passed","Mon Jan 19 09:11:43 UTC 2026","TestChainId","test_network_parameters","",""
"","1","test_address_prefix[Test for Kusama People]","tests","Mon Jan 19 09:11:51 UTC 2026","passed","Mon Jan 19 09:11:51 UTC 2026","TestNetworkPrefix","test_network_parameters","",""
"","105","test_rpc_method_is_available[Test for DENTNet, url: wss://rpc.dentnet.io/ws]","tests","Mon Jan 19 09:15:05 UTC 2026","passed","Mon Jan 19 09:15:06 UTC 2026","","test_rpc_methods_availability","",""
"","0","test_can_create_connection[Test for Vara, url: wss://rpc.vara-network.io]","tests","Mon Jan 19 09:14:33 UTC 2026","passed","Mon Jan 19 09:14:33 UTC 2026","","test_nodes_availability","",""
"","0","test_precision[Test for Curio]","tests","Mon Jan 19 09:13:09 UTC 2026","broken","Mon Jan 19 09:13:09 UTC 2026","TestPrecision","test_network_parameters","",""
"","1","test_chainId[Test for Kusama Asset Hub]","tests","Mon Jan 19 09:11:58 UTC 2026","passed","Mon Jan 19 09:11:58 UTC 2026","TestChainId","test_network_parameters","",""
"","62","test_rpc_node_is_synced[Test for Polkadot Bridge Hub, url: wss://bridge-hub-polkadot.dotters.network]","tests","Mon Jan 19 09:14:28 UTC 2026","passed","Mon Jan 19 09:14:28 UTC 2026","","test_substrate_node_is_synced","",""
"","160","test_rpc_method_is_available[Test for Ternoa, url: wss://mainnet.ternoa.network]","tests","Mon Jan 19 09:14:00 UTC 2026","passed","Mon Jan 19 09:14:00 UTC 2026","","test_rpc_methods_availability","",""
"","7","test_has_new_assets[Test for Kusama Relay]","tests","Mon Jan 19 09:11:49 UTC 2026","passed","Mon Jan 19 09:11:49 UTC 2026","TestAssets","test_check_new_assets","",""
"","0","test_rpc_node_is_synced[Test for XX network, url: wss://rpc.xx.network]","tests","Mon Jan 19 09:13:59 UTC 2026","broken","Mon Jan 19 09:13:59 UTC 2026","","test_substrate_node_is_synced","",""
"","29","test_has_new_assets[Test for Interlay]","tests","Mon Jan 19 09:12:18 UTC 2026","passed","Mon Jan 19 09:12:18 UTC 2026","TestAssets","test_check_new_assets","",""
"","149","test_rpc_node_is_synced[Test for Bifrost Polkadot, url: wss://eu.bifrost-polkadot-rpc.liebi.com/ws]","tests","Mon Jan 19 09:14:01 UTC 2026","passed","Mon Jan 19 09:14:01 UTC 2026","","test_substrate_node_is_synced","",""
"","198","test_rpc_node_is_synced[Test for Kusama Relay, url: wss://rpc-kusama-2.novasama-tech.org]","tests","Mon Jan 19 09:11:45 UTC 2026","passed","Mon Jan 19 09:11:45 UTC 2026","","test_substrate_node_is_synced","",""
"","0","test_chainId[Test for Acurast Canary]","tests","Mon Jan 19 09:13:36 UTC 2026","broken","Mon Jan 19 09:13:36 UTC 2026","TestChainId","test_network_parameters","",""
"","0","test_chainId[Test for Laos]","tests","Mon Jan 19 09:13:23 UTC 2026","passed","Mon Jan 19 09:13:23 UTC 2026","TestChainId","test_network_parameters","",""
"","309","test_rpc_method_is_available[Test for Karura, url: wss://karura-rpc-0.aca-api.network]","tests","Mon Jan 19 09:11:44 UTC 2026","passed","Mon Jan 19 09:11:45 UTC 2026","","test_rpc_methods_availability","",""
"","0","test_address_prefix[Test for Crab]","tests","Mon Jan 19 09:12:55 UTC 2026","passed","Mon Jan 19 09:12:55 UTC 2026","TestNetworkPrefix","test_network_parameters","",""
"","0","test_precision[Test for Creditcoin]","tests","Mon Jan 19 09:13:27 UTC 2026","passed","Mon Jan 19 09:13:27 UTC 2026","TestPrecision","test_network_parameters","",""
"","0","test_precision[Test for Phala]","tests","Mon Jan 19 09:12:31 UTC 2026","passed","Mon Jan 19 09:12:31 UTC 2026","TestPrecision","test_network_parameters","",""
"","0","test_address_prefix[Test for Kusama Relay]","tests","Mon Jan 19 09:11:52 UTC 2026","passed","Mon Jan 19 09:11:52 UTC 2026","TestNetworkPrefix","test_network_parameters","",""
"","100","test_rpc_method_is_available[Test for Hydration, url: wss://rpc.hydradx.cloud]","tests","Mon Jan 19 09:13:33 UTC 2026","passed","Mon Jan 19 09:13:33 UTC 2026","","test_rpc_methods_availability","",""
"","95","test_rpc_method_is_available[Test for Kusama Coretime, url: wss://coretime-kusama.dotters.network]","tests","Mon Jan 19 09:15:22 UTC 2026","passed","Mon Jan 19 09:15:22 UTC 2026","","test_rpc_methods_availability","",""
"","163","test_rpc_method_is_available[Test for QUARTZ, url: wss://us-ws-quartz.unique.network]","tests","Mon Jan 19 09:12:35 UTC 2026","passed","Mon Jan 19 09:12:35 UTC 2026","","test_rpc_methods_availability","",""
"","0","test_has_new_assets[Test for Mythos]","tests","Mon Jan 19 09:13:05 UTC 2026","broken","Mon Jan 19 09:13:05 UTC 2026","TestAssets","test_check_new_assets","",""
"","0","test_can_create_connection[Test for GIANT, url: wss://rpc-anchor-1-mainnet-az-ue1.giantprotocol.org:443]","tests","Mon Jan 19 09:14:32 UTC 2026","passed","Mon Jan 19 09:14:32 UTC 2026","","test_nodes_availability","",""
"","1","test_address_prefix[Test for UNIQUE]","tests","Mon Jan 19 09:12:10 UTC 2026","passed","Mon Jan 19 09:12:10 UTC 2026","TestNetworkPrefix","test_network_parameters","",""
"","270","test_rpc_node_is_synced[Test for Acala, url: wss://acala-rpc-3.aca-api.network/ws]","tests","Mon Jan 19 09:12:46 UTC 2026","passed","Mon Jan 19 09:12:46 UTC 2026","","test_substrate_node_is_synced","",""
"","0","test_address_prefix[Test for Moonriver]","tests","Mon Jan 19 09:11:46 UTC 2026","passed","Mon Jan 19 09:11:46 UTC 2026","TestNetworkPrefix","test_network_parameters","",""
"","140","test_rpc_node_is_synced[Test for Humanode, url: wss://explorer-rpc-ws.mainnet.stages.humanode.io]","tests","Mon Jan 19 09:15:19 UTC 2026","passed","Mon Jan 19 09:15:19 UTC 2026","","test_substrate_node_is_synced","",""
"","1","test_precision[Test for Altair]","tests","Mon Jan 19 09:11:46 UTC 2026","passed","Mon Jan 19 09:11:46 UTC 2026","TestPrecision","test_network_parameters","",""
"","0","test_can_create_connection[Test for Acala, url: wss://acala-rpc.n.dwellir.com]","tests","Mon Jan 19 09:12:59 UTC 2026","passed","Mon Jan 19 09:12:59 UTC 2026","","test_nodes_availability","",""
"","0","test_can_create_connection[Test for Shiden, url: wss://shiden.public.curie.radiumblock.co/ws]","tests","Mon Jan 19 09:12:44 UTC 2026","passed","Mon Jan 19 09:12:44 UTC 2026","","test_nodes_availability","",""
"","99","test_rpc_method_is_available[Test for Amplitude, url: wss://rpc-amplitude.pendulumchain.tech]","tests","Mon Jan 19 09:13:54 UTC 2026","passed","Mon Jan 19 09:13:54 UTC 2026","","test_rpc_methods_availability","",""
"","0","test_can_create_connection[Test for Tangle, url: wss://rpc.tangle.tools]","tests","Mon Jan 19 09:15:31 UTC 2026","passed","Mon Jan 19 09:15:31 UTC 2026","","test_nodes_availability","",""
"","9","test_has_new_assets[Test for Shiden]","tests","Mon Jan 19 09:11:48 UTC 2026","passed","Mon Jan 19 09:11:48 UTC 2026","TestAssets","test_check_new_assets","",""
"","12","test_has_new_assets[Test for UNIQUE]","tests","Mon Jan 19 09:12:06 UTC 2026","passed","Mon Jan 19 09:12:06 UTC 2026","TestAssets","test_check_new_assets","",""
"","0","test_address_prefix[Test for Polkadot People]","tests","Mon Jan 19 09:11:47 UTC 2026","passed","Mon Jan 19 09:11:47 UTC 2026","TestNetworkPrefix","test_network_parameters","",""
"","118","test_rpc_method_is_available[Test for Crust Shadow, url: wss://rpc2-shadow.crust.network/]","tests","Mon Jan 19 09:13:06 UTC 2026","passed","Mon Jan 19 09:13:07 UTC 2026","","test_rpc_methods_availability","",""
"","7","test_has_new_assets[Test for Creditcoin]","tests","Mon Jan 19 09:13:14 UTC 2026","passed","Mon Jan 19 09:13:14 UTC 2026","TestAssets","test_check_new_assets","",""
"","0","test_address_prefix[Test for Zeitgeist]","tests","Mon Jan 19 09:12:31 UTC 2026","passed","Mon Jan 19 09:12:31 UTC 2026","TestNetworkPrefix","test_network_parameters","",""
"","161","test_rpc_method_is_available[Test for Kusama People, url: wss://sys.ibp.network/people-kusama]","tests","Mon Jan 19 09:12:46 UTC 2026","passed","Mon Jan 19 09:12:46 UTC 2026","","test_rpc_methods_availability","",""
"","1","test_chainId[Test for Kusama People]","tests","Mon Jan 19 09:11:45 UTC 2026","passed","Mon Jan 19 09:11:45 UTC 2026","TestChainId","test_network_parameters","",""
"","287","test_rpc_node_work_fast[Test for Ethereum, url: https://ethereum-rpc.publicnode.com]","tests","Mon Jan 19 09:11:37 UTC 2026","passed","Mon Jan 19 09:11:37 UTC 2026","TestETHNodesAvailability","test_eth_nodes_availability","",""
"","1","test_address_prefix[Test for Energy Web X]","tests","Mon Jan 19 09:13:00 UTC 2026","passed","Mon Jan 19 09:13:00 UTC 2026","TestNetworkPrefix","test_network_parameters","",""
"","100","test_rpc_method_is_available[Test for Kusama Relay, url: wss://kusama.public.curie.radiumblock.co/ws]","tests","Mon Jan 19 09:12:16 UTC 2026","passed","Mon Jan 19 09:12:17 UTC 2026","","test_rpc_methods_availability","",""
"","0","test_can_create_connection[Test for Kusama People, url: wss://people-kusama.dotters.network]","tests","Mon Jan 19 09:12:11 UTC 2026","passed","Mon Jan 19 09:12:11 UTC 2026","","test_nodes_availability","",""
"","0","test_chainId[Test for krest]","tests","Mon Jan 19 09:12:41 UTC 2026","passed","Mon Jan 19 09:12:41 UTC 2026","TestChainId","test_network_parameters","",""
"","62","test_rpc_node_is_synced[Test for Altair, url: wss://altair.api.onfinality.io/public-ws]","tests","Mon Jan 19 09:13:14 UTC 2026","passed","Mon Jan 19 09:13:14 UTC 2026","","test_substrate_node_is_synced","",""
"","62","test_rpc_node_is_synced[Test for Bittensor, url: wss://bittensor-finney.api.onfinality.io/public-ws]","tests","Mon Jan 19 09:14:46 UTC 2026","passed","Mon Jan 19 09:14:46 UTC 2026","","test_substrate_node_is_synced","",""
"","12","test_has_new_assets[Test for Enjin Relay]","tests","Mon Jan 19 09:12:53 UTC 2026","passed","Mon Jan 19 09:12:53 UTC 2026","TestAssets","test_check_new_assets","",""
"","385","test_rpc_node_is_synced[Test for Karura, url: wss://karura-rpc-2.aca-api.network/ws]","tests","Mon Jan 19 09:11:50 UTC 2026","passed","Mon Jan 19 09:11:50 UTC 2026","","test_substrate_node_is_synced","",""
"","1","test_chainId[Test for Polkadot Bridge Hub]","tests","Mon Jan 19 09:12:39 UTC 2026","passed","Mon Jan 19 09:12:39 UTC 2026","TestChainId","test_network_parameters","",""
"","0","test_chainId[Test for CC Enterprise]","tests","Mon Jan 19 09:13:07 UTC 2026","passed","Mon Jan 19 09:13:07 UTC 2026","TestChainId","test_network_parameters","",""
"","103","test_rpc_method_is_available[Test for Altair, url: wss://altair.api.onfinality.io/public-ws]","tests","Mon Jan 19 09:13:15 UTC 2026","passed","Mon Jan 19 09:13:16 UTC 2026","","test_rpc_methods_availability","",""
"","0","test_precision[Test for Humanode]","tests","Mon Jan 19 09:13:17 UTC 2026","passed","Mon Jan 19 09:13:17 UTC 2026","TestPrecision","test_network_parameters","",""
"","104","test_rpc_method_is_available[Test for Polkadot Relay, url: wss://apps-rpc.polkadot.io]","tests","Mon Jan 19 09:12:06 UTC 2026","passed","Mon Jan 19 09:12:06 UTC 2026","","test_rpc_methods_availability","",""
"","0","test_can_create_connection[Test for Moonbeam, url: wss://moonbeam.ibp.network]","tests","Mon Jan 19 09:12:09 UTC 2026","passed","Mon Jan 19 09:12:09 UTC 2026","","test_nodes_availability","",""
"","0","test_precision[Test for Joystream]","tests","Mon Jan 19 09:12:48 UTC 2026","passed","Mon Jan 19 09:12:48 UTC 2026","TestPrecision","test_network_parameters","",""
"","1152","test_subquery_is_synced","tests","Mon Jan 19 09:11:54 UTC 2026","broken","Mon Jan 19 09:11:56 UTC 2026","","test_subquery_is_synced","",""
"","157","test_rpc_node_is_synced[Test for Astar, url: wss://astar-rpc.n.dwellir.com]","tests","Mon Jan 19 09:13:04 UTC 2026","passed","Mon Jan 19 09:13:04 UTC 2026","","test_substrate_node_is_synced","",""
"","1","test_can_create_connection[Test for Zeitgeist, url: wss://zeitgeist.api.onfinality.io/public-ws]","tests","Mon Jan 19 09:12:56 UTC 2026","passed","Mon Jan 19 09:12:56 UTC 2026","","test_nodes_availability","",""
"","0","test_chainId[Test for Kintsugi]","tests","Mon Jan 19 09:12:14 UTC 2026","passed","Mon Jan 19 09:12:14 UTC 2026","TestChainId","test_network_parameters","",""
"","0","test_precision[Test for Bifrost Polkadot]","tests","Mon Jan 19 09:12:26 UTC 2026","passed","Mon Jan 19 09:12:26 UTC 2026","TestPrecision","test_network_parameters","",""
"","173","test_rpc_node_is_synced[Test for Polkadot Collectives, url: wss://dot-rpc.stakeworld.io/collectives]","tests","Mon Jan 19 09:14:40 UTC 2026","passed","Mon Jan 19 09:14:40 UTC 2026","","test_substrate_node_is_synced","",""
"","61","test_rpc_node_is_synced[Test for UNIQUE, url: wss://unique.ibp.network]","tests","Mon Jan 19 09:13:43 UTC 2026","passed","Mon Jan 19 09:13:43 UTC 2026","","test_substrate_node_is_synced","",""
"","0","test_chainId[Test for GIANT]","tests","Mon Jan 19 09:12:34 UTC 2026","passed","Mon Jan 19 09:12:34 UTC 2026","TestChainId","test_network_parameters","",""
"","173","test_rpc_method_is_available[Test for Phala, url: wss://phala-rpc.n.dwellir.com]","tests","Mon Jan 19 09:13:17 UTC 2026","passed","Mon Jan 19 09:13:17 UTC 2026","","test_rpc_methods_availability","",""
"","0","test_chainId[Test for Crust Polkadot Parachain]","tests","Mon Jan 19 09:13:01 UTC 2026","passed","Mon Jan 19 09:13:01 UTC 2026","TestChainId","test_network_parameters","",""
"","164","test_rpc_method_is_available[Test for Bifrost Polkadot, url: wss://hk.p.bifrost-rpc.liebi.com/ws]","tests","Mon Jan 19 09:14:09 UTC 2026","passed","Mon Jan 19 09:14:09 UTC 2026","","test_rpc_methods_availability","",""
"","0","test_address_prefix[Test for Vara]","tests","Mon Jan 19 09:12:38 UTC 2026","passed","Mon Jan 19 09:12:38 UTC 2026","TestNetworkPrefix","test_network_parameters","",""
"","156","test_rpc_method_is_available[Test for Polkadot Relay, url: wss://rpc-polkadot-2.novasama-tech.org]","tests","Mon Jan 19 09:11:52 UTC 2026","passed","Mon Jan 19 09:11:52 UTC 2026","","test_rpc_methods_availability","",""
"","99","test_rpc_method_is_available[Test for Polkadot Relay, url: wss://dot-rpc.stakeworld.io]","tests","Mon Jan 19 09:12:11 UTC 2026","passed","Mon Jan 19 09:12:11 UTC 2026","","test_rpc_methods_availability","",""
"","0","test_can_create_connection[Test for krest, url: wss://krest.api.onfinality.io/public-ws']","tests","Mon Jan 19 09:14:47 UTC 2026","passed","Mon Jan 19 09:14:47 UTC 2026","","test_nodes_availability","",""
"","0","test_chainId[Test for Enjin Matrix]","tests","Mon Jan 19 09:12:45 UTC 2026","passed","Mon Jan 19 09:12:45 UTC 2026","TestChainId","test_network_parameters","",""
"","8","test_has_new_assets[Test for Encointer]","tests","Mon Jan 19 09:12:10 UTC 2026","passed","Mon Jan 19 09:12:10 UTC 2026","TestAssets","test_check_new_assets","",""
"","0","test_precision[Test for Cere]","tests","Mon Jan 19 09:14:10 UTC 2026","passed","Mon Jan 19 09:14:10 UTC 2026","TestPrecision","test_network_parameters","",""
"","0","test_can_create_connection[Test for Moonriver, url: wss://moonriver-rpc.publicnode.com]","tests","Mon Jan 19 09:12:20 UTC 2026","passed","Mon Jan 19 09:12:20 UTC 2026","","test_nodes_availability","",""
"","0","test_rpc_node_is_synced[Test for Mythos, url: wss://polkadot-mythos-rpc.polkadot.io]","tests","Mon Jan 19 09:14:58 UTC 2026","broken","Mon Jan 19 09:14:58 UTC 2026","","test_substrate_node_is_synced","",""
"","175","test_rpc_method_is_available[Test for Bifrost Kusama, url: wss://us.bifrost-rpc.liebi.com/ws]","tests","Mon Jan 19 09:12:59 UTC 2026","passed","Mon Jan 19 09:13:00 UTC 2026","","test_rpc_methods_availability","",""
"","0","test_precision[Test for KILT]","tests","Mon Jan 19 09:11:48 UTC 2026","passed","Mon Jan 19 09:11:48 UTC 2026","TestPrecision","test_network_parameters","",""
"","0","test_precision[Test for Kusama People]","tests","Mon Jan 19 09:11:48 UTC 2026","passed","Mon Jan 19 09:11:48 UTC 2026","TestPrecision","test_network_parameters","",""
"","0","test_chainId[Test for Tanssi]","tests","Mon Jan 19 09:13:30 UTC 2026","passed","Mon Jan 19 09:13:30 UTC 2026","TestChainId","test_network_parameters","",""
"","170","test_rpc_node_is_synced[Test for Kintsugi, url: wss://api-kusama.interlay.io/parachain]","tests","Mon Jan 19 09:12:46 UTC 2026","passed","Mon Jan 19 09:12:46 UTC 2026","","test_substrate_node_is_synced","",""
"","1","test_can_create_connection[Test for Polkadot Coretime, url: wss://polkadot-coretime-rpc.polkadot.io]","tests","Mon Jan 19 09:15:36 UTC 2026","passed","Mon Jan 19 09:15:36 UTC 2026","","test_nodes_availability","",""
"","1","test_address_prefix[Test for Humanode]","tests","Mon Jan 19 09:13:23 UTC 2026","passed","Mon Jan 19 09:13:23 UTC 2026","TestNetworkPrefix","test_network_parameters","",""
"","750","test_rpc_method_is_available[Test for Moonriver, url: wss://wss.api.moonriver.moonbeam.network]","tests","Mon Jan 19 09:12:21 UTC 2026","passed","Mon Jan 19 09:12:21 UTC 2026","","test_rpc_methods_availability","",""
"","748","test_rpc_node_work_fast[Test for Ethereum, url: https://1rpc.io/eth]","tests","Mon Jan 19 09:11:37 UTC 2026","passed","Mon Jan 19 09:11:38 UTC 2026","TestETHNodesAvailability","test_eth_nodes_availability","",""
"","177","test_rpc_method_is_available[Test for KILT, url: wss://kilt.ibp.network]","tests","Mon Jan 19 09:13:21 UTC 2026","passed","Mon Jan 19 09:13:21 UTC 2026","","test_rpc_methods_availability","",""
"","0","test_address_prefix[Test for Karura]","tests","Mon Jan 19 09:11:54 UTC 2026","passed","Mon Jan 19 09:11:54 UTC 2026","TestNetworkPrefix","test_network_parameters","",""
"","0","test_rpc_node_is_synced[Test for 3DPass, url: wss://rpc.3dpass.org]","tests","Mon Jan 19 09:14:20 UTC 2026","broken","Mon Jan 19 09:14:20 UTC 2026","","test_substrate_node_is_synced","",""
"","101","test_rpc_method_is_available[Test for Bifrost Polkadot, url: wss://bifrost-polkadot.dotters.network]","tests","Mon Jan 19 09:14:00 UTC 2026","passed","Mon Jan 19 09:14:00 UTC 2026","","test_rpc_methods_availability","",""
"","0","test_chainId[Test for DENTNet]","tests","Mon Jan 19 09:13:20 UTC 2026","passed","Mon Jan 19 09:13:20 UTC 2026","TestChainId","test_network_parameters","",""
"","0","test_can_create_connection[Test for Enjin Matrix, url: wss://rpc.matrix.blockchain.enjin.io]","tests","Mon Jan 19 09:14:52 UTC 2026","passed","Mon Jan 19 09:14:52 UTC 2026","","test_nodes_availability","",""
"","241","test_rpc_method_is_available[Test for Polkadot Relay, url: wss://rpc-polkadot-1.novasama-tech.org]","tests","Mon Jan 19 09:11:47 UTC 2026","passed","Mon Jan 19 09:11:47 UTC 2026","","test_rpc_methods_availability","",""
"","0","test_can_create_connection[Test for Amplitude, url: wss://rpc-amplitude.pendulumchain.tech]","tests","Mon Jan 19 09:13:55 UTC 2026","passed","Mon Jan 19 09:13:55 UTC 2026","","test_nodes_availability","",""
"","0","test_can_create_connection[Test for CC Enterprise, url: wss://mainnet.creditcoin.network/ws]","tests","Mon Jan 19 09:15:17 UTC 2026","passed","Mon Jan 19 09:15:17 UTC 2026","","test_nodes_availability","",""
"","67","test_rpc_node_is_synced[Test for Zeitgeist, url: wss://zeitgeist.api.onfinality.io/public-ws]","tests","Mon Jan 19 09:12:50 UTC 2026","passed","Mon Jan 19 09:12:50 UTC 2026","","test_substrate_node_is_synced","",""
"","0","test_chainId[Test for Manta Atlantic]","tests","Mon Jan 19 09:12:51 UTC 2026","passed","Mon Jan 19 09:12:51 UTC 2026","TestChainId","test_network_parameters","",""
"","186","test_rpc_method_is_available[Test for Kusama Relay, url: wss://rpc-kusama-2.novasama-tech.org]","tests","Mon Jan 19 09:11:47 UTC 2026","passed","Mon Jan 19 09:11:47 UTC 2026","","test_rpc_methods_availability","",""
"","0","test_chainId[Test for Curio]","tests","Mon Jan 19 09:13:00 UTC 2026","broken","Mon Jan 19 09:13:00 UTC 2026","TestChainId","test_network_parameters","",""
"","0","test_rpc_node_is_synced[Test for Kreivo, url: wss://kreivo.kippu.rocks/]","tests","Mon Jan 19 09:14:58 UTC 2026","broken","Mon Jan 19 09:14:58 UTC 2026","","test_substrate_node_is_synced","",""
"","158","test_rpc_node_is_synced[Test for Shiden, url: wss://shiden-rpc.n.dwellir.com]","tests","Mon Jan 19 09:12:37 UTC 2026","passed","Mon Jan 19 09:12:37 UTC 2026","","test_substrate_node_is_synced","",""
"","179","test_rpc_node_is_synced[Test for Kusama Bridge Hub, url: wss://ksm-rpc.stakeworld.io/bridgehub]","tests","Mon Jan 19 09:14:35 UTC 2026","passed","Mon Jan 19 09:14:35 UTC 2026","","test_substrate_node_is_synced","",""
"","173","test_rpc_method_is_available[Test for Shiden, url: wss://shiden.public.curie.radiumblock.co/ws]","tests","Mon Jan 19 09:12:46 UTC 2026","passed","Mon Jan 19 09:12:46 UTC 2026","","test_rpc_methods_availability","",""
"","0","test_can_create_connection[Test for Ajuna, url: wss://ajuna.ibp.network]","tests","Mon Jan 19 09:14:18 UTC 2026","passed","Mon Jan 19 09:14:18 UTC 2026","","test_nodes_availability","",""
"","1","test_chainId[Test for Kusama Coretime]","tests","Mon Jan 19 09:13:27 UTC 2026","passed","Mon Jan 19 09:13:27 UTC 2026","TestChainId","test_network_parameters","",""
"","1","test_address_prefix[Test for Bittensor]","tests","Mon Jan 19 09:12:39 UTC 2026","passed","Mon Jan 19 09:12:39 UTC 2026","TestNetworkPrefix","test_network_parameters","",""
"","5","test_has_new_assets[Test for JAMTON]","tests","Mon Jan 19 09:13:22 UTC 2026","passed","Mon Jan 19 09:13:22 UTC 2026","TestAssets","test_check_new_assets","",""
"","6","test_has_new_assets[Test for Centrifuge Parachain]","tests","Mon Jan 19 09:12:06 UTC 2026","passed","Mon Jan 19 09:12:06 UTC 2026","TestAssets","test_check_new_assets","",""
"","0","test_can_create_connection[Test for UNIQUE, url: wss://us-ws.unique.network/]","tests","Mon Jan 19 09:13:36 UTC 2026","passed","Mon Jan 19 09:13:36 UTC 2026","","test_nodes_availability","",""
"","0","test_precision[Test for NeuroWeb]","tests","Mon Jan 19 09:12:20 UTC 2026","passed","Mon Jan 19 09:12:20 UTC 2026","TestPrecision","test_network_parameters","",""
"","61","test_rpc_node_is_synced[Test for Hydration, url: wss://hydration.dotters.network]","tests","Mon Jan 19 09:12:44 UTC 2026","passed","Mon Jan 19 09:12:44 UTC 2026","","test_substrate_node_is_synced","",""
"","0","test_precision[Test for Aventus]","tests","Mon Jan 19 09:12:28 UTC 2026","passed","Mon Jan 19 09:12:28 UTC 2026","TestPrecision","test_network_parameters","",""
"","445","test_rpc_node_is_synced[Test for Darwinia, url: wss://rpc.darwinia.network]","tests","Mon Jan 19 09:14:10 UTC 2026","passed","Mon Jan 19 09:14:11 UTC 2026","","test_substrate_node_is_synced","",""
"","1","test_chainId[Test for Moonriver]","tests","Mon Jan 19 09:11:42 UTC 2026","passed","Mon Jan 19 09:11:42 UTC 2026","TestChainId","test_network_parameters","",""
"","117","test_rpc_method_is_available[Test for Kintsugi, url: wss://api-kusama.interlay.io/parachain]","tests","Mon Jan 19 09:12:49 UTC 2026","passed","Mon Jan 19 09:12:49 UTC 2026","","test_rpc_methods_availability","",""
"","0","test_can_create_connection[Test for Acala, url: wss://acala-rpc-3.aca-api.network/ws]","tests","Mon Jan 19 09:12:47 UTC 2026","passed","Mon Jan 19 09:12:47 UTC 2026","","test_nodes_availability","",""
"","105","test_rpc_method_is_available[Test for Polkadot Relay, url: wss://rpc.ibp.network/polkadot]","tests","Mon Jan 19 09:11:57 UTC 2026","passed","Mon Jan 19 09:11:57 UTC 2026","","test_rpc_methods_availability","",""
"","226","test_rpc_node_is_synced[Test for Polkadot Relay, url: wss://rpc-polkadot-1.novasama-tech.org]","tests","Mon Jan 19 09:11:44 UTC 2026","passed","Mon Jan 19 09:11:44 UTC 2026","","test_substrate_node_is_synced","",""
"","0","test_address_prefix[Test for Crust Polkadot Parachain]","tests","Mon Jan 19 09:12:50 UTC 2026","passed","Mon Jan 19 09:12:50 UTC 2026","TestNetworkPrefix","test_network_parameters","",""
"","61","test_rpc_node_is_synced[Test for Hyperbridge Nexus, url: wss://nexus.dotters.network]","tests","Mon Jan 19 09:14:56 UTC 2026","passed","Mon Jan 19 09:14:56 UTC 2026","","test_substrate_node_is_synced","",""
"","0","test_precision[Test for Polkadot Asset Hub]","tests","Mon Jan 19 09:12:07 UTC 2026","passed","Mon Jan 19 09:12:07 UTC 2026","TestPrecision","test_network_parameters","",""
"","0","test_address_prefix[Test for Polkadex]","tests","Mon Jan 19 09:12:15 UTC 2026","passed","Mon Jan 19 09:12:15 UTC 2026","TestNetworkPrefix","test_network_parameters","",""
"","1","test_precision[Test for Enjin Matrix]","tests","Mon Jan 19 09:12:51 UTC 2026","passed","Mon Jan 19 09:12:51 UTC 2026","TestPrecision","test_network_parameters","",""
"","0","test_can_create_connection[Test for Polkadot Relay, url: wss://apps-rpc.polkadot.io]","tests","Mon Jan 19 09:12:09 UTC 2026","passed","Mon Jan 19 09:12:09 UTC 2026","","test_nodes_availability","",""
"","1","test_can_create_connection[Test for Astar, url: wss://astar-rpc.n.dwellir.com]","tests","Mon Jan 19 09:13:11 UTC 2026","passed","Mon Jan 19 09:13:11 UTC 2026","","test_nodes_availability","",""
"","7","test_has_new_assets[Test for DENTNet]","tests","Mon Jan 19 09:14:05 UTC 2026","passed","Mon Jan 19 09:14:05 UTC 2026","TestAssets","test_check_new_assets","",""
"","0","test_precision[Test for Acurast Canary]","tests","Mon Jan 19 09:13:42 UTC 2026","broken","Mon Jan 19 09:13:42 UTC 2026","TestPrecision","test_network_parameters","",""
"","1035","test_rpc_method_is_available[Test for Acala, url: wss://acala-rpc-2.aca-api.network/ws]","tests","Mon Jan 19 09:12:46 UTC 2026","passed","Mon Jan 19 09:12:47 UTC 2026","","test_rpc_methods_availability","",""
"","1","test_precision[Test for Moonriver]","tests","Mon Jan 19 09:11:44 UTC 2026","passed","Mon Jan 19 09:11:44 UTC 2026","TestPrecision","test_network_parameters","",""
"","0","test_address_prefix[Test for Enjin Matrix]","tests","Mon Jan 19 09:12:53 UTC 2026","passed","Mon Jan 19 09:12:53 UTC 2026","TestNetworkPrefix","test_network_parameters","",""
"","1","test_can_create_connection[Test for Energy Web X, url: wss://public-rpc.mainnet.energywebx.com/]","tests","Mon Jan 19 09:14:50 UTC 2026","passed","Mon Jan 19 09:14:50 UTC 2026","","test_nodes_availability","",""
"","0","test_precision[Test for Karura]","tests","Mon Jan 19 09:11:52 UTC 2026","passed","Mon Jan 19 09:11:52 UTC 2026","TestPrecision","test_network_parameters","",""
"","0","test_precision[Test for Amplitude]","tests","Mon Jan 19 09:12:12 UTC 2026","passed","Mon Jan 19 09:12:12 UTC 2026","TestPrecision","test_network_parameters","",""
"","0","test_can_create_connection[Test for Kusama Bridge Hub, url: wss://sys.ibp.network/bridgehub-kusama]","tests","Mon Jan 19 09:14:37 UTC 2026","passed","Mon Jan 19 09:14:37 UTC 2026","","test_nodes_availability","",""
"","0","test_address_prefix[Test for Kreivo]","tests","Mon Jan 19 09:13:11 UTC 2026","broken","Mon Jan 19 09:13:11 UTC 2026","TestNetworkPrefix","test_network_parameters","",""
"","158","test_rpc_method_is_available[Test for Interlay, url: wss://api.interlay.io/parachain]","tests","Mon Jan 19 09:13:06 UTC 2026","passed","Mon Jan 19 09:13:06 UTC 2026","","test_rpc_methods_availability","",""
"","104","test_rpc_method_is_available[Test for Hyperbridge Nexus, url: wss://hyperbridge-nexus-rpc.blockops.network]","tests","Mon Jan 19 09:14:57 UTC 2026","passed","Mon Jan 19 09:14:57 UTC 2026","","test_rpc_methods_availability","",""
"","0","test_can_create_connection[Test for Kusama People, url: wss://kusama-people-rpc.polkadot.io]","tests","Mon Jan 19 09:12:06 UTC 2026","passed","Mon Jan 19 09:12:06 UTC 2026","","test_nodes_availability","",""
"","57","test_rpc_node_is_synced[Test for 3DPass, url: wss://rpc.p3d.top]","tests","Mon Jan 19 09:14:23 UTC 2026","passed","Mon Jan 19 09:14:23 UTC 2026","","test_substrate_node_is_synced","",""
"","152","test_rpc_node_is_synced[Test for Kusama People, url: wss://kusama-people-rpc.polkadot.io]","tests","Mon Jan 19 09:12:05 UTC 2026","passed","Mon Jan 19 09:12:05 UTC 2026","","test_substrate_node_is_synced","",""
"","161","test_rpc_node_is_synced[Test for Karura, url: wss://karura-rpc.n.dwellir.com]","tests","Mon Jan 19 09:12:00 UTC 2026","passed","Mon Jan 19 09:12:01 UTC 2026","","test_substrate_node_is_synced","",""
"","90","test_rpc_node_is_synced[Test for Hydration, url: wss://rpc.hydradx.cloud]","tests","Mon Jan 19 09:13:27 UTC 2026","passed","Mon Jan 19 09:13:27 UTC 2026","","test_substrate_node_is_synced","",""
"","162","test_rpc_method_is_available[Test for 3DPass, url: wss://rpc.p3d.top]","tests","Mon Jan 19 09:14:24 UTC 2026","passed","Mon Jan 19 09:14:24 UTC 2026","","test_rpc_methods_availability","",""
"","100","test_rpc_method_is_available[Test for Hydration, url: wss://hydration.dotters.network]","tests","Mon Jan 19 09:13:01 UTC 2026","passed","Mon Jan 19 09:13:01 UTC 2026","","test_rpc_methods_availability","",""
"","9","test_has_new_assets[Test for Hydration]","tests","Mon Jan 19 09:12:13 UTC 2026","passed","Mon Jan 19 09:12:13 UTC 2026","TestAssets","test_check_new_assets","",""
"","0","test_precision[Test for Aleph Zero]","tests","Mon Jan 19 09:12:10 UTC 2026","passed","Mon Jan 19 09:12:10 UTC 2026","TestPrecision","test_network_parameters","",""
"","100","test_rpc_method_is_available[Test for Polkadot Collectives, url: wss://collectives-polkadot.dotters.network]","tests","Mon Jan 19 09:14:33 UTC 2026","passed","Mon Jan 19 09:14:33 UTC 2026","","test_rpc_methods_availability","",""
"","176","test_rpc_method_is_available[Test for krest, url: wss://krest.api.onfinality.io/public-ws']","tests","Mon Jan 19 09:14:34 UTC 2026","passed","Mon Jan 19 09:14:34 UTC 2026","","test_rpc_methods_availability","",""
"","0","test_can_create_connection[Test for Kusama Relay, url: wss://rpc-kusama-1.novasama-tech.org]","tests","Mon Jan 19 09:12:37 UTC 2026","passed","Mon Jan 19 09:12:37 UTC 2026","","test_nodes_availability","",""
"","0","test_can_create_connection[Test for DeepBrain, url: wss://info.dbcwallet.io]","tests","Mon Jan 19 09:15:23 UTC 2026","passed","Mon Jan 19 09:15:23 UTC 2026","","test_nodes_availability","",""
"","0","test_rpc_method_is_available[Test for Kreivo, url: wss://kreivo.kippu.rocks/]","tests","Mon Jan 19 09:14:54 UTC 2026","broken","Mon Jan 19 09:14:54 UTC 2026","","test_rpc_methods_availability","",""
"","0","test_rpc_node_is_synced[Test for Polkadex, url: wss://polkadex.public.curie.radiumblock.co/ws]","tests","Mon Jan 19 09:13:31 UTC 2026","broken","Mon Jan 19 09:13:31 UTC 2026","","test_substrate_node_is_synced","",""
"","1","test_can_create_connection[Test for UNIQUE, url: wss://eu-ws.unique.network/]","tests","Mon Jan 19 09:14:28 UTC 2026","passed","Mon Jan 19 09:14:28 UTC 2026","","test_nodes_availability","",""
"","0","test_can_create_connection[Test for Laos, url: wss://rpc.laos.laosfoundation.io]","tests","Mon Jan 19 09:15:26 UTC 2026","passed","Mon Jan 19 09:15:26 UTC 2026","","test_nodes_availability","",""
"","0","test_chainId[Test for Phala]","tests","Mon Jan 19 09:12:24 UTC 2026","passed","Mon Jan 19 09:12:24 UTC 2026","TestChainId","test_network_parameters","",""
"","0","test_address_prefix[Test for Hyperbridge Nexus]","tests","Mon Jan 19 09:13:06 UTC 2026","passed","Mon Jan 19 09:13:06 UTC 2026","TestNetworkPrefix","test_network_parameters","",""
"","1","test_can_create_connection[Test for Ajuna, url: wss://rpc-para.ajuna.network]","tests","Mon Jan 19 09:14:12 UTC 2026","passed","Mon Jan 19 09:14:12 UTC 2026","","test_nodes_availability","",""
"","99","test_rpc_method_is_available[Test for Aleph Zero, url: wss://ws.azero.dev]","tests","Mon Jan 19 09:13:35 UTC 2026","passed","Mon Jan 19 09:13:35 UTC 2026","","test_rpc_methods_availability","",""
"","76","test_rpc_node_is_synced[Test for Polkadot Relay, url: wss://polkadot.public.curie.radiumblock.co/ws]","tests","Mon Jan 19 09:12:15 UTC 2026","passed","Mon Jan 19 09:12:15 UTC 2026","","test_substrate_node_is_synced","",""
"","20","test_rpc_node_is_synced[Test for Polkadot Coretime, url: wss://sys.ibp.network/coretime-polkadot]","tests","Mon Jan 19 09:15:22 UTC 2026","passed","Mon Jan 19 09:15:22 UTC 2026","","test_substrate_node_is_synced","",""
"","157","test_rpc_node_is_synced[Test for Astar, url: wss://astar.public.curie.radiumblock.co/ws]","tests","Mon Jan 19 09:13:10 UTC 2026","passed","Mon Jan 19 09:13:10 UTC 2026","","test_substrate_node_is_synced","",""
"","1","test_address_prefix[Test for JAMTON]","tests","Mon Jan 19 09:13:28 UTC 2026","passed","Mon Jan 19 09:13:28 UTC 2026","TestNetworkPrefix","test_network_parameters","",""
"","103","test_rpc_method_is_available[Test for GIANT, url: wss://rpc-anchor-2-mainnet-az-ue1.giantprotocol.org:443]","tests","Mon Jan 19 09:14:21 UTC 2026","passed","Mon Jan 19 09:14:21 UTC 2026","","test_rpc_methods_availability","",""
"","164","test_rpc_node_is_synced[Test for Polkadot Bridge Hub, url: wss://dot-rpc.stakeworld.io/bridgehub]","tests","Mon Jan 19 09:14:33 UTC 2026","passed","Mon Jan 19 09:14:33 UTC 2026","","test_substrate_node_is_synced","",""
"","157","test_rpc_method_is_available[Test for Nodle Parachain, url: wss://nodle-parachain.api.onfinality.io/public-ws]","tests","Mon Jan 19 09:13:11 UTC 2026","passed","Mon Jan 19 09:13:12 UTC 2026","","test_rpc_methods_availability","",""
"","0","test_can_create_connection[Test for Polkadot Relay, url: wss://dot-rpc.stakeworld.io]","tests","Mon Jan 19 09:12:15 UTC 2026","passed","Mon Jan 19 09:12:15 UTC 2026","","test_nodes_availability","",""
"","94","test_rpc_method_is_available[Test for Robonomics, url: wss://kusama.rpc.robonomics.network/]","tests","Mon Jan 19 09:13:35 UTC 2026","passed","Mon Jan 19 09:13:35 UTC 2026","","test_rpc_methods_availability","",""
"","1","test_can_create_connection[Test for Karura, url: wss://karura-rpc-1.aca-api.network]","tests","Mon Jan 19 09:11:47 UTC 2026","passed","Mon Jan 19 09:11:47 UTC 2026","","test_nodes_availability","",""
"","0","test_precision[Test for Basilisk]","tests","Mon Jan 19 09:12:04 UTC 2026","passed","Mon Jan 19 09:12:04 UTC 2026","TestPrecision","test_network_parameters","",""
"","119","test_rpc_node_is_synced[Test for Tanssi, url: wss://services.tanssi-mainnet.network/tanssi]","tests","Mon Jan 19 09:15:33 UTC 2026","passed","Mon Jan 19 09:15:33 UTC 2026","","test_substrate_node_is_synced","",""
"","0","test_can_create_connection[Test for Mythos, url: wss://polkadot-mythos-rpc.polkadot.io]","tests","Mon Jan 19 09:15:04 UTC 2026","broken","Mon Jan 19 09:15:04 UTC 2026","","test_nodes_availability","",""
"","21","test_rpc_node_is_synced[Test for Encointer, url: wss://sys.ibp.network/encointer-kusama]","tests","Mon Jan 19 09:12:33 UTC 2026","passed","Mon Jan 19 09:12:33 UTC 2026","","test_substrate_node_is_synced","",""
"","5","test_has_new_assets[Test for Polkadot Collectives]","tests","Mon Jan 19 09:12:44 UTC 2026","passed","Mon Jan 19 09:12:44 UTC 2026","TestAssets","test_check_new_assets","",""
"","0","test_can_create_connection[Test for UNIQUE, url: wss://unique.dotters.network]","tests","Mon Jan 19 09:13:52 UTC 2026","passed","Mon Jan 19 09:13:52 UTC 2026","","test_nodes_availability","",""
"","0","test_address_prefix[Test for NeuroWeb]","tests","Mon Jan 19 09:12:19 UTC 2026","passed","Mon Jan 19 09:12:19 UTC 2026","TestNetworkPrefix","test_network_parameters","",""
"","61","test_rpc_node_is_synced[Test for Bifrost Polkadot, url: wss://bifrost-polkadot.ibp.network]","tests","Mon Jan 19 09:13:42 UTC 2026","passed","Mon Jan 19 09:13:42 UTC 2026","","test_substrate_node_is_synced","",""
"","314","test_rpc_node_is_synced[Test for Ethereum, url: https://1rpc.io/eth]","tests","Mon Jan 19 09:11:48 UTC 2026","broken","Mon Jan 19 09:11:48 UTC 2026","TestETHNodesAvailability","test_eth_nodes_availability","",""
"","4","test_has_new_assets[Test for Frequency]","tests","Mon Jan 19 09:12:31 UTC 2026","passed","Mon Jan 19 09:12:31 UTC 2026","TestAssets","test_check_new_assets","",""
"","43","test_rpc_node_is_synced[Test for Kusama Relay, url: wss://kusama.public.curie.radiumblock.co/ws]","tests","Mon Jan 19 09:12:18 UTC 2026","passed","Mon Jan 19 09:12:18 UTC 2026","","test_substrate_node_is_synced","",""
"","101","test_rpc_method_is_available[Test for Shiden, url: wss://shiden-rpc.n.dwellir.com]","tests","Mon Jan 19 09:12:41 UTC 2026","passed","Mon Jan 19 09:12:41 UTC 2026","","test_rpc_methods_availability","",""
"","43","test_rpc_node_is_synced[Test for Phala, url: wss://phala.public.curie.radiumblock.co/ws]","tests","Mon Jan 19 09:13:10 UTC 2026","passed","Mon Jan 19 09:13:10 UTC 2026","","test_substrate_node_is_synced","",""
"","143","test_rpc_node_is_synced[Test for Laos, url: wss://rpc.laos.laosfoundation.io]","tests","Mon Jan 19 09:15:15 UTC 2026","passed","Mon Jan 19 09:15:16 UTC 2026","","test_substrate_node_is_synced","",""
"","0","test_address_prefix[Test for Polkadot Collectives]","tests","Mon Jan 19 09:12:54 UTC 2026","passed","Mon Jan 19 09:12:54 UTC 2026","TestNetworkPrefix","test_network_parameters","",""
"","59","test_rpc_node_is_synced[Test for Kusama Bridge Hub, url: wss://bridge-hub-kusama.dotters.network]","tests","Mon Jan 19 09:14:30 UTC 2026","passed","Mon Jan 19 09:14:30 UTC 2026","","test_substrate_node_is_synced","",""
"","0","test_precision[Test for Polkadot Collectives]","tests","Mon Jan 19 09:12:42 UTC 2026","passed","Mon Jan 19 09:12:42 UTC 2026","TestPrecision","test_network_parameters","",""
"","1","test_address_prefix[Test for krest]","tests","Mon Jan 19 09:12:49 UTC 2026","passed","Mon Jan 19 09:12:49 UTC 2026","TestNetworkPrefix","test_network_parameters","",""
"","83","test_rpc_node_is_synced[Test for Enjin Relay, url: wss://rpc.relay.blockchain.enjin.io]","tests","Mon Jan 19 09:14:52 UTC 2026","passed","Mon Jan 19 09:14:52 UTC 2026","","test_substrate_node_is_synced","",""
"","0","test_can_create_connection[Test for Polkadot People, url: wss://sys.ibp.network/people-polkadot]","tests","Mon Jan 19 09:11:52 UTC 2026","passed","Mon Jan 19 09:11:52 UTC 2026","","test_nodes_availability","",""
"","0","test_chainId[Test for Altair]","tests","Mon Jan 19 09:11:42 UTC 2026","passed","Mon Jan 19 09:11:42 UTC 2026","TestChainId","test_network_parameters","",""
"","0","test_can_create_connection[Test for Avail, url: wss://mainnet-rpc.avail.so/ws]","tests","Mon Jan 19 09:15:11 UTC 2026","passed","Mon Jan 19 09:15:11 UTC 2026","","test_nodes_availability","",""
"","0","test_can_create_connection[Test for Cere, url: wss://rpc.mainnet.cere.network/ws]","tests","Mon Jan 19 09:15:16 UTC 2026","passed","Mon Jan 19 09:15:16 UTC 2026","","test_nodes_availability","",""
"","1","test_precision[Test for Polkadot Bridge Hub]","tests","Mon Jan 19 09:12:44 UTC 2026","passed","Mon Jan 19 09:12:44 UTC 2026","TestPrecision","test_network_parameters","",""
"","0","test_chainId[Test for Aleph Zero]","tests","Mon Jan 19 09:12:02 UTC 2026","passed","Mon Jan 19 09:12:02 UTC 2026","TestChainId","test_network_parameters","",""
"","31","test_rpc_node_is_synced[Test for Aleph Zero, url: wss://ws.azero.dev]","tests","Mon Jan 19 09:13:15 UTC 2026","passed","Mon Jan 19 09:13:15 UTC 2026","","test_substrate_node_is_synced","",""
"","0","test_rpc_method_is_available[Test for Curio, url: wss://archive.parachain.curioinvest.com]","tests","Mon Jan 19 09:14:51 UTC 2026","broken","Mon Jan 19 09:14:51 UTC 2026","","test_rpc_methods_availability","",""
"","0","test_address_prefix[Test for Kusama Coretime]","tests","Mon Jan 19 09:13:39 UTC 2026","passed","Mon Jan 19 09:13:39 UTC 2026","TestNetworkPrefix","test_network_parameters","",""
"","171","test_rpc_method_is_available[Test for Acala, url: wss://acala-rpc-0.aca-api.network]","tests","Mon Jan 19 09:12:39 UTC 2026","passed","Mon Jan 19 09:12:39 UTC 2026","","test_rpc_methods_availability","",""
"","51","test_rpc_node_is_synced[Test for Pendulum, url: wss://rpc-pendulum.prd.pendulumchain.tech]","tests","Mon Jan 19 09:14:30 UTC 2026","passed","Mon Jan 19 09:14:30 UTC 2026","","test_substrate_node_is_synced","",""
"","11","test_has_new_assets[Test for Ajuna]","tests","Mon Jan 19 09:12:36 UTC 2026","passed","Mon Jan 19 09:12:36 UTC 2026","TestAssets","test_check_new_assets","",""
"","3","test_has_new_assets[Test for peaq]","tests","Mon Jan 19 09:13:16 UTC 2026","passed","Mon Jan 19 09:13:16 UTC 2026","TestAssets","test_check_new_assets","",""
"","0","test_chainId[Test for Frequency]","tests","Mon Jan 19 09:12:28 UTC 2026","passed","Mon Jan 19 09:12:28 UTC 2026","TestChainId","test_network_parameters","",""
"","41","test_rpc_node_is_synced[Test for Polkadot People, url: wss://people-polkadot.public.curie.radiumblock.co/ws]","tests","Mon Jan 19 09:12:01 UTC 2026","passed","Mon Jan 19 09:12:01 UTC 2026","","test_substrate_node_is_synced","",""
"","0","test_can_create_connection[Test for Creditcoin, url: wss://mainnet3.creditcoin.network]","tests","Mon Jan 19 09:15:21 UTC 2026","passed","Mon Jan 19 09:15:21 UTC 2026","","test_nodes_availability","",""
"","54","test_rpc_node_is_synced[Test for Frequency, url: wss://0.rpc.frequency.xyz]","tests","Mon Jan 19 09:14:19 UTC 2026","passed","Mon Jan 19 09:14:19 UTC 2026","","test_substrate_node_is_synced","",""
"","1","test_address_prefix[Test for Westend (TESTNET)]","tests","Mon Jan 19 09:11:59 UTC 2026","passed","Mon Jan 19 09:11:59 UTC 2026","TestNetworkPrefix","test_network_parameters","",""
"","174","test_rpc_method_is_available[Test for Ajuna, url: wss://rpc-para.ajuna.network]","tests","Mon Jan 19 09:14:00 UTC 2026","passed","Mon Jan 19 09:14:00 UTC 2026","","test_rpc_methods_availability","",""
"","0","test_chainId[Test for Kusama Bridge Hub]","tests","Mon Jan 19 09:12:35 UTC 2026","passed","Mon Jan 19 09:12:35 UTC 2026","TestChainId","test_network_parameters","",""
"","1","test_can_create_connection[Test for DAO IPCI, url: wss://ipci.rpc.robonomics.network]","tests","Mon Jan 19 09:14:08 UTC 2026","passed","Mon Jan 19 09:14:08 UTC 2026","","test_nodes_availability","",""
"","0","test_chainId[Test for Polymesh]","tests","Mon Jan 19 09:12:26 UTC 2026","passed","Mon Jan 19 09:12:26 UTC 2026","TestChainId","test_network_parameters","",""
"","155","test_rpc_method_is_available[Test for Karura, url: wss://karura-rpc-2.aca-api.network/ws]","tests","Mon Jan 19 09:11:52 UTC 2026","passed","Mon Jan 19 09:11:52 UTC 2026","","test_rpc_methods_availability","",""
"","0","test_can_create_connection[Test for Westend (TESTNET), url: wss://westend.public.curie.radiumblock.co/ws]","tests","Mon Jan 19 09:12:29 UTC 2026","passed","Mon Jan 19 09:12:29 UTC 2026","","test_nodes_availability","",""
"","0","test_address_prefix[Test for Hydration]","tests","Mon Jan 19 09:12:17 UTC 2026","passed","Mon Jan 19 09:12:17 UTC 2026","TestNetworkPrefix","test_network_parameters","",""
"","0","test_can_create_connection[Test for Hydration, url: wss://rpc.hydradx.cloud]","tests","Mon Jan 19 09:13:32 UTC 2026","passed","Mon Jan 19 09:13:32 UTC 2026","","test_nodes_availability","",""
"","0","test_precision[Test for Shiden]","tests","Mon Jan 19 09:11:52 UTC 2026","passed","Mon Jan 19 09:11:52 UTC 2026","TestPrecision","test_network_parameters","",""
"","177","test_rpc_method_is_available[Test for Kusama Relay, url: wss://apps-kusama-rpc.polkadot.io]","tests","Mon Jan 19 09:11:59 UTC 2026","passed","Mon Jan 19 09:11:59 UTC 2026","","test_rpc_methods_availability","",""
"","1","test_address_prefix[Test for Tanssi]","tests","Mon Jan 19 09:13:34 UTC 2026","passed","Mon Jan 19 09:13:34 UTC 2026","TestNetworkPrefix","test_network_parameters","",""
"","0","test_rpc_node_is_synced[Test for Acurast Canary, url: wss://public-rpc.canary.acurast.com]","tests","Mon Jan 19 09:15:55 UTC 2026","broken","Mon Jan 19 09:15:55 UTC 2026","","test_substrate_node_is_synced","",""
"","20","test_rpc_node_is_synced[Test for Polkadot Bridge Hub, url: wss://sys.ibp.network/bridgehub-polkadot]","tests","Mon Jan 19 09:14:24 UTC 2026","passed","Mon Jan 19 09:14:24 UTC 2026","","test_substrate_node_is_synced","",""
"","143","test_rpc_node_is_synced[Test for Centrifuge Parachain, url: wss://fullnode.centrifuge.io]","tests","Mon Jan 19 09:13:10 UTC 2026","passed","Mon Jan 19 09:13:10 UTC 2026","","test_substrate_node_is_synced","",""
"","1","test_precision[Test for JAMTON]","tests","Mon Jan 19 09:13:33 UTC 2026","passed","Mon Jan 19 09:13:33 UTC 2026","TestPrecision","test_network_parameters","",""
"","172","test_rpc_method_is_available[Test for Phala, url: wss://phala.public.curie.radiumblock.co/ws]","tests","Mon Jan 19 09:13:26 UTC 2026","passed","Mon Jan 19 09:13:26 UTC 2026","","test_rpc_methods_availability","",""
"","0","test_address_prefix[Test for Avail]","tests","Mon Jan 19 09:13:18 UTC 2026","passed","Mon Jan 19 09:13:18 UTC 2026","TestNetworkPrefix","test_network_parameters","",""
"","274","test_rpc_method_is_available[Test for Kusama Asset Hub, url: wss://asset-hub-kusama.dotters.network]","tests","Mon Jan 19 09:11:45 UTC 2026","passed","Mon Jan 19 09:11:46 UTC 2026","","test_rpc_methods_availability","",""
"","59","test_rpc_node_is_synced[Test for Polkadot People, url: wss://sys.ibp.network/people-polkadot]","tests","Mon Jan 19 09:11:52 UTC 2026","passed","Mon Jan 19 09:11:52 UTC 2026","","test_substrate_node_is_synced","",""
"","0","test_chainId[Test for Basilisk]","tests","Mon Jan 19 09:12:01 UTC 2026","passed","Mon Jan 19 09:12:01 UTC 2026","TestChainId","test_network_parameters","",""
"","0","test_can_create_connection[Test for Phala, url: wss://api.phala.network/ws]","tests","Mon Jan 19 09:13:13 UTC 2026","passed","Mon Jan 19 09:13:13 UTC 2026","","test_nodes_availability","",""
"","98","test_rpc_method_is_available[Test for Hyperbridge Nexus, url: wss://nexus.dotters.network]","tests","Mon Jan 19 09:14:52 UTC 2026","passed","Mon Jan 19 09:14:52 UTC 2026","","test_rpc_methods_availability","",""
"","61","test_rpc_node_is_synced[Test for Kusama Relay, url: wss://rpc.ibp.network/kusama]","tests","Mon Jan 19 09:11:50 UTC 2026","passed","Mon Jan 19 09:11:50 UTC 2026","","test_substrate_node_is_synced","",""
"","61","test_rpc_node_is_synced[Test for Kusama Asset Hub, url: wss://asset-hub-kusama.dotters.network]","tests","Mon Jan 19 09:11:44 UTC 2026","passed","Mon Jan 19 09:11:44 UTC 2026","","test_substrate_node_is_synced","",""
"","0","test_can_create_connection[Test for Polymesh, url: wss://mainnet-rpc.polymesh.network]","tests","Mon Jan 19 09:14:04 UTC 2026","passed","Mon Jan 19 09:14:04 UTC 2026","","test_nodes_availability","",""
"","0","test_precision[Test for Zeitgeist]","tests","Mon Jan 19 09:12:24 UTC 2026","passed","Mon Jan 19 09:12:24 UTC 2026","TestPrecision","test_network_parameters","",""
"","0","test_can_create_connection[Test for JAMTON, url: wss://rpc.jamton.network]","tests","Mon Jan 19 09:15:29 UTC 2026","passed","Mon Jan 19 09:15:29 UTC 2026","","test_nodes_availability","",""
"","73","test_rpc_node_is_synced[Test for Kusama Coretime, url: wss://rpc-coretime-kusama.luckyfriday.io]","tests","Mon Jan 19 09:15:28 UTC 2026","passed","Mon Jan 19 09:15:28 UTC 2026","","test_substrate_node_is_synced","",""
"","168","test_rpc_node_is_synced[Test for Polkadot Relay, url: wss://rpc-polkadot-2.novasama-tech.org]","tests","Mon Jan 19 09:11:50 UTC 2026","passed","Mon Jan 19 09:11:50 UTC 2026","","test_substrate_node_is_synced","",""
"","0","test_can_create_connection[Test for Crust Polkadot Parachain, url: wss://crust-parachain.crustapps.net]","tests","Mon Jan 19 09:14:31 UTC 2026","passed","Mon Jan 19 09:14:31 UTC 2026","","test_nodes_availability","",""
"","0","test_address_prefix[Test for Crust Shadow]","tests","Mon Jan 19 09:12:05 UTC 2026","passed","Mon Jan 19 09:12:05 UTC 2026","TestNetworkPrefix","test_network_parameters","",""
"","0","test_can_create_connection[Test for Polkadot Collectives, url: wss://collectives-polkadot.dotters.network]","tests","Mon Jan 19 09:14:42 UTC 2026","passed","Mon Jan 19 09:14:42 UTC 2026","","test_nodes_availability","",""
"","7","test_has_new_assets[Test for Aventus]","tests","Mon Jan 19 09:12:25 UTC 2026","passed","Mon Jan 19 09:12:25 UTC 2026","TestAssets","test_check_new_assets","",""
"","61","test_rpc_node_is_synced[Test for Kusama Coretime, url: wss://coretime-kusama.dotters.network]","tests","Mon Jan 19 09:15:27 UTC 2026","passed","Mon Jan 19 09:15:27 UTC 2026","","test_substrate_node_is_synced","",""
"","1","test_precision[Test for Ajuna]","tests","Mon Jan 19 09:12:39 UTC 2026","passed","Mon Jan 19 09:12:39 UTC 2026","TestPrecision","test_network_parameters","",""
"","1","test_precision[Test for Energy Web X]","tests","Mon Jan 19 09:12:56 UTC 2026","passed","Mon Jan 19 09:12:56 UTC 2026","TestPrecision","test_network_parameters","",""
"","0","test_can_create_connection[Test for UNIQUE, url: wss://unique.ibp.network]","tests","Mon Jan 19 09:13:47 UTC 2026","passed","Mon Jan 19 09:13:47 UTC 2026","","test_nodes_availability","",""
"","143","test_rpc_method_is_available[Test for Encointer, url: wss://encointer-kusama.dotters.network]","tests","Mon Jan 19 09:12:39 UTC 2026","passed","Mon Jan 19 09:12:39 UTC 2026","","test_rpc_methods_availability","",""
"","12","test_has_new_assets[Test for Basilisk]","tests","Mon Jan 19 09:12:02 UTC 2026","passed","Mon Jan 19 09:12:02 UTC 2026","TestAssets","test_check_new_assets","",""
"","11","test_has_new_assets[Test for Crust Polkadot Parachain]","tests","Mon Jan 19 09:12:47 UTC 2026","passed","Mon Jan 19 09:12:47 UTC 2026","TestAssets","test_check_new_assets","",""
"","159","test_rpc_node_is_synced[Test for QUARTZ, url: wss://eu-ws-quartz.unique.network]","tests","Mon Jan 19 09:13:46 UTC 2026","passed","Mon Jan 19 09:13:46 UTC 2026","","test_substrate_node_is_synced","",""
"","136","test_rpc_node_is_synced[Test for Encointer, url: wss://api.kusama.encointer.org]","tests","Mon Jan 19 09:12:40 UTC 2026","passed","Mon Jan 19 09:12:40 UTC 2026","","test_substrate_node_is_synced","",""
"","0","test_chainId[Test for Robonomics]","tests","Mon Jan 19 09:12:06 UTC 2026","passed","Mon Jan 19 09:12:06 UTC 2026","TestChainId","test_network_parameters","",""
"","118","test_rpc_method_is_available[Test for Polkadot People, url: wss://people-polkadot.dotters.network]","tests","Mon Jan 19 09:12:35 UTC 2026","passed","Mon Jan 19 09:12:35 UTC 2026","","test_rpc_methods_availability","",""
"","0","test_has_new_assets[Test for Kreivo]","tests","Mon Jan 19 09:13:05 UTC 2026","broken","Mon Jan 19 09:13:05 UTC 2026","TestAssets","test_check_new_assets","",""
"","152","test_rpc_method_is_available[Test for DAO IPCI, url: wss://ipci.rpc.robonomics.network]","tests","Mon Jan 19 09:14:08 UTC 2026","passed","Mon Jan 19 09:14:09 UTC 2026","","test_rpc_methods_availability","",""
"","0","test_precision[Test for Frequency]","tests","Mon Jan 19 09:12:32 UTC 2026","passed","Mon Jan 19 09:12:32 UTC 2026","TestPrecision","test_network_parameters","",""
"","0","test_can_create_connection[Test for Kusama Relay, url: wss://rpc-kusama.luckyfriday.io]","tests","Mon Jan 19 09:12:07 UTC 2026","passed","Mon Jan 19 09:12:07 UTC 2026","","test_nodes_availability","",""
"","61","test_rpc_node_is_synced[Test for KILT, url: wss://kilt.dotters.network]","tests","Mon Jan 19 09:13:22 UTC 2026","passed","Mon Jan 19 09:13:22 UTC 2026","","test_substrate_node_is_synced","",""
"","104","test_rpc_method_is_available[Test for QUARTZ, url: wss://quartz.unique.network]","tests","Mon Jan 19 09:13:44 UTC 2026","passed","Mon Jan 19 09:13:44 UTC 2026","","test_rpc_methods_availability","",""
"","0","test_precision[Test for Avail]","tests","Mon Jan 19 09:13:05 UTC 2026","passed","Mon Jan 19 09:13:05 UTC 2026","TestPrecision","test_network_parameters","",""
"","105","test_rpc_method_is_available[Test for Polkadot Coretime, url: wss://sys.ibp.network/coretime-polkadot]","tests","Mon Jan 19 09:15:18 UTC 2026","passed","Mon Jan 19 09:15:18 UTC 2026","","test_rpc_methods_availability","",""
"","169","test_rpc_node_is_synced[Test for Kusama Coretime, url: wss://ksm-rpc.stakeworld.io/coretime]","tests","Mon Jan 19 09:15:31 UTC 2026","passed","Mon Jan 19 09:15:31 UTC 2026","","test_substrate_node_is_synced","",""
"","0","test_chainId[Test for Polkadex]","tests","Mon Jan 19 09:12:06 UTC 2026","passed","Mon Jan 19 09:12:06 UTC 2026","TestChainId","test_network_parameters","",""
"","156","test_rpc_node_is_synced[Test for QUARTZ, url: wss://us-ws-quartz.unique.network]","tests","Mon Jan 19 09:12:28 UTC 2026","passed","Mon Jan 19 09:12:28 UTC 2026","","test_substrate_node_is_synced","",""
"","0","test_rpc_node_is_synced[Test for Curio, url: wss://parachain.curioinvest.com/]","tests","Mon Jan 19 09:15:01 UTC 2026","broken","Mon Jan 19 09:15:01 UTC 2026","","test_substrate_node_is_synced","",""
"","0","test_precision[Test for Hyperbridge Nexus]","tests","Mon Jan 19 09:13:13 UTC 2026","passed","Mon Jan 19 09:13:13 UTC 2026","TestPrecision","test_network_parameters","",""
"","1","test_chainId[Test for Shiden]","tests","Mon Jan 19 09:11:48 UTC 2026","passed","Mon Jan 19 09:11:48 UTC 2026","TestChainId","test_network_parameters","",""
"","0","test_can_create_connection[Test for Interlay, url: wss://rpc-interlay.luckyfriday.io/]","tests","Mon Jan 19 09:12:57 UTC 2026","passed","Mon Jan 19 09:12:57 UTC 2026","","test_nodes_availability","",""
"","0","test_precision[Test for Centrifuge Parachain]","tests","Mon Jan 19 09:12:08 UTC 2026","passed","Mon Jan 19 09:12:08 UTC 2026","TestPrecision","test_network_parameters","",""
"","102","test_rpc_method_is_available[Test for Moonbeam, url: wss://moonbeam.ibp.network]","tests","Mon Jan 19 09:12:06 UTC 2026","passed","Mon Jan 19 09:12:06 UTC 2026","","test_rpc_methods_availability","",""
"","0","test_chainId[Test for Karura]","tests","Mon Jan 19 09:11:49 UTC 2026","passed","Mon Jan 19 09:11:49 UTC 2026","TestChainId","test_network_parameters","",""
"","59","test_rpc_node_is_synced[Test for Kusama People, url: wss://sys.ibp.network/people-kusama]","tests","Mon Jan 19 09:12:08 UTC 2026","passed","Mon Jan 19 09:12:08 UTC 2026","","test_substrate_node_is_synced","",""
"","174","test_rpc_method_is_available[Test for Kusama Coretime, url: wss://kusama-coretime-rpc.polkadot.io]","tests","Mon Jan 19 09:15:26 UTC 2026","passed","Mon Jan 19 09:15:26 UTC 2026","","test_rpc_methods_availability","",""
"","0","test_chainId[Test for QUARTZ]","tests","Mon Jan 19 09:11:49 UTC 2026","passed","Mon Jan 19 09:11:49 UTC 2026","TestChainId","test_network_parameters","",""
"","1","test_precision[Test for Nodle Parachain]","tests","Mon Jan 19 09:12:26 UTC 2026","passed","Mon Jan 19 09:12:26 UTC 2026","TestPrecision","test_network_parameters","",""
"","137","test_rpc_method_is_available[Test for Polkadot Coretime, url: wss://polkadot-coretime-rpc.polkadot.io]","tests","Mon Jan 19 09:15:20 UTC 2026","passed","Mon Jan 19 09:15:20 UTC 2026","","test_rpc_methods_availability","",""
"","0","test_has_new_assets[Test for Acurast Canary]","tests","Mon Jan 19 09:13:39 UTC 2026","broken","Mon Jan 19 09:13:39 UTC 2026","TestAssets","test_check_new_assets","",""
"","0","test_address_prefix[Test for Nodle Parachain]","tests","Mon Jan 19 09:12:27 UTC 2026","passed","Mon Jan 19 09:12:27 UTC 2026","TestNetworkPrefix","test_network_parameters","",""
"","0","test_chainId[Test for Kreivo]","tests","Mon Jan 19 09:13:12 UTC 2026","broken","Mon Jan 19 09:13:12 UTC 2026","TestChainId","test_network_parameters","",""
"","80","test_rpc_node_is_synced[Test for Kusama Relay, url: wss://rpc-kusama.luckyfriday.io]","tests","Mon Jan 19 09:12:06 UTC 2026","passed","Mon Jan 19 09:12:06 UTC 2026","","test_substrate_node_is_synced","",""
"","0","test_can_create_connection[Test for Darwinia, url: wss://rpc.darwinia.network]","tests","Mon Jan 19 09:14:17 UTC 2026","passed","Mon Jan 19 09:14:17 UTC 2026","","test_nodes_availability","",""
"","0","test_precision[Test for Tanssi]","tests","Mon Jan 19 09:13:36 UTC 2026","passed","Mon Jan 19 09:13:36 UTC 2026","TestPrecision","test_network_parameters","",""
"","90","test_rpc_node_is_synced[Test for Moonriver, url: wss://wss.api.moonriver.moonbeam.network]","tests","Mon Jan 19 09:12:22 UTC 2026","passed","Mon Jan 19 09:12:22 UTC 2026","","test_substrate_node_is_synced","",""
"","7","test_has_new_assets[Test for Tanssi]","tests","Mon Jan 19 09:13:30 UTC 2026","passed","Mon Jan 19 09:13:30 UTC 2026","TestAssets","test_check_new_assets","",""
"","0","test_can_create_connection[Test for Centrifuge Parachain, url: wss://rpc-centrifuge.luckyfriday.io]","tests","Mon Jan 19 09:13:20 UTC 2026","passed","Mon Jan 19 09:13:20 UTC 2026","","test_nodes_availability","",""
"","5","test_has_new_assets[Test for Kusama Bridge Hub]","tests","Mon Jan 19 09:12:40 UTC 2026","passed","Mon Jan 19 09:12:40 UTC 2026","TestAssets","test_check_new_assets","",""
"","11","test_has_new_assets[Test for Crab]","tests","Mon Jan 19 09:12:44 UTC 2026","passed","Mon Jan 19 09:12:44 UTC 2026","TestAssets","test_check_new_assets","",""
"","0","test_can_create_connection[Test for Karura, url: wss://karura-rpc-2.aca-api.network/ws]","tests","Mon Jan 19 09:11:50 UTC 2026","passed","Mon Jan 19 09:11:50 UTC 2026","","test_nodes_availability","",""
"","163","test_rpc_node_is_synced[Test for Phala, url: wss://phala-rpc.n.dwellir.com]","tests","Mon Jan 19 09:13:02 UTC 2026","passed","Mon Jan 19 09:13:02 UTC 2026","","test_substrate_node_is_synced","",""
"","0","test_address_prefix[Test for Moonbeam]","tests","Mon Jan 19 09:11:59 UTC 2026","passed","Mon Jan 19 09:11:59 UTC 2026","TestNetworkPrefix","test_network_parameters","",""
"","0","test_chainId[Test for Crab]","tests","Mon Jan 19 09:12:47 UTC 2026","passed","Mon Jan 19 09:12:47 UTC 2026","TestChainId","test_network_parameters","",""
"","99","test_rpc_method_is_available[Test for Astar, url: wss://rpc.astar.network]","tests","Mon Jan 19 09:13:01 UTC 2026","passed","Mon Jan 19 09:13:02 UTC 2026","","test_rpc_methods_availability","",""
"","152","test_has_new_assets[Test for Polkadot People]","tests","Mon Jan 19 09:11:43 UTC 2026","passed","Mon Jan 19 09:11:43 UTC 2026","TestAssets","test_check_new_assets","",""
"","92","test_rpc_node_is_synced[Test for Bittensor, url: wss://lite.sub.latent.to:443]","tests","Mon Jan 19 09:14:43 UTC 2026","passed","Mon Jan 19 09:14:43 UTC 2026","","test_substrate_node_is_synced","",""
"","164","test_rpc_node_is_synced[Test for Interlay, url: wss://rpc-interlay.luckyfriday.io/]","tests","Mon Jan 19 09:12:53 UTC 2026","passed","Mon Jan 19 09:12:53 UTC 2026","","test_substrate_node_is_synced","",""
"","0","test_can_create_connection[Test for Kusama Bridge Hub, url: wss://ksm-rpc.stakeworld.io/bridgehub]","tests","Mon Jan 19 09:14:46 UTC 2026","passed","Mon Jan 19 09:14:46 UTC 2026","","test_nodes_availability","",""
"","0","test_can_create_connection[Test for Polkadot People, url: wss://polkadot-people-rpc.polkadot.io]","tests","Mon Jan 19 09:11:50 UTC 2026","passed","Mon Jan 19 09:11:50 UTC 2026","","test_nodes_availability","",""
"","0","test_address_prefix[Test for GIANT]","tests","Mon Jan 19 09:12:41 UTC 2026","passed","Mon Jan 19 09:12:41 UTC 2026","TestNetworkPrefix","test_network_parameters","",""
"","0","test_address_prefix[Test for Mythos]","tests","Mon Jan 19 09:13:10 UTC 2026","broken","Mon Jan 19 09:13:10 UTC 2026","TestNetworkPrefix","test_network_parameters","",""
"","1","test_address_prefix[Test for Polkadot Coretime]","tests","Mon Jan 19 09:13:32 UTC 2026","passed","Mon Jan 19 09:13:32 UTC 2026","TestNetworkPrefix","test_network_parameters","",""
"","19","test_rpc_node_is_synced[Test for Creditcoin, url: wss://mainnet3.creditcoin.network]","tests","Mon Jan 19 09:15:07 UTC 2026","passed","Mon Jan 19 09:15:07 UTC 2026","","test_substrate_node_is_synced","",""
"","6","test_has_new_assets[Test for Kusama Coretime]","tests","Mon Jan 19 09:13:25 UTC 2026","passed","Mon Jan 19 09:13:25 UTC 2026","TestAssets","test_check_new_assets","",""
"","0","test_address_prefix[Test for Polymesh]","tests","Mon Jan 19 09:12:31 UTC 2026","passed","Mon Jan 19 09:12:31 UTC 2026","TestNetworkPrefix","test_network_parameters","",""
"","59","test_rpc_node_is_synced[Test for Polkadot Coretime, url: wss://coretime-polkadot.dotters.network]","tests","Mon Jan 19 09:15:21 UTC 2026","passed","Mon Jan 19 09:15:21 UTC 2026","","test_substrate_node_is_synced","",""
"","222","test_rpc_node_is_synced[Test for Hydration, url: wss://rpc-hydra.novasama-tech.org]","tests","Mon Jan 19 09:13:22 UTC 2026","passed","Mon Jan 19 09:13:22 UTC 2026","","test_substrate_node_is_synced","",""
"","0","test_can_create_connection[Test for Joystream, url: wss://rpc.joystream.org]","tests","Mon Jan 19 09:14:58 UTC 2026","passed","Mon Jan 19 09:14:58 UTC 2026","","test_nodes_availability","",""
"","1","test_precision[Test for Kusama Coretime]","tests","Mon Jan 19 09:13:35 UTC 2026","passed","Mon Jan 19 09:13:35 UTC 2026","TestPrecision","test_network_parameters","",""
"","12","test_has_new_assets[Test for Zeitgeist]","tests","Mon Jan 19 09:12:21 UTC 2026","passed","Mon Jan 19 09:12:21 UTC 2026","TestAssets","test_check_new_assets","",""
"","186","test_rpc_node_is_synced[Test for Kusama Relay, url: wss://rpc-kusama-1.novasama-tech.org]","tests","Mon Jan 19 09:12:30 UTC 2026","passed","Mon Jan 19 09:12:30 UTC 2026","","test_substrate_node_is_synced","",""
"","131","test_rpc_node_is_synced[Test for Ternoa, url: wss://mainnet.ternoa.network]","tests","Mon Jan 19 09:13:55 UTC 2026","passed","Mon Jan 19 09:13:56 UTC 2026","","test_substrate_node_is_synced","",""
"","100","test_rpc_method_is_available[Test for Basilisk, url: wss://basilisk-rpc.n.dwellir.com]","tests","Mon Jan 19 09:13:07 UTC 2026","passed","Mon Jan 19 09:13:07 UTC 2026","","test_rpc_methods_availability","",""
"","61","test_rpc_node_is_synced[Test for UNIQUE, url: wss://unique.dotters.network]","tests","Mon Jan 19 09:13:48 UTC 2026","passed","Mon Jan 19 09:13:48 UTC 2026","","test_substrate_node_is_synced","",""
"","0","test_chainId[Test for Heima]","tests","Mon Jan 19 09:12:20 UTC 2026","passed","Mon Jan 19 09:12:20 UTC 2026","TestChainId","test_network_parameters","",""
"","167","test_rpc_node_is_synced[Test for DAO IPCI, url: wss://ipci.rpc.robonomics.network]","tests","Mon Jan 19 09:14:03 UTC 2026","passed","Mon Jan 19 09:14:03 UTC 2026","","test_substrate_node_is_synced","",""
"","0","test_can_create_connection[Test for Basilisk, url: wss://basilisk-rpc.n.dwellir.com]","tests","Mon Jan 19 09:13:05 UTC 2026","passed","Mon Jan 19 09:13:05 UTC 2026","","test_nodes_availability","",""
"","99","test_rpc_method_is_available[Test for Polkadot Collectives, url: wss://dot-rpc.stakeworld.io/collectives]","tests","Mon Jan 19 09:14:41 UTC 2026","passed","Mon Jan 19 09:14:41 UTC 2026","","test_rpc_methods_availability","",""
"","0","test_address_prefix[Test for DENTNet]","tests","Mon Jan 19 09:13:13 UTC 2026","passed","Mon Jan 19 09:13:13 UTC 2026","TestNetworkPrefix","test_network_parameters","",""
"","0","test_rpc_method_is_available[Test for Acurast Canary, url: wss://public-rpc.canary.acurast.com]","tests","Mon Jan 19 09:15:35 UTC 2026","broken","Mon Jan 19 09:15:35 UTC 2026","","test_rpc_methods_availability","",""
"","1","test_can_create_connection[Test for Basilisk, url: wss://rpc.basilisk.cloud]","tests","Mon Jan 19 09:13:11 UTC 2026","passed","Mon Jan 19 09:13:11 UTC 2026","","test_nodes_availability","",""
"","0","test_address_prefix[Test for Kusama Asset Hub]","tests","Mon Jan 19 09:12:05 UTC 2026","passed","Mon Jan 19 09:12:05 UTC 2026","TestNetworkPrefix","test_network_parameters","",""
"","61","test_rpc_node_is_synced[Test for Hydration, url: wss://hydration.ibp.network]","tests","Mon Jan 19 09:12:39 UTC 2026","passed","Mon Jan 19 09:12:39 UTC 2026","","test_substrate_node_is_synced","",""
"","0","test_can_create_connection[Test for Bifrost Polkadot, url: wss://bifrost-polkadot.ibp.network]","tests","Mon Jan 19 09:13:50 UTC 2026","passed","Mon Jan 19 09:13:50 UTC 2026","","test_nodes_availability","",""
"","0","test_address_prefix[Test for Cere]","tests","Mon Jan 19 09:13:18 UTC 2026","passed","Mon Jan 19 09:13:18 UTC 2026","TestNetworkPrefix","test_network_parameters","",""
"","1","test_precision[Test for CC Enterprise]","tests","Mon Jan 19 09:13:17 UTC 2026","passed","Mon Jan 19 09:13:17 UTC 2026","TestPrecision","test_network_parameters","",""
"","0","test_can_create_connection[Test for Manta Atlantic, url: wss://ws.manta.systems]","tests","Mon Jan 19 09:14:53 UTC 2026","passed","Mon Jan 19 09:14:53 UTC 2026","","test_nodes_availability","",""
"","1","test_address_prefix[Test for Polkadot Asset Hub]","tests","Mon Jan 19 09:12:13 UTC 2026","passed","Mon Jan 19 09:12:13 UTC 2026","TestNetworkPrefix","test_network_parameters","",""
"","142","test_rpc_method_is_available[Test for Centrifuge Parachain, url: wss://fullnode.centrifuge.io]","tests","Mon Jan 19 09:13:18 UTC 2026","passed","Mon Jan 19 09:13:18 UTC 2026","","test_rpc_methods_availability","",""
"","1","test_can_create_connection[Test for Humanode, url: wss://explorer-rpc-ws.mainnet.stages.humanode.io]","tests","Mon Jan 19 09:15:22 UTC 2026","passed","Mon Jan 19 09:15:22 UTC 2026","","test_nodes_availability","",""
"","0","test_can_create_connection[Test for Kusama Relay, url: wss://kusama.dotters.network]","tests","Mon Jan 19 09:11:56 UTC 2026","passed","Mon Jan 19 09:11:56 UTC 2026","","test_nodes_availability","",""
"","0","test_chainId[Test for Hyperbridge Nexus]","tests","Mon Jan 19 09:14:00 UTC 2026","passed","Mon Jan 19 09:14:00 UTC 2026","TestChainId","test_network_parameters","",""
"","114","test_rpc_method_is_available[Test for Hydration, url: wss://rpc-hydra.novasama-tech.org]","tests","Mon Jan 19 09:13:29 UTC 2026","passed","Mon Jan 19 09:13:29 UTC 2026","","test_rpc_methods_availability","",""
"","100","test_rpc_method_is_available[Test for Kusama Relay, url: wss://kusama.dotters.network]","tests","Mon Jan 19 09:11:54 UTC 2026","passed","Mon Jan 19 09:11:54 UTC 2026","","test_rpc_methods_availability","",""
"","158","test_rpc_node_is_synced[Test for Polkadot Asset Hub, url: wss://asset-hub-polkadot-rpc.n.dwellir.com]","tests","Mon Jan 19 09:13:16 UTC 2026","passed","Mon Jan 19 09:13:16 UTC 2026","","test_substrate_node_is_synced","",""
"","0","test_can_create_connection[Test for Polkadot Coretime, url: wss://coretime-polkadot.dotters.network]","tests","Mon Jan 19 09:15:32 UTC 2026","passed","Mon Jan 19 09:15:32 UTC 2026","","test_nodes_availability","",""
"","1","test_precision[Test for krest]","tests","Mon Jan 19 09:12:48 UTC 2026","passed","Mon Jan 19 09:12:48 UTC 2026","TestPrecision","test_network_parameters","",""
"","0","test_can_create_connection[Test for Kusama Coretime, url: wss://ksm-rpc.stakeworld.io/coretime]","tests","Mon Jan 19 09:15:41 UTC 2026","passed","Mon Jan 19 09:15:41 UTC 2026","","test_nodes_availability","",""
"","0","test_can_create_connection[Test for peaq, url: wss://peaq-rpc.publicnode.com]","tests","Mon Jan 19 09:15:24 UTC 2026","passed","Mon Jan 19 09:15:24 UTC 2026","","test_nodes_availability","",""
"","161","test_rpc_node_is_synced[Test for Polkadot People, url: wss://polkadot-people-rpc.polkadot.io]","tests","Mon Jan 19 09:11:49 UTC 2026","passed","Mon Jan 19 09:11:49 UTC 2026","","test_substrate_node_is_synced","",""
"","101","test_rpc_method_is_available[Test for Acala, url: wss://acala-rpc.n.dwellir.com]","tests","Mon Jan 19 09:12:56 UTC 2026","passed","Mon Jan 19 09:12:56 UTC 2026","","test_rpc_methods_availability","",""
"","5","test_has_new_assets[Test for Phala]","tests","Mon Jan 19 09:12:29 UTC 2026","passed","Mon Jan 19 09:12:29 UTC 2026","TestAssets","test_check_new_assets","",""
"","144","test_rpc_method_is_available[Test for Polkadot Bridge Hub, url: wss://dot-rpc.stakeworld.io/bridgehub]","tests","Mon Jan 19 09:14:30 UTC 2026","passed","Mon Jan 19 09:14:30 UTC 2026","","test_rpc_methods_availability","",""
"","0","test_can_create_connection[Test for Polkadot Relay, url: wss://rpc-polkadot-1.novasama-tech.org]","tests","Mon Jan 19 09:11:46 UTC 2026","passed","Mon Jan 19 09:11:46 UTC 2026","","test_nodes_availability","",""
"","11","test_has_new_assets[Test for Amplitude]","tests","Mon Jan 19 09:12:10 UTC 2026","passed","Mon Jan 19 09:12:10 UTC 2026","TestAssets","test_check_new_assets","",""
"","1","test_can_create_connection[Test for Polkadot Relay, url: wss://rpc-polkadot-2.novasama-tech.org]","tests","Mon Jan 19 09:11:52 UTC 2026","passed","Mon Jan 19 09:11:52 UTC 2026","","test_nodes_availability","",""
"","1","test_can_create_connection[Test for Hydration, url: wss://rpc-hydra.novasama-tech.org]","tests","Mon Jan 19 09:13:28 UTC 2026","passed","Mon Jan 19 09:13:28 UTC 2026","","test_nodes_availability","",""
"","0","test_can_create_connection[Test for GIANT, url: wss://rpc-anchor-2-mainnet-az-ue1.giantprotocol.org:443]","tests","Mon Jan 19 09:14:34 UTC 2026","passed","Mon Jan 19 09:14:34 UTC 2026","","test_nodes_availability","",""
"","0","test_address_prefix[Test for Curio]","tests","Mon Jan 19 09:13:07 UTC 2026","broken","Mon Jan 19 09:13:07 UTC 2026","TestNetworkPrefix","test_network_parameters","",""
"","176","test_rpc_method_is_available[Test for DeepBrain, url: wss://info.dbcwallet.io]","tests","Mon Jan 19 09:15:16 UTC 2026","passed","Mon Jan 19 09:15:16 UTC 2026","","test_rpc_methods_availability","",""
"","99","test_rpc_method_is_available[Test for QUARTZ, url: wss://eu-ws-quartz.unique.network]","tests","Mon Jan 19 09:13:49 UTC 2026","passed","Mon Jan 19 09:13:49 UTC 2026","","test_rpc_methods_availability","",""
"","146","test_rpc_method_is_available[Test for Encointer, url: wss://api.kusama.encointer.org]","tests","Mon Jan 19 09:12:44 UTC 2026","passed","Mon Jan 19 09:12:44 UTC 2026","","test_rpc_methods_availability","",""
"","0","test_address_prefix[Test for Joystream]","tests","Mon Jan 19 09:12:56 UTC 2026","passed","Mon Jan 19 09:12:56 UTC 2026","TestNetworkPrefix","test_network_parameters","",""
"","101","test_rpc_method_is_available[Test for Kusama Relay, url: wss://1rpc.io/ksm]","tests","Mon Jan 19 09:12:10 UTC 2026","passed","Mon Jan 19 09:12:11 UTC 2026","","test_rpc_methods_availability","",""
"","99","test_rpc_method_is_available[Test for GIANT, url: wss://rpc-anchor-1-mainnet-az-ue1.giantprotocol.org:443]","tests","Mon Jan 19 09:14:20 UTC 2026","passed","Mon Jan 19 09:14:20 UTC 2026","","test_rpc_methods_availability","",""
"","20","test_has_new_assets[Test for Acala]","tests","Mon Jan 19 09:11:55 UTC 2026","passed","Mon Jan 19 09:11:55 UTC 2026","TestAssets","test_check_new_assets","",""
"","0","test_can_create_connection[Test for Moonriver, url: wss://wss.api.moonriver.moonbeam.network]","tests","Mon Jan 19 09:12:24 UTC 2026","passed","Mon Jan 19 09:12:24 UTC 2026","","test_nodes_availability","",""
"","0","test_can_create_connection[Test for Kusama Relay, url: wss://rpc-kusama-2.novasama-tech.org]","tests","Mon Jan 19 09:11:45 UTC 2026","passed","Mon Jan 19 09:11:45 UTC 2026","","test_nodes_availability","",""
"","0","test_can_create_connection[Test for Heima, url: wss://heima-rpc.n.dwellir.com]","tests","Mon Jan 19 09:14:22 UTC 2026","passed","Mon Jan 19 09:14:22 UTC 2026","","test_nodes_availability","",""
"","244","test_rpc_node_is_synced[Test for UNIQUE, url: wss://asia-ws.unique.network/]","tests","Mon Jan 19 09:13:37 UTC 2026","passed","Mon Jan 19 09:13:38 UTC 2026","","test_substrate_node_is_synced","",""
"","91","test_rpc_method_is_available[Test for Manta Atlantic, url: wss://ws.manta.systems]","tests","Mon Jan 19 09:14:45 UTC 2026","passed","Mon Jan 19 09:14:45 UTC 2026","","test_rpc_methods_availability","",""
"","0","test_can_create_connection[Test for Bittensor, url: wss://bittensor-finney.api.onfinality.io/public-ws]","tests","Mon Jan 19 09:14:44 UTC 2026","passed","Mon Jan 19 09:14:44 UTC 2026","","test_nodes_availability","",""
"","60","test_rpc_node_is_synced[Test for Moonbeam, url: wss://moonbeam.dotters.network]","tests","Mon Jan 19 09:12:11 UTC 2026","passed","Mon Jan 19 09:12:11 UTC 2026","","test_substrate_node_is_synced","",""
"","113","test_rpc_method_is_available[Test for Pendulum, url: wss://rpc-pendulum.prd.pendulumchain.tech]","tests","Mon Jan 19 09:14:05 UTC 2026","passed","Mon Jan 19 09:14:05 UTC 2026","","test_rpc_methods_availability","",""
"","143","test_rpc_node_is_synced[Test for Robonomics, url: wss://kusama.rpc.robonomics.network/]","tests","Mon Jan 19 09:13:53 UTC 2026","passed","Mon Jan 19 09:13:53 UTC 2026","","test_substrate_node_is_synced","",""
"","100","test_rpc_method_is_available[Test for Hyperbridge Nexus, url: wss://nexus.ibp.network]","tests","Mon Jan 19 09:14:58 UTC 2026","passed","Mon Jan 19 09:14:58 UTC 2026","","test_rpc_methods_availability","",""
"","0","test_can_create_connection[Test for Polkadot Bridge Hub, url: wss://dot-rpc.stakeworld.io/bridgehub]","tests","Mon Jan 19 09:14:46 UTC 2026","passed","Mon Jan 19 09:14:46 UTC 2026","","test_nodes_availability","",""
"","106","test_rpc_method_is_available[Test for Moonriver, url: wss://moonriver-rpc.publicnode.com]","tests","Mon Jan 19 09:12:24 UTC 2026","passed","Mon Jan 19 09:12:24 UTC 2026","","test_rpc_methods_availability","",""
"","10","test_has_new_assets[Test for Bittensor]","tests","Mon Jan 19 09:12:29 UTC 2026","passed","Mon Jan 19 09:12:29 UTC 2026","TestAssets","test_check_new_assets","",""
"","0","test_can_create_connection[Test for Acala, url: wss://acala-rpc-0.aca-api.network]","tests","Mon Jan 19 09:12:33 UTC 2026","passed","Mon Jan 19 09:12:33 UTC 2026","","test_nodes_availability","",""
"","0","test_chainId[Test for Ajuna]","tests","Mon Jan 19 09:12:33 UTC 2026","passed","Mon Jan 19 09:12:33 UTC 2026","TestChainId","test_network_parameters","",""
"","95","test_rpc_method_is_available[Test for Polkadot Coretime, url: wss://coretime-polkadot.dotters.network]","tests","Mon Jan 19 09:15:17 UTC 2026","passed","Mon Jan 19 09:15:17 UTC 2026","","test_rpc_methods_availability","",""
"","0","test_precision[Test for Kusama Asset Hub]","tests","Mon Jan 19 09:12:01 UTC 2026","passed","Mon Jan 19 09:12:01 UTC 2026","TestPrecision","test_network_parameters","",""
"","0","test_can_create_connection[Test for Encointer, url: wss://encointer-kusama.dotters.network]","tests","Mon Jan 19 09:12:41 UTC 2026","passed","Mon Jan 19 09:12:41 UTC 2026","","test_nodes_availability","",""
"","7","test_has_new_assets[Test for Enjin Matrix]","tests","Mon Jan 19 09:12:54 UTC 2026","passed","Mon Jan 19 09:12:54 UTC 2026","TestAssets","test_check_new_assets","",""
"","155","test_rpc_node_is_synced[Test for UNIQUE, url: wss://eu-ws.unique.network/]","tests","Mon Jan 19 09:14:17 UTC 2026","passed","Mon Jan 19 09:14:18 UTC 2026","","test_substrate_node_is_synced","",""
"","0","test_can_create_connection[Test for Astar, url: wss://astar.public.curie.radiumblock.co/ws]","tests","Mon Jan 19 09:13:17 UTC 2026","passed","Mon Jan 19 09:13:17 UTC 2026","","test_nodes_availability","",""
"","5","test_has_new_assets[Test for QUARTZ]","tests","Mon Jan 19 09:11:50 UTC 2026","passed","Mon Jan 19 09:11:50 UTC 2026","TestAssets","test_check_new_assets","",""
"","0","test_can_create_connection[Test for Kusama Asset Hub, url: wss://asset-hub-kusama.dotters.network]","tests","Mon Jan 19 09:11:45 UTC 2026","passed","Mon Jan 19 09:11:45 UTC 2026","","test_nodes_availability","",""
"","181","test_rpc_method_is_available[Test for Polkadot People, url: wss://rpc-people-polkadot.luckyfriday.io]","tests","Mon Jan 19 09:12:37 UTC 2026","passed","Mon Jan 19 09:12:37 UTC 2026","","test_rpc_methods_availability","",""
"","174","test_rpc_method_is_available[Test for Polkadot Relay, url: wss://1rpc.io/dot]","tests","Mon Jan 19 09:12:20 UTC 2026","passed","Mon Jan 19 09:12:20 UTC 2026","","test_rpc_methods_availability","",""
"","81","test_rpc_node_is_synced[Test for Polkadot Relay, url: wss://1rpc.io/dot]","tests","Mon Jan 19 09:12:19 UTC 2026","passed","Mon Jan 19 09:12:19 UTC 2026","","test_substrate_node_is_synced","",""
"","1","test_address_prefix[Test for DAO IPCI]","tests","Mon Jan 19 09:12:36 UTC 2026","passed","Mon Jan 19 09:12:36 UTC 2026","TestNetworkPrefix","test_network_parameters","",""
"","0","test_can_create_connection[Test for Moonriver, url: wss://moonriver.public.curie.radiumblock.co/ws]","tests","Mon Jan 19 09:12:27 UTC 2026","passed","Mon Jan 19 09:12:27 UTC 2026","","test_nodes_availability","",""
"","159","test_rpc_node_is_synced[Test for Kusama Coretime, url: wss://kusama-coretime-rpc.polkadot.io]","tests","Mon Jan 19 09:15:28 UTC 2026","passed","Mon Jan 19 09:15:28 UTC 2026","","test_substrate_node_is_synced","",""
"","0","test_can_create_connection[Test for Hyperbridge Nexus, url: wss://nexus.ibp.network]","tests","Mon Jan 19 09:15:14 UTC 2026","passed","Mon Jan 19 09:15:14 UTC 2026","","test_nodes_availability","",""
"","0","test_precision[Test for Hydration]","tests","Mon Jan 19 09:12:15 UTC 2026","passed","Mon Jan 19 09:12:15 UTC 2026","TestPrecision","test_network_parameters","",""
"","94","test_rpc_method_is_available[Test for Polkadot Asset Hub, url: wss://asset-hub-polkadot.dotters.network]","tests","Mon Jan 19 09:13:32 UTC 2026","passed","Mon Jan 19 09:13:32 UTC 2026","","test_rpc_methods_availability","",""
"","0","test_can_create_connection[Test for Crust Shadow, url: wss://rpc2-shadow.crust.network/]","tests","Mon Jan 19 09:13:06 UTC 2026","passed","Mon Jan 19 09:13:06 UTC 2026","","test_nodes_availability","",""
"","0","test_can_create_connection[Test for Kusama Relay, url: wss://rpc.ibp.network/kusama]","tests","Mon Jan 19 09:11:50 UTC 2026","passed","Mon Jan 19 09:11:50 UTC 2026","","test_nodes_availability","",""
"","0","test_can_create_connection[Test for Ternoa, url: wss://mainnet.ternoa.network]","tests","Mon Jan 19 09:14:00 UTC 2026","passed","Mon Jan 19 09:14:00 UTC 2026","","test_nodes_availability","",""
"","8","test_has_new_assets[Test for GIANT]","tests","Mon Jan 19 09:12:38 UTC 2026","passed","Mon Jan 19 09:12:38 UTC 2026","TestAssets","test_check_new_assets","",""
"","11","test_has_new_assets[Test for Kusama People]","tests","Mon Jan 19 09:11:46 UTC 2026","passed","Mon Jan 19 09:11:46 UTC 2026","TestAssets","test_check_new_assets","",""
"","12","test_has_new_assets[Test for Kusama Asset Hub]","tests","Mon Jan 19 09:11:59 UTC 2026","passed","Mon Jan 19 09:11:59 UTC 2026","TestAssets","test_check_new_assets","",""
"","99","test_rpc_method_is_available[Test for Polkadot Relay, url: wss://polkadot.dotters.network]","tests","Mon Jan 19 09:12:00 UTC 2026","passed","Mon Jan 19 09:12:01 UTC 2026","","test_rpc_methods_availability","",""
"","159","test_rpc_node_is_synced[Test for Acala, url: wss://acala-rpc.n.dwellir.com]","tests","Mon Jan 19 09:12:52 UTC 2026","passed","Mon Jan 19 09:12:52 UTC 2026","","test_substrate_node_is_synced","",""
"","0","test_can_create_connection[Test for Ajuna, url: wss://ajuna.dotters.network]","tests","Mon Jan 19 09:14:23 UTC 2026","passed","Mon Jan 19 09:14:23 UTC 2026","","test_nodes_availability","",""
"","0","test_chainId[Test for Amplitude]","tests","Mon Jan 19 09:12:17 UTC 2026","broken","Mon Jan 19 09:12:17 UTC 2026","TestChainId","test_network_parameters","",""
"","0","test_can_create_connection[Test for KILT, url: wss://spiritnet.kilt.io/]","tests","Mon Jan 19 09:13:35 UTC 2026","broken","Mon Jan 19 09:13:35 UTC 2026","","test_nodes_availability","",""
"","74","test_rpc_node_is_synced[Test for UNIQUE, url: wss://us-ws.unique.network/]","tests","Mon Jan 19 09:13:30 UTC 2026","passed","Mon Jan 19 09:13:31 UTC 2026","","test_substrate_node_is_synced","",""
"","79","test_rpc_node_is_synced[Test for Polkadot Relay, url: wss://rpc-polkadot.luckyfriday.io]","tests","Mon Jan 19 09:12:24 UTC 2026","passed","Mon Jan 19 09:12:24 UTC 2026","","test_substrate_node_is_synced","",""
"","129","test_rpc_method_is_available[Test for Phala, url: wss://api.phala.network/ws]","tests","Mon Jan 19 09:13:22 UTC 2026","passed","Mon Jan 19 09:13:22 UTC 2026","","test_rpc_methods_availability","",""
"","0","test_can_create_connection[Test for Pendulum, url: wss://rpc-pendulum.prd.pendulumchain.tech]","tests","Mon Jan 19 09:14:26 UTC 2026","passed","Mon Jan 19 09:14:26 UTC 2026","","test_nodes_availability","",""
"","1","test_can_create_connection[Test for Kusama Coretime, url: wss://sys.ibp.network/coretime-kusama]","tests","Mon Jan 19 09:15:33 UTC 2026","passed","Mon Jan 19 09:15:33 UTC 2026","","test_nodes_availability","",""
"","101","test_rpc_method_is_available[Test for Kusama Coretime, url: wss://sys.ibp.network/coretime-kusama]","tests","Mon Jan 19 09:15:23 UTC 2026","passed","Mon Jan 19 09:15:23 UTC 2026","","test_rpc_methods_availability","",""
"","0","test_address_prefix[Test for Astar]","tests","Mon Jan 19 09:12:05 UTC 2026","passed","Mon Jan 19 09:12:05 UTC 2026","TestNetworkPrefix","test_network_parameters","",""
"","173","test_rpc_node_is_synced[Test for Tangle, url: wss://rpc.tangle.tools]","tests","Mon Jan 19 09:15:20 UTC 2026","passed","Mon Jan 19 09:15:20 UTC 2026","","test_substrate_node_is_synced","",""
"","108","test_rpc_method_is_available[Test for Astar, url: wss://astar-rpc.n.dwellir.com]","tests","Mon Jan 19 09:13:06 UTC 2026","passed","Mon Jan 19 09:13:06 UTC 2026","","test_rpc_methods_availability","",""
"","0","test_can_create_connection[Test for NeuroWeb, url: wss://parachain-rpc.origin-trail.network]","tests","Mon Jan 19 09:13:44 UTC 2026","passed","Mon Jan 19 09:13:44 UTC 2026","","test_nodes_availability","",""
"","1","test_precision[Test for Bittensor]","tests","Mon Jan 19 09:12:31 UTC 2026","passed","Mon Jan 19 09:12:31 UTC 2026","TestPrecision","test_network_parameters","",""
"","61","test_rpc_node_is_synced[Test for Polkadot Collectives, url: wss://collectives-polkadot.dotters.network]","tests","Mon Jan 19 09:14:29 UTC 2026","passed","Mon Jan 19 09:14:29 UTC 2026","","test_substrate_node_is_synced","",""
"","0","test_has_new_assets[Test for Curio]","tests","Mon Jan 19 09:13:03 UTC 2026","broken","Mon Jan 19 09:13:03 UTC 2026","TestAssets","test_check_new_assets","",""
"","11","test_has_new_assets[Test for krest]","tests","Mon Jan 19 09:12:47 UTC 2026","passed","Mon Jan 19 09:12:47 UTC 2026","TestAssets","test_check_new_assets","",""
"","0","test_can_create_connection[Test for Polkadot Asset Hub, url: wss://asset-hub-polkadot.dotters.network]","tests","Mon Jan 19 09:13:59 UTC 2026","passed","Mon Jan 19 09:13:59 UTC 2026","","test_nodes_availability","",""
"","0","test_chainId[Test for Energy Web X]","tests","Mon Jan 19 09:12:48 UTC 2026","passed","Mon Jan 19 09:12:48 UTC 2026","TestChainId","test_network_parameters","",""
"","0","test_chainId[Test for Westend (TESTNET)]","tests","Mon Jan 19 09:11:54 UTC 2026","passed","Mon Jan 19 09:11:54 UTC 2026","TestChainId","test_network_parameters","",""
"","0","test_can_create_connection[Test for Encointer, url: wss://sys.ibp.network/encointer-kusama]","tests","Mon Jan 19 09:12:37 UTC 2026","passed","Mon Jan 19 09:12:37 UTC 2026","","test_nodes_availability","",""
"","0","test_can_create_connection[Test for KILT, url: wss://kilt.ibp.network]","tests","Mon Jan 19 09:13:20 UTC 2026","passed","Mon Jan 19 09:13:20 UTC 2026","","test_nodes_availability","",""
"","1","test_address_prefix[Test for KILT]","tests","Mon Jan 19 09:11:50 UTC 2026","passed","Mon Jan 19 09:11:50 UTC 2026","TestNetworkPrefix","test_network_parameters","",""
"","216","test_rpc_node_is_synced[Test for Crab, url: wss://crab-rpc.darwinia.network/]","tests","Mon Jan 19 09:14:17 UTC 2026","passed","Mon Jan 19 09:14:17 UTC 2026","","test_substrate_node_is_synced","",""
"","152","test_rpc_node_is_synced[Test for Heima, url: wss://rpc.litentry-parachain.litentry.io]","tests","Mon Jan 19 09:14:07 UTC 2026","passed","Mon Jan 19 09:14:07 UTC 2026","","test_substrate_node_is_synced","",""
"","195","test_rpc_node_is_synced[Test for Kusama Relay, url: wss://1rpc.io/ksm]","tests","Mon Jan 19 09:12:13 UTC 2026","passed","Mon Jan 19 09:12:14 UTC 2026","","test_substrate_node_is_synced","",""
"","7","test_has_new_assets[Test for Nodle Parachain]","tests","Mon Jan 19 09:12:23 UTC 2026","passed","Mon Jan 19 09:12:23 UTC 2026","TestAssets","test_check_new_assets","",""
"","152","test_rpc_method_is_available[Test for Crust Shadow, url: wss://rpc-sha-subscan.crustnetwork.xyz]","tests","Mon Jan 19 09:13:00 UTC 2026","passed","Mon Jan 19 09:13:00 UTC 2026","","test_rpc_methods_availability","",""
"","1","test_address_prefix[Test for Creditcoin]","tests","Mon Jan 19 09:14:13 UTC 2026","passed","Mon Jan 19 09:14:13 UTC 2026","TestNetworkPrefix","test_network_parameters","",""
"","95","test_rpc_method_is_available[Test for Tanssi, url: wss://services.tanssi-mainnet.network/tanssi]","tests","Mon Jan 19 09:15:26 UTC 2026","passed","Mon Jan 19 09:15:26 UTC 2026","","test_rpc_methods_availability","",""
"","0","test_can_create_connection[Test for Bifrost Polkadot, url: wss://bifrost-polkadot.dotters.network]","tests","Mon Jan 19 09:13:55 UTC 2026","passed","Mon Jan 19 09:13:55 UTC 2026","","test_nodes_availability","",""
"","0","test_can_create_connection[Test for Crust Shadow, url: wss://rpc-sha-subscan.crustnetwork.xyz]","tests","Mon Jan 19 09:13:01 UTC 2026","passed","Mon Jan 19 09:13:01 UTC 2026","","test_nodes_availability","",""
"","1","test_can_create_connection[Test for Enjin Relay, url: wss://rpc.relay.blockchain.enjin.io]","tests","Mon Jan 19 09:14:59 UTC 2026","passed","Mon Jan 19 09:14:59 UTC 2026","","test_nodes_availability","",""
"","142","test_rpc_method_is_available[Test for Westend (TESTNET), url: wss://westend-rpc.polkadot.io]","tests","Mon Jan 19 09:12:22 UTC 2026","passed","Mon Jan 19 09:12:22 UTC 2026","","test_rpc_methods_availability","",""
"","1","test_chainId[Test for Centrifuge Parachain]","tests","Mon Jan 19 09:12:05 UTC 2026","passed","Mon Jan 19 09:12:05 UTC 2026","TestChainId","test_network_parameters","",""
"","0","test_chainId[Test for Nodle Parachain]","tests","Mon Jan 19 09:12:19 UTC 2026","passed","Mon Jan 19 09:12:19 UTC 2026","TestChainId","test_network_parameters","",""
"","139","test_rpc_method_is_available[Test for NeuroWeb, url: wss://parachain-rpc.origin-trail.network]","tests","Mon Jan 19 09:13:49 UTC 2026","passed","Mon Jan 19 09:13:49 UTC 2026","","test_rpc_methods_availability","",""
"","0","test_can_create_connection[Test for Aleph Zero, url: wss://ws.azero.dev]","tests","Mon Jan 19 09:13:22 UTC 2026","passed","Mon Jan 19 09:13:22 UTC 2026","","test_nodes_availability","",""
"","54","test_has_new_assets[Test for Kintsugi]","tests","Mon Jan 19 09:12:16 UTC 2026","passed","Mon Jan 19 09:12:16 UTC 2026","TestAssets","test_check_new_assets","",""
"","1","test_chainId[Test for JAMTON]","tests","Mon Jan 19 09:13:21 UTC 2026","passed","Mon Jan 19 09:13:21 UTC 2026","TestChainId","test_network_parameters","",""
"","0","test_precision[Test for GIANT]","tests","Mon Jan 19 09:12:41 UTC 2026","passed","Mon Jan 19 09:12:41 UTC 2026","TestPrecision","test_network_parameters","",""
"","5","test_has_new_assets[Test for CC Enterprise]","tests","Mon Jan 19 09:13:13 UTC 2026","passed","Mon Jan 19 09:13:13 UTC 2026","TestAssets","test_check_new_assets","",""
"","0","test_rpc_method_is_available[Test for Avail, url: wss://avail.rpc.bountyblok.io]","tests","Mon Jan 19 09:16:04 UTC 2026","broken","Mon Jan 19 09:16:04 UTC 2026","","test_rpc_methods_availability","",""
"","173","test_rpc_method_is_available[Test for Karura, url: wss://karura-rpc-1.aca-api.network]","tests","Mon Jan 19 09:11:48 UTC 2026","passed","Mon Jan 19 09:11:48 UTC 2026","","test_rpc_methods_availability","",""
"","157","test_rpc_method_is_available[Test for Polkadot Coretime, url: wss://rpc-coretime-polkadot.luckyfriday.io]","tests","Mon Jan 19 09:15:19 UTC 2026","passed","Mon Jan 19 09:15:19 UTC 2026","","test_rpc_methods_availability","",""
"","108","test_rpc_method_is_available[Test for Polkadot Collectives, url: wss://collectives.public.curie.radiumblock.co/ws]","tests","Mon Jan 19 09:14:37 UTC 2026","passed","Mon Jan 19 09:14:37 UTC 2026","","test_rpc_methods_availability","",""
"","0","test_chainId[Test for KILT]","tests","Mon Jan 19 09:11:44 UTC 2026","passed","Mon Jan 19 09:11:44 UTC 2026","TestChainId","test_network_parameters","",""
"","0","test_can_create_connection[Test for Shiden, url: wss://rpc.shiden.astar.network]","tests","Mon Jan 19 09:12:35 UTC 2026","passed","Mon Jan 19 09:12:35 UTC 2026","","test_nodes_availability","",""
"","10","test_has_new_assets[Test for Polkadot Asset Hub]","tests","Mon Jan 19 09:12:04 UTC 2026","passed","Mon Jan 19 09:12:04 UTC 2026","TestAssets","test_check_new_assets","",""
"","172","test_rpc_method_is_available[Test for Frequency, url: wss://0.rpc.frequency.xyz]","tests","Mon Jan 19 09:14:30 UTC 2026","passed","Mon Jan 19 09:14:30 UTC 2026","","test_rpc_methods_availability","",""
"","0","test_precision[Test for Vara]","tests","Mon Jan 19 09:12:37 UTC 2026","passed","Mon Jan 19 09:12:37 UTC 2026","TestPrecision","test_network_parameters","",""
"","0","test_can_create_connection[Test for Polkadot Bridge Hub, url: wss://sys.ibp.network/bridgehub-polkadot]","tests","Mon Jan 19 09:14:37 UTC 2026","passed","Mon Jan 19 09:14:37 UTC 2026","","test_nodes_availability","",""
"","388","test_rpc_node_is_synced[Test for Acala, url: wss://acala-rpc-0.aca-api.network]","tests","Mon Jan 19 09:12:33 UTC 2026","passed","Mon Jan 19 09:12:33 UTC 2026","","test_substrate_node_is_synced","",""
"","109","test_has_new_assets[Test for Karura]","tests","Mon Jan 19 09:11:49 UTC 2026","passed","Mon Jan 19 09:11:49 UTC 2026","TestAssets","test_check_new_assets","",""
"","0","test_chainId[Test for Encointer]","tests","Mon Jan 19 09:12:08 UTC 2026","passed","Mon Jan 19 09:12:08 UTC 2026","TestChainId","test_network_parameters","",""
"","65","test_rpc_node_is_synced[Test for Nodle Parachain, url: wss://nodle-parachain.api.onfinality.io/public-ws]","tests","Mon Jan 19 09:12:56 UTC 2026","passed","Mon Jan 19 09:12:56 UTC 2026","","test_substrate_node_is_synced","",""
"","61","test_rpc_node_is_synced[Test for Polkadot Asset Hub, url: wss://asset-hub-polkadot.dotters.network]","tests","Mon Jan 19 09:13:49 UTC 2026","passed","Mon Jan 19 09:13:49 UTC 2026","","test_substrate_node_is_synced","",""
"","1","test_can_create_connection[Test for Polkadot People, url: wss://rpc-people-polkadot.luckyfriday.io]","tests","Mon Jan 19 09:11:58 UTC 2026","passed","Mon Jan 19 09:11:58 UTC 2026","","test_nodes_availability","",""
"","309","test_rpc_node_is_synced[Test for Ethereum, url: https://ethereum-rpc.publicnode.com]","tests","Mon Jan 19 09:11:48 UTC 2026","broken","Mon Jan 19 09:11:48 UTC 2026","TestETHNodesAvailability","test_eth_nodes_availability","",""
"","0","test_address_prefix[Test for Kusama Bridge Hub]","tests","Mon Jan 19 09:12:50 UTC 2026","passed","Mon Jan 19 09:12:50 UTC 2026","TestNetworkPrefix","test_network_parameters","",""
"","101","test_rpc_method_is_available[Test for Heima, url: wss://rpc.litentry-parachain.litentry.io]","tests","Mon Jan 19 09:14:20 UTC 2026","passed","Mon Jan 19 09:14:20 UTC 2026","","test_rpc_methods_availability","",""
"","0","test_rpc_node_is_synced[Test for Curio, url: wss://archive.parachain.curioinvest.com]","tests","Mon Jan 19 09:14:50 UTC 2026","broken","Mon Jan 19 09:14:50 UTC 2026","","test_substrate_node_is_synced","",""
"","101","test_rpc_method_is_available[Test for Creditcoin, url: wss://mainnet3.creditcoin.network]","tests","Mon Jan 19 09:15:08 UTC 2026","passed","Mon Jan 19 09:15:09 UTC 2026","","test_rpc_methods_availability","",""
"","0","test_precision[Test for Kreivo]","tests","Mon Jan 19 09:13:20 UTC 2026","broken","Mon Jan 19 09:13:20 UTC 2026","TestPrecision","test_network_parameters","",""
"","122","test_rpc_method_is_available[Test for Crab, url: wss://crab-rpc.darwinia.network/]","tests","Mon Jan 19 09:14:26 UTC 2026","passed","Mon Jan 19 09:14:26 UTC 2026","","test_rpc_methods_availability","",""
"","73","test_rpc_node_is_synced[Test for Polkadot People, url: wss://rpc-people-polkadot.luckyfriday.io]","tests","Mon Jan 19 09:11:57 UTC 2026","passed","Mon Jan 19 09:11:58 UTC 2026","","test_substrate_node_is_synced","",""
"","320","test_rpc_node_is_synced[Test for Karura, url: wss://karura-rpc-3.aca-api.network/ws]","tests","Mon Jan 19 09:11:55 UTC 2026","passed","Mon Jan 19 09:11:55 UTC 2026","","test_substrate_node_is_synced","",""
"","1","test_can_create_connection[Test for Polkadot Asset Hub, url: wss://asset-hub-polkadot-rpc.n.dwellir.com]","tests","Mon Jan 19 09:13:26 UTC 2026","passed","Mon Jan 19 09:13:26 UTC 2026","","test_nodes_availability","",""
"","0","test_chainId[Test for Tangle]","tests","Mon Jan 19 09:13:24 UTC 2026","passed","Mon Jan 19 09:13:24 UTC 2026","TestChainId","test_network_parameters","",""
"","0","test_precision[Test for peaq]","tests","Mon Jan 19 09:13:20 UTC 2026","passed","Mon Jan 19 09:13:20 UTC 2026","TestPrecision","test_network_parameters","",""
"","0","test_chainId[Test for Bifrost Kusama]","tests","Mon Jan 19 09:11:56 UTC 2026","passed","Mon Jan 19 09:11:56 UTC 2026","TestChainId","test_network_parameters","",""
"","61","test_rpc_node_is_synced[Test for Kusama Bridge Hub, url: wss://sys.ibp.network/bridgehub-kusama]","tests","Mon Jan 19 09:14:27 UTC 2026","passed","Mon Jan 19 09:14:27 UTC 2026","","test_substrate_node_is_synced","",""
"","172","test_rpc_method_is_available[Test for Ajuna, url: wss://ajuna.ibp.network]","tests","Mon Jan 19 09:14:03 UTC 2026","passed","Mon Jan 19 09:14:03 UTC 2026","","test_rpc_methods_availability","",""
"","146","test_rpc_method_is_available[Test for Moonbeam, url: wss://moonbeam.dotters.network]","tests","Mon Jan 19 09:12:09 UTC 2026","passed","Mon Jan 19 09:12:10 UTC 2026","","test_rpc_methods_availability","",""
"","0","test_rpc_method_is_available[Test for KILT, url: wss://spiritnet.kilt.io/]","tests","Mon Jan 19 09:13:37 UTC 2026","broken","Mon Jan 19 09:13:37 UTC 2026","","test_rpc_methods_availability","",""
"","149","test_rpc_node_is_synced[Test for Bifrost Kusama, url: wss://us.bifrost-rpc.liebi.com/ws]","tests","Mon Jan 19 09:12:57 UTC 2026","passed","Mon Jan 19 09:12:57 UTC 2026","","test_substrate_node_is_synced","",""
"","1","test_can_create_connection[Test for QUARTZ, url: wss://us-ws-quartz.unique.network]","tests","Mon Jan 19 09:12:29 UTC 2026","passed","Mon Jan 19 09:12:29 UTC 2026","","test_nodes_availability","",""
"","260","test_rpc_node_is_synced[Test for DENTNet, url: wss://rpc.dentnet.io/ws]","tests","Mon Jan 19 09:16:19 UTC 2026","passed","Mon Jan 19 09:16:19 UTC 2026","","test_substrate_node_is_synced","",""
"","115","test_rpc_method_is_available[Test for Crust Polkadot Parachain, url: wss://crust-parachain.crustapps.net]","tests","Mon Jan 19 09:14:09 UTC 2026","passed","Mon Jan 19 09:14:10 UTC 2026","","test_rpc_methods_availability","",""
"","0","test_chainId[Test for Kusama Relay]","tests","Mon Jan 19 09:11:48 UTC 2026","passed","Mon Jan 19 09:11:48 UTC 2026","TestChainId","test_network_parameters","",""
"","0","test_precision[Test for DENTNet]","tests","Mon Jan 19 09:13:14 UTC 2026","passed","Mon Jan 19 09:13:14 UTC 2026","TestPrecision","test_network_parameters","",""
"","203","test_rpc_node_is_synced[Test for JAMTON, url: wss://rpc.jamton.network]","tests","Mon Jan 19 09:15:19 UTC 2026","passed","Mon Jan 19 09:15:19 UTC 2026","","test_substrate_node_is_synced","",""
"","161","test_rpc_method_is_available[Test for Crust Shadow, url: wss://rpc-shadow.crust.network/]","tests","Mon Jan 19 09:13:12 UTC 2026","passed","Mon Jan 19 09:13:12 UTC 2026","","test_rpc_methods_availability","",""
"","159","test_rpc_node_is_synced[Test for Heima, url: wss://heima-rpc.n.dwellir.com]","tests","Mon Jan 19 09:14:12 UTC 2026","passed","Mon Jan 19 09:14:12 UTC 2026","","test_substrate_node_is_synced","",""
"","37","test_rpc_node_is_synced[Test for Manta Atlantic, url: wss://ws.manta.systems]","tests","Mon Jan 19 09:14:48 UTC 2026","passed","Mon Jan 19 09:14:48 UTC 2026","","test_substrate_node_is_synced","",""
"","176","test_rpc_method_is_available[Test for KILT, url: wss://kilt.dotters.network]","tests","Mon Jan 19 09:13:25 UTC 2026","passed","Mon Jan 19 09:13:25 UTC 2026","","test_rpc_methods_availability","",""
"","59","test_rpc_node_is_synced[Test for GIANT, url: wss://rpc-anchor-1-mainnet-az-ue1.giantprotocol.org:443]","tests","Mon Jan 19 09:14:20 UTC 2026","passed","Mon Jan 19 09:14:20 UTC 2026","","test_substrate_node_is_synced","",""
"","0","test_can_create_connection[Test for Bittensor, url: wss://entrypoint-finney.opentensor.ai:443]","tests","Mon Jan 19 09:14:07 UTC 2026","passed","Mon Jan 19 09:14:07 UTC 2026","","test_nodes_availability","",""
"","109","test_rpc_method_is_available[Test for Bifrost Polkadot, url: wss://bifrost-polkadot.ibp.network]","tests","Mon Jan 19 09:13:54 UTC 2026","passed","Mon Jan 19 09:13:54 UTC 2026","","test_rpc_methods_availability","",""
"","0","test_chainId[Test for Polkadot People]","tests","Mon Jan 19 09:11:42 UTC 2026","passed","Mon Jan 19 09:11:42 UTC 2026","TestChainId","test_network_parameters","",""
"","101","test_rpc_method_is_available[Test for Karura, url: wss://karura-rpc-3.aca-api.network/ws]","tests","Mon Jan 19 09:11:55 UTC 2026","passed","Mon Jan 19 09:11:55 UTC 2026","","test_rpc_methods_availability","",""
"","61","test_rpc_node_is_synced[Test for Hyperbridge Nexus, url: wss://nexus.ibp.network]","tests","Mon Jan 19 09:15:02 UTC 2026","passed","Mon Jan 19 09:15:03 UTC 2026","","test_substrate_node_is_synced","",""
"","109","test_rpc_method_is_available[Test for Kusama Bridge Hub, url: wss://sys.ibp.network/bridgehub-kusama]","tests","Mon Jan 19 09:14:27 UTC 2026","passed","Mon Jan 19 09:14:27 UTC 2026","","test_rpc_methods_availability","",""
"","99","test_rpc_method_is_available[Test for Westend (TESTNET), url: wss://westend.public.curie.radiumblock.co/ws]","tests","Mon Jan 19 09:12:28 UTC 2026","passed","Mon Jan 19 09:12:29 UTC 2026","","test_rpc_methods_availability","",""
"","11","test_has_new_assets[Test for NeuroWeb]","tests","Mon Jan 19 09:12:12 UTC 2026","passed","Mon Jan 19 09:12:12 UTC 2026","TestAssets","test_check_new_assets","",""
"","5","test_has_new_assets[Test for KILT]","tests","Mon Jan 19 09:11:46 UTC 2026","passed","Mon Jan 19 09:11:46 UTC 2026","TestAssets","test_check_new_assets","",""
"","0","test_chainId[Test for UNIQUE]","tests","Mon Jan 19 09:12:06 UTC 2026","passed","Mon Jan 19 09:12:06 UTC 2026","TestChainId","test_network_parameters","",""
"","152","test_rpc_node_is_synced[Test for Ajuna, url: wss://rpc-para.ajuna.network]","tests","Mon Jan 19 09:14:02 UTC 2026","passed","Mon Jan 19 09:14:02 UTC 2026","","test_substrate_node_is_synced","",""
"","155","test_rpc_node_is_synced[Test for Basilisk, url: wss://rpc.basilisk.cloud]","tests","Mon Jan 19 09:13:07 UTC 2026","passed","Mon Jan 19 09:13:07 UTC 2026","","test_substrate_node_is_synced","",""
"","0","test_precision[Test for Polkadot Coretime]","tests","Mon Jan 19 09:13:29 UTC 2026","passed","Mon Jan 19 09:13:29 UTC 2026","TestPrecision","test_network_parameters","",""
"","1","test_can_create_connection[Test for Kusama Asset Hub, url: wss://sys.ibp.network/statemine]","tests","Mon Jan 19 09:12:34 UTC 2026","passed","Mon Jan 19 09:12:34 UTC 2026","","test_nodes_availability","",""
"","0","test_address_prefix[Test for Altair]","tests","Mon Jan 19 09:11:47 UTC 2026","passed","Mon Jan 19 09:11:47 UTC 2026","TestNetworkPrefix","test_network_parameters","",""
"","0","test_can_create_connection[Test for Crust Shadow, url: wss://rpc-shadow.crust.network/]","tests","Mon Jan 19 09:13:10 UTC 2026","passed","Mon Jan 19 09:13:10 UTC 2026","","test_nodes_availability","",""
"","58","test_rpc_node_is_synced[Test for Polkadot Relay, url: wss://polkadot.dotters.network]","tests","Mon Jan 19 09:11:58 UTC 2026","passed","Mon Jan 19 09:11:58 UTC 2026","","test_substrate_node_is_synced","",""
"","0","test_can_create_connection[Test for UNIQUE, url: wss://asia-ws.unique.network/]","tests","Mon Jan 19 09:13:43 UTC 2026","passed","Mon Jan 19 09:13:43 UTC 2026","","test_nodes_availability","",""
"","131","test_rpc_node_is_synced[Test for Cere, url: wss://rpc.mainnet.cere.network/ws]","tests","Mon Jan 19 09:15:06 UTC 2026","passed","Mon Jan 19 09:15:06 UTC 2026","","test_substrate_node_is_synced","",""
"","96","test_rpc_method_is_available[Test for peaq, url: wss://peaq-rpc.publicnode.com]","tests","Mon Jan 19 09:15:10 UTC 2026","passed","Mon Jan 19 09:15:10 UTC 2026","","test_rpc_methods_availability","",""
"","172","test_rpc_method_is_available[Test for Polkadot Bridge Hub, url: wss://sys.ibp.network/bridgehub-polkadot]","tests","Mon Jan 19 09:14:23 UTC 2026","passed","Mon Jan 19 09:14:23 UTC 2026","","test_rpc_methods_availability","",""
"","12","test_has_new_assets[Test for Astar]","tests","Mon Jan 19 09:11:58 UTC 2026","passed","Mon Jan 19 09:11:58 UTC 2026","TestAssets","test_check_new_assets","",""
"","0","test_chainId[Test for Humanode]","tests","Mon Jan 19 09:13:12 UTC 2026","passed","Mon Jan 19 09:13:12 UTC 2026","TestChainId","test_network_parameters","",""
"","102","test_rpc_method_is_available[Test for Bifrost Polkadot, url: wss://eu.bifrost-polkadot-rpc.liebi.com/ws]","tests","Mon Jan 19 09:14:14 UTC 2026","passed","Mon Jan 19 09:14:14 UTC 2026","","test_rpc_methods_availability","",""
"","0","test_can_create_connection[Test for Polkadot Relay, url: wss://rpc-polkadot.luckyfriday.io]","tests","Mon Jan 19 09:12:31 UTC 2026","passed","Mon Jan 19 09:12:31 UTC 2026","","test_nodes_availability","",""
"","7","test_has_new_assets[Test for Polkadex]","tests","Mon Jan 19 09:12:07 UTC 2026","passed","Mon Jan 19 09:12:07 UTC 2026","TestAssets","test_check_new_assets","",""
"","0","test_can_create_connection[Test for Heima, url: wss://rpc.litentry-parachain.litentry.io]","tests","Mon Jan 19 09:14:16 UTC 2026","passed","Mon Jan 19 09:14:16 UTC 2026","","test_nodes_availability","",""
"","161","test_rpc_method_is_available[Test for UNIQUE, url: wss://asia-ws.unique.network/]","tests","Mon Jan 19 09:13:44 UTC 2026","passed","Mon Jan 19 09:13:45 UTC 2026","","test_rpc_methods_availability","",""
"","12","test_has_new_assets[Test for Westend (TESTNET)]","tests","Mon Jan 19 09:11:54 UTC 2026","passed","Mon Jan 19 09:11:54 UTC 2026","TestAssets","test_check_new_assets","",""
"","0","test_address_prefix[Test for DeepBrain]","tests","Mon Jan 19 09:13:24 UTC 2026","passed","Mon Jan 19 09:13:24 UTC 2026","TestNetworkPrefix","test_network_parameters","",""
"","0","test_chainId[Test for Polkadot Collectives]","tests","Mon Jan 19 09:12:38 UTC 2026","passed","Mon Jan 19 09:12:38 UTC 2026","TestChainId","test_network_parameters","",""
"","0","test_chainId[Test for DeepBrain]","tests","Mon Jan 19 09:13:19 UTC 2026","passed","Mon Jan 19 09:13:19 UTC 2026","TestChainId","test_network_parameters","",""
"","160","test_rpc_method_is_available[Test for Kusama Bridge Hub, url: wss://ksm-rpc.stakeworld.io/bridgehub]","tests","Mon Jan 19 09:14:36 UTC 2026","passed","Mon Jan 19 09:14:36 UTC 2026","","test_rpc_methods_availability","",""
"","171","test_rpc_method_is_available[Test for Kusama Relay, url: wss://rpc-kusama.luckyfriday.io]","tests","Mon Jan 19 09:12:03 UTC 2026","passed","Mon Jan 19 09:12:04 UTC 2026","","test_rpc_methods_availability","",""
"","1","test_can_create_connection[Test for Nodle Parachain, url: wss://nodle-parachain.api.onfinality.io/public-ws]","tests","Mon Jan 19 09:13:00 UTC 2026","passed","Mon Jan 19 09:13:00 UTC 2026","","test_nodes_availability","",""
"","0","test_can_create_connection[Test for Polkadot Relay, url: wss://1rpc.io/dot]","tests","Mon Jan 19 09:12:27 UTC 2026","passed","Mon Jan 19 09:12:27 UTC 2026","","test_nodes_availability","",""
"","158","test_rpc_node_is_synced[Test for QUARTZ, url: wss://quartz.unique.network]","tests","Mon Jan 19 09:13:38 UTC 2026","passed","Mon Jan 19 09:13:39 UTC 2026","","test_substrate_node_is_synced","",""
"","1","test_precision[Test for 3DPass]","tests","Mon Jan 19 09:12:36 UTC 2026","passed","Mon Jan 19 09:12:36 UTC 2026","TestPrecision","test_network_parameters","",""
"","68","test_rpc_node_is_synced[Test for Polkadot Coretime, url: wss://rpc-coretime-polkadot.luckyfriday.io]","tests","Mon Jan 19 09:15:24 UTC 2026","passed","Mon Jan 19 09:15:24 UTC 2026","","test_substrate_node_is_synced","",""
"","1","test_can_create_connection[Test for 3DPass, url: wss://rpc.p3d.top]","tests","Mon Jan 19 09:14:39 UTC 2026","passed","Mon Jan 19 09:14:39 UTC 2026","","test_nodes_availability","",""
"","0","test_can_create_connection[Test for Westend (TESTNET), url: wss://westend-rpc.polkadot.io]","tests","Mon Jan 19 09:12:24 UTC 2026","passed","Mon Jan 19 09:12:24 UTC 2026","","test_nodes_availability","",""
"","0","test_address_prefix[Test for Frequency]","tests","Mon Jan 19 09:12:34 UTC 2026","passed","Mon Jan 19 09:12:34 UTC 2026","TestNetworkPrefix","test_network_parameters","",""
"","163","test_rpc_node_is_synced[Test for Bifrost Polkadot, url: wss://hk.p.bifrost-rpc.liebi.com/ws]","tests","Mon Jan 19 09:13:55 UTC 2026","passed","Mon Jan 19 09:13:55 UTC 2026","","test_substrate_node_is_synced","",""
"","151","test_rpc_method_is_available[Test for Vara, url: wss://rpc.vara-network.io]","tests","Mon Jan 19 09:14:36 UTC 2026","passed","Mon Jan 19 09:14:36 UTC 2026","","test_rpc_methods_availability","",""
"","154","test_rpc_node_is_synced[Test for Polkadot Relay, url: wss://apps-rpc.polkadot.io]","tests","Mon Jan 19 09:12:03 UTC 2026","passed","Mon Jan 19 09:12:03 UTC 2026","","test_substrate_node_is_synced","",""
"","90","test_has_new_assets[Test for Altair]","tests","Mon Jan 19 09:11:43 UTC 2026","passed","Mon Jan 19 09:11:43 UTC 2026","TestAssets","test_check_new_assets","",""
"","174","test_rpc_method_is_available[Test for Polkadot Relay, url: wss://polkadot.public.curie.radiumblock.co/ws]","tests","Mon Jan 19 09:12:15 UTC 2026","passed","Mon Jan 19 09:12:15 UTC 2026","","test_rpc_methods_availability","",""
"","853","test_rpc_method_is_available[Test for Polkadex, url: wss://so.polkadex.ee]","tests","Mon Jan 19 09:13:39 UTC 2026","passed","Mon Jan 19 09:13:40 UTC 2026","","test_rpc_methods_availability","",""
"","72","test_rpc_node_is_synced[Test for Enjin Matrix, url: wss://rpc.matrix.blockchain.enjin.io]","tests","Mon Jan 19 09:14:41 UTC 2026","passed","Mon Jan 19 09:14:41 UTC 2026","","test_substrate_node_is_synced","",""
"","10","test_has_new_assets[Test for Robonomics]","tests","Mon Jan 19 09:12:07 UTC 2026","passed","Mon Jan 19 09:12:07 UTC 2026","TestAssets","test_check_new_assets","",""
"","14","test_has_new_assets[Test for Moonbeam]","tests","Mon Jan 19 09:11:52 UTC 2026","passed","Mon Jan 19 09:11:52 UTC 2026","TestAssets","test_check_new_assets","",""
"","43","test_rpc_node_is_synced[Test for Polkadot Collectives, url: wss://collectives.public.curie.radiumblock.co/ws]","tests","Mon Jan 19 09:14:33 UTC 2026","passed","Mon Jan 19 09:14:33 UTC 2026","","test_substrate_node_is_synced","",""
"","79","test_rpc_node_is_synced[Test for Phala, url: wss://api.phala.network/ws]","tests","Mon Jan 19 09:13:05 UTC 2026","passed","Mon Jan 19 09:13:06 UTC 2026","","test_substrate_node_is_synced","",""
"","61","test_rpc_node_is_synced[Test for KILT, url: wss://kilt.ibp.network]","tests","Mon Jan 19 09:13:18 UTC 2026","passed","Mon Jan 19 09:13:18 UTC 2026","","test_substrate_node_is_synced","",""
"","0","test_can_create_connection[Test for Kintsugi, url: wss://api-kusama.interlay.io/parachain]","tests","Mon Jan 19 09:12:52 UTC 2026","passed","Mon Jan 19 09:12:52 UTC 2026","","test_nodes_availability","",""
"","0","test_can_create_connection[Test for KILT, url: wss://kilt.dotters.network]","tests","Mon Jan 19 09:13:23 UTC 2026","passed","Mon Jan 19 09:13:23 UTC 2026","","test_nodes_availability","",""
"","84","test_rpc_node_is_synced[Test for Moonbeam, url: wss://wss.api.moonbeam.network]","tests","Mon Jan 19 09:12:04 UTC 2026","passed","Mon Jan 19 09:12:04 UTC 2026","","test_substrate_node_is_synced","",""
"","1","test_precision[Test for Interlay]","tests","Mon Jan 19 09:12:21 UTC 2026","passed","Mon Jan 19 09:12:21 UTC 2026","TestPrecision","test_network_parameters","",""
"","1","test_precision[Test for Westend (TESTNET)]","tests","Mon Jan 19 09:11:57 UTC 2026","passed","Mon Jan 19 09:11:57 UTC 2026","TestPrecision","test_network_parameters","",""
"","157","test_rpc_method_is_available[Test for Polkadot People, url: wss://people-polkadot.public.curie.radiumblock.co/ws]","tests","Mon Jan 19 09:12:40 UTC 2026","passed","Mon Jan 19 09:12:40 UTC 2026","","test_rpc_methods_availability","",""
"","0","test_address_prefix[Test for Darwinia]","tests","Mon Jan 19 09:12:49 UTC 2026","passed","Mon Jan 19 09:12:49 UTC 2026","TestNetworkPrefix","test_network_parameters","",""
"","0","test_address_prefix[Test for CC Enterprise]","tests","Mon Jan 19 09:13:18 UTC 2026","passed","Mon Jan 19 09:13:18 UTC 2026","TestNetworkPrefix","test_network_parameters","",""
"","166","test_rpc_method_is_available[Test for Ajuna, url: wss://ajuna.dotters.network]","tests","Mon Jan 19 09:14:09 UTC 2026","passed","Mon Jan 19 09:14:09 UTC 2026","","test_rpc_methods_availability","",""
"","101","test_rpc_method_is_available[Test for Polkadot Asset Hub, url: wss://sys.ibp.network/asset-hub-polkadot]","tests","Mon Jan 19 09:13:28 UTC 2026","passed","Mon Jan 19 09:13:28 UTC 2026","","test_rpc_methods_availability","",""
"","0","test_precision[Test for Kintsugi]","tests","Mon Jan 19 09:12:19 UTC 2026","passed","Mon Jan 19 09:12:19 UTC 2026","TestPrecision","test_network_parameters","",""
"","89","test_rpc_node_is_synced[Test for peaq, url: wss://peaq-rpc.publicnode.com]","tests","Mon Jan 19 09:15:11 UTC 2026","passed","Mon Jan 19 09:15:11 UTC 2026","","test_substrate_node_is_synced","",""
"","0","test_precision[Test for DeepBrain]","tests","Mon Jan 19 09:13:25 UTC 2026","passed","Mon Jan 19 09:13:25 UTC 2026","TestPrecision","test_network_parameters","",""
"","0","test_precision[Test for Enjin Relay]","tests","Mon Jan 19 09:12:56 UTC 2026","passed","Mon Jan 19 09:12:56 UTC 2026","TestPrecision","test_network_parameters","",""
"","100","test_rpc_method_is_available[Test for Karura, url: wss://karura-rpc.n.dwellir.com]","tests","Mon Jan 19 09:12:01 UTC 2026","passed","Mon Jan 19 09:12:01 UTC 2026","","test_rpc_methods_availability","",""
"","5","test_has_new_assets[Test for Hyperbridge Nexus]","tests","Mon Jan 19 09:13:10 UTC 2026","passed","Mon Jan 19 09:13:10 UTC 2026","TestAssets","test_check_new_assets","",""
"","175","test_rpc_method_is_available[Test for Shiden, url: wss://rpc.shiden.astar.network]","tests","Mon Jan 19 09:12:36 UTC 2026","passed","Mon Jan 19 09:12:36 UTC 2026","","test_rpc_methods_availability","",""
"","160","test_has_new_assets[Test for Moonriver]","tests","Mon Jan 19 09:11:42 UTC 2026","passed","Mon Jan 19 09:11:42 UTC 2026","TestAssets","test_check_new_assets","",""
"","0","test_can_create_connection[Test for Kusama Coretime, url: wss://coretime-kusama.dotters.network]","tests","Mon Jan 19 09:15:35 UTC 2026","passed","Mon Jan 19 09:15:35 UTC 2026","","test_nodes_availability","",""
"","1","test_can_create_connection[Test for QUARTZ, url: wss://quartz.unique.network]","tests","Mon Jan 19 09:13:42 UTC 2026","passed","Mon Jan 19 09:13:42 UTC 2026","","test_nodes_availability","",""
"","0","test_precision[Test for XX network]","tests","Mon Jan 19 09:12:53 UTC 2026","broken","Mon Jan 19 09:12:53 UTC 2026","TestPrecision","test_network_parameters","",""
"","0","test_chainId[Test for Bittensor]","tests","Mon Jan 19 09:12:28 UTC 2026","passed","Mon Jan 19 09:12:28 UTC 2026","TestChainId","test_network_parameters","",""
"","0","test_address_prefix[Test for Shiden]","tests","Mon Jan 19 09:11:52 UTC 2026","passed","Mon Jan 19 09:11:52 UTC 2026","TestNetworkPrefix","test_network_parameters","",""
"","0","test_can_create_connection[Test for Curio, url: wss://archive.parachain.curioinvest.com]","tests","Mon Jan 19 09:15:00 UTC 2026","broken","Mon Jan 19 09:15:00 UTC 2026","","test_nodes_availability","",""
"","0","test_can_create_connection[Test for Interlay, url: wss://api.interlay.io/parachain]","tests","Mon Jan 19 09:12:53 UTC 2026","passed","Mon Jan 19 09:12:53 UTC 2026","","test_nodes_availability","",""
"","0","test_precision[Test for Polymesh]","tests","Mon Jan 19 09:12:21 UTC 2026","passed","Mon Jan 19 09:12:21 UTC 2026","TestPrecision","test_network_parameters","",""
"","0","test_precision[Test for DAO IPCI]","tests","Mon Jan 19 09:12:25 UTC 2026","passed","Mon Jan 19 09:12:25 UTC 2026","TestPrecision","test_network_parameters","",""
"","0","test_can_create_connection[Test for Polkadot Relay, url: wss://polkadot.dotters.network]","tests","Mon Jan 19 09:12:02 UTC 2026","passed","Mon Jan 19 09:12:02 UTC 2026","","test_nodes_availability","",""
"","45","test_rpc_node_is_synced[Test for Polymesh, url: wss://mainnet-rpc.polymesh.network]","tests","Mon Jan 19 09:13:59 UTC 2026","passed","Mon Jan 19 09:13:59 UTC 2026","","test_substrate_node_is_synced","",""
"","0","test_address_prefix[Test for Amplitude]","tests","Mon Jan 19 09:12:22 UTC 2026","broken","Mon Jan 19 09:12:22 UTC 2026","TestNetworkPrefix","test_network_parameters","",""
"","1","test_can_create_connection[Test for Polkadot Relay, url: wss://polkadot.public.curie.radiumblock.co/ws]","tests","Mon Jan 19 09:12:23 UTC 2026","passed","Mon Jan 19 09:12:23 UTC 2026","","test_nodes_availability","",""
"","0","test_chainId[Test for NeuroWeb]","tests","Mon Jan 19 09:12:11 UTC 2026","passed","Mon Jan 19 09:12:11 UTC 2026","TestChainId","test_network_parameters","",""
"","0","test_precision[Test for Tangle]","tests","Mon Jan 19 09:13:31 UTC 2026","passed","Mon Jan 19 09:13:31 UTC 2026","TestPrecision","test_network_parameters","",""
"","0","test_precision[Test for Crab]","tests","Mon Jan 19 09:12:50 UTC 2026","passed","Mon Jan 19 09:12:50 UTC 2026","TestPrecision","test_network_parameters","",""
"","54","test_rpc_node_is_synced[Test for Frequency, url: wss://1.rpc.frequency.xyz]","tests","Mon Jan 19 09:14:21 UTC 2026","passed","Mon Jan 19 09:14:21 UTC 2026","","test_substrate_node_is_synced","",""
"","0","test_can_create_connection[Test for Acala, url: wss://acala-rpc-1.aca-api.network]","tests","Mon Jan 19 09:12:38 UTC 2026","passed","Mon Jan 19 09:12:38 UTC 2026","","test_nodes_availability","",""
"","114","test_rpc_method_is_available[Test for Bittensor, url: wss://bittensor-finney.api.onfinality.io/public-ws]","tests","Mon Jan 19 09:14:18 UTC 2026","passed","Mon Jan 19 09:14:18 UTC 2026","","test_rpc_methods_availability","",""
"","0","test_chainId[Test for Acala]","tests","Mon Jan 19 09:11:53 UTC 2026","passed","Mon Jan 19 09:11:53 UTC 2026","TestChainId","test_network_parameters","",""
"","0","test_can_create_connection[Test for Polkadot Coretime, url: wss://rpc-coretime-polkadot.luckyfriday.io]","tests","Mon Jan 19 09:15:29 UTC 2026","passed","Mon Jan 19 09:15:29 UTC 2026","","test_nodes_availability","",""
"","201","test_rpc_node_is_synced[Test for Crust Shadow, url: wss://rpc-sha-subscan.crustnetwork.xyz]","tests","Mon Jan 19 09:12:55 UTC 2026","passed","Mon Jan 19 09:12:55 UTC 2026","","test_substrate_node_is_synced","",""
"","135","test_rpc_method_is_available[Test for CC Enterprise, url: wss://mainnet.creditcoin.network/ws]","tests","Mon Jan 19 09:15:04 UTC 2026","passed","Mon Jan 19 09:15:04 UTC 2026","","test_rpc_methods_availability","",""
"","0","test_address_prefix[Test for Heima]","tests","Mon Jan 19 09:12:32 UTC 2026","passed","Mon Jan 19 09:12:32 UTC 2026","TestNetworkPrefix","test_network_parameters","",""
"","164","test_rpc_method_is_available[Test for Zeitgeist, url: wss://zeitgeist.api.onfinality.io/public-ws]","tests","Mon Jan 19 09:12:53 UTC 2026","passed","Mon Jan 19 09:12:53 UTC 2026","","test_rpc_methods_availability","",""
"","0","test_chainId[Test for Moonbeam]","tests","Mon Jan 19 09:11:51 UTC 2026","passed","Mon Jan 19 09:11:51 UTC 2026","TestChainId","test_network_parameters","",""
"","0","test_address_prefix[Test for Phala]","tests","Mon Jan 19 09:12:33 UTC 2026","passed","Mon Jan 19 09:12:33 UTC 2026","TestNetworkPrefix","test_network_parameters","",""
"","1","test_can_create_connection[Test for Kusama Relay, url: wss://kusama.public.curie.radiumblock.co/ws]","tests","Mon Jan 19 09:12:18 UTC 2026","passed","Mon Jan 19 09:12:18 UTC 2026","","test_nodes_availability","",""
"","0","test_precision[Test for Encointer]","tests","Mon Jan 19 09:12:13 UTC 2026","passed","Mon Jan 19 09:12:13 UTC 2026","TestPrecision","test_network_parameters","",""
"","0","test_can_create_connection[Test for Polkadot Collectives, url: wss://dot-rpc.stakeworld.io/collectives]","tests","Mon Jan 19 09:14:52 UTC 2026","passed","Mon Jan 19 09:14:52 UTC 2026","","test_nodes_availability","",""
"","0","test_can_create_connection[Test for QUARTZ, url: wss://eu-ws-quartz.unique.network]","tests","Mon Jan 19 09:13:49 UTC 2026","passed","Mon Jan 19 09:13:49 UTC 2026","","test_nodes_availability","",""
"","0","test_address_prefix[Test for Aventus]","tests","Mon Jan 19 09:12:35 UTC 2026","passed","Mon Jan 19 09:12:35 UTC 2026","TestNetworkPrefix","test_network_parameters","",""
"","0","test_chainId[Test for Interlay]","tests","Mon Jan 19 09:12:15 UTC 2026","passed","Mon Jan 19 09:12:15 UTC 2026","TestChainId","test_network_parameters","",""
"","129","test_has_new_assets[Test for Polkadot Relay]","tests","Mon Jan 19 09:11:44 UTC 2026","passed","Mon Jan 19 09:11:44 UTC 2026","TestAssets","test_check_new_assets","",""
"","131","test_rpc_node_is_synced[Test for Aventus, url: wss://public-rpc.mainnet.aventus.io]","tests","Mon Jan 19 09:14:38 UTC 2026","passed","Mon Jan 19 09:14:38 UTC 2026","","test_substrate_node_is_synced","",""
"","0","test_can_create_connection[Test for Astar, url: wss://rpc.astar.network]","tests","Mon Jan 19 09:13:03 UTC 2026","passed","Mon Jan 19 09:13:03 UTC 2026","","test_nodes_availability","",""
"","99","test_rpc_method_is_available[Test for Kusama Relay, url: wss://rpc-kusama-1.novasama-tech.org]","tests","Mon Jan 19 09:12:30 UTC 2026","passed","Mon Jan 19 09:12:30 UTC 2026","","test_rpc_methods_availability","",""
"","0","test_address_prefix[Test for Acurast Canary]","tests","Mon Jan 19 09:13:56 UTC 2026","broken","Mon Jan 19 09:13:56 UTC 2026","TestNetworkPrefix","test_network_parameters","",""
"","122","test_rpc_method_is_available[Test for Kusama People, url: wss://people-kusama.dotters.network]","tests","Mon Jan 19 09:12:49 UTC 2026","passed","Mon Jan 19 09:12:49 UTC 2026","","test_rpc_methods_availability","",""
"","55","test_rpc_node_is_synced[Test for Crust Polkadot Parachain, url: wss://crust-parachain.crustapps.net]","tests","Mon Jan 19 09:14:34 UTC 2026","passed","Mon Jan 19 09:14:34 UTC 2026","","test_substrate_node_is_synced","",""
"","1","test_can_create_connection[Test for Shiden, url: wss://shiden-rpc.n.dwellir.com]","tests","Mon Jan 19 09:12:40 UTC 2026","passed","Mon Jan 19 09:12:40 UTC 2026","","test_nodes_availability","",""
"","61","test_rpc_node_is_synced[Test for Moonbeam, url: wss://moonbeam.ibp.network]","tests","Mon Jan 19 09:12:08 UTC 2026","passed","Mon Jan 19 09:12:08 UTC 2026","","test_substrate_node_is_synced","",""
"","0","test_precision[Test for Polkadex]","tests","Mon Jan 19 09:12:14 UTC 2026","passed","Mon Jan 19 09:12:14 UTC 2026","TestPrecision","test_network_parameters","",""
"","0","test_precision[Test for Astar]","tests","Mon Jan 19 09:12:00 UTC 2026","passed","Mon Jan 19 09:12:00 UTC 2026","TestPrecision","test_network_parameters","",""
"","274","test_rpc_node_is_synced[Test for Acala, url: wss://acala-rpc-2.aca-api.network/ws]","tests","Mon Jan 19 09:12:42 UTC 2026","passed","Mon Jan 19 09:12:42 UTC 2026","","test_substrate_node_is_synced","",""
"","158","test_rpc_node_is_synced[Test for Polkadot Coretime, url: wss://polkadot-coretime-rpc.polkadot.io]","tests","Mon Jan 19 09:15:26 UTC 2026","passed","Mon Jan 19 09:15:26 UTC 2026","","test_substrate_node_is_synced","",""
"","162","test_rpc_method_is_available[Test for UNIQUE, url: wss://eu-ws.unique.network/]","tests","Mon Jan 19 09:14:32 UTC 2026","passed","Mon Jan 19 09:14:32 UTC 2026","","test_rpc_methods_availability","",""
"","134","test_rpc_method_is_available[Test for Kusama Bridge Hub, url: wss://bridge-hub-kusama.dotters.network]","tests","Mon Jan 19 09:14:32 UTC 2026","passed","Mon Jan 19 09:14:32 UTC 2026","","test_rpc_methods_availability","",""
"","11","test_has_new_assets[Test for Ternoa]","tests","Mon Jan 19 09:12:15 UTC 2026","passed","Mon Jan 19 09:12:15 UTC 2026","TestAssets","test_check_new_assets","",""
"","1","test_chainId[Test for Pendulum]","tests","Mon Jan 19 09:12:58 UTC 2026","passed","Mon Jan 19 09:12:58 UTC 2026","TestChainId","test_network_parameters","",""
"","4","test_has_new_assets[Test for Vara]","tests","Mon Jan 19 09:12:36 UTC 2026","passed","Mon Jan 19 09:12:36 UTC 2026","TestAssets","test_check_new_assets","",""
"","0","test_chainId[Test for Bifrost Polkadot]","tests","Mon Jan 19 09:12:16 UTC 2026","passed","Mon Jan 19 09:12:16 UTC 2026","TestChainId","test_network_parameters","",""
"","61","test_rpc_node_is_synced[Test for Kusama People, url: wss://people-kusama.dotters.network]","tests","Mon Jan 19 09:12:11 UTC 2026","passed","Mon Jan 19 09:12:11 UTC 2026","","test_substrate_node_is_synced","",""
"","0","test_can_create_connection[Test for Frequency, url: wss://0.rpc.frequency.xyz]","tests","Mon Jan 19 09:14:26 UTC 2026","passed","Mon Jan 19 09:14:26 UTC 2026","","test_nodes_availability","",""
"","145","test_rpc_method_is_available[Test for Polymesh, url: wss://mainnet-rpc.polymesh.network]","tests","Mon Jan 19 09:14:05 UTC 2026","passed","Mon Jan 19 09:14:05 UTC 2026","","test_rpc_methods_availability","",""
"","168","test_rpc_method_is_available[Test for Darwinia, url: wss://rpc.darwinia.network]","tests","Mon Jan 19 09:14:18 UTC 2026","passed","Mon Jan 19 09:14:18 UTC 2026","","test_rpc_methods_availability","",""
"","0","test_precision[Test for Acala]","tests","Mon Jan 19 09:11:57 UTC 2026","passed","Mon Jan 19 09:11:57 UTC 2026","TestPrecision","test_network_parameters","",""
"","136","test_rpc_node_is_synced[Test for CC Enterprise, url: wss://mainnet.creditcoin.network/ws]","tests","Mon Jan 19 09:15:08 UTC 2026","passed","Mon Jan 19 09:15:08 UTC 2026","","test_substrate_node_is_synced","",""
"","0","test_chainId[Test for Mythos]","tests","Mon Jan 19 09:13:04 UTC 2026","broken","Mon Jan 19 09:13:04 UTC 2026","TestChainId","test_network_parameters","",""
"","102","test_rpc_method_is_available[Test for Polkadot Relay, url: wss://rpc-polkadot.luckyfriday.io]","tests","Mon Jan 19 09:12:24 UTC 2026","passed","Mon Jan 19 09:12:24 UTC 2026","","test_rpc_methods_availability","",""
"","11","test_has_new_assets[Test for Darwinia]","tests","Mon Jan 19 09:12:36 UTC 2026","passed","Mon Jan 19 09:12:36 UTC 2026","TestAssets","test_check_new_assets","",""
"","60","test_rpc_node_is_synced[Test for Bittensor, url: wss://entrypoint-finney.opentensor.ai:443]","tests","Mon Jan 19 09:13:56 UTC 2026","passed","Mon Jan 19 09:13:56 UTC 2026","","test_substrate_node_is_synced","",""
"","0","test_address_prefix[Test for Ajuna]","tests","Mon Jan 19 09:12:47 UTC 2026","passed","Mon Jan 19 09:12:47 UTC 2026","TestNetworkPrefix","test_network_parameters","",""
"","9","test_has_new_assets[Test for DeepBrain]","tests","Mon Jan 19 09:13:23 UTC 2026","passed","Mon Jan 19 09:13:24 UTC 2026","TestAssets","test_check_new_assets","",""
"","121","test_rpc_method_is_available[Test for Energy Web X, url: wss://public-rpc.mainnet.energywebx.com/]","tests","Mon Jan 19 09:14:40 UTC 2026","passed","Mon Jan 19 09:14:40 UTC 2026","","test_rpc_methods_availability","",""
"","0","test_can_create_connection[Test for Moonbeam, url: wss://wss.api.moonbeam.network]","tests","Mon Jan 19 09:12:05 UTC 2026","passed","Mon Jan 19 09:12:05 UTC 2026","","test_nodes_availability","",""
"","56","test_rpc_node_is_synced[Test for Amplitude, url: wss://rpc-amplitude.pendulumchain.tech]","tests","Mon Jan 19 09:13:50 UTC 2026","passed","Mon Jan 19 09:13:50 UTC 2026","","test_substrate_node_is_synced","",""
"","103","test_rpc_method_is_available[Test for Kusama Relay, url: wss://rpc.ibp.network/kusama]","tests","Mon Jan 19 09:11:51 UTC 2026","passed","Mon Jan 19 09:11:51 UTC 2026","","test_rpc_methods_availability","",""
"","99","test_rpc_method_is_available[Test for Kusama Coretime, url: wss://ksm-rpc.stakeworld.io/coretime]","tests","Mon Jan 19 09:15:27 UTC 2026","passed","Mon Jan 19 09:15:27 UTC 2026","","test_rpc_methods_availability","",""
"","253","test_rpc_node_is_synced[Test for Moonbeam, url: wss://moonbeam.public.curie.radiumblock.co/ws]","tests","Mon Jan 19 09:12:18 UTC 2026","passed","Mon Jan 19 09:12:18 UTC 2026","","test_substrate_node_is_synced","",""
"","0","test_precision[Test for Crust Polkadot Parachain]","tests","Mon Jan 19 09:13:02 UTC 2026","passed","Mon Jan 19 09:13:02 UTC 2026","TestPrecision","test_network_parameters","",""
"","116","test_rpc_method_is_available[Test for Tangle, url: wss://rpc.tangle.tools]","tests","Mon Jan 19 09:15:17 UTC 2026","passed","Mon Jan 19 09:15:17 UTC 2026","","test_rpc_methods_availability","",""
"","0","test_can_create_connection[Test for Encointer, url: wss://api.kusama.encointer.org]","tests","Mon Jan 19 09:12:46 UTC 2026","passed","Mon Jan 19 09:12:46 UTC 2026","","test_nodes_availability","",""
"","0","test_address_prefix[Test for Polkadot Bridge Hub]","tests","Mon Jan 19 09:12:43 UTC 2026","passed","Mon Jan 19 09:12:43 UTC 2026","TestNetworkPrefix","test_network_parameters","",""
"","141","test_rpc_method_is_available[Test for Kusama People, url: wss://kusama-people-rpc.polkadot.io]","tests","Mon Jan 19 09:12:44 UTC 2026","passed","Mon Jan 19 09:12:44 UTC 2026","","test_rpc_methods_availability","",""
"","0","test_address_prefix[Test for Ternoa]","tests","Mon Jan 19 09:12:28 UTC 2026","passed","Mon Jan 19 09:12:28 UTC 2026","TestNetworkPrefix","test_network_parameters","",""
"","0","test_chainId[Test for Creditcoin]","tests","Mon Jan 19 09:13:10 UTC 2026","passed","Mon Jan 19 09:13:10 UTC 2026","TestChainId","test_network_parameters","",""
"","0","test_can_create_connection[Test for Kusama Coretime, url: wss://kusama-coretime-rpc.polkadot.io]","tests","Mon Jan 19 09:15:40 UTC 2026","passed","Mon Jan 19 09:15:40 UTC 2026","","test_nodes_availability","",""
"","61","test_rpc_node_is_synced[Test for Polkadot Collectives, url: wss://sys.ibp.network/collectives-polkadot]","tests","Mon Jan 19 09:14:39 UTC 2026","passed","Mon Jan 19 09:14:39 UTC 2026","","test_substrate_node_is_synced","",""
"","11","test_has_new_assets[Test for Tangle]","tests","Mon Jan 19 09:13:28 UTC 2026","passed","Mon Jan 19 09:13:28 UTC 2026","TestAssets","test_check_new_assets","",""
"","0","test_can_create_connection[Test for Polkadot Bridge Hub, url: wss://bridge-hub-polkadot.dotters.network]","tests","Mon Jan 19 09:14:40 UTC 2026","passed","Mon Jan 19 09:14:40 UTC 2026","","test_nodes_availability","",""
"","146","test_rpc_method_is_available[Test for Kusama Asset Hub, url: wss://sys.ibp.network/statemine]","tests","Mon Jan 19 09:12:34 UTC 2026","passed","Mon Jan 19 09:12:34 UTC 2026","","test_rpc_methods_availability","",""
"","61","test_rpc_node_is_synced[Test for krest, url: wss://krest.api.onfinality.io/public-ws']","tests","Mon Jan 19 09:14:37 UTC 2026","passed","Mon Jan 19 09:14:37 UTC 2026","","test_substrate_node_is_synced","",""
"","149","test_rpc_method_is_available[Test for UNIQUE, url: wss://us-ws.unique.network/]","tests","Mon Jan 19 09:13:38 UTC 2026","passed","Mon Jan 19 09:13:38 UTC 2026","","test_rpc_methods_availability","",""
"","101","test_rpc_method_is_available[Test for Moonbeam, url: wss://moonbeam.public.curie.radiumblock.co/ws]","tests","Mon Jan 19 09:12:17 UTC 2026","passed","Mon Jan 19 09:12:17 UTC 2026","","test_rpc_methods_availability","",""
"","0","test_can_create_connection[Test for Polkadex, url: wss://so.polkadex.ee]","tests","Mon Jan 19 09:13:27 UTC 2026","passed","Mon Jan 19 09:13:27 UTC 2026","","test_nodes_availability","",""
"","0","test_can_create_connection[Test for Bifrost Kusama, url: wss://us.bifrost-rpc.liebi.com/ws]","tests","Mon Jan 19 09:12:57 UTC 2026","passed","Mon Jan 19 09:12:57 UTC 2026","","test_nodes_availability","",""
"","104","test_rpc_method_is_available[Test for Joystream, url: wss://rpc.joystream.org]","tests","Mon Jan 19 09:14:44 UTC 2026","passed","Mon Jan 19 09:14:44 UTC 2026","","test_rpc_methods_availability","",""
"","0","test_address_prefix[Test for Pendulum]","tests","Mon Jan 19 09:12:47 UTC 2026","passed","Mon Jan 19 09:12:47 UTC 2026","TestNetworkPrefix","test_network_parameters","",""
"","98","test_rpc_method_is_available[Test for XX network, url: wss://rpc-hetzner.xx.network]","tests","Mon Jan 19 09:14:01 UTC 2026","passed","Mon Jan 19 09:14:01 UTC 2026","","test_rpc_methods_availability","",""
"","0","test_can_create_connection[Test for Polkadot People, url: wss://people-polkadot.dotters.network]","tests","Mon Jan 19 09:11:56 UTC 2026","passed","Mon Jan 19 09:11:56 UTC 2026","","test_nodes_availability","",""
"","11","test_has_new_assets[Test for Cere]","tests","Mon Jan 19 09:13:11 UTC 2026","passed","Mon Jan 19 09:13:11 UTC 2026","TestAssets","test_check_new_assets","",""
"","0","test_can_create_connection[Test for Kusama Relay, url: wss://apps-kusama-rpc.polkadot.io]","tests","Mon Jan 19 09:12:03 UTC 2026","passed","Mon Jan 19 09:12:03 UTC 2026","","test_nodes_availability","",""
"","0","test_can_create_connection[Test for Hydration, url: wss://hydration.dotters.network]","tests","Mon Jan 19 09:12:47 UTC 2026","passed","Mon Jan 19 09:12:47 UTC 2026","","test_nodes_availability","",""
"","0","test_can_create_connection[Test for Bifrost Polkadot, url: wss://hk.p.bifrost-rpc.liebi.com/ws]","tests","Mon Jan 19 09:14:02 UTC 2026","passed","Mon Jan 19 09:14:02 UTC 2026","","test_nodes_availability","",""
"","10","test_has_new_assets[Test for Manta Atlantic]","tests","Mon Jan 19 09:12:54 UTC 2026","passed","Mon Jan 19 09:12:54 UTC 2026","TestAssets","test_check_new_assets","",""
"","171","test_rpc_method_is_available[Test for Polkadot Collectives, url: wss://sys.ibp.network/collectives-polkadot]","tests","Mon Jan 19 09:14:40 UTC 2026","passed","Mon Jan 19 09:14:40 UTC 2026","","test_rpc_methods_availability","",""
"","104","test_rpc_method_is_available[Test for Bittensor, url: wss://entrypoint-finney.opentensor.ai:443]","tests","Mon Jan 19 09:13:52 UTC 2026","passed","Mon Jan 19 09:13:53 UTC 2026","","test_rpc_methods_availability","",""
"","10","test_has_new_assets[Test for Avail]","tests","Mon Jan 19 09:13:09 UTC 2026","passed","Mon Jan 19 09:13:09 UTC 2026","TestAssets","test_check_new_assets","",""
"","61","test_rpc_node_is_synced[Test for Kusama Relay, url: wss://kusama.dotters.network]","tests","Mon Jan 19 09:11:56 UTC 2026","passed","Mon Jan 19 09:11:56 UTC 2026","","test_substrate_node_is_synced","",""
"","158","test_rpc_node_is_synced[Test for NeuroWeb, url: wss://parachain-rpc.origin-trail.network]","tests","Mon Jan 19 09:13:36 UTC 2026","passed","Mon Jan 19 09:13:36 UTC 2026","","test_substrate_node_is_synced","",""
"","0","test_address_prefix[Test for Interlay]","tests","Mon Jan 19 09:12:22 UTC 2026","passed","Mon Jan 19 09:12:22 UTC 2026","TestNetworkPrefix","test_network_parameters","",""
"","0","test_address_prefix[Test for XX network]","tests","Mon Jan 19 09:12:42 UTC 2026","passed","Mon Jan 19 09:12:42 UTC 2026","TestNetworkPrefix","test_network_parameters","",""
"","127","test_rpc_method_is_available[Test for Heima, url: wss://heima-rpc.n.dwellir.com]","tests","Mon Jan 19 09:14:27 UTC 2026","passed","Mon Jan 19 09:14:27 UTC 2026","","test_rpc_methods_availability","",""
"","0","test_precision[Test for Polkadot Relay]","tests","Mon Jan 19 09:11:46 UTC 2026","passed","Mon Jan 19 09:11:46 UTC 2026","TestPrecision","test_network_parameters","",""
"","0","test_chainId[Test for Hydration]","tests","Mon Jan 19 09:12:11 UTC 2026","passed","Mon Jan 19 09:12:11 UTC 2026","TestChainId","test_network_parameters","",""
"","1","test_can_create_connection[Test for Acala, url: wss://acala-rpc-2.aca-api.network/ws]","tests","Mon Jan 19 09:12:43 UTC 2026","passed","Mon Jan 19 09:12:43 UTC 2026","","test_nodes_availability","",""
"","0","test_can_create_connection[Test for Aventus, url: wss://public-rpc.mainnet.aventus.io]","tests","Mon Jan 19 09:14:35 UTC 2026","passed","Mon Jan 19 09:14:35 UTC 2026","","test_nodes_availability","",""
"","1","test_can_create_connection[Test for Bittensor, url: wss://lite.sub.latent.to:443]","tests","Mon Jan 19 09:14:38 UTC 2026","passed","Mon Jan 19 09:14:38 UTC 2026","","test_nodes_availability","",""
"","0","test_chainId[Test for Cere]","tests","Mon Jan 19 09:13:09 UTC 2026","passed","Mon Jan 19 09:13:09 UTC 2026","TestChainId","test_network_parameters","",""
"","1","test_chainId[Test for Enjin Relay]","tests","Mon Jan 19 09:12:52 UTC 2026","passed","Mon Jan 19 09:12:52 UTC 2026","TestChainId","test_network_parameters","",""
"","59","test_rpc_node_is_synced[Test for Ajuna, url: wss://ajuna.ibp.network]","tests","Mon Jan 19 09:14:06 UTC 2026","passed","Mon Jan 19 09:14:06 UTC 2026","","test_substrate_node_is_synced","",""
"","90","test_rpc_node_is_synced[Test for Moonriver, url: wss://moonriver-rpc.publicnode.com]","tests","Mon Jan 19 09:12:20 UTC 2026","passed","Mon Jan 19 09:12:20 UTC 2026","","test_substrate_node_is_synced","",""
"","0","test_can_create_connection[Test for Kusama Coretime, url: wss://rpc-coretime-kusama.luckyfriday.io]","tests","Mon Jan 19 09:15:36 UTC 2026","passed","Mon Jan 19 09:15:36 UTC 2026","","test_nodes_availability","",""
"","0","test_address_prefix[Test for Laos]","tests","Mon Jan 19 09:13:29 UTC 2026","passed","Mon Jan 19 09:13:29 UTC 2026","TestNetworkPrefix","test_network_parameters","",""
"","54","test_rpc_node_is_synced[Test for GIANT, url: wss://rpc-anchor-2-mainnet-az-ue1.giantprotocol.org:443]","tests","Mon Jan 19 09:14:21 UTC 2026","passed","Mon Jan 19 09:14:21 UTC 2026","","test_substrate_node_is_synced","",""
"","178","test_rpc_node_is_synced[Test for DeepBrain, url: wss://info.dbcwallet.io]","tests","Mon Jan 19 09:15:14 UTC 2026","passed","Mon Jan 19 09:15:14 UTC 2026","","test_substrate_node_is_synced","",""
"","0","test_address_prefix[Test for Kintsugi]","tests","Mon Jan 19 09:12:25 UTC 2026","passed","Mon Jan 19 09:12:25 UTC 2026","TestNetworkPrefix","test_network_parameters","",""
