"DESCRIPTION","DURATION IN MS","NAME","PARENT SUITE","START TIME","STATUS","STOP TIME","SUB SUITE","SUITE","TEST CLASS","TEST METHOD"
"","70","test_rpc_method_is_available[Test for Bit.Country Pioneer, url: wss://pioneer-rpc-2.bit.country/wss]","tests","Wed Apr 09 15:23:58 GMT 2025","passed","Wed Apr 09 15:23:58 GMT 2025","","test_rpc_methods_availability","",""
"","0","test_chainId[Test for Robonomics]","tests","Wed Apr 09 15:22:58 GMT 2025","passed","Wed Apr 09 15:22:58 GMT 2025","TestChainId","test_network_parameters","",""
"","0","test_precision[Test for Vara]","tests","Wed Apr 09 15:23:38 GMT 2025","passed","Wed Apr 09 15:23:38 GMT 2025","TestPrecision","test_network_parameters","",""
"","6","test_has_new_assets[Test for KILT]","tests","Wed Apr 09 15:22:54 GMT 2025","passed","Wed Apr 09 15:22:54 GMT 2025","TestAssets","test_check_new_assets","",""
"","0","test_can_create_connection[Test for UNIQUE, url: wss://unique.ibp.network]","tests","Wed Apr 09 15:25:49 GMT 2025","passed","Wed Apr 09 15:25:49 GMT 2025","","test_nodes_availability","",""
"","82","test_rpc_method_is_available[Test for Polkadot Collectives, url: wss://dot-rpc.stakeworld.io/collectives]","tests","Wed Apr 09 15:26:11 GMT 2025","passed","Wed Apr 09 15:26:11 GMT 2025","","test_rpc_methods_availability","",""
"","0","test_can_create_connection[Test for Polkadot Coretime, url: wss://coretime-polkadot.dotters.network]","tests","Wed Apr 09 15:27:09 GMT 2025","passed","Wed Apr 09 15:27:09 GMT 2025","","test_nodes_availability","",""
"","54","test_rpc_node_is_synced[Test for GIANT, url: wss://rpc-anchor-2-mainnet-az-ue1.giantprotocol.org:443]","tests","Wed Apr 09 15:26:11 GMT 2025","passed","Wed Apr 09 15:26:11 GMT 2025","","test_substrate_node_is_synced","",""
"","159","test_rpc_node_is_synced[Test for Hydration, url: wss://rpc-hydra.novasama-tech.org]","tests","Wed Apr 09 15:24:33 GMT 2025","passed","Wed Apr 09 15:24:33 GMT 2025","","test_substrate_node_is_synced","",""
"","0","test_precision[Test for Polkadex]","tests","Wed Apr 09 15:23:00 GMT 2025","passed","Wed Apr 09 15:23:00 GMT 2025","TestPrecision","test_network_parameters","",""
"","20","test_rpc_node_is_synced[Test for Westend (TESTNET), url: wss://westend.dotters.network]","tests","Wed Apr 09 15:23:33 GMT 2025","passed","Wed Apr 09 15:23:33 GMT 2025","","test_substrate_node_is_synced","",""
"","0","test_address_prefix[Test for Basilisk]","tests","Wed Apr 09 15:22:41 GMT 2025","passed","Wed Apr 09 15:22:41 GMT 2025","TestNetworkPrefix","test_network_parameters","",""
"","0","test_chainId[Test for JAMTON]","tests","Wed Apr 09 15:24:29 GMT 2025","passed","Wed Apr 09 15:24:29 GMT 2025","TestChainId","test_network_parameters","",""
"","55","test_rpc_node_is_synced[Test for Polimec, url: wss://polimec.dotters.network]","tests","Wed Apr 09 15:26:50 GMT 2025","passed","Wed Apr 09 15:26:50 GMT 2025","","test_substrate_node_is_synced","",""
"","0","test_can_create_connection[Test for Kusama Coretime, url: wss://kusama-coretime-rpc.polkadot.io]","tests","Wed Apr 09 15:26:54 GMT 2025","passed","Wed Apr 09 15:26:54 GMT 2025","","test_nodes_availability","",""
"","1","test_can_create_connection[Test for Centrifuge Parachain, url: wss://centrifuge-rpc.dwellir.com]","tests","Wed Apr 09 15:24:02 GMT 2025","passed","Wed Apr 09 15:24:02 GMT 2025","","test_nodes_availability","",""
"","0","test_can_create_connection[Test for Phala, url: wss://phala.public.curie.radiumblock.co/ws]","tests","Wed Apr 09 15:24:56 GMT 2025","passed","Wed Apr 09 15:24:56 GMT 2025","","test_nodes_availability","",""
"","0","test_can_create_connection[Test for Kusama, url: wss://kusama.api.onfinality.io/public-ws]","tests","Wed Apr 09 15:23:06 GMT 2025","passed","Wed Apr 09 15:23:06 GMT 2025","","test_nodes_availability","",""
"","88","test_rpc_method_is_available[Test for Polkadot Collectives, url: wss://collectives-polkadot.dotters.network]","tests","Wed Apr 09 15:26:02 GMT 2025","passed","Wed Apr 09 15:26:02 GMT 2025","","test_rpc_methods_availability","",""
"","71","test_rpc_method_is_available[Test for Acala, url: wss://acala-rpc-0.aca-api.network]","tests","Wed Apr 09 15:24:09 GMT 2025","passed","Wed Apr 09 15:24:09 GMT 2025","","test_rpc_methods_availability","",""
"","96","test_rpc_node_is_synced[Test for Kusama, url: wss://kusama.public.curie.radiumblock.co/ws]","tests","Wed Apr 09 15:23:18 GMT 2025","passed","Wed Apr 09 15:23:18 GMT 2025","","test_substrate_node_is_synced","",""
"","8","test_has_new_assets[Test for Polkadot Bridge Hub]","tests","Wed Apr 09 15:23:31 GMT 2025","passed","Wed Apr 09 15:23:31 GMT 2025","TestAssets","test_check_new_assets","",""
"","175","test_rpc_node_is_synced[Test for Curio, url: wss://parachain.curioinvest.com/]","tests","Wed Apr 09 15:26:53 GMT 2025","passed","Wed Apr 09 15:26:53 GMT 2025","","test_substrate_node_is_synced","",""
"","0","test_address_prefix[Test for Phala]","tests","Wed Apr 09 15:23:16 GMT 2025","passed","Wed Apr 09 15:23:16 GMT 2025","TestNetworkPrefix","test_network_parameters","",""
"","7","test_has_new_assets[Test for Avail]","tests","Wed Apr 09 15:23:57 GMT 2025","passed","Wed Apr 09 15:23:57 GMT 2025","TestAssets","test_check_new_assets","",""
"","59","test_rpc_node_is_synced[Test for Frequency, url: wss://0.rpc.frequency.xyz]","tests","Wed Apr 09 15:26:30 GMT 2025","passed","Wed Apr 09 15:26:30 GMT 2025","","test_substrate_node_is_synced","",""
"","77","test_rpc_method_is_available[Test for Ajuna, url: wss://rpc-para.ajuna.network]","tests","Wed Apr 09 15:26:16 GMT 2025","passed","Wed Apr 09 15:26:16 GMT 2025","","test_rpc_methods_availability","",""
"","161","test_rpc_node_is_synced[Test for Kusama, url: wss://apps-kusama-rpc.polkadot.io]","tests","Wed Apr 09 15:22:57 GMT 2025","passed","Wed Apr 09 15:22:57 GMT 2025","","test_substrate_node_is_synced","",""
"","59","test_rpc_node_is_synced[Test for Moonbeam, url: wss://moonbeam.ibp.network]","tests","Wed Apr 09 15:23:28 GMT 2025","passed","Wed Apr 09 15:23:28 GMT 2025","","test_substrate_node_is_synced","",""
"","0","test_can_create_connection[Test for Mythos, url: wss://mythos.ibp.network]","tests","Wed Apr 09 15:26:22 GMT 2025","passed","Wed Apr 09 15:26:22 GMT 2025","","test_nodes_availability","",""
"","78","test_rpc_method_is_available[Test for Polkadot Asset Hub, url: wss://sys.ibp.network/asset-hub-polkadot]","tests","Wed Apr 09 15:23:57 GMT 2025","passed","Wed Apr 09 15:23:57 GMT 2025","","test_rpc_methods_availability","",""
"","67","test_rpc_method_is_available[Test for Interlay, url: wss://interlay-rpc.dwellir.com]","tests","Wed Apr 09 15:24:51 GMT 2025","passed","Wed Apr 09 15:24:51 GMT 2025","","test_rpc_methods_availability","",""
"","0","test_chainId[Test for Hydration]","tests","Wed Apr 09 15:23:11 GMT 2025","passed","Wed Apr 09 15:23:11 GMT 2025","TestChainId","test_network_parameters","",""
"","93","test_rpc_method_is_available[Test for Humanode, url: wss://explorer-rpc-ws.mainnet.stages.humanode.io]","tests","Wed Apr 09 15:26:51 GMT 2025","passed","Wed Apr 09 15:26:51 GMT 2025","","test_rpc_methods_availability","",""
"","20","test_rpc_node_is_synced[Test for Kusama Bridge Hub, url: wss://bridge-hub-kusama.dotters.network]","tests","Wed Apr 09 15:26:26 GMT 2025","passed","Wed Apr 09 15:26:26 GMT 2025","","test_substrate_node_is_synced","",""
"","0","test_address_prefix[Test for InvArch]","tests","Wed Apr 09 15:24:03 GMT 2025","broken","Wed Apr 09 15:24:03 GMT 2025","TestNetworkPrefix","test_network_parameters","",""
"","8","test_has_new_assets[Test for Aventus]","tests","Wed Apr 09 15:23:25 GMT 2025","passed","Wed Apr 09 15:23:25 GMT 2025","TestAssets","test_check_new_assets","",""
"","20","test_rpc_node_is_synced[Test for Kusama People, url: wss://sys.ibp.network/people-kusama]","tests","Wed Apr 09 15:23:12 GMT 2025","passed","Wed Apr 09 15:23:12 GMT 2025","","test_substrate_node_is_synced","",""
"","1","test_chainId[Test for Curio]","tests","Wed Apr 09 15:24:09 GMT 2025","passed","Wed Apr 09 15:24:09 GMT 2025","TestChainId","test_network_parameters","",""
"","0","test_address_prefix[Test for Robonomics]","tests","Wed Apr 09 15:22:51 GMT 2025","passed","Wed Apr 09 15:22:51 GMT 2025","TestNetworkPrefix","test_network_parameters","",""
"","197","test_rpc_node_is_synced[Test for Polkadot Collectives, url: wss://dot-rpc.stakeworld.io/collectives]","tests","Wed Apr 09 15:26:37 GMT 2025","passed","Wed Apr 09 15:26:38 GMT 2025","","test_substrate_node_is_synced","",""
"","0","test_precision[Test for Hyperbridge Nexus]","tests","Wed Apr 09 15:24:06 GMT 2025","passed","Wed Apr 09 15:24:06 GMT 2025","TestPrecision","test_network_parameters","",""
"","0","test_can_create_connection[Test for Polymesh, url: wss://mainnet-rpc.polymesh.network]","tests","Wed Apr 09 15:25:26 GMT 2025","passed","Wed Apr 09 15:25:26 GMT 2025","","test_nodes_availability","",""
"","0","test_chainId[Test for Manta Atlantic]","tests","Wed Apr 09 15:24:06 GMT 2025","passed","Wed Apr 09 15:24:06 GMT 2025","TestChainId","test_network_parameters","",""
"","0","test_precision[Test for Kusama People]","tests","Wed Apr 09 15:22:36 GMT 2025","passed","Wed Apr 09 15:22:36 GMT 2025","TestPrecision","test_network_parameters","",""
"","169","test_rpc_node_is_synced[Test for Phala, url: wss://rpc.helikon.io/phala]","tests","Wed Apr 09 15:24:49 GMT 2025","passed","Wed Apr 09 15:24:49 GMT 2025","","test_substrate_node_is_synced","",""
"","0","test_can_create_connection[Test for peaq, url: wss://peaq.api.onfinality.io/public]","tests","Wed Apr 09 15:26:34 GMT 2025","passed","Wed Apr 09 15:26:34 GMT 2025","","test_nodes_availability","",""
"","6","test_has_new_assets[Test for Bittensor]","tests","Wed Apr 09 15:23:27 GMT 2025","passed","Wed Apr 09 15:23:27 GMT 2025","TestAssets","test_check_new_assets","",""
"","0","test_can_create_connection[Test for UNIQUE, url: wss://asia-ws.unique.network/]","tests","Wed Apr 09 15:25:47 GMT 2025","passed","Wed Apr 09 15:25:47 GMT 2025","","test_nodes_availability","",""
"","70","test_rpc_method_is_available[Test for Bajun, url: wss://rpc-para.bajun.network]","tests","Wed Apr 09 15:25:12 GMT 2025","passed","Wed Apr 09 15:25:12 GMT 2025","","test_rpc_methods_availability","",""
"","0","test_chainId[Test for Bittensor]","tests","Wed Apr 09 15:23:40 GMT 2025","passed","Wed Apr 09 15:23:40 GMT 2025","TestChainId","test_network_parameters","",""
"","1","test_can_create_connection[Test for Ajuna, url: wss://ajuna.ibp.network]","tests","Wed Apr 09 15:25:52 GMT 2025","passed","Wed Apr 09 15:25:52 GMT 2025","","test_nodes_availability","",""
"","0","test_can_create_connection[Test for Turing, url: wss://turing-rpc.dwellir.com]","tests","Wed Apr 09 15:24:59 GMT 2025","passed","Wed Apr 09 15:24:59 GMT 2025","","test_nodes_availability","",""
"","64","test_rpc_node_is_synced[Test for Bifrost Kusama, url: wss://us.bifrost-rpc.liebi.com/ws]","tests","Wed Apr 09 15:24:21 GMT 2025","passed","Wed Apr 09 15:24:21 GMT 2025","","test_substrate_node_is_synced","",""
"","204","test_rpc_node_is_synced[Test for Mythos, url: wss://polkadot-mythos-rpc.polkadot.io]","tests","Wed Apr 09 15:26:57 GMT 2025","passed","Wed Apr 09 15:26:57 GMT 2025","","test_substrate_node_is_synced","",""
"","0","test_rpc_node_is_synced[Test for InvArch, url: wss://invarch-rpc.dwellir.com]","tests","Wed Apr 09 15:27:10 GMT 2025","broken","Wed Apr 09 15:27:10 GMT 2025","","test_substrate_node_is_synced","",""
"","0","test_can_create_connection[Test for Laos, url: wss://rpc.laos.laosfoundation.io]","tests","Wed Apr 09 15:26:39 GMT 2025","passed","Wed Apr 09 15:26:39 GMT 2025","","test_nodes_availability","",""
"","0","test_can_create_connection[Test for Zeitgeist, url: wss://zeitgeist.api.onfinality.io/public-ws]","tests","Wed Apr 09 15:25:13 GMT 2025","passed","Wed Apr 09 15:25:13 GMT 2025","","test_nodes_availability","",""
"","306","test_rpc_node_is_synced[Test for Acala, url: wss://acala.polkawallet.io]","tests","Wed Apr 09 15:25:11 GMT 2025","passed","Wed Apr 09 15:25:11 GMT 2025","","test_substrate_node_is_synced","",""
"","7","test_has_new_assets[Test for Polkadot People]","tests","Wed Apr 09 15:22:54 GMT 2025","passed","Wed Apr 09 15:22:54 GMT 2025","TestAssets","test_check_new_assets","",""
"","0","test_precision[Test for Moonbeam]","tests","Wed Apr 09 15:22:40 GMT 2025","passed","Wed Apr 09 15:22:40 GMT 2025","TestPrecision","test_network_parameters","",""
"","0","test_can_create_connection[Test for Subsocial, url: wss://para.f3joule.space]","tests","Wed Apr 09 15:25:18 GMT 2025","passed","Wed Apr 09 15:25:18 GMT 2025","","test_nodes_availability","",""
"","0","test_address_prefix[Test for Cere]","tests","Wed Apr 09 15:23:51 GMT 2025","passed","Wed Apr 09 15:23:51 GMT 2025","TestNetworkPrefix","test_network_parameters","",""
"","0","test_can_create_connection[Test for GIANT, url: wss://rpc-anchor-1-mainnet-az-ue1.giantprotocol.org:443]","tests","Wed Apr 09 15:26:04 GMT 2025","passed","Wed Apr 09 15:26:04 GMT 2025","","test_nodes_availability","",""
"","164","test_rpc_node_is_synced[Test for DENTNet, url: wss://rpc.dentnet.io/ws]","tests","Wed Apr 09 15:27:16 GMT 2025","passed","Wed Apr 09 15:27:16 GMT 2025","","test_substrate_node_is_synced","",""
"","68","test_rpc_method_is_available[Test for Continuum, url: wss://continuum-rpc-1.metaverse.network/wss]","tests","Wed Apr 09 15:26:24 GMT 2025","passed","Wed Apr 09 15:26:24 GMT 2025","","test_rpc_methods_availability","",""
"","0","test_can_create_connection[Test for Polkadot, url: wss://rpc.ibp.network/polkadot]","tests","Wed Apr 09 15:22:47 GMT 2025","passed","Wed Apr 09 15:22:47 GMT 2025","","test_nodes_availability","",""
"","0","test_chainId[Test for Crust Shadow]","tests","Wed Apr 09 15:23:16 GMT 2025","passed","Wed Apr 09 15:23:16 GMT 2025","TestChainId","test_network_parameters","",""
"","45","test_rpc_node_is_synced[Test for Vara, url: wss://rpc.vara-network.io]","tests","Wed Apr 09 15:26:35 GMT 2025","passed","Wed Apr 09 15:26:35 GMT 2025","","test_substrate_node_is_synced","",""
"","0","test_precision[Test for krest]","tests","Wed Apr 09 15:23:46 GMT 2025","passed","Wed Apr 09 15:23:46 GMT 2025","TestPrecision","test_network_parameters","",""
"","0","test_can_create_connection[Test for Polkadot People, url: wss://people-polkadot.public.curie.radiumblock.co/ws]","tests","Wed Apr 09 15:22:46 GMT 2025","passed","Wed Apr 09 15:22:46 GMT 2025","","test_nodes_availability","",""
"","325","test_rpc_node_is_synced[Test for Nodle Parachain, url: wss://nodle-parachain.api.onfinality.io/public-ws]","tests","Wed Apr 09 15:25:08 GMT 2025","passed","Wed Apr 09 15:25:08 GMT 2025","","test_substrate_node_is_synced","",""
"","0","test_chainId[Test for Parallel]","tests","Wed Apr 09 15:22:50 GMT 2025","passed","Wed Apr 09 15:22:50 GMT 2025","TestChainId","test_network_parameters","",""
"","0","test_chainId[Test for NeuroWeb]","tests","Wed Apr 09 15:23:04 GMT 2025","passed","Wed Apr 09 15:23:04 GMT 2025","TestChainId","test_network_parameters","",""
"","68","test_rpc_node_is_synced[Test for Shiden, url: wss://shiden.api.onfinality.io/public-ws]","tests","Wed Apr 09 15:24:02 GMT 2025","passed","Wed Apr 09 15:24:02 GMT 2025","","test_substrate_node_is_synced","",""
"","0","test_chainId[Test for Vara]","tests","Wed Apr 09 15:23:47 GMT 2025","passed","Wed Apr 09 15:23:47 GMT 2025","TestChainId","test_network_parameters","",""
"","79","test_rpc_method_is_available[Test for Crust Shadow, url: wss://rpc-shadow.crust.network/]","tests","Wed Apr 09 15:23:48 GMT 2025","passed","Wed Apr 09 15:23:48 GMT 2025","","test_rpc_methods_availability","",""
"","71","test_rpc_method_is_available[Test for Polkadot Asset Hub, url: wss://asset-hub-polkadot-rpc.dwellir.com]","tests","Wed Apr 09 15:24:04 GMT 2025","passed","Wed Apr 09 15:24:04 GMT 2025","","test_rpc_methods_availability","",""
"","0","test_precision[Test for Bifrost Polkadot]","tests","Wed Apr 09 15:23:07 GMT 2025","passed","Wed Apr 09 15:23:07 GMT 2025","TestPrecision","test_network_parameters","",""
"","0","test_can_create_connection[Test for Bit.Country Pioneer, url: wss://pioneer-rpc-3.bit.country/wss]","tests","Wed Apr 09 15:24:09 GMT 2025","passed","Wed Apr 09 15:24:09 GMT 2025","","test_nodes_availability","",""
"","152","test_rpc_node_is_synced[Test for Avail, url: wss://zeref-api.slowops.xyz/ws]","tests","Wed Apr 09 15:27:07 GMT 2025","passed","Wed Apr 09 15:27:08 GMT 2025","","test_substrate_node_is_synced","",""
"","76","test_rpc_method_is_available[Test for XX network, url: wss://xxnetwork-rpc.dwellir.com]","tests","Wed Apr 09 15:25:32 GMT 2025","passed","Wed Apr 09 15:25:32 GMT 2025","","test_rpc_methods_availability","",""
"","20","test_rpc_node_is_synced[Test for Polkadot Bridge Hub, url: wss://sys.ibp.network/bridgehub-polkadot]","tests","Wed Apr 09 15:26:13 GMT 2025","passed","Wed Apr 09 15:26:13 GMT 2025","","test_substrate_node_is_synced","",""
"","73","test_rpc_method_is_available[Test for Acala, url: wss://acala-rpc-3.aca-api.network/ws]","tests","Wed Apr 09 15:24:21 GMT 2025","passed","Wed Apr 09 15:24:21 GMT 2025","","test_rpc_methods_availability","",""
"","0","test_precision[Test for Polkadot People]","tests","Wed Apr 09 15:22:51 GMT 2025","passed","Wed Apr 09 15:22:51 GMT 2025","TestPrecision","test_network_parameters","",""
"","67","test_rpc_method_is_available[Test for Interlay, url: wss://rpc-interlay.luckyfriday.io/]","tests","Wed Apr 09 15:24:54 GMT 2025","passed","Wed Apr 09 15:24:54 GMT 2025","","test_rpc_methods_availability","",""
"","1","test_can_create_connection[Test for Frequency, url: wss://0.rpc.frequency.xyz]","tests","Wed Apr 09 15:25:58 GMT 2025","passed","Wed Apr 09 15:25:58 GMT 2025","","test_nodes_availability","",""
"","0","test_address_prefix[Test for QUARTZ]","tests","Wed Apr 09 15:22:48 GMT 2025","passed","Wed Apr 09 15:22:48 GMT 2025","TestNetworkPrefix","test_network_parameters","",""
"","93","test_rpc_method_is_available[Test for Westend (TESTNET), url: wss://westend.dotters.network]","tests","Wed Apr 09 15:23:19 GMT 2025","passed","Wed Apr 09 15:23:19 GMT 2025","","test_rpc_methods_availability","",""
"","7","test_has_new_assets[Test for DeepBrain]","tests","Wed Apr 09 15:24:04 GMT 2025","passed","Wed Apr 09 15:24:04 GMT 2025","TestAssets","test_check_new_assets","",""
"","55","test_rpc_node_is_synced[Test for Bittensor, url: wss://entrypoint-finney.opentensor.ai:443]","tests","Wed Apr 09 15:26:12 GMT 2025","passed","Wed Apr 09 15:26:12 GMT 2025","","test_substrate_node_is_synced","",""
"","708","test_rpc_node_is_synced[Test for Acurast Canary, url: wss://public-rpc.canary.acurast.com]","tests","Wed Apr 09 15:27:01 GMT 2025","passed","Wed Apr 09 15:27:02 GMT 2025","","test_substrate_node_is_synced","",""
"","156","test_rpc_node_is_synced[Test for Astar, url: wss://astar-rpc.dwellir.com]","tests","Wed Apr 09 15:25:26 GMT 2025","passed","Wed Apr 09 15:25:26 GMT 2025","","test_substrate_node_is_synced","",""
"","73","test_rpc_method_is_available[Test for KILT, url: wss://kilt-rpc.dwellir.com]","tests","Wed Apr 09 15:23:29 GMT 2025","passed","Wed Apr 09 15:23:29 GMT 2025","","test_rpc_methods_availability","",""
"","20","test_rpc_node_is_synced[Test for Polkadot Asset Hub, url: wss://sys.ibp.network/asset-hub-polkadot]","tests","Wed Apr 09 15:24:26 GMT 2025","passed","Wed Apr 09 15:24:26 GMT 2025","","test_substrate_node_is_synced","",""
"","139","test_rpc_method_is_available[Test for Hyperbridge Nexus, url: wss://hyperbridge-nexus-rpc.blockops.network]","tests","Wed Apr 09 15:26:42 GMT 2025","passed","Wed Apr 09 15:26:42 GMT 2025","","test_rpc_methods_availability","",""
"","1","test_address_prefix[Test for NeuroWeb]","tests","Wed Apr 09 15:23:00 GMT 2025","passed","Wed Apr 09 15:23:00 GMT 2025","TestNetworkPrefix","test_network_parameters","",""
"","0","test_can_create_connection[Test for Kusama People, url: wss://ksm-rpc.stakeworld.io/people]","tests","Wed Apr 09 15:22:56 GMT 2025","passed","Wed Apr 09 15:22:56 GMT 2025","","test_nodes_availability","",""
"","0","test_can_create_connection[Test for Cere, url: wss://rpc.mainnet.cere.network/ws]","tests","Wed Apr 09 15:26:29 GMT 2025","passed","Wed Apr 09 15:26:29 GMT 2025","","test_nodes_availability","",""
"","93","test_rpc_method_is_available[Test for Polkadex, url: wss://polkadex-mainnet-rpc.dwellir.com]","tests","Wed Apr 09 15:25:24 GMT 2025","passed","Wed Apr 09 15:25:24 GMT 2025","","test_rpc_methods_availability","",""
"","0","test_chainId[Test for Altair]","tests","Wed Apr 09 15:23:25 GMT 2025","passed","Wed Apr 09 15:23:25 GMT 2025","TestChainId","test_network_parameters","",""
"","142","test_rpc_node_is_synced[Test for Robonomics, url: wss://kusama.rpc.robonomics.network/]","tests","Wed Apr 09 15:25:53 GMT 2025","passed","Wed Apr 09 15:25:53 GMT 2025","","test_substrate_node_is_synced","",""
"","114","test_rpc_method_is_available[Test for DENTNet, url: wss://rpc.dentnet.io/ws]","tests","Wed Apr 09 15:26:54 GMT 2025","passed","Wed Apr 09 15:26:54 GMT 2025","","test_rpc_methods_availability","",""
"","137","test_rpc_method_is_available[Test for Kusama, url: wss://apps-kusama-rpc.polkadot.io]","tests","Wed Apr 09 15:22:41 GMT 2025","passed","Wed Apr 09 15:22:41 GMT 2025","","test_rpc_methods_availability","",""
"","1","test_can_create_connection[Test for KILT, url: wss://kilt.ibp.network]","tests","Wed Apr 09 15:23:30 GMT 2025","passed","Wed Apr 09 15:23:30 GMT 2025","","test_nodes_availability","",""
"","0","test_address_prefix[Test for Crust Polkadot Parachain]","tests","Wed Apr 09 15:23:15 GMT 2025","passed","Wed Apr 09 15:23:15 GMT 2025","TestNetworkPrefix","test_network_parameters","",""
"","147","test_rpc_node_is_synced[Test for KILT, url: wss://spiritnet.kilt.io/]","tests","Wed Apr 09 15:24:07 GMT 2025","passed","Wed Apr 09 15:24:07 GMT 2025","","test_substrate_node_is_synced","",""
"","0","test_can_create_connection[Test for Moonriver, url: wss://moonriver.public.curie.radiumblock.co/ws]","tests","Wed Apr 09 15:22:49 GMT 2025","passed","Wed Apr 09 15:22:49 GMT 2025","","test_nodes_availability","",""
"","117","test_rpc_method_is_available[Test for Kusama, url: wss://rpc-kusama.luckyfriday.io]","tests","Wed Apr 09 15:22:53 GMT 2025","passed","Wed Apr 09 15:22:54 GMT 2025","","test_rpc_methods_availability","",""
"","8","test_has_new_assets[Test for Basilisk]","tests","Wed Apr 09 15:22:48 GMT 2025","passed","Wed Apr 09 15:22:48 GMT 2025","TestAssets","test_check_new_assets","",""
"","145","test_rpc_node_is_synced[Test for Hydration, url: wss://hydradx-rpc.dwellir.com]","tests","Wed Apr 09 15:24:52 GMT 2025","passed","Wed Apr 09 15:24:52 GMT 2025","","test_substrate_node_is_synced","",""
"","80","test_rpc_node_is_synced[Test for Hydration, url: wss://rpc.hydradx.cloud]","tests","Wed Apr 09 15:24:38 GMT 2025","passed","Wed Apr 09 15:24:38 GMT 2025","","test_substrate_node_is_synced","",""
"","0","test_precision[Test for Kusama Bridge Hub]","tests","Wed Apr 09 15:23:39 GMT 2025","passed","Wed Apr 09 15:23:39 GMT 2025","TestPrecision","test_network_parameters","",""
"","0","test_can_create_connection[Test for DENTNet, url: wss://rpc.dentnet.io/ws]","tests","Wed Apr 09 15:26:31 GMT 2025","passed","Wed Apr 09 15:26:31 GMT 2025","","test_nodes_availability","",""
"","0","test_can_create_connection[Test for Basilisk, url: wss://rpc.basilisk.cloud]","tests","Wed Apr 09 15:24:22 GMT 2025","passed","Wed Apr 09 15:24:22 GMT 2025","","test_nodes_availability","",""
"","0","test_can_create_connection[Test for Ajuna, url: wss://rpc-para.ajuna.network]","tests","Wed Apr 09 15:25:48 GMT 2025","passed","Wed Apr 09 15:25:48 GMT 2025","","test_nodes_availability","",""
"","1088","test_rpc_node_is_synced[Test for Ethereum, url: https://ethereum-rpc.publicnode.com]","tests","Wed Apr 09 15:22:58 GMT 2025","passed","Wed Apr 09 15:22:59 GMT 2025","TestETHNodesAvailability","test_eth_nodes_availability","",""
"","1","test_can_create_connection[Test for Bifrost Polkadot, url: wss://eu.bifrost-polkadot-rpc.liebi.com/ws]","tests","Wed Apr 09 15:25:25 GMT 2025","passed","Wed Apr 09 15:25:25 GMT 2025","","test_nodes_availability","",""
"","0","test_address_prefix[Test for Ternoa]","tests","Wed Apr 09 15:23:12 GMT 2025","passed","Wed Apr 09 15:23:12 GMT 2025","TestNetworkPrefix","test_network_parameters","",""
"","9","test_has_new_assets[Test for krest]","tests","Wed Apr 09 15:23:39 GMT 2025","passed","Wed Apr 09 15:23:39 GMT 2025","TestAssets","test_check_new_assets","",""
"","69","test_rpc_method_is_available[Test for Kusama, url: wss://rpc-kusama-1.novasama-tech.org]","tests","Wed Apr 09 15:23:29 GMT 2025","passed","Wed Apr 09 15:23:29 GMT 2025","","test_rpc_methods_availability","",""
"","67","test_rpc_method_is_available[Test for JAMTON, url: wss://rpc.jamton.network]","tests","Wed Apr 09 15:27:02 GMT 2025","passed","Wed Apr 09 15:27:02 GMT 2025","","test_rpc_methods_availability","",""
"","0","test_chainId[Test for Kusama People]","tests","Wed Apr 09 15:22:38 GMT 2025","passed","Wed Apr 09 15:22:38 GMT 2025","TestChainId","test_network_parameters","",""
"","0","test_precision[Test for Polkadot Collectives]","tests","Wed Apr 09 15:23:43 GMT 2025","passed","Wed Apr 09 15:23:43 GMT 2025","TestPrecision","test_network_parameters","",""
"","0","test_address_prefix[Test for Darwinia]","tests","Wed Apr 09 15:23:32 GMT 2025","passed","Wed Apr 09 15:23:32 GMT 2025","TestNetworkPrefix","test_network_parameters","",""
"","8","test_has_new_assets[Test for Hyperbridge Nexus]","tests","Wed Apr 09 15:23:52 GMT 2025","passed","Wed Apr 09 15:23:52 GMT 2025","TestAssets","test_check_new_assets","",""
"","68","test_rpc_method_is_available[Test for Polkadot Collectives, url: wss://collectives.public.curie.radiumblock.co/ws]","tests","Wed Apr 09 15:26:04 GMT 2025","passed","Wed Apr 09 15:26:04 GMT 2025","","test_rpc_methods_availability","",""
"","1","test_can_create_connection[Test for Humanode, url: wss://explorer-rpc-ws.mainnet.stages.humanode.io]","tests","Wed Apr 09 15:26:31 GMT 2025","passed","Wed Apr 09 15:26:31 GMT 2025","","test_nodes_availability","",""
"","1","test_address_prefix[Test for Encointer]","tests","Wed Apr 09 15:22:52 GMT 2025","passed","Wed Apr 09 15:22:52 GMT 2025","TestNetworkPrefix","test_network_parameters","",""
"","7","test_has_new_assets[Test for Crab]","tests","Wed Apr 09 15:23:42 GMT 2025","passed","Wed Apr 09 15:23:42 GMT 2025","TestAssets","test_check_new_assets","",""
"","0","test_can_create_connection[Test for Kusama, url: wss://rpc-kusama.luckyfriday.io]","tests","Wed Apr 09 15:22:53 GMT 2025","passed","Wed Apr 09 15:22:53 GMT 2025","","test_nodes_availability","",""
"","7","test_has_new_assets[Test for Frequency]","tests","Wed Apr 09 15:23:29 GMT 2025","passed","Wed Apr 09 15:23:29 GMT 2025","TestAssets","test_check_new_assets","",""
"","5","test_has_new_assets[Test for Kabocha]","tests","Wed Apr 09 15:23:02 GMT 2025","passed","Wed Apr 09 15:23:02 GMT 2025","TestAssets","test_check_new_assets","",""
"","0","test_address_prefix[Test for Turing]","tests","Wed Apr 09 15:23:20 GMT 2025","passed","Wed Apr 09 15:23:20 GMT 2025","TestNetworkPrefix","test_network_parameters","",""
"","0","test_can_create_connection[Test for Crab, url: wss://darwiniacrab-rpc.dwellir.com]","tests","Wed Apr 09 15:25:56 GMT 2025","passed","Wed Apr 09 15:25:56 GMT 2025","","test_nodes_availability","",""
"","0","test_precision[Test for Kreivo]","tests","Wed Apr 09 15:24:03 GMT 2025","passed","Wed Apr 09 15:24:03 GMT 2025","TestPrecision","test_network_parameters","",""
"","0","test_address_prefix[Test for Frequency]","tests","Wed Apr 09 15:23:24 GMT 2025","passed","Wed Apr 09 15:23:24 GMT 2025","TestNetworkPrefix","test_network_parameters","",""
"","120","test_rpc_node_is_synced[Test for QUARTZ, url: wss://us-ws-quartz.unique.network]","tests","Wed Apr 09 15:24:24 GMT 2025","passed","Wed Apr 09 15:24:24 GMT 2025","","test_substrate_node_is_synced","",""
"","0","test_precision[Test for DAO IPCI]","tests","Wed Apr 09 15:23:24 GMT 2025","passed","Wed Apr 09 15:23:24 GMT 2025","TestPrecision","test_network_parameters","",""
"","1","test_address_prefix[Test for Manta Atlantic]","tests","Wed Apr 09 15:23:40 GMT 2025","passed","Wed Apr 09 15:23:40 GMT 2025","TestNetworkPrefix","test_network_parameters","",""
"","0","test_can_create_connection[Test for XX network, url: wss://rpc.xx.network]","tests","Wed Apr 09 15:25:41 GMT 2025","passed","Wed Apr 09 15:25:41 GMT 2025","","test_nodes_availability","",""
"","95","test_rpc_method_is_available[Test for GIANT, url: wss://rpc-anchor-1-mainnet-az-ue1.giantprotocol.org:443]","tests","Wed Apr 09 15:26:18 GMT 2025","passed","Wed Apr 09 15:26:18 GMT 2025","","test_rpc_methods_availability","",""
"","0","test_can_create_connection[Test for Kusama, url: wss://rpc.ibp.network/kusama]","tests","Wed Apr 09 15:23:34 GMT 2025","passed","Wed Apr 09 15:23:34 GMT 2025","","test_nodes_availability","",""
"","94","test_rpc_method_is_available[Test for Vara, url: wss://rpc.vara-network.io]","tests","Wed Apr 09 15:26:14 GMT 2025","passed","Wed Apr 09 15:26:14 GMT 2025","","test_rpc_methods_availability","",""
"","0","test_address_prefix[Test for Crab]","tests","Wed Apr 09 15:23:41 GMT 2025","passed","Wed Apr 09 15:23:41 GMT 2025","TestNetworkPrefix","test_network_parameters","",""
"","46","test_has_new_assets[Test for Karura]","tests","Wed Apr 09 15:22:40 GMT 2025","passed","Wed Apr 09 15:22:40 GMT 2025","TestAssets","test_check_new_assets","",""
"","0","test_chainId[Test for Polkadot People]","tests","Wed Apr 09 15:22:55 GMT 2025","passed","Wed Apr 09 15:22:55 GMT 2025","TestChainId","test_network_parameters","",""
"","0","test_precision[Test for Aventus]","tests","Wed Apr 09 15:23:26 GMT 2025","passed","Wed Apr 09 15:23:26 GMT 2025","TestPrecision","test_network_parameters","",""
"","1","test_can_create_connection[Test for Hydration, url: wss://hydration.ibp.network]","tests","Wed Apr 09 15:24:27 GMT 2025","passed","Wed Apr 09 15:24:27 GMT 2025","","test_nodes_availability","",""
"","1","test_can_create_connection[Test for Bit.Country Pioneer, url: wss://pioneer-rpc-1.bit.country/wss]","tests","Wed Apr 09 15:23:59 GMT 2025","passed","Wed Apr 09 15:23:59 GMT 2025","","test_nodes_availability","",""
"","70","test_rpc_node_is_synced[Test for Kabocha, url: wss://kabocha.jelliedowl.com]","tests","Wed Apr 09 15:25:37 GMT 2025","passed","Wed Apr 09 15:25:37 GMT 2025","","test_substrate_node_is_synced","",""
"","172","test_rpc_node_is_synced[Test for Bit.Country Pioneer, url: wss://pioneer-rpc-2.bit.country/wss]","tests","Wed Apr 09 15:24:39 GMT 2025","passed","Wed Apr 09 15:24:39 GMT 2025","","test_substrate_node_is_synced","",""
"","77","test_rpc_method_is_available[Test for Kusama, url: wss://kusama-rpc.dwellir.com]","tests","Wed Apr 09 15:22:49 GMT 2025","passed","Wed Apr 09 15:22:50 GMT 2025","","test_rpc_methods_availability","",""
"","34","test_rpc_node_is_synced[Test for Moonbeam, url: wss://moonbeam.public.blastapi.io]","tests","Wed Apr 09 15:22:54 GMT 2025","passed","Wed Apr 09 15:22:54 GMT 2025","","test_substrate_node_is_synced","",""
"","0","test_can_create_connection[Test for Moonriver, url: wss://moonriver.public.blastapi.io]","tests","Wed Apr 09 15:22:44 GMT 2025","passed","Wed Apr 09 15:22:44 GMT 2025","","test_nodes_availability","",""
"","0","test_can_create_connection[Test for JAMTON, url: wss://rpc.jamton.network]","tests","Wed Apr 09 15:26:42 GMT 2025","passed","Wed Apr 09 15:26:42 GMT 2025","","test_nodes_availability","",""
"","71","test_rpc_method_is_available[Test for Bifrost Polkadot, url: wss://bifrost-polkadot.dotters.network]","tests","Wed Apr 09 15:25:05 GMT 2025","passed","Wed Apr 09 15:25:05 GMT 2025","","test_rpc_methods_availability","",""
"","69","test_rpc_method_is_available[Test for Polkadot, url: wss://apps-rpc.polkadot.io]","tests","Wed Apr 09 15:22:55 GMT 2025","passed","Wed Apr 09 15:22:55 GMT 2025","","test_rpc_methods_availability","",""
"","102","test_rpc_method_is_available[Test for Xode, url: wss://rpc-kr.xode.net]","tests","Wed Apr 09 15:26:59 GMT 2025","passed","Wed Apr 09 15:26:59 GMT 2025","","test_rpc_methods_availability","",""
"","7","test_has_new_assets[Test for Vara]","tests","Wed Apr 09 15:23:34 GMT 2025","passed","Wed Apr 09 15:23:34 GMT 2025","TestAssets","test_check_new_assets","",""
"","0","test_precision[Test for Mythos]","tests","Wed Apr 09 15:24:15 GMT 2025","passed","Wed Apr 09 15:24:15 GMT 2025","TestPrecision","test_network_parameters","",""
"","0","test_can_create_connection[Test for XX network, url: wss://rpc-do.xx.network]","tests","Wed Apr 09 15:25:33 GMT 2025","passed","Wed Apr 09 15:25:33 GMT 2025","","test_nodes_availability","",""
"","93","test_rpc_method_is_available[Test for Manta Atlantic, url: wss://ws.manta.systems]","tests","Wed Apr 09 15:26:33 GMT 2025","passed","Wed Apr 09 15:26:33 GMT 2025","","test_rpc_methods_availability","",""
"","1","test_can_create_connection[Test for Phala, url: wss://phala.api.onfinality.io/public-ws]","tests","Wed Apr 09 15:24:47 GMT 2025","passed","Wed Apr 09 15:24:47 GMT 2025","","test_nodes_availability","",""
"","70","test_rpc_method_is_available[Test for KILT, url: wss://spiritnet.kilt.io/]","tests","Wed Apr 09 15:23:34 GMT 2025","passed","Wed Apr 09 15:23:34 GMT 2025","","test_rpc_methods_availability","",""
"","117","test_rpc_method_is_available[Test for Shiden, url: wss://shiden.public.curie.radiumblock.co/ws]","tests","Wed Apr 09 15:23:11 GMT 2025","passed","Wed Apr 09 15:23:11 GMT 2025","","test_rpc_methods_availability","",""
"","78","test_rpc_method_is_available[Test for Polkadot Coretime, url: wss://sys.ibp.network/coretime-polkadot]","tests","Wed Apr 09 15:27:01 GMT 2025","passed","Wed Apr 09 15:27:01 GMT 2025","","test_rpc_methods_availability","",""
"","0","test_address_prefix[Test for XX network]","tests","Wed Apr 09 15:23:24 GMT 2025","passed","Wed Apr 09 15:23:24 GMT 2025","TestNetworkPrefix","test_network_parameters","",""
"","0","test_chainId[Test for Interlay]","tests","Wed Apr 09 15:23:16 GMT 2025","passed","Wed Apr 09 15:23:16 GMT 2025","TestChainId","test_network_parameters","",""
"","169","test_rpc_node_is_synced[Test for Ajuna, url: wss://rpc-para.ajuna.network]","tests","Wed Apr 09 15:26:28 GMT 2025","passed","Wed Apr 09 15:26:28 GMT 2025","","test_substrate_node_is_synced","",""
"","207","test_rpc_node_is_synced[Test for Kusama, url: wss://rpc-kusama-1.novasama-tech.org]","tests","Wed Apr 09 15:23:49 GMT 2025","passed","Wed Apr 09 15:23:49 GMT 2025","","test_substrate_node_is_synced","",""
"","198","test_rpc_node_is_synced[Test for XX network, url: wss://rpc.xx.network]","tests","Wed Apr 09 15:26:09 GMT 2025","passed","Wed Apr 09 15:26:10 GMT 2025","","test_substrate_node_is_synced","",""
"","145","test_rpc_node_is_synced[Test for Basilisk, url: wss://basilisk-rpc.dwellir.com]","tests","Wed Apr 09 15:24:31 GMT 2025","passed","Wed Apr 09 15:24:31 GMT 2025","","test_substrate_node_is_synced","",""
"","0","test_precision[Test for Subsocial]","tests","Wed Apr 09 15:23:10 GMT 2025","passed","Wed Apr 09 15:23:10 GMT 2025","TestPrecision","test_network_parameters","",""
"","71","test_rpc_method_is_available[Test for Acala, url: wss://acala.polkawallet.io]","tests","Wed Apr 09 15:24:28 GMT 2025","passed","Wed Apr 09 15:24:28 GMT 2025","","test_rpc_methods_availability","",""
"","0","test_can_create_connection[Test for Moonbeam, url: wss://moonbeam.public.curie.radiumblock.co/ws]","tests","Wed Apr 09 15:23:28 GMT 2025","passed","Wed Apr 09 15:23:28 GMT 2025","","test_nodes_availability","",""
"","201","test_rpc_node_is_synced[Test for Kusama People, url: wss://ksm-rpc.stakeworld.io/people]","tests","Wed Apr 09 15:23:18 GMT 2025","passed","Wed Apr 09 15:23:18 GMT 2025","","test_substrate_node_is_synced","",""
"","220","test_rpc_method_is_available[Test for Polkadot, url: wss://rpc-polkadot-1.novasama-tech.org]","tests","Wed Apr 09 15:22:40 GMT 2025","passed","Wed Apr 09 15:22:40 GMT 2025","","test_rpc_methods_availability","",""
"","1","test_chainId[Test for Continuum]","tests","Wed Apr 09 15:24:04 GMT 2025","passed","Wed Apr 09 15:24:04 GMT 2025","TestChainId","test_network_parameters","",""
"","0","test_address_prefix[Test for Laos]","tests","Wed Apr 09 15:24:04 GMT 2025","passed","Wed Apr 09 15:24:04 GMT 2025","TestNetworkPrefix","test_network_parameters","",""
"","63","test_rpc_node_is_synced[Test for Polkadex, url: wss://polkadex.api.onfinality.io/public-ws]","tests","Wed Apr 09 15:25:27 GMT 2025","passed","Wed Apr 09 15:25:27 GMT 2025","","test_substrate_node_is_synced","",""
"","115","test_rpc_method_is_available[Test for Acurast Canary, url: wss://public-rpc.canary.acurast.com]","tests","Wed Apr 09 15:26:42 GMT 2025","passed","Wed Apr 09 15:26:42 GMT 2025","","test_rpc_methods_availability","",""
"","0","test_can_create_connection[Test for Astar, url: wss://astar.public.curie.radiumblock.co/ws]","tests","Wed Apr 09 15:23:42 GMT 2025","passed","Wed Apr 09 15:23:42 GMT 2025","","test_nodes_availability","",""
"","7","test_has_new_assets[Test for Polkadex]","tests","Wed Apr 09 15:23:00 GMT 2025","passed","Wed Apr 09 15:23:00 GMT 2025","TestAssets","test_check_new_assets","",""
"","6","test_has_new_assets[Test for Robonomics]","tests","Wed Apr 09 15:22:54 GMT 2025","passed","Wed Apr 09 15:22:54 GMT 2025","TestAssets","test_check_new_assets","",""
"","0","test_chainId[Test for Astar]","tests","Wed Apr 09 15:22:47 GMT 2025","passed","Wed Apr 09 15:22:47 GMT 2025","TestChainId","test_network_parameters","",""
"","5","test_has_new_assets[Test for Kusama Coretime]","tests","Wed Apr 09 15:24:15 GMT 2025","passed","Wed Apr 09 15:24:15 GMT 2025","TestAssets","test_check_new_assets","",""
"","0","test_can_create_connection[Test for Bifrost Polkadot, url: wss://bifrost-polkadot.ibp.network]","tests","Wed Apr 09 15:25:03 GMT 2025","passed","Wed Apr 09 15:25:03 GMT 2025","","test_nodes_availability","",""
"","0","test_can_create_connection[Test for Kusama, url: wss://rpc-kusama-1.novasama-tech.org]","tests","Wed Apr 09 15:23:26 GMT 2025","passed","Wed Apr 09 15:23:26 GMT 2025","","test_nodes_availability","",""
"","189","test_rpc_node_is_synced[Test for Westend (TESTNET), url: wss://westend.api.onfinality.io/public-ws]","tests","Wed Apr 09 15:23:44 GMT 2025","passed","Wed Apr 09 15:23:44 GMT 2025","","test_substrate_node_is_synced","",""
"","0","test_chainId[Test for Basilisk]","tests","Wed Apr 09 15:23:21 GMT 2025","passed","Wed Apr 09 15:23:21 GMT 2025","TestChainId","test_network_parameters","",""
"","151","test_rpc_node_is_synced[Test for Polkadot, url: wss://polkadot-rpc.dwellir.com]","tests","Wed Apr 09 15:23:17 GMT 2025","passed","Wed Apr 09 15:23:17 GMT 2025","","test_substrate_node_is_synced","",""
"","6","test_has_new_assets[Test for 3DPass]","tests","Wed Apr 09 15:23:24 GMT 2025","passed","Wed Apr 09 15:23:24 GMT 2025","TestAssets","test_check_new_assets","",""
"","0","test_chainId[Test for Heima]","tests","Wed Apr 09 15:23:14 GMT 2025","passed","Wed Apr 09 15:23:14 GMT 2025","TestChainId","test_network_parameters","",""
"","1","test_precision[Test for 3DPass]","tests","Wed Apr 09 15:23:37 GMT 2025","passed","Wed Apr 09 15:23:37 GMT 2025","TestPrecision","test_network_parameters","",""
"","76","test_rpc_method_is_available[Test for Polkadot People, url: wss://sys.ibp.network/people-polkadot]","tests","Wed Apr 09 15:22:40 GMT 2025","passed","Wed Apr 09 15:22:41 GMT 2025","","test_rpc_methods_availability","",""
"","1","test_can_create_connection[Test for UNIQUE, url: wss://eu-ws.unique.network/]","tests","Wed Apr 09 15:25:38 GMT 2025","passed","Wed Apr 09 15:25:38 GMT 2025","","test_nodes_availability","",""
"","146","test_rpc_node_is_synced[Test for Kusama, url: wss://kusama-rpc.dwellir.com]","tests","Wed Apr 09 15:23:03 GMT 2025","passed","Wed Apr 09 15:23:03 GMT 2025","","test_substrate_node_is_synced","",""
"","0","test_can_create_connection[Test for Bifrost Kusama, url: wss://us.bifrost-rpc.liebi.com/ws]","tests","Wed Apr 09 15:24:12 GMT 2025","passed","Wed Apr 09 15:24:12 GMT 2025","","test_nodes_availability","",""
"","7","test_has_new_assets[Test for Pendulum]","tests","Wed Apr 09 15:23:29 GMT 2025","passed","Wed Apr 09 15:23:29 GMT 2025","TestAssets","test_check_new_assets","",""
"","93","test_rpc_method_is_available[Test for Phala, url: wss://api.phala.network/ws]","tests","Wed Apr 09 15:25:00 GMT 2025","passed","Wed Apr 09 15:25:00 GMT 2025","","test_rpc_methods_availability","",""
"","105","test_rpc_method_is_available[Test for 3DPass, url: wss://rpc.3dpass.org]","tests","Wed Apr 09 15:25:42 GMT 2025","passed","Wed Apr 09 15:25:42 GMT 2025","","test_rpc_methods_availability","",""
"","68","test_rpc_method_is_available[Test for Subsocial, url: wss://para.f3joule.space]","tests","Wed Apr 09 15:25:33 GMT 2025","passed","Wed Apr 09 15:25:33 GMT 2025","","test_rpc_methods_availability","",""
"","7","test_has_new_assets[Test for Parallel]","tests","Wed Apr 09 15:22:50 GMT 2025","passed","Wed Apr 09 15:22:50 GMT 2025","TestAssets","test_check_new_assets","",""
"","0","test_can_create_connection[Test for Avail, url: wss://avail.rpc.bountyblok.io]","tests","Wed Apr 09 15:26:27 GMT 2025","passed","Wed Apr 09 15:26:27 GMT 2025","","test_nodes_availability","",""
"","0","test_chainId[Test for Acala]","tests","Wed Apr 09 15:22:42 GMT 2025","passed","Wed Apr 09 15:22:42 GMT 2025","TestChainId","test_network_parameters","",""
"","59","test_rpc_node_is_synced[Test for Ajuna, url: wss://ajuna.dotters.network]","tests","Wed Apr 09 15:26:36 GMT 2025","passed","Wed Apr 09 15:26:36 GMT 2025","","test_substrate_node_is_synced","",""
"","147","test_rpc_node_is_synced[Test for Phala, url: wss://phala-rpc.dwellir.com]","tests","Wed Apr 09 15:24:44 GMT 2025","passed","Wed Apr 09 15:24:44 GMT 2025","","test_substrate_node_is_synced","",""
"","87","test_rpc_method_is_available[Test for Kusama Bridge Hub, url: wss://bridge-hub-kusama.dotters.network]","tests","Wed Apr 09 15:25:54 GMT 2025","passed","Wed Apr 09 15:25:54 GMT 2025","","test_rpc_methods_availability","",""
"","1","test_precision[Test for Darwinia]","tests","Wed Apr 09 15:23:46 GMT 2025","passed","Wed Apr 09 15:23:46 GMT 2025","TestPrecision","test_network_parameters","",""
"","0","test_chainId[Test for Zeitgeist]","tests","Wed Apr 09 15:23:08 GMT 2025","passed","Wed Apr 09 15:23:08 GMT 2025","TestChainId","test_network_parameters","",""
"","68","test_rpc_method_is_available[Test for Laos, url: wss://rpc.laos.laosfoundation.io]","tests","Wed Apr 09 15:26:58 GMT 2025","passed","Wed Apr 09 15:26:58 GMT 2025","","test_rpc_methods_availability","",""
"","0","test_precision[Test for Acala]","tests","Wed Apr 09 15:22:40 GMT 2025","passed","Wed Apr 09 15:22:40 GMT 2025","TestPrecision","test_network_parameters","",""
"","80","test_rpc_method_is_available[Test for Kabocha, url: wss://kabocha.jelliedowl.com]","tests","Wed Apr 09 15:25:08 GMT 2025","passed","Wed Apr 09 15:25:08 GMT 2025","","test_rpc_methods_availability","",""
"","181","test_rpc_node_is_synced[Test for Crust Shadow, url: wss://rpc2-shadow.crust.network/]","tests","Wed Apr 09 15:24:05 GMT 2025","passed","Wed Apr 09 15:24:05 GMT 2025","","test_substrate_node_is_synced","",""
"","71","test_rpc_method_is_available[Test for Bifrost Polkadot, url: wss://hk.p.bifrost-rpc.liebi.com/ws]","tests","Wed Apr 09 15:25:20 GMT 2025","passed","Wed Apr 09 15:25:20 GMT 2025","","test_rpc_methods_availability","",""
"","0","test_can_create_connection[Test for KILT, url: wss://spiritnet.kilt.io/]","tests","Wed Apr 09 15:23:40 GMT 2025","passed","Wed Apr 09 15:23:40 GMT 2025","","test_nodes_availability","",""
"","146","test_rpc_node_is_synced[Test for XX network, url: wss://xxnetwork-rpc.dwellir.com]","tests","Wed Apr 09 15:26:02 GMT 2025","passed","Wed Apr 09 15:26:02 GMT 2025","","test_substrate_node_is_synced","",""
"","0","test_chainId[Test for Westend (TESTNET)]","tests","Wed Apr 09 15:22:49 GMT 2025","passed","Wed Apr 09 15:22:49 GMT 2025","TestChainId","test_network_parameters","",""
"","161","test_rpc_node_is_synced[Test for Turing, url: wss://turing-rpc.dwellir.com]","tests","Wed Apr 09 15:25:13 GMT 2025","passed","Wed Apr 09 15:25:13 GMT 2025","","test_substrate_node_is_synced","",""
"","70","test_rpc_method_is_available[Test for Cere, url: wss://rpc.mainnet.cere.network/ws]","tests","Wed Apr 09 15:26:47 GMT 2025","passed","Wed Apr 09 15:26:47 GMT 2025","","test_rpc_methods_availability","",""
"","0","test_can_create_connection[Test for NeuroWeb, url: wss://neuroweb-rpc.dwellir.com]","tests","Wed Apr 09 15:25:23 GMT 2025","passed","Wed Apr 09 15:25:23 GMT 2025","","test_nodes_availability","",""
"","0","test_address_prefix[Test for Astar]","tests","Wed Apr 09 15:22:43 GMT 2025","passed","Wed Apr 09 15:22:43 GMT 2025","TestNetworkPrefix","test_network_parameters","",""
"","196","test_rpc_node_is_synced[Test for XX network, url: wss://rpc-hetzner.xx.network]","tests","Wed Apr 09 15:25:53 GMT 2025","passed","Wed Apr 09 15:25:53 GMT 2025","","test_substrate_node_is_synced","",""
"","0","test_precision[Test for KILT]","tests","Wed Apr 09 15:22:58 GMT 2025","passed","Wed Apr 09 15:22:58 GMT 2025","TestPrecision","test_network_parameters","",""
"","0","test_can_create_connection[Test for Crust Shadow, url: wss://rpc-shadow.crust.network/]","tests","Wed Apr 09 15:23:47 GMT 2025","passed","Wed Apr 09 15:23:47 GMT 2025","","test_nodes_availability","",""
"","118","test_rpc_method_is_available[Test for Shiden, url: wss://shiden-rpc.dwellir.com]","tests","Wed Apr 09 15:23:07 GMT 2025","passed","Wed Apr 09 15:23:07 GMT 2025","","test_rpc_methods_availability","",""
"","60","test_has_new_assets[Test for Bit.Country Pioneer]","tests","Wed Apr 09 15:22:39 GMT 2025","passed","Wed Apr 09 15:22:39 GMT 2025","TestAssets","test_check_new_assets","",""
"","0","test_can_create_connection[Test for Kusama People, url: wss://kusama-people-rpc.polkadot.io]","tests","Wed Apr 09 15:22:50 GMT 2025","passed","Wed Apr 09 15:22:50 GMT 2025","","test_nodes_availability","",""
"","33","test_rpc_node_is_synced[Test for Polkadex, url: wss://polkadex.public.curie.radiumblock.co/ws]","tests","Wed Apr 09 15:25:18 GMT 2025","passed","Wed Apr 09 15:25:18 GMT 2025","","test_substrate_node_is_synced","",""
"","109","test_rpc_method_is_available[Test for Integritee Parachain, url: wss://integritee-kusama.api.onfinality.io/public-ws]","tests","Wed Apr 09 15:23:55 GMT 2025","passed","Wed Apr 09 15:23:55 GMT 2025","","test_rpc_methods_availability","",""
"","0","test_can_create_connection[Test for 3DPass, url: wss://rpc.3dpass.org]","tests","Wed Apr 09 15:25:26 GMT 2025","passed","Wed Apr 09 15:25:26 GMT 2025","","test_nodes_availability","",""
"","0","test_address_prefix[Test for Westend (TESTNET)]","tests","Wed Apr 09 15:22:43 GMT 2025","passed","Wed Apr 09 15:22:43 GMT 2025","TestNetworkPrefix","test_network_parameters","",""
"","0","test_precision[Test for Moonriver]","tests","Wed Apr 09 15:22:44 GMT 2025","passed","Wed Apr 09 15:22:44 GMT 2025","TestPrecision","test_network_parameters","",""
"","0","test_precision[Test for Cere]","tests","Wed Apr 09 15:24:07 GMT 2025","passed","Wed Apr 09 15:24:07 GMT 2025","TestPrecision","test_network_parameters","",""
"","7","test_has_new_assets[Test for NeuroWeb]","tests","Wed Apr 09 15:23:04 GMT 2025","passed","Wed Apr 09 15:23:04 GMT 2025","TestAssets","test_check_new_assets","",""
"","55","test_rpc_node_is_synced[Test for Moonbeam, url: wss://moonbeam.dotters.network]","tests","Wed Apr 09 15:23:32 GMT 2025","passed","Wed Apr 09 15:23:32 GMT 2025","","test_substrate_node_is_synced","",""
"","0","test_precision[Test for Joystream]","tests","Wed Apr 09 15:23:48 GMT 2025","passed","Wed Apr 09 15:23:48 GMT 2025","TestPrecision","test_network_parameters","",""
"","70","test_rpc_method_is_available[Test for Integritee Parachain, url: wss://kusama.api.integritee.network]","tests","Wed Apr 09 15:23:52 GMT 2025","passed","Wed Apr 09 15:23:52 GMT 2025","","test_rpc_methods_availability","",""
"","70","test_rpc_method_is_available[Test for Acala, url: wss://acala-rpc-1.aca-api.network]","tests","Wed Apr 09 15:24:14 GMT 2025","passed","Wed Apr 09 15:24:14 GMT 2025","","test_rpc_methods_availability","",""
"","1","test_chainId[Test for Aventus]","tests","Wed Apr 09 15:23:38 GMT 2025","passed","Wed Apr 09 15:23:38 GMT 2025","TestChainId","test_network_parameters","",""
"","0","test_address_prefix[Test for Continuum]","tests","Wed Apr 09 15:23:47 GMT 2025","passed","Wed Apr 09 15:23:47 GMT 2025","TestNetworkPrefix","test_network_parameters","",""
"","82","test_rpc_node_is_synced[Test for Enjin Matrix, url: wss://rpc.matrix.blockchain.enjin.io]","tests","Wed Apr 09 15:26:33 GMT 2025","passed","Wed Apr 09 15:26:33 GMT 2025","","test_substrate_node_is_synced","",""
"","164","test_rpc_node_is_synced[Test for Bifrost Kusama, url: wss://bifrost-rpc.liebi.com/ws]","tests","Wed Apr 09 15:24:13 GMT 2025","passed","Wed Apr 09 15:24:13 GMT 2025","","test_substrate_node_is_synced","",""
"","0","test_precision[Test for Interlay]","tests","Wed Apr 09 15:23:19 GMT 2025","passed","Wed Apr 09 15:23:19 GMT 2025","TestPrecision","test_network_parameters","",""
"","0","test_precision[Test for XX network]","tests","Wed Apr 09 15:23:28 GMT 2025","passed","Wed Apr 09 15:23:28 GMT 2025","TestPrecision","test_network_parameters","",""
"","21","test_rpc_node_is_synced[Test for Kusama, url: wss://kusama.dotters.network]","tests","Wed Apr 09 15:24:00 GMT 2025","passed","Wed Apr 09 15:24:00 GMT 2025","","test_substrate_node_is_synced","",""
"","0","test_can_create_connection[Test for Bittensor, url: wss://entrypoint-finney.opentensor.ai:443]","tests","Wed Apr 09 15:25:45 GMT 2025","passed","Wed Apr 09 15:25:45 GMT 2025","","test_nodes_availability","",""
"","1","test_chainId[Test for Polkadot Coretime]","tests","Wed Apr 09 15:24:29 GMT 2025","passed","Wed Apr 09 15:24:29 GMT 2025","TestChainId","test_network_parameters","",""
"","1026","test_rpc_node_is_synced[Test for Ethereum, url: https://1rpc.io/eth]","tests","Wed Apr 09 15:22:58 GMT 2025","passed","Wed Apr 09 15:22:59 GMT 2025","TestETHNodesAvailability","test_eth_nodes_availability","",""
"","0","test_can_create_connection[Test for Kusama, url: wss://apps-kusama-rpc.polkadot.io]","tests","Wed Apr 09 15:22:40 GMT 2025","passed","Wed Apr 09 15:22:40 GMT 2025","","test_nodes_availability","",""
"","0","test_precision[Test for Kusama Coretime]","tests","Wed Apr 09 15:24:24 GMT 2025","passed","Wed Apr 09 15:24:24 GMT 2025","TestPrecision","test_network_parameters","",""
"","1","test_can_create_connection[Test for Acala, url: wss://acala-rpc-3.aca-api.network/ws]","tests","Wed Apr 09 15:24:25 GMT 2025","passed","Wed Apr 09 15:24:25 GMT 2025","","test_nodes_availability","",""
"","1","test_can_create_connection[Test for Westend (TESTNET), url: wss://westend.api.onfinality.io/public-ws]","tests","Wed Apr 09 15:23:28 GMT 2025","passed","Wed Apr 09 15:23:28 GMT 2025","","test_nodes_availability","",""
"","0","test_precision[Test for Zeitgeist]","tests","Wed Apr 09 15:23:06 GMT 2025","passed","Wed Apr 09 15:23:06 GMT 2025","TestPrecision","test_network_parameters","",""
"","0","test_can_create_connection[Test for Polkadot People, url: wss://rpc-people-polkadot.luckyfriday.io]","tests","Wed Apr 09 15:22:43 GMT 2025","passed","Wed Apr 09 15:22:43 GMT 2025","","test_nodes_availability","",""
"","74","test_rpc_method_is_available[Test for Hydration, url: wss://hydration.dotters.network]","tests","Wed Apr 09 15:24:26 GMT 2025","passed","Wed Apr 09 15:24:26 GMT 2025","","test_rpc_methods_availability","",""
"","0","test_chainId[Test for DENTNet]","tests","Wed Apr 09 15:24:21 GMT 2025","passed","Wed Apr 09 15:24:21 GMT 2025","TestChainId","test_network_parameters","",""
"","136","test_rpc_node_is_synced[Test for Xode, url: wss://rpc-kr.xode.net]","tests","Wed Apr 09 15:27:45 GMT 2025","passed","Wed Apr 09 15:27:45 GMT 2025","","test_substrate_node_is_synced","",""
"","0","test_precision[Test for Ajuna]","tests","Wed Apr 09 15:23:33 GMT 2025","passed","Wed Apr 09 15:23:33 GMT 2025","TestPrecision","test_network_parameters","",""
"","115","test_rpc_method_is_available[Test for Polymesh, url: wss://mainnet-rpc.polymesh.network]","tests","Wed Apr 09 15:25:23 GMT 2025","passed","Wed Apr 09 15:25:23 GMT 2025","","test_rpc_methods_availability","",""
"","109","test_rpc_method_is_available[Test for Kusama Bridge Hub, url: wss://sys.ibp.network/bridgehub-kusama]","tests","Wed Apr 09 15:25:51 GMT 2025","passed","Wed Apr 09 15:25:51 GMT 2025","","test_rpc_methods_availability","",""
"","113","test_rpc_method_is_available[Test for Creditcoin, url: wss://mainnet3.creditcoin.network]","tests","Wed Apr 09 15:26:50 GMT 2025","passed","Wed Apr 09 15:26:50 GMT 2025","","test_rpc_methods_availability","",""
"","155","test_rpc_node_is_synced[Test for Subsocial, url: wss://para.f3joule.space]","tests","Wed Apr 09 15:26:18 GMT 2025","passed","Wed Apr 09 15:26:18 GMT 2025","","test_substrate_node_is_synced","",""
"","142","test_rpc_node_is_synced[Test for Encointer, url: wss://api.kusama.encointer.org]","tests","Wed Apr 09 15:26:01 GMT 2025","passed","Wed Apr 09 15:26:01 GMT 2025","","test_substrate_node_is_synced","",""
"","1","test_chainId[Test for Ternoa]","tests","Wed Apr 09 15:24:00 GMT 2025","passed","Wed Apr 09 15:24:00 GMT 2025","TestChainId","test_network_parameters","",""
"","163","test_rpc_node_is_synced[Test for Subsocial, url: wss://para.subsocial.network]","tests","Wed Apr 09 15:26:21 GMT 2025","passed","Wed Apr 09 15:26:22 GMT 2025","","test_substrate_node_is_synced","",""
"","0","test_chainId[Test for Creditcoin]","tests","Wed Apr 09 15:24:19 GMT 2025","passed","Wed Apr 09 15:24:19 GMT 2025","TestChainId","test_network_parameters","",""
"","0","test_can_create_connection[Test for KILT, url: wss://kilt-rpc.dwellir.com]","tests","Wed Apr 09 15:23:36 GMT 2025","passed","Wed Apr 09 15:23:36 GMT 2025","","test_nodes_availability","",""
"","0","test_can_create_connection[Test for Avail, url: wss://avail-mainnet.public.blastapi.io/]","tests","Wed Apr 09 15:26:29 GMT 2025","passed","Wed Apr 09 15:26:29 GMT 2025","","test_nodes_availability","",""
"","0","test_address_prefix[Test for 3DPass]","tests","Wed Apr 09 15:23:23 GMT 2025","passed","Wed Apr 09 15:23:23 GMT 2025","TestNetworkPrefix","test_network_parameters","",""
"","63","test_rpc_node_is_synced[Test for Altair, url: wss://altair.api.onfinality.io/public-ws]","tests","Wed Apr 09 15:24:34 GMT 2025","passed","Wed Apr 09 15:24:34 GMT 2025","","test_substrate_node_is_synced","",""
"","0","test_chainId[Test for Nodle Parachain]","tests","Wed Apr 09 15:23:20 GMT 2025","passed","Wed Apr 09 15:23:20 GMT 2025","TestChainId","test_network_parameters","",""
"","329","test_rpc_node_is_synced[Test for Acala, url: wss://acala-rpc-3.aca-api.network/ws]","tests","Wed Apr 09 15:25:04 GMT 2025","passed","Wed Apr 09 15:25:04 GMT 2025","","test_substrate_node_is_synced","",""
"","0","test_chainId[Test for Subsocial]","tests","Wed Apr 09 15:23:11 GMT 2025","passed","Wed Apr 09 15:23:11 GMT 2025","TestChainId","test_network_parameters","",""
"","85","test_rpc_method_is_available[Test for Kusama People, url: wss://people-kusama.dotters.network]","tests","Wed Apr 09 15:22:54 GMT 2025","passed","Wed Apr 09 15:22:54 GMT 2025","","test_rpc_methods_availability","",""
"","0","test_precision[Test for Crab]","tests","Wed Apr 09 15:23:54 GMT 2025","passed","Wed Apr 09 15:23:54 GMT 2025","TestPrecision","test_network_parameters","",""
"","1","test_can_create_connection[Test for Polkadot Collectives, url: wss://dot-rpc.stakeworld.io/collectives]","tests","Wed Apr 09 15:26:06 GMT 2025","passed","Wed Apr 09 15:26:06 GMT 2025","","test_nodes_availability","",""
"","0","test_chainId[Test for Humanode]","tests","Wed Apr 09 15:24:26 GMT 2025","passed","Wed Apr 09 15:24:26 GMT 2025","TestChainId","test_network_parameters","",""
"","0","test_can_create_connection[Test for Acala, url: wss://acala-rpc.dwellir.com]","tests","Wed Apr 09 15:24:49 GMT 2025","passed","Wed Apr 09 15:24:49 GMT 2025","","test_nodes_availability","",""
"","98","test_rpc_method_is_available[Test for Kusama People, url: wss://ksm-rpc.stakeworld.io/people]","tests","Wed Apr 09 15:22:59 GMT 2025","passed","Wed Apr 09 15:22:59 GMT 2025","","test_rpc_methods_availability","",""
"","0","test_address_prefix[Test for Centrifuge Parachain]","tests","Wed Apr 09 15:23:00 GMT 2025","passed","Wed Apr 09 15:23:00 GMT 2025","TestNetworkPrefix","test_network_parameters","",""
"","0","test_precision[Test for InvArch]","tests","Wed Apr 09 15:24:10 GMT 2025","broken","Wed Apr 09 15:24:10 GMT 2025","TestPrecision","test_network_parameters","",""
"","86","test_rpc_method_is_available[Test for QUARTZ, url: wss://quartz.unique.network]","tests","Wed Apr 09 15:23:37 GMT 2025","passed","Wed Apr 09 15:23:37 GMT 2025","","test_rpc_methods_availability","",""
"","0","test_precision[Test for Polkadot Asset Hub]","tests","Wed Apr 09 15:22:54 GMT 2025","passed","Wed Apr 09 15:22:54 GMT 2025","TestPrecision","test_network_parameters","",""
"","1","test_chainId[Test for Hyperbridge Nexus]","tests","Wed Apr 09 15:24:13 GMT 2025","passed","Wed Apr 09 15:24:13 GMT 2025","TestChainId","test_network_parameters","",""
"","348","test_rpc_node_is_synced[Test for Acala, url: wss://acala-rpc-2.aca-api.network/ws]","tests","Wed Apr 09 15:24:59 GMT 2025","passed","Wed Apr 09 15:25:00 GMT 2025","","test_substrate_node_is_synced","",""
"","250","test_rpc_node_is_synced[Test for Polkadot, url: wss://rpc-polkadot-2.novasama-tech.org]","tests","Wed Apr 09 15:23:01 GMT 2025","passed","Wed Apr 09 15:23:02 GMT 2025","","test_substrate_node_is_synced","",""
"","69","test_rpc_method_is_available[Test for Polkadot Asset Hub, url: wss://asset-hub-polkadot.dotters.network]","tests","Wed Apr 09 15:24:00 GMT 2025","passed","Wed Apr 09 15:24:00 GMT 2025","","test_rpc_methods_availability","",""
"","0","test_address_prefix[Test for DENTNet]","tests","Wed Apr 09 15:23:56 GMT 2025","passed","Wed Apr 09 15:23:56 GMT 2025","TestNetworkPrefix","test_network_parameters","",""
"","0","test_precision[Test for Acurast Canary]","tests","Wed Apr 09 15:24:00 GMT 2025","passed","Wed Apr 09 15:24:00 GMT 2025","TestPrecision","test_network_parameters","",""
"","157","test_rpc_node_is_synced[Test for Kusama Coretime, url: wss://coretime-kusama-rpc.dwellir.com]","tests","Wed Apr 09 15:27:35 GMT 2025","passed","Wed Apr 09 15:27:35 GMT 2025","","test_substrate_node_is_synced","",""
"","0","test_chainId[Test for Avail]","tests","Wed Apr 09 15:24:16 GMT 2025","passed","Wed Apr 09 15:24:16 GMT 2025","TestChainId","test_network_parameters","",""
"","79","test_rpc_node_is_synced[Test for Kusama, url: wss://rpc-kusama.luckyfriday.io]","tests","Wed Apr 09 15:23:07 GMT 2025","passed","Wed Apr 09 15:23:07 GMT 2025","","test_substrate_node_is_synced","",""
"","364","test_rpc_node_work_fast[Test for Ethereum, url: https://1rpc.io/eth]","tests","Wed Apr 09 15:22:58 GMT 2025","passed","Wed Apr 09 15:22:58 GMT 2025","TestETHNodesAvailability","test_eth_nodes_availability","",""
"","6","test_has_new_assets[Test for Enjin Relay]","tests","Wed Apr 09 15:23:48 GMT 2025","passed","Wed Apr 09 15:23:48 GMT 2025","TestAssets","test_check_new_assets","",""
"","0","test_can_create_connection[Test for Integritee Parachain, url: wss://kusama.api.integritee.network]","tests","Wed Apr 09 15:23:51 GMT 2025","passed","Wed Apr 09 15:23:51 GMT 2025","","test_nodes_availability","",""
"","68","test_rpc_method_is_available[Test for Polkadot, url: wss://rpc-polkadot.luckyfriday.io]","tests","Wed Apr 09 15:23:24 GMT 2025","passed","Wed Apr 09 15:23:24 GMT 2025","","test_rpc_methods_availability","",""
"","0","test_can_create_connection[Test for Polkadot People, url: wss://sys.ibp.network/people-polkadot]","tests","Wed Apr 09 15:22:40 GMT 2025","passed","Wed Apr 09 15:22:40 GMT 2025","","test_nodes_availability","",""
"","112","test_rpc_method_is_available[Test for Polkadot, url: wss://1rpc.io/dot]","tests","Wed Apr 09 15:23:21 GMT 2025","passed","Wed Apr 09 15:23:21 GMT 2025","","test_rpc_methods_availability","",""
"","156","test_rpc_node_is_synced[Test for Joystream, url: wss://rpc.joystream.org]","tests","Wed Apr 09 15:26:53 GMT 2025","passed","Wed Apr 09 15:26:53 GMT 2025","","test_substrate_node_is_synced","",""
"","68","test_rpc_method_is_available[Test for Polkadot Coretime, url: wss://polkadot-coretime-rpc.polkadot.io]","tests","Wed Apr 09 15:27:15 GMT 2025","passed","Wed Apr 09 15:27:15 GMT 2025","","test_rpc_methods_availability","",""
"","0","test_can_create_connection[Test for Polkadex, url: wss://polkadex.public.curie.radiumblock.co/ws]","tests","Wed Apr 09 15:25:08 GMT 2025","passed","Wed Apr 09 15:25:08 GMT 2025","","test_nodes_availability","",""
"","5","test_has_new_assets[Test for Bifrost Polkadot]","tests","Wed Apr 09 15:23:07 GMT 2025","passed","Wed Apr 09 15:23:07 GMT 2025","TestAssets","test_check_new_assets","",""
"","0","test_can_create_connection[Test for Aventus, url: wss://public-rpc.mainnet.aventus.network]","tests","Wed Apr 09 15:25:41 GMT 2025","passed","Wed Apr 09 15:25:41 GMT 2025","","test_nodes_availability","",""
"","1","test_can_create_connection[Test for Polkadot, url: wss://1rpc.io/dot]","tests","Wed Apr 09 15:23:19 GMT 2025","passed","Wed Apr 09 15:23:19 GMT 2025","","test_nodes_availability","",""
"","0","test_chainId[Test for Polkadot Bridge Hub]","tests","Wed Apr 09 15:23:49 GMT 2025","passed","Wed Apr 09 15:23:49 GMT 2025","TestChainId","test_network_parameters","",""
"","0","test_can_create_connection[Test for Polkadot Coretime, url: wss://polkadot-coretime-rpc.polkadot.io]","tests","Wed Apr 09 15:26:52 GMT 2025","passed","Wed Apr 09 15:26:52 GMT 2025","","test_nodes_availability","",""
"","1","test_can_create_connection[Test for Subsocial, url: wss://subsocial-rpc.dwellir.com]","tests","Wed Apr 09 15:25:15 GMT 2025","passed","Wed Apr 09 15:25:15 GMT 2025","","test_nodes_availability","",""
"","191","test_rpc_node_is_synced[Test for Tangle, url: wss://rpc.tangle.tools]","tests","Wed Apr 09 15:27:33 GMT 2025","passed","Wed Apr 09 15:27:33 GMT 2025","","test_substrate_node_is_synced","",""
"","97","test_rpc_method_is_available[Test for Avail, url: wss://zeref-api.slowops.xyz/ws]","tests","Wed Apr 09 15:26:43 GMT 2025","passed","Wed Apr 09 15:26:44 GMT 2025","","test_rpc_methods_availability","",""
"","1","test_precision[Test for Mangata X]","tests","Wed Apr 09 15:23:04 GMT 2025","passed","Wed Apr 09 15:23:04 GMT 2025","TestPrecision","test_network_parameters","",""
"","102","test_rpc_method_is_available[Test for Moonriver, url: wss://moonriver.public.curie.radiumblock.co/ws]","tests","Wed Apr 09 15:22:52 GMT 2025","passed","Wed Apr 09 15:22:52 GMT 2025","","test_rpc_methods_availability","",""
"","8","test_has_new_assets[Test for DAO IPCI]","tests","Wed Apr 09 15:23:20 GMT 2025","passed","Wed Apr 09 15:23:20 GMT 2025","TestAssets","test_check_new_assets","",""
"","0","test_address_prefix[Test for Acala]","tests","Wed Apr 09 15:22:38 GMT 2025","passed","Wed Apr 09 15:22:38 GMT 2025","TestNetworkPrefix","test_network_parameters","",""
"","286","test_rpc_node_is_synced[Test for Polkadot People, url: wss://people-polkadot.public.curie.radiumblock.co/ws]","tests","Wed Apr 09 15:23:07 GMT 2025","passed","Wed Apr 09 15:23:07 GMT 2025","","test_substrate_node_is_synced","",""
"","0","test_precision[Test for Ternoa]","tests","Wed Apr 09 15:23:45 GMT 2025","passed","Wed Apr 09 15:23:45 GMT 2025","TestPrecision","test_network_parameters","",""
"","71","test_rpc_method_is_available[Test for Pendulum, url: wss://rpc-pendulum.prd.pendulumchain.tech]","tests","Wed Apr 09 15:26:00 GMT 2025","passed","Wed Apr 09 15:26:00 GMT 2025","","test_rpc_methods_availability","",""
"","73","test_rpc_method_is_available[Test for krest, url: wss://krest.api.onfinality.io/public-ws]","tests","Wed Apr 09 15:26:19 GMT 2025","passed","Wed Apr 09 15:26:19 GMT 2025","","test_rpc_methods_availability","",""
"","104","test_rpc_method_is_available[Test for Polkadot, url: wss://dot-rpc.stakeworld.io]","tests","Wed Apr 09 15:23:12 GMT 2025","passed","Wed Apr 09 15:23:12 GMT 2025","","test_rpc_methods_availability","",""
"","20","test_rpc_node_is_synced[Test for Polkadot People, url: wss://sys.ibp.network/people-polkadot]","tests","Wed Apr 09 15:22:57 GMT 2025","passed","Wed Apr 09 15:22:57 GMT 2025","","test_substrate_node_is_synced","",""
"","0","test_can_create_connection[Test for Crust Polkadot Parachain, url: wss://crust-parachain.crustapps.net]","tests","Wed Apr 09 15:25:39 GMT 2025","passed","Wed Apr 09 15:25:39 GMT 2025","","test_nodes_availability","",""
"","74","test_rpc_method_is_available[Test for Astar, url: wss://astar-rpc.dwellir.com]","tests","Wed Apr 09 15:24:56 GMT 2025","passed","Wed Apr 09 15:24:56 GMT 2025","","test_rpc_methods_availability","",""
"","167","test_rpc_node_is_synced[Test for QUARTZ, url: wss://eu-ws-quartz.unique.network]","tests","Wed Apr 09 15:24:20 GMT 2025","passed","Wed Apr 09 15:24:20 GMT 2025","","test_substrate_node_is_synced","",""
"","79","test_rpc_method_is_available[Test for Parallel, url: wss://parallel.gatotech.network]","tests","Wed Apr 09 15:23:51 GMT 2025","passed","Wed Apr 09 15:23:51 GMT 2025","","test_rpc_methods_availability","",""
"","1","test_can_create_connection[Test for Kusama Coretime, url: wss://rpc-coretime-kusama.luckyfriday.io]","tests","Wed Apr 09 15:26:52 GMT 2025","passed","Wed Apr 09 15:26:52 GMT 2025","","test_nodes_availability","",""
"","103","test_rpc_method_is_available[Test for Enjin Matrix, url: wss://rpc.matrix.blockchain.enjin.io]","tests","Wed Apr 09 15:26:03 GMT 2025","passed","Wed Apr 09 15:26:03 GMT 2025","","test_rpc_methods_availability","",""
"","0","test_can_create_connection[Test for QUARTZ, url: wss://quartz.unique.network]","tests","Wed Apr 09 15:23:43 GMT 2025","passed","Wed Apr 09 15:23:43 GMT 2025","","test_nodes_availability","",""
"","0","test_address_prefix[Test for Kusama]","tests","Wed Apr 09 15:22:39 GMT 2025","passed","Wed Apr 09 15:22:39 GMT 2025","TestNetworkPrefix","test_network_parameters","",""
"","70","test_rpc_method_is_available[Test for Bifrost Polkadot, url: wss://bifrost-polkadot.ibp.network]","tests","Wed Apr 09 15:25:01 GMT 2025","passed","Wed Apr 09 15:25:01 GMT 2025","","test_rpc_methods_availability","",""
"","0","test_can_create_connection[Test for Mangata X, url: wss://kusama-rpc.mangata.online]","tests","Wed Apr 09 15:25:07 GMT 2025","passed","Wed Apr 09 15:25:07 GMT 2025","","test_nodes_availability","",""
"","0","test_can_create_connection[Test for Subsocial, url: wss://para.subsocial.network]","tests","Wed Apr 09 15:25:22 GMT 2025","passed","Wed Apr 09 15:25:22 GMT 2025","","test_nodes_availability","",""
"","1","test_can_create_connection[Test for Shiden, url: wss://shiden.api.onfinality.io/public-ws]","tests","Wed Apr 09 15:23:55 GMT 2025","passed","Wed Apr 09 15:23:55 GMT 2025","","test_nodes_availability","",""
"","0","test_precision[Test for Creditcoin]","tests","Wed Apr 09 15:24:11 GMT 2025","passed","Wed Apr 09 15:24:11 GMT 2025","TestPrecision","test_network_parameters","",""
"","63","test_rpc_node_is_synced[Test for krest, url: wss://krest.api.onfinality.io/public-ws]","tests","Wed Apr 09 15:26:48 GMT 2025","passed","Wed Apr 09 15:26:48 GMT 2025","","test_substrate_node_is_synced","",""
"","74","test_rpc_method_is_available[Test for UNIQUE, url: wss://eu-ws.unique.network/]","tests","Wed Apr 09 15:25:42 GMT 2025","passed","Wed Apr 09 15:25:42 GMT 2025","","test_rpc_methods_availability","",""
"","97","test_rpc_method_is_available[Test for Avail, url: wss://avail-mainnet.public.blastapi.io/]","tests","Wed Apr 09 15:26:46 GMT 2025","passed","Wed Apr 09 15:26:46 GMT 2025","","test_rpc_methods_availability","",""
"","68","test_rpc_method_is_available[Test for DAO IPCI, url: wss://ipci.rpc.robonomics.network]","tests","Wed Apr 09 15:25:28 GMT 2025","passed","Wed Apr 09 15:25:28 GMT 2025","","test_rpc_methods_availability","",""
"","1","test_chainId[Test for Kabocha]","tests","Wed Apr 09 15:23:26 GMT 2025","passed","Wed Apr 09 15:23:26 GMT 2025","TestChainId","test_network_parameters","",""
"","0","test_chainId[Test for DAO IPCI]","tests","Wed Apr 09 15:23:29 GMT 2025","passed","Wed Apr 09 15:23:29 GMT 2025","TestChainId","test_network_parameters","",""
"","0","test_can_create_connection[Test for Polkadot Bridge Hub, url: wss://dot-rpc.stakeworld.io/bridgehub]","tests","Wed Apr 09 15:25:51 GMT 2025","passed","Wed Apr 09 15:25:51 GMT 2025","","test_nodes_availability","",""
"","20","test_rpc_node_is_synced[Test for Polkadot, url: wss://rpc.ibp.network/polkadot]","tests","Wed Apr 09 15:23:04 GMT 2025","passed","Wed Apr 09 15:23:04 GMT 2025","","test_substrate_node_is_synced","",""
"","6","test_has_new_assets[Test for Subsocial]","tests","Wed Apr 09 15:23:11 GMT 2025","passed","Wed Apr 09 15:23:11 GMT 2025","TestAssets","test_check_new_assets","",""
"","77","test_rpc_method_is_available[Test for Moonriver, url: wss://moonriver-rpc.dwellir.com]","tests","Wed Apr 09 15:22:57 GMT 2025","passed","Wed Apr 09 15:22:57 GMT 2025","","test_rpc_methods_availability","",""
"","0","test_can_create_connection[Test for Manta Atlantic, url: wss://ws.manta.systems]","tests","Wed Apr 09 15:26:11 GMT 2025","passed","Wed Apr 09 15:26:11 GMT 2025","","test_nodes_availability","",""
"","1","test_chainId[Test for Polimec]","tests","Wed Apr 09 15:24:05 GMT 2025","passed","Wed Apr 09 15:24:05 GMT 2025","TestChainId","test_network_parameters","",""
"","1","test_precision[Test for Bifrost Kusama]","tests","Wed Apr 09 15:22:48 GMT 2025","passed","Wed Apr 09 15:22:48 GMT 2025","TestPrecision","test_network_parameters","",""
"","0","test_precision[Test for Centrifuge Parachain]","tests","Wed Apr 09 15:23:09 GMT 2025","passed","Wed Apr 09 15:23:09 GMT 2025","TestPrecision","test_network_parameters","",""
"","76","test_rpc_method_is_available[Test for Polkadot Bridge Hub, url: wss://bridge-hub-polkadot.dotters.network]","tests","Wed Apr 09 15:25:45 GMT 2025","passed","Wed Apr 09 15:25:45 GMT 2025","","test_rpc_methods_availability","",""
"","117","test_rpc_method_is_available[Test for Polkadot Coretime, url: wss://rpc-coretime-polkadot.luckyfriday.io]","tests","Wed Apr 09 15:27:03 GMT 2025","passed","Wed Apr 09 15:27:04 GMT 2025","","test_rpc_methods_availability","",""
"","43","test_rpc_node_is_synced[Test for Kreivo, url: wss://kreivo.kippu.rocks/]","tests","Wed Apr 09 15:27:05 GMT 2025","passed","Wed Apr 09 15:27:05 GMT 2025","","test_substrate_node_is_synced","",""
"","0","test_precision[Test for Enjin Relay]","tests","Wed Apr 09 15:23:59 GMT 2025","passed","Wed Apr 09 15:23:59 GMT 2025","TestPrecision","test_network_parameters","",""
"","1","test_can_create_connection[Test for Westend (TESTNET), url: wss://rpc.ibp.network/westend]","tests","Wed Apr 09 15:23:14 GMT 2025","passed","Wed Apr 09 15:23:14 GMT 2025","","test_nodes_availability","",""
"","0","test_can_create_connection[Test for Polkadot Bridge Hub, url: wss://bridge-hub-polkadot.dotters.network]","tests","Wed Apr 09 15:25:46 GMT 2025","passed","Wed Apr 09 15:25:46 GMT 2025","","test_nodes_availability","",""
"","167","test_rpc_node_is_synced[Test for Polkadot, url: wss://apps-rpc.polkadot.io]","tests","Wed Apr 09 15:23:12 GMT 2025","passed","Wed Apr 09 15:23:12 GMT 2025","","test_substrate_node_is_synced","",""
"","85","test_rpc_node_is_synced[Test for Polkadot Coretime, url: wss://rpc-coretime-polkadot.luckyfriday.io]","tests","Wed Apr 09 15:27:35 GMT 2025","passed","Wed Apr 09 15:27:35 GMT 2025","","test_substrate_node_is_synced","",""
"","0","test_can_create_connection[Test for Interlay, url: wss://rpc-interlay.luckyfriday.io/]","tests","Wed Apr 09 15:25:01 GMT 2025","passed","Wed Apr 09 15:25:01 GMT 2025","","test_nodes_availability","",""
"","19","test_rpc_node_is_synced[Test for Polkadot Coretime, url: wss://coretime-polkadot.dotters.network]","tests","Wed Apr 09 15:27:30 GMT 2025","passed","Wed Apr 09 15:27:30 GMT 2025","","test_substrate_node_is_synced","",""
"","147","test_rpc_node_is_synced[Test for Energy Web X, url: wss://public-rpc.mainnet.energywebx.com/]","tests","Wed Apr 09 15:26:57 GMT 2025","passed","Wed Apr 09 15:26:57 GMT 2025","","test_substrate_node_is_synced","",""
"","0","test_chainId[Test for Bifrost Kusama]","tests","Wed Apr 09 15:23:16 GMT 2025","passed","Wed Apr 09 15:23:16 GMT 2025","TestChainId","test_network_parameters","",""
"","138","test_rpc_node_is_synced[Test for Ternoa, url: wss://mainnet.ternoa.network]","tests","Wed Apr 09 15:25:50 GMT 2025","passed","Wed Apr 09 15:25:50 GMT 2025","","test_substrate_node_is_synced","",""
"","72","test_rpc_method_is_available[Test for Kusama, url: wss://1rpc.io/ksm]","tests","Wed Apr 09 15:22:59 GMT 2025","passed","Wed Apr 09 15:22:59 GMT 2025","","test_rpc_methods_availability","",""
"","0","test_chainId[Test for Bajun]","tests","Wed Apr 09 15:23:51 GMT 2025","passed","Wed Apr 09 15:23:51 GMT 2025","TestChainId","test_network_parameters","",""
"","0","test_can_create_connection[Test for Kusama Coretime, url: wss://coretime-kusama-rpc.dwellir.com]","tests","Wed Apr 09 15:26:56 GMT 2025","passed","Wed Apr 09 15:26:56 GMT 2025","","test_nodes_availability","",""
"","1","test_precision[Test for Polkadot Bridge Hub]","tests","Wed Apr 09 15:23:36 GMT 2025","passed","Wed Apr 09 15:23:36 GMT 2025","TestPrecision","test_network_parameters","",""
"","110","test_rpc_method_is_available[Test for Polkadot People, url: wss://people-polkadot.public.curie.radiumblock.co/ws]","tests","Wed Apr 09 15:22:48 GMT 2025","passed","Wed Apr 09 15:22:48 GMT 2025","","test_rpc_methods_availability","",""
"","172","test_rpc_node_is_synced[Test for Bit.Country Pioneer, url: wss://pioneer-rpc-3.bit.country/wss]","tests","Wed Apr 09 15:24:45 GMT 2025","passed","Wed Apr 09 15:24:45 GMT 2025","","test_substrate_node_is_synced","",""
"","146","test_rpc_node_is_synced[Test for Acala, url: wss://acala-rpc.dwellir.com]","tests","Wed Apr 09 15:25:16 GMT 2025","passed","Wed Apr 09 15:25:16 GMT 2025","","test_substrate_node_is_synced","",""
"","0","test_can_create_connection[Test for Kusama, url: wss://kusama.public.curie.radiumblock.co/ws]","tests","Wed Apr 09 15:23:03 GMT 2025","passed","Wed Apr 09 15:23:03 GMT 2025","","test_nodes_availability","",""
"","75","test_rpc_method_is_available[Test for Frequency, url: wss://1.rpc.frequency.xyz]","tests","Wed Apr 09 15:26:12 GMT 2025","passed","Wed Apr 09 15:26:12 GMT 2025","","test_rpc_methods_availability","",""
"","482","test_rpc_method_is_available[Test for Westend (TESTNET), url: wss://rpc.ibp.network/westend]","tests","Wed Apr 09 15:23:16 GMT 2025","passed","Wed Apr 09 15:23:16 GMT 2025","","test_rpc_methods_availability","",""
"","79","test_rpc_method_is_available[Test for Frequency, url: wss://0.rpc.frequency.xyz]","tests","Wed Apr 09 15:26:09 GMT 2025","passed","Wed Apr 09 15:26:09 GMT 2025","","test_rpc_methods_availability","",""
"","1","test_address_prefix[Test for Shiden]","tests","Wed Apr 09 15:22:48 GMT 2025","passed","Wed Apr 09 15:22:48 GMT 2025","TestNetworkPrefix","test_network_parameters","",""
"","68","test_rpc_method_is_available[Test for Interlay, url: wss://api.interlay.io/parachain]","tests","Wed Apr 09 15:24:42 GMT 2025","passed","Wed Apr 09 15:24:42 GMT 2025","","test_rpc_methods_availability","",""
"","65","test_rpc_node_is_synced[Test for Zeitgeist, url: wss://zeitgeist.api.onfinality.io/public-ws]","tests","Wed Apr 09 15:26:09 GMT 2025","passed","Wed Apr 09 15:26:09 GMT 2025","","test_substrate_node_is_synced","",""
"","77","test_rpc_method_is_available[Test for peaq, url: wss://peaq-rpc.dwellir.com]","tests","Wed Apr 09 15:26:56 GMT 2025","passed","Wed Apr 09 15:26:56 GMT 2025","","test_rpc_methods_availability","",""
"","0","test_precision[Test for Kusama]","tests","Wed Apr 09 15:22:42 GMT 2025","passed","Wed Apr 09 15:22:42 GMT 2025","TestPrecision","test_network_parameters","",""
"","143","test_rpc_node_is_synced[Test for DAO IPCI, url: wss://ipci.rpc.robonomics.network]","tests","Wed Apr 09 15:25:58 GMT 2025","passed","Wed Apr 09 15:25:58 GMT 2025","","test_substrate_node_is_synced","",""
"","0","test_chainId[Test for Polymesh]","tests","Wed Apr 09 15:23:25 GMT 2025","passed","Wed Apr 09 15:23:25 GMT 2025","TestChainId","test_network_parameters","",""
"","58","test_rpc_node_is_synced[Test for Hyperbridge Nexus, url: wss://nexus.ibp.network]","tests","Wed Apr 09 15:27:07 GMT 2025","passed","Wed Apr 09 15:27:07 GMT 2025","","test_substrate_node_is_synced","",""
"","0","test_can_create_connection[Test for Kintsugi, url: wss://api-kusama.interlay.io/parachain]","tests","Wed Apr 09 15:25:10 GMT 2025","passed","Wed Apr 09 15:25:10 GMT 2025","","test_nodes_availability","",""
"","0","test_can_create_connection[Test for Tangle, url: wss://rpc.tangle.tools]","tests","Wed Apr 09 15:27:07 GMT 2025","passed","Wed Apr 09 15:27:07 GMT 2025","","test_nodes_availability","",""
"","0","test_can_create_connection[Test for NeuroWeb, url: wss://parachain-rpc.origin-trail.network]","tests","Wed Apr 09 15:25:18 GMT 2025","passed","Wed Apr 09 15:25:18 GMT 2025","","test_nodes_availability","",""
"","0","test_can_create_connection[Test for Westend (TESTNET), url: wss://westend.dotters.network]","tests","Wed Apr 09 15:23:16 GMT 2025","passed","Wed Apr 09 15:23:16 GMT 2025","","test_nodes_availability","",""
"","0","test_chainId[Test for Pendulum]","tests","Wed Apr 09 15:23:42 GMT 2025","passed","Wed Apr 09 15:23:42 GMT 2025","TestChainId","test_network_parameters","",""
"","69","test_rpc_method_is_available[Test for Kreivo, url: wss://kreivo.io/]","tests","Wed Apr 09 15:26:45 GMT 2025","passed","Wed Apr 09 15:26:45 GMT 2025","","test_rpc_methods_availability","",""
"","5","test_has_new_assets[Test for DENTNet]","tests","Wed Apr 09 15:23:59 GMT 2025","passed","Wed Apr 09 15:23:59 GMT 2025","TestAssets","test_check_new_assets","",""
"","7","test_has_new_assets[Test for Crust Polkadot Parachain]","tests","Wed Apr 09 15:23:20 GMT 2025","passed","Wed Apr 09 15:23:20 GMT 2025","TestAssets","test_check_new_assets","",""
"","6","test_has_new_assets[Test for CC Enterprise]","tests","Wed Apr 09 15:23:57 GMT 2025","passed","Wed Apr 09 15:23:57 GMT 2025","TestAssets","test_check_new_assets","",""
"","0","test_can_create_connection[Test for Xode, url: wss://rpcnodea01.xode.net/n7yoxCmcIrCF6VziCcDmYTwL8R03a/rpc]","tests","Wed Apr 09 15:26:48 GMT 2025","passed","Wed Apr 09 15:26:48 GMT 2025","","test_nodes_availability","",""
"","157","test_rpc_node_is_synced[Test for Enjin Relay, url: wss://enjin-relay-rpc.dwellir.com]","tests","Wed Apr 09 15:26:59 GMT 2025","passed","Wed Apr 09 15:26:59 GMT 2025","","test_substrate_node_is_synced","",""
"","145","test_rpc_node_is_synced[Test for Kusama Asset Hub, url: wss://asset-hub-kusama-rpc.dwellir.com]","tests","Wed Apr 09 15:24:03 GMT 2025","passed","Wed Apr 09 15:24:03 GMT 2025","","test_substrate_node_is_synced","",""
"","0","test_precision[Test for QUARTZ]","tests","Wed Apr 09 15:23:00 GMT 2025","passed","Wed Apr 09 15:23:00 GMT 2025","TestPrecision","test_network_parameters","",""
"","1","test_can_create_connection[Test for Ajuna, url: wss://ajuna.dotters.network]","tests","Wed Apr 09 15:25:55 GMT 2025","passed","Wed Apr 09 15:25:55 GMT 2025","","test_nodes_availability","",""
"","20","test_rpc_node_is_synced[Test for Polkadot People, url: wss://people-polkadot.dotters.network]","tests","Wed Apr 09 15:22:59 GMT 2025","passed","Wed Apr 09 15:22:59 GMT 2025","","test_substrate_node_is_synced","",""
"","1","test_chainId[Test for QUARTZ]","tests","Wed Apr 09 15:23:30 GMT 2025","passed","Wed Apr 09 15:23:30 GMT 2025","TestChainId","test_network_parameters","",""
"","1","test_can_create_connection[Test for Robonomics, url: wss://kusama.rpc.robonomics.network/]","tests","Wed Apr 09 15:24:58 GMT 2025","passed","Wed Apr 09 15:24:58 GMT 2025","","test_nodes_availability","",""
"","0","test_can_create_connection[Test for Polkadot Asset Hub, url: wss://asset-hub-polkadot.dotters.network]","tests","Wed Apr 09 15:23:55 GMT 2025","passed","Wed Apr 09 15:23:55 GMT 2025","","test_nodes_availability","",""
"","38","test_rpc_node_is_synced[Test for Polymesh, url: wss://mainnet-rpc.polymesh.network]","tests","Wed Apr 09 15:25:54 GMT 2025","passed","Wed Apr 09 15:25:54 GMT 2025","","test_substrate_node_is_synced","",""
"","200","test_rpc_node_is_synced[Test for JAMTON, url: wss://rpc.jamton.network]","tests","Wed Apr 09 15:27:28 GMT 2025","passed","Wed Apr 09 15:27:28 GMT 2025","","test_substrate_node_is_synced","",""
"","0","test_can_create_connection[Test for Enjin Matrix, url: wss://rpc.matrix.blockchain.enjin.io]","tests","Wed Apr 09 15:25:59 GMT 2025","passed","Wed Apr 09 15:25:59 GMT 2025","","test_nodes_availability","",""
"","95","test_rpc_method_is_available[Test for Enjin Matrix, url: wss://enjin-matrix-rpc-1.dwellir.com]","tests","Wed Apr 09 15:26:09 GMT 2025","passed","Wed Apr 09 15:26:09 GMT 2025","","test_rpc_methods_availability","",""
"","150","test_rpc_node_is_synced[Test for Laos, url: wss://laos-rpc.dwellir.com]","tests","Wed Apr 09 15:27:26 GMT 2025","passed","Wed Apr 09 15:27:26 GMT 2025","","test_substrate_node_is_synced","",""
"","0","test_has_new_assets[Test for InvArch]","tests","Wed Apr 09 15:24:10 GMT 2025","broken","Wed Apr 09 15:24:10 GMT 2025","TestAssets","test_check_new_assets","",""
"","67","test_rpc_method_is_available[Test for Amplitude, url: wss://rpc-amplitude.pendulumchain.tech]","tests","Wed Apr 09 15:25:15 GMT 2025","passed","Wed Apr 09 15:25:15 GMT 2025","","test_rpc_methods_availability","",""
"","150","test_rpc_node_is_synced[Test for Centrifuge Parachain, url: wss://centrifuge-rpc.dwellir.com]","tests","Wed Apr 09 15:24:23 GMT 2025","passed","Wed Apr 09 15:24:23 GMT 2025","","test_substrate_node_is_synced","",""
"","0","test_can_create_connection[Test for Polkadot, url: wss://rpc-polkadot-2.novasama-tech.org]","tests","Wed Apr 09 15:22:44 GMT 2025","passed","Wed Apr 09 15:22:44 GMT 2025","","test_nodes_availability","",""
"","287","test_rpc_node_is_synced[Test for Moonbeam, url: wss://moonbeam.public.curie.radiumblock.co/ws]","tests","Wed Apr 09 15:23:40 GMT 2025","passed","Wed Apr 09 15:23:40 GMT 2025","","test_substrate_node_is_synced","",""
"","94","test_has_new_assets[Test for Bifrost Kusama]","tests","Wed Apr 09 15:22:44 GMT 2025","passed","Wed Apr 09 15:22:44 GMT 2025","TestAssets","test_check_new_assets","",""
"","0","test_can_create_connection[Test for Polkadot Collectives, url: wss://collectives.api.onfinality.io/public-ws]","tests","Wed Apr 09 15:26:13 GMT 2025","passed","Wed Apr 09 15:26:13 GMT 2025","","test_nodes_availability","",""
"","94","test_rpc_method_is_available[Test for Kusama Coretime, url: wss://sys.ibp.network/coretime-kusama]","tests","Wed Apr 09 15:27:05 GMT 2025","passed","Wed Apr 09 15:27:05 GMT 2025","","test_rpc_methods_availability","",""
"","0","test_address_prefix[Test for Bifrost Kusama]","tests","Wed Apr 09 15:22:37 GMT 2025","passed","Wed Apr 09 15:22:37 GMT 2025","TestNetworkPrefix","test_network_parameters","",""
"","142","test_rpc_node_is_synced[Test for NeuroWeb, url: wss://parachain-rpc.origin-trail.network]","tests","Wed Apr 09 15:25:32 GMT 2025","passed","Wed Apr 09 15:25:32 GMT 2025","","test_substrate_node_is_synced","",""
"","0","test_can_create_connection[Test for Kusama, url: wss://1rpc.io/ksm]","tests","Wed Apr 09 15:22:59 GMT 2025","passed","Wed Apr 09 15:22:59 GMT 2025","","test_nodes_availability","",""
"","1","test_precision[Test for UNIQUE]","tests","Wed Apr 09 15:23:15 GMT 2025","passed","Wed Apr 09 15:23:15 GMT 2025","TestPrecision","test_network_parameters","",""
"","82","test_rpc_method_is_available[Test for Polkadex, url: wss://polkadex.api.onfinality.io/public-ws]","tests","Wed Apr 09 15:25:27 GMT 2025","passed","Wed Apr 09 15:25:27 GMT 2025","","test_rpc_methods_availability","",""
"","158","test_rpc_node_is_synced[Test for Hyperbridge Nexus, url: wss://hyperbridge-nexus-rpc.blockops.network]","tests","Wed Apr 09 15:27:15 GMT 2025","passed","Wed Apr 09 15:27:15 GMT 2025","","test_substrate_node_is_synced","",""
"","1","test_address_prefix[Test for Polkadex]","tests","Wed Apr 09 15:22:56 GMT 2025","passed","Wed Apr 09 15:22:56 GMT 2025","TestNetworkPrefix","test_network_parameters","",""
"","8","test_has_new_assets[Test for Moonriver]","tests","Wed Apr 09 15:22:46 GMT 2025","passed","Wed Apr 09 15:22:46 GMT 2025","TestAssets","test_check_new_assets","",""
"","72","test_rpc_method_is_available[Test for Astar, url: wss://rpc.astar.network]","tests","Wed Apr 09 15:24:44 GMT 2025","passed","Wed Apr 09 15:24:44 GMT 2025","","test_rpc_methods_availability","",""
"","90","test_rpc_method_is_available[Test for Mangata X, url: wss://kusama-archive.mangata.online]","tests","Wed Apr 09 15:25:05 GMT 2025","passed","Wed Apr 09 15:25:05 GMT 2025","","test_rpc_methods_availability","",""
"","82","test_rpc_method_is_available[Test for Moonriver, url: wss://wss.api.moonriver.moonbeam.network]","tests","Wed Apr 09 15:22:41 GMT 2025","passed","Wed Apr 09 15:22:41 GMT 2025","","test_rpc_methods_availability","",""
"","20","test_rpc_node_is_synced[Test for Polkadot Collectives, url: wss://collectives-polkadot.dotters.network]","tests","Wed Apr 09 15:26:26 GMT 2025","passed","Wed Apr 09 15:26:26 GMT 2025","","test_substrate_node_is_synced","",""
"","1","test_can_create_connection[Test for Acala, url: wss://acala-rpc-0.aca-api.network]","tests","Wed Apr 09 15:24:16 GMT 2025","passed","Wed Apr 09 15:24:16 GMT 2025","","test_nodes_availability","",""
"","65","test_rpc_node_is_synced[Test for Astar, url: wss://astar.api.onfinality.io/public-ws]","tests","Wed Apr 09 15:24:14 GMT 2025","passed","Wed Apr 09 15:24:14 GMT 2025","","test_substrate_node_is_synced","",""
"","1","test_can_create_connection[Test for Parallel, url: wss://parallel.gatotech.network]","tests","Wed Apr 09 15:23:47 GMT 2025","passed","Wed Apr 09 15:23:47 GMT 2025","","test_nodes_availability","",""
"","74","test_rpc_method_is_available[Test for Phala, url: wss://phala.api.onfinality.io/public-ws]","tests","Wed Apr 09 15:24:53 GMT 2025","passed","Wed Apr 09 15:24:53 GMT 2025","","test_rpc_methods_availability","",""
"","59","test_rpc_node_is_synced[Test for KILT, url: wss://kilt.dotters.network]","tests","Wed Apr 09 15:23:46 GMT 2025","passed","Wed Apr 09 15:23:46 GMT 2025","","test_substrate_node_is_synced","",""
"","149","test_rpc_node_is_synced[Test for Enjin Matrix, url: wss://enjin-matrix-rpc-1.dwellir.com]","tests","Wed Apr 09 15:26:46 GMT 2025","passed","Wed Apr 09 15:26:47 GMT 2025","","test_substrate_node_is_synced","",""
"","63","test_rpc_node_is_synced[Test for Phala, url: wss://phala.api.onfinality.io/public-ws]","tests","Wed Apr 09 15:24:53 GMT 2025","passed","Wed Apr 09 15:24:53 GMT 2025","","test_substrate_node_is_synced","",""
"","0","test_can_create_connection[Test for Kusama People, url: wss://sys.ibp.network/people-kusama]","tests","Wed Apr 09 15:22:51 GMT 2025","passed","Wed Apr 09 15:22:51 GMT 2025","","test_nodes_availability","",""
"","0","test_chainId[Test for DeepBrain]","tests","Wed Apr 09 15:24:26 GMT 2025","passed","Wed Apr 09 15:24:26 GMT 2025","TestChainId","test_network_parameters","",""
"","179","test_rpc_node_is_synced[Test for Polkadot Collectives, url: wss://collectives.public.curie.radiumblock.co/ws]","tests","Wed Apr 09 15:26:32 GMT 2025","passed","Wed Apr 09 15:26:32 GMT 2025","","test_substrate_node_is_synced","",""
"","0","test_address_prefix[Test for peaq]","tests","Wed Apr 09 15:24:00 GMT 2025","passed","Wed Apr 09 15:24:00 GMT 2025","TestNetworkPrefix","test_network_parameters","",""
"","226","test_rpc_node_is_synced[Test for Polkadot Asset Hub, url: wss://rpc-assethub.novasama-tech.org]","tests","Wed Apr 09 15:24:23 GMT 2025","passed","Wed Apr 09 15:24:23 GMT 2025","","test_substrate_node_is_synced","",""
"","0","test_chainId[Test for Energy Web X]","tests","Wed Apr 09 15:23:57 GMT 2025","passed","Wed Apr 09 15:23:57 GMT 2025","TestChainId","test_network_parameters","",""
"","75","test_rpc_method_is_available[Test for peaq, url: wss://peaq.api.onfinality.io/public]","tests","Wed Apr 09 15:26:56 GMT 2025","passed","Wed Apr 09 15:26:56 GMT 2025","","test_rpc_methods_availability","",""
"","1","test_address_prefix[Test for Polkadot Coretime]","tests","Wed Apr 09 15:24:07 GMT 2025","passed","Wed Apr 09 15:24:07 GMT 2025","TestNetworkPrefix","test_network_parameters","",""
"","179","test_rpc_node_is_synced[Test for Interlay, url: wss://api.interlay.io/parachain]","tests","Wed Apr 09 15:24:57 GMT 2025","passed","Wed Apr 09 15:24:58 GMT 2025","","test_substrate_node_is_synced","",""
"","0","test_precision[Test for Integritee Parachain]","tests","Wed Apr 09 15:23:20 GMT 2025","passed","Wed Apr 09 15:23:20 GMT 2025","TestPrecision","test_network_parameters","",""
"","55","test_rpc_node_is_synced[Test for UNIQUE, url: wss://unique.dotters.network]","tests","Wed Apr 09 15:26:02 GMT 2025","passed","Wed Apr 09 15:26:02 GMT 2025","","test_substrate_node_is_synced","",""
"","0","test_can_create_connection[Test for Polimec, url: wss://polimec.ibp.network]","tests","Wed Apr 09 15:26:04 GMT 2025","passed","Wed Apr 09 15:26:04 GMT 2025","","test_nodes_availability","",""
"","216","test_rpc_method_is_available[Test for Polkadot People, url: wss://polkadot-people-rpc.polkadot.io]","tests","Wed Apr 09 15:22:39 GMT 2025","passed","Wed Apr 09 15:22:39 GMT 2025","","test_rpc_methods_availability","",""
"","0","test_chainId[Test for Kusama Bridge Hub]","tests","Wed Apr 09 15:23:52 GMT 2025","passed","Wed Apr 09 15:23:52 GMT 2025","TestChainId","test_network_parameters","",""
"","1","test_chainId[Test for Moonriver]","tests","Wed Apr 09 15:22:47 GMT 2025","passed","Wed Apr 09 15:22:47 GMT 2025","TestChainId","test_network_parameters","",""
"","7","test_has_new_assets[Test for Creditcoin]","tests","Wed Apr 09 15:24:03 GMT 2025","passed","Wed Apr 09 15:24:03 GMT 2025","TestAssets","test_check_new_assets","",""
"","0","test_can_create_connection[Test for Hydration, url: wss://hydradx-rpc.dwellir.com]","tests","Wed Apr 09 15:24:50 GMT 2025","passed","Wed Apr 09 15:24:50 GMT 2025","","test_nodes_availability","",""
"","0","test_address_prefix[Test for Pendulum]","tests","Wed Apr 09 15:23:29 GMT 2025","passed","Wed Apr 09 15:23:29 GMT 2025","TestNetworkPrefix","test_network_parameters","",""
"","81","test_rpc_method_is_available[Test for XX network, url: wss://rpc-do.xx.network]","tests","Wed Apr 09 15:25:57 GMT 2025","passed","Wed Apr 09 15:25:57 GMT 2025","","test_rpc_methods_availability","",""
"","8","test_has_new_assets[Test for Centrifuge Parachain]","tests","Wed Apr 09 15:23:06 GMT 2025","passed","Wed Apr 09 15:23:06 GMT 2025","TestAssets","test_check_new_assets","",""
"","329","test_rpc_node_is_synced[Test for Acala, url: wss://acala-rpc-1.aca-api.network]","tests","Wed Apr 09 15:24:56 GMT 2025","passed","Wed Apr 09 15:24:57 GMT 2025","","test_substrate_node_is_synced","",""
"","8","test_has_new_assets[Test for Acurast Canary]","tests","Wed Apr 09 15:23:54 GMT 2025","passed","Wed Apr 09 15:23:54 GMT 2025","TestAssets","test_check_new_assets","",""
"","205","test_rpc_node_is_synced[Test for Kusama, url: wss://rpc-kusama-2.novasama-tech.org]","tests","Wed Apr 09 15:23:54 GMT 2025","passed","Wed Apr 09 15:23:55 GMT 2025","","test_substrate_node_is_synced","",""
"","0","test_can_create_connection[Test for Acala, url: wss://acala-polkadot.api.onfinality.io/public-ws]","tests","Wed Apr 09 15:24:12 GMT 2025","passed","Wed Apr 09 15:24:12 GMT 2025","","test_nodes_availability","",""
"","8","test_has_new_assets[Test for UNIQUE]","tests","Wed Apr 09 15:23:16 GMT 2025","passed","Wed Apr 09 15:23:16 GMT 2025","TestAssets","test_check_new_assets","",""
"","6","test_has_new_assets[Test for Mythos]","tests","Wed Apr 09 15:23:49 GMT 2025","passed","Wed Apr 09 15:23:49 GMT 2025","TestAssets","test_check_new_assets","",""
"","6","test_has_new_assets[Test for Enjin Matrix]","tests","Wed Apr 09 15:23:39 GMT 2025","passed","Wed Apr 09 15:23:39 GMT 2025","TestAssets","test_check_new_assets","",""
"","1","test_chainId[Test for Xode]","tests","Wed Apr 09 15:24:56 GMT 2025","passed","Wed Apr 09 15:24:56 GMT 2025","TestChainId","test_network_parameters","",""
"","0","test_precision[Test for Aleph Zero]","tests","Wed Apr 09 15:22:56 GMT 2025","passed","Wed Apr 09 15:22:56 GMT 2025","TestPrecision","test_network_parameters","",""
"","0","test_can_create_connection[Test for Moonbeam, url: wss://moonbeam.ibp.network]","tests","Wed Apr 09 15:23:03 GMT 2025","passed","Wed Apr 09 15:23:03 GMT 2025","","test_nodes_availability","",""
"","38","test_rpc_node_is_synced[Test for Moonriver, url: wss://moonriver.public.curie.radiumblock.co/ws]","tests","Wed Apr 09 15:23:08 GMT 2025","passed","Wed Apr 09 15:23:08 GMT 2025","","test_substrate_node_is_synced","",""
"","0","test_address_prefix[Test for Aleph Zero]","tests","Wed Apr 09 15:22:52 GMT 2025","passed","Wed Apr 09 15:22:52 GMT 2025","TestNetworkPrefix","test_network_parameters","",""
"","21","test_rpc_node_is_synced[Test for Kreivo, url: wss://kreivo.io/]","tests","Wed Apr 09 15:27:06 GMT 2025","passed","Wed Apr 09 15:27:06 GMT 2025","","test_substrate_node_is_synced","",""
"","0","test_address_prefix[Test for Polimec]","tests","Wed Apr 09 15:23:42 GMT 2025","passed","Wed Apr 09 15:23:42 GMT 2025","TestNetworkPrefix","test_network_parameters","",""
"","111","test_rpc_method_is_available[Test for Kusama, url: wss://rpc.ibp.network/kusama]","tests","Wed Apr 09 15:23:37 GMT 2025","passed","Wed Apr 09 15:23:37 GMT 2025","","test_rpc_methods_availability","",""
"","1","test_can_create_connection[Test for Crab, url: wss://crab-rpc.darwinia.network/]","tests","Wed Apr 09 15:25:51 GMT 2025","passed","Wed Apr 09 15:25:51 GMT 2025","","test_nodes_availability","",""
"","147","test_rpc_node_is_synced[Test for Bifrost Polkadot, url: wss://eu.bifrost-polkadot-rpc.liebi.com/ws]","tests","Wed Apr 09 15:25:30 GMT 2025","passed","Wed Apr 09 15:25:30 GMT 2025","","test_substrate_node_is_synced","",""
"","1","test_address_prefix[Test for Kusama Coretime]","tests","Wed Apr 09 15:24:22 GMT 2025","passed","Wed Apr 09 15:24:22 GMT 2025","TestNetworkPrefix","test_network_parameters","",""
"","68","test_rpc_method_is_available[Test for Encointer, url: wss://encointer-kusama.dotters.network]","tests","Wed Apr 09 15:25:09 GMT 2025","passed","Wed Apr 09 15:25:09 GMT 2025","","test_rpc_methods_availability","",""
"","102","test_rpc_method_is_available[Test for Shiden, url: wss://rpc.shiden.astar.network]","tests","Wed Apr 09 15:23:02 GMT 2025","passed","Wed Apr 09 15:23:02 GMT 2025","","test_rpc_methods_availability","",""
"","0","test_chainId[Test for CC Enterprise]","tests","Wed Apr 09 15:24:20 GMT 2025","passed","Wed Apr 09 15:24:20 GMT 2025","TestChainId","test_network_parameters","",""
"","109","test_rpc_method_is_available[Test for Polkadot, url: wss://polkadot.public.curie.radiumblock.co/ws]","tests","Wed Apr 09 15:23:17 GMT 2025","passed","Wed Apr 09 15:23:17 GMT 2025","","test_rpc_methods_availability","",""
"","0","test_address_prefix[Test for Parallel]","tests","Wed Apr 09 15:22:46 GMT 2025","passed","Wed Apr 09 15:22:46 GMT 2025","TestNetworkPrefix","test_network_parameters","",""
"","0","test_can_create_connection[Test for Polkadex, url: wss://polkadex.api.onfinality.io/public-ws]","tests","Wed Apr 09 15:25:14 GMT 2025","passed","Wed Apr 09 15:25:14 GMT 2025","","test_nodes_availability","",""
"","0","test_can_create_connection[Test for Shiden, url: wss://shiden.public.curie.radiumblock.co/ws]","tests","Wed Apr 09 15:23:10 GMT 2025","passed","Wed Apr 09 15:23:10 GMT 2025","","test_nodes_availability","",""
"","5","test_has_new_assets[Test for Laos]","tests","Wed Apr 09 15:24:09 GMT 2025","passed","Wed Apr 09 15:24:09 GMT 2025","TestAssets","test_check_new_assets","",""
"","116","test_rpc_node_is_synced[Test for Kusama Bridge Hub, url: wss://ksm-rpc.stakeworld.io/bridgehub]","tests","Wed Apr 09 15:26:29 GMT 2025","passed","Wed Apr 09 15:26:29 GMT 2025","","test_substrate_node_is_synced","",""
"","0","test_can_create_connection[Test for Kabocha, url: wss://kabocha.jelliedowl.com]","tests","Wed Apr 09 15:25:11 GMT 2025","passed","Wed Apr 09 15:25:11 GMT 2025","","test_nodes_availability","",""
"","69","test_rpc_method_is_available[Test for Hyperbridge Nexus, url: wss://nexus.dotters.network]","tests","Wed Apr 09 15:26:44 GMT 2025","passed","Wed Apr 09 15:26:44 GMT 2025","","test_rpc_methods_availability","",""
"","79","test_rpc_method_is_available[Test for GIANT, url: wss://rpc-anchor-2-mainnet-az-ue1.giantprotocol.org:443]","tests","Wed Apr 09 15:25:39 GMT 2025","passed","Wed Apr 09 15:25:39 GMT 2025","","test_rpc_methods_availability","",""
"","150","test_rpc_node_is_synced[Test for Shiden, url: wss://shiden.public.curie.radiumblock.co/ws]","tests","Wed Apr 09 15:23:37 GMT 2025","passed","Wed Apr 09 15:23:37 GMT 2025","","test_substrate_node_is_synced","",""
"","0","test_address_prefix[Test for Aventus]","tests","Wed Apr 09 15:23:21 GMT 2025","passed","Wed Apr 09 15:23:21 GMT 2025","TestNetworkPrefix","test_network_parameters","",""
"","61","test_rpc_node_is_synced[Test for Frequency, url: wss://1.rpc.frequency.xyz]","tests","Wed Apr 09 15:26:33 GMT 2025","passed","Wed Apr 09 15:26:33 GMT 2025","","test_substrate_node_is_synced","",""
"","0","test_can_create_connection[Test for Shiden, url: wss://shiden-rpc.dwellir.com]","tests","Wed Apr 09 15:23:00 GMT 2025","passed","Wed Apr 09 15:23:00 GMT 2025","","test_nodes_availability","",""
"","0","test_chainId[Test for Phala]","tests","Wed Apr 09 15:23:26 GMT 2025","passed","Wed Apr 09 15:23:26 GMT 2025","TestChainId","test_network_parameters","",""
"","69","test_rpc_method_is_available[Test for Encointer, url: wss://api.kusama.encointer.org]","tests","Wed Apr 09 15:25:12 GMT 2025","passed","Wed Apr 09 15:25:12 GMT 2025","","test_rpc_methods_availability","",""
"","76","test_rpc_method_is_available[Test for XX network, url: wss://rpc-hetzner.xx.network]","tests","Wed Apr 09 15:25:51 GMT 2025","passed","Wed Apr 09 15:25:51 GMT 2025","","test_rpc_methods_availability","",""
"","0","test_precision[Test for Polymesh]","tests","Wed Apr 09 15:23:19 GMT 2025","passed","Wed Apr 09 15:23:19 GMT 2025","TestPrecision","test_network_parameters","",""
"","0","test_address_prefix[Test for Polkadot Collectives]","tests","Wed Apr 09 15:23:31 GMT 2025","passed","Wed Apr 09 15:23:31 GMT 2025","TestNetworkPrefix","test_network_parameters","",""
"","7","test_has_new_assets[Test for QUARTZ]","tests","Wed Apr 09 15:22:56 GMT 2025","passed","Wed Apr 09 15:22:56 GMT 2025","TestAssets","test_check_new_assets","",""
"","0","test_chainId[Test for Turing]","tests","Wed Apr 09 15:23:30 GMT 2025","passed","Wed Apr 09 15:23:30 GMT 2025","TestChainId","test_network_parameters","",""
"","1","test_can_create_connection[Test for Laos, url: wss://laos-rpc.dwellir.com]","tests","Wed Apr 09 15:26:45 GMT 2025","passed","Wed Apr 09 15:26:45 GMT 2025","","test_nodes_availability","",""
"","67","test_rpc_method_is_available[Test for Avail, url: wss://avail.rpc.bountyblok.io]","tests","Wed Apr 09 15:26:48 GMT 2025","passed","Wed Apr 09 15:26:48 GMT 2025","","test_rpc_methods_availability","",""
"","8","test_has_new_assets[Test for Polkadot Asset Hub]","tests","Wed Apr 09 15:22:55 GMT 2025","passed","Wed Apr 09 15:22:55 GMT 2025","TestAssets","test_check_new_assets","",""
"","0","test_precision[Test for Crust Shadow]","tests","Wed Apr 09 15:23:15 GMT 2025","passed","Wed Apr 09 15:23:15 GMT 2025","TestPrecision","test_network_parameters","",""
"","0","test_can_create_connection[Test for Polkadot, url: wss://polkadot-rpc.dwellir.com]","tests","Wed Apr 09 15:23:06 GMT 2025","passed","Wed Apr 09 15:23:06 GMT 2025","","test_nodes_availability","",""
"","0","test_chainId[Test for Integritee Parachain]","tests","Wed Apr 09 15:23:21 GMT 2025","passed","Wed Apr 09 15:23:21 GMT 2025","TestChainId","test_network_parameters","",""
"","70","test_rpc_method_is_available[Test for UNIQUE, url: wss://unique.ibp.network]","tests","Wed Apr 09 15:25:54 GMT 2025","passed","Wed Apr 09 15:25:54 GMT 2025","","test_rpc_methods_availability","",""
"","79","test_rpc_node_is_synced[Test for Kusama Coretime, url: wss://rpc-coretime-kusama.luckyfriday.io]","tests","Wed Apr 09 15:27:39 GMT 2025","passed","Wed Apr 09 15:27:40 GMT 2025","","test_substrate_node_is_synced","",""
"","0","test_can_create_connection[Test for QUARTZ, url: wss://asia-ws-quartz.unique.network]","tests","Wed Apr 09 15:23:54 GMT 2025","passed","Wed Apr 09 15:23:54 GMT 2025","","test_nodes_availability","",""
"","0","test_can_create_connection[Test for Kusama Asset Hub, url: wss://sys.ibp.network/statemine]","tests","Wed Apr 09 15:23:30 GMT 2025","passed","Wed Apr 09 15:23:30 GMT 2025","","test_nodes_availability","",""
"","68","test_rpc_method_is_available[Test for Ternoa, url: wss://mainnet.ternoa.network]","tests","Wed Apr 09 15:25:20 GMT 2025","passed","Wed Apr 09 15:25:20 GMT 2025","","test_rpc_methods_availability","",""
"","176","test_rpc_node_is_synced[Test for Avail, url: wss://avail.rpc.bountyblok.io]","tests","Wed Apr 09 15:27:10 GMT 2025","passed","Wed Apr 09 15:27:10 GMT 2025","","test_substrate_node_is_synced","",""
"","175","test_rpc_node_is_synced[Test for Bit.Country Pioneer, url: wss://pioneer-rpc-1.bit.country/wss]","tests","Wed Apr 09 15:24:35 GMT 2025","passed","Wed Apr 09 15:24:35 GMT 2025","","test_substrate_node_is_synced","",""
"","0","test_chainId[Test for KILT]","tests","Wed Apr 09 15:23:28 GMT 2025","passed","Wed Apr 09 15:23:28 GMT 2025","TestChainId","test_network_parameters","",""
"","106","test_rpc_method_is_available[Test for UNIQUE, url: wss://us-ws.unique.network/]","tests","Wed Apr 09 15:25:45 GMT 2025","passed","Wed Apr 09 15:25:45 GMT 2025","","test_rpc_methods_availability","",""
"","0","test_chainId[Test for 3DPass]","tests","Wed Apr 09 15:23:35 GMT 2025","passed","Wed Apr 09 15:23:35 GMT 2025","TestChainId","test_network_parameters","",""
"","21","test_rpc_node_is_synced[Test for Polkadot, url: wss://polkadot.dotters.network]","tests","Wed Apr 09 15:23:07 GMT 2025","passed","Wed Apr 09 15:23:07 GMT 2025","","test_substrate_node_is_synced","",""
"","105","test_rpc_method_is_available[Test for Kusama Coretime, url: wss://coretime-kusama-rpc.dwellir.com]","tests","Wed Apr 09 15:27:11 GMT 2025","passed","Wed Apr 09 15:27:11 GMT 2025","","test_rpc_methods_availability","",""
"","7","test_has_new_assets[Test for Zeitgeist]","tests","Wed Apr 09 15:23:04 GMT 2025","passed","Wed Apr 09 15:23:04 GMT 2025","TestAssets","test_check_new_assets","",""
"","398","test_rpc_node_is_synced[Test for Aleph Zero, url: wss://ws.azero.dev]","tests","Wed Apr 09 15:25:15 GMT 2025","passed","Wed Apr 09 15:25:15 GMT 2025","","test_substrate_node_is_synced","",""
"","0","test_address_prefix[Test for DeepBrain]","tests","Wed Apr 09 15:24:05 GMT 2025","passed","Wed Apr 09 15:24:05 GMT 2025","TestNetworkPrefix","test_network_parameters","",""
"","166","test_rpc_node_is_synced[Test for Astar, url: wss://rpc.astar.network]","tests","Wed Apr 09 15:25:20 GMT 2025","passed","Wed Apr 09 15:25:20 GMT 2025","","test_substrate_node_is_synced","",""
"","146","test_rpc_node_is_synced[Test for Moonriver, url: wss://moonriver-rpc.dwellir.com]","tests","Wed Apr 09 15:23:12 GMT 2025","passed","Wed Apr 09 15:23:13 GMT 2025","","test_substrate_node_is_synced","",""
"","0","test_address_prefix[Test for UNIQUE]","tests","Wed Apr 09 15:23:12 GMT 2025","passed","Wed Apr 09 15:23:12 GMT 2025","TestNetworkPrefix","test_network_parameters","",""
"","79","test_rpc_method_is_available[Test for Mangata X, url: wss://kusama-rpc.mangata.online]","tests","Wed Apr 09 15:25:01 GMT 2025","passed","Wed Apr 09 15:25:01 GMT 2025","","test_rpc_methods_availability","",""
"","0","test_precision[Test for DENTNet]","tests","Wed Apr 09 15:24:10 GMT 2025","passed","Wed Apr 09 15:24:10 GMT 2025","TestPrecision","test_network_parameters","",""
"","0","test_can_create_connection[Test for Interlay, url: wss://api.interlay.io/parachain]","tests","Wed Apr 09 15:24:54 GMT 2025","passed","Wed Apr 09 15:24:54 GMT 2025","","test_nodes_availability","",""
"","0","test_can_create_connection[Test for Kusama People, url: wss://people-kusama.dotters.network]","tests","Wed Apr 09 15:22:53 GMT 2025","passed","Wed Apr 09 15:22:53 GMT 2025","","test_nodes_availability","",""
"","0","test_address_prefix[Test for Joystream]","tests","Wed Apr 09 15:23:38 GMT 2025","passed","Wed Apr 09 15:23:38 GMT 2025","TestNetworkPrefix","test_network_parameters","",""
"","119","test_rpc_method_is_available[Test for Acala, url: wss://acala-rpc-2.aca-api.network/ws]","tests","Wed Apr 09 15:24:17 GMT 2025","passed","Wed Apr 09 15:24:17 GMT 2025","","test_rpc_methods_availability","",""
"","0","test_address_prefix[Test for Polkadot]","tests","Wed Apr 09 15:22:34 GMT 2025","passed","Wed Apr 09 15:22:34 GMT 2025","TestNetworkPrefix","test_network_parameters","",""
"","94","test_rpc_method_is_available[Test for Tangle, url: wss://rpc.tangle.tools]","tests","Wed Apr 09 15:27:11 GMT 2025","passed","Wed Apr 09 15:27:11 GMT 2025","","test_rpc_methods_availability","",""
"","0","test_chainId[Test for Encointer]","tests","Wed Apr 09 15:22:59 GMT 2025","passed","Wed Apr 09 15:22:59 GMT 2025","TestChainId","test_network_parameters","",""
"","0","test_chainId[Test for Frequency]","tests","Wed Apr 09 15:23:44 GMT 2025","passed","Wed Apr 09 15:23:44 GMT 2025","TestChainId","test_network_parameters","",""
"","0","test_can_create_connection[Test for Polimec, url: wss://rpc.polimec.org]","tests","Wed Apr 09 15:26:02 GMT 2025","passed","Wed Apr 09 15:26:02 GMT 2025","","test_nodes_availability","",""
"","0","test_precision[Test for Turing]","tests","Wed Apr 09 15:23:30 GMT 2025","passed","Wed Apr 09 15:23:30 GMT 2025","TestPrecision","test_network_parameters","",""
"","74","test_rpc_method_is_available[Test for Bit.Country Pioneer, url: wss://pioneer-rpc-1.bit.country/wss]","tests","Wed Apr 09 15:23:53 GMT 2025","passed","Wed Apr 09 15:23:53 GMT 2025","","test_rpc_methods_availability","",""
"","8","test_has_new_assets[Test for Hydration]","tests","Wed Apr 09 15:23:11 GMT 2025","passed","Wed Apr 09 15:23:11 GMT 2025","TestAssets","test_check_new_assets","",""
"","58","test_rpc_node_is_synced[Test for Crust Polkadot Parachain, url: wss://crust-parachain.crustapps.net]","tests","Wed Apr 09 15:26:04 GMT 2025","passed","Wed Apr 09 15:26:04 GMT 2025","","test_substrate_node_is_synced","",""
"","0","test_address_prefix[Test for Subsocial]","tests","Wed Apr 09 15:23:09 GMT 2025","passed","Wed Apr 09 15:23:09 GMT 2025","TestNetworkPrefix","test_network_parameters","",""
"","0","test_chainId[Test for Kintsugi]","tests","Wed Apr 09 15:23:04 GMT 2025","passed","Wed Apr 09 15:23:04 GMT 2025","TestChainId","test_network_parameters","",""
"","0","test_precision[Test for Humanode]","tests","Wed Apr 09 15:24:14 GMT 2025","passed","Wed Apr 09 15:24:14 GMT 2025","TestPrecision","test_network_parameters","",""
"","59","test_rpc_node_is_synced[Test for Bifrost Polkadot, url: wss://bifrost-polkadot.dotters.network]","tests","Wed Apr 09 15:25:17 GMT 2025","passed","Wed Apr 09 15:25:17 GMT 2025","","test_substrate_node_is_synced","",""
"","0","test_address_prefix[Test for Vara]","tests","Wed Apr 09 15:23:26 GMT 2025","passed","Wed Apr 09 15:23:26 GMT 2025","TestNetworkPrefix","test_network_parameters","",""
"","1","test_address_prefix[Test for Polkadot People]","tests","Wed Apr 09 15:22:48 GMT 2025","passed","Wed Apr 09 15:22:48 GMT 2025","TestNetworkPrefix","test_network_parameters","",""
"","5","test_has_new_assets[Test for peaq]","tests","Wed Apr 09 15:24:04 GMT 2025","passed","Wed Apr 09 15:24:04 GMT 2025","TestAssets","test_check_new_assets","",""
"","0","test_precision[Test for NeuroWeb]","tests","Wed Apr 09 15:23:03 GMT 2025","passed","Wed Apr 09 15:23:03 GMT 2025","TestPrecision","test_network_parameters","",""
"","1093","test_rpc_node_is_synced[Test for Polkadot, url: wss://1rpc.io/dot]","tests","Wed Apr 09 15:23:40 GMT 2025","passed","Wed Apr 09 15:23:41 GMT 2025","","test_substrate_node_is_synced","",""
"","142","test_rpc_node_is_synced[Test for Polkadot Asset Hub, url: wss://asset-hub-polkadot-rpc.dwellir.com]","tests","Wed Apr 09 15:24:54 GMT 2025","passed","Wed Apr 09 15:24:54 GMT 2025","","test_substrate_node_is_synced","",""
"","0","test_can_create_connection[Test for Polkadot Collectives, url: wss://sys.ibp.network/collectives-polkadot]","tests","Wed Apr 09 15:25:55 GMT 2025","passed","Wed Apr 09 15:25:55 GMT 2025","","test_nodes_availability","",""
"","0","test_can_create_connection[Test for QUARTZ, url: wss://eu-ws-quartz.unique.network]","tests","Wed Apr 09 15:23:46 GMT 2025","passed","Wed Apr 09 15:23:46 GMT 2025","","test_nodes_availability","",""
"","0","test_chainId[Test for Kreivo]","tests","Wed Apr 09 15:24:13 GMT 2025","passed","Wed Apr 09 15:24:13 GMT 2025","TestChainId","test_network_parameters","",""
"","5","test_has_new_assets[Test for Altair]","tests","Wed Apr 09 15:22:51 GMT 2025","passed","Wed Apr 09 15:22:51 GMT 2025","TestAssets","test_check_new_assets","",""
"","373","test_rpc_node_work_fast[Test for Ethereum, url: https://ethereum-rpc.publicnode.com]","tests","Wed Apr 09 15:22:58 GMT 2025","passed","Wed Apr 09 15:22:58 GMT 2025","TestETHNodesAvailability","test_eth_nodes_availability","",""
"","171","test_rpc_node_is_synced[Test for Bajun, url: wss://rpc-para.bajun.network]","tests","Wed Apr 09 15:25:42 GMT 2025","passed","Wed Apr 09 15:25:42 GMT 2025","","test_substrate_node_is_synced","",""
"","0","test_can_create_connection[Test for Aleph Zero, url: wss://ws.azero.dev]","tests","Wed Apr 09 15:25:04 GMT 2025","passed","Wed Apr 09 15:25:04 GMT 2025","","test_nodes_availability","",""
"","0","test_can_create_connection[Test for Hyperbridge Nexus, url: wss://hyperbridge-nexus-rpc.blockops.network]","tests","Wed Apr 09 15:26:25 GMT 2025","passed","Wed Apr 09 15:26:25 GMT 2025","","test_nodes_availability","",""
"","157","test_rpc_node_is_synced[Test for Crab, url: wss://darwiniacrab-rpc.dwellir.com]","tests","Wed Apr 09 15:26:28 GMT 2025","passed","Wed Apr 09 15:26:28 GMT 2025","","test_substrate_node_is_synced","",""
"","143","test_rpc_node_is_synced[Test for Laos, url: wss://rpc.laos.laosfoundation.io]","tests","Wed Apr 09 15:27:24 GMT 2025","passed","Wed Apr 09 15:27:24 GMT 2025","","test_substrate_node_is_synced","",""
"","0","test_chainId[Test for Ajuna]","tests","Wed Apr 09 15:23:44 GMT 2025","passed","Wed Apr 09 15:23:44 GMT 2025","TestChainId","test_network_parameters","",""
"","64","test_rpc_node_is_synced[Test for Kusama, url: wss://kusama.api.onfinality.io/public-ws]","tests","Wed Apr 09 15:23:22 GMT 2025","passed","Wed Apr 09 15:23:22 GMT 2025","","test_substrate_node_is_synced","",""
"","73","test_rpc_method_is_available[Test for KILT, url: wss://kilt.ibp.network]","tests","Wed Apr 09 15:23:21 GMT 2025","passed","Wed Apr 09 15:23:22 GMT 2025","","test_rpc_methods_availability","",""
"","78","test_rpc_method_is_available[Test for Aventus, url: wss://public-rpc.mainnet.aventus.network]","tests","Wed Apr 09 15:26:07 GMT 2025","passed","Wed Apr 09 15:26:07 GMT 2025","","test_rpc_methods_availability","",""
"","112","test_rpc_method_is_available[Test for Mythos, url: wss://polkadot-mythos-rpc.polkadot.io]","tests","Wed Apr 09 15:26:34 GMT 2025","passed","Wed Apr 09 15:26:34 GMT 2025","","test_rpc_methods_availability","",""
"","8","test_has_new_assets[Test for Energy Web X]","tests","Wed Apr 09 15:23:46 GMT 2025","passed","Wed Apr 09 15:23:46 GMT 2025","TestAssets","test_check_new_assets","",""
"","0","test_can_create_connection[Test for Phala, url: wss://api.phala.network/ws]","tests","Wed Apr 09 15:24:49 GMT 2025","passed","Wed Apr 09 15:24:49 GMT 2025","","test_nodes_availability","",""
"","5","test_has_new_assets[Test for Heima]","tests","Wed Apr 09 15:23:13 GMT 2025","passed","Wed Apr 09 15:23:13 GMT 2025","TestAssets","test_check_new_assets","",""
"","1","test_can_create_connection[Test for Basilisk, url: wss://basilisk-rpc.dwellir.com]","tests","Wed Apr 09 15:24:26 GMT 2025","passed","Wed Apr 09 15:24:26 GMT 2025","","test_nodes_availability","",""
"","0","test_can_create_connection[Test for Avail, url: wss://zeref-api.slowops.xyz/ws]","tests","Wed Apr 09 15:26:27 GMT 2025","passed","Wed Apr 09 15:26:27 GMT 2025","","test_nodes_availability","",""
"","58","test_rpc_node_is_synced[Test for UNIQUE, url: wss://unique.ibp.network]","tests","Wed Apr 09 15:25:59 GMT 2025","passed","Wed Apr 09 15:25:59 GMT 2025","","test_substrate_node_is_synced","",""
"","71","test_rpc_method_is_available[Test for Subsocial, url: wss://subsocial-rpc.dwellir.com]","tests","Wed Apr 09 15:25:28 GMT 2025","passed","Wed Apr 09 15:25:28 GMT 2025","","test_rpc_methods_availability","",""
"","70","test_rpc_method_is_available[Test for Nodle Parachain, url: wss://nodle-parachain.api.onfinality.io/public-ws]","tests","Wed Apr 09 15:24:57 GMT 2025","passed","Wed Apr 09 15:24:57 GMT 2025","","test_rpc_methods_availability","",""
"","9","test_has_new_assets[Test for Darwinia]","tests","Wed Apr 09 15:23:33 GMT 2025","passed","Wed Apr 09 15:23:33 GMT 2025","TestAssets","test_check_new_assets","",""
"","74","test_rpc_method_is_available[Test for QUARTZ, url: wss://eu-ws-quartz.unique.network]","tests","Wed Apr 09 15:23:41 GMT 2025","passed","Wed Apr 09 15:23:42 GMT 2025","","test_rpc_methods_availability","",""
"","160","test_rpc_node_is_synced[Test for Heima, url: wss://rpc.litentry-parachain.litentry.io]","tests","Wed Apr 09 15:25:36 GMT 2025","passed","Wed Apr 09 15:25:36 GMT 2025","","test_substrate_node_is_synced","",""
"","0","test_precision[Test for Phala]","tests","Wed Apr 09 15:23:27 GMT 2025","passed","Wed Apr 09 15:23:27 GMT 2025","TestPrecision","test_network_parameters","",""
"","0","test_address_prefix[Test for Crust Shadow]","tests","Wed Apr 09 15:23:14 GMT 2025","passed","Wed Apr 09 15:23:14 GMT 2025","TestNetworkPrefix","test_network_parameters","",""
"","0","test_address_prefix[Test for CC Enterprise]","tests","Wed Apr 09 15:23:57 GMT 2025","passed","Wed Apr 09 15:23:57 GMT 2025","TestNetworkPrefix","test_network_parameters","",""
"","0","test_can_create_connection[Test for Centrifuge Parachain, url: wss://centrifuge-parachain.api.onfinality.io/public-ws]","tests","Wed Apr 09 15:24:05 GMT 2025","passed","Wed Apr 09 15:24:05 GMT 2025","","test_nodes_availability","",""
"","0","test_rpc_method_is_available[Test for InvArch, url: wss://invarch-rpc.dwellir.com]","tests","Wed Apr 09 15:26:32 GMT 2025","broken","Wed Apr 09 15:26:32 GMT 2025","","test_rpc_methods_availability","",""
"","0","test_can_create_connection[Test for krest, url: wss://krest.api.onfinality.io/public-ws]","tests","Wed Apr 09 15:26:15 GMT 2025","passed","Wed Apr 09 15:26:15 GMT 2025","","test_nodes_availability","",""
"","0","test_can_create_connection[Test for Polkadot Asset Hub, url: wss://rpc-assethub.novasama-tech.org]","tests","Wed Apr 09 15:23:51 GMT 2025","passed","Wed Apr 09 15:23:51 GMT 2025","","test_nodes_availability","",""
"","7","test_has_new_assets[Test for GIANT]","tests","Wed Apr 09 15:23:35 GMT 2025","passed","Wed Apr 09 15:23:35 GMT 2025","TestAssets","test_check_new_assets","",""
"","172","test_rpc_node_is_synced[Test for 3DPass, url: wss://rpc.3dpass.org]","tests","Wed Apr 09 15:26:07 GMT 2025","passed","Wed Apr 09 15:26:07 GMT 2025","","test_substrate_node_is_synced","",""
"","0","test_can_create_connection[Test for Heima, url: wss://litentry-rpc.dwellir.com]","tests","Wed Apr 09 15:25:34 GMT 2025","passed","Wed Apr 09 15:25:34 GMT 2025","","test_nodes_availability","",""
"","165","test_rpc_node_is_synced[Test for Bifrost Polkadot, url: wss://hk.p.bifrost-rpc.liebi.com/ws]","tests","Wed Apr 09 15:25:24 GMT 2025","passed","Wed Apr 09 15:25:25 GMT 2025","","test_substrate_node_is_synced","",""
"","105","test_rpc_method_is_available[Test for Polimec, url: wss://polimec.ibp.network]","tests","Wed Apr 09 15:26:27 GMT 2025","passed","Wed Apr 09 15:26:27 GMT 2025","","test_rpc_methods_availability","",""
"","8","test_has_new_assets[Test for Joystream]","tests","Wed Apr 09 15:23:45 GMT 2025","passed","Wed Apr 09 15:23:45 GMT 2025","TestAssets","test_check_new_assets","",""
"","68","test_rpc_method_is_available[Test for Laos, url: wss://laos-rpc.dwellir.com]","tests","Wed Apr 09 15:27:00 GMT 2025","passed","Wed Apr 09 15:27:00 GMT 2025","","test_rpc_methods_availability","",""
"","1","test_can_create_connection[Test for DAO IPCI, url: wss://ipci.rpc.robonomics.network]","tests","Wed Apr 09 15:25:29 GMT 2025","passed","Wed Apr 09 15:25:29 GMT 2025","","test_nodes_availability","",""
"","144","test_rpc_node_is_synced[Test for Cere, url: wss://rpc.mainnet.cere.network/ws]","tests","Wed Apr 09 15:27:21 GMT 2025","passed","Wed Apr 09 15:27:22 GMT 2025","","test_substrate_node_is_synced","",""
"","0","test_address_prefix[Test for Amplitude]","tests","Wed Apr 09 15:23:08 GMT 2025","passed","Wed Apr 09 15:23:08 GMT 2025","TestNetworkPrefix","test_network_parameters","",""
"","91","test_rpc_method_is_available[Test for Darwinia, url: wss://rpc.darwinia.network]","tests","Wed Apr 09 15:25:50 GMT 2025","passed","Wed Apr 09 15:25:50 GMT 2025","","test_rpc_methods_availability","",""
"","0","test_precision[Test for Basilisk]","tests","Wed Apr 09 15:22:52 GMT 2025","passed","Wed Apr 09 15:22:52 GMT 2025","TestPrecision","test_network_parameters","",""
"","130","test_rpc_node_is_synced[Test for Creditcoin, url: wss://mainnet3.creditcoin.network]","tests","Wed Apr 09 15:27:15 GMT 2025","passed","Wed Apr 09 15:27:15 GMT 2025","","test_substrate_node_is_synced","",""
"","0","test_can_create_connection[Test for Kusama Asset Hub, url: wss://asset-hub-kusama-rpc.dwellir.com]","tests","Wed Apr 09 15:23:36 GMT 2025","passed","Wed Apr 09 15:23:36 GMT 2025","","test_nodes_availability","",""
"","158","test_rpc_node_is_synced[Test for Polkadot Coretime, url: wss://polkadot-coretime-rpc.polkadot.io]","tests","Wed Apr 09 15:27:40 GMT 2025","passed","Wed Apr 09 15:27:40 GMT 2025","","test_substrate_node_is_synced","",""
"","75","test_rpc_method_is_available[Test for Kusama Coretime, url: wss://rpc-coretime-kusama.luckyfriday.io]","tests","Wed Apr 09 15:27:09 GMT 2025","passed","Wed Apr 09 15:27:09 GMT 2025","","test_rpc_methods_availability","",""
"","5","test_has_new_assets[Test for Amplitude]","tests","Wed Apr 09 15:23:08 GMT 2025","passed","Wed Apr 09 15:23:08 GMT 2025","TestAssets","test_check_new_assets","",""
"","0","test_can_create_connection[Test for Polkadot, url: wss://polkadot.public.curie.radiumblock.co/ws]","tests","Wed Apr 09 15:23:14 GMT 2025","passed","Wed Apr 09 15:23:14 GMT 2025","","test_nodes_availability","",""
"","69","test_rpc_method_is_available[Test for Xode, url: wss://rpcnodea01.xode.net/n7yoxCmcIrCF6VziCcDmYTwL8R03a/rpc]","tests","Wed Apr 09 15:26:59 GMT 2025","passed","Wed Apr 09 15:27:00 GMT 2025","","test_rpc_methods_availability","",""
"","72","test_rpc_method_is_available[Test for Nodle Parachain, url: wss://nodle-rpc.dwellir.com]","tests","Wed Apr 09 15:24:39 GMT 2025","passed","Wed Apr 09 15:24:39 GMT 2025","","test_rpc_methods_availability","",""
"","1","test_can_create_connection[Test for KILT, url: wss://kilt.dotters.network]","tests","Wed Apr 09 15:23:33 GMT 2025","passed","Wed Apr 09 15:23:33 GMT 2025","","test_nodes_availability","",""
"","181","test_rpc_node_is_synced[Test for DeepBrain, url: wss://info.dbcwallet.io]","tests","Wed Apr 09 15:27:22 GMT 2025","passed","Wed Apr 09 15:27:22 GMT 2025","","test_substrate_node_is_synced","",""
"","0","test_chainId[Test for Tangle]","tests","Wed Apr 09 15:24:52 GMT 2025","passed","Wed Apr 09 15:24:52 GMT 2025","TestChainId","test_network_parameters","",""
"","0","test_address_prefix[Test for DAO IPCI]","tests","Wed Apr 09 15:23:20 GMT 2025","passed","Wed Apr 09 15:23:20 GMT 2025","TestNetworkPrefix","test_network_parameters","",""
"","0","test_can_create_connection[Test for Polimec, url: wss://polimec.dotters.network]","tests","Wed Apr 09 15:26:07 GMT 2025","passed","Wed Apr 09 15:26:07 GMT 2025","","test_nodes_availability","",""
"","8","test_has_new_assets[Test for Crust Shadow]","tests","Wed Apr 09 15:23:16 GMT 2025","passed","Wed Apr 09 15:23:16 GMT 2025","TestAssets","test_check_new_assets","",""
"","0","test_can_create_connection[Test for Kusama Coretime, url: wss://coretime-kusama.dotters.network]","tests","Wed Apr 09 15:26:53 GMT 2025","passed","Wed Apr 09 15:26:53 GMT 2025","","test_nodes_availability","",""
"","6","test_has_new_assets[Test for Polymesh]","tests","Wed Apr 09 15:23:17 GMT 2025","passed","Wed Apr 09 15:23:17 GMT 2025","TestAssets","test_check_new_assets","",""
"","79","test_rpc_node_is_synced[Test for QUARTZ, url: wss://quartz.unique.network]","tests","Wed Apr 09 15:24:16 GMT 2025","passed","Wed Apr 09 15:24:16 GMT 2025","","test_substrate_node_is_synced","",""
"","1","test_can_create_connection[Test for Hydration, url: wss://rpc.hydradx.cloud]","tests","Wed Apr 09 15:24:24 GMT 2025","passed","Wed Apr 09 15:24:24 GMT 2025","","test_nodes_availability","",""
"","0","test_precision[Test for Continuum]","tests","Wed Apr 09 15:23:55 GMT 2025","passed","Wed Apr 09 15:23:55 GMT 2025","TestPrecision","test_network_parameters","",""
"","0","test_address_prefix[Test for Kintsugi]","tests","Wed Apr 09 15:22:56 GMT 2025","passed","Wed Apr 09 15:22:56 GMT 2025","TestNetworkPrefix","test_network_parameters","",""
"","20","test_rpc_node_is_synced[Test for Polkadot Collectives, url: wss://sys.ibp.network/collectives-polkadot]","tests","Wed Apr 09 15:26:24 GMT 2025","passed","Wed Apr 09 15:26:24 GMT 2025","","test_substrate_node_is_synced","",""
"","0","test_precision[Test for Robonomics]","tests","Wed Apr 09 15:22:55 GMT 2025","passed","Wed Apr 09 15:22:55 GMT 2025","TestPrecision","test_network_parameters","",""
"","0","test_address_prefix[Test for Energy Web X]","tests","Wed Apr 09 15:23:38 GMT 2025","passed","Wed Apr 09 15:23:38 GMT 2025","TestNetworkPrefix","test_network_parameters","",""
"","0","test_can_create_connection[Test for Acala, url: wss://acala.polkawallet.io]","tests","Wed Apr 09 15:24:32 GMT 2025","passed","Wed Apr 09 15:24:32 GMT 2025","","test_nodes_availability","",""
"","0","test_can_create_connection[Test for Mythos, url: wss://polkadot-mythos-rpc.polkadot.io]","tests","Wed Apr 09 15:26:19 GMT 2025","passed","Wed Apr 09 15:26:19 GMT 2025","","test_nodes_availability","",""
"","0","test_address_prefix[Test for Kusama Bridge Hub]","tests","Wed Apr 09 15:23:34 GMT 2025","passed","Wed Apr 09 15:23:34 GMT 2025","TestNetworkPrefix","test_network_parameters","",""
"","1","test_address_prefix[Test for Polymesh]","tests","Wed Apr 09 15:23:17 GMT 2025","passed","Wed Apr 09 15:23:17 GMT 2025","TestNetworkPrefix","test_network_parameters","",""
"","1","test_can_create_connection[Test for Curio, url: wss://archive.parachain.curioinvest.com]","tests","Wed Apr 09 15:26:24 GMT 2025","passed","Wed Apr 09 15:26:24 GMT 2025","","test_nodes_availability","",""
"","88777","test_subquery_is_synced","tests","Wed Apr 09 15:22:42 GMT 2025","passed","Wed Apr 09 15:24:11 GMT 2025","","test_subquery_is_synced","",""
"","0","test_can_create_connection[Test for Mythos, url: wss://mythos.dotters.network]","tests","Wed Apr 09 15:26:28 GMT 2025","passed","Wed Apr 09 15:26:28 GMT 2025","","test_nodes_availability","",""
"","95","test_rpc_method_is_available[Test for Curio, url: wss://archive.parachain.curioinvest.com]","tests","Wed Apr 09 15:26:40 GMT 2025","passed","Wed Apr 09 15:26:40 GMT 2025","","test_rpc_methods_availability","",""
"","0","test_can_create_connection[Test for Encointer, url: wss://api.kusama.encointer.org]","tests","Wed Apr 09 15:25:06 GMT 2025","passed","Wed Apr 09 15:25:06 GMT 2025","","test_nodes_availability","",""
"","0","test_can_create_connection[Test for Kusama Coretime, url: wss://ksm-rpc.stakeworld.io/coretime]","tests","Wed Apr 09 15:26:56 GMT 2025","passed","Wed Apr 09 15:26:56 GMT 2025","","test_nodes_availability","",""
"","0","test_chainId[Test for Laos]","tests","Wed Apr 09 15:24:27 GMT 2025","passed","Wed Apr 09 15:24:27 GMT 2025","TestChainId","test_network_parameters","",""
"","98","test_rpc_method_is_available[Test for Bifrost Kusama, url: wss://us.bifrost-rpc.liebi.com/ws]","tests","Wed Apr 09 15:24:20 GMT 2025","passed","Wed Apr 09 15:24:20 GMT 2025","","test_rpc_methods_availability","",""
"","0","test_address_prefix[Test for Acurast Canary]","tests","Wed Apr 09 15:23:47 GMT 2025","passed","Wed Apr 09 15:23:47 GMT 2025","TestNetworkPrefix","test_network_parameters","",""
"","76","test_rpc_method_is_available[Test for UNIQUE, url: wss://asia-ws.unique.network/]","tests","Wed Apr 09 15:25:52 GMT 2025","passed","Wed Apr 09 15:25:52 GMT 2025","","test_rpc_methods_availability","",""
"","0","test_can_create_connection[Test for Moonriver, url: wss://moonriver-rpc.dwellir.com]","tests","Wed Apr 09 15:22:53 GMT 2025","passed","Wed Apr 09 15:22:53 GMT 2025","","test_nodes_availability","",""
"","75","test_rpc_method_is_available[Test for Kreivo, url: wss://kreivo.kippu.rocks/]","tests","Wed Apr 09 15:26:37 GMT 2025","passed","Wed Apr 09 15:26:37 GMT 2025","","test_rpc_methods_availability","",""
"","1","test_can_create_connection[Test for Astar, url: wss://astar-rpc.dwellir.com]","tests","Wed Apr 09 15:24:58 GMT 2025","passed","Wed Apr 09 15:24:58 GMT 2025","","test_nodes_availability","",""
"","0","test_can_create_connection[Test for Xode, url: wss://rpc-kr.xode.net]","tests","Wed Apr 09 15:26:48 GMT 2025","passed","Wed Apr 09 15:26:48 GMT 2025","","test_nodes_availability","",""
"","1","test_chainId[Test for Enjin Matrix]","tests","Wed Apr 09 15:23:56 GMT 2025","passed","Wed Apr 09 15:23:56 GMT 2025","TestChainId","test_network_parameters","",""
"","82","test_rpc_method_is_available[Test for Centrifuge Parachain, url: wss://centrifuge-parachain.api.onfinality.io/public-ws]","tests","Wed Apr 09 15:24:09 GMT 2025","passed","Wed Apr 09 15:24:09 GMT 2025","","test_rpc_methods_availability","",""
"","69","test_rpc_method_is_available[Test for Polimec, url: wss://polimec.dotters.network]","tests","Wed Apr 09 15:26:31 GMT 2025","passed","Wed Apr 09 15:26:31 GMT 2025","","test_rpc_methods_availability","",""
"","250","test_rpc_node_is_synced[Test for UNIQUE, url: wss://asia-ws.unique.network/]","tests","Wed Apr 09 15:25:56 GMT 2025","passed","Wed Apr 09 15:25:56 GMT 2025","","test_substrate_node_is_synced","",""
"","0","test_precision[Test for Kintsugi]","tests","Wed Apr 09 15:23:01 GMT 2025","passed","Wed Apr 09 15:23:01 GMT 2025","TestPrecision","test_network_parameters","",""
"","0","test_can_create_connection[Test for Darwinia, url: wss://rpc.darwinia.network]","tests","Wed Apr 09 15:25:42 GMT 2025","passed","Wed Apr 09 15:25:42 GMT 2025","","test_nodes_availability","",""
"","0","test_can_create_connection[Test for Bifrost Polkadot, url: wss://hk.p.bifrost-rpc.liebi.com/ws]","tests","Wed Apr 09 15:25:19 GMT 2025","passed","Wed Apr 09 15:25:19 GMT 2025","","test_nodes_availability","",""
"","0","test_can_create_connection[Test for Moonbeam, url: wss://moonbeam.dotters.network]","tests","Wed Apr 09 15:23:05 GMT 2025","passed","Wed Apr 09 15:23:05 GMT 2025","","test_nodes_availability","",""
"","71","test_rpc_method_is_available[Test for Moonbeam, url: wss://moonbeam.ibp.network]","tests","Wed Apr 09 15:23:08 GMT 2025","passed","Wed Apr 09 15:23:08 GMT 2025","","test_rpc_methods_availability","",""
"","55","test_rpc_node_is_synced[Test for Hyperbridge Nexus, url: wss://nexus.dotters.network]","tests","Wed Apr 09 15:27:11 GMT 2025","passed","Wed Apr 09 15:27:11 GMT 2025","","test_substrate_node_is_synced","",""
"","121","test_rpc_method_is_available[Test for Kusama People, url: wss://sys.ibp.network/people-kusama]","tests","Wed Apr 09 15:22:53 GMT 2025","passed","Wed Apr 09 15:22:53 GMT 2025","","test_rpc_methods_availability","",""
"","0","test_address_prefix[Test for Heima]","tests","Wed Apr 09 15:23:08 GMT 2025","passed","Wed Apr 09 15:23:08 GMT 2025","TestNetworkPrefix","test_network_parameters","",""
"","0","test_can_create_connection[Test for DeepBrain, url: wss://info.dbcwallet.io]","tests","Wed Apr 09 15:26:39 GMT 2025","passed","Wed Apr 09 15:26:39 GMT 2025","","test_nodes_availability","",""
"","6","test_has_new_assets[Test for Manta Atlantic]","tests","Wed Apr 09 15:23:44 GMT 2025","passed","Wed Apr 09 15:23:44 GMT 2025","TestAssets","test_check_new_assets","",""
"","0","test_can_create_connection[Test for Frequency, url: wss://1.rpc.frequency.xyz]","tests","Wed Apr 09 15:26:00 GMT 2025","passed","Wed Apr 09 15:26:00 GMT 2025","","test_nodes_availability","",""
"","0","test_precision[Test for GIANT]","tests","Wed Apr 09 15:23:40 GMT 2025","passed","Wed Apr 09 15:23:40 GMT 2025","TestPrecision","test_network_parameters","",""
"","0","test_can_create_connection[Test for Westend (TESTNET), url: wss://westend.public.curie.radiumblock.co/ws]","tests","Wed Apr 09 15:23:21 GMT 2025","passed","Wed Apr 09 15:23:21 GMT 2025","","test_nodes_availability","",""
"","0","test_precision[Test for Amplitude]","tests","Wed Apr 09 15:23:40 GMT 2025","passed","Wed Apr 09 15:23:40 GMT 2025","TestPrecision","test_network_parameters","",""
"","0","test_precision[Test for Bittensor]","tests","Wed Apr 09 15:23:30 GMT 2025","passed","Wed Apr 09 15:23:30 GMT 2025","TestPrecision","test_network_parameters","",""
"","100","test_rpc_method_is_available[Test for Energy Web X, url: wss://public-rpc.mainnet.energywebx.com/]","tests","Wed Apr 09 15:26:20 GMT 2025","passed","Wed Apr 09 15:26:20 GMT 2025","","test_rpc_methods_availability","",""
"","0","test_can_create_connection[Test for Kusama Bridge Hub, url: wss://bridge-hub-kusama.dotters.network]","tests","Wed Apr 09 15:25:55 GMT 2025","passed","Wed Apr 09 15:25:55 GMT 2025","","test_nodes_availability","",""
"","6","test_has_new_assets[Test for Curio]","tests","Wed Apr 09 15:23:49 GMT 2025","passed","Wed Apr 09 15:23:49 GMT 2025","TestAssets","test_check_new_assets","",""
"","0","test_precision[Test for Frequency]","tests","Wed Apr 09 15:23:32 GMT 2025","passed","Wed Apr 09 15:23:32 GMT 2025","TestPrecision","test_network_parameters","",""
"","1","test_chainId[Test for Aleph Zero]","tests","Wed Apr 09 15:22:58 GMT 2025","passed","Wed Apr 09 15:22:58 GMT 2025","TestChainId","test_network_parameters","",""
"","64","test_rpc_node_is_synced[Test for Amplitude, url: wss://rpc-amplitude.pendulumchain.tech]","tests","Wed Apr 09 15:25:45 GMT 2025","passed","Wed Apr 09 15:25:45 GMT 2025","","test_substrate_node_is_synced","",""
"","93","test_rpc_method_is_available[Test for Crab, url: wss://crab-rpc.darwinia.network/]","tests","Wed Apr 09 15:25:58 GMT 2025","passed","Wed Apr 09 15:25:58 GMT 2025","","test_rpc_methods_availability","",""
"","70","test_rpc_method_is_available[Test for Altair, url: wss://altair.api.onfinality.io/public-ws]","tests","Wed Apr 09 15:24:34 GMT 2025","passed","Wed Apr 09 15:24:34 GMT 2025","","test_rpc_methods_availability","",""
"","0","test_chainId[Test for Polkadot]","tests","Wed Apr 09 15:22:39 GMT 2025","passed","Wed Apr 09 15:22:39 GMT 2025","TestChainId","test_network_parameters","",""
"","125","test_rpc_method_is_available[Test for Moonbeam, url: wss://moonbeam.public.blastapi.io]","tests","Wed Apr 09 15:22:37 GMT 2025","passed","Wed Apr 09 15:22:37 GMT 2025","","test_rpc_methods_availability","",""
"","0","test_address_prefix[Test for Bit.Country Pioneer]","tests","Wed Apr 09 15:22:36 GMT 2025","passed","Wed Apr 09 15:22:36 GMT 2025","TestNetworkPrefix","test_network_parameters","",""
"","20","test_rpc_node_is_synced[Test for Kusama Asset Hub, url: wss://sys.ibp.network/statemine]","tests","Wed Apr 09 15:23:46 GMT 2025","passed","Wed Apr 09 15:23:46 GMT 2025","","test_substrate_node_is_synced","",""
"","27","test_has_new_assets[Test for Acala]","tests","Wed Apr 09 15:22:42 GMT 2025","passed","Wed Apr 09 15:22:42 GMT 2025","TestAssets","test_check_new_assets","",""
"","107","test_rpc_method_is_available[Test for Moonbeam, url: wss://moonbeam.public.curie.radiumblock.co/ws]","tests","Wed Apr 09 15:23:18 GMT 2025","passed","Wed Apr 09 15:23:19 GMT 2025","","test_rpc_methods_availability","",""
"","0","test_can_create_connection[Test for Westend (TESTNET), url: wss://westend-rpc.dwellir.com]","tests","Wed Apr 09 15:23:11 GMT 2025","passed","Wed Apr 09 15:23:11 GMT 2025","","test_nodes_availability","",""
"","0","test_can_create_connection[Test for Polkadex, url: wss://polkadex-mainnet-rpc.dwellir.com]","tests","Wed Apr 09 15:25:12 GMT 2025","passed","Wed Apr 09 15:25:12 GMT 2025","","test_nodes_availability","",""
"","0","test_address_prefix[Test for Humanode]","tests","Wed Apr 09 15:23:58 GMT 2025","passed","Wed Apr 09 15:23:58 GMT 2025","TestNetworkPrefix","test_network_parameters","",""
"","70","test_rpc_method_is_available[Test for Westend (TESTNET), url: wss://westend-rpc.dwellir.com]","tests","Wed Apr 09 15:23:13 GMT 2025","passed","Wed Apr 09 15:23:13 GMT 2025","","test_rpc_methods_availability","",""
"","60","test_rpc_node_is_synced[Test for KILT, url: wss://kilt.ibp.network]","tests","Wed Apr 09 15:23:43 GMT 2025","passed","Wed Apr 09 15:23:43 GMT 2025","","test_substrate_node_is_synced","",""
"","0","test_address_prefix[Test for Moonbeam]","tests","Wed Apr 09 15:22:38 GMT 2025","passed","Wed Apr 09 15:22:38 GMT 2025","TestNetworkPrefix","test_network_parameters","",""
"","0","test_can_create_connection[Test for Amplitude, url: wss://rpc-amplitude.pendulumchain.tech]","tests","Wed Apr 09 15:25:18 GMT 2025","passed","Wed Apr 09 15:25:18 GMT 2025","","test_nodes_availability","",""
"","20","test_rpc_node_is_synced[Test for Polkadot Bridge Hub, url: wss://bridge-hub-polkadot.dotters.network]","tests","Wed Apr 09 15:26:17 GMT 2025","passed","Wed Apr 09 15:26:17 GMT 2025","","test_substrate_node_is_synced","",""
"","98","test_rpc_node_is_synced[Test for Phala, url: wss://api.phala.network/ws]","tests","Wed Apr 09 15:24:58 GMT 2025","passed","Wed Apr 09 15:24:58 GMT 2025","","test_substrate_node_is_synced","",""
"","0","test_can_create_connection[Test for Hydration, url: wss://hydration.dotters.network]","tests","Wed Apr 09 15:24:30 GMT 2025","passed","Wed Apr 09 15:24:30 GMT 2025","","test_nodes_availability","",""
"","105","test_rpc_method_is_available[Test for Phala, url: wss://phala.public.curie.radiumblock.co/ws]","tests","Wed Apr 09 15:25:04 GMT 2025","passed","Wed Apr 09 15:25:04 GMT 2025","","test_rpc_methods_availability","",""
"","117","test_rpc_method_is_available[Test for Heima, url: wss://rpc.litentry-parachain.litentry.io]","tests","Wed Apr 09 15:25:31 GMT 2025","passed","Wed Apr 09 15:25:31 GMT 2025","","test_rpc_methods_availability","",""
"","180","test_rpc_node_is_synced[Test for XX network, url: wss://rpc-do.xx.network]","tests","Wed Apr 09 15:25:57 GMT 2025","passed","Wed Apr 09 15:25:57 GMT 2025","","test_substrate_node_is_synced","",""
"","146","test_rpc_node_is_synced[Test for NeuroWeb, url: wss://neuroweb-rpc.dwellir.com]","tests","Wed Apr 09 15:25:46 GMT 2025","passed","Wed Apr 09 15:25:46 GMT 2025","","test_substrate_node_is_synced","",""
"","0","test_chainId[Test for Centrifuge Parachain]","tests","Wed Apr 09 15:23:06 GMT 2025","passed","Wed Apr 09 15:23:06 GMT 2025","TestChainId","test_network_parameters","",""
"","0","test_can_create_connection[Test for Shiden, url: wss://rpc.shiden.astar.network]","tests","Wed Apr 09 15:22:57 GMT 2025","passed","Wed Apr 09 15:22:57 GMT 2025","","test_nodes_availability","",""
"","88","test_rpc_method_is_available[Test for Basilisk, url: wss://basilisk-rpc.dwellir.com]","tests","Wed Apr 09 15:24:31 GMT 2025","passed","Wed Apr 09 15:24:31 GMT 2025","","test_rpc_methods_availability","",""
"","0","test_can_create_connection[Test for Phala, url: wss://rpc.helikon.io/phala]","tests","Wed Apr 09 15:24:43 GMT 2025","passed","Wed Apr 09 15:24:43 GMT 2025","","test_nodes_availability","",""
"","6","test_has_new_assets[Test for Polimec]","tests","Wed Apr 09 15:23:40 GMT 2025","passed","Wed Apr 09 15:23:40 GMT 2025","TestAssets","test_check_new_assets","",""
"","0","test_can_create_connection[Test for Bifrost Polkadot, url: wss://bifrost-polkadot.dotters.network]","tests","Wed Apr 09 15:25:07 GMT 2025","passed","Wed Apr 09 15:25:07 GMT 2025","","test_nodes_availability","",""
"","0","test_address_prefix[Test for Interlay]","tests","Wed Apr 09 15:23:08 GMT 2025","passed","Wed Apr 09 15:23:08 GMT 2025","TestNetworkPrefix","test_network_parameters","",""
"","84","test_rpc_node_is_synced[Test for Polkadot People, url: wss://rpc-people-polkadot.luckyfriday.io]","tests","Wed Apr 09 15:23:01 GMT 2025","passed","Wed Apr 09 15:23:01 GMT 2025","","test_substrate_node_is_synced","",""
"","6","test_has_new_assets[Test for Ajuna]","tests","Wed Apr 09 15:23:32 GMT 2025","passed","Wed Apr 09 15:23:32 GMT 2025","TestAssets","test_check_new_assets","",""
"","69","test_rpc_method_is_available[Test for Kusama Coretime, url: wss://kusama-coretime-rpc.polkadot.io]","tests","Wed Apr 09 15:27:13 GMT 2025","passed","Wed Apr 09 15:27:13 GMT 2025","","test_rpc_methods_availability","",""
"","70","test_rpc_method_is_available[Test for Polkadot, url: wss://polkadot-rpc.dwellir.com]","tests","Wed Apr 09 15:23:07 GMT 2025","passed","Wed Apr 09 15:23:08 GMT 2025","","test_rpc_methods_availability","",""
"","154","test_rpc_node_is_synced[Test for Polkadot People, url: wss://polkadot-people-rpc.polkadot.io]","tests","Wed Apr 09 15:22:55 GMT 2025","passed","Wed Apr 09 15:22:55 GMT 2025","","test_substrate_node_is_synced","",""
"","1","test_address_prefix[Test for Altair]","tests","Wed Apr 09 15:22:44 GMT 2025","passed","Wed Apr 09 15:22:44 GMT 2025","TestNetworkPrefix","test_network_parameters","",""
"","0","test_precision[Test for Westend (TESTNET)]","tests","Wed Apr 09 15:22:46 GMT 2025","passed","Wed Apr 09 15:22:46 GMT 2025","TestPrecision","test_network_parameters","",""
"","0","test_can_create_connection[Test for Hyperbridge Nexus, url: wss://nexus.dotters.network]","tests","Wed Apr 09 15:26:24 GMT 2025","passed","Wed Apr 09 15:26:24 GMT 2025","","test_nodes_availability","",""
"","5","test_has_new_assets[Test for Kreivo]","tests","Wed Apr 09 15:23:54 GMT 2025","passed","Wed Apr 09 15:23:54 GMT 2025","TestAssets","test_check_new_assets","",""
"","0","test_address_prefix[Test for Creditcoin]","tests","Wed Apr 09 15:23:59 GMT 2025","passed","Wed Apr 09 15:23:59 GMT 2025","TestNetworkPrefix","test_network_parameters","",""
"","0","test_address_prefix[Test for Avail]","tests","Wed Apr 09 15:23:52 GMT 2025","passed","Wed Apr 09 15:23:52 GMT 2025","TestNetworkPrefix","test_network_parameters","",""
"","127","test_rpc_node_is_synced[Test for Pendulum, url: wss://rpc-pendulum.prd.pendulumchain.tech]","tests","Wed Apr 09 15:26:02 GMT 2025","passed","Wed Apr 09 15:26:02 GMT 2025","","test_substrate_node_is_synced","",""
"","0","test_precision[Test for Avail]","tests","Wed Apr 09 15:24:07 GMT 2025","passed","Wed Apr 09 15:24:07 GMT 2025","TestPrecision","test_network_parameters","",""
"","74","test_rpc_method_is_available[Test for Crust Shadow, url: wss://rpc2-shadow.crust.network/]","tests","Wed Apr 09 15:23:44 GMT 2025","passed","Wed Apr 09 15:23:44 GMT 2025","","test_rpc_methods_availability","",""
"","0","test_can_create_connection[Test for Polkadot Coretime, url: wss://sys.ibp.network/coretime-polkadot]","tests","Wed Apr 09 15:26:48 GMT 2025","passed","Wed Apr 09 15:26:48 GMT 2025","","test_nodes_availability","",""
"","7","test_has_new_assets[Test for Aleph Zero]","tests","Wed Apr 09 15:22:56 GMT 2025","passed","Wed Apr 09 15:22:56 GMT 2025","TestAssets","test_check_new_assets","",""
"","69","test_rpc_method_is_available[Test for Astar, url: wss://astar.api.onfinality.io/public-ws]","tests","Wed Apr 09 15:23:46 GMT 2025","passed","Wed Apr 09 15:23:46 GMT 2025","","test_rpc_methods_availability","",""
"","0","test_can_create_connection[Test for Acala, url: wss://acala-rpc-1.aca-api.network]","tests","Wed Apr 09 15:24:18 GMT 2025","passed","Wed Apr 09 15:24:18 GMT 2025","","test_nodes_availability","",""
"","1","test_address_prefix[Test for Kusama Asset Hub]","tests","Wed Apr 09 15:22:45 GMT 2025","passed","Wed Apr 09 15:22:45 GMT 2025","TestNetworkPrefix","test_network_parameters","",""
"","1","test_can_create_connection[Test for Kusama Coretime, url: wss://sys.ibp.network/coretime-kusama]","tests","Wed Apr 09 15:26:59 GMT 2025","passed","Wed Apr 09 15:26:59 GMT 2025","","test_nodes_availability","",""
"","142","test_rpc_node_is_synced[Test for Interlay, url: wss://interlay-rpc.dwellir.com]","tests","Wed Apr 09 15:25:02 GMT 2025","passed","Wed Apr 09 15:25:02 GMT 2025","","test_substrate_node_is_synced","",""
"","67","test_rpc_method_is_available[Test for Hydration, url: wss://hydration.ibp.network]","tests","Wed Apr 09 15:24:22 GMT 2025","passed","Wed Apr 09 15:24:22 GMT 2025","","test_rpc_methods_availability","",""
"","0","test_precision[Test for Parallel]","tests","Wed Apr 09 15:22:50 GMT 2025","passed","Wed Apr 09 15:22:50 GMT 2025","TestPrecision","test_network_parameters","",""
"","119","test_rpc_method_is_available[Test for Kusama Asset Hub, url: wss://asset-hub-kusama.dotters.network]","tests","Wed Apr 09 15:23:32 GMT 2025","passed","Wed Apr 09 15:23:32 GMT 2025","","test_rpc_methods_availability","",""
"","151","test_rpc_node_is_synced[Test for Nodle Parachain, url: wss://nodle-rpc.dwellir.com]","tests","Wed Apr 09 15:24:39 GMT 2025","passed","Wed Apr 09 15:24:39 GMT 2025","","test_substrate_node_is_synced","",""
"","20","test_rpc_node_is_synced[Test for Polkadot Coretime, url: wss://sys.ibp.network/coretime-polkadot]","tests","Wed Apr 09 15:27:47 GMT 2025","passed","Wed Apr 09 15:27:47 GMT 2025","","test_substrate_node_is_synced","",""
"","69","test_rpc_method_is_available[Test for Curio, url: wss://parachain.curioinvest.com/]","tests","Wed Apr 09 15:26:28 GMT 2025","passed","Wed Apr 09 15:26:28 GMT 2025","","test_rpc_methods_availability","",""
"","105","test_rpc_node_is_synced[Test for Avail, url: wss://avail-mainnet.public.blastapi.io/]","tests","Wed Apr 09 15:27:11 GMT 2025","passed","Wed Apr 09 15:27:11 GMT 2025","","test_substrate_node_is_synced","",""
"","66","test_rpc_node_is_synced[Test for Karura, url: wss://karura.api.onfinality.io/public-ws]","tests","Wed Apr 09 15:23:22 GMT 2025","passed","Wed Apr 09 15:23:22 GMT 2025","","test_substrate_node_is_synced","",""
"","112","test_rpc_node_is_synced[Test for Mythos, url: wss://mythos.ibp.network]","tests","Wed Apr 09 15:27:02 GMT 2025","passed","Wed Apr 09 15:27:02 GMT 2025","","test_substrate_node_is_synced","",""
"","96","test_rpc_method_is_available[Test for XX network, url: wss://rpc.xx.network]","tests","Wed Apr 09 15:25:37 GMT 2025","passed","Wed Apr 09 15:25:37 GMT 2025","","test_rpc_methods_availability","",""
"","69","test_rpc_method_is_available[Test for Mythos, url: wss://mythos.ibp.network]","tests","Wed Apr 09 15:26:38 GMT 2025","passed","Wed Apr 09 15:26:38 GMT 2025","","test_rpc_methods_availability","",""
"","73","test_rpc_method_is_available[Test for Hydration, url: wss://rpc.hydradx.cloud]","tests","Wed Apr 09 15:24:18 GMT 2025","passed","Wed Apr 09 15:24:18 GMT 2025","","test_rpc_methods_availability","",""
"","69","test_rpc_method_is_available[Test for Centrifuge Parachain, url: wss://centrifuge-rpc.dwellir.com]","tests","Wed Apr 09 15:24:05 GMT 2025","passed","Wed Apr 09 15:24:05 GMT 2025","","test_rpc_methods_availability","",""
"","0","test_chainId[Test for Darwinia]","tests","Wed Apr 09 15:23:46 GMT 2025","passed","Wed Apr 09 15:23:46 GMT 2025","TestChainId","test_network_parameters","",""
"","1","test_can_create_connection[Test for UNIQUE, url: wss://us-ws.unique.network/]","tests","Wed Apr 09 15:25:39 GMT 2025","passed","Wed Apr 09 15:25:39 GMT 2025","","test_nodes_availability","",""
"","0","test_chainId[Test for Mangata X]","tests","Wed Apr 09 15:23:21 GMT 2025","passed","Wed Apr 09 15:23:21 GMT 2025","TestChainId","test_network_parameters","",""
"","0","test_can_create_connection[Test for Kusama Bridge Hub, url: wss://sys.ibp.network/bridgehub-kusama]","tests","Wed Apr 09 15:25:52 GMT 2025","passed","Wed Apr 09 15:25:52 GMT 2025","","test_nodes_availability","",""
"","78","test_rpc_method_is_available[Test for Polkadot People, url: wss://people-polkadot.dotters.network]","tests","Wed Apr 09 15:22:42 GMT 2025","passed","Wed Apr 09 15:22:42 GMT 2025","","test_rpc_methods_availability","",""
"","0","test_precision[Test for Kabocha]","tests","Wed Apr 09 15:23:05 GMT 2025","passed","Wed Apr 09 15:23:05 GMT 2025","TestPrecision","test_network_parameters","",""
"","0","test_can_create_connection[Test for Creditcoin, url: wss://mainnet3.creditcoin.network]","tests","Wed Apr 09 15:26:34 GMT 2025","passed","Wed Apr 09 15:26:34 GMT 2025","","test_nodes_availability","",""
"","0","test_precision[Test for Encointer]","tests","Wed Apr 09 15:22:57 GMT 2025","passed","Wed Apr 09 15:22:57 GMT 2025","TestPrecision","test_network_parameters","",""
"","0","test_address_prefix[Test for GIANT]","tests","Wed Apr 09 15:23:28 GMT 2025","passed","Wed Apr 09 15:23:28 GMT 2025","TestNetworkPrefix","test_network_parameters","",""
"","20","test_rpc_node_is_synced[Test for Polkadot Asset Hub, url: wss://asset-hub-polkadot.dotters.network]","tests","Wed Apr 09 15:24:28 GMT 2025","passed","Wed Apr 09 15:24:28 GMT 2025","","test_substrate_node_is_synced","",""
"","0","test_can_create_connection[Test for Enjin Matrix, url: wss://enjin-matrix-rpc-1.dwellir.com]","tests","Wed Apr 09 15:26:05 GMT 2025","passed","Wed Apr 09 15:26:05 GMT 2025","","test_nodes_availability","",""
"","0","test_can_create_connection[Test for peaq, url: wss://peaq-rpc.dwellir.com]","tests","Wed Apr 09 15:26:44 GMT 2025","passed","Wed Apr 09 15:26:44 GMT 2025","","test_nodes_availability","",""
"","73","test_rpc_method_is_available[Test for Kusama Coretime, url: wss://coretime-kusama.dotters.network]","tests","Wed Apr 09 15:27:07 GMT 2025","passed","Wed Apr 09 15:27:08 GMT 2025","","test_rpc_methods_availability","",""
"","70","test_has_new_assets[Test for Polkadot]","tests","Wed Apr 09 15:22:39 GMT 2025","passed","Wed Apr 09 15:22:39 GMT 2025","TestAssets","test_check_new_assets","",""
"","160","test_rpc_node_is_synced[Test for Kusama Coretime, url: wss://kusama-coretime-rpc.polkadot.io]","tests","Wed Apr 09 15:27:42 GMT 2025","passed","Wed Apr 09 15:27:42 GMT 2025","","test_substrate_node_is_synced","",""
"","0","test_can_create_connection[Test for QUARTZ, url: wss://us-ws-quartz.unique.network]","tests","Wed Apr 09 15:23:49 GMT 2025","passed","Wed Apr 09 15:23:49 GMT 2025","","test_nodes_availability","",""
"","0","test_can_create_connection[Test for Continuum, url: wss://continuum-rpc-1.metaverse.network/wss]","tests","Wed Apr 09 15:26:10 GMT 2025","passed","Wed Apr 09 15:26:10 GMT 2025","","test_nodes_availability","",""
"","1","test_can_create_connection[Test for Bajun, url: wss://rpc-para.bajun.network]","tests","Wed Apr 09 15:25:15 GMT 2025","passed","Wed Apr 09 15:25:15 GMT 2025","","test_nodes_availability","",""
"","7","test_has_new_assets[Test for Cere]","tests","Wed Apr 09 15:24:14 GMT 2025","passed","Wed Apr 09 15:24:14 GMT 2025","TestAssets","test_check_new_assets","",""
"","0","test_precision[Test for Hydration]","tests","Wed Apr 09 15:23:15 GMT 2025","passed","Wed Apr 09 15:23:15 GMT 2025","TestPrecision","test_network_parameters","",""
"","71","test_rpc_method_is_available[Test for Encointer, url: wss://sys.ibp.network/encointer-kusama]","tests","Wed Apr 09 15:25:07 GMT 2025","passed","Wed Apr 09 15:25:07 GMT 2025","","test_rpc_methods_availability","",""
"","327","test_rpc_node_is_synced[Test for Acala, url: wss://acala-rpc-0.aca-api.network]","tests","Wed Apr 09 15:24:52 GMT 2025","passed","Wed Apr 09 15:24:52 GMT 2025","","test_substrate_node_is_synced","",""
"","0","test_precision[Test for peaq]","tests","Wed Apr 09 15:24:13 GMT 2025","passed","Wed Apr 09 15:24:13 GMT 2025","TestPrecision","test_network_parameters","",""
"","161","test_rpc_node_is_synced[Test for Heima, url: wss://litentry-rpc.dwellir.com]","tests","Wed Apr 09 15:25:41 GMT 2025","passed","Wed Apr 09 15:25:41 GMT 2025","","test_substrate_node_is_synced","",""
"","69","test_rpc_method_is_available[Test for CC Enterprise, url: wss://mainnet.creditcoin.network/ws]","tests","Wed Apr 09 15:26:47 GMT 2025","passed","Wed Apr 09 15:26:47 GMT 2025","","test_rpc_methods_availability","",""
"","0","test_chainId[Test for Acurast Canary]","tests","Wed Apr 09 15:24:14 GMT 2025","passed","Wed Apr 09 15:24:14 GMT 2025","TestChainId","test_network_parameters","",""
"","8","test_has_new_assets[Test for Westend (TESTNET)]","tests","Wed Apr 09 15:22:49 GMT 2025","passed","Wed Apr 09 15:22:49 GMT 2025","TestAssets","test_check_new_assets","",""
"","68","test_rpc_method_is_available[Test for Kusama, url: wss://rpc-kusama-2.novasama-tech.org]","tests","Wed Apr 09 15:23:34 GMT 2025","passed","Wed Apr 09 15:23:34 GMT 2025","","test_rpc_methods_availability","",""
"","0","test_can_create_connection[Test for CC Enterprise, url: wss://mainnet.creditcoin.network/ws]","tests","Wed Apr 09 15:26:32 GMT 2025","passed","Wed Apr 09 15:26:32 GMT 2025","","test_nodes_availability","",""
"","109","test_rpc_method_is_available[Test for Kusama People, url: wss://kusama-people-rpc.polkadot.io]","tests","Wed Apr 09 15:22:51 GMT 2025","passed","Wed Apr 09 15:22:51 GMT 2025","","test_rpc_methods_availability","",""
"","1","test_address_prefix[Test for Polkadot Bridge Hub]","tests","Wed Apr 09 15:23:30 GMT 2025","passed","Wed Apr 09 15:23:30 GMT 2025","TestNetworkPrefix","test_network_parameters","",""
"","110","test_rpc_method_is_available[Test for Basilisk, url: wss://rpc.basilisk.cloud]","tests","Wed Apr 09 15:24:26 GMT 2025","passed","Wed Apr 09 15:24:26 GMT 2025","","test_rpc_methods_availability","",""
"","20","test_rpc_node_is_synced[Test for Encointer, url: wss://encointer-kusama.dotters.network]","tests","Wed Apr 09 15:25:57 GMT 2025","passed","Wed Apr 09 15:25:57 GMT 2025","","test_substrate_node_is_synced","",""
"","76","test_rpc_method_is_available[Test for peaq, url: wss://peaq-rpc.publicnode.com]","tests","Wed Apr 09 15:26:56 GMT 2025","passed","Wed Apr 09 15:26:56 GMT 2025","","test_rpc_methods_availability","",""
"","0","test_can_create_connection[Test for Moonriver, url: wss://wss.api.moonriver.moonbeam.network]","tests","Wed Apr 09 15:22:41 GMT 2025","passed","Wed Apr 09 15:22:41 GMT 2025","","test_nodes_availability","",""
"","5","test_has_new_assets[Test for Bajun]","tests","Wed Apr 09 15:23:06 GMT 2025","passed","Wed Apr 09 15:23:06 GMT 2025","TestAssets","test_check_new_assets","",""
"","0","test_address_prefix[Test for Xode]","tests","Wed Apr 09 15:24:10 GMT 2025","passed","Wed Apr 09 15:24:10 GMT 2025","TestNetworkPrefix","test_network_parameters","",""
"","0","test_address_prefix[Test for Enjin Relay]","tests","Wed Apr 09 15:23:43 GMT 2025","passed","Wed Apr 09 15:23:43 GMT 2025","TestNetworkPrefix","test_network_parameters","",""
"","8","test_has_new_assets[Test for Encointer]","tests","Wed Apr 09 15:22:55 GMT 2025","passed","Wed Apr 09 15:22:55 GMT 2025","TestAssets","test_check_new_assets","",""
"","192","test_rpc_node_is_synced[Test for Curio, url: wss://archive.parachain.curioinvest.com]","tests","Wed Apr 09 15:27:04 GMT 2025","passed","Wed Apr 09 15:27:05 GMT 2025","","test_substrate_node_is_synced","",""
"","100","test_rpc_method_is_available[Test for Bifrost Kusama, url: wss://bifrost-rpc.liebi.com/ws]","tests","Wed Apr 09 15:24:08 GMT 2025","passed","Wed Apr 09 15:24:08 GMT 2025","","test_rpc_methods_availability","",""
"","90","test_rpc_method_is_available[Test for Kusama Asset Hub, url: wss://asset-hub-kusama-rpc.dwellir.com]","tests","Wed Apr 09 15:23:37 GMT 2025","passed","Wed Apr 09 15:23:38 GMT 2025","","test_rpc_methods_availability","",""
"","0","test_precision[Test for Bit.Country Pioneer]","tests","Wed Apr 09 15:22:37 GMT 2025","passed","Wed Apr 09 15:22:37 GMT 2025","TestPrecision","test_network_parameters","",""
"","1","test_address_prefix[Test for Kabocha]","tests","Wed Apr 09 15:22:53 GMT 2025","passed","Wed Apr 09 15:22:53 GMT 2025","TestNetworkPrefix","test_network_parameters","",""
"","0","test_address_prefix[Test for Kusama People]","tests","Wed Apr 09 15:22:33 GMT 2025","passed","Wed Apr 09 15:22:33 GMT 2025","TestNetworkPrefix","test_network_parameters","",""
"","55","test_rpc_node_is_synced[Test for Bifrost Polkadot, url: wss://bifrost-polkadot.ibp.network]","tests","Wed Apr 09 15:25:12 GMT 2025","passed","Wed Apr 09 15:25:12 GMT 2025","","test_substrate_node_is_synced","",""
"","0","test_chainId[Test for krest]","tests","Wed Apr 09 15:24:00 GMT 2025","passed","Wed Apr 09 15:24:00 GMT 2025","TestChainId","test_network_parameters","",""
"","0","test_precision[Test for Karura]","tests","Wed Apr 09 15:22:38 GMT 2025","passed","Wed Apr 09 15:22:38 GMT 2025","TestPrecision","test_network_parameters","",""
"","71","test_rpc_method_is_available[Test for QUARTZ, url: wss://us-ws-quartz.unique.network]","tests","Wed Apr 09 15:23:45 GMT 2025","passed","Wed Apr 09 15:23:45 GMT 2025","","test_rpc_methods_availability","",""
"","1","test_chainId[Test for Polkadot Collectives]","tests","Wed Apr 09 15:23:57 GMT 2025","passed","Wed Apr 09 15:23:57 GMT 2025","TestChainId","test_network_parameters","",""
"","0","test_address_prefix[Test for Polkadot Asset Hub]","tests","Wed Apr 09 15:22:50 GMT 2025","passed","Wed Apr 09 15:22:50 GMT 2025","TestNetworkPrefix","test_network_parameters","",""
"","77","test_rpc_method_is_available[Test for KILT, url: wss://kilt.dotters.network]","tests","Wed Apr 09 15:23:24 GMT 2025","passed","Wed Apr 09 15:23:24 GMT 2025","","test_rpc_methods_availability","",""
"","78","test_rpc_method_is_available[Test for Polkadot, url: wss://rpc.ibp.network/polkadot]","tests","Wed Apr 09 15:22:47 GMT 2025","passed","Wed Apr 09 15:22:47 GMT 2025","","test_rpc_methods_availability","",""
"","96","test_rpc_method_is_available[Test for Polkadot Bridge Hub, url: wss://dot-rpc.stakeworld.io/bridgehub]","tests","Wed Apr 09 15:25:49 GMT 2025","passed","Wed Apr 09 15:25:49 GMT 2025","","test_rpc_methods_availability","",""
"","194","test_rpc_node_is_synced[Test for Kusama, url: wss://1rpc.io/ksm]","tests","Wed Apr 09 15:23:14 GMT 2025","passed","Wed Apr 09 15:23:14 GMT 2025","","test_substrate_node_is_synced","",""
"","0","test_precision[Test for Polkadot]","tests","Wed Apr 09 15:22:37 GMT 2025","passed","Wed Apr 09 15:22:37 GMT 2025","TestPrecision","test_network_parameters","",""
"","0","test_can_create_connection[Test for XX network, url: wss://rpc-hetzner.xx.network]","tests","Wed Apr 09 15:25:27 GMT 2025","passed","Wed Apr 09 15:25:27 GMT 2025","","test_nodes_availability","",""
"","0","test_can_create_connection[Test for Moonbeam, url: wss://wss.api.moonbeam.network]","tests","Wed Apr 09 15:23:01 GMT 2025","passed","Wed Apr 09 15:23:01 GMT 2025","","test_nodes_availability","",""
"","1","test_can_create_connection[Test for Polkadot, url: wss://rpc-polkadot-1.novasama-tech.org]","tests","Wed Apr 09 15:22:40 GMT 2025","passed","Wed Apr 09 15:22:40 GMT 2025","","test_nodes_availability","",""
"","11","test_has_new_assets[Test for Shiden]","tests","Wed Apr 09 15:22:50 GMT 2025","passed","Wed Apr 09 15:22:50 GMT 2025","TestAssets","test_check_new_assets","",""
"","154","test_rpc_node_is_synced[Test for KILT, url: wss://kilt-rpc.dwellir.com]","tests","Wed Apr 09 15:24:03 GMT 2025","passed","Wed Apr 09 15:24:03 GMT 2025","","test_substrate_node_is_synced","",""
"","93","test_rpc_method_is_available[Test for Moonbeam, url: wss://wss.api.moonbeam.network]","tests","Wed Apr 09 15:23:05 GMT 2025","passed","Wed Apr 09 15:23:05 GMT 2025","","test_rpc_methods_availability","",""
"","1","test_can_create_connection[Test for Heima, url: wss://rpc.litentry-parachain.litentry.io]","tests","Wed Apr 09 15:25:30 GMT 2025","passed","Wed Apr 09 15:25:30 GMT 2025","","test_nodes_availability","",""
"","68","test_rpc_method_is_available[Test for Kusama Coretime, url: wss://ksm-rpc.stakeworld.io/coretime]","tests","Wed Apr 09 15:27:13 GMT 2025","passed","Wed Apr 09 15:27:13 GMT 2025","","test_rpc_methods_availability","",""
"","0","test_precision[Test for Enjin Matrix]","tests","Wed Apr 09 15:23:43 GMT 2025","passed","Wed Apr 09 15:23:43 GMT 2025","TestPrecision","test_network_parameters","",""
"","1","test_can_create_connection[Test for UNIQUE, url: wss://unique.dotters.network]","tests","Wed Apr 09 15:25:51 GMT 2025","passed","Wed Apr 09 15:25:51 GMT 2025","","test_nodes_availability","",""
"","1","test_can_create_connection[Test for Polkadot Asset Hub, url: wss://asset-hub-polkadot-rpc.dwellir.com]","tests","Wed Apr 09 15:23:59 GMT 2025","passed","Wed Apr 09 15:23:59 GMT 2025","","test_nodes_availability","",""
"","0","test_can_create_connection[Test for Polkadot Collectives, url: wss://collectives.public.curie.radiumblock.co/ws]","tests","Wed Apr 09 15:26:03 GMT 2025","passed","Wed Apr 09 15:26:03 GMT 2025","","test_nodes_availability","",""
"","0","test_can_create_connection[Test for Bifrost Kusama, url: wss://bifrost-rpc.liebi.com/ws]","tests","Wed Apr 09 15:24:08 GMT 2025","passed","Wed Apr 09 15:24:08 GMT 2025","","test_nodes_availability","",""
"","114","test_rpc_method_is_available[Test for Hyperbridge Nexus, url: wss://nexus.ibp.network]","tests","Wed Apr 09 15:26:40 GMT 2025","passed","Wed Apr 09 15:26:40 GMT 2025","","test_rpc_methods_availability","",""
"","102","test_rpc_method_is_available[Test for Kintsugi, url: wss://api-kusama.interlay.io/parachain]","tests","Wed Apr 09 15:25:18 GMT 2025","passed","Wed Apr 09 15:25:18 GMT 2025","","test_rpc_methods_availability","",""
"","71","test_rpc_method_is_available[Test for Polkadot, url: wss://polkadot.dotters.network]","tests","Wed Apr 09 15:22:50 GMT 2025","passed","Wed Apr 09 15:22:50 GMT 2025","","test_rpc_methods_availability","",""
"","114","test_rpc_method_is_available[Test for Turing, url: wss://turing-rpc.dwellir.com]","tests","Wed Apr 09 15:25:11 GMT 2025","passed","Wed Apr 09 15:25:11 GMT 2025","","test_rpc_methods_availability","",""
"","6","test_has_new_assets[Test for JAMTON]","tests","Wed Apr 09 15:24:08 GMT 2025","passed","Wed Apr 09 15:24:08 GMT 2025","TestAssets","test_check_new_assets","",""
"","147","test_rpc_node_is_synced[Test for Shiden, url: wss://shiden-rpc.dwellir.com]","tests","Wed Apr 09 15:23:32 GMT 2025","passed","Wed Apr 09 15:23:32 GMT 2025","","test_substrate_node_is_synced","",""
"","104","test_rpc_method_is_available[Test for NeuroWeb, url: wss://parachain-rpc.origin-trail.network]","tests","Wed Apr 09 15:25:32 GMT 2025","passed","Wed Apr 09 15:25:32 GMT 2025","","test_rpc_methods_availability","",""
"","186","test_rpc_node_is_synced[Test for Continuum, url: wss://continuum-rpc-1.metaverse.network/wss]","tests","Wed Apr 09 15:26:42 GMT 2025","passed","Wed Apr 09 15:26:42 GMT 2025","","test_substrate_node_is_synced","",""
"","0","test_can_create_connection[Test for Astar, url: wss://rpc.astar.network]","tests","Wed Apr 09 15:24:54 GMT 2025","passed","Wed Apr 09 15:24:54 GMT 2025","","test_nodes_availability","",""
"","0","test_can_create_connection[Test for Polkadot Coretime, url: wss://rpc-coretime-polkadot.luckyfriday.io]","tests","Wed Apr 09 15:26:50 GMT 2025","passed","Wed Apr 09 15:26:50 GMT 2025","","test_nodes_availability","",""
"","0","test_address_prefix[Test for Bifrost Polkadot]","tests","Wed Apr 09 15:23:03 GMT 2025","passed","Wed Apr 09 15:23:03 GMT 2025","TestNetworkPrefix","test_network_parameters","",""
"","0","test_chainId[Test for GIANT]","tests","Wed Apr 09 15:23:52 GMT 2025","passed","Wed Apr 09 15:23:52 GMT 2025","TestChainId","test_network_parameters","",""
"","20","test_rpc_node_is_synced[Test for Kusama People, url: wss://people-kusama.dotters.network]","tests","Wed Apr 09 15:23:14 GMT 2025","passed","Wed Apr 09 15:23:14 GMT 2025","","test_substrate_node_is_synced","",""
"","0","test_can_create_connection[Test for Polkadot, url: wss://rpc-polkadot.luckyfriday.io]","tests","Wed Apr 09 15:23:21 GMT 2025","passed","Wed Apr 09 15:23:21 GMT 2025","","test_nodes_availability","",""
"","0","test_address_prefix[Test for krest]","tests","Wed Apr 09 15:23:33 GMT 2025","passed","Wed Apr 09 15:23:33 GMT 2025","TestNetworkPrefix","test_network_parameters","",""
"","1","test_precision[Test for JAMTON]","tests","Wed Apr 09 15:24:24 GMT 2025","passed","Wed Apr 09 15:24:24 GMT 2025","TestPrecision","test_network_parameters","",""
"","0","test_can_create_connection[Test for Energy Web X, url: wss://public-rpc.mainnet.energywebx.com/]","tests","Wed Apr 09 15:26:13 GMT 2025","passed","Wed Apr 09 15:26:13 GMT 2025","","test_nodes_availability","",""
"","0","test_can_create_connection[Test for Integritee Parachain, url: wss://integritee-kusama.api.onfinality.io/public-ws]","tests","Wed Apr 09 15:23:54 GMT 2025","passed","Wed Apr 09 15:23:54 GMT 2025","","test_nodes_availability","",""
"","20","test_rpc_node_is_synced[Test for Kusama Asset Hub, url: wss://asset-hub-kusama.dotters.network]","tests","Wed Apr 09 15:23:48 GMT 2025","passed","Wed Apr 09 15:23:48 GMT 2025","","test_substrate_node_is_synced","",""
"","0","test_chainId[Test for Mythos]","tests","Wed Apr 09 15:24:08 GMT 2025","passed","Wed Apr 09 15:24:08 GMT 2025","TestChainId","test_network_parameters","",""
"","0","test_precision[Test for Nodle Parachain]","tests","Wed Apr 09 15:23:22 GMT 2025","passed","Wed Apr 09 15:23:22 GMT 2025","TestPrecision","test_network_parameters","",""
"","67","test_rpc_node_is_synced[Test for peaq, url: wss://peaq.api.onfinality.io/public]","tests","Wed Apr 09 15:27:17 GMT 2025","passed","Wed Apr 09 15:27:17 GMT 2025","","test_substrate_node_is_synced","",""
"","0","test_precision[Test for Tangle]","tests","Wed Apr 09 15:25:12 GMT 2025","passed","Wed Apr 09 15:25:12 GMT 2025","TestPrecision","test_network_parameters","",""
"","140","test_rpc_node_is_synced[Test for Humanode, url: wss://explorer-rpc-ws.mainnet.stages.humanode.io]","tests","Wed Apr 09 15:27:14 GMT 2025","passed","Wed Apr 09 15:27:15 GMT 2025","","test_substrate_node_is_synced","",""
"","86","test_rpc_node_is_synced[Test for UNIQUE, url: wss://us-ws.unique.network/]","tests","Wed Apr 09 15:25:50 GMT 2025","passed","Wed Apr 09 15:25:50 GMT 2025","","test_substrate_node_is_synced","",""
"","76","test_rpc_method_is_available[Test for Moonbeam, url: wss://moonbeam.dotters.network]","tests","Wed Apr 09 15:23:12 GMT 2025","passed","Wed Apr 09 15:23:12 GMT 2025","","test_rpc_methods_availability","",""
"","8","test_has_new_assets[Test for Turing]","tests","Wed Apr 09 15:23:27 GMT 2025","passed","Wed Apr 09 15:23:27 GMT 2025","TestAssets","test_check_new_assets","",""
"","72","test_rpc_method_is_available[Test for Heima, url: wss://litentry-rpc.dwellir.com]","tests","Wed Apr 09 15:25:37 GMT 2025","passed","Wed Apr 09 15:25:37 GMT 2025","","test_rpc_methods_availability","",""
"","0","test_precision[Test for Xode]","tests","Wed Apr 09 15:24:18 GMT 2025","passed","Wed Apr 09 15:24:18 GMT 2025","TestPrecision","test_network_parameters","",""
"","0","test_address_prefix[Test for Bajun]","tests","Wed Apr 09 15:23:05 GMT 2025","broken","Wed Apr 09 15:23:05 GMT 2025","TestNetworkPrefix","test_network_parameters","",""
"","0","test_can_create_connection[Test for Karura, url: wss://karura.api.onfinality.io/public-ws]","tests","Wed Apr 09 15:22:58 GMT 2025","passed","Wed Apr 09 15:22:58 GMT 2025","","test_nodes_availability","",""
"","196","test_rpc_node_is_synced[Test for Polkadot Collectives, url: wss://collectives.api.onfinality.io/public-ws]","tests","Wed Apr 09 15:26:43 GMT 2025","passed","Wed Apr 09 15:26:43 GMT 2025","","test_substrate_node_is_synced","",""
"","8","test_has_new_assets[Test for XX network]","tests","Wed Apr 09 15:23:26 GMT 2025","passed","Wed Apr 09 15:23:26 GMT 2025","TestAssets","test_check_new_assets","",""
"","9","test_has_new_assets[Test for Continuum]","tests","Wed Apr 09 15:23:44 GMT 2025","passed","Wed Apr 09 15:23:44 GMT 2025","TestAssets","test_check_new_assets","",""
"","1","test_chainId[Test for Polkadex]","tests","Wed Apr 09 15:23:01 GMT 2025","passed","Wed Apr 09 15:23:01 GMT 2025","TestChainId","test_network_parameters","",""
"","0","test_chainId[Test for Cere]","tests","Wed Apr 09 15:24:19 GMT 2025","passed","Wed Apr 09 15:24:19 GMT 2025","TestChainId","test_network_parameters","",""
"","194","test_rpc_node_is_synced[Test for Kusama Coretime, url: wss://ksm-rpc.stakeworld.io/coretime]","tests","Wed Apr 09 15:27:44 GMT 2025","passed","Wed Apr 09 15:27:44 GMT 2025","","test_substrate_node_is_synced","",""
"","0","test_chainId[Test for Kusama]","tests","Wed Apr 09 15:22:44 GMT 2025","passed","Wed Apr 09 15:22:44 GMT 2025","TestChainId","test_network_parameters","",""
"","0","test_precision[Test for Pendulum]","tests","Wed Apr 09 15:23:31 GMT 2025","passed","Wed Apr 09 15:23:31 GMT 2025","TestPrecision","test_network_parameters","",""
"","0","test_can_create_connection[Test for Kreivo, url: wss://kreivo.kippu.rocks/]","tests","Wed Apr 09 15:26:19 GMT 2025","passed","Wed Apr 09 15:26:19 GMT 2025","","test_nodes_availability","",""
"","0","test_can_create_connection[Test for Polkadot Bridge Hub, url: wss://sys.ibp.network/bridgehub-polkadot]","tests","Wed Apr 09 15:25:44 GMT 2025","passed","Wed Apr 09 15:25:44 GMT 2025","","test_nodes_availability","",""
"","0","test_can_create_connection[Test for Kusama, url: wss://kusama.dotters.network]","tests","Wed Apr 09 15:23:37 GMT 2025","passed","Wed Apr 09 15:23:37 GMT 2025","","test_nodes_availability","",""
"","0","test_can_create_connection[Test for Acurast Canary, url: wss://public-rpc.canary.acurast.com]","tests","Wed Apr 09 15:26:32 GMT 2025","passed","Wed Apr 09 15:26:32 GMT 2025","","test_nodes_availability","",""
"","174","test_rpc_node_is_synced[Test for QUARTZ, url: wss://asia-ws-quartz.unique.network]","tests","Wed Apr 09 15:24:29 GMT 2025","passed","Wed Apr 09 15:24:29 GMT 2025","","test_substrate_node_is_synced","",""
"","1","test_precision[Test for Heima]","tests","Wed Apr 09 15:23:12 GMT 2025","passed","Wed Apr 09 15:23:12 GMT 2025","TestPrecision","test_network_parameters","",""
"","68","test_rpc_method_is_available[Test for NeuroWeb, url: wss://neuroweb-rpc.dwellir.com]","tests","Wed Apr 09 15:25:46 GMT 2025","passed","Wed Apr 09 15:25:46 GMT 2025","","test_rpc_methods_availability","",""
"","63","test_rpc_node_is_synced[Test for Integritee Parachain, url: wss://integritee-kusama.api.onfinality.io/public-ws]","tests","Wed Apr 09 15:24:18 GMT 2025","passed","Wed Apr 09 15:24:18 GMT 2025","","test_substrate_node_is_synced","",""
"","368","test_rpc_node_is_synced[Test for Shiden, url: wss://rpc.shiden.astar.network]","tests","Wed Apr 09 15:23:27 GMT 2025","passed","Wed Apr 09 15:23:27 GMT 2025","","test_substrate_node_is_synced","",""
"","105","test_rpc_method_is_available[Test for Ajuna, url: wss://ajuna.dotters.network]","tests","Wed Apr 09 15:26:23 GMT 2025","passed","Wed Apr 09 15:26:23 GMT 2025","","test_rpc_methods_availability","",""
"","0","test_can_create_connection[Test for Vara, url: wss://rpc.vara-network.io]","tests","Wed Apr 09 15:26:02 GMT 2025","passed","Wed Apr 09 15:26:02 GMT 2025","","test_nodes_availability","",""
"","0","test_can_create_connection[Test for InvArch, url: wss://invarch-rpc.dwellir.com]","tests","Wed Apr 09 15:26:24 GMT 2025","broken","Wed Apr 09 15:26:24 GMT 2025","","test_nodes_availability","",""
"","0","test_precision[Test for Polimec]","tests","Wed Apr 09 15:23:50 GMT 2025","passed","Wed Apr 09 15:23:50 GMT 2025","TestPrecision","test_network_parameters","",""
"","0","test_can_create_connection[Test for Altair, url: wss://altair.api.onfinality.io/public-ws]","tests","Wed Apr 09 15:24:29 GMT 2025","passed","Wed Apr 09 15:24:29 GMT 2025","","test_nodes_availability","",""
"","0","test_can_create_connection[Test for Astar, url: wss://astar.api.onfinality.io/public-ws]","tests","Wed Apr 09 15:23:44 GMT 2025","passed","Wed Apr 09 15:23:44 GMT 2025","","test_nodes_availability","",""
"","6","test_has_new_assets[Test for Nodle Parachain]","tests","Wed Apr 09 15:23:18 GMT 2025","passed","Wed Apr 09 15:23:18 GMT 2025","TestAssets","test_check_new_assets","",""
"","214","test_rpc_node_is_synced[Test for Polkadot, url: wss://rpc-polkadot-1.novasama-tech.org]","tests","Wed Apr 09 15:22:56 GMT 2025","passed","Wed Apr 09 15:22:56 GMT 2025","","test_substrate_node_is_synced","",""
"","25","test_has_new_assets[Test for Kintsugi]","tests","Wed Apr 09 15:23:01 GMT 2025","passed","Wed Apr 09 15:23:01 GMT 2025","TestAssets","test_check_new_assets","",""
"","69","test_rpc_method_is_available[Test for Phala, url: wss://phala-rpc.dwellir.com]","tests","Wed Apr 09 15:24:43 GMT 2025","passed","Wed Apr 09 15:24:43 GMT 2025","","test_rpc_methods_availability","",""
"","1","test_chainId[Test for Joystream]","tests","Wed Apr 09 15:24:01 GMT 2025","passed","Wed Apr 09 15:24:01 GMT 2025","TestChainId","test_network_parameters","",""
"","71","test_rpc_method_is_available[Test for Polkadot Bridge Hub, url: wss://sys.ibp.network/bridgehub-polkadot]","tests","Wed Apr 09 15:25:42 GMT 2025","passed","Wed Apr 09 15:25:42 GMT 2025","","test_rpc_methods_availability","",""
"","0","test_can_create_connection[Test for Encointer, url: wss://encointer-kusama.dotters.network]","tests","Wed Apr 09 15:25:02 GMT 2025","passed","Wed Apr 09 15:25:02 GMT 2025","","test_nodes_availability","",""
"","6","test_has_new_assets[Test for Astar]","tests","Wed Apr 09 15:22:46 GMT 2025","passed","Wed Apr 09 15:22:46 GMT 2025","TestAssets","test_check_new_assets","",""
"","145","test_rpc_node_is_synced[Test for Polkadex, url: wss://polkadex-mainnet-rpc.dwellir.com]","tests","Wed Apr 09 15:25:23 GMT 2025","passed","Wed Apr 09 15:25:24 GMT 2025","","test_substrate_node_is_synced","",""
"","0","test_precision[Test for Crust Polkadot Parachain]","tests","Wed Apr 09 15:23:23 GMT 2025","passed","Wed Apr 09 15:23:23 GMT 2025","TestPrecision","test_network_parameters","",""
"","0","test_address_prefix[Test for Integritee Parachain]","tests","Wed Apr 09 15:23:19 GMT 2025","passed","Wed Apr 09 15:23:19 GMT 2025","TestNetworkPrefix","test_network_parameters","",""
"","65","test_rpc_node_is_synced[Test for Acala, url: wss://acala-polkadot.api.onfinality.io/public-ws]","tests","Wed Apr 09 15:24:48 GMT 2025","passed","Wed Apr 09 15:24:48 GMT 2025","","test_substrate_node_is_synced","",""
"","112","test_rpc_node_is_synced[Test for Parallel, url: wss://parallel.gatotech.network]","tests","Wed Apr 09 15:24:18 GMT 2025","passed","Wed Apr 09 15:24:19 GMT 2025","","test_substrate_node_is_synced","",""
"","0","test_can_create_connection[Test for Polkadot, url: wss://apps-rpc.polkadot.io]","tests","Wed Apr 09 15:22:54 GMT 2025","passed","Wed Apr 09 15:22:54 GMT 2025","","test_nodes_availability","",""
"","103","test_rpc_method_is_available[Test for Enjin Relay, url: wss://enjin-relay-rpc.dwellir.com]","tests","Wed Apr 09 15:26:35 GMT 2025","passed","Wed Apr 09 15:26:35 GMT 2025","","test_rpc_methods_availability","",""
"","0","test_can_create_connection[Test for Hyperbridge Nexus, url: wss://nexus.ibp.network]","tests","Wed Apr 09 15:26:21 GMT 2025","passed","Wed Apr 09 15:26:21 GMT 2025","","test_nodes_availability","",""
"","111","test_rpc_method_is_available[Test for Westend (TESTNET), url: wss://westend.api.onfinality.io/public-ws]","tests","Wed Apr 09 15:23:28 GMT 2025","passed","Wed Apr 09 15:23:28 GMT 2025","","test_rpc_methods_availability","",""
"","67","test_rpc_node_is_synced[Test for Centrifuge Parachain, url: wss://centrifuge-parachain.api.onfinality.io/public-ws]","tests","Wed Apr 09 15:24:29 GMT 2025","passed","Wed Apr 09 15:24:29 GMT 2025","","test_substrate_node_is_synced","",""
"","97","test_rpc_method_is_available[Test for Kusama Bridge Hub, url: wss://ksm-rpc.stakeworld.io/bridgehub]","tests","Wed Apr 09 15:25:56 GMT 2025","passed","Wed Apr 09 15:25:56 GMT 2025","","test_rpc_methods_availability","",""
"","8","test_has_new_assets[Test for Moonbeam]","tests","Wed Apr 09 15:22:43 GMT 2025","passed","Wed Apr 09 15:22:43 GMT 2025","TestAssets","test_check_new_assets","",""
"","139","test_rpc_node_is_synced[Test for Mangata X, url: wss://kusama-rpc.mangata.online]","tests","Wed Apr 09 15:25:29 GMT 2025","passed","Wed Apr 09 15:25:29 GMT 2025","","test_substrate_node_is_synced","",""
"","149","test_rpc_node_is_synced[Test for peaq, url: wss://peaq-rpc.dwellir.com]","tests","Wed Apr 09 15:27:22 GMT 2025","passed","Wed Apr 09 15:27:22 GMT 2025","","test_substrate_node_is_synced","",""
"","0","test_can_create_connection[Test for Mangata X, url: wss://kusama-archive.mangata.online]","tests","Wed Apr 09 15:25:09 GMT 2025","passed","Wed Apr 09 15:25:09 GMT 2025","","test_nodes_availability","",""
"","79","test_rpc_node_is_synced[Test for Polkadot, url: wss://rpc-polkadot.luckyfriday.io]","tests","Wed Apr 09 15:23:44 GMT 2025","passed","Wed Apr 09 15:23:45 GMT 2025","","test_substrate_node_is_synced","",""
"","54","test_rpc_node_is_synced[Test for GIANT, url: wss://rpc-anchor-1-mainnet-az-ue1.giantprotocol.org:443]","tests","Wed Apr 09 15:26:38 GMT 2025","passed","Wed Apr 09 15:26:38 GMT 2025","","test_substrate_node_is_synced","",""
"","79","test_rpc_method_is_available[Test for Polkadot Collectives, url: wss://sys.ibp.network/collectives-polkadot]","tests","Wed Apr 09 15:25:59 GMT 2025","passed","Wed Apr 09 15:25:59 GMT 2025","","test_rpc_methods_availability","",""
"","1","test_can_create_connection[Test for Interlay, url: wss://interlay-rpc.dwellir.com]","tests","Wed Apr 09 15:24:58 GMT 2025","passed","Wed Apr 09 15:24:58 GMT 2025","","test_nodes_availability","",""
"","8","test_has_new_assets[Test for Kusama]","tests","Wed Apr 09 15:22:44 GMT 2025","passed","Wed Apr 09 15:22:44 GMT 2025","TestAssets","test_check_new_assets","",""
"","90","test_rpc_method_is_available[Test for Polimec, url: wss://rpc.polimec.org]","tests","Wed Apr 09 15:26:23 GMT 2025","passed","Wed Apr 09 15:26:23 GMT 2025","","test_rpc_methods_availability","",""
"","114","test_rpc_method_is_available[Test for Polkadot Asset Hub, url: wss://rpc-assethub.novasama-tech.org]","tests","Wed Apr 09 15:23:55 GMT 2025","passed","Wed Apr 09 15:23:55 GMT 2025","","test_rpc_methods_availability","",""
"","1","test_can_create_connection[Test for Kusama, url: wss://kusama-rpc.dwellir.com]","tests","Wed Apr 09 15:22:50 GMT 2025","passed","Wed Apr 09 15:22:50 GMT 2025","","test_nodes_availability","",""
"","0","test_chainId[Test for Shiden]","tests","Wed Apr 09 15:22:54 GMT 2025","passed","Wed Apr 09 15:22:54 GMT 2025","TestChainId","test_network_parameters","",""
"","5","test_has_new_assets[Test for Kusama Bridge Hub]","tests","Wed Apr 09 15:23:34 GMT 2025","passed","Wed Apr 09 15:23:34 GMT 2025","TestAssets","test_check_new_assets","",""
"","0","test_address_prefix[Test for Karura]","tests","Wed Apr 09 15:22:36 GMT 2025","passed","Wed Apr 09 15:22:36 GMT 2025","TestNetworkPrefix","test_network_parameters","",""
"","6","test_has_new_assets[Test for Kusama Asset Hub]","tests","Wed Apr 09 15:22:51 GMT 2025","passed","Wed Apr 09 15:22:51 GMT 2025","TestAssets","test_check_new_assets","",""
"","82","test_rpc_method_is_available[Test for Moonriver, url: wss://moonriver.public.blastapi.io]","tests","Wed Apr 09 15:22:44 GMT 2025","passed","Wed Apr 09 15:22:44 GMT 2025","","test_rpc_methods_availability","",""
"","0","test_precision[Test for Energy Web X]","tests","Wed Apr 09 15:23:49 GMT 2025","passed","Wed Apr 09 15:23:49 GMT 2025","TestPrecision","test_network_parameters","",""
"","1","test_can_create_connection[Test for Bit.Country Pioneer, url: wss://pioneer-rpc-2.bit.country/wss]","tests","Wed Apr 09 15:24:04 GMT 2025","passed","Wed Apr 09 15:24:04 GMT 2025","","test_nodes_availability","",""
"","0","test_can_create_connection[Test for Ternoa, url: wss://mainnet.ternoa.network]","tests","Wed Apr 09 15:25:22 GMT 2025","passed","Wed Apr 09 15:25:22 GMT 2025","","test_nodes_availability","",""
"","43","test_rpc_node_is_synced[Test for Polkadot, url: wss://polkadot.public.curie.radiumblock.co/ws]","tests","Wed Apr 09 15:23:26 GMT 2025","passed","Wed Apr 09 15:23:26 GMT 2025","","test_substrate_node_is_synced","",""
"","59","test_rpc_node_is_synced[Test for Polimec, url: wss://polimec.ibp.network]","tests","Wed Apr 09 15:26:48 GMT 2025","passed","Wed Apr 09 15:26:48 GMT 2025","","test_substrate_node_is_synced","",""
"","681","test_rpc_node_is_synced[Test for Tangle, url: wss://tangle-mainnet-rpc.dwellir.com]","tests","Wed Apr 09 15:27:36 GMT 2025","passed","Wed Apr 09 15:27:36 GMT 2025","","test_substrate_node_is_synced","",""
"","1","test_chainId[Test for Bifrost Polkadot]","tests","Wed Apr 09 15:23:08 GMT 2025","passed","Wed Apr 09 15:23:08 GMT 2025","TestChainId","test_network_parameters","",""
"","185","test_rpc_node_is_synced[Test for Crust Shadow, url: wss://rpc-shadow.crust.network/]","tests","Wed Apr 09 15:24:10 GMT 2025","passed","Wed Apr 09 15:24:10 GMT 2025","","test_substrate_node_is_synced","",""
"","94","test_rpc_node_is_synced[Test for Moonbeam, url: wss://wss.api.moonbeam.network]","tests","Wed Apr 09 15:23:25 GMT 2025","passed","Wed Apr 09 15:23:26 GMT 2025","","test_substrate_node_is_synced","",""
"","0","test_chainId[Test for Moonbeam]","tests","Wed Apr 09 15:22:44 GMT 2025","passed","Wed Apr 09 15:22:44 GMT 2025","TestChainId","test_network_parameters","",""
"","0","test_address_prefix[Test for Kreivo]","tests","Wed Apr 09 15:23:50 GMT 2025","passed","Wed Apr 09 15:23:50 GMT 2025","TestNetworkPrefix","test_network_parameters","",""
"","67","test_rpc_method_is_available[Test for Polkadot Coretime, url: wss://coretime-polkadot.dotters.network]","tests","Wed Apr 09 15:27:06 GMT 2025","passed","Wed Apr 09 15:27:06 GMT 2025","","test_rpc_methods_availability","",""
"","0","test_can_create_connection[Test for Moonbeam, url: wss://moonbeam.public.blastapi.io]","tests","Wed Apr 09 15:22:39 GMT 2025","passed","Wed Apr 09 15:22:39 GMT 2025","","test_nodes_availability","",""
"","59","test_rpc_node_is_synced[Test for Ajuna, url: wss://ajuna.ibp.network]","tests","Wed Apr 09 15:26:34 GMT 2025","passed","Wed Apr 09 15:26:34 GMT 2025","","test_substrate_node_is_synced","",""
"","0","test_precision[Test for Polkadot Coretime]","tests","Wed Apr 09 15:24:24 GMT 2025","passed","Wed Apr 09 15:24:24 GMT 2025","TestPrecision","test_network_parameters","",""
"","0","test_address_prefix[Test for KILT]","tests","Wed Apr 09 15:22:46 GMT 2025","passed","Wed Apr 09 15:22:46 GMT 2025","TestNetworkPrefix","test_network_parameters","",""
"","0","test_can_create_connection[Test for Polkadot People, url: wss://people-polkadot.dotters.network]","tests","Wed Apr 09 15:22:41 GMT 2025","passed","Wed Apr 09 15:22:41 GMT 2025","","test_nodes_availability","",""
"","1","test_chainId[Test for UNIQUE]","tests","Wed Apr 09 15:23:17 GMT 2025","passed","Wed Apr 09 15:23:17 GMT 2025","TestChainId","test_network_parameters","",""
"","0","test_address_prefix[Test for Mythos]","tests","Wed Apr 09 15:24:08 GMT 2025","passed","Wed Apr 09 15:24:08 GMT 2025","TestNetworkPrefix","test_network_parameters","",""
"","70","test_rpc_method_is_available[Test for Acala, url: wss://acala-rpc.dwellir.com]","tests","Wed Apr 09 15:24:35 GMT 2025","passed","Wed Apr 09 15:24:35 GMT 2025","","test_rpc_methods_availability","",""
"","84","test_rpc_node_is_synced[Test for Moonriver, url: wss://wss.api.moonriver.moonbeam.network]","tests","Wed Apr 09 15:22:57 GMT 2025","passed","Wed Apr 09 15:22:57 GMT 2025","","test_substrate_node_is_synced","",""
"","5","test_has_new_assets[Test for Polkadot Coretime]","tests","Wed Apr 09 15:24:11 GMT 2025","passed","Wed Apr 09 15:24:11 GMT 2025","TestAssets","test_check_new_assets","",""
"","0","test_chainId[Test for Kusama Coretime]","tests","Wed Apr 09 15:24:33 GMT 2025","passed","Wed Apr 09 15:24:33 GMT 2025","TestChainId","test_network_parameters","",""
"","0","test_chainId[Test for peaq]","tests","Wed Apr 09 15:24:23 GMT 2025","passed","Wed Apr 09 15:24:23 GMT 2025","TestChainId","test_network_parameters","",""
"","161","test_rpc_node_is_synced[Test for Basilisk, url: wss://rpc.basilisk.cloud]","tests","Wed Apr 09 15:24:25 GMT 2025","passed","Wed Apr 09 15:24:25 GMT 2025","","test_substrate_node_is_synced","",""
"","0","test_chainId[Test for Kusama Asset Hub]","tests","Wed Apr 09 15:22:51 GMT 2025","passed","Wed Apr 09 15:22:51 GMT 2025","TestChainId","test_network_parameters","",""
"","9","test_has_new_assets[Test for Phala]","tests","Wed Apr 09 15:23:23 GMT 2025","passed","Wed Apr 09 15:23:23 GMT 2025","TestAssets","test_check_new_assets","",""
"","67","test_has_new_assets[Test for Kusama People]","tests","Wed Apr 09 15:22:38 GMT 2025","passed","Wed Apr 09 15:22:38 GMT 2025","TestAssets","test_check_new_assets","",""
"","0","test_can_create_connection[Test for Crust Shadow, url: wss://rpc2-shadow.crust.network/]","tests","Wed Apr 09 15:23:42 GMT 2025","passed","Wed Apr 09 15:23:42 GMT 2025","","test_nodes_availability","",""
"","0","test_can_create_connection[Test for Kusama Asset Hub, url: wss://asset-hub-kusama.dotters.network]","tests","Wed Apr 09 15:23:32 GMT 2025","passed","Wed Apr 09 15:23:32 GMT 2025","","test_nodes_availability","",""
"","0","test_chainId[Test for Bit.Country Pioneer]","tests","Wed Apr 09 15:22:40 GMT 2025","passed","Wed Apr 09 15:22:40 GMT 2025","TestChainId","test_network_parameters","",""
"","7","test_has_new_assets[Test for Mangata X]","tests","Wed Apr 09 15:23:00 GMT 2025","passed","Wed Apr 09 15:23:00 GMT 2025","TestAssets","test_check_new_assets","",""
"","68","test_rpc_method_is_available[Test for Hydration, url: wss://hydradx-rpc.dwellir.com]","tests","Wed Apr 09 15:24:37 GMT 2025","passed","Wed Apr 09 15:24:37 GMT 2025","","test_rpc_methods_availability","",""
"","0","test_can_create_connection[Test for Phala, url: wss://phala-rpc.dwellir.com]","tests","Wed Apr 09 15:24:36 GMT 2025","passed","Wed Apr 09 15:24:36 GMT 2025","","test_nodes_availability","",""
"","0","test_precision[Test for CC Enterprise]","tests","Wed Apr 09 15:24:11 GMT 2025","passed","Wed Apr 09 15:24:11 GMT 2025","TestPrecision","test_network_parameters","",""
"","82","test_rpc_method_is_available[Test for QUARTZ, url: wss://asia-ws-quartz.unique.network]","tests","Wed Apr 09 15:23:49 GMT 2025","passed","Wed Apr 09 15:23:50 GMT 2025","","test_rpc_methods_availability","",""
"","0","test_precision[Test for Bajun]","tests","Wed Apr 09 15:23:37 GMT 2025","passed","Wed Apr 09 15:23:37 GMT 2025","TestPrecision","test_network_parameters","",""
"","0","test_can_create_connection[Test for Polkadot, url: wss://dot-rpc.stakeworld.io]","tests","Wed Apr 09 15:23:09 GMT 2025","passed","Wed Apr 09 15:23:09 GMT 2025","","test_nodes_availability","",""
"","71","test_rpc_method_is_available[Test for Westend (TESTNET), url: wss://westend.public.curie.radiumblock.co/ws]","tests","Wed Apr 09 15:23:22 GMT 2025","passed","Wed Apr 09 15:23:22 GMT 2025","","test_rpc_methods_availability","",""
"","1","test_precision[Test for Laos]","tests","Wed Apr 09 15:24:20 GMT 2025","passed","Wed Apr 09 15:24:20 GMT 2025","TestPrecision","test_network_parameters","",""
"","74","test_rpc_method_is_available[Test for Crust Polkadot Parachain, url: wss://crust-parachain.crustapps.net]","tests","Wed Apr 09 15:26:03 GMT 2025","passed","Wed Apr 09 15:26:03 GMT 2025","","test_rpc_methods_availability","",""
"","165","test_rpc_node_is_synced[Test for Xode, url: wss://rpcnodea01.xode.net/n7yoxCmcIrCF6VziCcDmYTwL8R03a/rpc]","tests","Wed Apr 09 15:27:26 GMT 2025","passed","Wed Apr 09 15:27:26 GMT 2025","","test_substrate_node_is_synced","",""
"","170","test_rpc_node_is_synced[Test for Kusama People, url: wss://kusama-people-rpc.polkadot.io]","tests","Wed Apr 09 15:23:11 GMT 2025","passed","Wed Apr 09 15:23:11 GMT 2025","","test_substrate_node_is_synced","",""
"","23","test_rpc_node_is_synced[Test for Westend (TESTNET), url: wss://rpc.ibp.network/westend]","tests","Wed Apr 09 15:23:31 GMT 2025","passed","Wed Apr 09 15:23:31 GMT 2025","","test_substrate_node_is_synced","",""
"","19","test_rpc_node_is_synced[Test for Encointer, url: wss://sys.ibp.network/encointer-kusama]","tests","Wed Apr 09 15:25:55 GMT 2025","passed","Wed Apr 09 15:25:55 GMT 2025","","test_substrate_node_is_synced","",""
"","55","test_rpc_node_is_synced[Test for Hydration, url: wss://hydration.dotters.network]","tests","Wed Apr 09 15:24:46 GMT 2025","passed","Wed Apr 09 15:24:46 GMT 2025","","test_substrate_node_is_synced","",""
"","0","test_precision[Test for Curio]","tests","Wed Apr 09 15:24:01 GMT 2025","passed","Wed Apr 09 15:24:01 GMT 2025","TestPrecision","test_network_parameters","",""
"","145","test_rpc_node_is_synced[Test for Westend (TESTNET), url: wss://westend-rpc.dwellir.com]","tests","Wed Apr 09 15:23:27 GMT 2025","passed","Wed Apr 09 15:23:28 GMT 2025","","test_substrate_node_is_synced","",""
"","0","test_chainId[Test for XX network]","tests","Wed Apr 09 15:23:39 GMT 2025","passed","Wed Apr 09 15:23:39 GMT 2025","TestChainId","test_network_parameters","",""
"","67","test_rpc_method_is_available[Test for Kusama, url: wss://kusama.dotters.network]","tests","Wed Apr 09 15:23:40 GMT 2025","passed","Wed Apr 09 15:23:40 GMT 2025","","test_rpc_methods_availability","",""
"","104","test_rpc_method_is_available[Test for DeepBrain, url: wss://info.dbcwallet.io]","tests","Wed Apr 09 15:26:52 GMT 2025","passed","Wed Apr 09 15:26:52 GMT 2025","","test_rpc_methods_availability","",""
"","87","test_rpc_method_is_available[Test for Shiden, url: wss://shiden.api.onfinality.io/public-ws]","tests","Wed Apr 09 15:23:56 GMT 2025","passed","Wed Apr 09 15:23:56 GMT 2025","","test_rpc_methods_availability","",""
"","0","test_can_create_connection[Test for Enjin Relay, url: wss://rpc.relay.blockchain.enjin.io]","tests","Wed Apr 09 15:26:15 GMT 2025","passed","Wed Apr 09 15:26:15 GMT 2025","","test_nodes_availability","",""
"","5","test_has_new_assets[Test for Integritee Parachain]","tests","Wed Apr 09 15:23:20 GMT 2025","passed","Wed Apr 09 15:23:20 GMT 2025","TestAssets","test_check_new_assets","",""
"","427","test_rpc_node_is_synced[Test for Crab, url: wss://crab-rpc.darwinia.network/]","tests","Wed Apr 09 15:26:22 GMT 2025","passed","Wed Apr 09 15:26:23 GMT 2025","","test_substrate_node_is_synced","",""
"","7","test_has_new_assets[Test for Xode]","tests","Wed Apr 09 15:24:08 GMT 2025","passed","Wed Apr 09 15:24:08 GMT 2025","TestAssets","test_check_new_assets","",""
"","0","test_chainId[Test for Enjin Relay]","tests","Wed Apr 09 15:24:16 GMT 2025","passed","Wed Apr 09 15:24:16 GMT 2025","TestChainId","test_network_parameters","",""
"","159","test_rpc_node_is_synced[Test for Subsocial, url: wss://subsocial-rpc.dwellir.com]","tests","Wed Apr 09 15:26:14 GMT 2025","passed","Wed Apr 09 15:26:14 GMT 2025","","test_substrate_node_is_synced","",""
"","72","test_rpc_method_is_available[Test for Enjin Relay, url: wss://rpc.relay.blockchain.enjin.io]","tests","Wed Apr 09 15:26:28 GMT 2025","passed","Wed Apr 09 15:26:28 GMT 2025","","test_rpc_methods_availability","",""
"","0","test_can_create_connection[Test for Curio, url: wss://parachain.curioinvest.com/]","tests","Wed Apr 09 15:26:15 GMT 2025","passed","Wed Apr 09 15:26:15 GMT 2025","","test_nodes_availability","",""
"","95","test_rpc_method_is_available[Test for Bifrost Polkadot, url: wss://eu.bifrost-polkadot-rpc.liebi.com/ws]","tests","Wed Apr 09 15:25:26 GMT 2025","passed","Wed Apr 09 15:25:26 GMT 2025","","test_rpc_methods_availability","",""
"","0","test_precision[Test for Kusama Asset Hub]","tests","Wed Apr 09 15:22:48 GMT 2025","passed","Wed Apr 09 15:22:48 GMT 2025","TestPrecision","test_network_parameters","",""
"","205","test_rpc_node_is_synced[Test for Polkadot Bridge Hub, url: wss://dot-rpc.stakeworld.io/bridgehub]","tests","Wed Apr 09 15:26:21 GMT 2025","passed","Wed Apr 09 15:26:22 GMT 2025","","test_substrate_node_is_synced","",""
"","141","test_rpc_node_is_synced[Test for Integritee Parachain, url: wss://kusama.api.integritee.network]","tests","Wed Apr 09 15:24:15 GMT 2025","passed","Wed Apr 09 15:24:15 GMT 2025","","test_substrate_node_is_synced","",""
"","6","test_has_new_assets[Test for Polkadot Collectives]","tests","Wed Apr 09 15:23:36 GMT 2025","passed","Wed Apr 09 15:23:36 GMT 2025","TestAssets","test_check_new_assets","",""
"","114","test_rpc_method_is_available[Test for Robonomics, url: wss://kusama.rpc.robonomics.network/]","tests","Wed Apr 09 15:25:05 GMT 2025","passed","Wed Apr 09 15:25:05 GMT 2025","","test_rpc_methods_availability","",""
"","70","test_rpc_method_is_available[Test for Ajuna, url: wss://ajuna.ibp.network]","tests","Wed Apr 09 15:26:20 GMT 2025","passed","Wed Apr 09 15:26:20 GMT 2025","","test_rpc_methods_availability","",""
"","0","test_can_create_connection[Test for XX network, url: wss://xxnetwork-rpc.dwellir.com]","tests","Wed Apr 09 15:25:36 GMT 2025","passed","Wed Apr 09 15:25:36 GMT 2025","","test_nodes_availability","",""
"","0","test_chainId[Test for Crust Polkadot Parachain]","tests","Wed Apr 09 15:23:33 GMT 2025","passed","Wed Apr 09 15:23:33 GMT 2025","TestChainId","test_network_parameters","",""
"","59","test_rpc_node_is_synced[Test for Mythos, url: wss://mythos.dotters.network]","tests","Wed Apr 09 15:26:57 GMT 2025","passed","Wed Apr 09 15:26:57 GMT 2025","","test_substrate_node_is_synced","",""
"","0","test_precision[Test for Manta Atlantic]","tests","Wed Apr 09 15:23:57 GMT 2025","passed","Wed Apr 09 15:23:57 GMT 2025","TestPrecision","test_network_parameters","",""
"","1","test_can_create_connection[Test for Kusama Bridge Hub, url: wss://ksm-rpc.stakeworld.io/bridgehub]","tests","Wed Apr 09 15:25:57 GMT 2025","passed","Wed Apr 09 15:25:57 GMT 2025","","test_nodes_availability","",""
"","69","test_rpc_method_is_available[Test for Kusama Asset Hub, url: wss://sys.ibp.network/statemine]","tests","Wed Apr 09 15:23:30 GMT 2025","passed","Wed Apr 09 15:23:30 GMT 2025","","test_rpc_methods_availability","",""
"","0","test_address_prefix[Test for Hydration]","tests","Wed Apr 09 15:23:04 GMT 2025","passed","Wed Apr 09 15:23:04 GMT 2025","TestNetworkPrefix","test_network_parameters","",""
"","97","test_rpc_method_is_available[Test for Polkadot People, url: wss://rpc-people-polkadot.luckyfriday.io]","tests","Wed Apr 09 15:22:44 GMT 2025","passed","Wed Apr 09 15:22:45 GMT 2025","","test_rpc_methods_availability","",""
"","0","test_can_create_connection[Test for Joystream, url: wss://rpc.joystream.org]","tests","Wed Apr 09 15:26:09 GMT 2025","passed","Wed Apr 09 15:26:09 GMT 2025","","test_nodes_availability","",""
"","147","test_rpc_node_is_synced[Test for UNIQUE, url: wss://eu-ws.unique.network/]","tests","Wed Apr 09 15:25:44 GMT 2025","passed","Wed Apr 09 15:25:45 GMT 2025","","test_substrate_node_is_synced","",""
"","70","test_rpc_method_is_available[Test for Phala, url: wss://rpc.helikon.io/phala]","tests","Wed Apr 09 15:24:49 GMT 2025","passed","Wed Apr 09 15:24:49 GMT 2025","","test_rpc_methods_availability","",""
"","86","test_rpc_method_is_available[Test for Karura, url: wss://karura.api.onfinality.io/public-ws]","tests","Wed Apr 09 15:23:02 GMT 2025","passed","Wed Apr 09 15:23:02 GMT 2025","","test_rpc_methods_availability","",""
"","1","test_can_create_connection[Test for peaq, url: wss://peaq-rpc.publicnode.com]","tests","Wed Apr 09 15:26:41 GMT 2025","passed","Wed Apr 09 15:26:41 GMT 2025","","test_nodes_availability","",""
"","0","test_can_create_connection[Test for Nodle Parachain, url: wss://nodle-parachain.api.onfinality.io/public-ws]","tests","Wed Apr 09 15:25:03 GMT 2025","passed","Wed Apr 09 15:25:03 GMT 2025","","test_nodes_availability","",""
"","92","test_rpc_method_is_available[Test for Polkadex, url: wss://polkadex.public.curie.radiumblock.co/ws]","tests","Wed Apr 09 15:25:18 GMT 2025","passed","Wed Apr 09 15:25:19 GMT 2025","","test_rpc_methods_availability","",""
"","39","test_has_new_assets[Test for Interlay]","tests","Wed Apr 09 15:23:16 GMT 2025","passed","Wed Apr 09 15:23:16 GMT 2025","TestAssets","test_check_new_assets","",""
"","80","test_rpc_node_is_synced[Test for Interlay, url: wss://rpc-interlay.luckyfriday.io/]","tests","Wed Apr 09 15:25:05 GMT 2025","passed","Wed Apr 09 15:25:06 GMT 2025","","test_substrate_node_is_synced","",""
"","104","test_rpc_method_is_available[Test for Polkadot, url: wss://rpc-polkadot-2.novasama-tech.org]","tests","Wed Apr 09 15:22:44 GMT 2025","passed","Wed Apr 09 15:22:44 GMT 2025","","test_rpc_methods_availability","",""
"","6","test_has_new_assets[Test for Tangle]","tests","Wed Apr 09 15:24:19 GMT 2025","passed","Wed Apr 09 15:24:19 GMT 2025","TestAssets","test_check_new_assets","",""
"","260","test_rpc_node_is_synced[Test for Astar, url: wss://astar.public.curie.radiumblock.co/ws]","tests","Wed Apr 09 15:24:09 GMT 2025","passed","Wed Apr 09 15:24:09 GMT 2025","","test_substrate_node_is_synced","",""
"","0","test_precision[Test for Shiden]","tests","Wed Apr 09 15:22:52 GMT 2025","passed","Wed Apr 09 15:22:52 GMT 2025","TestPrecision","test_network_parameters","",""
"","33","test_rpc_node_is_synced[Test for Phala, url: wss://phala.public.curie.radiumblock.co/ws]","tests","Wed Apr 09 15:25:03 GMT 2025","passed","Wed Apr 09 15:25:03 GMT 2025","","test_substrate_node_is_synced","",""
"","73","test_rpc_method_is_available[Test for Bit.Country Pioneer, url: wss://pioneer-rpc-3.bit.country/wss]","tests","Wed Apr 09 15:24:02 GMT 2025","passed","Wed Apr 09 15:24:02 GMT 2025","","test_rpc_methods_availability","",""
"","20","test_rpc_node_is_synced[Test for Kusama Coretime, url: wss://coretime-kusama.dotters.network]","tests","Wed Apr 09 15:27:37 GMT 2025","passed","Wed Apr 09 15:27:37 GMT 2025","","test_substrate_node_is_synced","",""
"","20","test_rpc_node_is_synced[Test for Kusama, url: wss://rpc.ibp.network/kusama]","tests","Wed Apr 09 15:23:57 GMT 2025","passed","Wed Apr 09 15:23:57 GMT 2025","","test_substrate_node_is_synced","",""
"","46","test_rpc_node_is_synced[Test for Westend (TESTNET), url: wss://westend.public.curie.radiumblock.co/ws]","tests","Wed Apr 09 15:23:38 GMT 2025","passed","Wed Apr 09 15:23:38 GMT 2025","","test_substrate_node_is_synced","",""
"","97","test_rpc_node_is_synced[Test for Moonriver, url: wss://moonriver.public.blastapi.io]","tests","Wed Apr 09 15:23:02 GMT 2025","passed","Wed Apr 09 15:23:02 GMT 2025","","test_substrate_node_is_synced","",""
"","114","test_rpc_method_is_available[Test for Crab, url: wss://darwiniacrab-rpc.dwellir.com]","tests","Wed Apr 09 15:26:06 GMT 2025","passed","Wed Apr 09 15:26:06 GMT 2025","","test_rpc_methods_availability","",""
"","190","test_rpc_node_is_synced[Test for Polimec, url: wss://rpc.polimec.org]","tests","Wed Apr 09 15:26:43 GMT 2025","passed","Wed Apr 09 15:26:43 GMT 2025","","test_substrate_node_is_synced","",""
"","114","test_rpc_method_is_available[Test for Joystream, url: wss://rpc.joystream.org]","tests","Wed Apr 09 15:26:14 GMT 2025","passed","Wed Apr 09 15:26:14 GMT 2025","","test_rpc_methods_availability","",""
"","68","test_rpc_method_is_available[Test for Zeitgeist, url: wss://zeitgeist.api.onfinality.io/public-ws]","tests","Wed Apr 09 15:25:24 GMT 2025","passed","Wed Apr 09 15:25:24 GMT 2025","","test_rpc_methods_availability","",""
"","0","test_chainId[Test for Karura]","tests","Wed Apr 09 15:22:42 GMT 2025","passed","Wed Apr 09 15:22:42 GMT 2025","TestChainId","test_network_parameters","",""
"","138","test_rpc_node_is_synced[Test for Mangata X, url: wss://kusama-archive.mangata.online]","tests","Wed Apr 09 15:25:34 GMT 2025","passed","Wed Apr 09 15:25:35 GMT 2025","","test_substrate_node_is_synced","",""
"","0","test_can_create_connection[Test for Encointer, url: wss://sys.ibp.network/encointer-kusama]","tests","Wed Apr 09 15:25:00 GMT 2025","passed","Wed Apr 09 15:25:00 GMT 2025","","test_nodes_availability","",""
"","0","test_rpc_method_is_available[Test for Polkadot Asset Hub, url: wss://statemint.api.onfinality.io/public-ws]","tests","Wed Apr 09 15:24:45 GMT 2025","broken","Wed Apr 09 15:24:45 GMT 2025","","test_rpc_methods_availability","",""
"","0","test_can_create_connection[Test for Enjin Relay, url: wss://enjin-relay-rpc.dwellir.com]","tests","Wed Apr 09 15:26:20 GMT 2025","passed","Wed Apr 09 15:26:20 GMT 2025","","test_nodes_availability","",""
"","0","test_address_prefix[Test for Mangata X]","tests","Wed Apr 09 15:22:52 GMT 2025","passed","Wed Apr 09 15:22:52 GMT 2025","TestNetworkPrefix","test_network_parameters","",""
"","115","test_rpc_method_is_available[Test for UNIQUE, url: wss://unique.dotters.network]","tests","Wed Apr 09 15:25:58 GMT 2025","passed","Wed Apr 09 15:25:58 GMT 2025","","test_rpc_methods_availability","",""
"","1","test_address_prefix[Test for Nodle Parachain]","tests","Wed Apr 09 15:23:12 GMT 2025","passed","Wed Apr 09 15:23:12 GMT 2025","TestNetworkPrefix","test_network_parameters","",""
"","70","test_rpc_method_is_available[Test for Kusama, url: wss://kusama.public.curie.radiumblock.co/ws]","tests","Wed Apr 09 15:23:03 GMT 2025","passed","Wed Apr 09 15:23:03 GMT 2025","","test_rpc_methods_availability","",""
"","139","test_rpc_node_is_synced[Test for Polkadot, url: wss://dot-rpc.stakeworld.io]","tests","Wed Apr 09 15:23:21 GMT 2025","passed","Wed Apr 09 15:23:21 GMT 2025","","test_substrate_node_is_synced","",""
"","0","test_can_create_connection[Test for Kusama, url: wss://rpc-kusama-2.novasama-tech.org]","tests","Wed Apr 09 15:23:31 GMT 2025","passed","Wed Apr 09 15:23:31 GMT 2025","","test_nodes_availability","",""
"","73","test_rpc_method_is_available[Test for Polkadot Collectives, url: wss://collectives.api.onfinality.io/public-ws]","tests","Wed Apr 09 15:26:15 GMT 2025","passed","Wed Apr 09 15:26:15 GMT 2025","","test_rpc_methods_availability","",""
"","0","test_can_create_connection[Test for Polkadot People, url: wss://polkadot-people-rpc.polkadot.io]","tests","Wed Apr 09 15:22:38 GMT 2025","passed","Wed Apr 09 15:22:38 GMT 2025","","test_nodes_availability","",""
"","413","test_rpc_node_is_synced[Test for Darwinia, url: wss://rpc.darwinia.network]","tests","Wed Apr 09 15:26:15 GMT 2025","passed","Wed Apr 09 15:26:15 GMT 2025","","test_substrate_node_is_synced","",""
"","5","test_has_new_assets[Test for Ternoa]","tests","Wed Apr 09 15:23:13 GMT 2025","passed","Wed Apr 09 15:23:13 GMT 2025","TestAssets","test_check_new_assets","",""
"","85","test_rpc_method_is_available[Test for Kusama, url: wss://kusama.api.onfinality.io/public-ws]","tests","Wed Apr 09 15:23:07 GMT 2025","passed","Wed Apr 09 15:23:07 GMT 2025","","test_rpc_methods_availability","",""
"","92","test_rpc_method_is_available[Test for Astar, url: wss://astar.public.curie.radiumblock.co/ws]","tests","Wed Apr 09 15:23:43 GMT 2025","passed","Wed Apr 09 15:23:43 GMT 2025","","test_rpc_methods_availability","",""
"","4","test_has_new_assets[Test for Humanode]","tests","Wed Apr 09 15:24:01 GMT 2025","passed","Wed Apr 09 15:24:01 GMT 2025","TestAssets","test_check_new_assets","",""
"","1","test_address_prefix[Test for JAMTON]","tests","Wed Apr 09 15:24:05 GMT 2025","passed","Wed Apr 09 15:24:05 GMT 2025","TestNetworkPrefix","test_network_parameters","",""
"","75","test_rpc_method_is_available[Test for Mythos, url: wss://mythos.dotters.network]","tests","Wed Apr 09 15:26:36 GMT 2025","passed","Wed Apr 09 15:26:36 GMT 2025","","test_rpc_methods_availability","",""
"","21","test_rpc_node_is_synced[Test for Kusama Coretime, url: wss://sys.ibp.network/coretime-kusama]","tests","Wed Apr 09 15:27:36 GMT 2025","passed","Wed Apr 09 15:27:36 GMT 2025","","test_substrate_node_is_synced","",""
"","0","test_chainId[Test for Polkadot Asset Hub]","tests","Wed Apr 09 15:22:55 GMT 2025","passed","Wed Apr 09 15:22:55 GMT 2025","TestChainId","test_network_parameters","",""
"","0","test_address_prefix[Test for Enjin Matrix]","tests","Wed Apr 09 15:23:31 GMT 2025","passed","Wed Apr 09 15:23:31 GMT 2025","TestNetworkPrefix","test_network_parameters","",""
"","27","test_rpc_node_is_synced[Test for CC Enterprise, url: wss://mainnet.creditcoin.network/ws]","tests","Wed Apr 09 15:27:12 GMT 2025","passed","Wed Apr 09 15:27:12 GMT 2025","","test_substrate_node_is_synced","",""
"","37","test_rpc_node_is_synced[Test for Manta Atlantic, url: wss://ws.manta.systems]","tests","Wed Apr 09 15:26:54 GMT 2025","passed","Wed Apr 09 15:26:54 GMT 2025","","test_substrate_node_is_synced","",""
"","0","test_can_create_connection[Test for Pendulum, url: wss://rpc-pendulum.prd.pendulumchain.tech]","tests","Wed Apr 09 15:25:36 GMT 2025","passed","Wed Apr 09 15:25:36 GMT 2025","","test_nodes_availability","",""
"","0","test_can_create_connection[Test for Acala, url: wss://acala-rpc-2.aca-api.network/ws]","tests","Wed Apr 09 15:24:22 GMT 2025","passed","Wed Apr 09 15:24:22 GMT 2025","","test_nodes_availability","",""
"","1","test_precision[Test for Astar]","tests","Wed Apr 09 15:22:47 GMT 2025","passed","Wed Apr 09 15:22:47 GMT 2025","TestPrecision","test_network_parameters","",""
"","79","test_rpc_node_is_synced[Test for Enjin Relay, url: wss://rpc.relay.blockchain.enjin.io]","tests","Wed Apr 09 15:26:47 GMT 2025","passed","Wed Apr 09 15:26:47 GMT 2025","","test_substrate_node_is_synced","",""
"","0","test_precision[Test for DeepBrain]","tests","Wed Apr 09 15:24:19 GMT 2025","passed","Wed Apr 09 15:24:19 GMT 2025","TestPrecision","test_network_parameters","",""
"","70","test_rpc_method_is_available[Test for Subsocial, url: wss://para.subsocial.network]","tests","Wed Apr 09 15:25:37 GMT 2025","passed","Wed Apr 09 15:25:37 GMT 2025","","test_rpc_methods_availability","",""
"","114","test_rpc_method_is_available[Test for Tangle, url: wss://tangle-mainnet-rpc.dwellir.com]","tests","Wed Apr 09 15:27:07 GMT 2025","passed","Wed Apr 09 15:27:07 GMT 2025","","test_rpc_methods_availability","",""
"","0","test_can_create_connection[Test for Hydration, url: wss://rpc-hydra.novasama-tech.org]","tests","Wed Apr 09 15:24:10 GMT 2025","passed","Wed Apr 09 15:24:10 GMT 2025","","test_nodes_availability","",""
"","1","test_can_create_connection[Test for Polkadot Asset Hub, url: wss://sys.ibp.network/asset-hub-polkadot]","tests","Wed Apr 09 15:23:53 GMT 2025","passed","Wed Apr 09 15:23:53 GMT 2025","","test_nodes_availability","",""
"","0","test_can_create_connection[Test for Polkadot, url: wss://polkadot.dotters.network]","tests","Wed Apr 09 15:22:49 GMT 2025","passed","Wed Apr 09 15:22:49 GMT 2025","","test_nodes_availability","",""
"","0","test_chainId[Test for InvArch]","tests","Wed Apr 09 15:24:11 GMT 2025","broken","Wed Apr 09 15:24:11 GMT 2025","TestChainId","test_network_parameters","",""
"","20","test_rpc_node_is_synced[Test for Kusama Bridge Hub, url: wss://sys.ibp.network/bridgehub-kusama]","tests","Wed Apr 09 15:26:23 GMT 2025","passed","Wed Apr 09 15:26:23 GMT 2025","","test_substrate_node_is_synced","",""
"","119","test_rpc_method_is_available[Test for Acala, url: wss://acala-polkadot.api.onfinality.io/public-ws]","tests","Wed Apr 09 15:24:06 GMT 2025","passed","Wed Apr 09 15:24:06 GMT 2025","","test_rpc_methods_availability","",""
"","70","test_rpc_method_is_available[Test for Aleph Zero, url: wss://ws.azero.dev]","tests","Wed Apr 09 15:25:14 GMT 2025","passed","Wed Apr 09 15:25:14 GMT 2025","","test_rpc_methods_availability","",""
"","0","test_precision[Test for Altair]","tests","Wed Apr 09 15:22:56 GMT 2025","passed","Wed Apr 09 15:22:56 GMT 2025","TestPrecision","test_network_parameters","",""
"","1","test_chainId[Test for Crab]","tests","Wed Apr 09 15:23:54 GMT 2025","passed","Wed Apr 09 15:23:54 GMT 2025","TestChainId","test_network_parameters","",""
"","0","test_can_create_connection[Test for Polkadot Asset Hub, url: wss://statemint.api.onfinality.io/public-ws]","tests","Wed Apr 09 15:24:39 GMT 2025","broken","Wed Apr 09 15:24:39 GMT 2025","","test_nodes_availability","",""
"","0","test_address_prefix[Test for Curio]","tests","Wed Apr 09 15:23:47 GMT 2025","passed","Wed Apr 09 15:23:47 GMT 2025","TestNetworkPrefix","test_network_parameters","",""
"","0","test_address_prefix[Test for Hyperbridge Nexus]","tests","Wed Apr 09 15:23:49 GMT 2025","passed","Wed Apr 09 15:23:49 GMT 2025","TestNetworkPrefix","test_network_parameters","",""
"","0","test_chainId[Test for Amplitude]","tests","Wed Apr 09 15:23:54 GMT 2025","passed","Wed Apr 09 15:23:54 GMT 2025","TestChainId","test_network_parameters","",""
"","0","test_address_prefix[Test for Tangle]","tests","Wed Apr 09 15:24:19 GMT 2025","passed","Wed Apr 09 15:24:19 GMT 2025","TestNetworkPrefix","test_network_parameters","",""
"","95","test_rpc_node_is_synced[Test for peaq, url: wss://peaq-rpc.publicnode.com]","tests","Wed Apr 09 15:27:19 GMT 2025","passed","Wed Apr 09 15:27:19 GMT 2025","","test_substrate_node_is_synced","",""
"","0","test_address_prefix[Test for Moonriver]","tests","Wed Apr 09 15:22:41 GMT 2025","passed","Wed Apr 09 15:22:41 GMT 2025","TestNetworkPrefix","test_network_parameters","",""
"","168","test_rpc_node_is_synced[Test for Kintsugi, url: wss://api-kusama.interlay.io/parachain]","tests","Wed Apr 09 15:26:06 GMT 2025","passed","Wed Apr 09 15:26:06 GMT 2025","","test_substrate_node_is_synced","",""
"","0","test_rpc_node_is_synced[Test for Polkadot Asset Hub, url: wss://statemint.api.onfinality.io/public-ws]","tests","Wed Apr 09 15:25:34 GMT 2025","broken","Wed Apr 09 15:25:34 GMT 2025","","test_substrate_node_is_synced","",""
"","0","test_address_prefix[Test for Zeitgeist]","tests","Wed Apr 09 15:22:59 GMT 2025","passed","Wed Apr 09 15:22:59 GMT 2025","TestNetworkPrefix","test_network_parameters","",""
"","0","test_can_create_connection[Test for Kreivo, url: wss://kreivo.io/]","tests","Wed Apr 09 15:26:36 GMT 2025","passed","Wed Apr 09 15:26:36 GMT 2025","","test_nodes_availability","",""
"","0","test_address_prefix[Test for Bittensor]","tests","Wed Apr 09 15:23:23 GMT 2025","passed","Wed Apr 09 15:23:23 GMT 2025","TestNetworkPrefix","test_network_parameters","",""
"","59","test_rpc_node_is_synced[Test for Hydration, url: wss://hydration.ibp.network]","tests","Wed Apr 09 15:24:41 GMT 2025","passed","Wed Apr 09 15:24:41 GMT 2025","","test_substrate_node_is_synced","",""
"","0","test_can_create_connection[Test for GIANT, url: wss://rpc-anchor-2-mainnet-az-ue1.giantprotocol.org:443]","tests","Wed Apr 09 15:25:42 GMT 2025","passed","Wed Apr 09 15:25:42 GMT 2025","","test_nodes_availability","",""
"","0","test_can_create_connection[Test for Nodle Parachain, url: wss://nodle-rpc.dwellir.com]","tests","Wed Apr 09 15:24:33 GMT 2025","passed","Wed Apr 09 15:24:33 GMT 2025","","test_nodes_availability","",""
"","122","test_rpc_node_is_synced[Test for Aventus, url: wss://public-rpc.mainnet.aventus.network]","tests","Wed Apr 09 15:26:09 GMT 2025","passed","Wed Apr 09 15:26:09 GMT 2025","","test_substrate_node_is_synced","",""
"","0","test_can_create_connection[Test for Tangle, url: wss://tangle-mainnet-rpc.dwellir.com]","tests","Wed Apr 09 15:26:46 GMT 2025","passed","Wed Apr 09 15:26:46 GMT 2025","","test_nodes_availability","",""
"","96","test_rpc_method_is_available[Test for Bittensor, url: wss://entrypoint-finney.opentensor.ai:443]","tests","Wed Apr 09 15:26:10 GMT 2025","passed","Wed Apr 09 15:26:10 GMT 2025","","test_rpc_methods_availability","",""
"","0","test_address_prefix[Test for Ajuna]","tests","Wed Apr 09 15:23:27 GMT 2025","passed","Wed Apr 09 15:23:27 GMT 2025","TestNetworkPrefix","test_network_parameters","",""
"","0","test_can_create_connection[Test for Polkadot Collectives, url: wss://collectives-polkadot.dotters.network]","tests","Wed Apr 09 15:25:57 GMT 2025","passed","Wed Apr 09 15:25:57 GMT 2025","","test_nodes_availability","",""
"","82","test_rpc_method_is_available[Test for Hydration, url: wss://rpc-hydra.novasama-tech.org]","tests","Wed Apr 09 15:24:13 GMT 2025","passed","Wed Apr 09 15:24:13 GMT 2025","","test_rpc_methods_availability","",""
