"DESCRIPTION","DURATION IN MS","NAME","PARENT SUITE","START TIME","STATUS","STOP TIME","SUB SUITE","SUITE","TEST CLASS","TEST METHOD"
"","0","test_can_create_connection[Test for Humanode, url: wss://explorer-rpc-ws.mainnet.stages.humanode.io]","tests","Mon Mar 10 09:09:42 GMT 2025","passed","Mon Mar 10 09:09:42 GMT 2025","","test_nodes_availability","",""
"","69","test_rpc_node_is_synced[Test for Mythos, url: wss://mythos.dotters.network]","tests","Mon Mar 10 09:10:06 GMT 2025","passed","Mon Mar 10 09:10:06 GMT 2025","","test_substrate_node_is_synced","",""
"","79","test_rpc_method_is_available[Test for Kusama Asset Hub, url: wss://statemine-rpc.dwellir.com]","tests","Mon Mar 10 09:05:40 GMT 2025","passed","Mon Mar 10 09:05:40 GMT 2025","","test_rpc_methods_availability","",""
"","1","test_can_create_connection[Test for NeuroWeb, url: wss://neuroweb-rpc.dwellir.com]","tests","Mon Mar 10 09:08:27 GMT 2025","passed","Mon Mar 10 09:08:27 GMT 2025","","test_nodes_availability","",""
"","117","test_rpc_method_is_available[Test for Mythos, url: wss://mythos.ibp.network]","tests","Mon Mar 10 09:09:09 GMT 2025","passed","Mon Mar 10 09:09:09 GMT 2025","","test_rpc_methods_availability","",""
"","0","test_can_create_connection[Test for Integritee Parachain, url: wss://integritee-kusama.api.onfinality.io/public-ws]","tests","Mon Mar 10 09:08:24 GMT 2025","passed","Mon Mar 10 09:08:24 GMT 2025","","test_nodes_availability","",""
"","0","test_precision[Test for XX network]","tests","Mon Mar 10 09:06:29 GMT 2025","passed","Mon Mar 10 09:06:29 GMT 2025","TestPrecision","test_network_parameters","",""
"","68","test_has_new_assets[Test for Bit.Country Pioneer]","tests","Mon Mar 10 09:05:49 GMT 2025","passed","Mon Mar 10 09:05:49 GMT 2025","TestAssets","test_check_new_assets","",""
"","0","test_address_prefix[Test for Enjin Relay]","tests","Mon Mar 10 09:07:07 GMT 2025","passed","Mon Mar 10 09:07:07 GMT 2025","TestNetworkPrefix","test_network_parameters","",""
"","0","test_can_create_connection[Test for Bifrost Polkadot, url: wss://hk.p.bifrost-rpc.liebi.com/ws]","tests","Mon Mar 10 09:07:54 GMT 2025","passed","Mon Mar 10 09:07:54 GMT 2025","","test_nodes_availability","",""
"","0","test_chainId[Test for Shiden]","tests","Mon Mar 10 09:05:53 GMT 2025","passed","Mon Mar 10 09:05:53 GMT 2025","TestChainId","test_network_parameters","",""
"","238","test_rpc_node_is_synced[Test for Astar, url: wss://astar.public.curie.radiumblock.co/ws]","tests","Mon Mar 10 09:07:14 GMT 2025","passed","Mon Mar 10 09:07:15 GMT 2025","","test_substrate_node_is_synced","",""
"","171","test_rpc_node_is_synced[Test for Bit.Country Pioneer, url: wss://pioneer-rpc-3.bit.country/wss]","tests","Mon Mar 10 09:07:42 GMT 2025","passed","Mon Mar 10 09:07:42 GMT 2025","","test_substrate_node_is_synced","",""
"","172","test_rpc_node_is_synced[Test for Bifrost Kusama, url: wss://bifrost-rpc.dwellir.com]","tests","Mon Mar 10 09:06:30 GMT 2025","passed","Mon Mar 10 09:06:30 GMT 2025","","test_substrate_node_is_synced","",""
"","110","test_rpc_method_is_available[Test for Acurast Canary, url: wss://acurast-canarynet-ws.prod.gke.papers.tech]","tests","Mon Mar 10 09:09:09 GMT 2025","passed","Mon Mar 10 09:09:09 GMT 2025","","test_rpc_methods_availability","",""
"","0","test_address_prefix[Test for Kintsugi]","tests","Mon Mar 10 09:06:23 GMT 2025","passed","Mon Mar 10 09:06:23 GMT 2025","TestNetworkPrefix","test_network_parameters","",""
"","7","test_has_new_assets[Test for Zeitgeist]","tests","Mon Mar 10 09:06:32 GMT 2025","passed","Mon Mar 10 09:06:32 GMT 2025","TestAssets","test_check_new_assets","",""
"","7","test_has_new_assets[Test for Laos]","tests","Mon Mar 10 09:07:37 GMT 2025","passed","Mon Mar 10 09:07:37 GMT 2025","TestAssets","test_check_new_assets","",""
"","0","test_can_create_connection[Test for Crust Shadow, url: wss://rpc2-shadow.crust.network/]","tests","Mon Mar 10 09:08:11 GMT 2025","passed","Mon Mar 10 09:08:11 GMT 2025","","test_nodes_availability","",""
"","74","test_rpc_node_is_synced[Test for Bifrost Polkadot, url: wss://bifrost-polkadot.dotters.network]","tests","Mon Mar 10 09:09:22 GMT 2025","passed","Mon Mar 10 09:09:23 GMT 2025","","test_substrate_node_is_synced","",""
"","0","test_can_create_connection[Test for UNIQUE, url: wss://unique.dotters.network]","tests","Mon Mar 10 09:08:23 GMT 2025","passed","Mon Mar 10 09:08:23 GMT 2025","","test_nodes_availability","",""
"","170","test_rpc_node_is_synced[Test for Subsocial, url: wss://subsocial-rpc.dwellir.com]","tests","Mon Mar 10 09:08:08 GMT 2025","passed","Mon Mar 10 09:08:08 GMT 2025","","test_substrate_node_is_synced","",""
"","0","test_chainId[Test for Moonbeam]","tests","Mon Mar 10 09:05:46 GMT 2025","passed","Mon Mar 10 09:05:46 GMT 2025","TestChainId","test_network_parameters","",""
"","75","test_rpc_method_is_available[Test for Polkadot Collectives, url: wss://dot-rpc.stakeworld.io/collectives]","tests","Mon Mar 10 09:08:44 GMT 2025","passed","Mon Mar 10 09:08:44 GMT 2025","","test_rpc_methods_availability","",""
"","0","test_can_create_connection[Test for Polkadot Asset Hub, url: wss://asset-hub-polkadot.dotters.network]","tests","Mon Mar 10 09:07:45 GMT 2025","passed","Mon Mar 10 09:07:45 GMT 2025","","test_nodes_availability","",""
"","0","test_precision[Test for Encointer]","tests","Mon Mar 10 09:06:01 GMT 2025","passed","Mon Mar 10 09:06:01 GMT 2025","TestPrecision","test_network_parameters","",""
"","0","test_chainId[Test for krest]","tests","Mon Mar 10 09:06:42 GMT 2025","passed","Mon Mar 10 09:06:42 GMT 2025","TestChainId","test_network_parameters","",""
"","0","test_address_prefix[Test for Interlay]","tests","Mon Mar 10 09:06:36 GMT 2025","passed","Mon Mar 10 09:06:36 GMT 2025","TestNetworkPrefix","test_network_parameters","",""
"","0","test_address_prefix[Test for Pendulum]","tests","Mon Mar 10 09:06:39 GMT 2025","passed","Mon Mar 10 09:06:39 GMT 2025","TestNetworkPrefix","test_network_parameters","",""
"","7","test_has_new_assets[Test for Ajuna]","tests","Mon Mar 10 09:06:45 GMT 2025","passed","Mon Mar 10 09:06:45 GMT 2025","TestAssets","test_check_new_assets","",""
"","82","test_rpc_method_is_available[Test for peaq, url: wss://peaq.api.onfinality.io/public]","tests","Mon Mar 10 09:09:22 GMT 2025","passed","Mon Mar 10 09:09:22 GMT 2025","","test_rpc_methods_availability","",""
"","8","test_has_new_assets[Test for InvArch]","tests","Mon Mar 10 09:07:10 GMT 2025","passed","Mon Mar 10 09:07:10 GMT 2025","TestAssets","test_check_new_assets","",""
"","0","test_can_create_connection[Test for Turing, url: wss://rpc.turing.oak.tech]","tests","Mon Mar 10 09:07:58 GMT 2025","broken","Mon Mar 10 09:07:58 GMT 2025","","test_nodes_availability","",""
"","245","test_rpc_node_is_synced[Test for Moonriver, url: wss://moonriver.public.curie.radiumblock.co/ws]","tests","Mon Mar 10 09:06:08 GMT 2025","passed","Mon Mar 10 09:06:09 GMT 2025","","test_substrate_node_is_synced","",""
"","171","test_rpc_node_is_synced[Test for Enjin Relay, url: wss://enjin-relay-rpc.dwellir.com]","tests","Mon Mar 10 09:10:04 GMT 2025","passed","Mon Mar 10 09:10:04 GMT 2025","","test_substrate_node_is_synced","",""
"","69","test_rpc_node_is_synced[Test for Polkadot, url: wss://rpc-polkadot.luckyfriday.io]","tests","Mon Mar 10 09:06:31 GMT 2025","passed","Mon Mar 10 09:06:31 GMT 2025","","test_substrate_node_is_synced","",""
"","3","test_has_new_assets[Test for JAMTON]","tests","Mon Mar 10 09:07:38 GMT 2025","passed","Mon Mar 10 09:07:38 GMT 2025","TestAssets","test_check_new_assets","",""
"","79","test_rpc_method_is_available[Test for Enjin Relay, url: wss://enjin-relay-rpc.dwellir.com]","tests","Mon Mar 10 09:09:11 GMT 2025","passed","Mon Mar 10 09:09:11 GMT 2025","","test_rpc_methods_availability","",""
"","0","test_can_create_connection[Test for Acala, url: wss://acala-rpc-0.aca-api.network]","tests","Mon Mar 10 09:07:34 GMT 2025","passed","Mon Mar 10 09:07:34 GMT 2025","","test_nodes_availability","",""
"","0","test_rpc_node_is_synced[Test for Parallel, url: wss://polkadot-parallel-rpc.parallel.fi]","tests","Mon Mar 10 09:07:44 GMT 2025","broken","Mon Mar 10 09:07:44 GMT 2025","","test_substrate_node_is_synced","",""
"","98","test_rpc_method_is_available[Test for Encointer, url: wss://api.kusama.encointer.org]","tests","Mon Mar 10 09:06:31 GMT 2025","passed","Mon Mar 10 09:06:31 GMT 2025","","test_rpc_methods_availability","",""
"","114","test_rpc_method_is_available[Test for Manta Atlantic, url: wss://ws.manta.systems]","tests","Mon Mar 10 09:08:59 GMT 2025","passed","Mon Mar 10 09:08:59 GMT 2025","","test_rpc_methods_availability","",""
"","0","test_precision[Test for CLV Parachain]","tests","Mon Mar 10 09:06:00 GMT 2025","passed","Mon Mar 10 09:06:00 GMT 2025","TestPrecision","test_network_parameters","",""
"","0","test_can_create_connection[Test for Polkadex, url: wss://polkadex.public.curie.radiumblock.co/ws]","tests","Mon Mar 10 09:08:11 GMT 2025","passed","Mon Mar 10 09:08:11 GMT 2025","","test_nodes_availability","",""
"","70","test_rpc_method_is_available[Test for Kusama People, url: wss://sys.ibp.network/people-kusama]","tests","Mon Mar 10 09:05:54 GMT 2025","passed","Mon Mar 10 09:05:54 GMT 2025","","test_rpc_methods_availability","",""
"","0","test_address_prefix[Test for JAMTON]","tests","Mon Mar 10 09:07:31 GMT 2025","passed","Mon Mar 10 09:07:31 GMT 2025","TestNetworkPrefix","test_network_parameters","",""
"","0","test_can_create_connection[Test for Ajuna, url: wss://ajuna.dotters.network]","tests","Mon Mar 10 09:08:40 GMT 2025","passed","Mon Mar 10 09:08:40 GMT 2025","","test_nodes_availability","",""
"","0","test_precision[Test for Hashed Network]","tests","Mon Mar 10 09:06:29 GMT 2025","passed","Mon Mar 10 09:06:29 GMT 2025","TestPrecision","test_network_parameters","",""
"","168","test_rpc_node_is_synced[Test for Picasso, url: wss://rpc.composablenodes.tech]","tests","Mon Mar 10 09:07:03 GMT 2025","passed","Mon Mar 10 09:07:03 GMT 2025","","test_substrate_node_is_synced","",""
"","6","test_has_new_assets[Test for Curio]","tests","Mon Mar 10 09:07:18 GMT 2025","passed","Mon Mar 10 09:07:18 GMT 2025","TestAssets","test_check_new_assets","",""
"","9","test_has_new_assets[Test for Frequency]","tests","Mon Mar 10 09:07:10 GMT 2025","passed","Mon Mar 10 09:07:10 GMT 2025","TestAssets","test_check_new_assets","",""
"","0","test_address_prefix[Test for Polimec]","tests","Mon Mar 10 09:07:04 GMT 2025","passed","Mon Mar 10 09:07:04 GMT 2025","TestNetworkPrefix","test_network_parameters","",""
"","107","test_rpc_method_is_available[Test for Subsocial, url: wss://subsocial-rpc.dwellir.com]","tests","Mon Mar 10 09:07:44 GMT 2025","passed","Mon Mar 10 09:07:44 GMT 2025","","test_rpc_methods_availability","",""
"","0","test_can_create_connection[Test for UNIQUE, url: wss://us-ws.unique.network/]","tests","Mon Mar 10 09:08:12 GMT 2025","passed","Mon Mar 10 09:08:12 GMT 2025","","test_nodes_availability","",""
"","115","test_rpc_method_is_available[Test for Polkadot, url: wss://polkadot.public.curie.radiumblock.co/ws]","tests","Mon Mar 10 09:06:06 GMT 2025","passed","Mon Mar 10 09:06:06 GMT 2025","","test_rpc_methods_availability","",""
"","0","test_precision[Test for QUARTZ]","tests","Mon Mar 10 09:05:56 GMT 2025","passed","Mon Mar 10 09:05:56 GMT 2025","TestPrecision","test_network_parameters","",""
"","0","test_precision[Test for Frequency]","tests","Mon Mar 10 09:06:52 GMT 2025","passed","Mon Mar 10 09:06:52 GMT 2025","TestPrecision","test_network_parameters","",""
"","6","test_has_new_assets[Test for DeepBrain]","tests","Mon Mar 10 09:07:37 GMT 2025","passed","Mon Mar 10 09:07:37 GMT 2025","TestAssets","test_check_new_assets","",""
"","847","test_rpc_node_is_synced[Test for Kusama, url: wss://1rpc.io/ksm]","tests","Mon Mar 10 09:06:09 GMT 2025","passed","Mon Mar 10 09:06:10 GMT 2025","","test_substrate_node_is_synced","",""
"","156","test_rpc_node_is_synced[Test for Polkadot People, url: wss://polkadot-people-rpc.polkadot.io]","tests","Mon Mar 10 09:05:51 GMT 2025","passed","Mon Mar 10 09:05:52 GMT 2025","","test_substrate_node_is_synced","",""
"","0","test_address_prefix[Test for Manta Atlantic]","tests","Mon Mar 10 09:07:10 GMT 2025","passed","Mon Mar 10 09:07:10 GMT 2025","TestNetworkPrefix","test_network_parameters","",""
"","83","test_rpc_method_is_available[Test for Subsocial, url: wss://para.f3joule.space]","tests","Mon Mar 10 09:07:47 GMT 2025","passed","Mon Mar 10 09:07:48 GMT 2025","","test_rpc_methods_availability","",""
"","0","test_precision[Test for Phala]","tests","Mon Mar 10 09:06:32 GMT 2025","passed","Mon Mar 10 09:06:32 GMT 2025","TestPrecision","test_network_parameters","",""
"","91","test_has_new_assets[Test for Bifrost Kusama]","tests","Mon Mar 10 09:05:50 GMT 2025","passed","Mon Mar 10 09:05:50 GMT 2025","TestAssets","test_check_new_assets","",""
"","1","test_precision[Test for Ternoa]","tests","Mon Mar 10 09:06:16 GMT 2025","passed","Mon Mar 10 09:06:16 GMT 2025","TestPrecision","test_network_parameters","",""
"","117","test_rpc_method_is_available[Test for Shiden, url: wss://shiden.public.curie.radiumblock.co/ws]","tests","Mon Mar 10 09:06:16 GMT 2025","passed","Mon Mar 10 09:06:16 GMT 2025","","test_rpc_methods_availability","",""
"","102","test_rpc_method_is_available[Test for Kusama People, url: wss://people-kusama.dotters.network]","tests","Mon Mar 10 09:05:56 GMT 2025","passed","Mon Mar 10 09:05:56 GMT 2025","","test_rpc_methods_availability","",""
"","0","test_can_create_connection[Test for UNIQUE, url: wss://eu-ws.unique.network/]","tests","Mon Mar 10 09:08:09 GMT 2025","passed","Mon Mar 10 09:08:09 GMT 2025","","test_nodes_availability","",""
"","71","test_rpc_method_is_available[Test for Hydration, url: wss://rpc.hydradx.cloud]","tests","Mon Mar 10 09:06:43 GMT 2025","passed","Mon Mar 10 09:06:43 GMT 2025","","test_rpc_methods_availability","",""
"","0","test_address_prefix[Test for InvArch]","tests","Mon Mar 10 09:07:06 GMT 2025","passed","Mon Mar 10 09:07:06 GMT 2025","TestNetworkPrefix","test_network_parameters","",""
"","129","test_rpc_method_is_available[Test for Polkadot Bridge Hub, url: wss://bridge-hub-polkadot.dotters.network]","tests","Mon Mar 10 09:08:38 GMT 2025","passed","Mon Mar 10 09:08:38 GMT 2025","","test_rpc_methods_availability","",""
"","1","test_can_create_connection[Test for Acurast Canary, url: wss://acurast-canarynet-ws.prod.gke.papers.tech]","tests","Mon Mar 10 09:09:29 GMT 2025","passed","Mon Mar 10 09:09:29 GMT 2025","","test_nodes_availability","",""
"","1","test_can_create_connection[Test for Bit.Country Pioneer, url: wss://pioneer-rpc-1.bit.country/wss]","tests","Mon Mar 10 09:07:16 GMT 2025","passed","Mon Mar 10 09:07:16 GMT 2025","","test_nodes_availability","",""
"","0","test_can_create_connection[Test for Kintsugi, url: wss://api-kusama.interlay.io/parachain]","tests","Mon Mar 10 09:06:46 GMT 2025","passed","Mon Mar 10 09:06:46 GMT 2025","","test_nodes_availability","",""
"","94","test_rpc_method_is_available[Test for Westend (TESTNET), url: wss://westend.public.curie.radiumblock.co/ws]","tests","Mon Mar 10 09:06:25 GMT 2025","passed","Mon Mar 10 09:06:25 GMT 2025","","test_rpc_methods_availability","",""
"","57","test_rpc_node_is_synced[Test for Polkadot, url: wss://1rpc.io/dot]","tests","Mon Mar 10 09:06:27 GMT 2025","passed","Mon Mar 10 09:06:27 GMT 2025","","test_substrate_node_is_synced","",""
"","0","test_can_create_connection[Test for Robonomics, url: wss://kusama.rpc.robonomics.network/]","tests","Mon Mar 10 09:07:59 GMT 2025","passed","Mon Mar 10 09:07:59 GMT 2025","","test_nodes_availability","",""
"","1","test_precision[Test for Aleph Zero]","tests","Mon Mar 10 09:06:03 GMT 2025","passed","Mon Mar 10 09:06:03 GMT 2025","TestPrecision","test_network_parameters","",""
"","0","test_precision[Test for 3DPass]","tests","Mon Mar 10 09:06:31 GMT 2025","passed","Mon Mar 10 09:06:31 GMT 2025","TestPrecision","test_network_parameters","",""
"","71","test_rpc_method_is_available[Test for Acala, url: wss://acala-rpc-1.aca-api.network]","tests","Mon Mar 10 09:07:18 GMT 2025","passed","Mon Mar 10 09:07:18 GMT 2025","","test_rpc_methods_availability","",""
"","5","test_has_new_assets[Test for DAO IPCI]","tests","Mon Mar 10 09:06:47 GMT 2025","passed","Mon Mar 10 09:06:47 GMT 2025","TestAssets","test_check_new_assets","",""
"","93","test_rpc_method_is_available[Test for Avail, url: wss://avail.rpc.bountyblok.io]","tests","Mon Mar 10 09:09:19 GMT 2025","passed","Mon Mar 10 09:09:19 GMT 2025","","test_rpc_methods_availability","",""
"","192","test_rpc_node_is_synced[Test for XX network, url: wss://rpc-do.xx.network]","tests","Mon Mar 10 09:09:05 GMT 2025","passed","Mon Mar 10 09:09:05 GMT 2025","","test_substrate_node_is_synced","",""
"","155","test_rpc_node_is_synced[Test for Polimec, url: wss://rpc.polimec.org]","tests","Mon Mar 10 09:09:53 GMT 2025","passed","Mon Mar 10 09:09:53 GMT 2025","","test_substrate_node_is_synced","",""
"","0","test_can_create_connection[Test for Astar, url: wss://astar.public.curie.radiumblock.co/ws]","tests","Mon Mar 10 09:07:08 GMT 2025","passed","Mon Mar 10 09:07:08 GMT 2025","","test_nodes_availability","",""
"","1","test_can_create_connection[Test for Westend (TESTNET), url: wss://westend.public.curie.radiumblock.co/ws]","tests","Mon Mar 10 09:06:35 GMT 2025","passed","Mon Mar 10 09:06:35 GMT 2025","","test_nodes_availability","",""
"","0","test_can_create_connection[Test for Mythos, url: wss://polkadot-mythos-rpc.polkadot.io]","tests","Mon Mar 10 09:09:22 GMT 2025","passed","Mon Mar 10 09:09:22 GMT 2025","","test_nodes_availability","",""
"","73","test_rpc_node_is_synced[Test for krest, url: wss://krest.api.onfinality.io/public-ws]","tests","Mon Mar 10 09:09:52 GMT 2025","passed","Mon Mar 10 09:09:52 GMT 2025","","test_substrate_node_is_synced","",""
"","91","test_rpc_method_is_available[Test for Kusama, url: wss://1rpc.io/ksm]","tests","Mon Mar 10 09:05:58 GMT 2025","passed","Mon Mar 10 09:05:58 GMT 2025","","test_rpc_methods_availability","",""
"","0","test_precision[Test for Kreivo]","tests","Mon Mar 10 09:06:56 GMT 2025","passed","Mon Mar 10 09:06:56 GMT 2025","TestPrecision","test_network_parameters","",""
"","0","test_precision[Test for Kusama Bridge Hub]","tests","Mon Mar 10 09:06:33 GMT 2025","passed","Mon Mar 10 09:06:33 GMT 2025","TestPrecision","test_network_parameters","",""
"","4","test_has_new_assets[Test for Heima]","tests","Mon Mar 10 09:06:38 GMT 2025","passed","Mon Mar 10 09:06:38 GMT 2025","TestAssets","test_check_new_assets","",""
"","123","test_rpc_method_is_available[Test for UNIQUE, url: wss://unique.ibp.network]","tests","Mon Mar 10 09:07:54 GMT 2025","passed","Mon Mar 10 09:07:54 GMT 2025","","test_rpc_methods_availability","",""
"","115","test_rpc_method_is_available[Test for Polkadot Bridge Hub, url: wss://dot-rpc.stakeworld.io/bridgehub]","tests","Mon Mar 10 09:08:30 GMT 2025","passed","Mon Mar 10 09:08:31 GMT 2025","","test_rpc_methods_availability","",""
"","23","test_rpc_node_is_synced[Test for Polkadot People, url: wss://people-polkadot.dotters.network]","tests","Mon Mar 10 09:05:55 GMT 2025","passed","Mon Mar 10 09:05:55 GMT 2025","","test_substrate_node_is_synced","",""
"","171","test_rpc_node_is_synced[Test for Westend (TESTNET), url: wss://westend-rpc.dwellir.com]","tests","Mon Mar 10 09:06:50 GMT 2025","passed","Mon Mar 10 09:06:50 GMT 2025","","test_substrate_node_is_synced","",""
"","0","test_can_create_connection[Test for Mythos, url: wss://mythos.ibp.network]","tests","Mon Mar 10 09:09:26 GMT 2025","passed","Mon Mar 10 09:09:26 GMT 2025","","test_nodes_availability","",""
"","6","test_has_new_assets[Test for CC Enterprise]","tests","Mon Mar 10 09:07:28 GMT 2025","passed","Mon Mar 10 09:07:28 GMT 2025","TestAssets","test_check_new_assets","",""
"","0","test_address_prefix[Test for Crust Polkadot Parachain]","tests","Mon Mar 10 09:06:42 GMT 2025","passed","Mon Mar 10 09:06:42 GMT 2025","TestNetworkPrefix","test_network_parameters","",""
"","81","test_rpc_method_is_available[Test for XX network, url: wss://rpc.xx.network]","tests","Mon Mar 10 09:08:16 GMT 2025","passed","Mon Mar 10 09:08:16 GMT 2025","","test_rpc_methods_availability","",""
"","4","test_has_new_assets[Test for Crust Polkadot Parachain]","tests","Mon Mar 10 09:06:45 GMT 2025","passed","Mon Mar 10 09:06:45 GMT 2025","TestAssets","test_check_new_assets","",""
"","5","test_has_new_assets[Test for Polkadot Asset Hub]","tests","Mon Mar 10 09:06:09 GMT 2025","passed","Mon Mar 10 09:06:09 GMT 2025","TestAssets","test_check_new_assets","",""
"","68","test_rpc_method_is_available[Test for Avail, url: wss://zeref-api.slowops.xyz/ws]","tests","Mon Mar 10 09:09:15 GMT 2025","passed","Mon Mar 10 09:09:15 GMT 2025","","test_rpc_methods_availability","",""
"","103","test_has_new_assets[Test for Kusama People]","tests","Mon Mar 10 09:05:47 GMT 2025","passed","Mon Mar 10 09:05:47 GMT 2025","TestAssets","test_check_new_assets","",""
"","99","test_rpc_method_is_available[Test for Polkadot People, url: wss://rpc-people-polkadot.luckyfriday.io]","tests","Mon Mar 10 09:05:48 GMT 2025","passed","Mon Mar 10 09:05:48 GMT 2025","","test_rpc_methods_availability","",""
"","0","test_can_create_connection[Test for Kusama Bridge Hub, url: wss://ksm-rpc.stakeworld.io/bridgehub]","tests","Mon Mar 10 09:08:54 GMT 2025","passed","Mon Mar 10 09:08:54 GMT 2025","","test_nodes_availability","",""
"","0","test_address_prefix[Test for Kusama]","tests","Mon Mar 10 09:05:59 GMT 2025","passed","Mon Mar 10 09:05:59 GMT 2025","TestNetworkPrefix","test_network_parameters","",""
"","0","test_can_create_connection[Test for Moonbeam, url: wss://moonbeam.public.curie.radiumblock.co/ws]","tests","Mon Mar 10 09:05:56 GMT 2025","passed","Mon Mar 10 09:05:56 GMT 2025","","test_nodes_availability","",""
"","109","test_rpc_method_is_available[Test for Kusama, url: wss://kusama.public.curie.radiumblock.co/ws]","tests","Mon Mar 10 09:06:01 GMT 2025","passed","Mon Mar 10 09:06:01 GMT 2025","","test_rpc_methods_availability","",""
"","0","test_can_create_connection[Test for Polkadot Collectives, url: wss://collectives.public.curie.radiumblock.co/ws]","tests","Mon Mar 10 09:08:54 GMT 2025","passed","Mon Mar 10 09:08:54 GMT 2025","","test_nodes_availability","",""
"","70","test_rpc_method_is_available[Test for Shiden, url: wss://shiden.api.onfinality.io/public-ws]","tests","Mon Mar 10 09:06:19 GMT 2025","passed","Mon Mar 10 09:06:19 GMT 2025","","test_rpc_methods_availability","",""
"","73","test_rpc_method_is_available[Test for Moonriver, url: wss://moonriver-rpc.dwellir.com]","tests","Mon Mar 10 09:06:03 GMT 2025","passed","Mon Mar 10 09:06:04 GMT 2025","","test_rpc_methods_availability","",""
"","177","test_rpc_node_is_synced[Test for Xode, url: wss://rpcnodea01.xode.net/n7yoxCmcIrCF6VziCcDmYTwL8R03a/rpc]","tests","Mon Mar 10 09:10:35 GMT 2025","passed","Mon Mar 10 09:10:35 GMT 2025","","test_substrate_node_is_synced","",""
"","0","test_precision[Test for Moonriver]","tests","Mon Mar 10 09:05:48 GMT 2025","passed","Mon Mar 10 09:05:48 GMT 2025","TestPrecision","test_network_parameters","",""
"","0","test_can_create_connection[Test for QUARTZ, url: wss://quartz.unique.network]","tests","Mon Mar 10 09:07:00 GMT 2025","passed","Mon Mar 10 09:07:00 GMT 2025","","test_nodes_availability","",""
"","0","test_address_prefix[Test for Darwinia]","tests","Mon Mar 10 09:06:51 GMT 2025","passed","Mon Mar 10 09:06:51 GMT 2025","TestNetworkPrefix","test_network_parameters","",""
"","0","test_can_create_connection[Test for Westend (TESTNET), url: wss://westend.api.onfinality.io/public-ws]","tests","Mon Mar 10 09:06:42 GMT 2025","passed","Mon Mar 10 09:06:42 GMT 2025","","test_nodes_availability","",""
"","0","test_chainId[Test for Polymesh]","tests","Mon Mar 10 09:06:21 GMT 2025","passed","Mon Mar 10 09:06:21 GMT 2025","TestChainId","test_network_parameters","",""
"","9","test_has_new_assets[Test for Polkadot People]","tests","Mon Mar 10 09:06:06 GMT 2025","passed","Mon Mar 10 09:06:06 GMT 2025","TestAssets","test_check_new_assets","",""
"","1","test_precision[Test for Enjin Matrix]","tests","Mon Mar 10 09:06:41 GMT 2025","passed","Mon Mar 10 09:06:41 GMT 2025","TestPrecision","test_network_parameters","",""
"","0","test_can_create_connection[Test for Kusama, url: wss://apps-kusama-rpc.polkadot.io]","tests","Mon Mar 10 09:05:53 GMT 2025","passed","Mon Mar 10 09:05:53 GMT 2025","","test_nodes_availability","",""
"","180","test_rpc_node_is_synced[Test for KILT, url: wss://spiritnet.kilt.io/]","tests","Mon Mar 10 09:07:10 GMT 2025","passed","Mon Mar 10 09:07:10 GMT 2025","","test_substrate_node_is_synced","",""
"","175","test_rpc_node_is_synced[Test for QUARTZ, url: wss://asia-ws-quartz.unique.network]","tests","Mon Mar 10 09:07:26 GMT 2025","passed","Mon Mar 10 09:07:26 GMT 2025","","test_substrate_node_is_synced","",""
"","0","test_can_create_connection[Test for Moonriver, url: wss://moonriver.public.curie.radiumblock.co/ws]","tests","Mon Mar 10 09:06:12 GMT 2025","passed","Mon Mar 10 09:06:12 GMT 2025","","test_nodes_availability","",""
"","0","test_can_create_connection[Test for InvArch, url: wss://invarch-rpc.dwellir.com]","tests","Mon Mar 10 09:09:15 GMT 2025","passed","Mon Mar 10 09:09:15 GMT 2025","","test_nodes_availability","",""
"","4","test_has_new_assets[Test for Mangata X]","tests","Mon Mar 10 09:06:21 GMT 2025","passed","Mon Mar 10 09:06:21 GMT 2025","TestAssets","test_check_new_assets","",""
"","133","test_rpc_method_is_available[Test for Ajuna, url: wss://ajuna.dotters.network]","tests","Mon Mar 10 09:08:23 GMT 2025","passed","Mon Mar 10 09:08:23 GMT 2025","","test_rpc_methods_availability","",""
"","0","test_address_prefix[Test for DENTNet]","tests","Mon Mar 10 09:07:18 GMT 2025","passed","Mon Mar 10 09:07:18 GMT 2025","TestNetworkPrefix","test_network_parameters","",""
"","6","test_has_new_assets[Test for Bajun]","tests","Mon Mar 10 09:06:29 GMT 2025","passed","Mon Mar 10 09:06:29 GMT 2025","TestAssets","test_check_new_assets","",""
"","5","test_has_new_assets[Test for Encointer]","tests","Mon Mar 10 09:06:15 GMT 2025","passed","Mon Mar 10 09:06:15 GMT 2025","TestAssets","test_check_new_assets","",""
"","7","test_has_new_assets[Test for 3DPass]","tests","Mon Mar 10 09:06:52 GMT 2025","passed","Mon Mar 10 09:06:52 GMT 2025","TestAssets","test_check_new_assets","",""
"","110","test_rpc_method_is_available[Test for Kusama People, url: wss://ksm-rpc.stakeworld.io/people]","tests","Mon Mar 10 09:05:59 GMT 2025","passed","Mon Mar 10 09:05:59 GMT 2025","","test_rpc_methods_availability","",""
"","0","test_address_prefix[Test for Acala]","tests","Mon Mar 10 09:05:57 GMT 2025","passed","Mon Mar 10 09:05:57 GMT 2025","TestNetworkPrefix","test_network_parameters","",""
"","0","test_address_prefix[Test for Moonriver]","tests","Mon Mar 10 09:06:01 GMT 2025","passed","Mon Mar 10 09:06:01 GMT 2025","TestNetworkPrefix","test_network_parameters","",""
"","80","test_rpc_method_is_available[Test for Kusama, url: wss://rpc.ibp.network/kusama]","tests","Mon Mar 10 09:06:28 GMT 2025","passed","Mon Mar 10 09:06:28 GMT 2025","","test_rpc_methods_availability","",""
"","0","test_address_prefix[Test for Polymesh]","tests","Mon Mar 10 09:06:34 GMT 2025","passed","Mon Mar 10 09:06:34 GMT 2025","TestNetworkPrefix","test_network_parameters","",""
"","67","test_rpc_method_is_available[Test for Hydration, url: wss://rpc-hydra.novasama-tech.org]","tests","Mon Mar 10 09:06:40 GMT 2025","passed","Mon Mar 10 09:06:40 GMT 2025","","test_rpc_methods_availability","",""
"","0","test_address_prefix[Test for Bifrost Polkadot]","tests","Mon Mar 10 09:06:30 GMT 2025","passed","Mon Mar 10 09:06:30 GMT 2025","TestNetworkPrefix","test_network_parameters","",""
"","7","test_has_new_assets[Test for Energy Web X]","tests","Mon Mar 10 09:07:04 GMT 2025","passed","Mon Mar 10 09:07:04 GMT 2025","TestAssets","test_check_new_assets","",""
"","0","test_precision[Test for Kusama Asset Hub]","tests","Mon Mar 10 09:05:54 GMT 2025","passed","Mon Mar 10 09:05:54 GMT 2025","TestPrecision","test_network_parameters","",""
"","84","test_rpc_node_is_synced[Test for Moonriver, url: wss://moonriver.public.blastapi.io]","tests","Mon Mar 10 09:06:02 GMT 2025","passed","Mon Mar 10 09:06:02 GMT 2025","","test_substrate_node_is_synced","",""
"","0","test_precision[Test for Picasso]","tests","Mon Mar 10 09:06:08 GMT 2025","passed","Mon Mar 10 09:06:08 GMT 2025","TestPrecision","test_network_parameters","",""
"","5","test_has_new_assets[Test for Kusama Asset Hub]","tests","Mon Mar 10 09:06:02 GMT 2025","passed","Mon Mar 10 09:06:02 GMT 2025","TestAssets","test_check_new_assets","",""
"","93","test_rpc_method_is_available[Test for Kusama Bridge Hub, url: wss://ksm-rpc.stakeworld.io/bridgehub]","tests","Mon Mar 10 09:08:36 GMT 2025","passed","Mon Mar 10 09:08:37 GMT 2025","","test_rpc_methods_availability","",""
"","0","test_can_create_connection[Test for Kabocha, url: wss://kabocha.jelliedowl.com]","tests","Mon Mar 10 09:08:06 GMT 2025","passed","Mon Mar 10 09:08:06 GMT 2025","","test_nodes_availability","",""
"","21","test_rpc_node_is_synced[Test for Moonbeam, url: wss://moonbeam.public.blastapi.io]","tests","Mon Mar 10 09:05:55 GMT 2025","passed","Mon Mar 10 09:05:55 GMT 2025","","test_substrate_node_is_synced","",""
"","4","test_has_new_assets[Test for Polimec]","tests","Mon Mar 10 09:07:12 GMT 2025","passed","Mon Mar 10 09:07:12 GMT 2025","TestAssets","test_check_new_assets","",""
"","8","test_has_new_assets[Test for UNIQUE]","tests","Mon Mar 10 09:06:15 GMT 2025","passed","Mon Mar 10 09:06:15 GMT 2025","TestAssets","test_check_new_assets","",""
"","6","test_has_new_assets[Test for Kusama]","tests","Mon Mar 10 09:05:56 GMT 2025","passed","Mon Mar 10 09:05:56 GMT 2025","TestAssets","test_check_new_assets","",""
"","77","test_rpc_method_is_available[Test for Bit.Country Pioneer, url: wss://pioneer-rpc-3.bit.country/wss]","tests","Mon Mar 10 09:07:09 GMT 2025","passed","Mon Mar 10 09:07:09 GMT 2025","","test_rpc_methods_availability","",""
"","1218","test_rpc_method_is_available[Test for UNIQUE, url: wss://eu-ws.unique.network/]","tests","Mon Mar 10 09:07:43 GMT 2025","passed","Mon Mar 10 09:07:44 GMT 2025","","test_rpc_methods_availability","",""
"","97","test_rpc_method_is_available[Test for Polkadot, url: wss://1rpc.io/dot]","tests","Mon Mar 10 09:06:11 GMT 2025","passed","Mon Mar 10 09:06:11 GMT 2025","","test_rpc_methods_availability","",""
"","0","test_can_create_connection[Test for Astar, url: wss://astar-rpc.dwellir.com]","tests","Mon Mar 10 09:07:02 GMT 2025","passed","Mon Mar 10 09:07:02 GMT 2025","","test_nodes_availability","",""
"","0","test_can_create_connection[Test for Ajuna, url: wss://ajuna.ibp.network]","tests","Mon Mar 10 09:09:09 GMT 2025","passed","Mon Mar 10 09:09:09 GMT 2025","","test_nodes_availability","",""
"","0","test_precision[Test for Acurast Canary]","tests","Mon Mar 10 09:06:55 GMT 2025","passed","Mon Mar 10 09:06:55 GMT 2025","TestPrecision","test_network_parameters","",""
"","0","test_can_create_connection[Test for UNIQUE, url: wss://unique.ibp.network]","tests","Mon Mar 10 09:08:21 GMT 2025","passed","Mon Mar 10 09:08:21 GMT 2025","","test_nodes_availability","",""
"","70","test_rpc_node_is_synced[Test for Hashed Network, url: wss://c1.hashed.network]","tests","Mon Mar 10 09:09:21 GMT 2025","passed","Mon Mar 10 09:09:21 GMT 2025","","test_substrate_node_is_synced","",""
"","202","test_rpc_node_is_synced[Test for Curio, url: wss://archive.parachain.curioinvest.com]","tests","Mon Mar 10 09:09:57 GMT 2025","passed","Mon Mar 10 09:09:57 GMT 2025","","test_substrate_node_is_synced","",""
"","0","test_can_create_connection[Test for Crust Polkadot Parachain, url: wss://crust-parachain.crustapps.net]","tests","Mon Mar 10 09:08:43 GMT 2025","passed","Mon Mar 10 09:08:43 GMT 2025","","test_nodes_availability","",""
"","0","test_precision[Test for JAMTON]","tests","Mon Mar 10 09:07:11 GMT 2025","passed","Mon Mar 10 09:07:11 GMT 2025","TestPrecision","test_network_parameters","",""
"","73","test_rpc_node_is_synced[Test for Acala, url: wss://acala-polkadot.api.onfinality.io/public-ws]","tests","Mon Mar 10 09:07:48 GMT 2025","passed","Mon Mar 10 09:07:48 GMT 2025","","test_substrate_node_is_synced","",""
"","78","test_rpc_node_is_synced[Test for Polkadot, url: wss://dot-rpc.stakeworld.io]","tests","Mon Mar 10 09:06:12 GMT 2025","passed","Mon Mar 10 09:06:12 GMT 2025","","test_substrate_node_is_synced","",""
"","117","test_rpc_method_is_available[Test for Acala, url: wss://acala-rpc.dwellir.com]","tests","Mon Mar 10 09:06:39 GMT 2025","passed","Mon Mar 10 09:06:39 GMT 2025","","test_rpc_methods_availability","",""
"","113","test_rpc_method_is_available[Test for peaq, url: wss://peaq-rpc.publicnode.com]","tests","Mon Mar 10 09:09:19 GMT 2025","passed","Mon Mar 10 09:09:19 GMT 2025","","test_rpc_methods_availability","",""
"","1","test_precision[Test for krest]","tests","Mon Mar 10 09:06:37 GMT 2025","passed","Mon Mar 10 09:06:37 GMT 2025","TestPrecision","test_network_parameters","",""
"","112","test_rpc_method_is_available[Test for Mythos, url: wss://polkadot-mythos-rpc.polkadot.io]","tests","Mon Mar 10 09:09:05 GMT 2025","passed","Mon Mar 10 09:09:05 GMT 2025","","test_rpc_methods_availability","",""
"","0","test_chainId[Test for Pendulum]","tests","Mon Mar 10 09:06:23 GMT 2025","passed","Mon Mar 10 09:06:23 GMT 2025","TestChainId","test_network_parameters","",""
"","199","test_rpc_node_is_synced[Test for XX network, url: wss://rpc-hetzner.xx.network]","tests","Mon Mar 10 09:09:02 GMT 2025","passed","Mon Mar 10 09:09:02 GMT 2025","","test_substrate_node_is_synced","",""
"","0","test_can_create_connection[Test for Avail, url: wss://avail-mainnet.public.blastapi.io/]","tests","Mon Mar 10 09:09:34 GMT 2025","passed","Mon Mar 10 09:09:34 GMT 2025","","test_nodes_availability","",""
"","368","test_rpc_node_is_synced[Test for Karura, url: wss://karura.api.onfinality.io/public-ws]","tests","Mon Mar 10 09:06:20 GMT 2025","passed","Mon Mar 10 09:06:20 GMT 2025","","test_substrate_node_is_synced","",""
"","76","test_rpc_method_is_available[Test for Darwinia, url: wss://rpc.darwinia.network]","tests","Mon Mar 10 09:08:47 GMT 2025","passed","Mon Mar 10 09:08:47 GMT 2025","","test_rpc_methods_availability","",""
"","83","test_rpc_method_is_available[Test for KILT, url: wss://kilt-rpc.dwellir.com]","tests","Mon Mar 10 09:06:33 GMT 2025","passed","Mon Mar 10 09:06:33 GMT 2025","","test_rpc_methods_availability","",""
"","22","test_rpc_node_is_synced[Test for Kusama Asset Hub, url: wss://sys.ibp.network/statemine]","tests","Mon Mar 10 09:07:10 GMT 2025","passed","Mon Mar 10 09:07:10 GMT 2025","","test_substrate_node_is_synced","",""
"","0","test_precision[Test for Polkadot]","tests","Mon Mar 10 09:05:42 GMT 2025","passed","Mon Mar 10 09:05:42 GMT 2025","TestPrecision","test_network_parameters","",""
"","0","test_can_create_connection[Test for Polkadot Asset Hub, url: wss://sys.ibp.network/asset-hub-polkadot]","tests","Mon Mar 10 09:07:42 GMT 2025","passed","Mon Mar 10 09:07:42 GMT 2025","","test_nodes_availability","",""
"","0","test_chainId[Test for Mythos]","tests","Mon Mar 10 09:06:58 GMT 2025","passed","Mon Mar 10 09:06:58 GMT 2025","TestChainId","test_network_parameters","",""
"","68","test_rpc_method_is_available[Test for Nodle Parachain, url: wss://nodle-rpc.dwellir.com]","tests","Mon Mar 10 09:07:13 GMT 2025","passed","Mon Mar 10 09:07:13 GMT 2025","","test_rpc_methods_availability","",""
"","0","test_can_create_connection[Test for Westend (TESTNET), url: wss://rpc.ibp.network/westend]","tests","Mon Mar 10 09:06:27 GMT 2025","passed","Mon Mar 10 09:06:27 GMT 2025","","test_nodes_availability","",""
"","0","test_precision[Test for DeepBrain]","tests","Mon Mar 10 09:07:12 GMT 2025","passed","Mon Mar 10 09:07:12 GMT 2025","TestPrecision","test_network_parameters","",""
"","79","test_rpc_method_is_available[Test for Aleph Zero, url: wss://ws.azero.dev]","tests","Mon Mar 10 09:07:58 GMT 2025","passed","Mon Mar 10 09:07:58 GMT 2025","","test_rpc_methods_availability","",""
"","0","test_can_create_connection[Test for Avail, url: wss://avail.rpc.bountyblok.io]","tests","Mon Mar 10 09:09:40 GMT 2025","passed","Mon Mar 10 09:09:40 GMT 2025","","test_nodes_availability","",""
"","0","test_precision[Test for Curio]","tests","Mon Mar 10 09:06:56 GMT 2025","passed","Mon Mar 10 09:06:56 GMT 2025","TestPrecision","test_network_parameters","",""
"","71","test_rpc_method_is_available[Test for QUARTZ, url: wss://us-ws-quartz.unique.network]","tests","Mon Mar 10 09:06:47 GMT 2025","passed","Mon Mar 10 09:06:47 GMT 2025","","test_rpc_methods_availability","",""
"","0","test_chainId[Test for Crust Polkadot Parachain]","tests","Mon Mar 10 09:06:28 GMT 2025","passed","Mon Mar 10 09:06:28 GMT 2025","TestChainId","test_network_parameters","",""
"","0","test_address_prefix[Test for Creditcoin]","tests","Mon Mar 10 09:07:21 GMT 2025","passed","Mon Mar 10 09:07:21 GMT 2025","TestNetworkPrefix","test_network_parameters","",""
"","168","test_rpc_node_is_synced[Test for 3DPass, url: wss://rpc.3dpscan.io]","tests","Mon Mar 10 09:09:20 GMT 2025","passed","Mon Mar 10 09:09:21 GMT 2025","","test_substrate_node_is_synced","",""
"","0","test_address_prefix[Test for Bittensor]","tests","Mon Mar 10 09:06:38 GMT 2025","passed","Mon Mar 10 09:06:38 GMT 2025","TestNetworkPrefix","test_network_parameters","",""
"","0","test_chainId[Test for Polimec]","tests","Mon Mar 10 09:06:52 GMT 2025","passed","Mon Mar 10 09:06:52 GMT 2025","TestChainId","test_network_parameters","",""
"","8","test_has_new_assets[Test for Polymesh]","tests","Mon Mar 10 09:06:43 GMT 2025","passed","Mon Mar 10 09:06:43 GMT 2025","TestAssets","test_check_new_assets","",""
"","0","test_can_create_connection[Test for Nodle Parachain, url: wss://nodle-parachain.api.onfinality.io/public-ws]","tests","Mon Mar 10 09:07:21 GMT 2025","passed","Mon Mar 10 09:07:21 GMT 2025","","test_nodes_availability","",""
"","0","test_address_prefix[Test for Mythos]","tests","Mon Mar 10 09:07:14 GMT 2025","passed","Mon Mar 10 09:07:14 GMT 2025","TestNetworkPrefix","test_network_parameters","",""
"","71","test_rpc_method_is_available[Test for KILT, url: wss://kilt.ibp.network]","tests","Mon Mar 10 09:06:26 GMT 2025","passed","Mon Mar 10 09:06:26 GMT 2025","","test_rpc_methods_availability","",""
"","0","test_can_create_connection[Test for Polkadot People, url: wss://polkadot-people-rpc.polkadot.io]","tests","Mon Mar 10 09:05:59 GMT 2025","passed","Mon Mar 10 09:05:59 GMT 2025","","test_nodes_availability","",""
"","65","test_rpc_node_is_synced[Test for Frequency, url: wss://1.rpc.frequency.xyz]","tests","Mon Mar 10 09:09:08 GMT 2025","passed","Mon Mar 10 09:09:08 GMT 2025","","test_substrate_node_is_synced","",""
"","0","test_can_create_connection[Test for Parallel, url: wss://polkadot-parallel-rpc.parallel.fi]","tests","Mon Mar 10 09:07:28 GMT 2025","broken","Mon Mar 10 09:07:28 GMT 2025","","test_nodes_availability","",""
"","193","test_rpc_node_is_synced[Test for Phala, url: wss://rpc.helikon.io/phala]","tests","Mon Mar 10 09:08:11 GMT 2025","passed","Mon Mar 10 09:08:11 GMT 2025","","test_substrate_node_is_synced","",""
"","0","test_can_create_connection[Test for QUARTZ, url: wss://eu-ws-quartz.unique.network]","tests","Mon Mar 10 09:07:03 GMT 2025","passed","Mon Mar 10 09:07:03 GMT 2025","","test_nodes_availability","",""
"","69","test_rpc_method_is_available[Test for Astar, url: wss://astar-rpc.dwellir.com]","tests","Mon Mar 10 09:06:50 GMT 2025","passed","Mon Mar 10 09:06:50 GMT 2025","","test_rpc_methods_availability","",""
"","1","test_chainId[Test for Kusama]","tests","Mon Mar 10 09:05:46 GMT 2025","passed","Mon Mar 10 09:05:46 GMT 2025","TestChainId","test_network_parameters","",""
"","0","test_address_prefix[Test for Picasso]","tests","Mon Mar 10 09:06:27 GMT 2025","passed","Mon Mar 10 09:06:27 GMT 2025","TestNetworkPrefix","test_network_parameters","",""
"","0","test_can_create_connection[Test for Picasso, url: wss://picasso-rpc.composable.finance]","tests","Mon Mar 10 09:06:51 GMT 2025","passed","Mon Mar 10 09:06:51 GMT 2025","","test_nodes_availability","",""
"","77","test_rpc_method_is_available[Test for Heima, url: wss://litentry-rpc.dwellir.com]","tests","Mon Mar 10 09:07:40 GMT 2025","passed","Mon Mar 10 09:07:40 GMT 2025","","test_rpc_methods_availability","",""
"","65","test_rpc_node_is_synced[Test for Hyperbridge Nexus, url: wss://nexus.dotters.network]","tests","Mon Mar 10 09:10:11 GMT 2025","passed","Mon Mar 10 09:10:11 GMT 2025","","test_substrate_node_is_synced","",""
"","5","test_has_new_assets[Test for Parallel]","tests","Mon Mar 10 09:06:06 GMT 2025","passed","Mon Mar 10 09:06:06 GMT 2025","TestAssets","test_check_new_assets","",""
"","173","test_rpc_node_is_synced[Test for Polkadot, url: wss://polkadot-rpc.dwellir.com]","tests","Mon Mar 10 09:06:08 GMT 2025","passed","Mon Mar 10 09:06:08 GMT 2025","","test_substrate_node_is_synced","",""
"","0","test_precision[Test for Kintsugi]","tests","Mon Mar 10 09:06:05 GMT 2025","passed","Mon Mar 10 09:06:05 GMT 2025","TestPrecision","test_network_parameters","",""
"","1","test_can_create_connection[Test for Polkadot, url: wss://dot-rpc.stakeworld.io]","tests","Mon Mar 10 09:06:14 GMT 2025","passed","Mon Mar 10 09:06:14 GMT 2025","","test_nodes_availability","",""
"","0","test_can_create_connection[Test for Polkadot, url: wss://polkadot-rpc.dwellir.com]","tests","Mon Mar 10 09:06:11 GMT 2025","passed","Mon Mar 10 09:06:11 GMT 2025","","test_nodes_availability","",""
"","0","test_can_create_connection[Test for XX network, url: wss://rpc-do.xx.network]","tests","Mon Mar 10 09:08:38 GMT 2025","passed","Mon Mar 10 09:08:38 GMT 2025","","test_nodes_availability","",""
"","0","test_precision[Test for Energy Web X]","tests","Mon Mar 10 09:06:42 GMT 2025","passed","Mon Mar 10 09:06:42 GMT 2025","TestPrecision","test_network_parameters","",""
"","98","test_rpc_method_is_available[Test for Frequency, url: wss://0.rpc.frequency.xyz]","tests","Mon Mar 10 09:09:02 GMT 2025","passed","Mon Mar 10 09:09:02 GMT 2025","","test_rpc_methods_availability","",""
"","170","test_rpc_node_is_synced[Test for Turing, url: wss://turing-rpc.dwellir.com]","tests","Mon Mar 10 09:08:36 GMT 2025","passed","Mon Mar 10 09:08:36 GMT 2025","","test_substrate_node_is_synced","",""
"","0","test_can_create_connection[Test for Acala, url: wss://acala.polkawallet.io]","tests","Mon Mar 10 09:06:47 GMT 2025","passed","Mon Mar 10 09:06:47 GMT 2025","","test_nodes_availability","",""
"","0","test_address_prefix[Test for CC Enterprise]","tests","Mon Mar 10 09:07:21 GMT 2025","passed","Mon Mar 10 09:07:21 GMT 2025","TestNetworkPrefix","test_network_parameters","",""
"","0","test_address_prefix[Test for Polkadot People]","tests","Mon Mar 10 09:06:09 GMT 2025","passed","Mon Mar 10 09:06:09 GMT 2025","TestNetworkPrefix","test_network_parameters","",""
"","162","test_rpc_node_is_synced[Test for Robonomics, url: wss://kusama.rpc.robonomics.network/]","tests","Mon Mar 10 09:08:17 GMT 2025","passed","Mon Mar 10 09:08:17 GMT 2025","","test_substrate_node_is_synced","",""
"","133","test_rpc_node_is_synced[Test for Xode, url: wss://rpc-kr.xode.net]","tests","Mon Mar 10 09:10:35 GMT 2025","passed","Mon Mar 10 09:10:35 GMT 2025","","test_substrate_node_is_synced","",""
"","120","test_rpc_method_is_available[Test for Moonriver, url: wss://moonriver.public.curie.radiumblock.co/ws]","tests","Mon Mar 10 09:05:59 GMT 2025","passed","Mon Mar 10 09:06:00 GMT 2025","","test_rpc_methods_availability","",""
"","293","test_rpc_node_is_synced[Test for Acala, url: wss://acala-rpc-3.aca-api.network/ws]","tests","Mon Mar 10 09:08:05 GMT 2025","passed","Mon Mar 10 09:08:05 GMT 2025","","test_substrate_node_is_synced","",""
"","391","test_rpc_node_is_synced[Test for Acala, url: wss://acala-rpc-2.aca-api.network/ws]","tests","Mon Mar 10 09:08:01 GMT 2025","passed","Mon Mar 10 09:08:01 GMT 2025","","test_substrate_node_is_synced","",""
"","190","test_rpc_method_is_available[Test for Continuum, url: wss://continuum-rpc-1.metaverse.network/wss]","tests","Mon Mar 10 09:08:59 GMT 2025","passed","Mon Mar 10 09:08:59 GMT 2025","","test_rpc_methods_availability","",""
"","0","test_chainId[Test for Subsocial]","tests","Mon Mar 10 09:06:20 GMT 2025","passed","Mon Mar 10 09:06:20 GMT 2025","TestChainId","test_network_parameters","",""
"","69","test_rpc_node_is_synced[Test for QUARTZ, url: wss://us-ws-quartz.unique.network]","tests","Mon Mar 10 09:07:21 GMT 2025","passed","Mon Mar 10 09:07:22 GMT 2025","","test_substrate_node_is_synced","",""
"","0","test_can_create_connection[Test for Hydration, url: wss://hydradx-rpc.dwellir.com]","tests","Mon Mar 10 09:07:06 GMT 2025","passed","Mon Mar 10 09:07:06 GMT 2025","","test_nodes_availability","",""
"","77","test_rpc_method_is_available[Test for Mangata X, url: wss://kusama-rpc.mangata.online]","tests","Mon Mar 10 09:07:59 GMT 2025","passed","Mon Mar 10 09:07:59 GMT 2025","","test_rpc_methods_availability","",""
"","201","test_rpc_node_is_synced[Test for Shiden, url: wss://rpc.shiden.astar.network]","tests","Mon Mar 10 09:06:18 GMT 2025","passed","Mon Mar 10 09:06:18 GMT 2025","","test_substrate_node_is_synced","",""
"","0","test_address_prefix[Test for Amplitude]","tests","Mon Mar 10 09:06:26 GMT 2025","passed","Mon Mar 10 09:06:26 GMT 2025","TestNetworkPrefix","test_network_parameters","",""
"","116","test_rpc_method_is_available[Test for Polkadot, url: wss://rpc-polkadot-2.novasama-tech.org]","tests","Mon Mar 10 09:05:43 GMT 2025","passed","Mon Mar 10 09:05:43 GMT 2025","","test_rpc_methods_availability","",""
"","0","test_can_create_connection[Test for Kusama, url: wss://rpc-kusama.luckyfriday.io]","tests","Mon Mar 10 09:06:02 GMT 2025","passed","Mon Mar 10 09:06:02 GMT 2025","","test_nodes_availability","",""
"","0","test_precision[Test for Interlay]","tests","Mon Mar 10 09:06:25 GMT 2025","passed","Mon Mar 10 09:06:25 GMT 2025","TestPrecision","test_network_parameters","",""
"","68","test_rpc_node_is_synced[Test for Moonriver, url: wss://wss.api.moonriver.moonbeam.network]","tests","Mon Mar 10 09:05:59 GMT 2025","passed","Mon Mar 10 09:05:59 GMT 2025","","test_substrate_node_is_synced","",""
"","160","test_rpc_node_is_synced[Test for Subsocial, url: wss://para.f3joule.space]","tests","Mon Mar 10 09:08:12 GMT 2025","passed","Mon Mar 10 09:08:12 GMT 2025","","test_substrate_node_is_synced","",""
"","0","test_chainId[Test for Centrifuge Parachain]","tests","Mon Mar 10 09:06:10 GMT 2025","passed","Mon Mar 10 09:06:10 GMT 2025","TestChainId","test_network_parameters","",""
"","0","test_precision[Test for Centrifuge Parachain]","tests","Mon Mar 10 09:06:14 GMT 2025","passed","Mon Mar 10 09:06:14 GMT 2025","TestPrecision","test_network_parameters","",""
"","0","test_can_create_connection[Test for Mangata X, url: wss://kusama-rpc.mangata.online]","tests","Mon Mar 10 09:08:29 GMT 2025","passed","Mon Mar 10 09:08:29 GMT 2025","","test_nodes_availability","",""
"","170","test_rpc_node_is_synced[Test for Hydration, url: wss://hydradx-rpc.dwellir.com]","tests","Mon Mar 10 09:07:33 GMT 2025","passed","Mon Mar 10 09:07:33 GMT 2025","","test_substrate_node_is_synced","",""
"","71","test_rpc_method_is_available[Test for Basilisk, url: wss://rpc.basilisk.cloud]","tests","Mon Mar 10 09:06:14 GMT 2025","passed","Mon Mar 10 09:06:14 GMT 2025","","test_rpc_methods_availability","",""
"","0","test_chainId[Test for Curio]","tests","Mon Mar 10 09:06:56 GMT 2025","passed","Mon Mar 10 09:06:56 GMT 2025","TestChainId","test_network_parameters","",""
"","0","test_can_create_connection[Test for Acala, url: wss://acala-rpc.dwellir.com]","tests","Mon Mar 10 09:06:52 GMT 2025","passed","Mon Mar 10 09:06:52 GMT 2025","","test_nodes_availability","",""
"","125","test_rpc_method_is_available[Test for Kusama Asset Hub, url: wss://asset-hub-kusama.dotters.network]","tests","Mon Mar 10 09:05:37 GMT 2025","passed","Mon Mar 10 09:05:37 GMT 2025","","test_rpc_methods_availability","",""
"","74","test_rpc_node_is_synced[Test for peaq, url: wss://peaq.api.onfinality.io/public]","tests","Mon Mar 10 09:10:28 GMT 2025","passed","Mon Mar 10 09:10:28 GMT 2025","","test_substrate_node_is_synced","",""
"","145","test_rpc_method_is_available[Test for Avail, url: wss://avail-mainnet.public.blastapi.io/]","tests","Mon Mar 10 09:09:13 GMT 2025","passed","Mon Mar 10 09:09:13 GMT 2025","","test_rpc_methods_availability","",""
"","97","test_rpc_method_is_available[Test for Polkadot People, url: wss://polkadot-people-rpc.polkadot.io]","tests","Mon Mar 10 09:05:43 GMT 2025","passed","Mon Mar 10 09:05:43 GMT 2025","","test_rpc_methods_availability","",""
"","0","test_can_create_connection[Test for Polkadot Bridge Hub, url: wss://sys.ibp.network/bridgehub-polkadot]","tests","Mon Mar 10 09:08:46 GMT 2025","passed","Mon Mar 10 09:08:46 GMT 2025","","test_nodes_availability","",""
"","68","test_rpc_method_is_available[Test for Polkadot Collectives, url: wss://sys.ibp.network/collectives-polkadot]","tests","Mon Mar 10 09:08:39 GMT 2025","passed","Mon Mar 10 09:08:39 GMT 2025","","test_rpc_methods_availability","",""
"","0","test_address_prefix[Test for Bifrost Kusama]","tests","Mon Mar 10 09:05:55 GMT 2025","passed","Mon Mar 10 09:05:55 GMT 2025","TestNetworkPrefix","test_network_parameters","",""
"","163","test_rpc_node_is_synced[Test for Bifrost Kusama, url: wss://bifrost-rpc.liebi.com/ws]","tests","Mon Mar 10 09:06:42 GMT 2025","passed","Mon Mar 10 09:06:42 GMT 2025","","test_substrate_node_is_synced","",""
"","0","test_can_create_connection[Test for KILT, url: wss://kilt.ibp.network]","tests","Mon Mar 10 09:06:45 GMT 2025","passed","Mon Mar 10 09:06:45 GMT 2025","","test_nodes_availability","",""
"","9","test_has_new_assets[Test for Kabocha]","tests","Mon Mar 10 09:06:25 GMT 2025","passed","Mon Mar 10 09:06:25 GMT 2025","TestAssets","test_check_new_assets","",""
"","75","test_rpc_node_is_synced[Test for Zeitgeist, url: wss://zeitgeist.api.onfinality.io/public-ws]","tests","Mon Mar 10 09:07:08 GMT 2025","passed","Mon Mar 10 09:07:08 GMT 2025","","test_substrate_node_is_synced","",""
"","7","test_has_new_assets[Test for Continuum]","tests","Mon Mar 10 09:07:17 GMT 2025","passed","Mon Mar 10 09:07:17 GMT 2025","TestAssets","test_check_new_assets","",""
"","6","test_has_new_assets[Test for GIANT]","tests","Mon Mar 10 09:06:57 GMT 2025","passed","Mon Mar 10 09:06:57 GMT 2025","TestAssets","test_check_new_assets","",""
"","24","test_rpc_node_is_synced[Test for Encointer, url: wss://sys.ibp.network/encointer-kusama]","tests","Mon Mar 10 09:08:19 GMT 2025","passed","Mon Mar 10 09:08:19 GMT 2025","","test_substrate_node_is_synced","",""
"","170","test_rpc_node_is_synced[Test for Astar, url: wss://astar-rpc.dwellir.com]","tests","Mon Mar 10 09:07:08 GMT 2025","passed","Mon Mar 10 09:07:08 GMT 2025","","test_substrate_node_is_synced","",""
"","0","test_chainId[Test for Polkadex]","tests","Mon Mar 10 09:06:09 GMT 2025","passed","Mon Mar 10 09:06:09 GMT 2025","TestChainId","test_network_parameters","",""
"","61","test_rpc_node_is_synced[Test for Pendulum, url: wss://rpc-pendulum.prd.pendulumchain.tech]","tests","Mon Mar 10 09:09:08 GMT 2025","passed","Mon Mar 10 09:09:08 GMT 2025","","test_substrate_node_is_synced","",""
"","150","test_rpc_node_is_synced[Test for Hyperbridge Nexus, url: wss://hyperbridge-nexus-rpc.blockops.network]","tests","Mon Mar 10 09:10:14 GMT 2025","passed","Mon Mar 10 09:10:14 GMT 2025","","test_substrate_node_is_synced","",""
"","1","test_address_prefix[Test for Kusama People]","tests","Mon Mar 10 09:05:52 GMT 2025","passed","Mon Mar 10 09:05:52 GMT 2025","TestNetworkPrefix","test_network_parameters","",""
"","1","test_can_create_connection[Test for Enjin Relay, url: wss://rpc.relay.blockchain.enjin.io]","tests","Mon Mar 10 09:09:42 GMT 2025","passed","Mon Mar 10 09:09:42 GMT 2025","","test_nodes_availability","",""
"","0","test_chainId[Test for Polkadot Bridge Hub]","tests","Mon Mar 10 09:06:40 GMT 2025","passed","Mon Mar 10 09:06:40 GMT 2025","TestChainId","test_network_parameters","",""
"","100","test_rpc_method_is_available[Test for Integritee Parachain, url: wss://kusama.api.integritee.network]","tests","Mon Mar 10 09:08:06 GMT 2025","passed","Mon Mar 10 09:08:06 GMT 2025","","test_rpc_methods_availability","",""
"","67","test_rpc_method_is_available[Test for Interlay, url: wss://interlay-rpc.dwellir.com]","tests","Mon Mar 10 09:07:04 GMT 2025","passed","Mon Mar 10 09:07:04 GMT 2025","","test_rpc_methods_availability","",""
"","1","test_can_create_connection[Test for Kusama Bridge Hub, url: wss://sys.ibp.network/bridgehub-kusama]","tests","Mon Mar 10 09:08:48 GMT 2025","passed","Mon Mar 10 09:08:48 GMT 2025","","test_nodes_availability","",""
"","126","test_rpc_method_is_available[Test for Pendulum, url: wss://rpc-pendulum.prd.pendulumchain.tech]","tests","Mon Mar 10 09:08:11 GMT 2025","passed","Mon Mar 10 09:08:11 GMT 2025","","test_rpc_methods_availability","",""
"","230","test_rpc_node_is_synced[Test for Interlay, url: wss://api.interlay.io/parachain]","tests","Mon Mar 10 09:07:39 GMT 2025","passed","Mon Mar 10 09:07:39 GMT 2025","","test_substrate_node_is_synced","",""
"","0","test_can_create_connection[Test for QUARTZ, url: wss://us-ws-quartz.unique.network]","tests","Mon Mar 10 09:07:07 GMT 2025","passed","Mon Mar 10 09:07:07 GMT 2025","","test_nodes_availability","",""
"","169","test_rpc_node_is_synced[Test for Tangle, url: wss://tangle-mainnet-rpc.dwellir.com]","tests","Mon Mar 10 09:10:41 GMT 2025","passed","Mon Mar 10 09:10:41 GMT 2025","","test_substrate_node_is_synced","",""
"","65","test_rpc_node_is_synced[Test for Kusama, url: wss://rpc-kusama.luckyfriday.io]","tests","Mon Mar 10 09:05:59 GMT 2025","passed","Mon Mar 10 09:05:59 GMT 2025","","test_substrate_node_is_synced","",""
"","212","test_rpc_method_is_available[Test for Moonbeam, url: wss://moonbeam.ibp.network]","tests","Mon Mar 10 09:05:37 GMT 2025","passed","Mon Mar 10 09:05:37 GMT 2025","","test_rpc_methods_availability","",""
"","169","test_rpc_node_is_synced[Test for CLV Parachain, url: wss://rpc-para.clover.finance]","tests","Mon Mar 10 09:07:50 GMT 2025","passed","Mon Mar 10 09:07:51 GMT 2025","","test_substrate_node_is_synced","",""
"","68","test_rpc_method_is_available[Test for InvArch, url: wss://invarch-rpc.dwellir.com]","tests","Mon Mar 10 09:08:46 GMT 2025","passed","Mon Mar 10 09:08:46 GMT 2025","","test_rpc_methods_availability","",""
"","117","test_rpc_method_is_available[Test for Polkadot Bridge Hub, url: wss://sys.ibp.network/bridgehub-polkadot]","tests","Mon Mar 10 09:08:34 GMT 2025","passed","Mon Mar 10 09:08:34 GMT 2025","","test_rpc_methods_availability","",""
"","69","test_rpc_method_is_available[Test for Encointer, url: wss://encointer-kusama.dotters.network]","tests","Mon Mar 10 09:07:46 GMT 2025","passed","Mon Mar 10 09:07:46 GMT 2025","","test_rpc_methods_availability","",""
"","1","test_address_prefix[Test for Centrifuge Parachain]","tests","Mon Mar 10 09:06:25 GMT 2025","passed","Mon Mar 10 09:06:25 GMT 2025","TestNetworkPrefix","test_network_parameters","",""
"","0","test_precision[Test for Polkadot Bridge Hub]","tests","Mon Mar 10 09:06:36 GMT 2025","passed","Mon Mar 10 09:06:36 GMT 2025","TestPrecision","test_network_parameters","",""
"","1","test_can_create_connection[Test for Shiden, url: wss://shiden.api.onfinality.io/public-ws]","tests","Mon Mar 10 09:06:33 GMT 2025","passed","Mon Mar 10 09:06:33 GMT 2025","","test_nodes_availability","",""
"","93","test_rpc_method_is_available[Test for Ajuna, url: wss://ajuna.ibp.network]","tests","Mon Mar 10 09:08:32 GMT 2025","passed","Mon Mar 10 09:08:32 GMT 2025","","test_rpc_methods_availability","",""
"","117","test_rpc_method_is_available[Test for Polkadot, url: wss://polkadot.dotters.network]","tests","Mon Mar 10 09:05:50 GMT 2025","passed","Mon Mar 10 09:05:50 GMT 2025","","test_rpc_methods_availability","",""
"","200","test_rpc_method_is_available[Test for Polkadot, url: wss://rpc-polkadot-1.novasama-tech.org]","tests","Mon Mar 10 09:05:39 GMT 2025","passed","Mon Mar 10 09:05:39 GMT 2025","","test_rpc_methods_availability","",""
"","116","test_rpc_method_is_available[Test for Hashed Network, url: wss://c1.hashed.network]","tests","Mon Mar 10 09:08:21 GMT 2025","passed","Mon Mar 10 09:08:21 GMT 2025","","test_rpc_methods_availability","",""
"","0","test_can_create_connection[Test for Polkadot, url: wss://apps-rpc.polkadot.io]","tests","Mon Mar 10 09:06:06 GMT 2025","passed","Mon Mar 10 09:06:06 GMT 2025","","test_nodes_availability","",""
"","86","test_rpc_method_is_available[Test for Mangata X, url: wss://kusama-archive.mangata.online]","tests","Mon Mar 10 09:08:03 GMT 2025","passed","Mon Mar 10 09:08:03 GMT 2025","","test_rpc_methods_availability","",""
"","75","test_rpc_node_is_synced[Test for Centrifuge Parachain, url: wss://centrifuge-parachain.api.onfinality.io/public-ws]","tests","Mon Mar 10 09:09:00 GMT 2025","passed","Mon Mar 10 09:09:00 GMT 2025","","test_substrate_node_is_synced","",""
"","1","test_can_create_connection[Test for Kusama Asset Hub, url: wss://statemine-rpc.dwellir.com]","tests","Mon Mar 10 09:05:56 GMT 2025","passed","Mon Mar 10 09:05:56 GMT 2025","","test_nodes_availability","",""
"","0","test_can_create_connection[Test for Shiden, url: wss://shiden.public.curie.radiumblock.co/ws]","tests","Mon Mar 10 09:06:29 GMT 2025","passed","Mon Mar 10 09:06:29 GMT 2025","","test_nodes_availability","",""
"","0","test_precision[Test for Polkadot Asset Hub]","tests","Mon Mar 10 09:05:56 GMT 2025","passed","Mon Mar 10 09:05:56 GMT 2025","TestPrecision","test_network_parameters","",""
"","0","test_precision[Test for Parallel]","tests","Mon Mar 10 09:05:54 GMT 2025","passed","Mon Mar 10 09:05:54 GMT 2025","TestPrecision","test_network_parameters","",""
"","0","test_chainId[Test for Bajun]","tests","Mon Mar 10 09:06:09 GMT 2025","passed","Mon Mar 10 09:06:09 GMT 2025","TestChainId","test_network_parameters","",""
"","174","test_rpc_node_is_synced[Test for QUARTZ, url: wss://eu-ws-quartz.unique.network]","tests","Mon Mar 10 09:07:17 GMT 2025","passed","Mon Mar 10 09:07:17 GMT 2025","","test_substrate_node_is_synced","",""
"","0","test_can_create_connection[Test for Encointer, url: wss://sys.ibp.network/encointer-kusama]","tests","Mon Mar 10 09:08:02 GMT 2025","passed","Mon Mar 10 09:08:02 GMT 2025","","test_nodes_availability","",""
"","69","test_rpc_node_is_synced[Test for Hyperbridge Nexus, url: wss://nexus.ibp.network]","tests","Mon Mar 10 09:10:08 GMT 2025","passed","Mon Mar 10 09:10:08 GMT 2025","","test_substrate_node_is_synced","",""
"","1","test_chainId[Test for Astar]","tests","Mon Mar 10 09:05:50 GMT 2025","passed","Mon Mar 10 09:05:50 GMT 2025","TestChainId","test_network_parameters","",""
"","149","test_rpc_node_is_synced[Test for Mangata X, url: wss://kusama-rpc.mangata.online]","tests","Mon Mar 10 09:09:01 GMT 2025","passed","Mon Mar 10 09:09:01 GMT 2025","","test_substrate_node_is_synced","",""
"","0","test_can_create_connection[Test for Bifrost Kusama, url: wss://bifrost-rpc.dwellir.com]","tests","Mon Mar 10 09:06:28 GMT 2025","passed","Mon Mar 10 09:06:28 GMT 2025","","test_nodes_availability","",""
"","1","test_chainId[Test for Phala]","tests","Mon Mar 10 09:06:30 GMT 2025","passed","Mon Mar 10 09:06:30 GMT 2025","TestChainId","test_network_parameters","",""
"","0","test_chainId[Test for Bifrost Kusama]","tests","Mon Mar 10 09:05:44 GMT 2025","passed","Mon Mar 10 09:05:44 GMT 2025","TestChainId","test_network_parameters","",""
"","288","test_rpc_node_is_synced[Test for Astar, url: wss://rpc.astar.network]","tests","Mon Mar 10 09:07:03 GMT 2025","passed","Mon Mar 10 09:07:03 GMT 2025","","test_substrate_node_is_synced","",""
"","0","test_chainId[Test for Polkadot]","tests","Mon Mar 10 09:05:42 GMT 2025","passed","Mon Mar 10 09:05:42 GMT 2025","TestChainId","test_network_parameters","",""
"","0","test_can_create_connection[Test for Integritee Parachain, url: wss://kusama.api.integritee.network]","tests","Mon Mar 10 09:08:20 GMT 2025","passed","Mon Mar 10 09:08:20 GMT 2025","","test_nodes_availability","",""
"","69","test_rpc_node_is_synced[Test for GIANT, url: wss://rpc-anchor-1-mainnet-az-ue1.giantprotocol.org:443]","tests","Mon Mar 10 09:09:14 GMT 2025","passed","Mon Mar 10 09:09:14 GMT 2025","","test_substrate_node_is_synced","",""
"","9","test_has_new_assets[Test for Altair]","tests","Mon Mar 10 09:06:05 GMT 2025","passed","Mon Mar 10 09:06:05 GMT 2025","TestAssets","test_check_new_assets","",""
"","0","test_can_create_connection[Test for Kreivo, url: wss://kreivo.kippu.rocks/]","tests","Mon Mar 10 09:09:32 GMT 2025","passed","Mon Mar 10 09:09:32 GMT 2025","","test_nodes_availability","",""
"","0","test_can_create_connection[Test for Polkadot, url: wss://polkadot.dotters.network]","tests","Mon Mar 10 09:06:02 GMT 2025","passed","Mon Mar 10 09:06:02 GMT 2025","","test_nodes_availability","",""
"","0","test_can_create_connection[Test for Polkadot Asset Hub, url: wss://statemint-rpc.dwellir.com]","tests","Mon Mar 10 09:07:49 GMT 2025","passed","Mon Mar 10 09:07:49 GMT 2025","","test_nodes_availability","",""
"","0","test_can_create_connection[Test for Continuum, url: wss://continuum-rpc-1.metaverse.network/wss]","tests","Mon Mar 10 09:09:37 GMT 2025","passed","Mon Mar 10 09:09:37 GMT 2025","","test_nodes_availability","",""
"","0","test_address_prefix[Test for Xode]","tests","Mon Mar 10 09:07:29 GMT 2025","passed","Mon Mar 10 09:07:29 GMT 2025","TestNetworkPrefix","test_network_parameters","",""
"","0","test_can_create_connection[Test for Phala, url: wss://api.phala.network/ws]","tests","Mon Mar 10 09:07:41 GMT 2025","passed","Mon Mar 10 09:07:41 GMT 2025","","test_nodes_availability","",""
"","4","test_has_new_assets[Test for Cere]","tests","Mon Mar 10 09:07:26 GMT 2025","passed","Mon Mar 10 09:07:26 GMT 2025","TestAssets","test_check_new_assets","",""
"","74","test_rpc_node_is_synced[Test for UNIQUE, url: wss://us-ws.unique.network/]","tests","Mon Mar 10 09:08:45 GMT 2025","passed","Mon Mar 10 09:08:45 GMT 2025","","test_substrate_node_is_synced","",""
"","0","test_can_create_connection[Test for Bifrost Kusama, url: wss://bifrost-rpc.liebi.com/ws]","tests","Mon Mar 10 09:06:39 GMT 2025","passed","Mon Mar 10 09:06:39 GMT 2025","","test_nodes_availability","",""
"","116","test_rpc_method_is_available[Test for Xode, url: wss://rpcnodea01.xode.net/n7yoxCmcIrCF6VziCcDmYTwL8R03a/rpc]","tests","Mon Mar 10 09:09:27 GMT 2025","passed","Mon Mar 10 09:09:27 GMT 2025","","test_rpc_methods_availability","",""
"","0","test_chainId[Test for DAO IPCI]","tests","Mon Mar 10 09:06:26 GMT 2025","passed","Mon Mar 10 09:06:26 GMT 2025","TestChainId","test_network_parameters","",""
"","0","test_precision[Test for Vara]","tests","Mon Mar 10 09:06:32 GMT 2025","passed","Mon Mar 10 09:06:32 GMT 2025","TestPrecision","test_network_parameters","",""
"","0","test_chainId[Test for Karura]","tests","Mon Mar 10 09:05:44 GMT 2025","passed","Mon Mar 10 09:05:44 GMT 2025","TestChainId","test_network_parameters","",""
"","0","test_can_create_connection[Test for Subsocial, url: wss://para.f3joule.space]","tests","Mon Mar 10 09:08:02 GMT 2025","passed","Mon Mar 10 09:08:02 GMT 2025","","test_nodes_availability","",""
"","337","test_rpc_node_work_fast[Test for Ethereum, url: https://rpc.ankr.com/eth]","tests","Mon Mar 10 09:05:39 GMT 2025","passed","Mon Mar 10 09:05:39 GMT 2025","TestETHNodesAvailability","test_eth_nodes_availability","",""
"","0","test_address_prefix[Test for Acurast Canary]","tests","Mon Mar 10 09:07:13 GMT 2025","passed","Mon Mar 10 09:07:13 GMT 2025","TestNetworkPrefix","test_network_parameters","",""
"","0","test_can_create_connection[Test for Kusama Asset Hub, url: wss://sys.ibp.network/statemine]","tests","Mon Mar 10 09:06:45 GMT 2025","passed","Mon Mar 10 09:06:45 GMT 2025","","test_nodes_availability","",""
"","98","test_rpc_method_is_available[Test for UNIQUE, url: wss://us-ws.unique.network/]","tests","Mon Mar 10 09:07:45 GMT 2025","passed","Mon Mar 10 09:07:45 GMT 2025","","test_rpc_methods_availability","",""
"","75","test_rpc_method_is_available[Test for Bit.Country Pioneer, url: wss://pioneer-rpc-2.bit.country/wss]","tests","Mon Mar 10 09:07:02 GMT 2025","passed","Mon Mar 10 09:07:02 GMT 2025","","test_rpc_methods_availability","",""
"","139","test_rpc_method_is_available[Test for Ajuna, url: wss://ajuna.public.curie.radiumblock.co/ws]","tests","Mon Mar 10 09:08:33 GMT 2025","passed","Mon Mar 10 09:08:33 GMT 2025","","test_rpc_methods_availability","",""
"","74","test_rpc_node_is_synced[Test for Enjin Matrix, url: wss://rpc.matrix.blockchain.enjin.io]","tests","Mon Mar 10 09:09:39 GMT 2025","passed","Mon Mar 10 09:09:39 GMT 2025","","test_substrate_node_is_synced","",""
"","1","test_can_create_connection[Test for Amplitude, url: wss://rpc-amplitude.pendulumchain.tech]","tests","Mon Mar 10 09:08:14 GMT 2025","passed","Mon Mar 10 09:08:14 GMT 2025","","test_nodes_availability","",""
"","94","test_rpc_method_is_available[Test for Hyperbridge Nexus, url: wss://nexus.ibp.network]","tests","Mon Mar 10 09:09:11 GMT 2025","passed","Mon Mar 10 09:09:11 GMT 2025","","test_rpc_methods_availability","",""
"","0","test_chainId[Test for XX network]","tests","Mon Mar 10 09:06:30 GMT 2025","passed","Mon Mar 10 09:06:30 GMT 2025","TestChainId","test_network_parameters","",""
"","106","test_rpc_method_is_available[Test for Bifrost Kusama, url: wss://bifrost-rpc.dwellir.com]","tests","Mon Mar 10 09:06:09 GMT 2025","passed","Mon Mar 10 09:06:09 GMT 2025","","test_rpc_methods_availability","",""
"","0","test_chainId[Test for peaq]","tests","Mon Mar 10 09:07:10 GMT 2025","passed","Mon Mar 10 09:07:10 GMT 2025","TestChainId","test_network_parameters","",""
"","0","test_chainId[Test for Polkadot Collectives]","tests","Mon Mar 10 09:06:42 GMT 2025","passed","Mon Mar 10 09:06:42 GMT 2025","TestChainId","test_network_parameters","",""
"","0","test_chainId[Test for Laos]","tests","Mon Mar 10 09:07:14 GMT 2025","passed","Mon Mar 10 09:07:14 GMT 2025","TestChainId","test_network_parameters","",""
"","0","test_can_create_connection[Test for Polkadot People, url: wss://people-polkadot.public.curie.radiumblock.co/ws]","tests","Mon Mar 10 09:06:07 GMT 2025","passed","Mon Mar 10 09:06:07 GMT 2025","","test_nodes_availability","",""
"","1","test_can_create_connection[Test for JAMTON, url: wss://rpc.jamton.network]","tests","Mon Mar 10 09:09:55 GMT 2025","passed","Mon Mar 10 09:09:55 GMT 2025","","test_nodes_availability","",""
"","0","test_chainId[Test for Energy Web X]","tests","Mon Mar 10 09:06:46 GMT 2025","passed","Mon Mar 10 09:06:46 GMT 2025","TestChainId","test_network_parameters","",""
"","1","test_address_prefix[Test for Aventus]","tests","Mon Mar 10 09:06:45 GMT 2025","passed","Mon Mar 10 09:06:45 GMT 2025","TestNetworkPrefix","test_network_parameters","",""
"","7","test_has_new_assets[Test for Picasso]","tests","Mon Mar 10 09:06:25 GMT 2025","passed","Mon Mar 10 09:06:25 GMT 2025","TestAssets","test_check_new_assets","",""
"","69","test_rpc_method_is_available[Test for KILT, url: wss://spiritnet.kilt.io/]","tests","Mon Mar 10 09:06:36 GMT 2025","passed","Mon Mar 10 09:06:36 GMT 2025","","test_rpc_methods_availability","",""
"","91","test_rpc_method_is_available[Test for Hydration, url: wss://hydradx-rpc.dwellir.com]","tests","Mon Mar 10 09:06:55 GMT 2025","passed","Mon Mar 10 09:06:55 GMT 2025","","test_rpc_methods_availability","",""
"","0","test_chainId[Test for Acala]","tests","Mon Mar 10 09:05:45 GMT 2025","passed","Mon Mar 10 09:05:45 GMT 2025","TestChainId","test_network_parameters","",""
"","0","test_can_create_connection[Test for Bittensor, url: wss://entrypoint-finney.opentensor.ai:443]","tests","Mon Mar 10 09:08:54 GMT 2025","passed","Mon Mar 10 09:08:54 GMT 2025","","test_nodes_availability","",""
"","1","test_can_create_connection[Test for Dock, url: wss://mainnet-node.dock.io]","tests","Mon Mar 10 09:09:33 GMT 2025","passed","Mon Mar 10 09:09:33 GMT 2025","","test_nodes_availability","",""
"","0","test_address_prefix[Test for 3DPass]","tests","Mon Mar 10 09:06:48 GMT 2025","passed","Mon Mar 10 09:06:48 GMT 2025","TestNetworkPrefix","test_network_parameters","",""
"","119","test_rpc_method_is_available[Test for Basilisk, url: wss://basilisk-rpc.dwellir.com]","tests","Mon Mar 10 09:06:18 GMT 2025","passed","Mon Mar 10 09:06:18 GMT 2025","","test_rpc_methods_availability","",""
"","0","test_address_prefix[Test for NeuroWeb]","tests","Mon Mar 10 09:06:25 GMT 2025","passed","Mon Mar 10 09:06:25 GMT 2025","TestNetworkPrefix","test_network_parameters","",""
"","0","test_can_create_connection[Test for Polkadot Collectives, url: wss://dot-rpc.stakeworld.io/collectives]","tests","Mon Mar 10 09:08:58 GMT 2025","passed","Mon Mar 10 09:08:58 GMT 2025","","test_nodes_availability","",""
"","24","test_rpc_node_is_synced[Test for Polkadot People, url: wss://sys.ibp.network/people-polkadot]","tests","Mon Mar 10 09:05:54 GMT 2025","passed","Mon Mar 10 09:05:54 GMT 2025","","test_substrate_node_is_synced","",""
"","0","test_address_prefix[Test for Kreivo]","tests","Mon Mar 10 09:07:17 GMT 2025","passed","Mon Mar 10 09:07:17 GMT 2025","TestNetworkPrefix","test_network_parameters","",""
"","1","test_can_create_connection[Test for Kusama People, url: wss://kusama-people-rpc.polkadot.io]","tests","Mon Mar 10 09:06:09 GMT 2025","passed","Mon Mar 10 09:06:09 GMT 2025","","test_nodes_availability","",""
"","68","test_rpc_method_is_available[Test for Bifrost Polkadot, url: wss://bifrost-polkadot.dotters.network]","tests","Mon Mar 10 09:08:26 GMT 2025","passed","Mon Mar 10 09:08:26 GMT 2025","","test_rpc_methods_availability","",""
"","0","test_chainId[Test for Manta Atlantic]","tests","Mon Mar 10 09:06:55 GMT 2025","passed","Mon Mar 10 09:06:55 GMT 2025","TestChainId","test_network_parameters","",""
"","106","test_rpc_method_is_available[Test for Altair, url: wss://altair.api.onfinality.io/public-ws]","tests","Mon Mar 10 09:06:23 GMT 2025","passed","Mon Mar 10 09:06:23 GMT 2025","","test_rpc_methods_availability","",""
"","70","test_rpc_method_is_available[Test for QUARTZ, url: wss://asia-ws-quartz.unique.network]","tests","Mon Mar 10 09:06:50 GMT 2025","passed","Mon Mar 10 09:06:50 GMT 2025","","test_rpc_methods_availability","",""
"","0","test_can_create_connection[Test for KILT, url: wss://kilt-rpc.dwellir.com]","tests","Mon Mar 10 09:06:52 GMT 2025","passed","Mon Mar 10 09:06:52 GMT 2025","","test_nodes_availability","",""
"","10","test_has_new_assets[Test for Polkadot Bridge Hub]","tests","Mon Mar 10 09:06:59 GMT 2025","passed","Mon Mar 10 09:06:59 GMT 2025","TestAssets","test_check_new_assets","",""
"","1","test_can_create_connection[Test for Westend (TESTNET), url: wss://westend.dotters.network]","tests","Mon Mar 10 09:06:30 GMT 2025","passed","Mon Mar 10 09:06:30 GMT 2025","","test_nodes_availability","",""
"","0","test_can_create_connection[Test for Tangle, url: wss://tangle-mainnet-rpc.dwellir.com]","tests","Mon Mar 10 09:09:57 GMT 2025","passed","Mon Mar 10 09:09:57 GMT 2025","","test_nodes_availability","",""
"","106","test_rpc_method_is_available[Test for Crust Shadow, url: wss://rpc2-shadow.crust.network/]","tests","Mon Mar 10 09:07:56 GMT 2025","passed","Mon Mar 10 09:07:56 GMT 2025","","test_rpc_methods_availability","",""
"","185","test_rpc_node_is_synced[Test for Basilisk, url: wss://rpc.basilisk.cloud]","tests","Mon Mar 10 09:06:35 GMT 2025","passed","Mon Mar 10 09:06:35 GMT 2025","","test_substrate_node_is_synced","",""
"","74","test_rpc_method_is_available[Test for Kusama People, url: wss://kusama-people-rpc.polkadot.io]","tests","Mon Mar 10 09:05:53 GMT 2025","passed","Mon Mar 10 09:05:53 GMT 2025","","test_rpc_methods_availability","",""
"","5","test_has_new_assets[Test for Integritee Parachain]","tests","Mon Mar 10 09:06:15 GMT 2025","passed","Mon Mar 10 09:06:15 GMT 2025","TestAssets","test_check_new_assets","",""
"","5","test_has_new_assets[Test for Aleph Zero]","tests","Mon Mar 10 09:06:19 GMT 2025","passed","Mon Mar 10 09:06:19 GMT 2025","TestAssets","test_check_new_assets","",""
"","0","test_chainId[Test for Kabocha]","tests","Mon Mar 10 09:06:05 GMT 2025","passed","Mon Mar 10 09:06:05 GMT 2025","TestChainId","test_network_parameters","",""
"","0","test_can_create_connection[Test for Basilisk, url: wss://basilisk-rpc.dwellir.com]","tests","Mon Mar 10 09:06:36 GMT 2025","passed","Mon Mar 10 09:06:36 GMT 2025","","test_nodes_availability","",""
"","8","test_has_new_assets[Test for Hyperbridge Nexus]","tests","Mon Mar 10 09:07:24 GMT 2025","passed","Mon Mar 10 09:07:24 GMT 2025","TestAssets","test_check_new_assets","",""
"","101","test_rpc_method_is_available[Test for Hyperbridge Nexus, url: wss://nexus.dotters.network]","tests","Mon Mar 10 09:09:11 GMT 2025","passed","Mon Mar 10 09:09:11 GMT 2025","","test_rpc_methods_availability","",""
"","79","test_rpc_method_is_available[Test for Crab, url: wss://crab-rpc.darwinia.network/]","tests","Mon Mar 10 09:08:55 GMT 2025","passed","Mon Mar 10 09:08:55 GMT 2025","","test_rpc_methods_availability","",""
"","0","test_address_prefix[Test for GIANT]","tests","Mon Mar 10 09:06:52 GMT 2025","passed","Mon Mar 10 09:06:52 GMT 2025","TestNetworkPrefix","test_network_parameters","",""
"","0","test_precision[Test for Tangle]","tests","Mon Mar 10 09:07:14 GMT 2025","passed","Mon Mar 10 09:07:14 GMT 2025","TestPrecision","test_network_parameters","",""
"","0","test_can_create_connection[Test for Astar, url: wss://rpc.astar.network]","tests","Mon Mar 10 09:06:59 GMT 2025","passed","Mon Mar 10 09:06:59 GMT 2025","","test_nodes_availability","",""
"","107","test_rpc_method_is_available[Test for Polimec, url: wss://polimec.ibp.network]","tests","Mon Mar 10 09:08:54 GMT 2025","passed","Mon Mar 10 09:08:54 GMT 2025","","test_rpc_methods_availability","",""
"","9","test_has_new_assets[Test for XX network]","tests","Mon Mar 10 09:06:52 GMT 2025","passed","Mon Mar 10 09:06:52 GMT 2025","TestAssets","test_check_new_assets","",""
"","0","test_chainId[Test for Bifrost Polkadot]","tests","Mon Mar 10 09:06:17 GMT 2025","passed","Mon Mar 10 09:06:17 GMT 2025","TestChainId","test_network_parameters","",""
"","4","test_has_new_assets[Test for Enjin Matrix]","tests","Mon Mar 10 09:07:06 GMT 2025","passed","Mon Mar 10 09:07:06 GMT 2025","TestAssets","test_check_new_assets","",""
"","0","test_can_create_connection[Test for Polkadot, url: wss://rpc-polkadot-2.novasama-tech.org]","tests","Mon Mar 10 09:05:55 GMT 2025","passed","Mon Mar 10 09:05:55 GMT 2025","","test_nodes_availability","",""
"","157","test_rpc_node_is_synced[Test for Tangle, url: wss://rpc.tangle.tools]","tests","Mon Mar 10 09:10:39 GMT 2025","passed","Mon Mar 10 09:10:39 GMT 2025","","test_substrate_node_is_synced","",""
"","0","test_precision[Test for Crust Polkadot Parachain]","tests","Mon Mar 10 09:06:22 GMT 2025","passed","Mon Mar 10 09:06:22 GMT 2025","TestPrecision","test_network_parameters","",""
"","87","test_rpc_method_is_available[Test for Joystream, url: wss://rpc.joystream.org]","tests","Mon Mar 10 09:08:49 GMT 2025","passed","Mon Mar 10 09:08:49 GMT 2025","","test_rpc_methods_availability","",""
"","23","test_rpc_node_is_synced[Test for Kusama Asset Hub, url: wss://asset-hub-kusama.dotters.network]","tests","Mon Mar 10 09:05:43 GMT 2025","passed","Mon Mar 10 09:05:43 GMT 2025","","test_substrate_node_is_synced","",""
"","197","test_rpc_node_is_synced[Test for Polkadot Asset Hub, url: wss://rpc-assethub.novasama-tech.org]","tests","Mon Mar 10 09:07:56 GMT 2025","passed","Mon Mar 10 09:07:56 GMT 2025","","test_substrate_node_is_synced","",""
"","78","test_rpc_method_is_available[Test for Enjin Matrix, url: wss://rpc.matrix.blockchain.enjin.io]","tests","Mon Mar 10 09:08:40 GMT 2025","passed","Mon Mar 10 09:08:40 GMT 2025","","test_rpc_methods_availability","",""
"","0","test_chainId[Test for Polkadot Asset Hub]","tests","Mon Mar 10 09:05:58 GMT 2025","passed","Mon Mar 10 09:05:58 GMT 2025","TestChainId","test_network_parameters","",""
"","0","test_can_create_connection[Test for Aleph Zero, url: wss://ws.azero.dev]","tests","Mon Mar 10 09:08:05 GMT 2025","passed","Mon Mar 10 09:08:05 GMT 2025","","test_nodes_availability","",""
"","27","test_rpc_node_is_synced[Test for Westend (TESTNET), url: wss://westend.dotters.network]","tests","Mon Mar 10 09:06:56 GMT 2025","passed","Mon Mar 10 09:06:56 GMT 2025","","test_substrate_node_is_synced","",""
"","96","test_rpc_method_is_available[Test for XX network, url: wss://xxnetwork-rpc.dwellir.com]","tests","Mon Mar 10 09:08:12 GMT 2025","passed","Mon Mar 10 09:08:12 GMT 2025","","test_rpc_methods_availability","",""
"","0","test_precision[Test for CC Enterprise]","tests","Mon Mar 10 09:07:06 GMT 2025","passed","Mon Mar 10 09:07:06 GMT 2025","TestPrecision","test_network_parameters","",""
"","0","test_precision[Test for Polymesh]","tests","Mon Mar 10 09:06:20 GMT 2025","passed","Mon Mar 10 09:06:20 GMT 2025","TestPrecision","test_network_parameters","",""
"","0","test_address_prefix[Test for Laos]","tests","Mon Mar 10 09:07:34 GMT 2025","passed","Mon Mar 10 09:07:34 GMT 2025","TestNetworkPrefix","test_network_parameters","",""
"","9","test_has_new_assets[Test for Subsocial]","tests","Mon Mar 10 09:06:37 GMT 2025","passed","Mon Mar 10 09:06:37 GMT 2025","TestAssets","test_check_new_assets","",""
"","6","test_has_new_assets[Test for Robonomics]","tests","Mon Mar 10 09:06:13 GMT 2025","passed","Mon Mar 10 09:06:13 GMT 2025","TestAssets","test_check_new_assets","",""
"","7","test_has_new_assets[Test for Enjin Relay]","tests","Mon Mar 10 09:07:20 GMT 2025","passed","Mon Mar 10 09:07:20 GMT 2025","TestAssets","test_check_new_assets","",""
"","79","test_rpc_method_is_available[Test for Astar, url: wss://astar.api.onfinality.io/public-ws]","tests","Mon Mar 10 09:06:58 GMT 2025","passed","Mon Mar 10 09:06:58 GMT 2025","","test_rpc_methods_availability","",""
"","0","test_chainId[Test for Hydration]","tests","Mon Mar 10 09:06:15 GMT 2025","passed","Mon Mar 10 09:06:15 GMT 2025","TestChainId","test_network_parameters","",""
"","0","test_can_create_connection[Test for Kusama, url: wss://kusama-rpc.dwellir.com]","tests","Mon Mar 10 09:05:58 GMT 2025","passed","Mon Mar 10 09:05:58 GMT 2025","","test_nodes_availability","",""
"","175","test_rpc_node_is_synced[Test for Continuum, url: wss://continuum-rpc-1.metaverse.network/wss]","tests","Mon Mar 10 09:09:53 GMT 2025","passed","Mon Mar 10 09:09:53 GMT 2025","","test_substrate_node_is_synced","",""
"","0","test_address_prefix[Test for UNIQUE]","tests","Mon Mar 10 09:06:12 GMT 2025","passed","Mon Mar 10 09:06:12 GMT 2025","TestNetworkPrefix","test_network_parameters","",""
"","181","test_rpc_node_is_synced[Test for Bajun, url: wss://rpc-para.bajun.network]","tests","Mon Mar 10 09:08:30 GMT 2025","passed","Mon Mar 10 09:08:30 GMT 2025","","test_substrate_node_is_synced","",""
"","74","test_rpc_node_is_synced[Test for Astar, url: wss://astar.api.onfinality.io/public-ws]","tests","Mon Mar 10 09:07:29 GMT 2025","passed","Mon Mar 10 09:07:29 GMT 2025","","test_substrate_node_is_synced","",""
"","22","test_rpc_node_is_synced[Test for Kusama Bridge Hub, url: wss://sys.ibp.network/bridgehub-kusama]","tests","Mon Mar 10 09:09:30 GMT 2025","passed","Mon Mar 10 09:09:30 GMT 2025","","test_substrate_node_is_synced","",""
"","137","test_rpc_node_is_synced[Test for Mythos, url: wss://mythos.ibp.network]","tests","Mon Mar 10 09:10:24 GMT 2025","passed","Mon Mar 10 09:10:24 GMT 2025","","test_substrate_node_is_synced","",""
"","0","test_can_create_connection[Test for Polkadot Bridge Hub, url: wss://dot-rpc.stakeworld.io/bridgehub]","tests","Mon Mar 10 09:08:46 GMT 2025","passed","Mon Mar 10 09:08:46 GMT 2025","","test_nodes_availability","",""
"","78","test_rpc_method_is_available[Test for Bittensor, url: wss://entrypoint-finney.opentensor.ai:443]","tests","Mon Mar 10 09:08:25 GMT 2025","passed","Mon Mar 10 09:08:25 GMT 2025","","test_rpc_methods_availability","",""
"","69","test_rpc_method_is_available[Test for Polkadot Asset Hub, url: wss://asset-hub-polkadot.dotters.network]","tests","Mon Mar 10 09:07:28 GMT 2025","passed","Mon Mar 10 09:07:28 GMT 2025","","test_rpc_methods_availability","",""
"","74","test_rpc_node_is_synced[Test for Kusama Bridge Hub, url: wss://ksm-rpc.stakeworld.io/bridgehub]","tests","Mon Mar 10 09:09:35 GMT 2025","passed","Mon Mar 10 09:09:35 GMT 2025","","test_substrate_node_is_synced","",""
"","0","test_can_create_connection[Test for Cere, url: wss://rpc.mainnet.cere.network/ws]","tests","Mon Mar 10 09:09:36 GMT 2025","passed","Mon Mar 10 09:09:36 GMT 2025","","test_nodes_availability","",""
"","13","test_rpc_node_is_synced[Test for Westend (TESTNET), url: wss://westend.public.curie.radiumblock.co/ws]","tests","Mon Mar 10 09:07:02 GMT 2025","passed","Mon Mar 10 09:07:02 GMT 2025","","test_substrate_node_is_synced","",""
"","7","test_has_new_assets[Test for peaq]","tests","Mon Mar 10 09:07:38 GMT 2025","passed","Mon Mar 10 09:07:38 GMT 2025","TestAssets","test_check_new_assets","",""
"","118","test_rpc_method_is_available[Test for Polkadot People, url: wss://people-polkadot.dotters.network]","tests","Mon Mar 10 09:05:46 GMT 2025","passed","Mon Mar 10 09:05:46 GMT 2025","","test_rpc_methods_availability","",""
"","784","test_rpc_node_is_synced[Test for Aleph Zero, url: wss://ws.azero.dev]","tests","Mon Mar 10 09:08:40 GMT 2025","passed","Mon Mar 10 09:08:41 GMT 2025","","test_substrate_node_is_synced","",""
"","0","test_chainId[Test for NeuroWeb]","tests","Mon Mar 10 09:06:13 GMT 2025","passed","Mon Mar 10 09:06:13 GMT 2025","TestChainId","test_network_parameters","",""
"","0","test_chainId[Test for Tangle]","tests","Mon Mar 10 09:07:18 GMT 2025","passed","Mon Mar 10 09:07:18 GMT 2025","TestChainId","test_network_parameters","",""
"","1","test_can_create_connection[Test for Acala, url: wss://acala-polkadot.api.onfinality.io/public-ws]","tests","Mon Mar 10 09:07:29 GMT 2025","passed","Mon Mar 10 09:07:29 GMT 2025","","test_nodes_availability","",""
"","0","test_chainId[Test for Robonomics]","tests","Mon Mar 10 09:06:01 GMT 2025","passed","Mon Mar 10 09:06:01 GMT 2025","TestChainId","test_network_parameters","",""
"","1","test_can_create_connection[Test for Polkadot, url: wss://1rpc.io/dot]","tests","Mon Mar 10 09:06:22 GMT 2025","passed","Mon Mar 10 09:06:22 GMT 2025","","test_nodes_availability","",""
"","0","test_precision[Test for Acala]","tests","Mon Mar 10 09:05:46 GMT 2025","passed","Mon Mar 10 09:05:46 GMT 2025","TestPrecision","test_network_parameters","",""
"","0","test_precision[Test for Pendulum]","tests","Mon Mar 10 09:06:19 GMT 2025","passed","Mon Mar 10 09:06:19 GMT 2025","TestPrecision","test_network_parameters","",""
"","23","test_rpc_node_is_synced[Test for Kusama People, url: wss://people-kusama.dotters.network]","tests","Mon Mar 10 09:06:07 GMT 2025","passed","Mon Mar 10 09:06:07 GMT 2025","","test_substrate_node_is_synced","",""
"","0","test_chainId[Test for UNIQUE]","tests","Mon Mar 10 09:05:59 GMT 2025","passed","Mon Mar 10 09:05:59 GMT 2025","TestChainId","test_network_parameters","",""
"","0","test_can_create_connection[Test for Curio, url: wss://archive.parachain.curioinvest.com]","tests","Mon Mar 10 09:09:20 GMT 2025","passed","Mon Mar 10 09:09:20 GMT 2025","","test_nodes_availability","",""
"","0","test_can_create_connection[Test for Mythos, url: wss://mythos.dotters.network]","tests","Mon Mar 10 09:09:25 GMT 2025","passed","Mon Mar 10 09:09:25 GMT 2025","","test_nodes_availability","",""
"","0","test_can_create_connection[Test for Kusama, url: wss://kusama.dotters.network]","tests","Mon Mar 10 09:05:49 GMT 2025","passed","Mon Mar 10 09:05:49 GMT 2025","","test_nodes_availability","",""
"","0","test_can_create_connection[Test for Interlay, url: wss://interlay-rpc.dwellir.com]","tests","Mon Mar 10 09:07:15 GMT 2025","passed","Mon Mar 10 09:07:15 GMT 2025","","test_nodes_availability","",""
"","121","test_rpc_method_is_available[Test for Centrifuge Parachain, url: wss://centrifuge-parachain.api.onfinality.io/public-ws]","tests","Mon Mar 10 09:08:18 GMT 2025","passed","Mon Mar 10 09:08:18 GMT 2025","","test_rpc_methods_availability","",""
"","1067","test_rpc_node_is_synced[Test for Ethereum, url: https://1rpc.io/eth]","tests","Mon Mar 10 09:05:39 GMT 2025","passed","Mon Mar 10 09:05:40 GMT 2025","TestETHNodesAvailability","test_eth_nodes_availability","",""
"","73","test_rpc_method_is_available[Test for Polimec, url: wss://polimec.dotters.network]","tests","Mon Mar 10 09:08:56 GMT 2025","passed","Mon Mar 10 09:08:56 GMT 2025","","test_rpc_methods_availability","",""
"","0","test_chainId[Test for Acurast Canary]","tests","Mon Mar 10 09:07:03 GMT 2025","passed","Mon Mar 10 09:07:03 GMT 2025","TestChainId","test_network_parameters","",""
"","90","test_rpc_method_is_available[Test for Polkadot Collectives, url: wss://collectives-polkadot.dotters.network]","tests","Mon Mar 10 09:08:35 GMT 2025","passed","Mon Mar 10 09:08:35 GMT 2025","","test_rpc_methods_availability","",""
"","7","test_has_new_assets[Test for Creditcoin]","tests","Mon Mar 10 09:07:29 GMT 2025","passed","Mon Mar 10 09:07:29 GMT 2025","TestAssets","test_check_new_assets","",""
"","0","test_address_prefix[Test for Energy Web X]","tests","Mon Mar 10 09:06:59 GMT 2025","passed","Mon Mar 10 09:06:59 GMT 2025","TestNetworkPrefix","test_network_parameters","",""
"","76","test_rpc_method_is_available[Test for Ajuna, url: wss://rpc-para.ajuna.network]","tests","Mon Mar 10 09:08:28 GMT 2025","passed","Mon Mar 10 09:08:28 GMT 2025","","test_rpc_methods_availability","",""
"","0","test_can_create_connection[Test for Phala, url: wss://rpc.helikon.io/phala]","tests","Mon Mar 10 09:07:34 GMT 2025","passed","Mon Mar 10 09:07:34 GMT 2025","","test_nodes_availability","",""
"","0","test_address_prefix[Test for Bit.Country Pioneer]","tests","Mon Mar 10 09:05:54 GMT 2025","passed","Mon Mar 10 09:05:54 GMT 2025","TestNetworkPrefix","test_network_parameters","",""
"","0","test_can_create_connection[Test for Tangle, url: wss://rpc.tangle.tools]","tests","Mon Mar 10 09:09:56 GMT 2025","passed","Mon Mar 10 09:09:56 GMT 2025","","test_nodes_availability","",""
"","62","test_rpc_node_is_synced[Test for Enjin Relay, url: wss://rpc.relay.blockchain.enjin.io]","tests","Mon Mar 10 09:09:58 GMT 2025","passed","Mon Mar 10 09:09:58 GMT 2025","","test_substrate_node_is_synced","",""
"","162","test_rpc_node_is_synced[Test for Polkadot, url: wss://apps-rpc.polkadot.io]","tests","Mon Mar 10 09:06:02 GMT 2025","passed","Mon Mar 10 09:06:02 GMT 2025","","test_substrate_node_is_synced","",""
"","0","test_chainId[Test for Interlay]","tests","Mon Mar 10 09:06:21 GMT 2025","passed","Mon Mar 10 09:06:21 GMT 2025","TestChainId","test_network_parameters","",""
"","174","test_rpc_node_is_synced[Test for Centrifuge Parachain, url: wss://centrifuge-rpc.dwellir.com]","tests","Mon Mar 10 09:08:48 GMT 2025","passed","Mon Mar 10 09:08:48 GMT 2025","","test_substrate_node_is_synced","",""
"","111","test_rpc_method_is_available[Test for Kintsugi, url: wss://api-kusama.interlay.io/parachain]","tests","Mon Mar 10 09:06:35 GMT 2025","passed","Mon Mar 10 09:06:35 GMT 2025","","test_rpc_methods_availability","",""
"","134","test_rpc_method_is_available[Test for Kreivo, url: wss://kreivo.kippu.rocks/]","tests","Mon Mar 10 09:09:10 GMT 2025","passed","Mon Mar 10 09:09:10 GMT 2025","","test_rpc_methods_availability","",""
"","0","test_chainId[Test for CLV Parachain]","tests","Mon Mar 10 09:05:59 GMT 2025","passed","Mon Mar 10 09:05:59 GMT 2025","TestChainId","test_network_parameters","",""
"","73","test_rpc_method_is_available[Test for Westend (TESTNET), url: wss://rpc.ibp.network/westend]","tests","Mon Mar 10 09:06:15 GMT 2025","passed","Mon Mar 10 09:06:15 GMT 2025","","test_rpc_methods_availability","",""
"","167","test_rpc_node_is_synced[Test for Crust Shadow, url: wss://rpc2-shadow.crust.network/]","tests","Mon Mar 10 09:08:20 GMT 2025","passed","Mon Mar 10 09:08:20 GMT 2025","","test_substrate_node_is_synced","",""
"","23","test_rpc_node_is_synced[Test for Kusama, url: wss://rpc.ibp.network/kusama]","tests","Mon Mar 10 09:06:45 GMT 2025","passed","Mon Mar 10 09:06:45 GMT 2025","","test_substrate_node_is_synced","",""
"","0","test_chainId[Test for JAMTON]","tests","Mon Mar 10 09:07:14 GMT 2025","passed","Mon Mar 10 09:07:14 GMT 2025","TestChainId","test_network_parameters","",""
"","69","test_rpc_node_is_synced[Test for Moonbeam, url: wss://moonbeam.ibp.network]","tests","Mon Mar 10 09:05:44 GMT 2025","passed","Mon Mar 10 09:05:44 GMT 2025","","test_substrate_node_is_synced","",""
"","5","test_has_new_assets[Test for Phala]","tests","Mon Mar 10 09:06:48 GMT 2025","passed","Mon Mar 10 09:06:48 GMT 2025","TestAssets","test_check_new_assets","",""
"","59","test_rpc_node_is_synced[Test for Amplitude, url: wss://rpc-amplitude.pendulumchain.tech]","tests","Mon Mar 10 09:08:33 GMT 2025","passed","Mon Mar 10 09:08:33 GMT 2025","","test_substrate_node_is_synced","",""
"","8","test_has_new_assets[Test for Darwinia]","tests","Mon Mar 10 09:07:02 GMT 2025","passed","Mon Mar 10 09:07:02 GMT 2025","TestAssets","test_check_new_assets","",""
"","0","test_address_prefix[Test for Hydration]","tests","Mon Mar 10 09:06:31 GMT 2025","passed","Mon Mar 10 09:06:31 GMT 2025","TestNetworkPrefix","test_network_parameters","",""
"","0","test_can_create_connection[Test for Picasso, url: wss://rpc.composablenodes.tech]","tests","Mon Mar 10 09:06:55 GMT 2025","passed","Mon Mar 10 09:06:55 GMT 2025","","test_nodes_availability","",""
"","0","test_chainId[Test for Hyperbridge Nexus]","tests","Mon Mar 10 09:06:58 GMT 2025","passed","Mon Mar 10 09:06:58 GMT 2025","TestChainId","test_network_parameters","",""
"","65","test_rpc_node_is_synced[Test for KILT, url: wss://kilt.dotters.network]","tests","Mon Mar 10 09:06:59 GMT 2025","passed","Mon Mar 10 09:06:59 GMT 2025","","test_substrate_node_is_synced","",""
"","3","test_has_new_assets[Test for Bifrost Polkadot]","tests","Mon Mar 10 09:06:32 GMT 2025","passed","Mon Mar 10 09:06:32 GMT 2025","TestAssets","test_check_new_assets","",""
"","0","test_chainId[Test for Crab]","tests","Mon Mar 10 09:06:46 GMT 2025","passed","Mon Mar 10 09:06:46 GMT 2025","TestChainId","test_network_parameters","",""
"","201","test_rpc_node_is_synced[Test for Polkadot, url: wss://rpc-polkadot-1.novasama-tech.org]","tests","Mon Mar 10 09:05:45 GMT 2025","passed","Mon Mar 10 09:05:46 GMT 2025","","test_substrate_node_is_synced","",""
"","207","test_rpc_node_is_synced[Test for JAMTON, url: wss://rpc.jamton.network]","tests","Mon Mar 10 09:10:37 GMT 2025","passed","Mon Mar 10 09:10:37 GMT 2025","","test_substrate_node_is_synced","",""
"","0","test_precision[Test for Manta Atlantic]","tests","Mon Mar 10 09:06:51 GMT 2025","passed","Mon Mar 10 09:06:51 GMT 2025","TestPrecision","test_network_parameters","",""
"","0","test_address_prefix[Test for Avail]","tests","Mon Mar 10 09:07:17 GMT 2025","passed","Mon Mar 10 09:07:17 GMT 2025","TestNetworkPrefix","test_network_parameters","",""
"","115","test_rpc_method_is_available[Test for Polkadot, url: wss://rpc-polkadot.luckyfriday.io]","tests","Mon Mar 10 09:06:13 GMT 2025","passed","Mon Mar 10 09:06:13 GMT 2025","","test_rpc_methods_availability","",""
"","0","test_address_prefix[Test for peaq]","tests","Mon Mar 10 09:07:25 GMT 2025","passed","Mon Mar 10 09:07:25 GMT 2025","TestNetworkPrefix","test_network_parameters","",""
"","118","test_rpc_method_is_available[Test for Turing, url: wss://turing-rpc.dwellir.com]","tests","Mon Mar 10 09:07:55 GMT 2025","passed","Mon Mar 10 09:07:55 GMT 2025","","test_rpc_methods_availability","",""
"","76","test_rpc_node_is_synced[Test for Polkadot People, url: wss://rpc-people-polkadot.luckyfriday.io]","tests","Mon Mar 10 09:05:58 GMT 2025","passed","Mon Mar 10 09:05:58 GMT 2025","","test_substrate_node_is_synced","",""
"","169","test_rpc_node_is_synced[Test for Polkadex, url: wss://polkadex-mainnet-rpc.dwellir.com]","tests","Mon Mar 10 09:08:52 GMT 2025","passed","Mon Mar 10 09:08:52 GMT 2025","","test_substrate_node_is_synced","",""
"","0","test_chainId[Test for Parallel]","tests","Mon Mar 10 09:05:54 GMT 2025","passed","Mon Mar 10 09:05:54 GMT 2025","TestChainId","test_network_parameters","",""
"","41","test_rpc_node_is_synced[Test for Polymesh, url: wss://mainnet-rpc.polymesh.network]","tests","Mon Mar 10 09:08:42 GMT 2025","passed","Mon Mar 10 09:08:42 GMT 2025","","test_substrate_node_is_synced","",""
"","0","test_rpc_method_is_available[Test for Turing, url: wss://rpc.turing.oak.tech]","tests","Mon Mar 10 09:07:50 GMT 2025","broken","Mon Mar 10 09:07:50 GMT 2025","","test_rpc_methods_availability","",""
"","66","test_rpc_method_is_available[Test for Hydration, url: wss://hydration.dotters.network]","tests","Mon Mar 10 09:06:49 GMT 2025","passed","Mon Mar 10 09:06:49 GMT 2025","","test_rpc_methods_availability","",""
"","399","test_rpc_node_is_synced[Test for Darwinia, url: wss://rpc.darwinia.network]","tests","Mon Mar 10 09:09:33 GMT 2025","passed","Mon Mar 10 09:09:33 GMT 2025","","test_substrate_node_is_synced","",""
"","78","test_rpc_node_is_synced[Test for Altair, url: wss://altair.api.onfinality.io/public-ws]","tests","Mon Mar 10 09:06:51 GMT 2025","passed","Mon Mar 10 09:06:51 GMT 2025","","test_substrate_node_is_synced","",""
"","0","test_can_create_connection[Test for Enjin Relay, url: wss://enjin-relay-rpc.dwellir.com]","tests","Mon Mar 10 09:09:47 GMT 2025","passed","Mon Mar 10 09:09:47 GMT 2025","","test_nodes_availability","",""
"","157","test_rpc_node_is_synced[Test for Ternoa, url: wss://mainnet.ternoa.network]","tests","Mon Mar 10 09:08:38 GMT 2025","passed","Mon Mar 10 09:08:38 GMT 2025","","test_substrate_node_is_synced","",""
"","112","test_rpc_method_is_available[Test for Phala, url: wss://phala.api.onfinality.io/public-ws]","tests","Mon Mar 10 09:07:24 GMT 2025","passed","Mon Mar 10 09:07:25 GMT 2025","","test_rpc_methods_availability","",""
"","202","test_rpc_node_is_synced[Test for Polkadot Collectives, url: wss://dot-rpc.stakeworld.io/collectives]","tests","Mon Mar 10 09:09:35 GMT 2025","passed","Mon Mar 10 09:09:35 GMT 2025","","test_substrate_node_is_synced","",""
"","5","test_has_new_assets[Test for Humanode]","tests","Mon Mar 10 09:07:30 GMT 2025","passed","Mon Mar 10 09:07:30 GMT 2025","TestAssets","test_check_new_assets","",""
"","0","test_chainId[Test for GIANT]","tests","Mon Mar 10 09:06:36 GMT 2025","passed","Mon Mar 10 09:06:36 GMT 2025","TestChainId","test_network_parameters","",""
"","276","test_rpc_node_is_synced[Test for DeepBrain, url: wss://info.dbcwallet.io]","tests","Mon Mar 10 09:10:32 GMT 2025","passed","Mon Mar 10 09:10:32 GMT 2025","","test_substrate_node_is_synced","",""
"","108","test_rpc_method_is_available[Test for Acala, url: wss://acala-rpc-3.aca-api.network/ws]","tests","Mon Mar 10 09:07:24 GMT 2025","passed","Mon Mar 10 09:07:24 GMT 2025","","test_rpc_methods_availability","",""
"","0","test_can_create_connection[Test for Kusama People, url: wss://sys.ibp.network/people-kusama]","tests","Mon Mar 10 09:06:11 GMT 2025","passed","Mon Mar 10 09:06:11 GMT 2025","","test_nodes_availability","",""
"","0","test_address_prefix[Test for Subsocial]","tests","Mon Mar 10 09:06:35 GMT 2025","passed","Mon Mar 10 09:06:35 GMT 2025","TestNetworkPrefix","test_network_parameters","",""
"","0","test_can_create_connection[Test for Kusama, url: wss://rpc.ibp.network/kusama]","tests","Mon Mar 10 09:06:38 GMT 2025","passed","Mon Mar 10 09:06:38 GMT 2025","","test_nodes_availability","",""
"","132","test_rpc_node_is_synced[Test for Parallel, url: wss://parallel.gatotech.network]","tests","Mon Mar 10 09:07:34 GMT 2025","passed","Mon Mar 10 09:07:34 GMT 2025","","test_substrate_node_is_synced","",""
"","85","test_rpc_method_is_available[Test for XX network, url: wss://rpc-do.xx.network]","tests","Mon Mar 10 09:08:09 GMT 2025","passed","Mon Mar 10 09:08:09 GMT 2025","","test_rpc_methods_availability","",""
"","0","test_rpc_method_is_available[Test for Parallel, url: wss://polkadot-parallel-rpc.parallel.fi]","tests","Mon Mar 10 09:07:13 GMT 2025","broken","Mon Mar 10 09:07:13 GMT 2025","","test_rpc_methods_availability","",""
"","138","test_rpc_method_is_available[Test for DAO IPCI, url: wss://ipci.rpc.robonomics.network]","tests","Mon Mar 10 09:08:06 GMT 2025","passed","Mon Mar 10 09:08:06 GMT 2025","","test_rpc_methods_availability","",""
"","5","test_has_new_assets[Test for Tangle]","tests","Mon Mar 10 09:07:42 GMT 2025","passed","Mon Mar 10 09:07:42 GMT 2025","TestAssets","test_check_new_assets","",""
"","200","test_rpc_node_is_synced[Test for Kusama People, url: wss://ksm-rpc.stakeworld.io/people]","tests","Mon Mar 10 09:06:11 GMT 2025","passed","Mon Mar 10 09:06:11 GMT 2025","","test_substrate_node_is_synced","",""
"","0","test_can_create_connection[Test for Bifrost Polkadot, url: wss://bifrost-polkadot.ibp.network]","tests","Mon Mar 10 09:08:31 GMT 2025","passed","Mon Mar 10 09:08:31 GMT 2025","","test_nodes_availability","",""
"","0","test_precision[Test for Zeitgeist]","tests","Mon Mar 10 09:06:11 GMT 2025","passed","Mon Mar 10 09:06:11 GMT 2025","TestPrecision","test_network_parameters","",""
"","1","test_chainId[Test for Enjin Matrix]","tests","Mon Mar 10 09:06:47 GMT 2025","passed","Mon Mar 10 09:06:47 GMT 2025","TestChainId","test_network_parameters","",""
"","69","test_rpc_method_is_available[Test for Moonriver, url: wss://wss.api.moonriver.moonbeam.network]","tests","Mon Mar 10 09:05:51 GMT 2025","passed","Mon Mar 10 09:05:51 GMT 2025","","test_rpc_methods_availability","",""
"","0","test_precision[Test for Kusama People]","tests","Mon Mar 10 09:05:41 GMT 2025","passed","Mon Mar 10 09:05:41 GMT 2025","TestPrecision","test_network_parameters","",""
"","70","test_rpc_method_is_available[Test for Kusama, url: wss://apps-kusama-rpc.polkadot.io]","tests","Mon Mar 10 09:05:42 GMT 2025","passed","Mon Mar 10 09:05:42 GMT 2025","","test_rpc_methods_availability","",""
"","73","test_rpc_method_is_available[Test for Heima, url: wss://rpc.litentry-parachain.litentry.io]","tests","Mon Mar 10 09:07:36 GMT 2025","passed","Mon Mar 10 09:07:36 GMT 2025","","test_rpc_methods_availability","",""
"","112","test_rpc_method_is_available[Test for Enjin Relay, url: wss://rpc.relay.blockchain.enjin.io]","tests","Mon Mar 10 09:09:05 GMT 2025","passed","Mon Mar 10 09:09:05 GMT 2025","","test_rpc_methods_availability","",""
"","138","test_rpc_method_is_available[Test for Tangle, url: wss://rpc.tangle.tools]","tests","Mon Mar 10 09:09:30 GMT 2025","passed","Mon Mar 10 09:09:30 GMT 2025","","test_rpc_methods_availability","",""
"","0","test_can_create_connection[Test for Ajuna, url: wss://ajuna.public.curie.radiumblock.co/ws]","tests","Mon Mar 10 09:08:49 GMT 2025","passed","Mon Mar 10 09:08:49 GMT 2025","","test_nodes_availability","",""
"","0","test_chainId[Test for 3DPass]","tests","Mon Mar 10 09:06:39 GMT 2025","passed","Mon Mar 10 09:06:39 GMT 2025","TestChainId","test_network_parameters","",""
"","0","test_chainId[Test for Westend (TESTNET)]","tests","Mon Mar 10 09:05:51 GMT 2025","passed","Mon Mar 10 09:05:51 GMT 2025","TestChainId","test_network_parameters","",""
"","0","test_chainId[Test for QUARTZ]","tests","Mon Mar 10 09:05:56 GMT 2025","passed","Mon Mar 10 09:05:56 GMT 2025","TestChainId","test_network_parameters","",""
"","105","test_rpc_method_is_available[Test for Phala, url: wss://phala.public.curie.radiumblock.co/ws]","tests","Mon Mar 10 09:07:39 GMT 2025","passed","Mon Mar 10 09:07:39 GMT 2025","","test_rpc_methods_availability","",""
"","0","test_chainId[Test for Kintsugi]","tests","Mon Mar 10 09:06:07 GMT 2025","passed","Mon Mar 10 09:06:07 GMT 2025","TestChainId","test_network_parameters","",""
"","110","test_rpc_method_is_available[Test for Integritee Parachain, url: wss://integritee-kusama.api.onfinality.io/public-ws]","tests","Mon Mar 10 09:08:10 GMT 2025","passed","Mon Mar 10 09:08:10 GMT 2025","","test_rpc_methods_availability","",""
"","0","test_can_create_connection[Test for Acala, url: wss://acala-rpc-2.aca-api.network/ws]","tests","Mon Mar 10 09:07:44 GMT 2025","passed","Mon Mar 10 09:07:44 GMT 2025","","test_nodes_availability","",""
"","177","test_rpc_node_is_synced[Test for XX network, url: wss://xxnetwork-rpc.dwellir.com]","tests","Mon Mar 10 09:08:50 GMT 2025","passed","Mon Mar 10 09:08:51 GMT 2025","","test_substrate_node_is_synced","",""
"","0","test_can_create_connection[Test for Heima, url: wss://rpc.litentry-parachain.litentry.io]","tests","Mon Mar 10 09:08:00 GMT 2025","passed","Mon Mar 10 09:08:00 GMT 2025","","test_nodes_availability","",""
"","1","test_can_create_connection[Test for CLV Parachain, url: wss://rpc-para.clover.finance]","tests","Mon Mar 10 09:07:35 GMT 2025","passed","Mon Mar 10 09:07:35 GMT 2025","","test_nodes_availability","",""
"","170","test_rpc_node_is_synced[Test for Basilisk, url: wss://basilisk-rpc.dwellir.com]","tests","Mon Mar 10 09:06:40 GMT 2025","passed","Mon Mar 10 09:06:40 GMT 2025","","test_substrate_node_is_synced","",""
"","0","test_address_prefix[Test for Kusama Asset Hub]","tests","Mon Mar 10 09:06:06 GMT 2025","passed","Mon Mar 10 09:06:06 GMT 2025","TestNetworkPrefix","test_network_parameters","",""
"","1","test_address_prefix[Test for DAO IPCI]","tests","Mon Mar 10 09:06:39 GMT 2025","passed","Mon Mar 10 09:06:39 GMT 2025","TestNetworkPrefix","test_network_parameters","",""
"","0","test_can_create_connection[Test for Karura, url: wss://karura.api.onfinality.io/public-ws]","tests","Mon Mar 10 09:06:20 GMT 2025","passed","Mon Mar 10 09:06:20 GMT 2025","","test_nodes_availability","",""
"","0","test_can_create_connection[Test for Polkadex, url: wss://polkadex-mainnet-rpc.dwellir.com]","tests","Mon Mar 10 09:08:15 GMT 2025","passed","Mon Mar 10 09:08:15 GMT 2025","","test_nodes_availability","",""
"","111","test_rpc_method_is_available[Test for Crust Polkadot Parachain, url: wss://crust-parachain.crustapps.net]","tests","Mon Mar 10 09:08:15 GMT 2025","passed","Mon Mar 10 09:08:15 GMT 2025","","test_rpc_methods_availability","",""
"","0","test_can_create_connection[Test for QUARTZ, url: wss://asia-ws-quartz.unique.network]","tests","Mon Mar 10 09:07:10 GMT 2025","passed","Mon Mar 10 09:07:10 GMT 2025","","test_nodes_availability","",""
"","73","test_has_new_assets[Test for Karura]","tests","Mon Mar 10 09:05:53 GMT 2025","passed","Mon Mar 10 09:05:53 GMT 2025","TestAssets","test_check_new_assets","",""
"","0","test_can_create_connection[Test for Zeitgeist, url: wss://zeitgeist.api.onfinality.io/public-ws]","tests","Mon Mar 10 09:06:59 GMT 2025","passed","Mon Mar 10 09:06:59 GMT 2025","","test_nodes_availability","",""
"","13","test_rpc_node_is_synced[Test for Polkadot People, url: wss://people-polkadot.public.curie.radiumblock.co/ws]","tests","Mon Mar 10 09:06:00 GMT 2025","passed","Mon Mar 10 09:06:00 GMT 2025","","test_substrate_node_is_synced","",""
"","104","test_rpc_method_is_available[Test for Bifrost Polkadot, url: wss://bifrost-polkadot.ibp.network]","tests","Mon Mar 10 09:08:21 GMT 2025","passed","Mon Mar 10 09:08:22 GMT 2025","","test_rpc_methods_availability","",""
"","24","test_rpc_node_is_synced[Test for Polkadot Collectives, url: wss://sys.ibp.network/collectives-polkadot]","tests","Mon Mar 10 09:09:38 GMT 2025","passed","Mon Mar 10 09:09:38 GMT 2025","","test_substrate_node_is_synced","",""
"","0","test_can_create_connection[Test for peaq, url: wss://peaq-rpc.publicnode.com]","tests","Mon Mar 10 09:09:45 GMT 2025","passed","Mon Mar 10 09:09:45 GMT 2025","","test_nodes_availability","",""
"","0","test_address_prefix[Test for DeepBrain]","tests","Mon Mar 10 09:07:29 GMT 2025","passed","Mon Mar 10 09:07:29 GMT 2025","TestNetworkPrefix","test_network_parameters","",""
"","0","test_can_create_connection[Test for Laos, url: wss://rpc.laos.laosfoundation.io]","tests","Mon Mar 10 09:09:54 GMT 2025","passed","Mon Mar 10 09:09:54 GMT 2025","","test_nodes_availability","",""
"","0","test_can_create_connection[Test for Creditcoin, url: wss://mainnet3.creditcoin.network]","tests","Mon Mar 10 09:09:43 GMT 2025","passed","Mon Mar 10 09:09:43 GMT 2025","","test_nodes_availability","",""
"","90","test_rpc_method_is_available[Test for Polkadot Asset Hub, url: wss://rpc-assethub.novasama-tech.org]","tests","Mon Mar 10 09:07:23 GMT 2025","passed","Mon Mar 10 09:07:23 GMT 2025","","test_rpc_methods_availability","",""
"","162","test_rpc_node_is_synced[Test for NeuroWeb, url: wss://parachain-rpc.origin-trail.network]","tests","Mon Mar 10 09:09:06 GMT 2025","passed","Mon Mar 10 09:09:06 GMT 2025","","test_substrate_node_is_synced","",""
"","0","test_precision[Test for Continuum]","tests","Mon Mar 10 09:06:52 GMT 2025","passed","Mon Mar 10 09:06:52 GMT 2025","TestPrecision","test_network_parameters","",""
"","155","test_rpc_node_is_synced[Test for Laos, url: wss://rpc.laos.laosfoundation.io]","tests","Mon Mar 10 09:10:31 GMT 2025","passed","Mon Mar 10 09:10:31 GMT 2025","","test_substrate_node_is_synced","",""
"","0","test_can_create_connection[Test for Hydration, url: wss://rpc.hydradx.cloud]","tests","Mon Mar 10 09:06:54 GMT 2025","passed","Mon Mar 10 09:06:54 GMT 2025","","test_nodes_availability","",""
"","80559","test_subquery_is_synced","tests","Mon Mar 10 09:05:37 GMT 2025","passed","Mon Mar 10 09:06:57 GMT 2025","","test_subquery_is_synced","",""
"","163","test_rpc_node_is_synced[Test for Energy Web X, url: wss://public-rpc.mainnet.energywebx.com/]","tests","Mon Mar 10 09:09:42 GMT 2025","passed","Mon Mar 10 09:09:42 GMT 2025","","test_substrate_node_is_synced","",""
"","0","test_address_prefix[Test for Zeitgeist]","tests","Mon Mar 10 09:06:32 GMT 2025","passed","Mon Mar 10 09:06:32 GMT 2025","TestNetworkPrefix","test_network_parameters","",""
"","0","test_can_create_connection[Test for Vara, url: wss://rpc.vara-network.io]","tests","Mon Mar 10 09:08:41 GMT 2025","passed","Mon Mar 10 09:08:41 GMT 2025","","test_nodes_availability","",""
"","64","test_rpc_node_is_synced[Test for Frequency, url: wss://0.rpc.frequency.xyz]","tests","Mon Mar 10 09:09:49 GMT 2025","passed","Mon Mar 10 09:09:49 GMT 2025","","test_substrate_node_is_synced","",""
"","23","test_rpc_node_is_synced[Test for Crust Polkadot Parachain, url: wss://crust-parachain.crustapps.net]","tests","Mon Mar 10 09:09:12 GMT 2025","passed","Mon Mar 10 09:09:12 GMT 2025","","test_substrate_node_is_synced","",""
"","0","test_chainId[Test for Humanode]","tests","Mon Mar 10 09:07:07 GMT 2025","passed","Mon Mar 10 09:07:07 GMT 2025","TestChainId","test_network_parameters","",""
"","0","test_can_create_connection[Test for Manta Atlantic, url: wss://ws.manta.systems]","tests","Mon Mar 10 09:09:21 GMT 2025","passed","Mon Mar 10 09:09:21 GMT 2025","","test_nodes_availability","",""
"","121","test_rpc_method_is_available[Test for krest, url: wss://krest.api.onfinality.io/public-ws]","tests","Mon Mar 10 09:08:54 GMT 2025","passed","Mon Mar 10 09:08:54 GMT 2025","","test_rpc_methods_availability","",""
"","0","test_can_create_connection[Test for Westend (TESTNET), url: wss://westend-rpc.dwellir.com]","tests","Mon Mar 10 09:06:24 GMT 2025","passed","Mon Mar 10 09:06:24 GMT 2025","","test_nodes_availability","",""
"","1","test_precision[Test for Amplitude]","tests","Mon Mar 10 09:06:12 GMT 2025","passed","Mon Mar 10 09:06:12 GMT 2025","TestPrecision","test_network_parameters","",""
"","0","test_can_create_connection[Test for Polimec, url: wss://rpc.polimec.org]","tests","Mon Mar 10 09:09:19 GMT 2025","passed","Mon Mar 10 09:09:19 GMT 2025","","test_nodes_availability","",""
"","70","test_rpc_node_is_synced[Test for Ajuna, url: wss://ajuna.dotters.network]","tests","Mon Mar 10 09:09:07 GMT 2025","passed","Mon Mar 10 09:09:07 GMT 2025","","test_substrate_node_is_synced","",""
"","117","test_rpc_method_is_available[Test for Polkadot, url: wss://polkadot-rpc.dwellir.com]","tests","Mon Mar 10 09:05:58 GMT 2025","passed","Mon Mar 10 09:05:58 GMT 2025","","test_rpc_methods_availability","",""
"","5","test_has_new_assets[Test for Crust Shadow]","tests","Mon Mar 10 09:06:10 GMT 2025","passed","Mon Mar 10 09:06:10 GMT 2025","TestAssets","test_check_new_assets","",""
"","151","test_rpc_node_is_synced[Test for Kusama, url: wss://apps-kusama-rpc.polkadot.io]","tests","Mon Mar 10 09:05:49 GMT 2025","passed","Mon Mar 10 09:05:49 GMT 2025","","test_substrate_node_is_synced","",""
"","173","test_rpc_node_is_synced[Test for Bit.Country Pioneer, url: wss://pioneer-rpc-1.bit.country/wss]","tests","Mon Mar 10 09:07:31 GMT 2025","passed","Mon Mar 10 09:07:32 GMT 2025","","test_substrate_node_is_synced","",""
"","79","test_rpc_method_is_available[Test for Polkadot People, url: wss://sys.ibp.network/people-polkadot]","tests","Mon Mar 10 09:05:44 GMT 2025","passed","Mon Mar 10 09:05:44 GMT 2025","","test_rpc_methods_availability","",""
"","9","test_has_new_assets[Test for Kusama Bridge Hub]","tests","Mon Mar 10 09:06:54 GMT 2025","passed","Mon Mar 10 09:06:54 GMT 2025","TestAssets","test_check_new_assets","",""
"","69","test_rpc_method_is_available[Test for Shiden, url: wss://rpc.shiden.astar.network]","tests","Mon Mar 10 09:06:07 GMT 2025","passed","Mon Mar 10 09:06:07 GMT 2025","","test_rpc_methods_availability","",""
"","0","test_precision[Test for Polkadot Collectives]","tests","Mon Mar 10 09:06:35 GMT 2025","passed","Mon Mar 10 09:06:35 GMT 2025","TestPrecision","test_network_parameters","",""
"","0","test_can_create_connection[Test for CC Enterprise, url: wss://mainnet.creditcoin.network/ws]","tests","Mon Mar 10 09:09:38 GMT 2025","passed","Mon Mar 10 09:09:38 GMT 2025","","test_nodes_availability","",""
"","98","test_rpc_method_is_available[Test for Moonriver, url: wss://moonriver.public.blastapi.io]","tests","Mon Mar 10 09:05:53 GMT 2025","passed","Mon Mar 10 09:05:53 GMT 2025","","test_rpc_methods_availability","",""
"","198","test_rpc_node_is_synced[Test for Polkadot Asset Hub, url: wss://statemint.api.onfinality.io/public-ws]","tests","Mon Mar 10 09:08:13 GMT 2025","passed","Mon Mar 10 09:08:13 GMT 2025","","test_substrate_node_is_synced","",""
"","0","test_address_prefix[Test for Astar]","tests","Mon Mar 10 09:06:01 GMT 2025","passed","Mon Mar 10 09:06:01 GMT 2025","TestNetworkPrefix","test_network_parameters","",""
"","74","test_rpc_node_is_synced[Test for QUARTZ, url: wss://quartz.unique.network]","tests","Mon Mar 10 09:07:13 GMT 2025","passed","Mon Mar 10 09:07:13 GMT 2025","","test_substrate_node_is_synced","",""
"","0","test_can_create_connection[Test for Hydration, url: wss://rpc-hydra.novasama-tech.org]","tests","Mon Mar 10 09:06:50 GMT 2025","passed","Mon Mar 10 09:06:50 GMT 2025","","test_nodes_availability","",""
"","137","test_rpc_method_is_available[Test for Mythos, url: wss://mythos.dotters.network]","tests","Mon Mar 10 09:09:04 GMT 2025","passed","Mon Mar 10 09:09:04 GMT 2025","","test_rpc_methods_availability","",""
"","0","test_address_prefix[Test for Bajun]","tests","Mon Mar 10 09:06:22 GMT 2025","passed","Mon Mar 10 09:06:22 GMT 2025","TestNetworkPrefix","test_network_parameters","",""
"","0","test_can_create_connection[Test for Polkadex, url: wss://polkadex.api.onfinality.io/public-ws]","tests","Mon Mar 10 09:08:17 GMT 2025","passed","Mon Mar 10 09:08:17 GMT 2025","","test_nodes_availability","",""
"","0","test_chainId[Test for KILT]","tests","Mon Mar 10 09:05:54 GMT 2025","passed","Mon Mar 10 09:05:54 GMT 2025","TestChainId","test_network_parameters","",""
"","1","test_can_create_connection[Test for Ternoa, url: wss://mainnet.ternoa.network]","tests","Mon Mar 10 09:08:19 GMT 2025","passed","Mon Mar 10 09:08:19 GMT 2025","","test_nodes_availability","",""
"","0","test_chainId[Test for Xode]","tests","Mon Mar 10 09:07:15 GMT 2025","passed","Mon Mar 10 09:07:15 GMT 2025","TestChainId","test_network_parameters","",""
"","1","test_address_prefix[Test for Turing]","tests","Mon Mar 10 09:06:13 GMT 2025","passed","Mon Mar 10 09:06:13 GMT 2025","TestNetworkPrefix","test_network_parameters","",""
"","68","test_rpc_method_is_available[Test for Phala, url: wss://phala-rpc.dwellir.com]","tests","Mon Mar 10 09:07:17 GMT 2025","passed","Mon Mar 10 09:07:17 GMT 2025","","test_rpc_methods_availability","",""
"","0","test_can_create_connection[Test for Parallel, url: wss://parallel.gatotech.network]","tests","Mon Mar 10 09:07:17 GMT 2025","passed","Mon Mar 10 09:07:17 GMT 2025","","test_nodes_availability","",""
"","0","test_can_create_connection[Test for DAO IPCI, url: wss://ipci.rpc.robonomics.network]","tests","Mon Mar 10 09:08:26 GMT 2025","passed","Mon Mar 10 09:08:26 GMT 2025","","test_nodes_availability","",""
"","91","test_rpc_method_is_available[Test for Zeitgeist, url: wss://zeitgeist.api.onfinality.io/public-ws]","tests","Mon Mar 10 09:06:46 GMT 2025","passed","Mon Mar 10 09:06:46 GMT 2025","","test_rpc_methods_availability","",""
"","276","test_rpc_node_is_synced[Test for Picasso, url: wss://picasso-rpc.composable.finance]","tests","Mon Mar 10 09:06:59 GMT 2025","passed","Mon Mar 10 09:06:59 GMT 2025","","test_substrate_node_is_synced","",""
"","0","test_precision[Test for DENTNet]","tests","Mon Mar 10 09:07:04 GMT 2025","passed","Mon Mar 10 09:07:04 GMT 2025","TestPrecision","test_network_parameters","",""
"","79","test_rpc_node_is_synced[Test for Moonbeam, url: wss://wss.api.moonbeam.network]","tests","Mon Mar 10 09:06:23 GMT 2025","passed","Mon Mar 10 09:06:23 GMT 2025","","test_substrate_node_is_synced","",""
"","169","test_rpc_node_is_synced[Test for Crab, url: wss://darwiniacrab-rpc.dwellir.com]","tests","Mon Mar 10 09:09:45 GMT 2025","passed","Mon Mar 10 09:09:45 GMT 2025","","test_substrate_node_is_synced","",""
"","422","test_rpc_node_is_synced[Test for Crab, url: wss://crab-rpc.darwinia.network/]","tests","Mon Mar 10 09:09:40 GMT 2025","passed","Mon Mar 10 09:09:41 GMT 2025","","test_substrate_node_is_synced","",""
"","0","test_address_prefix[Test for Polkadot Bridge Hub]","tests","Mon Mar 10 09:06:54 GMT 2025","passed","Mon Mar 10 09:06:54 GMT 2025","TestNetworkPrefix","test_network_parameters","",""
"","0","test_can_create_connection[Test for Energy Web X, url: wss://public-rpc.mainnet.energywebx.com/]","tests","Mon Mar 10 09:09:10 GMT 2025","passed","Mon Mar 10 09:09:10 GMT 2025","","test_nodes_availability","",""
"","172","test_rpc_node_is_synced[Test for Kusama, url: wss://kusama-rpc.dwellir.com]","tests","Mon Mar 10 09:05:55 GMT 2025","passed","Mon Mar 10 09:05:55 GMT 2025","","test_substrate_node_is_synced","",""
"","96","test_rpc_method_is_available[Test for Kusama, url: wss://kusama.api.onfinality.io/public-ws]","tests","Mon Mar 10 09:06:07 GMT 2025","passed","Mon Mar 10 09:06:07 GMT 2025","","test_rpc_methods_availability","",""
"","496","test_rpc_node_is_synced[Test for Acurast Canary, url: wss://acurast-canarynet-ws.prod.gke.papers.tech]","tests","Mon Mar 10 09:10:12 GMT 2025","passed","Mon Mar 10 09:10:12 GMT 2025","","test_substrate_node_is_synced","",""
"","6","test_has_new_assets[Test for Avail]","tests","Mon Mar 10 09:07:24 GMT 2025","passed","Mon Mar 10 09:07:24 GMT 2025","TestAssets","test_check_new_assets","",""
"","169","test_rpc_node_is_synced[Test for Heima, url: wss://rpc.litentry-parachain.litentry.io]","tests","Mon Mar 10 09:08:32 GMT 2025","passed","Mon Mar 10 09:08:32 GMT 2025","","test_substrate_node_is_synced","",""
"","23","test_rpc_node_is_synced[Test for Encointer, url: wss://encointer-kusama.dotters.network]","tests","Mon Mar 10 09:08:22 GMT 2025","passed","Mon Mar 10 09:08:22 GMT 2025","","test_substrate_node_is_synced","",""
"","0","test_precision[Test for GIANT]","tests","Mon Mar 10 09:06:34 GMT 2025","passed","Mon Mar 10 09:06:34 GMT 2025","TestPrecision","test_network_parameters","",""
"","155","test_rpc_node_is_synced[Test for Mythos, url: wss://polkadot-mythos-rpc.polkadot.io]","tests","Mon Mar 10 09:10:18 GMT 2025","passed","Mon Mar 10 09:10:18 GMT 2025","","test_substrate_node_is_synced","",""
"","0","test_can_create_connection[Test for Joystream, url: wss://rpc.joystream.org]","tests","Mon Mar 10 09:09:08 GMT 2025","passed","Mon Mar 10 09:09:08 GMT 2025","","test_nodes_availability","",""
"","137","test_rpc_method_is_available[Test for GIANT, url: wss://rpc-anchor-2-mainnet-az-ue1.giantprotocol.org:443]","tests","Mon Mar 10 09:08:31 GMT 2025","passed","Mon Mar 10 09:08:32 GMT 2025","","test_rpc_methods_availability","",""
"","69","test_rpc_method_is_available[Test for Polkadex, url: wss://polkadex.api.onfinality.io/public-ws]","tests","Mon Mar 10 09:08:08 GMT 2025","passed","Mon Mar 10 09:08:08 GMT 2025","","test_rpc_methods_availability","",""
"","0","test_precision[Test for Karura]","tests","Mon Mar 10 09:05:43 GMT 2025","passed","Mon Mar 10 09:05:43 GMT 2025","TestPrecision","test_network_parameters","",""
"","132","test_rpc_method_is_available[Test for Polkadex, url: wss://polkadex.public.curie.radiumblock.co/ws]","tests","Mon Mar 10 09:08:02 GMT 2025","passed","Mon Mar 10 09:08:02 GMT 2025","","test_rpc_methods_availability","",""
"","0","test_chainId[Test for Turing]","tests","Mon Mar 10 09:06:03 GMT 2025","passed","Mon Mar 10 09:06:03 GMT 2025","TestChainId","test_network_parameters","",""
"","5","test_has_new_assets[Test for Joystream]","tests","Mon Mar 10 09:07:03 GMT 2025","passed","Mon Mar 10 09:07:03 GMT 2025","TestAssets","test_check_new_assets","",""
"","98","test_has_new_assets[Test for Polkadot]","tests","Mon Mar 10 09:05:49 GMT 2025","passed","Mon Mar 10 09:05:49 GMT 2025","TestAssets","test_check_new_assets","",""
"","0","test_address_prefix[Test for CLV Parachain]","tests","Mon Mar 10 09:06:10 GMT 2025","passed","Mon Mar 10 09:06:10 GMT 2025","TestNetworkPrefix","test_network_parameters","",""
"","74","test_rpc_method_is_available[Test for Encointer, url: wss://sys.ibp.network/encointer-kusama]","tests","Mon Mar 10 09:07:44 GMT 2025","passed","Mon Mar 10 09:07:45 GMT 2025","","test_rpc_methods_availability","",""
"","0","test_can_create_connection[Test for Bajun, url: wss://rpc-para.bajun.network]","tests","Mon Mar 10 09:08:11 GMT 2025","passed","Mon Mar 10 09:08:11 GMT 2025","","test_nodes_availability","",""
"","0","test_can_create_connection[Test for Acala, url: wss://acala-rpc-1.aca-api.network]","tests","Mon Mar 10 09:07:38 GMT 2025","passed","Mon Mar 10 09:07:38 GMT 2025","","test_nodes_availability","",""
"","70","test_rpc_method_is_available[Test for Bit.Country Pioneer, url: wss://pioneer-rpc-1.bit.country/wss]","tests","Mon Mar 10 09:06:57 GMT 2025","passed","Mon Mar 10 09:06:57 GMT 2025","","test_rpc_methods_availability","",""
"","1","test_can_create_connection[Test for Acala, url: wss://acala-rpc-3.aca-api.network/ws]","tests","Mon Mar 10 09:07:48 GMT 2025","passed","Mon Mar 10 09:07:48 GMT 2025","","test_nodes_availability","",""
"","4","test_has_new_assets[Test for Polkadex]","tests","Mon Mar 10 09:06:23 GMT 2025","passed","Mon Mar 10 09:06:23 GMT 2025","TestAssets","test_check_new_assets","",""
"","0","test_can_create_connection[Test for Polkadot People, url: wss://people-polkadot.dotters.network]","tests","Mon Mar 10 09:06:03 GMT 2025","passed","Mon Mar 10 09:06:03 GMT 2025","","test_nodes_availability","",""
"","173","test_rpc_node_is_synced[Test for Interlay, url: wss://interlay-rpc.dwellir.com]","tests","Mon Mar 10 09:07:44 GMT 2025","passed","Mon Mar 10 09:07:44 GMT 2025","","test_substrate_node_is_synced","",""
"","89","test_rpc_method_is_available[Test for CC Enterprise, url: wss://mainnet.creditcoin.network/ws]","tests","Mon Mar 10 09:09:17 GMT 2025","passed","Mon Mar 10 09:09:17 GMT 2025","","test_rpc_methods_availability","",""
"","149","test_rpc_node_is_synced[Test for Mangata X, url: wss://kusama-archive.mangata.online]","tests","Mon Mar 10 09:09:06 GMT 2025","passed","Mon Mar 10 09:09:06 GMT 2025","","test_substrate_node_is_synced","",""
"","0","test_chainId[Test for InvArch]","tests","Mon Mar 10 09:06:50 GMT 2025","passed","Mon Mar 10 09:06:50 GMT 2025","TestChainId","test_network_parameters","",""
"","0","test_can_create_connection[Test for Polimec, url: wss://polimec.dotters.network]","tests","Mon Mar 10 09:09:16 GMT 2025","passed","Mon Mar 10 09:09:16 GMT 2025","","test_nodes_availability","",""
"","158","test_rpc_node_is_synced[Test for Kusama, url: wss://kusama.public.curie.radiumblock.co/ws]","tests","Mon Mar 10 09:06:14 GMT 2025","passed","Mon Mar 10 09:06:14 GMT 2025","","test_substrate_node_is_synced","",""
"","0","test_can_create_connection[Test for Interlay, url: wss://rpc-interlay.luckyfriday.io/]","tests","Mon Mar 10 09:07:17 GMT 2025","passed","Mon Mar 10 09:07:17 GMT 2025","","test_nodes_availability","",""
"","74","test_rpc_node_is_synced[Test for Polkadex, url: wss://polkadex.api.onfinality.io/public-ws]","tests","Mon Mar 10 09:09:00 GMT 2025","passed","Mon Mar 10 09:09:00 GMT 2025","","test_substrate_node_is_synced","",""
"","0","test_can_create_connection[Test for GIANT, url: wss://rpc-anchor-2-mainnet-az-ue1.giantprotocol.org:443]","tests","Mon Mar 10 09:08:43 GMT 2025","passed","Mon Mar 10 09:08:43 GMT 2025","","test_nodes_availability","",""
"","70","test_rpc_method_is_available[Test for QUARTZ, url: wss://quartz.unique.network]","tests","Mon Mar 10 09:06:40 GMT 2025","passed","Mon Mar 10 09:06:40 GMT 2025","","test_rpc_methods_availability","",""
"","7","test_has_new_assets[Test for Crab]","tests","Mon Mar 10 09:07:08 GMT 2025","passed","Mon Mar 10 09:07:08 GMT 2025","TestAssets","test_check_new_assets","",""
"","70","test_rpc_method_is_available[Test for Polkadot Asset Hub, url: wss://statemint.api.onfinality.io/public-ws]","tests","Mon Mar 10 09:07:39 GMT 2025","passed","Mon Mar 10 09:07:39 GMT 2025","","test_rpc_methods_availability","",""
"","68","test_rpc_method_is_available[Test for Nodle Parachain, url: wss://nodle-parachain.api.onfinality.io/public-ws]","tests","Mon Mar 10 09:07:10 GMT 2025","passed","Mon Mar 10 09:07:10 GMT 2025","","test_rpc_methods_availability","",""
"","0","test_can_create_connection[Test for Bifrost Polkadot, url: wss://bifrost-polkadot.dotters.network]","tests","Mon Mar 10 09:08:36 GMT 2025","passed","Mon Mar 10 09:08:36 GMT 2025","","test_nodes_availability","",""
"","7","test_has_new_assets[Test for Mythos]","tests","Mon Mar 10 09:07:18 GMT 2025","passed","Mon Mar 10 09:07:18 GMT 2025","TestAssets","test_check_new_assets","",""
"","0","test_chainId[Test for Polkadot People]","tests","Mon Mar 10 09:05:56 GMT 2025","passed","Mon Mar 10 09:05:56 GMT 2025","TestChainId","test_network_parameters","",""
"","116","test_rpc_method_is_available[Test for Polkadot, url: wss://rpc.ibp.network/polkadot]","tests","Mon Mar 10 09:05:46 GMT 2025","passed","Mon Mar 10 09:05:47 GMT 2025","","test_rpc_methods_availability","",""
"","172","test_rpc_node_is_synced[Test for Acala, url: wss://acala-rpc.dwellir.com]","tests","Mon Mar 10 09:06:56 GMT 2025","passed","Mon Mar 10 09:06:56 GMT 2025","","test_substrate_node_is_synced","",""
"","0","test_address_prefix[Test for Hashed Network]","tests","Mon Mar 10 09:06:48 GMT 2025","passed","Mon Mar 10 09:06:48 GMT 2025","TestNetworkPrefix","test_network_parameters","",""
"","0","test_precision[Test for Hyperbridge Nexus]","tests","Mon Mar 10 09:06:58 GMT 2025","passed","Mon Mar 10 09:06:58 GMT 2025","TestPrecision","test_network_parameters","",""
"","276","test_rpc_node_is_synced[Test for Phala, url: wss://api.phala.network/ws]","tests","Mon Mar 10 09:08:13 GMT 2025","passed","Mon Mar 10 09:08:13 GMT 2025","","test_substrate_node_is_synced","",""
"","1","test_can_create_connection[Test for Shiden, url: wss://rpc.shiden.astar.network]","tests","Mon Mar 10 09:06:20 GMT 2025","passed","Mon Mar 10 09:06:20 GMT 2025","","test_nodes_availability","",""
"","172","test_rpc_node_is_synced[Test for Moonriver, url: wss://moonriver-rpc.dwellir.com]","tests","Mon Mar 10 09:06:13 GMT 2025","passed","Mon Mar 10 09:06:14 GMT 2025","","test_substrate_node_is_synced","",""
"","174","test_rpc_node_is_synced[Test for Kintsugi, url: wss://api-kusama.interlay.io/parachain]","tests","Mon Mar 10 09:06:55 GMT 2025","passed","Mon Mar 10 09:06:55 GMT 2025","","test_substrate_node_is_synced","",""
"","66","test_rpc_node_is_synced[Test for Hydration, url: wss://hydration.ibp.network]","tests","Mon Mar 10 09:07:23 GMT 2025","passed","Mon Mar 10 09:07:23 GMT 2025","","test_substrate_node_is_synced","",""
"","156","test_rpc_method_is_available[Test for Crust Shadow, url: wss://rpc-shadow.crust.network/]","tests","Mon Mar 10 09:08:02 GMT 2025","passed","Mon Mar 10 09:08:02 GMT 2025","","test_rpc_methods_availability","",""
"","0","test_address_prefix[Test for Phala]","tests","Mon Mar 10 09:06:45 GMT 2025","passed","Mon Mar 10 09:06:45 GMT 2025","TestNetworkPrefix","test_network_parameters","",""
"","44","test_rpc_node_is_synced[Test for Vara, url: wss://rpc.vara-network.io]","tests","Mon Mar 10 09:09:11 GMT 2025","passed","Mon Mar 10 09:09:11 GMT 2025","","test_substrate_node_is_synced","",""
"","95","test_rpc_method_is_available[Test for Bifrost Kusama, url: wss://bifrost-rpc.liebi.com/ws]","tests","Mon Mar 10 09:06:26 GMT 2025","passed","Mon Mar 10 09:06:26 GMT 2025","","test_rpc_methods_availability","",""
"","0","test_chainId[Test for Hashed Network]","tests","Mon Mar 10 09:06:34 GMT 2025","passed","Mon Mar 10 09:06:34 GMT 2025","TestChainId","test_network_parameters","",""
"","1","test_chainId[Test for Darwinia]","tests","Mon Mar 10 09:06:38 GMT 2025","passed","Mon Mar 10 09:06:38 GMT 2025","TestChainId","test_network_parameters","",""
"","0","test_precision[Test for Kusama]","tests","Mon Mar 10 09:05:48 GMT 2025","passed","Mon Mar 10 09:05:48 GMT 2025","TestPrecision","test_network_parameters","",""
"","0","test_address_prefix[Test for Curio]","tests","Mon Mar 10 09:07:08 GMT 2025","passed","Mon Mar 10 09:07:08 GMT 2025","TestNetworkPrefix","test_network_parameters","",""
"","0","test_address_prefix[Test for Nodle Parachain]","tests","Mon Mar 10 09:06:41 GMT 2025","passed","Mon Mar 10 09:06:41 GMT 2025","TestNetworkPrefix","test_network_parameters","",""
"","5","test_has_new_assets[Test for KILT]","tests","Mon Mar 10 09:06:08 GMT 2025","passed","Mon Mar 10 09:06:08 GMT 2025","TestAssets","test_check_new_assets","",""
"","102","test_rpc_method_is_available[Test for Polkadot Asset Hub, url: wss://statemint-rpc.dwellir.com]","tests","Mon Mar 10 09:07:31 GMT 2025","passed","Mon Mar 10 09:07:31 GMT 2025","","test_rpc_methods_availability","",""
"","0","test_precision[Test for Polkadex]","tests","Mon Mar 10 09:06:06 GMT 2025","passed","Mon Mar 10 09:06:06 GMT 2025","TestPrecision","test_network_parameters","",""
"","67","test_rpc_method_is_available[Test for Interlay, url: wss://api.interlay.io/parachain]","tests","Mon Mar 10 09:06:59 GMT 2025","passed","Mon Mar 10 09:06:59 GMT 2025","","test_rpc_methods_availability","",""
"","147","test_rpc_node_is_synced[Test for Polkadot Collectives, url: wss://collectives.public.curie.radiumblock.co/ws]","tests","Mon Mar 10 09:09:29 GMT 2025","passed","Mon Mar 10 09:09:30 GMT 2025","","test_substrate_node_is_synced","",""
"","98","test_rpc_method_is_available[Test for CLV Parachain, url: wss://rpc-para.clover.finance]","tests","Mon Mar 10 09:07:19 GMT 2025","passed","Mon Mar 10 09:07:19 GMT 2025","","test_rpc_methods_availability","",""
"","23","test_rpc_node_is_synced[Test for Kusama People, url: wss://sys.ibp.network/people-kusama]","tests","Mon Mar 10 09:06:05 GMT 2025","passed","Mon Mar 10 09:06:05 GMT 2025","","test_substrate_node_is_synced","",""
"","0","test_chainId[Test for Ternoa]","tests","Mon Mar 10 09:06:17 GMT 2025","passed","Mon Mar 10 09:06:17 GMT 2025","TestChainId","test_network_parameters","",""
"","0","test_chainId[Test for Kusama Bridge Hub]","tests","Mon Mar 10 09:06:36 GMT 2025","passed","Mon Mar 10 09:06:36 GMT 2025","TestChainId","test_network_parameters","",""
"","0","test_precision[Test for Creditcoin]","tests","Mon Mar 10 09:07:02 GMT 2025","passed","Mon Mar 10 09:07:02 GMT 2025","TestPrecision","test_network_parameters","",""
"","146","test_rpc_node_is_synced[Test for Polkadot, url: wss://polkadot.public.curie.radiumblock.co/ws]","tests","Mon Mar 10 09:06:17 GMT 2025","passed","Mon Mar 10 09:06:18 GMT 2025","","test_substrate_node_is_synced","",""
"","0","test_precision[Test for Altair]","tests","Mon Mar 10 09:05:52 GMT 2025","passed","Mon Mar 10 09:05:52 GMT 2025","TestPrecision","test_network_parameters","",""
"","4","test_has_new_assets[Test for Xode]","tests","Mon Mar 10 09:07:33 GMT 2025","passed","Mon Mar 10 09:07:33 GMT 2025","TestAssets","test_check_new_assets","",""
"","184","test_rpc_node_is_synced[Test for Polkadot Collectives, url: wss://collectives.api.onfinality.io/public-ws]","tests","Mon Mar 10 09:09:40 GMT 2025","passed","Mon Mar 10 09:09:40 GMT 2025","","test_substrate_node_is_synced","",""
"","1","test_address_prefix[Test for Joystream]","tests","Mon Mar 10 09:06:59 GMT 2025","passed","Mon Mar 10 09:06:59 GMT 2025","TestNetworkPrefix","test_network_parameters","",""
"","0","test_precision[Test for Bifrost Polkadot]","tests","Mon Mar 10 09:06:15 GMT 2025","passed","Mon Mar 10 09:06:15 GMT 2025","TestPrecision","test_network_parameters","",""
"","0","test_can_create_connection[Test for Basilisk, url: wss://rpc.basilisk.cloud]","tests","Mon Mar 10 09:06:32 GMT 2025","passed","Mon Mar 10 09:06:32 GMT 2025","","test_nodes_availability","",""
"","0","test_precision[Test for Darwinia]","tests","Mon Mar 10 09:06:38 GMT 2025","passed","Mon Mar 10 09:06:38 GMT 2025","TestPrecision","test_network_parameters","",""
"","0","test_can_create_connection[Test for Heima, url: wss://litentry-rpc.dwellir.com]","tests","Mon Mar 10 09:08:05 GMT 2025","passed","Mon Mar 10 09:08:05 GMT 2025","","test_nodes_availability","",""
"","161","test_rpc_node_is_synced[Test for Avail, url: wss://zeref-api.slowops.xyz/ws]","tests","Mon Mar 10 09:10:15 GMT 2025","passed","Mon Mar 10 09:10:15 GMT 2025","","test_substrate_node_is_synced","",""
"","1","test_precision[Test for Bittensor]","tests","Mon Mar 10 09:06:22 GMT 2025","passed","Mon Mar 10 09:06:22 GMT 2025","TestPrecision","test_network_parameters","",""
"","0","test_can_create_connection[Test for Moonriver, url: wss://moonriver.public.blastapi.io]","tests","Mon Mar 10 09:06:06 GMT 2025","passed","Mon Mar 10 09:06:06 GMT 2025","","test_nodes_availability","",""
"","0","test_can_create_connection[Test for Shiden, url: wss://shiden-rpc.dwellir.com]","tests","Mon Mar 10 09:06:24 GMT 2025","passed","Mon Mar 10 09:06:24 GMT 2025","","test_nodes_availability","",""
"","0","test_chainId[Test for Aleph Zero]","tests","Mon Mar 10 09:06:06 GMT 2025","passed","Mon Mar 10 09:06:06 GMT 2025","TestChainId","test_network_parameters","",""
"","116","test_rpc_method_is_available[Test for Picasso, url: wss://picasso-rpc.composable.finance]","tests","Mon Mar 10 09:06:39 GMT 2025","passed","Mon Mar 10 09:06:39 GMT 2025","","test_rpc_methods_availability","",""
"","161","test_rpc_node_is_synced[Test for DAO IPCI, url: wss://ipci.rpc.robonomics.network]","tests","Mon Mar 10 09:08:46 GMT 2025","passed","Mon Mar 10 09:08:46 GMT 2025","","test_substrate_node_is_synced","",""
"","65","test_rpc_node_is_synced[Test for UNIQUE, url: wss://unique.dotters.network]","tests","Mon Mar 10 09:08:57 GMT 2025","passed","Mon Mar 10 09:08:57 GMT 2025","","test_substrate_node_is_synced","",""
"","5","test_has_new_assets[Test for krest]","tests","Mon Mar 10 09:07:03 GMT 2025","passed","Mon Mar 10 09:07:03 GMT 2025","TestAssets","test_check_new_assets","",""
"","1","test_chainId[Test for Continuum]","tests","Mon Mar 10 09:06:57 GMT 2025","passed","Mon Mar 10 09:06:57 GMT 2025","TestChainId","test_network_parameters","",""
"","316","test_rpc_node_is_synced[Test for Acala, url: wss://acala-rpc-1.aca-api.network]","tests","Mon Mar 10 09:07:56 GMT 2025","passed","Mon Mar 10 09:07:56 GMT 2025","","test_substrate_node_is_synced","",""
"","0","test_chainId[Test for Crust Shadow]","tests","Mon Mar 10 09:06:01 GMT 2025","passed","Mon Mar 10 09:06:01 GMT 2025","TestChainId","test_network_parameters","",""
"","114","test_rpc_method_is_available[Test for Kusama Bridge Hub, url: wss://bridge-hub-kusama.dotters.network]","tests","Mon Mar 10 09:08:35 GMT 2025","passed","Mon Mar 10 09:08:35 GMT 2025","","test_rpc_methods_availability","",""
"","79","test_rpc_method_is_available[Test for Polymesh, url: wss://mainnet-rpc.polymesh.network]","tests","Mon Mar 10 09:08:03 GMT 2025","passed","Mon Mar 10 09:08:03 GMT 2025","","test_rpc_methods_availability","",""
"","83","test_rpc_method_is_available[Test for Amplitude, url: wss://rpc-amplitude.pendulumchain.tech]","tests","Mon Mar 10 09:07:56 GMT 2025","passed","Mon Mar 10 09:07:56 GMT 2025","","test_rpc_methods_availability","",""
"","0","test_can_create_connection[Test for KILT, url: wss://spiritnet.kilt.io/]","tests","Mon Mar 10 09:06:57 GMT 2025","passed","Mon Mar 10 09:06:57 GMT 2025","","test_nodes_availability","",""
"","70","test_rpc_method_is_available[Test for Phala, url: wss://api.phala.network/ws]","tests","Mon Mar 10 09:07:33 GMT 2025","passed","Mon Mar 10 09:07:33 GMT 2025","","test_rpc_methods_availability","",""
"","0","test_can_create_connection[Test for Centrifuge Parachain, url: wss://centrifuge-rpc.dwellir.com]","tests","Mon Mar 10 09:08:30 GMT 2025","passed","Mon Mar 10 09:08:30 GMT 2025","","test_nodes_availability","",""
"","103","test_rpc_method_is_available[Test for Enjin Matrix, url: wss://enjin-matrix-rpc-1.dwellir.com]","tests","Mon Mar 10 09:08:45 GMT 2025","passed","Mon Mar 10 09:08:45 GMT 2025","","test_rpc_methods_availability","",""
"","1","test_can_create_connection[Test for Moonbeam, url: wss://wss.api.moonbeam.network]","tests","Mon Mar 10 09:06:22 GMT 2025","passed","Mon Mar 10 09:06:22 GMT 2025","","test_nodes_availability","",""
"","0","test_precision[Test for Aventus]","tests","Mon Mar 10 09:06:27 GMT 2025","passed","Mon Mar 10 09:06:27 GMT 2025","TestPrecision","test_network_parameters","",""
"","0","test_chainId[Test for Aventus]","tests","Mon Mar 10 09:06:31 GMT 2025","passed","Mon Mar 10 09:06:31 GMT 2025","TestChainId","test_network_parameters","",""
"","99","test_rpc_method_is_available[Test for Laos, url: wss://rpc.laos.laosfoundation.io]","tests","Mon Mar 10 09:09:25 GMT 2025","passed","Mon Mar 10 09:09:25 GMT 2025","","test_rpc_methods_availability","",""
"","159","test_rpc_node_is_synced[Test for Humanode, url: wss://explorer-rpc-ws.mainnet.stages.humanode.io]","tests","Mon Mar 10 09:10:25 GMT 2025","passed","Mon Mar 10 09:10:26 GMT 2025","","test_substrate_node_is_synced","",""
"","3","test_has_new_assets[Test for Hashed Network]","tests","Mon Mar 10 09:06:52 GMT 2025","passed","Mon Mar 10 09:06:52 GMT 2025","TestAssets","test_check_new_assets","",""
"","0","test_can_create_connection[Test for Bit.Country Pioneer, url: wss://pioneer-rpc-3.bit.country/wss]","tests","Mon Mar 10 09:07:26 GMT 2025","passed","Mon Mar 10 09:07:26 GMT 2025","","test_nodes_availability","",""
"","78","test_rpc_method_is_available[Test for Centrifuge Parachain, url: wss://centrifuge-rpc.dwellir.com]","tests","Mon Mar 10 09:08:14 GMT 2025","passed","Mon Mar 10 09:08:14 GMT 2025","","test_rpc_methods_availability","",""
"","57","test_rpc_node_is_synced[Test for Kreivo, url: wss://kreivo.io/]","tests","Mon Mar 10 09:10:06 GMT 2025","passed","Mon Mar 10 09:10:06 GMT 2025","","test_substrate_node_is_synced","",""
"","76","test_rpc_node_is_synced[Test for Nodle Parachain, url: wss://nodle-parachain.api.onfinality.io/public-ws]","tests","Mon Mar 10 09:07:56 GMT 2025","passed","Mon Mar 10 09:07:56 GMT 2025","","test_substrate_node_is_synced","",""
"","91","test_rpc_method_is_available[Test for Curio, url: wss://parachain.curioinvest.com/]","tests","Mon Mar 10 09:09:00 GMT 2025","passed","Mon Mar 10 09:09:00 GMT 2025","","test_rpc_methods_availability","",""
"","1","test_precision[Test for Joystream]","tests","Mon Mar 10 09:06:42 GMT 2025","passed","Mon Mar 10 09:06:42 GMT 2025","TestPrecision","test_network_parameters","",""
"","0","test_precision[Test for Avail]","tests","Mon Mar 10 09:06:59 GMT 2025","passed","Mon Mar 10 09:06:59 GMT 2025","TestPrecision","test_network_parameters","",""
"","112","test_rpc_method_is_available[Test for Frequency, url: wss://1.rpc.frequency.xyz]","tests","Mon Mar 10 09:08:24 GMT 2025","passed","Mon Mar 10 09:08:24 GMT 2025","","test_rpc_methods_availability","",""
"","1","test_address_prefix[Test for Continuum]","tests","Mon Mar 10 09:07:10 GMT 2025","passed","Mon Mar 10 09:07:10 GMT 2025","TestNetworkPrefix","test_network_parameters","",""
"","24","test_rpc_node_is_synced[Test for Polkadot Bridge Hub, url: wss://bridge-hub-polkadot.dotters.network]","tests","Mon Mar 10 09:09:22 GMT 2025","passed","Mon Mar 10 09:09:22 GMT 2025","","test_substrate_node_is_synced","",""
"","436","test_rpc_node_is_synced[Test for Ajuna, url: wss://ajuna.public.curie.radiumblock.co/ws]","tests","Mon Mar 10 09:09:14 GMT 2025","passed","Mon Mar 10 09:09:15 GMT 2025","","test_substrate_node_is_synced","",""
"","118","test_rpc_method_is_available[Test for Polkadot People, url: wss://people-polkadot.public.curie.radiumblock.co/ws]","tests","Mon Mar 10 09:05:50 GMT 2025","passed","Mon Mar 10 09:05:50 GMT 2025","","test_rpc_methods_availability","",""
"","0","test_can_create_connection[Test for Kusama, url: wss://rpc-kusama-2.novasama-tech.org]","tests","Mon Mar 10 09:06:35 GMT 2025","passed","Mon Mar 10 09:06:35 GMT 2025","","test_nodes_availability","",""
"","109","test_rpc_method_is_available[Test for GIANT, url: wss://rpc-anchor-1-mainnet-az-ue1.giantprotocol.org:443]","tests","Mon Mar 10 09:08:30 GMT 2025","passed","Mon Mar 10 09:08:30 GMT 2025","","test_rpc_methods_availability","",""
"","11","test_has_new_assets[Test for Basilisk]","tests","Mon Mar 10 09:05:55 GMT 2025","passed","Mon Mar 10 09:05:55 GMT 2025","TestAssets","test_check_new_assets","",""
"","0","test_can_create_connection[Test for Bit.Country Pioneer, url: wss://pioneer-rpc-2.bit.country/wss]","tests","Mon Mar 10 09:07:20 GMT 2025","passed","Mon Mar 10 09:07:20 GMT 2025","","test_nodes_availability","",""
"","70","test_rpc_method_is_available[Test for Acala, url: wss://acala-polkadot.api.onfinality.io/public-ws]","tests","Mon Mar 10 09:07:11 GMT 2025","passed","Mon Mar 10 09:07:11 GMT 2025","","test_rpc_methods_availability","",""
"","8","test_has_new_assets[Test for Shiden]","tests","Mon Mar 10 09:06:04 GMT 2025","passed","Mon Mar 10 09:06:04 GMT 2025","TestAssets","test_check_new_assets","",""
"","133","test_rpc_method_is_available[Test for 3DPass, url: wss://rpc.3dpscan.io]","tests","Mon Mar 10 09:08:38 GMT 2025","passed","Mon Mar 10 09:08:38 GMT 2025","","test_rpc_methods_availability","",""
"","0","test_can_create_connection[Test for Enjin Matrix, url: wss://rpc.matrix.blockchain.enjin.io]","tests","Mon Mar 10 09:08:59 GMT 2025","passed","Mon Mar 10 09:08:59 GMT 2025","","test_nodes_availability","",""
"","0","test_address_prefix[Test for KILT]","tests","Mon Mar 10 09:06:07 GMT 2025","passed","Mon Mar 10 09:06:07 GMT 2025","TestNetworkPrefix","test_network_parameters","",""
"","111","test_rpc_method_is_available[Test for Acala, url: wss://acala.polkawallet.io]","tests","Mon Mar 10 09:06:35 GMT 2025","passed","Mon Mar 10 09:06:35 GMT 2025","","test_rpc_methods_availability","",""
"","86","test_rpc_method_is_available[Test for Robonomics, url: wss://kusama.rpc.robonomics.network/]","tests","Mon Mar 10 09:07:42 GMT 2025","passed","Mon Mar 10 09:07:42 GMT 2025","","test_rpc_methods_availability","",""
"","0","test_address_prefix[Test for Frequency]","tests","Mon Mar 10 09:07:04 GMT 2025","passed","Mon Mar 10 09:07:04 GMT 2025","TestNetworkPrefix","test_network_parameters","",""
"","0","test_chainId[Test for Moonriver]","tests","Mon Mar 10 09:05:49 GMT 2025","passed","Mon Mar 10 09:05:49 GMT 2025","TestChainId","test_network_parameters","",""
"","0","test_precision[Test for KILT]","tests","Mon Mar 10 09:05:54 GMT 2025","passed","Mon Mar 10 09:05:54 GMT 2025","TestPrecision","test_network_parameters","",""
"","97","test_rpc_method_is_available[Test for Moonbeam, url: wss://moonbeam.dotters.network]","tests","Mon Mar 10 09:05:40 GMT 2025","passed","Mon Mar 10 09:05:40 GMT 2025","","test_rpc_methods_availability","",""
"","1","test_chainId[Test for Dock]","tests","Mon Mar 10 09:06:49 GMT 2025","passed","Mon Mar 10 09:06:49 GMT 2025","TestChainId","test_network_parameters","",""
"","0","test_chainId[Test for Nodle Parachain]","tests","Mon Mar 10 09:06:24 GMT 2025","passed","Mon Mar 10 09:06:24 GMT 2025","TestChainId","test_network_parameters","",""
"","0","test_can_create_connection[Test for Moonriver, url: wss://moonriver-rpc.dwellir.com]","tests","Mon Mar 10 09:06:16 GMT 2025","passed","Mon Mar 10 09:06:16 GMT 2025","","test_nodes_availability","",""
"","103","test_rpc_method_is_available[Test for Moonbeam, url: wss://moonbeam.public.curie.radiumblock.co/ws]","tests","Mon Mar 10 09:05:44 GMT 2025","passed","Mon Mar 10 09:05:44 GMT 2025","","test_rpc_methods_availability","",""
"","0","test_precision[Test for Mythos]","tests","Mon Mar 10 09:06:57 GMT 2025","passed","Mon Mar 10 09:06:57 GMT 2025","TestPrecision","test_network_parameters","",""
"","76","test_rpc_method_is_available[Test for Bifrost Polkadot, url: wss://hk.p.bifrost-rpc.liebi.com/ws]","tests","Mon Mar 10 09:07:32 GMT 2025","passed","Mon Mar 10 09:07:32 GMT 2025","","test_rpc_methods_availability","",""
"","0","test_can_create_connection[Test for Hydration, url: wss://hydration.dotters.network]","tests","Mon Mar 10 09:07:01 GMT 2025","passed","Mon Mar 10 09:07:01 GMT 2025","","test_nodes_availability","",""
"","0","test_can_create_connection[Test for Kreivo, url: wss://kreivo.io/]","tests","Mon Mar 10 09:09:28 GMT 2025","passed","Mon Mar 10 09:09:28 GMT 2025","","test_nodes_availability","",""
"","9","test_has_new_assets[Test for Dock]","tests","Mon Mar 10 09:07:06 GMT 2025","passed","Mon Mar 10 09:07:06 GMT 2025","TestAssets","test_check_new_assets","",""
"","0","test_can_create_connection[Test for krest, url: wss://krest.api.onfinality.io/public-ws]","tests","Mon Mar 10 09:09:07 GMT 2025","passed","Mon Mar 10 09:09:07 GMT 2025","","test_nodes_availability","",""
"","0","test_chainId[Test for CC Enterprise]","tests","Mon Mar 10 09:07:08 GMT 2025","passed","Mon Mar 10 09:07:08 GMT 2025","TestChainId","test_network_parameters","",""
"","23","test_rpc_node_is_synced[Test for Polkadot Asset Hub, url: wss://sys.ibp.network/asset-hub-polkadot]","tests","Mon Mar 10 09:07:58 GMT 2025","passed","Mon Mar 10 09:07:58 GMT 2025","","test_substrate_node_is_synced","",""
"","0","test_precision[Test for Bajun]","tests","Mon Mar 10 09:06:09 GMT 2025","passed","Mon Mar 10 09:06:09 GMT 2025","TestPrecision","test_network_parameters","",""
"","0","test_precision[Test for Xode]","tests","Mon Mar 10 09:07:13 GMT 2025","passed","Mon Mar 10 09:07:13 GMT 2025","TestPrecision","test_network_parameters","",""
"","0","test_can_create_connection[Test for Polymesh, url: wss://mainnet-rpc.polymesh.network]","tests","Mon Mar 10 09:08:23 GMT 2025","passed","Mon Mar 10 09:08:23 GMT 2025","","test_nodes_availability","",""
"","25","test_has_new_assets[Test for Kintsugi]","tests","Mon Mar 10 09:06:21 GMT 2025","passed","Mon Mar 10 09:06:21 GMT 2025","TestAssets","test_check_new_assets","",""
"","73","test_rpc_node_is_synced[Test for Phala, url: wss://phala.api.onfinality.io/public-ws]","tests","Mon Mar 10 09:08:19 GMT 2025","passed","Mon Mar 10 09:08:19 GMT 2025","","test_substrate_node_is_synced","",""
"","12","test_has_new_assets[Test for Acala]","tests","Mon Mar 10 09:05:55 GMT 2025","passed","Mon Mar 10 09:05:55 GMT 2025","TestAssets","test_check_new_assets","",""
"","0","test_precision[Test for Humanode]","tests","Mon Mar 10 09:07:03 GMT 2025","passed","Mon Mar 10 09:07:03 GMT 2025","TestPrecision","test_network_parameters","",""
"","69","test_rpc_method_is_available[Test for Polkadot, url: wss://apps-rpc.polkadot.io]","tests","Mon Mar 10 09:05:54 GMT 2025","passed","Mon Mar 10 09:05:54 GMT 2025","","test_rpc_methods_availability","",""
"","0","test_address_prefix[Test for Ternoa]","tests","Mon Mar 10 09:06:30 GMT 2025","passed","Mon Mar 10 09:06:30 GMT 2025","TestNetworkPrefix","test_network_parameters","",""
"","0","test_can_create_connection[Test for Laos, url: wss://laos-rpc.dwellir.com]","tests","Mon Mar 10 09:09:51 GMT 2025","passed","Mon Mar 10 09:09:51 GMT 2025","","test_nodes_availability","",""
"","110","test_rpc_method_is_available[Test for Moonbeam, url: wss://wss.api.moonbeam.network]","tests","Mon Mar 10 09:06:05 GMT 2025","passed","Mon Mar 10 09:06:05 GMT 2025","","test_rpc_methods_availability","",""
"","65","test_rpc_node_is_synced[Test for Polimec, url: wss://polimec.ibp.network]","tests","Mon Mar 10 09:09:55 GMT 2025","passed","Mon Mar 10 09:09:55 GMT 2025","","test_substrate_node_is_synced","",""
"","81","test_rpc_method_is_available[Test for Humanode, url: wss://explorer-rpc-ws.mainnet.stages.humanode.io]","tests","Mon Mar 10 09:09:21 GMT 2025","passed","Mon Mar 10 09:09:21 GMT 2025","","test_rpc_methods_availability","",""
"","0","test_can_create_connection[Test for Polkadot Bridge Hub, url: wss://bridge-hub-polkadot.dotters.network]","tests","Mon Mar 10 09:08:48 GMT 2025","passed","Mon Mar 10 09:08:48 GMT 2025","","test_nodes_availability","",""
"","0","test_can_create_connection[Test for Crab, url: wss://crab-rpc.darwinia.network/]","tests","Mon Mar 10 09:09:10 GMT 2025","passed","Mon Mar 10 09:09:10 GMT 2025","","test_nodes_availability","",""
"","1","test_precision[Test for Enjin Relay]","tests","Mon Mar 10 09:06:51 GMT 2025","passed","Mon Mar 10 09:06:51 GMT 2025","TestPrecision","test_network_parameters","",""
"","132","test_rpc_method_is_available[Test for Polkadot Collectives, url: wss://collectives.public.curie.radiumblock.co/ws]","tests","Mon Mar 10 09:08:39 GMT 2025","passed","Mon Mar 10 09:08:39 GMT 2025","","test_rpc_methods_availability","",""
"","176","test_rpc_node_is_synced[Test for Avail, url: wss://avail-mainnet.public.blastapi.io/]","tests","Mon Mar 10 09:10:18 GMT 2025","passed","Mon Mar 10 09:10:18 GMT 2025","","test_substrate_node_is_synced","",""
"","22","test_rpc_node_is_synced[Test for Polkadot Collectives, url: wss://collectives-polkadot.dotters.network]","tests","Mon Mar 10 09:09:23 GMT 2025","passed","Mon Mar 10 09:09:23 GMT 2025","","test_substrate_node_is_synced","",""
"","5","test_has_new_assets[Test for Kreivo]","tests","Mon Mar 10 09:07:20 GMT 2025","passed","Mon Mar 10 09:07:20 GMT 2025","TestAssets","test_check_new_assets","",""
"","149","test_rpc_node_is_synced[Test for Creditcoin, url: wss://mainnet3.creditcoin.network]","tests","Mon Mar 10 09:10:23 GMT 2025","passed","Mon Mar 10 09:10:23 GMT 2025","","test_substrate_node_is_synced","",""
"","99","test_rpc_method_is_available[Test for XX network, url: wss://rpc-hetzner.xx.network]","tests","Mon Mar 10 09:08:22 GMT 2025","passed","Mon Mar 10 09:08:22 GMT 2025","","test_rpc_methods_availability","",""
"","0","test_chainId[Test for Frequency]","tests","Mon Mar 10 09:06:49 GMT 2025","passed","Mon Mar 10 09:06:49 GMT 2025","TestChainId","test_network_parameters","",""
"","9","test_has_new_assets[Test for Westend (TESTNET)]","tests","Mon Mar 10 09:06:00 GMT 2025","passed","Mon Mar 10 09:06:00 GMT 2025","TestAssets","test_check_new_assets","",""
"","0","test_can_create_connection[Test for Polkadot Collectives, url: wss://sys.ibp.network/collectives-polkadot]","tests","Mon Mar 10 09:08:56 GMT 2025","passed","Mon Mar 10 09:08:56 GMT 2025","","test_nodes_availability","",""
"","22","test_rpc_node_is_synced[Test for Polkadot, url: wss://rpc.ibp.network/polkadot]","tests","Mon Mar 10 09:05:54 GMT 2025","passed","Mon Mar 10 09:05:54 GMT 2025","","test_substrate_node_is_synced","",""
"","176","test_rpc_node_is_synced[Test for Ajuna, url: wss://rpc-para.ajuna.network]","tests","Mon Mar 10 09:09:31 GMT 2025","passed","Mon Mar 10 09:09:31 GMT 2025","","test_substrate_node_is_synced","",""
"","1","test_can_create_connection[Test for Interlay, url: wss://api.interlay.io/parachain]","tests","Mon Mar 10 09:07:10 GMT 2025","passed","Mon Mar 10 09:07:10 GMT 2025","","test_nodes_availability","",""
"","0","test_address_prefix[Test for Shiden]","tests","Mon Mar 10 09:06:08 GMT 2025","passed","Mon Mar 10 09:06:08 GMT 2025","TestNetworkPrefix","test_network_parameters","",""
"","619","test_rpc_node_is_synced[Test for Integritee Parachain, url: wss://integritee-kusama.api.onfinality.io/public-ws]","tests","Mon Mar 10 09:08:41 GMT 2025","passed","Mon Mar 10 09:08:42 GMT 2025","","test_substrate_node_is_synced","",""
"","0","test_chainId[Test for Amplitude]","tests","Mon Mar 10 09:06:13 GMT 2025","passed","Mon Mar 10 09:06:13 GMT 2025","TestChainId","test_network_parameters","",""
"","108","test_rpc_method_is_available[Test for JAMTON, url: wss://rpc.jamton.network]","tests","Mon Mar 10 09:09:29 GMT 2025","passed","Mon Mar 10 09:09:30 GMT 2025","","test_rpc_methods_availability","",""
"","170","test_rpc_node_is_synced[Test for InvArch, url: wss://invarch-rpc.dwellir.com]","tests","Mon Mar 10 09:09:46 GMT 2025","passed","Mon Mar 10 09:09:47 GMT 2025","","test_substrate_node_is_synced","",""
"","124","test_rpc_method_is_available[Test for Kusama, url: wss://kusama.dotters.network]","tests","Mon Mar 10 09:05:38 GMT 2025","passed","Mon Mar 10 09:05:38 GMT 2025","","test_rpc_methods_availability","",""
"","108","test_rpc_method_is_available[Test for Subsocial, url: wss://para.subsocial.network]","tests","Mon Mar 10 09:07:50 GMT 2025","passed","Mon Mar 10 09:07:50 GMT 2025","","test_rpc_methods_availability","",""
"","0","test_precision[Test for Basilisk]","tests","Mon Mar 10 09:05:48 GMT 2025","passed","Mon Mar 10 09:05:48 GMT 2025","TestPrecision","test_network_parameters","",""
"","156","test_rpc_node_is_synced[Test for Encointer, url: wss://api.kusama.encointer.org]","tests","Mon Mar 10 09:06:50 GMT 2025","passed","Mon Mar 10 09:06:50 GMT 2025","","test_substrate_node_is_synced","",""
"","0","test_can_create_connection[Test for Kusama, url: wss://rpc-kusama-1.novasama-tech.org]","tests","Mon Mar 10 09:06:30 GMT 2025","passed","Mon Mar 10 09:06:30 GMT 2025","","test_nodes_availability","",""
"","0","test_can_create_connection[Test for Polkadot People, url: wss://sys.ibp.network/people-polkadot]","tests","Mon Mar 10 09:06:01 GMT 2025","passed","Mon Mar 10 09:06:01 GMT 2025","","test_nodes_availability","",""
"","65","test_rpc_node_is_synced[Test for UNIQUE, url: wss://unique.ibp.network]","tests","Mon Mar 10 09:08:54 GMT 2025","passed","Mon Mar 10 09:08:54 GMT 2025","","test_substrate_node_is_synced","",""
"","0","test_can_create_connection[Test for Polkadot, url: wss://polkadot.public.curie.radiumblock.co/ws]","tests","Mon Mar 10 09:06:18 GMT 2025","passed","Mon Mar 10 09:06:18 GMT 2025","","test_nodes_availability","",""
"","0","test_can_create_connection[Test for Moonbeam, url: wss://moonbeam.public.blastapi.io]","tests","Mon Mar 10 09:06:00 GMT 2025","passed","Mon Mar 10 09:06:00 GMT 2025","","test_nodes_availability","",""
"","547","test_rpc_method_is_available[Test for Moonbeam, url: wss://moonbeam.public.blastapi.io]","tests","Mon Mar 10 09:05:48 GMT 2025","passed","Mon Mar 10 09:05:48 GMT 2025","","test_rpc_methods_availability","",""
"","0","test_can_create_connection[Test for Darwinia, url: wss://rpc.darwinia.network]","tests","Mon Mar 10 09:09:02 GMT 2025","passed","Mon Mar 10 09:09:02 GMT 2025","","test_nodes_availability","",""
"","415","test_rpc_node_is_synced[Test for Acala, url: wss://acala.polkawallet.io]","tests","Mon Mar 10 09:06:50 GMT 2025","passed","Mon Mar 10 09:06:50 GMT 2025","","test_substrate_node_is_synced","",""
"","67","test_rpc_method_is_available[Test for Westend (TESTNET), url: wss://westend.dotters.network]","tests","Mon Mar 10 09:06:19 GMT 2025","passed","Mon Mar 10 09:06:19 GMT 2025","","test_rpc_methods_availability","",""
"","5","test_has_new_assets[Test for QUARTZ]","tests","Mon Mar 10 09:06:11 GMT 2025","passed","Mon Mar 10 09:06:11 GMT 2025","TestAssets","test_check_new_assets","",""
"","139","test_rpc_node_is_synced[Test for Aventus, url: wss://public-rpc.mainnet.aventus.network]","tests","Mon Mar 10 09:09:16 GMT 2025","passed","Mon Mar 10 09:09:16 GMT 2025","","test_substrate_node_is_synced","",""
"","0","test_precision[Test for Robonomics]","tests","Mon Mar 10 09:05:59 GMT 2025","passed","Mon Mar 10 09:05:59 GMT 2025","TestPrecision","test_network_parameters","",""
"","0","test_can_create_connection[Test for Polkadot Collectives, url: wss://collectives-polkadot.dotters.network]","tests","Mon Mar 10 09:08:50 GMT 2025","passed","Mon Mar 10 09:08:50 GMT 2025","","test_nodes_availability","",""
"","0","test_chainId[Test for Basilisk]","tests","Mon Mar 10 09:05:48 GMT 2025","passed","Mon Mar 10 09:05:48 GMT 2025","TestChainId","test_network_parameters","",""
"","151","test_rpc_node_is_synced[Test for Kusama People, url: wss://kusama-people-rpc.polkadot.io]","tests","Mon Mar 10 09:06:03 GMT 2025","passed","Mon Mar 10 09:06:03 GMT 2025","","test_substrate_node_is_synced","",""
"","0","test_address_prefix[Test for Dock]","tests","Mon Mar 10 09:07:03 GMT 2025","passed","Mon Mar 10 09:07:03 GMT 2025","TestNetworkPrefix","test_network_parameters","",""
"","175","test_rpc_node_is_synced[Test for Subsocial, url: wss://para.subsocial.network]","tests","Mon Mar 10 09:08:16 GMT 2025","passed","Mon Mar 10 09:08:16 GMT 2025","","test_substrate_node_is_synced","",""
"","172","test_rpc_node_is_synced[Test for Laos, url: wss://laos-rpc.dwellir.com]","tests","Mon Mar 10 09:10:32 GMT 2025","passed","Mon Mar 10 09:10:33 GMT 2025","","test_substrate_node_is_synced","",""
"","175","test_rpc_node_is_synced[Test for Integritee Parachain, url: wss://kusama.api.integritee.network]","tests","Mon Mar 10 09:08:31 GMT 2025","passed","Mon Mar 10 09:08:31 GMT 2025","","test_substrate_node_is_synced","",""
"","1","test_can_create_connection[Test for Moonbeam, url: wss://moonbeam.dotters.network]","tests","Mon Mar 10 09:05:51 GMT 2025","passed","Mon Mar 10 09:05:51 GMT 2025","","test_nodes_availability","",""
"","0","test_can_create_connection[Test for Subsocial, url: wss://para.subsocial.network]","tests","Mon Mar 10 09:08:05 GMT 2025","passed","Mon Mar 10 09:08:05 GMT 2025","","test_nodes_availability","",""
"","0","test_precision[Test for Turing]","tests","Mon Mar 10 09:06:01 GMT 2025","passed","Mon Mar 10 09:06:01 GMT 2025","TestPrecision","test_network_parameters","",""
"","23","test_rpc_node_is_synced[Test for Polkadot Bridge Hub, url: wss://sys.ibp.network/bridgehub-polkadot]","tests","Mon Mar 10 09:09:19 GMT 2025","passed","Mon Mar 10 09:09:19 GMT 2025","","test_substrate_node_is_synced","",""
"","148","test_rpc_node_is_synced[Test for DENTNet, url: wss://rpc.dentnet.io/ws]","tests","Mon Mar 10 09:10:22 GMT 2025","passed","Mon Mar 10 09:10:22 GMT 2025","","test_substrate_node_is_synced","",""
"","1","test_chainId[Test for Mangata X]","tests","Mon Mar 10 09:06:02 GMT 2025","passed","Mon Mar 10 09:06:02 GMT 2025","TestChainId","test_network_parameters","",""
"","0","test_can_create_connection[Test for peaq, url: wss://peaq.api.onfinality.io/public]","tests","Mon Mar 10 09:09:47 GMT 2025","passed","Mon Mar 10 09:09:47 GMT 2025","","test_nodes_availability","",""
"","0","test_address_prefix[Test for Altair]","tests","Mon Mar 10 09:06:04 GMT 2025","passed","Mon Mar 10 09:06:04 GMT 2025","TestNetworkPrefix","test_network_parameters","",""
"","1144","test_rpc_method_is_available[Test for Ternoa, url: wss://mainnet.ternoa.network]","tests","Mon Mar 10 09:07:59 GMT 2025","passed","Mon Mar 10 09:08:00 GMT 2025","","test_rpc_methods_availability","",""
"","0","test_can_create_connection[Test for DeepBrain, url: wss://info.dbcwallet.io]","tests","Mon Mar 10 09:09:49 GMT 2025","passed","Mon Mar 10 09:09:49 GMT 2025","","test_nodes_availability","",""
"","115","test_rpc_method_is_available[Test for Kusama, url: wss://rpc-kusama-2.novasama-tech.org]","tests","Mon Mar 10 09:06:24 GMT 2025","passed","Mon Mar 10 09:06:24 GMT 2025","","test_rpc_methods_availability","",""
"","75","test_rpc_method_is_available[Test for Xode, url: wss://rpc-kr.xode.net]","tests","Mon Mar 10 09:09:32 GMT 2025","passed","Mon Mar 10 09:09:32 GMT 2025","","test_rpc_methods_availability","",""
"","15","test_rpc_node_is_synced[Test for Polkadex, url: wss://polkadex.public.curie.radiumblock.co/ws]","tests","Mon Mar 10 09:08:45 GMT 2025","passed","Mon Mar 10 09:08:45 GMT 2025","","test_substrate_node_is_synced","",""
"","4","test_rpc_node_is_synced[Test for CC Enterprise, url: wss://mainnet.creditcoin.network/ws]","tests","Mon Mar 10 09:10:20 GMT 2025","passed","Mon Mar 10 09:10:20 GMT 2025","","test_substrate_node_is_synced","",""
"","1","test_can_create_connection[Test for Polimec, url: wss://polimec.ibp.network]","tests","Mon Mar 10 09:09:13 GMT 2025","passed","Mon Mar 10 09:09:13 GMT 2025","","test_nodes_availability","",""
"","133","test_rpc_method_is_available[Test for DENTNet, url: wss://rpc.dentnet.io/ws]","tests","Mon Mar 10 09:09:17 GMT 2025","passed","Mon Mar 10 09:09:17 GMT 2025","","test_rpc_methods_availability","",""
"","0","test_chainId[Test for Kusama Asset Hub]","tests","Mon Mar 10 09:05:53 GMT 2025","passed","Mon Mar 10 09:05:53 GMT 2025","TestChainId","test_network_parameters","",""
"","67","test_rpc_node_is_synced[Test for Polimec, url: wss://polimec.dotters.network]","tests","Mon Mar 10 09:09:58 GMT 2025","passed","Mon Mar 10 09:09:58 GMT 2025","","test_substrate_node_is_synced","",""
"","105","test_rpc_method_is_available[Test for Polkadex, url: wss://polkadex-mainnet-rpc.dwellir.com]","tests","Mon Mar 10 09:08:05 GMT 2025","passed","Mon Mar 10 09:08:05 GMT 2025","","test_rpc_methods_availability","",""
"","74","test_rpc_method_is_available[Test for Picasso, url: wss://rpc.composablenodes.tech]","tests","Mon Mar 10 09:06:41 GMT 2025","passed","Mon Mar 10 09:06:41 GMT 2025","","test_rpc_methods_availability","",""
"","3","test_has_new_assets[Test for CLV Parachain]","tests","Mon Mar 10 09:06:10 GMT 2025","passed","Mon Mar 10 09:06:10 GMT 2025","TestAssets","test_check_new_assets","",""
"","710","test_rpc_method_is_available[Test for Westend (TESTNET), url: wss://westend-rpc.dwellir.com]","tests","Mon Mar 10 09:06:12 GMT 2025","passed","Mon Mar 10 09:06:13 GMT 2025","","test_rpc_methods_availability","",""
"","72","test_rpc_method_is_available[Test for Energy Web X, url: wss://public-rpc.mainnet.energywebx.com/]","tests","Mon Mar 10 09:08:42 GMT 2025","passed","Mon Mar 10 09:08:42 GMT 2025","","test_rpc_methods_availability","",""
"","172","test_rpc_node_is_synced[Test for Phala, url: wss://phala-rpc.dwellir.com]","tests","Mon Mar 10 09:08:05 GMT 2025","passed","Mon Mar 10 09:08:06 GMT 2025","","test_substrate_node_is_synced","",""
"","89","test_rpc_method_is_available[Test for Kusama, url: wss://kusama-rpc.dwellir.com]","tests","Mon Mar 10 09:05:47 GMT 2025","passed","Mon Mar 10 09:05:47 GMT 2025","","test_rpc_methods_availability","",""
"","208","test_rpc_node_is_synced[Test for Hydration, url: wss://rpc-hydra.novasama-tech.org]","tests","Mon Mar 10 09:07:15 GMT 2025","passed","Mon Mar 10 09:07:16 GMT 2025","","test_substrate_node_is_synced","",""
"","0","test_can_create_connection[Test for Xode, url: wss://rpcnodea01.xode.net/n7yoxCmcIrCF6VziCcDmYTwL8R03a/rpc]","tests","Mon Mar 10 09:09:55 GMT 2025","passed","Mon Mar 10 09:09:55 GMT 2025","","test_nodes_availability","",""
"","0","test_precision[Test for Cere]","tests","Mon Mar 10 09:07:03 GMT 2025","passed","Mon Mar 10 09:07:03 GMT 2025","TestPrecision","test_network_parameters","",""
"","0","test_address_prefix[Test for Moonbeam]","tests","Mon Mar 10 09:05:58 GMT 2025","passed","Mon Mar 10 09:05:58 GMT 2025","TestNetworkPrefix","test_network_parameters","",""
"","167","test_rpc_node_is_synced[Test for Joystream, url: wss://rpc.joystream.org]","tests","Mon Mar 10 09:09:51 GMT 2025","passed","Mon Mar 10 09:09:51 GMT 2025","","test_substrate_node_is_synced","",""
"","198","test_rpc_node_is_synced[Test for Kusama, url: wss://rpc-kusama-2.novasama-tech.org]","tests","Mon Mar 10 09:06:42 GMT 2025","passed","Mon Mar 10 09:06:42 GMT 2025","","test_substrate_node_is_synced","",""
"","5","test_has_new_assets[Test for Ternoa]","tests","Mon Mar 10 09:06:38 GMT 2025","passed","Mon Mar 10 09:06:38 GMT 2025","TestAssets","test_check_new_assets","",""
"","0","test_chainId[Test for Integritee Parachain]","tests","Mon Mar 10 09:06:05 GMT 2025","passed","Mon Mar 10 09:06:05 GMT 2025","TestChainId","test_network_parameters","",""
"","0","test_can_create_connection[Test for KILT, url: wss://kilt.dotters.network]","tests","Mon Mar 10 09:06:48 GMT 2025","passed","Mon Mar 10 09:06:48 GMT 2025","","test_nodes_availability","",""
"","83","test_rpc_method_is_available[Test for Kusama Asset Hub, url: wss://sys.ibp.network/statemine]","tests","Mon Mar 10 09:06:35 GMT 2025","passed","Mon Mar 10 09:06:35 GMT 2025","","test_rpc_methods_availability","",""
"","8","test_has_new_assets[Test for Bittensor]","tests","Mon Mar 10 09:06:40 GMT 2025","passed","Mon Mar 10 09:06:40 GMT 2025","TestAssets","test_check_new_assets","",""
"","0","test_can_create_connection[Test for Encointer, url: wss://encointer-kusama.dotters.network]","tests","Mon Mar 10 09:08:04 GMT 2025","passed","Mon Mar 10 09:08:04 GMT 2025","","test_nodes_availability","",""
"","0","test_precision[Test for Hydration]","tests","Mon Mar 10 09:06:19 GMT 2025","passed","Mon Mar 10 09:06:19 GMT 2025","TestPrecision","test_network_parameters","",""
"","91","test_rpc_method_is_available[Test for Astar, url: wss://rpc.astar.network]","tests","Mon Mar 10 09:06:45 GMT 2025","passed","Mon Mar 10 09:06:46 GMT 2025","","test_rpc_methods_availability","",""
"","71","test_rpc_method_is_available[Test for KILT, url: wss://kilt.dotters.network]","tests","Mon Mar 10 09:06:28 GMT 2025","passed","Mon Mar 10 09:06:28 GMT 2025","","test_rpc_methods_availability","",""
"","0","test_can_create_connection[Test for Enjin Matrix, url: wss://enjin-matrix-rpc-1.dwellir.com]","tests","Mon Mar 10 09:09:04 GMT 2025","passed","Mon Mar 10 09:09:04 GMT 2025","","test_nodes_availability","",""
"","171","test_rpc_node_is_synced[Test for peaq, url: wss://peaq-rpc.dwellir.com]","tests","Mon Mar 10 09:10:35 GMT 2025","passed","Mon Mar 10 09:10:35 GMT 2025","","test_substrate_node_is_synced","",""
"","1","test_can_create_connection[Test for Centrifuge Parachain, url: wss://centrifuge-parachain.api.onfinality.io/public-ws]","tests","Mon Mar 10 09:08:37 GMT 2025","passed","Mon Mar 10 09:08:37 GMT 2025","","test_nodes_availability","",""
"","1","test_precision[Test for Bit.Country Pioneer]","tests","Mon Mar 10 09:05:43 GMT 2025","passed","Mon Mar 10 09:05:43 GMT 2025","TestPrecision","test_network_parameters","",""
"","136","test_rpc_method_is_available[Test for Dock, url: wss://mainnet-node.dock.io]","tests","Mon Mar 10 09:08:53 GMT 2025","passed","Mon Mar 10 09:08:53 GMT 2025","","test_rpc_methods_availability","",""
"","181","test_rpc_node_is_synced[Test for Enjin Matrix, url: wss://enjin-matrix-rpc-1.dwellir.com]","tests","Mon Mar 10 09:09:44 GMT 2025","passed","Mon Mar 10 09:09:44 GMT 2025","","test_substrate_node_is_synced","",""
"","0","test_precision[Test for Bifrost Kusama]","tests","Mon Mar 10 09:05:45 GMT 2025","passed","Mon Mar 10 09:05:45 GMT 2025","TestPrecision","test_network_parameters","",""
"","0","test_address_prefix[Test for Enjin Matrix]","tests","Mon Mar 10 09:06:59 GMT 2025","passed","Mon Mar 10 09:06:59 GMT 2025","TestNetworkPrefix","test_network_parameters","",""
"","0","test_address_prefix[Test for Basilisk]","tests","Mon Mar 10 09:05:59 GMT 2025","passed","Mon Mar 10 09:05:59 GMT 2025","TestNetworkPrefix","test_network_parameters","",""
"","0","test_precision[Test for NeuroWeb]","tests","Mon Mar 10 09:06:11 GMT 2025","passed","Mon Mar 10 09:06:11 GMT 2025","TestPrecision","test_network_parameters","",""
"","71","test_rpc_node_is_synced[Test for Moonbeam, url: wss://moonbeam.dotters.network]","tests","Mon Mar 10 09:05:47 GMT 2025","passed","Mon Mar 10 09:05:47 GMT 2025","","test_substrate_node_is_synced","",""
"","0","test_precision[Test for peaq]","tests","Mon Mar 10 09:07:05 GMT 2025","passed","Mon Mar 10 09:07:05 GMT 2025","TestPrecision","test_network_parameters","",""
"","0","test_address_prefix[Test for Polkadot Asset Hub]","tests","Mon Mar 10 09:06:12 GMT 2025","passed","Mon Mar 10 09:06:12 GMT 2025","TestNetworkPrefix","test_network_parameters","",""
"","0","test_precision[Test for Westend (TESTNET)]","tests","Mon Mar 10 09:05:52 GMT 2025","passed","Mon Mar 10 09:05:52 GMT 2025","TestPrecision","test_network_parameters","",""
"","0","test_can_create_connection[Test for Hashed Network, url: wss://c1.hashed.network]","tests","Mon Mar 10 09:08:52 GMT 2025","passed","Mon Mar 10 09:08:52 GMT 2025","","test_nodes_availability","",""
"","162","test_rpc_node_is_synced[Test for Cere, url: wss://rpc.mainnet.cere.network/ws]","tests","Mon Mar 10 09:10:17 GMT 2025","passed","Mon Mar 10 09:10:17 GMT 2025","","test_substrate_node_is_synced","",""
"","0","test_address_prefix[Test for Kabocha]","tests","Mon Mar 10 09:06:18 GMT 2025","passed","Mon Mar 10 09:06:18 GMT 2025","TestNetworkPrefix","test_network_parameters","",""
"","76","test_rpc_method_is_available[Test for Parallel, url: wss://parallel.gatotech.network]","tests","Mon Mar 10 09:07:02 GMT 2025","passed","Mon Mar 10 09:07:03 GMT 2025","","test_rpc_methods_availability","",""
"","80","test_rpc_method_is_available[Test for Vara, url: wss://rpc.vara-network.io]","tests","Mon Mar 10 09:08:28 GMT 2025","passed","Mon Mar 10 09:08:28 GMT 2025","","test_rpc_methods_availability","",""
"","0","test_can_create_connection[Test for Crust Shadow, url: wss://rpc-shadow.crust.network/]","tests","Mon Mar 10 09:08:15 GMT 2025","passed","Mon Mar 10 09:08:15 GMT 2025","","test_nodes_availability","",""
"","0","test_can_create_connection[Test for Curio, url: wss://parachain.curioinvest.com/]","tests","Mon Mar 10 09:09:24 GMT 2025","passed","Mon Mar 10 09:09:24 GMT 2025","","test_nodes_availability","",""
"","0","test_can_create_connection[Test for Moonbeam, url: wss://moonbeam.ibp.network]","tests","Mon Mar 10 09:05:49 GMT 2025","passed","Mon Mar 10 09:05:49 GMT 2025","","test_nodes_availability","",""
"","12","test_rpc_node_is_synced[Test for Shiden, url: wss://shiden.public.curie.radiumblock.co/ws]","tests","Mon Mar 10 09:06:28 GMT 2025","passed","Mon Mar 10 09:06:28 GMT 2025","","test_substrate_node_is_synced","",""
"","5","test_has_new_assets[Test for Pendulum]","tests","Mon Mar 10 09:06:41 GMT 2025","passed","Mon Mar 10 09:06:41 GMT 2025","TestAssets","test_check_new_assets","",""
"","0","test_precision[Test for DAO IPCI]","tests","Mon Mar 10 09:06:25 GMT 2025","passed","Mon Mar 10 09:06:25 GMT 2025","TestPrecision","test_network_parameters","",""
"","211","test_rpc_node_is_synced[Test for UNIQUE, url: wss://asia-ws.unique.network/]","tests","Mon Mar 10 09:08:51 GMT 2025","passed","Mon Mar 10 09:08:51 GMT 2025","","test_substrate_node_is_synced","",""
"","0","test_address_prefix[Test for Kusama Bridge Hub]","tests","Mon Mar 10 09:06:50 GMT 2025","passed","Mon Mar 10 09:06:50 GMT 2025","TestNetworkPrefix","test_network_parameters","",""
"","0","test_address_prefix[Test for Mangata X]","tests","Mon Mar 10 09:06:16 GMT 2025","passed","Mon Mar 10 09:06:16 GMT 2025","TestNetworkPrefix","test_network_parameters","",""
"","183","test_rpc_node_is_synced[Test for Shiden, url: wss://shiden-rpc.dwellir.com]","tests","Mon Mar 10 09:06:23 GMT 2025","passed","Mon Mar 10 09:06:23 GMT 2025","","test_substrate_node_is_synced","",""
"","0","test_can_create_connection[Test for Ajuna, url: wss://rpc-para.ajuna.network]","tests","Mon Mar 10 09:09:07 GMT 2025","passed","Mon Mar 10 09:09:07 GMT 2025","","test_nodes_availability","",""
"","0","test_chainId[Test for Heima]","tests","Mon Mar 10 09:06:23 GMT 2025","passed","Mon Mar 10 09:06:23 GMT 2025","TestChainId","test_network_parameters","",""
"","71","test_rpc_method_is_available[Test for Kabocha, url: wss://kabocha.jelliedowl.com]","tests","Mon Mar 10 09:07:48 GMT 2025","passed","Mon Mar 10 09:07:49 GMT 2025","","test_rpc_methods_availability","",""
"","112","test_rpc_method_is_available[Test for Curio, url: wss://archive.parachain.curioinvest.com]","tests","Mon Mar 10 09:08:57 GMT 2025","passed","Mon Mar 10 09:08:57 GMT 2025","","test_rpc_methods_availability","",""
"","68","test_rpc_node_is_synced[Test for Hydration, url: wss://rpc.hydradx.cloud]","tests","Mon Mar 10 09:07:19 GMT 2025","passed","Mon Mar 10 09:07:19 GMT 2025","","test_substrate_node_is_synced","",""
"","78","test_rpc_method_is_available[Test for Hydration, url: wss://hydration.ibp.network]","tests","Mon Mar 10 09:06:46 GMT 2025","passed","Mon Mar 10 09:06:46 GMT 2025","","test_rpc_methods_availability","",""
"","70","test_rpc_method_is_available[Test for Acala, url: wss://acala-rpc-0.aca-api.network]","tests","Mon Mar 10 09:07:14 GMT 2025","passed","Mon Mar 10 09:07:14 GMT 2025","","test_rpc_methods_availability","",""
"","5","test_has_new_assets[Test for Manta Atlantic]","tests","Mon Mar 10 09:07:12 GMT 2025","passed","Mon Mar 10 09:07:12 GMT 2025","TestAssets","test_check_new_assets","",""
"","175","test_rpc_node_is_synced[Test for KILT, url: wss://kilt-rpc.dwellir.com]","tests","Mon Mar 10 09:07:04 GMT 2025","passed","Mon Mar 10 09:07:04 GMT 2025","","test_substrate_node_is_synced","",""
"","0","test_can_create_connection[Test for Subsocial, url: wss://subsocial-rpc.dwellir.com]","tests","Mon Mar 10 09:07:57 GMT 2025","passed","Mon Mar 10 09:07:57 GMT 2025","","test_nodes_availability","",""
"","70","test_rpc_method_is_available[Test for Kusama, url: wss://rpc-kusama-1.novasama-tech.org]","tests","Mon Mar 10 09:06:19 GMT 2025","passed","Mon Mar 10 09:06:19 GMT 2025","","test_rpc_methods_availability","",""
"","7","test_has_new_assets[Test for Acurast Canary]","tests","Mon Mar 10 09:07:23 GMT 2025","passed","Mon Mar 10 09:07:23 GMT 2025","TestAssets","test_check_new_assets","",""
"","0","test_address_prefix[Test for Westend (TESTNET)]","tests","Mon Mar 10 09:06:04 GMT 2025","passed","Mon Mar 10 09:06:04 GMT 2025","TestNetworkPrefix","test_network_parameters","",""
"","0","test_chainId[Test for Bit.Country Pioneer]","tests","Mon Mar 10 09:05:42 GMT 2025","passed","Mon Mar 10 09:05:42 GMT 2025","TestChainId","test_network_parameters","",""
"","1","test_can_create_connection[Test for Avail, url: wss://zeref-api.slowops.xyz/ws]","tests","Mon Mar 10 09:09:35 GMT 2025","passed","Mon Mar 10 09:09:35 GMT 2025","","test_nodes_availability","",""
"","0","test_can_create_connection[Test for Crab, url: wss://darwiniacrab-rpc.dwellir.com]","tests","Mon Mar 10 09:09:14 GMT 2025","passed","Mon Mar 10 09:09:14 GMT 2025","","test_nodes_availability","",""
"","0","test_precision[Test for Subsocial]","tests","Mon Mar 10 09:06:16 GMT 2025","passed","Mon Mar 10 09:06:16 GMT 2025","TestPrecision","test_network_parameters","",""
"","0","test_chainId[Test for Altair]","tests","Mon Mar 10 09:05:52 GMT 2025","passed","Mon Mar 10 09:05:52 GMT 2025","TestChainId","test_network_parameters","",""
"","0","test_precision[Test for Crab]","tests","Mon Mar 10 09:06:47 GMT 2025","passed","Mon Mar 10 09:06:47 GMT 2025","TestPrecision","test_network_parameters","",""
"","79","test_rpc_method_is_available[Test for UNIQUE, url: wss://asia-ws.unique.network/]","tests","Mon Mar 10 09:07:52 GMT 2025","passed","Mon Mar 10 09:07:52 GMT 2025","","test_rpc_methods_availability","",""
"","1","test_chainId[Test for Bittensor]","tests","Mon Mar 10 09:06:25 GMT 2025","passed","Mon Mar 10 09:06:25 GMT 2025","TestChainId","test_network_parameters","",""
"","0","test_precision[Test for Nodle Parachain]","tests","Mon Mar 10 09:06:28 GMT 2025","passed","Mon Mar 10 09:06:28 GMT 2025","TestPrecision","test_network_parameters","",""
"","75","test_rpc_method_is_available[Test for Astar, url: wss://astar.public.curie.radiumblock.co/ws]","tests","Mon Mar 10 09:06:56 GMT 2025","passed","Mon Mar 10 09:06:56 GMT 2025","","test_rpc_methods_availability","",""
"","1","test_can_create_connection[Test for Hyperbridge Nexus, url: wss://hyperbridge-nexus-rpc.blockops.network]","tests","Mon Mar 10 09:09:33 GMT 2025","passed","Mon Mar 10 09:09:33 GMT 2025","","test_nodes_availability","",""
"","0","test_address_prefix[Test for Aleph Zero]","tests","Mon Mar 10 09:06:15 GMT 2025","passed","Mon Mar 10 09:06:15 GMT 2025","TestNetworkPrefix","test_network_parameters","",""
"","0","test_chainId[Test for Creditcoin]","tests","Mon Mar 10 09:07:10 GMT 2025","passed","Mon Mar 10 09:07:10 GMT 2025","TestChainId","test_network_parameters","",""
"","0","test_can_create_connection[Test for Altair, url: wss://altair.api.onfinality.io/public-ws]","tests","Mon Mar 10 09:06:42 GMT 2025","passed","Mon Mar 10 09:06:42 GMT 2025","","test_nodes_availability","",""
"","1","test_can_create_connection[Test for Polkadot, url: wss://rpc-polkadot.luckyfriday.io]","tests","Mon Mar 10 09:06:25 GMT 2025","passed","Mon Mar 10 09:06:25 GMT 2025","","test_nodes_availability","",""
"","0","test_chainId[Test for Picasso]","tests","Mon Mar 10 09:06:11 GMT 2025","passed","Mon Mar 10 09:06:11 GMT 2025","TestChainId","test_network_parameters","",""
"","0","test_chainId[Test for Joystream]","tests","Mon Mar 10 09:06:45 GMT 2025","passed","Mon Mar 10 09:06:45 GMT 2025","TestChainId","test_network_parameters","",""
"","0","test_precision[Test for Dock]","tests","Mon Mar 10 09:06:45 GMT 2025","passed","Mon Mar 10 09:06:45 GMT 2025","TestPrecision","test_network_parameters","",""
"","1","test_address_prefix[Test for QUARTZ]","tests","Mon Mar 10 09:06:08 GMT 2025","passed","Mon Mar 10 09:06:08 GMT 2025","TestNetworkPrefix","test_network_parameters","",""
"","0","test_can_create_connection[Test for Nodle Parachain, url: wss://nodle-rpc.dwellir.com]","tests","Mon Mar 10 09:07:25 GMT 2025","passed","Mon Mar 10 09:07:25 GMT 2025","","test_nodes_availability","",""
"","0","test_can_create_connection[Test for Polkadot Collectives, url: wss://collectives.api.onfinality.io/public-ws]","tests","Mon Mar 10 09:09:04 GMT 2025","passed","Mon Mar 10 09:09:04 GMT 2025","","test_nodes_availability","",""
"","0","test_rpc_method_is_available[Test for Zeitgeist, url: wss://main.rpc.zeitgeist.pm/ws]","tests","Mon Mar 10 09:07:26 GMT 2025","broken","Mon Mar 10 09:07:26 GMT 2025","","test_rpc_methods_availability","",""
"","102","test_rpc_method_is_available[Test for Laos, url: wss://laos-rpc.dwellir.com]","tests","Mon Mar 10 09:09:24 GMT 2025","passed","Mon Mar 10 09:09:24 GMT 2025","","test_rpc_methods_availability","",""
"","23","test_rpc_node_is_synced[Test for Kusama, url: wss://kusama.dotters.network]","tests","Mon Mar 10 09:05:43 GMT 2025","passed","Mon Mar 10 09:05:44 GMT 2025","","test_substrate_node_is_synced","",""
"","0","test_can_create_connection[Test for Polkadot Asset Hub, url: wss://rpc-assethub.novasama-tech.org]","tests","Mon Mar 10 09:07:40 GMT 2025","passed","Mon Mar 10 09:07:40 GMT 2025","","test_nodes_availability","",""
"","0","test_can_create_connection[Test for Zeitgeist, url: wss://main.rpc.zeitgeist.pm/ws]","tests","Mon Mar 10 09:07:39 GMT 2025","broken","Mon Mar 10 09:07:39 GMT 2025","","test_nodes_availability","",""
"","196","test_rpc_node_is_synced[Test for Polkadot Bridge Hub, url: wss://dot-rpc.stakeworld.io/bridgehub]","tests","Mon Mar 10 09:09:28 GMT 2025","passed","Mon Mar 10 09:09:28 GMT 2025","","test_substrate_node_is_synced","",""
"","1","test_address_prefix[Test for Vara]","tests","Mon Mar 10 09:06:50 GMT 2025","passed","Mon Mar 10 09:06:50 GMT 2025","TestNetworkPrefix","test_network_parameters","",""
"","96","test_rpc_method_is_available[Test for Kusama Bridge Hub, url: wss://sys.ibp.network/bridgehub-kusama]","tests","Mon Mar 10 09:08:32 GMT 2025","passed","Mon Mar 10 09:08:32 GMT 2025","","test_rpc_methods_availability","",""
"","4","test_has_new_assets[Test for Turing]","tests","Mon Mar 10 09:06:15 GMT 2025","passed","Mon Mar 10 09:06:15 GMT 2025","TestAssets","test_check_new_assets","",""
"","77","test_rpc_method_is_available[Test for Polimec, url: wss://rpc.polimec.org]","tests","Mon Mar 10 09:08:50 GMT 2025","passed","Mon Mar 10 09:08:50 GMT 2025","","test_rpc_methods_availability","",""
"","179","test_rpc_node_is_synced[Test for Avail, url: wss://avail.rpc.bountyblok.io]","tests","Mon Mar 10 09:10:19 GMT 2025","passed","Mon Mar 10 09:10:20 GMT 2025","","test_substrate_node_is_synced","",""
"","0","test_can_create_connection[Test for Pendulum, url: wss://rpc-pendulum.prd.pendulumchain.tech]","tests","Mon Mar 10 09:08:41 GMT 2025","passed","Mon Mar 10 09:08:41 GMT 2025","","test_nodes_availability","",""
"","0","test_address_prefix[Test for krest]","tests","Mon Mar 10 09:06:55 GMT 2025","passed","Mon Mar 10 09:06:55 GMT 2025","TestNetworkPrefix","test_network_parameters","",""
"","0","test_address_prefix[Test for Crab]","tests","Mon Mar 10 09:06:59 GMT 2025","passed","Mon Mar 10 09:06:59 GMT 2025","TestNetworkPrefix","test_network_parameters","",""
"","8","test_has_new_assets[Test for Moonriver]","tests","Mon Mar 10 09:06:00 GMT 2025","passed","Mon Mar 10 09:06:00 GMT 2025","TestAssets","test_check_new_assets","",""
"","668","test_rpc_node_work_fast[Test for Ethereum, url: https://1rpc.io/eth]","tests","Mon Mar 10 09:05:39 GMT 2025","passed","Mon Mar 10 09:05:40 GMT 2025","TestETHNodesAvailability","test_eth_nodes_availability","",""
"","24","test_rpc_node_is_synced[Test for Westend (TESTNET), url: wss://rpc.ibp.network/westend]","tests","Mon Mar 10 09:06:53 GMT 2025","passed","Mon Mar 10 09:06:53 GMT 2025","","test_substrate_node_is_synced","",""
"","0","test_address_prefix[Test for Polkadex]","tests","Mon Mar 10 09:06:20 GMT 2025","passed","Mon Mar 10 09:06:20 GMT 2025","TestNetworkPrefix","test_network_parameters","",""
"","67","test_rpc_method_is_available[Test for Interlay, url: wss://rpc-interlay.luckyfriday.io/]","tests","Mon Mar 10 09:07:06 GMT 2025","passed","Mon Mar 10 09:07:06 GMT 2025","","test_rpc_methods_availability","",""
"","1","test_address_prefix[Test for Humanode]","tests","Mon Mar 10 09:07:26 GMT 2025","passed","Mon Mar 10 09:07:26 GMT 2025","TestNetworkPrefix","test_network_parameters","",""
"","183","test_rpc_node_is_synced[Test for Curio, url: wss://parachain.curioinvest.com/]","tests","Mon Mar 10 09:10:02 GMT 2025","passed","Mon Mar 10 09:10:03 GMT 2025","","test_substrate_node_is_synced","",""
"","0","test_can_create_connection[Test for Kusama, url: wss://kusama.api.onfinality.io/public-ws]","tests","Mon Mar 10 09:06:19 GMT 2025","passed","Mon Mar 10 09:06:19 GMT 2025","","test_nodes_availability","",""
"","0","test_address_prefix[Test for Heima]","tests","Mon Mar 10 09:06:35 GMT 2025","passed","Mon Mar 10 09:06:35 GMT 2025","TestNetworkPrefix","test_network_parameters","",""
"","78","test_rpc_method_is_available[Test for Polkadot, url: wss://dot-rpc.stakeworld.io]","tests","Mon Mar 10 09:06:01 GMT 2025","passed","Mon Mar 10 09:06:01 GMT 2025","","test_rpc_methods_availability","",""
"","0","test_can_create_connection[Test for GIANT, url: wss://rpc-anchor-1-mainnet-az-ue1.giantprotocol.org:443]","tests","Mon Mar 10 09:08:42 GMT 2025","passed","Mon Mar 10 09:08:42 GMT 2025","","test_nodes_availability","",""
"","3","test_rpc_node_is_synced[Test for Dock, url: wss://mainnet-node.dock.io]","tests","Mon Mar 10 09:10:14 GMT 2025","passed","Mon Mar 10 09:10:14 GMT 2025","","test_substrate_node_is_synced","",""
"","170","test_rpc_node_is_synced[Test for Polkadot Asset Hub, url: wss://statemint-rpc.dwellir.com]","tests","Mon Mar 10 09:08:06 GMT 2025","passed","Mon Mar 10 09:08:06 GMT 2025","","test_substrate_node_is_synced","",""
"","0","test_address_prefix[Test for Encointer]","tests","Mon Mar 10 09:06:18 GMT 2025","passed","Mon Mar 10 09:06:18 GMT 2025","TestNetworkPrefix","test_network_parameters","",""
"","0","test_can_create_connection[Test for Astar, url: wss://astar.api.onfinality.io/public-ws]","tests","Mon Mar 10 09:07:14 GMT 2025","passed","Mon Mar 10 09:07:14 GMT 2025","","test_nodes_availability","",""
"","81","test_rpc_method_is_available[Test for DeepBrain, url: wss://info.dbcwallet.io]","tests","Mon Mar 10 09:09:26 GMT 2025","passed","Mon Mar 10 09:09:27 GMT 2025","","test_rpc_methods_availability","",""
"","7","test_has_new_assets[Test for DENTNet]","tests","Mon Mar 10 09:07:29 GMT 2025","passed","Mon Mar 10 09:07:29 GMT 2025","TestAssets","test_check_new_assets","",""
"","272","test_rpc_node_is_synced[Test for Phala, url: wss://phala.public.curie.radiumblock.co/ws]","tests","Mon Mar 10 09:08:19 GMT 2025","passed","Mon Mar 10 09:08:20 GMT 2025","","test_substrate_node_is_synced","",""
"","0","test_can_create_connection[Test for Polkadot People, url: wss://rpc-people-polkadot.luckyfriday.io]","tests","Mon Mar 10 09:06:04 GMT 2025","passed","Mon Mar 10 09:06:04 GMT 2025","","test_nodes_availability","",""
"","0","test_can_create_connection[Test for XX network, url: wss://xxnetwork-rpc.dwellir.com]","tests","Mon Mar 10 09:08:30 GMT 2025","passed","Mon Mar 10 09:08:30 GMT 2025","","test_nodes_availability","",""
"","0","test_can_create_connection[Test for Kusama Bridge Hub, url: wss://bridge-hub-kusama.dotters.network]","tests","Mon Mar 10 09:08:50 GMT 2025","passed","Mon Mar 10 09:08:50 GMT 2025","","test_nodes_availability","",""
"","0","test_precision[Test for UNIQUE]","tests","Mon Mar 10 09:06:00 GMT 2025","passed","Mon Mar 10 09:06:00 GMT 2025","TestPrecision","test_network_parameters","",""
"","0","test_chainId[Test for Ajuna]","tests","Mon Mar 10 09:06:34 GMT 2025","passed","Mon Mar 10 09:06:34 GMT 2025","TestChainId","test_network_parameters","",""
"","0","test_chainId[Test for Kreivo]","tests","Mon Mar 10 09:07:01 GMT 2025","passed","Mon Mar 10 09:07:01 GMT 2025","TestChainId","test_network_parameters","",""
"","0","test_address_prefix[Test for Integritee Parachain]","tests","Mon Mar 10 09:06:20 GMT 2025","passed","Mon Mar 10 09:06:20 GMT 2025","TestNetworkPrefix","test_network_parameters","",""
"","73","test_rpc_node_is_synced[Test for Bittensor, url: wss://entrypoint-finney.opentensor.ai:443]","tests","Mon Mar 10 09:09:24 GMT 2025","passed","Mon Mar 10 09:09:24 GMT 2025","","test_substrate_node_is_synced","",""
"","0","test_precision[Test for Integritee Parachain]","tests","Mon Mar 10 09:06:09 GMT 2025","passed","Mon Mar 10 09:06:09 GMT 2025","TestPrecision","test_network_parameters","",""
"","0","test_address_prefix[Test for Parallel]","tests","Mon Mar 10 09:06:05 GMT 2025","passed","Mon Mar 10 09:06:05 GMT 2025","TestNetworkPrefix","test_network_parameters","",""
"","128","test_rpc_method_is_available[Test for NeuroWeb, url: wss://neuroweb-rpc.dwellir.com]","tests","Mon Mar 10 09:08:17 GMT 2025","passed","Mon Mar 10 09:08:17 GMT 2025","","test_rpc_methods_availability","",""
"","68","test_rpc_method_is_available[Test for NeuroWeb, url: wss://parachain-rpc.origin-trail.network]","tests","Mon Mar 10 09:08:12 GMT 2025","passed","Mon Mar 10 09:08:12 GMT 2025","","test_rpc_methods_availability","",""
"","110","test_rpc_method_is_available[Test for Aventus, url: wss://public-rpc.mainnet.aventus.network]","tests","Mon Mar 10 09:08:19 GMT 2025","passed","Mon Mar 10 09:08:19 GMT 2025","","test_rpc_methods_availability","",""
"","1","test_can_create_connection[Test for Aventus, url: wss://public-rpc.mainnet.aventus.network]","tests","Mon Mar 10 09:08:49 GMT 2025","passed","Mon Mar 10 09:08:49 GMT 2025","","test_nodes_availability","",""
"","169","test_rpc_node_is_synced[Test for Kusama Asset Hub, url: wss://statemine-rpc.dwellir.com]","tests","Mon Mar 10 09:05:48 GMT 2025","passed","Mon Mar 10 09:05:48 GMT 2025","","test_substrate_node_is_synced","",""
"","65","test_rpc_node_is_synced[Test for Ajuna, url: wss://ajuna.ibp.network]","tests","Mon Mar 10 09:09:34 GMT 2025","passed","Mon Mar 10 09:09:34 GMT 2025","","test_substrate_node_is_synced","",""
"","84","test_rpc_node_is_synced[Test for Shiden, url: wss://shiden.api.onfinality.io/public-ws]","tests","Mon Mar 10 09:06:36 GMT 2025","passed","Mon Mar 10 09:06:37 GMT 2025","","test_substrate_node_is_synced","",""
"","0","test_address_prefix[Test for Ajuna]","tests","Mon Mar 10 09:06:42 GMT 2025","passed","Mon Mar 10 09:06:42 GMT 2025","TestNetworkPrefix","test_network_parameters","",""
"","0","test_address_prefix[Test for Tangle]","tests","Mon Mar 10 09:07:30 GMT 2025","passed","Mon Mar 10 09:07:30 GMT 2025","TestNetworkPrefix","test_network_parameters","",""
"","181","test_rpc_node_is_synced[Test for Nodle Parachain, url: wss://nodle-rpc.dwellir.com]","tests","Mon Mar 10 09:08:00 GMT 2025","passed","Mon Mar 10 09:08:00 GMT 2025","","test_substrate_node_is_synced","",""
"","160","test_rpc_node_is_synced[Test for Bifrost Polkadot, url: wss://hk.p.bifrost-rpc.liebi.com/ws]","tests","Mon Mar 10 09:08:25 GMT 2025","passed","Mon Mar 10 09:08:26 GMT 2025","","test_substrate_node_is_synced","",""
"","65","test_rpc_node_is_synced[Test for KILT, url: wss://kilt.ibp.network]","tests","Mon Mar 10 09:06:56 GMT 2025","passed","Mon Mar 10 09:06:56 GMT 2025","","test_substrate_node_is_synced","",""
"","0","test_can_create_connection[Test for Frequency, url: wss://0.rpc.frequency.xyz]","tests","Mon Mar 10 09:09:17 GMT 2025","passed","Mon Mar 10 09:09:17 GMT 2025","","test_nodes_availability","",""
"","0","test_precision[Test for Laos]","tests","Mon Mar 10 09:07:07 GMT 2025","passed","Mon Mar 10 09:07:07 GMT 2025","TestPrecision","test_network_parameters","",""
"","0","test_address_prefix[Test for Crust Shadow]","tests","Mon Mar 10 09:06:15 GMT 2025","passed","Mon Mar 10 09:06:15 GMT 2025","TestNetworkPrefix","test_network_parameters","",""
"","0","test_chainId[Test for Kusama People]","tests","Mon Mar 10 09:05:41 GMT 2025","passed","Mon Mar 10 09:05:41 GMT 2025","TestChainId","test_network_parameters","",""
"","0","test_rpc_node_is_synced[Test for Turing, url: wss://rpc.turing.oak.tech]","tests","Mon Mar 10 09:08:31 GMT 2025","broken","Mon Mar 10 09:08:31 GMT 2025","","test_substrate_node_is_synced","",""
"","0","test_precision[Test for Polkadot People]","tests","Mon Mar 10 09:05:57 GMT 2025","passed","Mon Mar 10 09:05:57 GMT 2025","TestPrecision","test_network_parameters","",""
"","0","test_chainId[Test for Zeitgeist]","tests","Mon Mar 10 09:06:16 GMT 2025","passed","Mon Mar 10 09:06:16 GMT 2025","TestChainId","test_network_parameters","",""
"","150","test_rpc_node_is_synced[Test for Manta Atlantic, url: wss://ws.manta.systems]","tests","Mon Mar 10 09:10:03 GMT 2025","passed","Mon Mar 10 09:10:03 GMT 2025","","test_substrate_node_is_synced","",""
"","1","test_can_create_connection[Test for Kusama Asset Hub, url: wss://asset-hub-kusama.dotters.network]","tests","Mon Mar 10 09:05:49 GMT 2025","passed","Mon Mar 10 09:05:49 GMT 2025","","test_nodes_availability","",""
"","0","test_can_create_connection[Test for XX network, url: wss://rpc.xx.network]","tests","Mon Mar 10 09:08:36 GMT 2025","passed","Mon Mar 10 09:08:36 GMT 2025","","test_nodes_availability","",""
"","0","test_can_create_connection[Test for Hydration, url: wss://hydration.ibp.network]","tests","Mon Mar 10 09:06:57 GMT 2025","passed","Mon Mar 10 09:06:57 GMT 2025","","test_nodes_availability","",""
"","8","test_has_new_assets[Test for Vara]","tests","Mon Mar 10 09:06:54 GMT 2025","passed","Mon Mar 10 09:06:54 GMT 2025","TestAssets","test_check_new_assets","",""
"","79","test_rpc_method_is_available[Test for Crab, url: wss://darwiniacrab-rpc.dwellir.com]","tests","Mon Mar 10 09:09:00 GMT 2025","passed","Mon Mar 10 09:09:00 GMT 2025","","test_rpc_methods_availability","",""
"","1","test_precision[Test for Mangata X]","tests","Mon Mar 10 09:06:03 GMT 2025","passed","Mon Mar 10 09:06:03 GMT 2025","TestPrecision","test_network_parameters","",""
"","101","test_rpc_method_is_available[Test for Westend (TESTNET), url: wss://westend.api.onfinality.io/public-ws]","tests","Mon Mar 10 09:06:33 GMT 2025","passed","Mon Mar 10 09:06:33 GMT 2025","","test_rpc_methods_availability","",""
"","84","test_rpc_method_is_available[Test for UNIQUE, url: wss://unique.dotters.network]","tests","Mon Mar 10 09:07:56 GMT 2025","passed","Mon Mar 10 09:07:56 GMT 2025","","test_rpc_methods_availability","",""
"","74","test_rpc_node_is_synced[Test for GIANT, url: wss://rpc-anchor-2-mainnet-az-ue1.giantprotocol.org:443]","tests","Mon Mar 10 09:09:17 GMT 2025","passed","Mon Mar 10 09:09:17 GMT 2025","","test_substrate_node_is_synced","",""
"","163","test_rpc_node_is_synced[Test for Crust Shadow, url: wss://rpc-shadow.crust.network/]","tests","Mon Mar 10 09:08:25 GMT 2025","passed","Mon Mar 10 09:08:25 GMT 2025","","test_substrate_node_is_synced","",""
"","0","test_address_prefix[Test for Polkadot]","tests","Mon Mar 10 09:05:54 GMT 2025","passed","Mon Mar 10 09:05:54 GMT 2025","TestNetworkPrefix","test_network_parameters","",""
"","0","test_chainId[Test for Enjin Relay]","tests","Mon Mar 10 09:06:54 GMT 2025","passed","Mon Mar 10 09:06:54 GMT 2025","TestChainId","test_network_parameters","",""
"","1","test_can_create_connection[Test for Phala, url: wss://phala.public.curie.radiumblock.co/ws]","tests","Mon Mar 10 09:07:47 GMT 2025","passed","Mon Mar 10 09:07:47 GMT 2025","","test_nodes_availability","",""
"","0","test_precision[Test for Ajuna]","tests","Mon Mar 10 09:06:27 GMT 2025","passed","Mon Mar 10 09:06:27 GMT 2025","TestPrecision","test_network_parameters","",""
"","0","test_precision[Test for Polimec]","tests","Mon Mar 10 09:06:45 GMT 2025","passed","Mon Mar 10 09:06:45 GMT 2025","TestPrecision","test_network_parameters","",""
"","5","test_has_new_assets[Test for Nodle Parachain]","tests","Mon Mar 10 09:06:42 GMT 2025","passed","Mon Mar 10 09:06:42 GMT 2025","TestAssets","test_check_new_assets","",""
"","0","test_chainId[Test for DENTNet]","tests","Mon Mar 10 09:07:03 GMT 2025","passed","Mon Mar 10 09:07:03 GMT 2025","TestChainId","test_network_parameters","",""
"","0","test_chainId[Test for DeepBrain]","tests","Mon Mar 10 09:07:16 GMT 2025","passed","Mon Mar 10 09:07:16 GMT 2025","TestChainId","test_network_parameters","",""
"","515","test_rpc_method_is_available[Test for Shiden, url: wss://shiden-rpc.dwellir.com]","tests","Mon Mar 10 09:06:11 GMT 2025","passed","Mon Mar 10 09:06:11 GMT 2025","","test_rpc_methods_availability","",""
"","0","test_can_create_connection[Test for DENTNet, url: wss://rpc.dentnet.io/ws]","tests","Mon Mar 10 09:09:42 GMT 2025","passed","Mon Mar 10 09:09:42 GMT 2025","","test_nodes_availability","",""
"","1","test_can_create_connection[Test for Encointer, url: wss://api.kusama.encointer.org]","tests","Mon Mar 10 09:06:42 GMT 2025","passed","Mon Mar 10 09:06:42 GMT 2025","","test_nodes_availability","",""
"","0","test_can_create_connection[Test for XX network, url: wss://rpc-hetzner.xx.network]","tests","Mon Mar 10 09:08:41 GMT 2025","passed","Mon Mar 10 09:08:41 GMT 2025","","test_nodes_availability","",""
"","1","test_can_create_connection[Test for UNIQUE, url: wss://asia-ws.unique.network/]","tests","Mon Mar 10 09:08:19 GMT 2025","passed","Mon Mar 10 09:08:19 GMT 2025","","test_nodes_availability","",""
"","69","test_rpc_node_is_synced[Test for Hydration, url: wss://hydration.dotters.network]","tests","Mon Mar 10 09:07:27 GMT 2025","passed","Mon Mar 10 09:07:27 GMT 2025","","test_substrate_node_is_synced","",""
"","595","test_rpc_node_is_synced[Test for Ethereum, url: https://rpc.ankr.com/eth]","tests","Mon Mar 10 09:05:39 GMT 2025","passed","Mon Mar 10 09:05:40 GMT 2025","TestETHNodesAvailability","test_eth_nodes_availability","",""
"","1","test_precision[Test for Heima]","tests","Mon Mar 10 09:06:20 GMT 2025","passed","Mon Mar 10 09:06:20 GMT 2025","TestPrecision","test_network_parameters","",""
"","69","test_rpc_method_is_available[Test for Polkadot Asset Hub, url: wss://sys.ibp.network/asset-hub-polkadot]","tests","Mon Mar 10 09:07:26 GMT 2025","passed","Mon Mar 10 09:07:26 GMT 2025","","test_rpc_methods_availability","",""
"","1","test_address_prefix[Test for XX network]","tests","Mon Mar 10 09:06:43 GMT 2025","passed","Mon Mar 10 09:06:43 GMT 2025","TestNetworkPrefix","test_network_parameters","",""
"","0","test_chainId[Test for Vara]","tests","Mon Mar 10 09:06:34 GMT 2025","passed","Mon Mar 10 09:06:34 GMT 2025","TestChainId","test_network_parameters","",""
"","1","test_can_create_connection[Test for Kusama, url: wss://1rpc.io/ksm]","tests","Mon Mar 10 09:06:08 GMT 2025","passed","Mon Mar 10 09:06:08 GMT 2025","","test_nodes_availability","",""
"","31","test_rpc_node_is_synced[Test for Polkadot, url: wss://polkadot.dotters.network]","tests","Mon Mar 10 09:05:57 GMT 2025","passed","Mon Mar 10 09:05:57 GMT 2025","","test_substrate_node_is_synced","",""
"","82","test_rpc_method_is_available[Test for Polkadot Collectives, url: wss://collectives.api.onfinality.io/public-ws]","tests","Mon Mar 10 09:08:49 GMT 2025","passed","Mon Mar 10 09:08:49 GMT 2025","","test_rpc_methods_availability","",""
"","0","test_can_create_connection[Test for Phala, url: wss://phala-rpc.dwellir.com]","tests","Mon Mar 10 09:07:29 GMT 2025","passed","Mon Mar 10 09:07:29 GMT 2025","","test_nodes_availability","",""
"","25","test_rpc_node_is_synced[Test for Kusama Bridge Hub, url: wss://bridge-hub-kusama.dotters.network]","tests","Mon Mar 10 09:09:33 GMT 2025","passed","Mon Mar 10 09:09:33 GMT 2025","","test_substrate_node_is_synced","",""
"","0","test_can_create_connection[Test for Xode, url: wss://rpc-kr.xode.net]","tests","Mon Mar 10 09:09:50 GMT 2025","passed","Mon Mar 10 09:09:50 GMT 2025","","test_nodes_availability","",""
"","104","test_rpc_method_is_available[Test for Hyperbridge Nexus, url: wss://hyperbridge-nexus-rpc.blockops.network]","tests","Mon Mar 10 09:09:14 GMT 2025","passed","Mon Mar 10 09:09:14 GMT 2025","","test_rpc_methods_availability","",""
"","186","test_rpc_node_is_synced[Test for Westend (TESTNET), url: wss://westend.api.onfinality.io/public-ws]","tests","Mon Mar 10 09:07:07 GMT 2025","passed","Mon Mar 10 09:07:08 GMT 2025","","test_substrate_node_is_synced","",""
"","194","test_rpc_node_is_synced[Test for Polkadot, url: wss://rpc-polkadot-2.novasama-tech.org]","tests","Mon Mar 10 09:05:51 GMT 2025","passed","Mon Mar 10 09:05:51 GMT 2025","","test_substrate_node_is_synced","",""
"","142","test_rpc_node_is_synced[Test for UNIQUE, url: wss://eu-ws.unique.network/]","tests","Mon Mar 10 09:08:41 GMT 2025","passed","Mon Mar 10 09:08:41 GMT 2025","","test_substrate_node_is_synced","",""
"","0","test_precision[Test for Crust Shadow]","tests","Mon Mar 10 09:06:05 GMT 2025","passed","Mon Mar 10 09:06:05 GMT 2025","TestPrecision","test_network_parameters","",""
"","0","test_can_create_connection[Test for Mangata X, url: wss://kusama-archive.mangata.online]","tests","Mon Mar 10 09:08:32 GMT 2025","passed","Mon Mar 10 09:08:32 GMT 2025","","test_nodes_availability","",""
"","0","test_precision[Test for Astar]","tests","Mon Mar 10 09:05:51 GMT 2025","passed","Mon Mar 10 09:05:51 GMT 2025","TestPrecision","test_network_parameters","",""
"","80","test_rpc_method_is_available[Test for QUARTZ, url: wss://eu-ws-quartz.unique.network]","tests","Mon Mar 10 09:06:43 GMT 2025","passed","Mon Mar 10 09:06:43 GMT 2025","","test_rpc_methods_availability","",""
"","210","test_rpc_node_is_synced[Test for XX network, url: wss://rpc.xx.network]","tests","Mon Mar 10 09:08:57 GMT 2025","passed","Mon Mar 10 09:08:57 GMT 2025","","test_substrate_node_is_synced","",""
"","133","test_rpc_method_is_available[Test for Kreivo, url: wss://kreivo.io/]","tests","Mon Mar 10 09:09:06 GMT 2025","passed","Mon Mar 10 09:09:07 GMT 2025","","test_rpc_methods_availability","",""
"","76","test_rpc_method_is_available[Test for Karura, url: wss://karura.api.onfinality.io/public-ws]","tests","Mon Mar 10 09:06:02 GMT 2025","passed","Mon Mar 10 09:06:02 GMT 2025","","test_rpc_methods_availability","",""
"","0","test_can_create_connection[Test for Kusama People, url: wss://people-kusama.dotters.network]","tests","Mon Mar 10 09:06:13 GMT 2025","passed","Mon Mar 10 09:06:13 GMT 2025","","test_nodes_availability","",""
"","0","test_chainId[Test for Encointer]","tests","Mon Mar 10 09:06:02 GMT 2025","passed","Mon Mar 10 09:06:02 GMT 2025","TestChainId","test_network_parameters","",""
"","0","test_can_create_connection[Test for Hyperbridge Nexus, url: wss://nexus.ibp.network]","tests","Mon Mar 10 09:09:29 GMT 2025","passed","Mon Mar 10 09:09:29 GMT 2025","","test_nodes_availability","",""
"","106","test_rpc_node_is_synced[Test for Kreivo, url: wss://kreivo.kippu.rocks/]","tests","Mon Mar 10 09:10:09 GMT 2025","passed","Mon Mar 10 09:10:10 GMT 2025","","test_substrate_node_is_synced","",""
"","79","test_rpc_method_is_available[Test for Creditcoin, url: wss://mainnet3.creditcoin.network]","tests","Mon Mar 10 09:09:17 GMT 2025","passed","Mon Mar 10 09:09:17 GMT 2025","","test_rpc_methods_availability","",""
"","0","test_can_create_connection[Test for peaq, url: wss://peaq-rpc.dwellir.com]","tests","Mon Mar 10 09:09:52 GMT 2025","passed","Mon Mar 10 09:09:52 GMT 2025","","test_nodes_availability","",""
"","66","test_rpc_node_is_synced[Test for Kabocha, url: wss://kabocha.jelliedowl.com]","tests","Mon Mar 10 09:08:24 GMT 2025","passed","Mon Mar 10 09:08:25 GMT 2025","","test_substrate_node_is_synced","",""
"","68","test_rpc_node_is_synced[Test for Bifrost Polkadot, url: wss://bifrost-polkadot.ibp.network]","tests","Mon Mar 10 09:09:16 GMT 2025","passed","Mon Mar 10 09:09:16 GMT 2025","","test_substrate_node_is_synced","",""
"","3","test_has_new_assets[Test for Astar]","tests","Mon Mar 10 09:06:01 GMT 2025","passed","Mon Mar 10 09:06:01 GMT 2025","TestAssets","test_check_new_assets","",""
"","0","test_chainId[Test for Avail]","tests","Mon Mar 10 09:07:06 GMT 2025","passed","Mon Mar 10 09:07:06 GMT 2025","TestChainId","test_network_parameters","",""
"","120","test_rpc_method_is_available[Test for Cere, url: wss://rpc.mainnet.cere.network/ws]","tests","Mon Mar 10 09:09:14 GMT 2025","passed","Mon Mar 10 09:09:14 GMT 2025","","test_rpc_methods_availability","",""
"","3","test_has_new_assets[Test for NeuroWeb]","tests","Mon Mar 10 09:06:28 GMT 2025","passed","Mon Mar 10 09:06:28 GMT 2025","TestAssets","test_check_new_assets","",""
"","1","test_can_create_connection[Test for Hyperbridge Nexus, url: wss://nexus.dotters.network]","tests","Mon Mar 10 09:09:32 GMT 2025","passed","Mon Mar 10 09:09:32 GMT 2025","","test_nodes_availability","",""
"","0","test_can_create_connection[Test for Turing, url: wss://turing-rpc.dwellir.com]","tests","Mon Mar 10 09:08:02 GMT 2025","passed","Mon Mar 10 09:08:02 GMT 2025","","test_nodes_availability","",""
"","67","test_rpc_method_is_available[Test for Tangle, url: wss://tangle-mainnet-rpc.dwellir.com]","tests","Mon Mar 10 09:09:31 GMT 2025","passed","Mon Mar 10 09:09:31 GMT 2025","","test_rpc_methods_availability","",""
"","0","test_can_create_connection[Test for Kusama People, url: wss://ksm-rpc.stakeworld.io/people]","tests","Mon Mar 10 09:06:16 GMT 2025","passed","Mon Mar 10 09:06:16 GMT 2025","","test_nodes_availability","",""
"","0","test_precision[Test for Kabocha]","tests","Mon Mar 10 09:06:05 GMT 2025","passed","Mon Mar 10 09:06:05 GMT 2025","TestPrecision","test_network_parameters","",""
"","0","test_address_prefix[Test for Polkadot Collectives]","tests","Mon Mar 10 09:06:52 GMT 2025","passed","Mon Mar 10 09:06:52 GMT 2025","TestNetworkPrefix","test_network_parameters","",""
"","1","test_can_create_connection[Test for Frequency, url: wss://1.rpc.frequency.xyz]","tests","Mon Mar 10 09:08:37 GMT 2025","passed","Mon Mar 10 09:08:37 GMT 2025","","test_nodes_availability","",""
"","6","test_has_new_assets[Test for Hydration]","tests","Mon Mar 10 09:06:26 GMT 2025","passed","Mon Mar 10 09:06:26 GMT 2025","TestAssets","test_check_new_assets","",""
"","0","test_can_create_connection[Test for Moonriver, url: wss://wss.api.moonriver.moonbeam.network]","tests","Mon Mar 10 09:06:03 GMT 2025","passed","Mon Mar 10 09:06:03 GMT 2025","","test_nodes_availability","",""
"","0","test_can_create_connection[Test for NeuroWeb, url: wss://parachain-rpc.origin-trail.network]","tests","Mon Mar 10 09:08:22 GMT 2025","passed","Mon Mar 10 09:08:22 GMT 2025","","test_nodes_availability","",""
"","23","test_rpc_node_is_synced[Test for Polkadot Asset Hub, url: wss://asset-hub-polkadot.dotters.network]","tests","Mon Mar 10 09:08:02 GMT 2025","passed","Mon Mar 10 09:08:02 GMT 2025","","test_substrate_node_is_synced","",""
"","6","test_has_new_assets[Test for Moonbeam]","tests","Mon Mar 10 09:05:56 GMT 2025","passed","Mon Mar 10 09:05:56 GMT 2025","TestAssets","test_check_new_assets","",""
"","4","test_has_new_assets[Test for Aventus]","tests","Mon Mar 10 09:06:49 GMT 2025","passed","Mon Mar 10 09:06:49 GMT 2025","TestAssets","test_check_new_assets","",""
"","0","test_chainId[Test for Cere]","tests","Mon Mar 10 09:07:03 GMT 2025","passed","Mon Mar 10 09:07:03 GMT 2025","TestChainId","test_network_parameters","",""
"","0","test_can_create_connection[Test for Polkadot, url: wss://rpc.ibp.network/polkadot]","tests","Mon Mar 10 09:05:58 GMT 2025","passed","Mon Mar 10 09:05:58 GMT 2025","","test_nodes_availability","",""
"","169","test_rpc_node_is_synced[Test for Bit.Country Pioneer, url: wss://pioneer-rpc-2.bit.country/wss]","tests","Mon Mar 10 09:07:36 GMT 2025","passed","Mon Mar 10 09:07:36 GMT 2025","","test_substrate_node_is_synced","",""
"","200","test_rpc_node_is_synced[Test for Kusama, url: wss://rpc-kusama-1.novasama-tech.org]","tests","Mon Mar 10 09:06:36 GMT 2025","passed","Mon Mar 10 09:06:36 GMT 2025","","test_substrate_node_is_synced","",""
"","1","test_address_prefix[Test for Karura]","tests","Mon Mar 10 09:05:55 GMT 2025","passed","Mon Mar 10 09:05:55 GMT 2025","TestNetworkPrefix","test_network_parameters","",""
"","169","test_rpc_node_is_synced[Test for NeuroWeb, url: wss://neuroweb-rpc.dwellir.com]","tests","Mon Mar 10 09:09:11 GMT 2025","passed","Mon Mar 10 09:09:11 GMT 2025","","test_substrate_node_is_synced","",""
"","0","test_can_create_connection[Test for 3DPass, url: wss://rpc.3dpscan.io]","tests","Mon Mar 10 09:08:53 GMT 2025","passed","Mon Mar 10 09:08:53 GMT 2025","","test_nodes_availability","",""
"","166","test_rpc_node_is_synced[Test for Moonbeam, url: wss://moonbeam.public.curie.radiumblock.co/ws]","tests","Mon Mar 10 09:05:52 GMT 2025","passed","Mon Mar 10 09:05:52 GMT 2025","","test_substrate_node_is_synced","",""
"","6","test_has_new_assets[Test for Amplitude]","tests","Mon Mar 10 09:06:34 GMT 2025","passed","Mon Mar 10 09:06:34 GMT 2025","TestAssets","test_check_new_assets","",""
"","352","test_rpc_node_is_synced[Test for Kusama, url: wss://kusama.api.onfinality.io/public-ws]","tests","Mon Mar 10 09:06:43 GMT 2025","passed","Mon Mar 10 09:06:44 GMT 2025","","test_substrate_node_is_synced","",""
"","68","test_rpc_node_is_synced[Test for Interlay, url: wss://rpc-interlay.luckyfriday.io/]","tests","Mon Mar 10 09:07:47 GMT 2025","passed","Mon Mar 10 09:07:47 GMT 2025","","test_substrate_node_is_synced","",""
"","0","test_can_create_connection[Test for Kusama, url: wss://kusama.public.curie.radiumblock.co/ws]","tests","Mon Mar 10 09:06:13 GMT 2025","passed","Mon Mar 10 09:06:13 GMT 2025","","test_nodes_availability","",""
"","34","test_has_new_assets[Test for Interlay]","tests","Mon Mar 10 09:06:32 GMT 2025","passed","Mon Mar 10 09:06:32 GMT 2025","TestAssets","test_check_new_assets","",""
"","70","test_rpc_method_is_available[Test for Phala, url: wss://rpc.helikon.io/phala]","tests","Mon Mar 10 09:07:21 GMT 2025","passed","Mon Mar 10 09:07:21 GMT 2025","","test_rpc_methods_availability","",""
"","0","test_precision[Test for Moonbeam]","tests","Mon Mar 10 09:05:46 GMT 2025","passed","Mon Mar 10 09:05:46 GMT 2025","TestPrecision","test_network_parameters","",""
"","69","test_rpc_method_is_available[Test for Kusama, url: wss://rpc-kusama.luckyfriday.io]","tests","Mon Mar 10 09:05:51 GMT 2025","passed","Mon Mar 10 09:05:51 GMT 2025","","test_rpc_methods_availability","",""
"","69","test_rpc_method_is_available[Test for Bajun, url: wss://rpc-para.bajun.network]","tests","Mon Mar 10 09:07:52 GMT 2025","passed","Mon Mar 10 09:07:52 GMT 2025","","test_rpc_methods_availability","",""
"","0","test_can_create_connection[Test for Polkadot, url: wss://rpc-polkadot-1.novasama-tech.org]","tests","Mon Mar 10 09:05:51 GMT 2025","passed","Mon Mar 10 09:05:51 GMT 2025","","test_nodes_availability","",""
"","170","test_rpc_node_is_synced[Test for Heima, url: wss://litentry-rpc.dwellir.com]","tests","Mon Mar 10 09:08:37 GMT 2025","passed","Mon Mar 10 09:08:37 GMT 2025","","test_substrate_node_is_synced","",""
"","0","test_address_prefix[Test for Robonomics]","tests","Mon Mar 10 09:06:16 GMT 2025","passed","Mon Mar 10 09:06:16 GMT 2025","TestNetworkPrefix","test_network_parameters","",""
"","7","test_has_new_assets[Test for Centrifuge Parachain]","tests","Mon Mar 10 09:06:21 GMT 2025","passed","Mon Mar 10 09:06:21 GMT 2025","TestAssets","test_check_new_assets","",""
"","5","test_has_new_assets[Test for Polkadot Collectives]","tests","Mon Mar 10 09:06:56 GMT 2025","passed","Mon Mar 10 09:06:56 GMT 2025","TestAssets","test_check_new_assets","",""
"","0","test_can_create_connection[Test for Phala, url: wss://phala.api.onfinality.io/public-ws]","tests","Mon Mar 10 09:07:38 GMT 2025","passed","Mon Mar 10 09:07:38 GMT 2025","","test_nodes_availability","",""
"","0","test_can_create_connection[Test for Polkadot Asset Hub, url: wss://statemint.api.onfinality.io/public-ws]","tests","Mon Mar 10 09:07:56 GMT 2025","passed","Mon Mar 10 09:07:56 GMT 2025","","test_nodes_availability","",""
"","0","test_precision[Test for InvArch]","tests","Mon Mar 10 09:06:47 GMT 2025","passed","Mon Mar 10 09:06:47 GMT 2025","TestPrecision","test_network_parameters","",""
"","88","test_rpc_node_is_synced[Test for peaq, url: wss://peaq-rpc.publicnode.com]","tests","Mon Mar 10 09:10:26 GMT 2025","passed","Mon Mar 10 09:10:26 GMT 2025","","test_substrate_node_is_synced","",""
"","1","test_address_prefix[Test for Cere]","tests","Mon Mar 10 09:07:18 GMT 2025","passed","Mon Mar 10 09:07:18 GMT 2025","TestNetworkPrefix","test_network_parameters","",""
"","72","test_rpc_method_is_available[Test for Acala, url: wss://acala-rpc-2.aca-api.network/ws]","tests","Mon Mar 10 09:07:21 GMT 2025","passed","Mon Mar 10 09:07:21 GMT 2025","","test_rpc_methods_availability","",""
"","0","test_address_prefix[Test for Hyperbridge Nexus]","tests","Mon Mar 10 09:07:12 GMT 2025","passed","Mon Mar 10 09:07:12 GMT 2025","TestNetworkPrefix","test_network_parameters","",""
"","390","test_rpc_node_is_synced[Test for Acala, url: wss://acala-rpc-0.aca-api.network]","tests","Mon Mar 10 09:07:51 GMT 2025","passed","Mon Mar 10 09:07:52 GMT 2025","","test_substrate_node_is_synced","",""
"","135","test_rpc_method_is_available[Test for peaq, url: wss://peaq-rpc.dwellir.com]","tests","Mon Mar 10 09:09:25 GMT 2025","passed","Mon Mar 10 09:09:25 GMT 2025","","test_rpc_methods_availability","",""
"","0","test_rpc_node_is_synced[Test for Zeitgeist, url: wss://main.rpc.zeitgeist.pm/ws]","tests","Mon Mar 10 09:07:49 GMT 2025","broken","Mon Mar 10 09:07:49 GMT 2025","","test_substrate_node_is_synced","",""
"","1","test_precision[Test for Shiden]","tests","Mon Mar 10 09:05:52 GMT 2025","passed","Mon Mar 10 09:05:52 GMT 2025","TestPrecision","test_network_parameters","",""
