"DESCRIPTION","DURATION IN MS","NAME","PARENT SUITE","START TIME","STATUS","STOP TIME","SUB SUITE","SUITE","TEST CLASS","TEST METHOD"
"","1","test_address_prefix[Test for Altair]","tests","Sat Mar 07 09:09:01 UTC 2026","passed","Sat Mar 07 09:09:01 UTC 2026","TestNetworkPrefix","test_network_parameters","",""
"","0","test_rpc_node_is_synced[Test for QUARTZ, url: wss://eu-ws-quartz.unique.network]","tests","Sat Mar 07 09:11:10 UTC 2026","broken","Sat Mar 07 09:11:10 UTC 2026","","test_substrate_node_is_synced","",""
"","336","test_rpc_method_is_available[Test for Kusama Asset Hub, url: wss://asset-hub-kusama.dotters.network]","tests","Sat Mar 07 09:08:46 UTC 2026","passed","Sat Mar 07 09:08:47 UTC 2026","","test_rpc_methods_availability","",""
"","54","test_rpc_node_is_synced[Test for Avail, url: wss://avail.api.onfinality.io/public-ws]","tests","Sat Mar 07 09:12:39 UTC 2026","passed","Sat Mar 07 09:12:39 UTC 2026","","test_substrate_node_is_synced","",""
"","0","test_address_prefix[Test for Tanssi]","tests","Sat Mar 07 09:10:44 UTC 2026","passed","Sat Mar 07 09:10:44 UTC 2026","TestNetworkPrefix","test_network_parameters","",""
"","111","test_rpc_method_is_available[Test for Polymesh, url: wss://mainnet-rpc.polymesh.network]","tests","Sat Mar 07 09:11:21 UTC 2026","passed","Sat Mar 07 09:11:21 UTC 2026","","test_rpc_methods_availability","",""
"","0","test_precision[Test for Phala]","tests","Sat Mar 07 09:09:49 UTC 2026","passed","Sat Mar 07 09:09:49 UTC 2026","TestPrecision","test_network_parameters","",""
"","0","test_chainId[Test for Frequency]","tests","Sat Mar 07 09:09:43 UTC 2026","passed","Sat Mar 07 09:09:43 UTC 2026","TestChainId","test_network_parameters","",""
"","76","test_rpc_node_is_synced[Test for peaq, url: wss://peaq-rpc.publicnode.com]","tests","Sat Mar 07 09:12:58 UTC 2026","passed","Sat Mar 07 09:12:58 UTC 2026","","test_substrate_node_is_synced","",""
"","0","test_chainId[Test for Bifrost Kusama]","tests","Sat Mar 07 09:08:57 UTC 2026","passed","Sat Mar 07 09:08:57 UTC 2026","TestChainId","test_network_parameters","",""
"","36","test_rpc_node_is_synced[Test for Polkadot People, url: wss://people-polkadot.dotters.network]","tests","Sat Mar 07 09:09:07 UTC 2026","passed","Sat Mar 07 09:09:07 UTC 2026","","test_substrate_node_is_synced","",""
"","576","test_rpc_method_is_available[Test for Kusama Asset Hub, url: wss://sys.ibp.network/statemine]","tests","Sat Mar 07 09:09:41 UTC 2026","passed","Sat Mar 07 09:09:41 UTC 2026","","test_rpc_methods_availability","",""
"","217","test_rpc_node_is_synced[Test for Crust Shadow, url: wss://rpc-shadow.crust.network/]","tests","Sat Mar 07 09:10:10 UTC 2026","passed","Sat Mar 07 09:10:10 UTC 2026","","test_substrate_node_is_synced","",""
"","136","test_rpc_node_is_synced[Test for Kusama People, url: wss://kusama-people-rpc.polkadot.io]","tests","Sat Mar 07 09:09:17 UTC 2026","passed","Sat Mar 07 09:09:17 UTC 2026","","test_substrate_node_is_synced","",""
"","36","test_rpc_node_is_synced[Test for Polkadot Relay, url: wss://rpc.ibp.network/polkadot]","tests","Sat Mar 07 09:09:02 UTC 2026","passed","Sat Mar 07 09:09:02 UTC 2026","","test_substrate_node_is_synced","",""
"","1","test_chainId[Test for Avail]","tests","Sat Mar 07 09:10:16 UTC 2026","passed","Sat Mar 07 09:10:16 UTC 2026","TestChainId","test_network_parameters","",""
"","0","test_precision[Test for DENTNet]","tests","Sat Mar 07 09:10:39 UTC 2026","passed","Sat Mar 07 09:10:39 UTC 2026","TestPrecision","test_network_parameters","",""
"","96","test_rpc_method_is_available[Test for Robonomics, url: wss://kusama.rpc.robonomics.network/]","tests","Sat Mar 07 09:11:48 UTC 2026","passed","Sat Mar 07 09:11:48 UTC 2026","","test_rpc_methods_availability","",""
"","0","test_chainId[Test for Acala]","tests","Sat Mar 07 09:09:08 UTC 2026","passed","Sat Mar 07 09:09:08 UTC 2026","TestChainId","test_network_parameters","",""
"","42","test_rpc_method_is_available[Test for Encointer, url: wss://api.kusama.encointer.org]","tests","Sat Mar 07 09:09:43 UTC 2026","passed","Sat Mar 07 09:09:43 UTC 2026","","test_rpc_methods_availability","",""
"","0","test_precision[Test for Ajuna]","tests","Sat Mar 07 09:10:04 UTC 2026","passed","Sat Mar 07 09:10:04 UTC 2026","TestPrecision","test_network_parameters","",""
"","0","test_precision[Test for Hydration]","tests","Sat Mar 07 09:09:25 UTC 2026","passed","Sat Mar 07 09:09:25 UTC 2026","TestPrecision","test_network_parameters","",""
"","0","test_address_prefix[Test for Amplitude]","tests","Sat Mar 07 09:09:35 UTC 2026","broken","Sat Mar 07 09:09:35 UTC 2026","TestNetworkPrefix","test_network_parameters","",""
"","0","test_rpc_method_is_available[Test for QUARTZ, url: wss://quartz.unique.network]","tests","Sat Mar 07 09:10:59 UTC 2026","broken","Sat Mar 07 09:10:59 UTC 2026","","test_rpc_methods_availability","",""
"","0","test_precision[Test for Pendulum]","tests","Sat Mar 07 09:10:16 UTC 2026","passed","Sat Mar 07 09:10:16 UTC 2026","TestPrecision","test_network_parameters","",""
"","42","test_rpc_method_is_available[Test for NeuroWeb, url: wss://parachain-rpc.origin-trail.network]","tests","Sat Mar 07 09:10:44 UTC 2026","passed","Sat Mar 07 09:10:44 UTC 2026","","test_rpc_methods_availability","",""
"","0","test_chainId[Test for Zeitgeist]","tests","Sat Mar 07 09:09:29 UTC 2026","passed","Sat Mar 07 09:09:29 UTC 2026","TestChainId","test_network_parameters","",""
"","130","test_rpc_node_is_synced[Test for Humanode, url: wss://explorer-rpc-ws.mainnet.stages.humanode.io]","tests","Sat Mar 07 09:12:51 UTC 2026","passed","Sat Mar 07 09:12:51 UTC 2026","","test_substrate_node_is_synced","",""
"","0","test_address_prefix[Test for Kusama People]","tests","Sat Mar 07 09:09:05 UTC 2026","passed","Sat Mar 07 09:09:05 UTC 2026","TestNetworkPrefix","test_network_parameters","",""
"","37","test_rpc_node_is_synced[Test for Kusama People, url: wss://people-kusama.dotters.network]","tests","Sat Mar 07 09:09:22 UTC 2026","passed","Sat Mar 07 09:09:22 UTC 2026","","test_substrate_node_is_synced","",""
"","136","test_rpc_node_is_synced[Test for Basilisk, url: wss://basilisk-rpc.n.dwellir.com]","tests","Sat Mar 07 09:10:09 UTC 2026","passed","Sat Mar 07 09:10:09 UTC 2026","","test_substrate_node_is_synced","",""
"","1","test_precision[Test for Zeitgeist]","tests","Sat Mar 07 09:09:36 UTC 2026","passed","Sat Mar 07 09:09:36 UTC 2026","TestPrecision","test_network_parameters","",""
"","100","test_rpc_method_is_available[Test for Basilisk, url: wss://basilisk-rpc.n.dwellir.com]","tests","Sat Mar 07 09:10:10 UTC 2026","passed","Sat Mar 07 09:10:10 UTC 2026","","test_rpc_methods_availability","",""
"","0","test_precision[Test for Tangle]","tests","Sat Mar 07 09:10:50 UTC 2026","passed","Sat Mar 07 09:10:50 UTC 2026","TestPrecision","test_network_parameters","",""
"","158","test_rpc_method_is_available[Test for Avail, url: wss://avail.api.onfinality.io/public-ws]","tests","Sat Mar 07 09:12:38 UTC 2026","passed","Sat Mar 07 09:12:38 UTC 2026","","test_rpc_methods_availability","",""
"","103","test_rpc_method_is_available[Test for Acurast, url: wss://public-archive.mainnet.acurast.com]","tests","Sat Mar 07 09:13:06 UTC 2026","passed","Sat Mar 07 09:13:06 UTC 2026","","test_rpc_methods_availability","",""
"","0","test_precision[Test for Vara]","tests","Sat Mar 07 09:10:11 UTC 2026","passed","Sat Mar 07 09:10:11 UTC 2026","TestPrecision","test_network_parameters","",""
"","0","test_precision[Test for Moonriver]","tests","Sat Mar 07 09:08:50 UTC 2026","passed","Sat Mar 07 09:08:50 UTC 2026","TestPrecision","test_network_parameters","",""
"","1","test_precision[Test for Astar]","tests","Sat Mar 07 09:09:12 UTC 2026","passed","Sat Mar 07 09:09:12 UTC 2026","TestPrecision","test_network_parameters","",""
"","1","test_precision[Test for Polkadot Bridge Hub]","tests","Sat Mar 07 09:10:05 UTC 2026","passed","Sat Mar 07 09:10:05 UTC 2026","TestPrecision","test_network_parameters","",""
"","75","test_rpc_method_is_available[Test for Frequency, url: wss://0.rpc.frequency.xyz]","tests","Sat Mar 07 09:11:56 UTC 2026","passed","Sat Mar 07 09:11:56 UTC 2026","","test_rpc_methods_availability","",""
"","0","test_chainId[Test for krest]","tests","Sat Mar 07 09:10:06 UTC 2026","passed","Sat Mar 07 09:10:06 UTC 2026","TestChainId","test_network_parameters","",""
"","37","test_rpc_node_is_synced[Test for Avail, url: wss://mainnet.avail-rpc.com/]","tests","Sat Mar 07 09:12:44 UTC 2026","passed","Sat Mar 07 09:12:44 UTC 2026","","test_substrate_node_is_synced","",""
"","304","test_rpc_node_work_fast[Test for Ethereum, url: https://ethereum-rpc.publicnode.com]","tests","Sat Mar 07 09:08:42 UTC 2026","passed","Sat Mar 07 09:08:42 UTC 2026","TestETHNodesAvailability","test_eth_nodes_availability","",""
"","36","test_rpc_node_is_synced[Test for Polkadot Coretime, url: wss://coretime-polkadot.dotters.network]","tests","Sat Mar 07 09:12:57 UTC 2026","passed","Sat Mar 07 09:12:57 UTC 2026","","test_substrate_node_is_synced","",""
"","320","test_rpc_node_is_synced[Test for DENTNet, url: wss://rpc.dentnet.io/ws]","tests","Sat Mar 07 09:12:46 UTC 2026","passed","Sat Mar 07 09:12:47 UTC 2026","","test_substrate_node_is_synced","",""
"","0","test_precision[Test for Kintsugi]","tests","Sat Mar 07 09:09:31 UTC 2026","passed","Sat Mar 07 09:09:31 UTC 2026","TestPrecision","test_network_parameters","",""
"","148","test_rpc_node_is_synced[Test for Heima, url: wss://rpc.litentry-parachain.litentry.io]","tests","Sat Mar 07 09:11:27 UTC 2026","passed","Sat Mar 07 09:11:27 UTC 2026","","test_substrate_node_is_synced","",""
"","36","test_rpc_node_is_synced[Test for Kusama Asset Hub, url: wss://sys.ibp.network/statemine]","tests","Sat Mar 07 09:11:21 UTC 2026","passed","Sat Mar 07 09:11:21 UTC 2026","","test_substrate_node_is_synced","",""
"","149","test_rpc_method_is_available[Test for Kusama People, url: wss://sys.ibp.network/people-kusama]","tests","Sat Mar 07 09:09:10 UTC 2026","passed","Sat Mar 07 09:09:10 UTC 2026","","test_rpc_methods_availability","",""
"","51","test_rpc_node_is_synced[Test for GIANT, url: wss://rpc-anchor-2-mainnet-az-ue1.giantprotocol.org:443]","tests","Sat Mar 07 09:11:52 UTC 2026","passed","Sat Mar 07 09:11:52 UTC 2026","","test_substrate_node_is_synced","",""
"","464","test_rpc_node_is_synced[Test for Polkadot Coretime, url: wss://polkadot-coretime-rpc.polkadot.io]","tests","Sat Mar 07 09:13:04 UTC 2026","passed","Sat Mar 07 09:13:05 UTC 2026","","test_substrate_node_is_synced","",""
"","142","test_rpc_node_is_synced[Test for Darwinia, url: wss://rpc.darwinia.network]","tests","Sat Mar 07 09:11:50 UTC 2026","passed","Sat Mar 07 09:11:51 UTC 2026","","test_substrate_node_is_synced","",""
"","24","test_rpc_node_is_synced[Test for Polkadot People, url: wss://people-polkadot.public.curie.radiumblock.co/ws]","tests","Sat Mar 07 09:09:12 UTC 2026","passed","Sat Mar 07 09:09:12 UTC 2026","","test_substrate_node_is_synced","",""
"","51","test_rpc_node_is_synced[Test for Bifrost Polkadot, url: wss://bifrost-polkadot.dotters.network]","tests","Sat Mar 07 09:11:05 UTC 2026","passed","Sat Mar 07 09:11:05 UTC 2026","","test_substrate_node_is_synced","",""
"","56","test_rpc_method_is_available[Test for Frequency, url: wss://1.rpc.frequency.xyz]","tests","Sat Mar 07 09:11:58 UTC 2026","passed","Sat Mar 07 09:11:58 UTC 2026","","test_rpc_methods_availability","",""
"","45","test_rpc_method_is_available[Test for Bifrost Polkadot, url: wss://eu.bifrost-polkadot-rpc.liebi.com/ws]","tests","Sat Mar 07 09:11:10 UTC 2026","passed","Sat Mar 07 09:11:10 UTC 2026","","test_rpc_methods_availability","",""
"","167","test_rpc_method_is_available[Test for Polkadot Collectives, url: wss://sys.ibp.network/collectives-polkadot]","tests","Sat Mar 07 09:12:05 UTC 2026","passed","Sat Mar 07 09:12:05 UTC 2026","","test_rpc_methods_availability","",""
"","1","test_chainId[Test for Phala]","tests","Sat Mar 07 09:09:40 UTC 2026","passed","Sat Mar 07 09:09:40 UTC 2026","TestChainId","test_network_parameters","",""
"","98","test_rpc_method_is_available[Test for 3DPass, url: wss://rpc.p3d.top]","tests","Sat Mar 07 09:12:29 UTC 2026","passed","Sat Mar 07 09:12:29 UTC 2026","","test_rpc_methods_availability","",""
"","1","test_chainId[Test for Robonomics]","tests","Sat Mar 07 09:09:16 UTC 2026","passed","Sat Mar 07 09:09:16 UTC 2026","TestChainId","test_network_parameters","",""
"","36","test_rpc_node_is_synced[Test for Kusama Relay, url: wss://kusama.dotters.network]","tests","Sat Mar 07 09:09:04 UTC 2026","passed","Sat Mar 07 09:09:04 UTC 2026","","test_substrate_node_is_synced","",""
"","104","test_rpc_method_is_available[Test for Kusama People, url: wss://kusama-people-rpc.polkadot.io]","tests","Sat Mar 07 09:09:07 UTC 2026","passed","Sat Mar 07 09:09:07 UTC 2026","","test_rpc_methods_availability","",""
"","0","test_address_prefix[Test for Zeitgeist]","tests","Sat Mar 07 09:09:41 UTC 2026","passed","Sat Mar 07 09:09:41 UTC 2026","TestNetworkPrefix","test_network_parameters","",""
"","76","test_rpc_node_is_synced[Test for Ethereum, url: https://1rpc.io/eth]","tests","Sat Mar 07 09:08:53 UTC 2026","broken","Sat Mar 07 09:08:53 UTC 2026","TestETHNodesAvailability","test_eth_nodes_availability","",""
"","131","test_rpc_node_is_synced[Test for Vara, url: wss://rpc.vara-network.io]","tests","Sat Mar 07 09:12:14 UTC 2026","passed","Sat Mar 07 09:12:14 UTC 2026","","test_substrate_node_is_synced","",""
"","0","test_rpc_method_is_available[Test for Amplitude, url: wss://rpc-amplitude.pendulumchain.tech]","tests","Sat Mar 07 09:11:12 UTC 2026","broken","Sat Mar 07 09:11:12 UTC 2026","","test_rpc_methods_availability","",""
"","0","test_address_prefix[Test for Hydration]","tests","Sat Mar 07 09:09:33 UTC 2026","passed","Sat Mar 07 09:09:33 UTC 2026","TestNetworkPrefix","test_network_parameters","",""
"","0","test_precision[Test for Polkadot Coretime]","tests","Sat Mar 07 09:10:51 UTC 2026","passed","Sat Mar 07 09:10:51 UTC 2026","TestPrecision","test_network_parameters","",""
"","155","test_rpc_method_is_available[Test for Cere, url: wss://rpc.mainnet.cere.network/ws]","tests","Sat Mar 07 09:12:42 UTC 2026","passed","Sat Mar 07 09:12:42 UTC 2026","","test_rpc_methods_availability","",""
"","0","test_address_prefix[Test for Polkadot Coretime]","tests","Sat Mar 07 09:10:37 UTC 2026","passed","Sat Mar 07 09:10:37 UTC 2026","TestNetworkPrefix","test_network_parameters","",""
"","0","test_address_prefix[Test for DENTNet]","tests","Sat Mar 07 09:10:31 UTC 2026","passed","Sat Mar 07 09:10:31 UTC 2026","TestNetworkPrefix","test_network_parameters","",""
"","0","test_address_prefix[Test for Curio]","tests","Sat Mar 07 09:10:24 UTC 2026","broken","Sat Mar 07 09:10:24 UTC 2026","TestNetworkPrefix","test_network_parameters","",""
"","0","test_precision[Test for Darwinia]","tests","Sat Mar 07 09:10:06 UTC 2026","passed","Sat Mar 07 09:10:06 UTC 2026","TestPrecision","test_network_parameters","",""
"","99","test_rpc_method_is_available[Test for Basilisk, url: wss://rpc.basilisk.cloud]","tests","Sat Mar 07 09:10:16 UTC 2026","passed","Sat Mar 07 09:10:16 UTC 2026","","test_rpc_methods_availability","",""
"","174","test_rpc_method_is_available[Test for Polkadot Relay, url: wss://rpc.ibp.network/polkadot]","tests","Sat Mar 07 09:09:00 UTC 2026","passed","Sat Mar 07 09:09:00 UTC 2026","","test_rpc_methods_availability","",""
"","0","test_address_prefix[Test for Shiden]","tests","Sat Mar 07 09:09:07 UTC 2026","passed","Sat Mar 07 09:09:07 UTC 2026","TestNetworkPrefix","test_network_parameters","",""
"","176","test_rpc_node_is_synced[Test for Kusama Relay, url: wss://rpc-kusama-1.novasama-tech.org]","tests","Sat Mar 07 09:09:36 UTC 2026","passed","Sat Mar 07 09:09:36 UTC 2026","","test_substrate_node_is_synced","",""
"","141","test_rpc_method_is_available[Test for Ajuna, url: wss://rpc-para.ajuna.network]","tests","Sat Mar 07 09:12:04 UTC 2026","passed","Sat Mar 07 09:12:04 UTC 2026","","test_rpc_methods_availability","",""
"","141","test_rpc_node_is_synced[Test for Polkadot Bridge Hub, url: wss://dot-rpc.stakeworld.io/bridgehub]","tests","Sat Mar 07 09:12:01 UTC 2026","passed","Sat Mar 07 09:12:02 UTC 2026","","test_substrate_node_is_synced","",""
"","55","test_rpc_node_is_synced[Test for Polkadot Relay, url: wss://dot-rpc.stakeworld.io]","tests","Sat Mar 07 09:09:16 UTC 2026","passed","Sat Mar 07 09:09:16 UTC 2026","","test_substrate_node_is_synced","",""
"","159","test_rpc_node_is_synced[Test for Kusama Bridge Hub, url: wss://ksm-rpc.stakeworld.io/bridgehub]","tests","Sat Mar 07 09:12:08 UTC 2026","passed","Sat Mar 07 09:12:08 UTC 2026","","test_substrate_node_is_synced","",""
"","165","test_rpc_method_is_available[Test for Polkadot People, url: wss://rpc-people-polkadot.luckyfriday.io]","tests","Sat Mar 07 09:08:59 UTC 2026","passed","Sat Mar 07 09:09:00 UTC 2026","","test_rpc_methods_availability","",""
"","1","test_precision[Test for Shiden]","tests","Sat Mar 07 09:08:56 UTC 2026","passed","Sat Mar 07 09:08:56 UTC 2026","TestPrecision","test_network_parameters","",""
"","0","test_precision[Test for NeuroWeb]","tests","Sat Mar 07 09:09:33 UTC 2026","passed","Sat Mar 07 09:09:33 UTC 2026","TestPrecision","test_network_parameters","",""
"","93","test_rpc_method_is_available[Test for Polkadot Coretime, url: wss://sys.ibp.network/coretime-polkadot]","tests","Sat Mar 07 09:12:48 UTC 2026","passed","Sat Mar 07 09:12:48 UTC 2026","","test_rpc_methods_availability","",""
"","0","test_rpc_method_is_available[Test for KILT, url: wss://kilt.ibp.network]","tests","Sat Mar 07 09:10:32 UTC 2026","broken","Sat Mar 07 09:10:32 UTC 2026","","test_rpc_methods_availability","",""
"","108","test_rpc_method_is_available[Test for Westend (TESTNET), url: wss://westend-rpc.polkadot.io]","tests","Sat Mar 07 09:09:30 UTC 2026","passed","Sat Mar 07 09:09:30 UTC 2026","","test_rpc_methods_availability","",""
"","77","test_rpc_method_is_available[Test for Heima, url: wss://rpc.litentry-parachain.litentry.io]","tests","Sat Mar 07 09:11:16 UTC 2026","passed","Sat Mar 07 09:11:16 UTC 2026","","test_rpc_methods_availability","",""
"","153","test_rpc_node_is_synced[Test for XX network, url: wss://rpc.xx.network]","tests","Sat Mar 07 09:11:56 UTC 2026","passed","Sat Mar 07 09:11:56 UTC 2026","","test_substrate_node_is_synced","",""
"","111","test_rpc_method_is_available[Test for Bifrost Kusama, url: wss://bifrost-rpc.liebi.com/ws]","tests","Sat Mar 07 09:09:58 UTC 2026","passed","Sat Mar 07 09:09:58 UTC 2026","","test_rpc_methods_availability","",""
"","0","test_chainId[Test for Amplitude]","tests","Sat Mar 07 09:09:23 UTC 2026","broken","Sat Mar 07 09:09:23 UTC 2026","TestChainId","test_network_parameters","",""
"","1","test_precision[Test for Acurast Canary]","tests","Sat Mar 07 09:10:30 UTC 2026","passed","Sat Mar 07 09:10:30 UTC 2026","TestPrecision","test_network_parameters","",""
"","0","test_chainId[Test for Crust Shadow]","tests","Sat Mar 07 09:09:08 UTC 2026","passed","Sat Mar 07 09:09:08 UTC 2026","TestChainId","test_network_parameters","",""
"","36","test_rpc_node_is_synced[Test for Polkadot Collectives, url: wss://collectives-polkadot.dotters.network]","tests","Sat Mar 07 09:12:05 UTC 2026","passed","Sat Mar 07 09:12:05 UTC 2026","","test_substrate_node_is_synced","",""
"","100","test_rpc_method_is_available[Test for Polkadot Relay, url: wss://polkadot.dotters.network]","tests","Sat Mar 07 09:09:03 UTC 2026","passed","Sat Mar 07 09:09:03 UTC 2026","","test_rpc_methods_availability","",""
"","0","test_chainId[Test for Moonriver]","tests","Sat Mar 07 09:08:46 UTC 2026","passed","Sat Mar 07 09:08:46 UTC 2026","TestChainId","test_network_parameters","",""
"","158","test_rpc_method_is_available[Test for peaq, url: wss://peaq-rpc.publicnode.com]","tests","Sat Mar 07 09:12:45 UTC 2026","passed","Sat Mar 07 09:12:45 UTC 2026","","test_rpc_methods_availability","",""
"","43","test_rpc_method_is_available[Test for Joystream, url: wss://rpc.joystream.org]","tests","Sat Mar 07 09:12:16 UTC 2026","passed","Sat Mar 07 09:12:16 UTC 2026","","test_rpc_methods_availability","",""
"","22","test_rpc_node_is_synced[Test for Moonbeam, url: wss://moonbeam.public.curie.radiumblock.co/ws]","tests","Sat Mar 07 09:09:25 UTC 2026","passed","Sat Mar 07 09:09:25 UTC 2026","","test_substrate_node_is_synced","",""
"","52","test_rpc_node_is_synced[Test for Westend (TESTNET), url: wss://westend.public.curie.radiumblock.co/ws]","tests","Sat Mar 07 09:11:15 UTC 2026","passed","Sat Mar 07 09:11:15 UTC 2026","","test_substrate_node_is_synced","",""
"","0","test_address_prefix[Test for Enjin Matrix]","tests","Sat Mar 07 09:10:14 UTC 2026","passed","Sat Mar 07 09:10:14 UTC 2026","TestNetworkPrefix","test_network_parameters","",""
"","1","test_chainId[Test for Westend (TESTNET)]","tests","Sat Mar 07 09:08:59 UTC 2026","passed","Sat Mar 07 09:08:59 UTC 2026","TestChainId","test_network_parameters","",""
"","177","test_rpc_method_is_available[Test for Polkadot People, url: wss://polkadot-people-rpc.polkadot.io]","tests","Sat Mar 07 09:08:51 UTC 2026","passed","Sat Mar 07 09:08:51 UTC 2026","","test_rpc_methods_availability","",""
"","0","test_precision[Test for Centrifuge Parachain]","tests","Sat Mar 07 09:09:20 UTC 2026","passed","Sat Mar 07 09:09:20 UTC 2026","TestPrecision","test_network_parameters","",""
"","105","test_rpc_method_is_available[Test for Kusama Coretime, url: wss://ksm-rpc.stakeworld.io/coretime]","tests","Sat Mar 07 09:13:01 UTC 2026","passed","Sat Mar 07 09:13:02 UTC 2026","","test_rpc_methods_availability","",""
"","63","test_rpc_method_is_available[Test for Zeitgeist, url: wss://zeitgeist.api.onfinality.io/public-ws]","tests","Sat Mar 07 09:09:57 UTC 2026","passed","Sat Mar 07 09:09:57 UTC 2026","","test_rpc_methods_availability","",""
"","0","test_precision[Test for Altair]","tests","Sat Mar 07 09:08:52 UTC 2026","passed","Sat Mar 07 09:08:52 UTC 2026","TestPrecision","test_network_parameters","",""
"","37","test_rpc_node_is_synced[Test for Polkadot Coretime, url: wss://sys.ibp.network/coretime-polkadot]","tests","Sat Mar 07 09:12:54 UTC 2026","passed","Sat Mar 07 09:12:54 UTC 2026","","test_substrate_node_is_synced","",""
"","51","test_rpc_node_is_synced[Test for Moonbeam, url: wss://moonbeam.ibp.network]","tests","Sat Mar 07 09:09:16 UTC 2026","passed","Sat Mar 07 09:09:16 UTC 2026","","test_substrate_node_is_synced","",""
"","100","test_rpc_method_is_available[Test for Enjin Relay, url: wss://rpc.relay.blockchain.enjin.io]","tests","Sat Mar 07 09:12:15 UTC 2026","passed","Sat Mar 07 09:12:15 UTC 2026","","test_rpc_methods_availability","",""
"","175","test_rpc_method_is_available[Test for Tangle, url: wss://rpc.tangle.tools]","tests","Sat Mar 07 09:12:52 UTC 2026","passed","Sat Mar 07 09:12:52 UTC 2026","","test_rpc_methods_availability","",""
"","37","test_rpc_node_is_synced[Test for Polkadot Asset Hub, url: wss://asset-hub-polkadot.dotters.network]","tests","Sat Mar 07 09:10:40 UTC 2026","passed","Sat Mar 07 09:10:40 UTC 2026","","test_substrate_node_is_synced","",""
"","101","test_rpc_method_is_available[Test for Polkadot Relay, url: wss://1rpc.io/dot]","tests","Sat Mar 07 09:09:24 UTC 2026","passed","Sat Mar 07 09:09:24 UTC 2026","","test_rpc_methods_availability","",""
"","159","test_rpc_node_is_synced[Test for Kusama Coretime, url: wss://ksm-rpc.stakeworld.io/coretime]","tests","Sat Mar 07 09:13:06 UTC 2026","passed","Sat Mar 07 09:13:07 UTC 2026","","test_substrate_node_is_synced","",""
"","50","test_rpc_node_is_synced[Test for Centrifuge Parachain, url: wss://rpc-centrifuge.luckyfriday.io]","tests","Sat Mar 07 09:10:20 UTC 2026","passed","Sat Mar 07 09:10:20 UTC 2026","","test_substrate_node_is_synced","",""
"","1","test_precision[Test for Joystream]","tests","Sat Mar 07 09:10:26 UTC 2026","passed","Sat Mar 07 09:10:26 UTC 2026","TestPrecision","test_network_parameters","",""
"","0","test_address_prefix[Test for Westend (TESTNET)]","tests","Sat Mar 07 09:09:12 UTC 2026","passed","Sat Mar 07 09:09:12 UTC 2026","TestNetworkPrefix","test_network_parameters","",""
"","0","test_precision[Test for Kusama Bridge Hub]","tests","Sat Mar 07 09:10:10 UTC 2026","passed","Sat Mar 07 09:10:10 UTC 2026","TestPrecision","test_network_parameters","",""
"","643","test_rpc_node_is_synced[Test for Acala, url: wss://acala-rpc-1.aca-api.network]","tests","Sat Mar 07 09:09:50 UTC 2026","passed","Sat Mar 07 09:09:50 UTC 2026","","test_substrate_node_is_synced","",""
"","163","test_rpc_method_is_available[Test for Moonriver, url: wss://moonriver.public.curie.radiumblock.co/ws]","tests","Sat Mar 07 09:09:28 UTC 2026","passed","Sat Mar 07 09:09:29 UTC 2026","","test_rpc_methods_availability","",""
"","0","test_rpc_node_is_synced[Test for Polkadex, url: wss://polkadex.public.curie.radiumblock.co/ws]","tests","Sat Mar 07 09:11:52 UTC 2026","broken","Sat Mar 07 09:11:52 UTC 2026","","test_substrate_node_is_synced","",""
"","140","test_rpc_node_is_synced[Test for Polkadot Collectives, url: wss://dot-rpc.stakeworld.io/collectives]","tests","Sat Mar 07 09:12:15 UTC 2026","passed","Sat Mar 07 09:12:15 UTC 2026","","test_substrate_node_is_synced","",""
"","132","test_rpc_node_is_synced[Test for Karura, url: wss://karura-rpc.n.dwellir.com]","tests","Sat Mar 07 09:09:09 UTC 2026","passed","Sat Mar 07 09:09:09 UTC 2026","","test_substrate_node_is_synced","",""
"","97","test_rpc_method_is_available[Test for Astar, url: wss://rpc.astar.network]","tests","Sat Mar 07 09:11:12 UTC 2026","passed","Sat Mar 07 09:11:13 UTC 2026","","test_rpc_methods_availability","",""
"","0","test_rpc_method_is_available[Test for DeepBrain, url: wss://info.dbcwallet.io]","tests","Sat Mar 07 09:12:57 UTC 2026","broken","Sat Mar 07 09:12:57 UTC 2026","","test_rpc_methods_availability","",""
"","1","test_chainId[Test for Centrifuge Parachain]","tests","Sat Mar 07 09:09:13 UTC 2026","passed","Sat Mar 07 09:09:13 UTC 2026","TestChainId","test_network_parameters","",""
"","1196","test_subquery_is_synced","tests","Sat Mar 07 09:08:57 UTC 2026","broken","Sat Mar 07 09:08:58 UTC 2026","","test_subquery_is_synced","",""
"","0","test_rpc_method_is_available[Test for Nodle Parachain, url: wss://nodle-parachain.api.onfinality.io/public-ws]","tests","Sat Mar 07 09:10:07 UTC 2026","broken","Sat Mar 07 09:10:07 UTC 2026","","test_rpc_methods_availability","",""
"","172","test_rpc_method_is_available[Test for Kusama Relay, url: wss://apps-kusama-rpc.polkadot.io]","tests","Sat Mar 07 09:09:06 UTC 2026","passed","Sat Mar 07 09:09:06 UTC 2026","","test_rpc_methods_availability","",""
"","165","test_rpc_node_is_synced[Test for Polkadot Relay, url: wss://rpc-polkadot-2.novasama-tech.org]","tests","Sat Mar 07 09:08:58 UTC 2026","passed","Sat Mar 07 09:08:58 UTC 2026","","test_substrate_node_is_synced","",""
"","176","test_rpc_method_is_available[Test for Mythos, url: wss://polkadot-mythos-rpc.polkadot.io]","tests","Sat Mar 07 09:12:34 UTC 2026","passed","Sat Mar 07 09:12:35 UTC 2026","","test_rpc_methods_availability","",""
"","0","test_rpc_node_is_synced[Test for Crab, url: wss://crab-rpc.darwinia.network/]","tests","Sat Mar 07 09:12:02 UTC 2026","broken","Sat Mar 07 09:12:02 UTC 2026","","test_substrate_node_is_synced","",""
"","124","test_rpc_method_is_available[Test for Encointer, url: wss://sys.ibp.network/encointer-kusama]","tests","Sat Mar 07 09:11:50 UTC 2026","passed","Sat Mar 07 09:11:50 UTC 2026","","test_rpc_methods_availability","",""
"","0","test_address_prefix[Test for Bifrost Polkadot]","tests","Sat Mar 07 09:09:43 UTC 2026","passed","Sat Mar 07 09:09:43 UTC 2026","TestNetworkPrefix","test_network_parameters","",""
"","0","test_precision[Test for krest]","tests","Sat Mar 07 09:10:17 UTC 2026","passed","Sat Mar 07 09:10:17 UTC 2026","TestPrecision","test_network_parameters","",""
"","51","test_rpc_node_is_synced[Test for Bifrost Polkadot, url: wss://bifrost-polkadot.ibp.network]","tests","Sat Mar 07 09:11:01 UTC 2026","passed","Sat Mar 07 09:11:01 UTC 2026","","test_substrate_node_is_synced","",""
"","0","test_precision[Test for peaq]","tests","Sat Mar 07 09:10:47 UTC 2026","passed","Sat Mar 07 09:10:47 UTC 2026","TestPrecision","test_network_parameters","",""
"","138","test_rpc_method_is_available[Test for XX network, url: wss://rpc.xx.network]","tests","Sat Mar 07 09:11:52 UTC 2026","passed","Sat Mar 07 09:11:52 UTC 2026","","test_rpc_methods_availability","",""
"","0","test_precision[Test for Kusama People]","tests","Sat Mar 07 09:09:06 UTC 2026","passed","Sat Mar 07 09:09:06 UTC 2026","TestPrecision","test_network_parameters","",""
"","0","test_chainId[Test for Energy Web X]","tests","Sat Mar 07 09:09:56 UTC 2026","passed","Sat Mar 07 09:09:56 UTC 2026","TestChainId","test_network_parameters","",""
"","0","test_precision[Test for Aleph Zero]","tests","Sat Mar 07 09:09:23 UTC 2026","broken","Sat Mar 07 09:09:23 UTC 2026","TestPrecision","test_network_parameters","",""
"","102","test_rpc_method_is_available[Test for Polkadot Relay, url: wss://dot-rpc.stakeworld.io]","tests","Sat Mar 07 09:09:14 UTC 2026","passed","Sat Mar 07 09:09:14 UTC 2026","","test_rpc_methods_availability","",""
"","76","test_rpc_method_is_available[Test for Kusama Coretime, url: wss://sys.ibp.network/coretime-kusama]","tests","Sat Mar 07 09:12:54 UTC 2026","passed","Sat Mar 07 09:12:54 UTC 2026","","test_rpc_methods_availability","",""
"","0","test_address_prefix[Test for Aventus]","tests","Sat Mar 07 09:09:48 UTC 2026","passed","Sat Mar 07 09:09:48 UTC 2026","TestNetworkPrefix","test_network_parameters","",""
"","252","test_rpc_node_is_synced[Test for Shiden, url: wss://rpc.shiden.astar.network]","tests","Sat Mar 07 09:09:42 UTC 2026","passed","Sat Mar 07 09:09:42 UTC 2026","","test_substrate_node_is_synced","",""
"","339","test_rpc_node_is_synced[Test for Karura, url: wss://karura-rpc-0.aca-api.network]","tests","Sat Mar 07 09:08:52 UTC 2026","passed","Sat Mar 07 09:08:52 UTC 2026","","test_substrate_node_is_synced","",""
"","140","test_rpc_node_is_synced[Test for Heima, url: wss://heima-rpc.n.dwellir.com]","tests","Sat Mar 07 09:11:34 UTC 2026","passed","Sat Mar 07 09:11:34 UTC 2026","","test_substrate_node_is_synced","",""
"","22","test_rpc_node_is_synced[Test for Phala, url: wss://phala.public.curie.radiumblock.co/ws]","tests","Sat Mar 07 09:11:24 UTC 2026","passed","Sat Mar 07 09:11:24 UTC 2026","","test_substrate_node_is_synced","",""
"","0","test_address_prefix[Test for Frequency]","tests","Sat Mar 07 09:10:00 UTC 2026","passed","Sat Mar 07 09:10:00 UTC 2026","TestNetworkPrefix","test_network_parameters","",""
"","0","test_chainId[Test for Curio]","tests","Sat Mar 07 09:10:17 UTC 2026","broken","Sat Mar 07 09:10:17 UTC 2026","TestChainId","test_network_parameters","",""
"","0","test_precision[Test for Acurast]","tests","Sat Mar 07 09:10:57 UTC 2026","passed","Sat Mar 07 09:10:57 UTC 2026","TestPrecision","test_network_parameters","",""
"","161","test_rpc_method_is_available[Test for Kusama Coretime, url: wss://kusama-coretime-rpc.polkadot.io]","tests","Sat Mar 07 09:13:01 UTC 2026","passed","Sat Mar 07 09:13:01 UTC 2026","","test_rpc_methods_availability","",""
"","0","test_address_prefix[Test for Tangle]","tests","Sat Mar 07 09:10:49 UTC 2026","passed","Sat Mar 07 09:10:49 UTC 2026","TestNetworkPrefix","test_network_parameters","",""
"","0","test_precision[Test for Laos]","tests","Sat Mar 07 09:11:00 UTC 2026","passed","Sat Mar 07 09:11:00 UTC 2026","TestPrecision","test_network_parameters","",""
"","0","test_chainId[Test for Bittensor]","tests","Sat Mar 07 09:09:41 UTC 2026","passed","Sat Mar 07 09:09:41 UTC 2026","TestChainId","test_network_parameters","",""
"","0","test_address_prefix[Test for Acurast Canary]","tests","Sat Mar 07 09:10:19 UTC 2026","passed","Sat Mar 07 09:10:19 UTC 2026","TestNetworkPrefix","test_network_parameters","",""
"","36","test_rpc_node_is_synced[Test for Encointer, url: wss://encointer-kusama.dotters.network]","tests","Sat Mar 07 09:09:38 UTC 2026","passed","Sat Mar 07 09:09:38 UTC 2026","","test_substrate_node_is_synced","",""
"","77","test_rpc_method_is_available[Test for Moonbeam, url: wss://wss.api.moonbeam.network]","tests","Sat Mar 07 09:09:11 UTC 2026","passed","Sat Mar 07 09:09:11 UTC 2026","","test_rpc_methods_availability","",""
"","66","test_rpc_node_is_synced[Test for Polkadot Relay, url: wss://1rpc.io/dot]","tests","Sat Mar 07 09:09:26 UTC 2026","passed","Sat Mar 07 09:09:26 UTC 2026","","test_substrate_node_is_synced","",""
"","64","test_rpc_method_is_available[Test for Karura, url: wss://karura-rpc-3.aca-api.network/ws]","tests","Sat Mar 07 09:09:01 UTC 2026","passed","Sat Mar 07 09:09:01 UTC 2026","","test_rpc_methods_availability","",""
"","442","test_rpc_node_work_fast[Test for Ethereum, url: https://1rpc.io/eth]","tests","Sat Mar 07 09:08:42 UTC 2026","passed","Sat Mar 07 09:08:43 UTC 2026","TestETHNodesAvailability","test_eth_nodes_availability","",""
"","51","test_rpc_node_is_synced[Test for Hydration, url: wss://hydration.ibp.network]","tests","Sat Mar 07 09:10:37 UTC 2026","passed","Sat Mar 07 09:10:37 UTC 2026","","test_substrate_node_is_synced","",""
"","54","test_rpc_node_is_synced[Test for krest, url: wss://krest.api.onfinality.io/public-ws']","tests","Sat Mar 07 09:12:18 UTC 2026","passed","Sat Mar 07 09:12:18 UTC 2026","","test_substrate_node_is_synced","",""
"","28","test_rpc_node_is_synced[Test for Shiden, url: wss://shiden.public.curie.radiumblock.co/ws]","tests","Sat Mar 07 09:09:49 UTC 2026","passed","Sat Mar 07 09:09:49 UTC 2026","","test_substrate_node_is_synced","",""
"","1","test_precision[Test for Creditcoin]","tests","Sat Mar 07 09:10:43 UTC 2026","passed","Sat Mar 07 09:10:43 UTC 2026","TestPrecision","test_network_parameters","",""
"","0","test_chainId[Test for Altair]","tests","Sat Mar 07 09:08:49 UTC 2026","passed","Sat Mar 07 09:08:49 UTC 2026","TestChainId","test_network_parameters","",""
"","1","test_chainId[Test for Moonbeam]","tests","Sat Mar 07 09:08:57 UTC 2026","passed","Sat Mar 07 09:08:57 UTC 2026","TestChainId","test_network_parameters","",""
"","166","test_rpc_node_is_synced[Test for Bifrost Polkadot, url: wss://hk.p.bifrost-rpc.liebi.com/ws]","tests","Sat Mar 07 09:11:13 UTC 2026","passed","Sat Mar 07 09:11:13 UTC 2026","","test_substrate_node_is_synced","",""
"","264","test_rpc_method_is_available[Test for Kusama Relay, url: wss://rpc-kusama-2.novasama-tech.org]","tests","Sat Mar 07 09:08:50 UTC 2026","passed","Sat Mar 07 09:08:50 UTC 2026","","test_rpc_methods_availability","",""
"","0","test_address_prefix[Test for Polymesh]","tests","Sat Mar 07 09:09:45 UTC 2026","passed","Sat Mar 07 09:09:45 UTC 2026","TestNetworkPrefix","test_network_parameters","",""
"","756","test_rpc_node_is_synced[Test for Hydration, url: wss://rpc.hydradx.cloud]","tests","Sat Mar 07 09:10:31 UTC 2026","passed","Sat Mar 07 09:10:32 UTC 2026","","test_substrate_node_is_synced","",""
"","47","test_rpc_method_is_available[Test for Vara, url: wss://rpc.vara-network.io]","tests","Sat Mar 07 09:12:05 UTC 2026","passed","Sat Mar 07 09:12:05 UTC 2026","","test_rpc_methods_availability","",""
"","0","test_address_prefix[Test for Kusama Coretime]","tests","Sat Mar 07 09:10:37 UTC 2026","passed","Sat Mar 07 09:10:37 UTC 2026","TestNetworkPrefix","test_network_parameters","",""
"","0","test_precision[Test for Crab]","tests","Sat Mar 07 09:10:16 UTC 2026","broken","Sat Mar 07 09:10:16 UTC 2026","TestPrecision","test_network_parameters","",""
"","1","test_chainId[Test for Laos]","tests","Sat Mar 07 09:10:27 UTC 2026","passed","Sat Mar 07 09:10:27 UTC 2026","TestChainId","test_network_parameters","",""
"","126","test_rpc_method_is_available[Test for Phala, url: wss://api.phala.network/ws]","tests","Sat Mar 07 09:10:25 UTC 2026","passed","Sat Mar 07 09:10:25 UTC 2026","","test_rpc_methods_availability","",""
"","175","test_rpc_method_is_available[Test for Polkadot Collectives, url: wss://collectives-polkadot.dotters.network]","tests","Sat Mar 07 09:12:02 UTC 2026","passed","Sat Mar 07 09:12:02 UTC 2026","","test_rpc_methods_availability","",""
"","1","test_chainId[Test for Basilisk]","tests","Sat Mar 07 09:09:03 UTC 2026","passed","Sat Mar 07 09:09:03 UTC 2026","TestChainId","test_network_parameters","",""
"","52","test_rpc_node_is_synced[Test for Ajuna, url: wss://ajuna.dotters.network]","tests","Sat Mar 07 09:12:14 UTC 2026","passed","Sat Mar 07 09:12:15 UTC 2026","","test_substrate_node_is_synced","",""
"","0","test_chainId[Test for GIANT]","tests","Sat Mar 07 09:09:51 UTC 2026","passed","Sat Mar 07 09:09:51 UTC 2026","TestChainId","test_network_parameters","",""
"","0","test_chainId[Test for QUARTZ]","tests","Sat Mar 07 09:09:04 UTC 2026","broken","Sat Mar 07 09:09:04 UTC 2026","TestChainId","test_network_parameters","",""
"","111","test_rpc_method_is_available[Test for DENTNet, url: wss://rpc.dentnet.io/ws]","tests","Sat Mar 07 09:12:45 UTC 2026","passed","Sat Mar 07 09:12:45 UTC 2026","","test_rpc_methods_availability","",""
"","0","test_address_prefix[Test for Moonbeam]","tests","Sat Mar 07 09:09:11 UTC 2026","passed","Sat Mar 07 09:09:11 UTC 2026","TestNetworkPrefix","test_network_parameters","",""
"","144","test_rpc_node_is_synced[Test for UNIQUE, url: wss://eu-ws.unique.network/]","tests","Sat Mar 07 09:11:41 UTC 2026","passed","Sat Mar 07 09:11:41 UTC 2026","","test_substrate_node_is_synced","",""
"","0","test_chainId[Test for Aventus]","tests","Sat Mar 07 09:09:36 UTC 2026","passed","Sat Mar 07 09:09:36 UTC 2026","TestChainId","test_network_parameters","",""
"","36","test_rpc_node_is_synced[Test for Kusama Coretime, url: wss://sys.ibp.network/coretime-kusama]","tests","Sat Mar 07 09:13:00 UTC 2026","passed","Sat Mar 07 09:13:00 UTC 2026","","test_substrate_node_is_synced","",""
"","1","test_precision[Test for Encointer]","tests","Sat Mar 07 09:09:26 UTC 2026","passed","Sat Mar 07 09:09:26 UTC 2026","TestPrecision","test_network_parameters","",""
"","0","test_rpc_method_is_available[Test for Phala, url: wss://phala-rpc.n.dwellir.com]","tests","Sat Mar 07 09:10:18 UTC 2026","broken","Sat Mar 07 09:10:18 UTC 2026","","test_rpc_methods_availability","",""
"","140","test_rpc_method_is_available[Test for Polkadot Relay, url: wss://apps-rpc.polkadot.io]","tests","Sat Mar 07 09:09:10 UTC 2026","passed","Sat Mar 07 09:09:10 UTC 2026","","test_rpc_methods_availability","",""
"","43","test_rpc_method_is_available[Test for UNIQUE, url: wss://eu-ws.unique.network/]","tests","Sat Mar 07 09:11:29 UTC 2026","passed","Sat Mar 07 09:11:29 UTC 2026","","test_rpc_methods_availability","",""
"","99","test_rpc_method_is_available[Test for Polkadot Coretime, url: wss://polkadot-coretime-rpc.polkadot.io]","tests","Sat Mar 07 09:12:53 UTC 2026","passed","Sat Mar 07 09:12:53 UTC 2026","","test_rpc_methods_availability","",""
"","172","test_rpc_method_is_available[Test for GIANT, url: wss://rpc-anchor-2-mainnet-az-ue1.giantprotocol.org:443]","tests","Sat Mar 07 09:11:45 UTC 2026","passed","Sat Mar 07 09:11:45 UTC 2026","","test_rpc_methods_availability","",""
"","0","test_precision[Test for Mythos]","tests","Sat Mar 07 09:10:35 UTC 2026","passed","Sat Mar 07 09:10:35 UTC 2026","TestPrecision","test_network_parameters","",""
"","50","test_rpc_node_is_synced[Test for Polkadot Coretime, url: wss://rpc-coretime-polkadot.luckyfriday.io]","tests","Sat Mar 07 09:12:59 UTC 2026","passed","Sat Mar 07 09:12:59 UTC 2026","","test_substrate_node_is_synced","",""
"","130","test_rpc_node_is_synced[Test for DAO IPCI, url: wss://ipci.rpc.robonomics.network]","tests","Sat Mar 07 09:11:51 UTC 2026","passed","Sat Mar 07 09:11:51 UTC 2026","","test_substrate_node_is_synced","",""
"","0","test_chainId[Test for Karura]","tests","Sat Mar 07 09:08:54 UTC 2026","passed","Sat Mar 07 09:08:54 UTC 2026","TestChainId","test_network_parameters","",""
"","0","test_address_prefix[Test for UNIQUE]","tests","Sat Mar 07 09:09:23 UTC 2026","passed","Sat Mar 07 09:09:23 UTC 2026","TestNetworkPrefix","test_network_parameters","",""
"","0","test_chainId[Test for JAMTON]","tests","Sat Mar 07 09:10:34 UTC 2026","passed","Sat Mar 07 09:10:34 UTC 2026","TestChainId","test_network_parameters","",""
"","0","test_address_prefix[Test for Pendulum]","tests","Sat Mar 07 09:09:55 UTC 2026","passed","Sat Mar 07 09:09:55 UTC 2026","TestNetworkPrefix","test_network_parameters","",""
"","50","test_rpc_node_is_synced[Test for Hydration, url: wss://hydration.dotters.network]","tests","Sat Mar 07 09:10:41 UTC 2026","passed","Sat Mar 07 09:10:41 UTC 2026","","test_substrate_node_is_synced","",""
"","51","test_rpc_method_is_available[Test for Moonbeam, url: wss://moonbeam.ibp.network]","tests","Sat Mar 07 09:09:14 UTC 2026","passed","Sat Mar 07 09:09:14 UTC 2026","","test_rpc_methods_availability","",""
"","38","test_rpc_node_is_synced[Test for Kusama Asset Hub, url: wss://asset-hub-kusama.dotters.network]","tests","Sat Mar 07 09:08:53 UTC 2026","passed","Sat Mar 07 09:08:53 UTC 2026","","test_substrate_node_is_synced","",""
"","147","test_rpc_node_is_synced[Test for Ajuna, url: wss://rpc-para.ajuna.network]","tests","Sat Mar 07 09:12:02 UTC 2026","passed","Sat Mar 07 09:12:02 UTC 2026","","test_substrate_node_is_synced","",""
"","1","test_address_prefix[Test for Kusama Relay]","tests","Sat Mar 07 09:09:07 UTC 2026","passed","Sat Mar 07 09:09:07 UTC 2026","TestNetworkPrefix","test_network_parameters","",""
"","1","test_precision[Test for Karura]","tests","Sat Mar 07 09:09:09 UTC 2026","passed","Sat Mar 07 09:09:09 UTC 2026","TestPrecision","test_network_parameters","",""
"","173","test_rpc_method_is_available[Test for Pendulum, url: wss://rpc-pendulum.prd.pendulumchain.tech]","tests","Sat Mar 07 09:11:20 UTC 2026","passed","Sat Mar 07 09:11:20 UTC 2026","","test_rpc_methods_availability","",""
"","0","test_address_prefix[Test for Mythos]","tests","Sat Mar 07 09:10:11 UTC 2026","passed","Sat Mar 07 09:10:11 UTC 2026","TestNetworkPrefix","test_network_parameters","",""
"","0","test_address_prefix[Test for Crab]","tests","Sat Mar 07 09:10:09 UTC 2026","broken","Sat Mar 07 09:10:09 UTC 2026","TestNetworkPrefix","test_network_parameters","",""
"","0","test_precision[Test for Amplitude]","tests","Sat Mar 07 09:09:51 UTC 2026","broken","Sat Mar 07 09:09:51 UTC 2026","TestPrecision","test_network_parameters","",""
"","0","test_chainId[Test for Encointer]","tests","Sat Mar 07 09:09:17 UTC 2026","passed","Sat Mar 07 09:09:17 UTC 2026","TestChainId","test_network_parameters","",""
"","0","test_rpc_method_is_available[Test for Polkadex, url: wss://polkadex.public.curie.radiumblock.co/ws]","tests","Sat Mar 07 09:10:47 UTC 2026","broken","Sat Mar 07 09:10:47 UTC 2026","","test_rpc_methods_availability","",""
"","158","test_rpc_method_is_available[Test for Polkadot People, url: wss://sys.ibp.network/people-polkadot]","tests","Sat Mar 07 09:08:53 UTC 2026","passed","Sat Mar 07 09:08:53 UTC 2026","","test_rpc_methods_availability","",""
"","221","test_rpc_node_is_synced[Test for Karura, url: wss://karura-rpc-2.aca-api.network/ws]","tests","Sat Mar 07 09:08:59 UTC 2026","passed","Sat Mar 07 09:08:59 UTC 2026","","test_substrate_node_is_synced","",""
"","126","test_rpc_node_is_synced[Test for Cere, url: wss://rpc.mainnet.cere.network/ws]","tests","Sat Mar 07 09:12:39 UTC 2026","passed","Sat Mar 07 09:12:39 UTC 2026","","test_substrate_node_is_synced","",""
"","1","test_precision[Test for Manta Atlantic]","tests","Sat Mar 07 09:10:22 UTC 2026","passed","Sat Mar 07 09:10:22 UTC 2026","TestPrecision","test_network_parameters","",""
"","101","test_rpc_method_is_available[Test for CC Enterprise, url: wss://mainnet.creditcoin.network/ws]","tests","Sat Mar 07 09:12:42 UTC 2026","passed","Sat Mar 07 09:12:42 UTC 2026","","test_rpc_methods_availability","",""
"","0","test_rpc_method_is_available[Test for Curio, url: wss://parachain.curioinvest.com/]","tests","Sat Mar 07 09:12:27 UTC 2026","broken","Sat Mar 07 09:12:27 UTC 2026","","test_rpc_methods_availability","",""
"","101","test_rpc_method_is_available[Test for Humanode, url: wss://explorer-rpc-ws.mainnet.stages.humanode.io]","tests","Sat Mar 07 09:12:46 UTC 2026","passed","Sat Mar 07 09:12:46 UTC 2026","","test_rpc_methods_availability","",""
"","0","test_precision[Test for Kreivo]","tests","Sat Mar 07 09:10:40 UTC 2026","passed","Sat Mar 07 09:10:40 UTC 2026","TestPrecision","test_network_parameters","",""
"","0","test_address_prefix[Test for Kusama Bridge Hub]","tests","Sat Mar 07 09:10:03 UTC 2026","passed","Sat Mar 07 09:10:03 UTC 2026","TestNetworkPrefix","test_network_parameters","",""
"","51","test_rpc_method_is_available[Test for Kusama Coretime, url: wss://rpc-coretime-kusama.luckyfriday.io]","tests","Sat Mar 07 09:12:57 UTC 2026","passed","Sat Mar 07 09:12:58 UTC 2026","","test_rpc_methods_availability","",""
"","0","test_chainId[Test for Ternoa]","tests","Sat Mar 07 09:09:29 UTC 2026","passed","Sat Mar 07 09:09:29 UTC 2026","TestChainId","test_network_parameters","",""
"","136","test_rpc_node_is_synced[Test for Centrifuge Parachain, url: wss://fullnode.centrifuge.io]","tests","Sat Mar 07 09:10:15 UTC 2026","passed","Sat Mar 07 09:10:15 UTC 2026","","test_substrate_node_is_synced","",""
"","103","test_rpc_method_is_available[Test for Shiden, url: wss://shiden.public.curie.radiumblock.co/ws]","tests","Sat Mar 07 09:09:51 UTC 2026","passed","Sat Mar 07 09:09:51 UTC 2026","","test_rpc_methods_availability","",""
"","36","test_rpc_node_is_synced[Test for Polkadot Asset Hub, url: wss://sys.ibp.network/asset-hub-polkadot]","tests","Sat Mar 07 09:10:36 UTC 2026","passed","Sat Mar 07 09:10:37 UTC 2026","","test_substrate_node_is_synced","",""
"","0","test_chainId[Test for Pendulum]","tests","Sat Mar 07 09:10:04 UTC 2026","passed","Sat Mar 07 09:10:04 UTC 2026","TestChainId","test_network_parameters","",""
"","0","test_rpc_node_is_synced[Test for QUARTZ, url: wss://quartz.unique.network]","tests","Sat Mar 07 09:10:59 UTC 2026","broken","Sat Mar 07 09:10:59 UTC 2026","","test_substrate_node_is_synced","",""
"","0","test_rpc_node_is_synced[Test for Curio, url: wss://parachain.curioinvest.com/]","tests","Sat Mar 07 09:12:29 UTC 2026","broken","Sat Mar 07 09:12:29 UTC 2026","","test_substrate_node_is_synced","",""
"","1","test_chainId[Test for Interlay]","tests","Sat Mar 07 09:09:23 UTC 2026","passed","Sat Mar 07 09:09:23 UTC 2026","TestChainId","test_network_parameters","",""
"","147","test_rpc_method_is_available[Test for UNIQUE, url: wss://asia-ws.unique.network/]","tests","Sat Mar 07 09:10:53 UTC 2026","passed","Sat Mar 07 09:10:53 UTC 2026","","test_rpc_methods_availability","",""
"","136","test_rpc_method_is_available[Test for Kusama People, url: wss://ksm-rpc.stakeworld.io/people]","tests","Sat Mar 07 09:09:17 UTC 2026","passed","Sat Mar 07 09:09:17 UTC 2026","","test_rpc_methods_availability","",""
"","44","test_rpc_method_is_available[Test for Moonbeam, url: wss://moonbeam.public.curie.radiumblock.co/ws]","tests","Sat Mar 07 09:09:31 UTC 2026","passed","Sat Mar 07 09:09:31 UTC 2026","","test_rpc_methods_availability","",""
"","44","test_rpc_method_is_available[Test for Creditcoin, url: wss://mainnet3.creditcoin.network]","tests","Sat Mar 07 09:12:40 UTC 2026","passed","Sat Mar 07 09:12:40 UTC 2026","","test_rpc_methods_availability","",""
"","0","test_address_prefix[Test for JAMTON]","tests","Sat Mar 07 09:10:38 UTC 2026","passed","Sat Mar 07 09:10:38 UTC 2026","TestNetworkPrefix","test_network_parameters","",""
"","58","test_rpc_node_is_synced[Test for Zeitgeist, url: wss://zeitgeist.api.onfinality.io/public-ws]","tests","Sat Mar 07 09:09:54 UTC 2026","passed","Sat Mar 07 09:09:54 UTC 2026","","test_substrate_node_is_synced","",""
"","146","test_rpc_node_is_synced[Test for Tanssi, url: wss://services.tanssi-mainnet.network/tanssi]","tests","Sat Mar 07 09:13:07 UTC 2026","passed","Sat Mar 07 09:13:07 UTC 2026","","test_substrate_node_is_synced","",""
"","180","test_rpc_method_is_available[Test for Kusama Bridge Hub, url: wss://bridge-hub-kusama.dotters.network]","tests","Sat Mar 07 09:11:56 UTC 2026","passed","Sat Mar 07 09:11:56 UTC 2026","","test_rpc_methods_availability","",""
"","0","test_precision[Test for DeepBrain]","tests","Sat Mar 07 09:10:50 UTC 2026","broken","Sat Mar 07 09:10:50 UTC 2026","TestPrecision","test_network_parameters","",""
"","151","test_rpc_node_is_synced[Test for Kusama People, url: wss://ksm-rpc.stakeworld.io/people]","tests","Sat Mar 07 09:09:26 UTC 2026","passed","Sat Mar 07 09:09:27 UTC 2026","","test_substrate_node_is_synced","",""
"","0","test_rpc_node_is_synced[Test for Phala, url: wss://phala-rpc.n.dwellir.com]","tests","Sat Mar 07 09:11:12 UTC 2026","broken","Sat Mar 07 09:11:12 UTC 2026","","test_substrate_node_is_synced","",""
"","50","test_rpc_node_is_synced[Test for GIANT, url: wss://rpc-anchor-1-mainnet-az-ue1.giantprotocol.org:443]","tests","Sat Mar 07 09:11:49 UTC 2026","passed","Sat Mar 07 09:11:49 UTC 2026","","test_substrate_node_is_synced","",""
"","1","test_chainId[Test for Astar]","tests","Sat Mar 07 09:09:03 UTC 2026","passed","Sat Mar 07 09:09:03 UTC 2026","TestChainId","test_network_parameters","",""
"","0","test_precision[Test for Curio]","tests","Sat Mar 07 09:10:32 UTC 2026","broken","Sat Mar 07 09:10:32 UTC 2026","TestPrecision","test_network_parameters","",""
"","139","test_rpc_method_is_available[Test for Interlay, url: wss://rpc-interlay.luckyfriday.io/]","tests","Sat Mar 07 09:09:56 UTC 2026","passed","Sat Mar 07 09:09:56 UTC 2026","","test_rpc_methods_availability","",""
"","49","test_rpc_method_is_available[Test for JAMTON, url: wss://rpc.jamton.network]","tests","Sat Mar 07 09:12:52 UTC 2026","passed","Sat Mar 07 09:12:52 UTC 2026","","test_rpc_methods_availability","",""
"","69","test_rpc_node_is_synced[Test for Moonbeam, url: wss://wss.api.moonbeam.network]","tests","Sat Mar 07 09:09:12 UTC 2026","passed","Sat Mar 07 09:09:12 UTC 2026","","test_substrate_node_is_synced","",""
"","83","test_rpc_node_is_synced[Test for Moonriver, url: wss://moonriver-rpc.publicnode.com]","tests","Sat Mar 07 09:09:31 UTC 2026","passed","Sat Mar 07 09:09:31 UTC 2026","","test_substrate_node_is_synced","",""
"","77","test_rpc_method_is_available[Test for Crust Shadow, url: wss://rpc-sha-subscan.crustnetwork.xyz]","tests","Sat Mar 07 09:10:01 UTC 2026","passed","Sat Mar 07 09:10:02 UTC 2026","","test_rpc_methods_availability","",""
"","45","test_rpc_method_is_available[Test for Heima, url: wss://heima-rpc.n.dwellir.com]","tests","Sat Mar 07 09:11:22 UTC 2026","passed","Sat Mar 07 09:11:22 UTC 2026","","test_rpc_methods_availability","",""
"","0","test_address_prefix[Test for Astar]","tests","Sat Mar 07 09:09:20 UTC 2026","passed","Sat Mar 07 09:09:20 UTC 2026","TestNetworkPrefix","test_network_parameters","",""
"","223","test_rpc_method_is_available[Test for Karura, url: wss://karura-rpc-0.aca-api.network]","tests","Sat Mar 07 09:08:48 UTC 2026","passed","Sat Mar 07 09:08:48 UTC 2026","","test_rpc_methods_availability","",""
"","151","test_rpc_node_is_synced[Test for UNIQUE, url: wss://us-ws.unique.network/]","tests","Sat Mar 07 09:11:46 UTC 2026","passed","Sat Mar 07 09:11:46 UTC 2026","","test_substrate_node_is_synced","",""
"","36","test_rpc_node_is_synced[Test for Kusama Relay, url: wss://rpc.ibp.network/kusama]","tests","Sat Mar 07 09:08:59 UTC 2026","passed","Sat Mar 07 09:08:59 UTC 2026","","test_substrate_node_is_synced","",""
"","274","test_rpc_node_is_synced[Test for Karura, url: wss://karura-rpc-1.aca-api.network]","tests","Sat Mar 07 09:08:55 UTC 2026","passed","Sat Mar 07 09:08:55 UTC 2026","","test_substrate_node_is_synced","",""
"","143","test_rpc_node_is_synced[Test for UNIQUE, url: wss://asia-ws.unique.network/]","tests","Sat Mar 07 09:11:16 UTC 2026","passed","Sat Mar 07 09:11:16 UTC 2026","","test_substrate_node_is_synced","",""
"","50","test_rpc_node_is_synced[Test for UNIQUE, url: wss://unique.ibp.network]","tests","Sat Mar 07 09:11:21 UTC 2026","passed","Sat Mar 07 09:11:21 UTC 2026","","test_substrate_node_is_synced","",""
"","104","test_rpc_method_is_available[Test for krest, url: wss://krest.api.onfinality.io/public-ws']","tests","Sat Mar 07 09:12:17 UTC 2026","passed","Sat Mar 07 09:12:17 UTC 2026","","test_rpc_methods_availability","",""
"","57","test_rpc_node_is_synced[Test for Enjin Matrix, url: wss://rpc.matrix.blockchain.enjin.io]","tests","Sat Mar 07 09:12:19 UTC 2026","passed","Sat Mar 07 09:12:19 UTC 2026","","test_substrate_node_is_synced","",""
"","111","test_rpc_method_is_available[Test for UNIQUE, url: wss://unique.dotters.network]","tests","Sat Mar 07 09:11:01 UTC 2026","passed","Sat Mar 07 09:11:01 UTC 2026","","test_rpc_methods_availability","",""
"","273","test_rpc_method_is_available[Test for Polkadot Relay, url: wss://rpc-polkadot-1.novasama-tech.org]","tests","Sat Mar 07 09:08:49 UTC 2026","passed","Sat Mar 07 09:08:49 UTC 2026","","test_rpc_methods_availability","",""
"","99","test_rpc_method_is_available[Test for Westend (TESTNET), url: wss://westend.public.curie.radiumblock.co/ws]","tests","Sat Mar 07 09:09:37 UTC 2026","passed","Sat Mar 07 09:09:37 UTC 2026","","test_rpc_methods_availability","",""
"","107","test_rpc_method_is_available[Test for Aventus, url: wss://avn-parachain.mainnet.aventus.io]","tests","Sat Mar 07 09:11:28 UTC 2026","passed","Sat Mar 07 09:11:28 UTC 2026","","test_rpc_methods_availability","",""
"","1","test_address_prefix[Test for Interlay]","tests","Sat Mar 07 09:09:39 UTC 2026","passed","Sat Mar 07 09:09:39 UTC 2026","TestNetworkPrefix","test_network_parameters","",""
"","43","test_rpc_method_is_available[Test for Energy Web X, url: wss://public-rpc.mainnet.energywebx.com/]","tests","Sat Mar 07 09:12:21 UTC 2026","passed","Sat Mar 07 09:12:21 UTC 2026","","test_rpc_methods_availability","",""
"","0","test_address_prefix[Test for Crust Polkadot Parachain]","tests","Sat Mar 07 09:09:58 UTC 2026","passed","Sat Mar 07 09:09:58 UTC 2026","TestNetworkPrefix","test_network_parameters","",""
"","0","test_chainId[Test for Crust Polkadot Parachain]","tests","Sat Mar 07 09:10:07 UTC 2026","passed","Sat Mar 07 09:10:07 UTC 2026","TestChainId","test_network_parameters","",""
"","43","test_rpc_method_is_available[Test for UNIQUE, url: wss://us-ws.unique.network/]","tests","Sat Mar 07 09:11:34 UTC 2026","passed","Sat Mar 07 09:11:34 UTC 2026","","test_rpc_methods_availability","",""
"","0","test_chainId[Test for Acurast]","tests","Sat Mar 07 09:10:36 UTC 2026","passed","Sat Mar 07 09:10:36 UTC 2026","TestChainId","test_network_parameters","",""
"","0","test_address_prefix[Test for NeuroWeb]","tests","Sat Mar 07 09:09:39 UTC 2026","passed","Sat Mar 07 09:09:39 UTC 2026","TestNetworkPrefix","test_network_parameters","",""
"","99","test_rpc_method_is_available[Test for Acala, url: wss://acala-rpc-2.aca-api.network/ws]","tests","Sat Mar 07 09:09:59 UTC 2026","passed","Sat Mar 07 09:09:59 UTC 2026","","test_rpc_methods_availability","",""
"","151","test_rpc_node_is_synced[Test for Astar, url: wss://astar-rpc.n.dwellir.com]","tests","Sat Mar 07 09:10:18 UTC 2026","passed","Sat Mar 07 09:10:18 UTC 2026","","test_substrate_node_is_synced","",""
"","0","test_address_prefix[Test for peaq]","tests","Sat Mar 07 09:10:33 UTC 2026","passed","Sat Mar 07 09:10:33 UTC 2026","TestNetworkPrefix","test_network_parameters","",""
"","102","test_rpc_method_is_available[Test for Polkadot Relay, url: wss://polkadot.public.curie.radiumblock.co/ws]","tests","Sat Mar 07 09:09:20 UTC 2026","passed","Sat Mar 07 09:09:20 UTC 2026","","test_rpc_methods_availability","",""
"","276","test_rpc_node_is_synced[Test for Phala, url: wss://api.phala.network/ws]","tests","Sat Mar 07 09:11:20 UTC 2026","passed","Sat Mar 07 09:11:21 UTC 2026","","test_substrate_node_is_synced","",""
"","49","test_rpc_method_is_available[Test for Hydration, url: wss://rpc.hydradx.cloud]","tests","Sat Mar 07 09:10:34 UTC 2026","passed","Sat Mar 07 09:10:34 UTC 2026","","test_rpc_methods_availability","",""
"","0","test_address_prefix[Test for XX network]","tests","Sat Mar 07 09:09:49 UTC 2026","passed","Sat Mar 07 09:09:49 UTC 2026","TestNetworkPrefix","test_network_parameters","",""
"","298","test_rpc_node_is_synced[Test for Robonomics, url: wss://kusama.rpc.robonomics.network/]","tests","Sat Mar 07 09:10:46 UTC 2026","passed","Sat Mar 07 09:10:46 UTC 2026","","test_substrate_node_is_synced","",""
"","142","test_rpc_method_is_available[Test for Acala, url: wss://acala-rpc-0.aca-api.network]","tests","Sat Mar 07 09:09:50 UTC 2026","passed","Sat Mar 07 09:09:50 UTC 2026","","test_rpc_methods_availability","",""
"","0","test_precision[Test for Robonomics]","tests","Sat Mar 07 09:09:24 UTC 2026","passed","Sat Mar 07 09:09:24 UTC 2026","TestPrecision","test_network_parameters","",""
"","69","test_rpc_method_is_available[Test for Hyperbridge Nexus, url: wss://nexus.dotters.network]","tests","Sat Mar 07 09:12:36 UTC 2026","passed","Sat Mar 07 09:12:36 UTC 2026","","test_rpc_methods_availability","",""
"","0","test_chainId[Test for Vara]","tests","Sat Mar 07 09:09:47 UTC 2026","passed","Sat Mar 07 09:09:47 UTC 2026","TestChainId","test_network_parameters","",""
"","0","test_rpc_method_is_available[Test for QUARTZ, url: wss://us-ws-quartz.unique.network]","tests","Sat Mar 07 09:09:44 UTC 2026","broken","Sat Mar 07 09:09:44 UTC 2026","","test_rpc_methods_availability","",""
"","0","test_chainId[Test for Mythos]","tests","Sat Mar 07 09:10:13 UTC 2026","passed","Sat Mar 07 09:10:13 UTC 2026","TestChainId","test_network_parameters","",""
"","0","test_precision[Test for Kusama Relay]","tests","Sat Mar 07 09:08:57 UTC 2026","passed","Sat Mar 07 09:08:57 UTC 2026","TestPrecision","test_network_parameters","",""
"","225","test_rpc_node_is_synced[Test for Acala, url: wss://acala-rpc-3.aca-api.network/ws]","tests","Sat Mar 07 09:09:58 UTC 2026","passed","Sat Mar 07 09:09:58 UTC 2026","","test_substrate_node_is_synced","",""
"","162","test_rpc_method_is_available[Test for Kusama Bridge Hub, url: wss://sys.ibp.network/bridgehub-kusama]","tests","Sat Mar 07 09:11:53 UTC 2026","passed","Sat Mar 07 09:11:53 UTC 2026","","test_rpc_methods_availability","",""
"","0","test_address_prefix[Test for GIANT]","tests","Sat Mar 07 09:10:07 UTC 2026","passed","Sat Mar 07 09:10:07 UTC 2026","TestNetworkPrefix","test_network_parameters","",""
"","97","test_rpc_method_is_available[Test for Polkadot Asset Hub, url: wss://asset-hub-polkadot-rpc.n.dwellir.com]","tests","Sat Mar 07 09:11:33 UTC 2026","passed","Sat Mar 07 09:11:33 UTC 2026","","test_rpc_methods_availability","",""
"","134","test_rpc_node_is_synced[Test for Bifrost Polkadot, url: wss://eu.bifrost-polkadot-rpc.liebi.com/ws]","tests","Sat Mar 07 09:11:22 UTC 2026","passed","Sat Mar 07 09:11:22 UTC 2026","","test_substrate_node_is_synced","",""
"","0","test_precision[Test for JAMTON]","tests","Sat Mar 07 09:10:48 UTC 2026","passed","Sat Mar 07 09:10:48 UTC 2026","TestPrecision","test_network_parameters","",""
"","43","test_rpc_method_is_available[Test for Tanssi, url: wss://services.tanssi-mainnet.network/tanssi]","tests","Sat Mar 07 09:13:06 UTC 2026","passed","Sat Mar 07 09:13:06 UTC 2026","","test_rpc_methods_availability","",""
"","121","test_rpc_method_is_available[Test for Crust Polkadot Parachain, url: wss://crust-parachain.crustapps.net]","tests","Sat Mar 07 09:11:23 UTC 2026","passed","Sat Mar 07 09:11:23 UTC 2026","","test_rpc_methods_availability","",""
"","199","test_rpc_node_is_synced[Test for Crust Shadow, url: wss://rpc2-shadow.crust.network/]","tests","Sat Mar 07 09:10:04 UTC 2026","passed","Sat Mar 07 09:10:04 UTC 2026","","test_substrate_node_is_synced","",""
"","0","test_address_prefix[Test for Bifrost Kusama]","tests","Sat Mar 07 09:09:13 UTC 2026","passed","Sat Mar 07 09:09:13 UTC 2026","TestNetworkPrefix","test_network_parameters","",""
"","168","test_rpc_method_is_available[Test for Polkadot Coretime, url: wss://coretime-polkadot.dotters.network]","tests","Sat Mar 07 09:13:01 UTC 2026","passed","Sat Mar 07 09:13:01 UTC 2026","","test_rpc_methods_availability","",""
"","70","test_rpc_node_is_synced[Test for Bittensor, url: wss://lite.sub.latent.to:443]","tests","Sat Mar 07 09:11:44 UTC 2026","passed","Sat Mar 07 09:11:44 UTC 2026","","test_substrate_node_is_synced","",""
"","0","test_chainId[Test for Manta Atlantic]","tests","Sat Mar 07 09:10:04 UTC 2026","passed","Sat Mar 07 09:10:04 UTC 2026","TestChainId","test_network_parameters","",""
"","175","test_rpc_method_is_available[Test for Aventus, url: wss://public-rpc.mainnet.aventus.io]","tests","Sat Mar 07 09:11:32 UTC 2026","passed","Sat Mar 07 09:11:32 UTC 2026","","test_rpc_methods_availability","",""
"","109","test_rpc_method_is_available[Test for Bittensor, url: wss://bittensor-finney.api.onfinality.io/public-ws]","tests","Sat Mar 07 09:11:41 UTC 2026","passed","Sat Mar 07 09:11:41 UTC 2026","","test_rpc_methods_availability","",""
"","1","test_chainId[Test for peaq]","tests","Sat Mar 07 09:10:26 UTC 2026","passed","Sat Mar 07 09:10:26 UTC 2026","TestChainId","test_network_parameters","",""
"","69","test_rpc_node_is_synced[Test for Kreivo, url: wss://kreivo.kippu.rocks/]","tests","Sat Mar 07 09:12:38 UTC 2026","passed","Sat Mar 07 09:12:38 UTC 2026","","test_substrate_node_is_synced","",""
"","629","test_rpc_node_is_synced[Test for Karura, url: wss://karura-rpc-3.aca-api.network/ws]","tests","Sat Mar 07 09:09:03 UTC 2026","passed","Sat Mar 07 09:09:04 UTC 2026","","test_substrate_node_is_synced","",""
"","145","test_rpc_node_is_synced[Test for Basilisk, url: wss://rpc.basilisk.cloud]","tests","Sat Mar 07 09:10:14 UTC 2026","passed","Sat Mar 07 09:10:14 UTC 2026","","test_substrate_node_is_synced","",""
"","1","test_precision[Test for Polkadot Collectives]","tests","Sat Mar 07 09:10:14 UTC 2026","passed","Sat Mar 07 09:10:14 UTC 2026","TestPrecision","test_network_parameters","",""
"","36","test_rpc_node_is_synced[Test for Kusama People, url: wss://sys.ibp.network/people-kusama]","tests","Sat Mar 07 09:09:20 UTC 2026","passed","Sat Mar 07 09:09:20 UTC 2026","","test_substrate_node_is_synced","",""
"","156","test_rpc_node_is_synced[Test for Joystream, url: wss://rpc.joystream.org]","tests","Sat Mar 07 09:12:23 UTC 2026","passed","Sat Mar 07 09:12:23 UTC 2026","","test_substrate_node_is_synced","",""
"","0","test_chainId[Test for Creditcoin]","tests","Sat Mar 07 09:10:22 UTC 2026","passed","Sat Mar 07 09:10:22 UTC 2026","TestChainId","test_network_parameters","",""
"","43","test_rpc_method_is_available[Test for Centrifuge Parachain, url: wss://rpc-centrifuge.luckyfriday.io]","tests","Sat Mar 07 09:10:21 UTC 2026","passed","Sat Mar 07 09:10:22 UTC 2026","","test_rpc_methods_availability","",""
"","110","test_rpc_node_is_synced[Test for Aventus, url: wss://public-rpc.mainnet.aventus.io]","tests","Sat Mar 07 09:11:41 UTC 2026","passed","Sat Mar 07 09:11:41 UTC 2026","","test_substrate_node_is_synced","",""
"","138","test_rpc_node_is_synced[Test for Polkadot Relay, url: wss://apps-rpc.polkadot.io]","tests","Sat Mar 07 09:09:12 UTC 2026","passed","Sat Mar 07 09:09:12 UTC 2026","","test_substrate_node_is_synced","",""
"","1","test_chainId[Test for Enjin Matrix]","tests","Sat Mar 07 09:09:55 UTC 2026","passed","Sat Mar 07 09:09:55 UTC 2026","TestChainId","test_network_parameters","",""
"","0","test_chainId[Test for Tanssi]","tests","Sat Mar 07 09:10:40 UTC 2026","passed","Sat Mar 07 09:10:40 UTC 2026","TestChainId","test_network_parameters","",""
"","0","test_address_prefix[Test for Heima]","tests","Sat Mar 07 09:09:48 UTC 2026","passed","Sat Mar 07 09:09:48 UTC 2026","TestNetworkPrefix","test_network_parameters","",""
"","0","test_chainId[Test for Polkadot Bridge Hub]","tests","Sat Mar 07 09:09:50 UTC 2026","passed","Sat Mar 07 09:09:50 UTC 2026","TestChainId","test_network_parameters","",""
"","67","test_rpc_method_is_available[Test for Hydration, url: wss://rpc-hydra.novasama-tech.org]","tests","Sat Mar 07 09:10:26 UTC 2026","passed","Sat Mar 07 09:10:26 UTC 2026","","test_rpc_methods_availability","",""
"","0","test_rpc_node_is_synced[Test for Aleph Zero, url: wss://ws.azero.dev]","tests","Sat Mar 07 09:11:35 UTC 2026","broken","Sat Mar 07 09:11:35 UTC 2026","","test_substrate_node_is_synced","",""
"","0","test_address_prefix[Test for Crust Shadow]","tests","Sat Mar 07 09:09:22 UTC 2026","passed","Sat Mar 07 09:09:22 UTC 2026","TestNetworkPrefix","test_network_parameters","",""
"","24","test_rpc_node_is_synced[Test for Polkadot Relay, url: wss://polkadot.public.curie.radiumblock.co/ws]","tests","Sat Mar 07 09:09:22 UTC 2026","passed","Sat Mar 07 09:09:22 UTC 2026","","test_substrate_node_is_synced","",""
"","0","test_address_prefix[Test for 3DPass]","tests","Sat Mar 07 09:09:53 UTC 2026","passed","Sat Mar 07 09:09:53 UTC 2026","TestNetworkPrefix","test_network_parameters","",""
"","143","test_rpc_node_is_synced[Test for Astar, url: wss://rpc.astar.network]","tests","Sat Mar 07 09:10:10 UTC 2026","passed","Sat Mar 07 09:10:10 UTC 2026","","test_substrate_node_is_synced","",""
"","141","test_rpc_method_is_available[Test for Ajuna, url: wss://ajuna.dotters.network]","tests","Sat Mar 07 09:12:13 UTC 2026","passed","Sat Mar 07 09:12:13 UTC 2026","","test_rpc_methods_availability","",""
"","0","test_precision[Test for Aventus]","tests","Sat Mar 07 09:09:54 UTC 2026","passed","Sat Mar 07 09:09:54 UTC 2026","TestPrecision","test_network_parameters","",""
"","0","test_chainId[Test for Polymesh]","tests","Sat Mar 07 09:09:32 UTC 2026","passed","Sat Mar 07 09:09:32 UTC 2026","TestChainId","test_network_parameters","",""
"","128","test_rpc_method_is_available[Test for Kusama Relay, url: wss://kusama.dotters.network]","tests","Sat Mar 07 09:09:00 UTC 2026","passed","Sat Mar 07 09:09:00 UTC 2026","","test_rpc_methods_availability","",""
"","148","test_rpc_node_is_synced[Test for Polkadex, url: wss://so.polkadex.ee]","tests","Sat Mar 07 09:11:40 UTC 2026","passed","Sat Mar 07 09:11:40 UTC 2026","","test_substrate_node_is_synced","",""
"","135","test_rpc_node_is_synced[Test for Acurast, url: wss://public-archive.mainnet.acurast.com]","tests","Sat Mar 07 09:13:09 UTC 2026","passed","Sat Mar 07 09:13:09 UTC 2026","","test_substrate_node_is_synced","",""
"","0","test_chainId[Test for Bifrost Polkadot]","tests","Sat Mar 07 09:09:30 UTC 2026","passed","Sat Mar 07 09:09:30 UTC 2026","TestChainId","test_network_parameters","",""
"","0","test_chainId[Test for Kusama People]","tests","Sat Mar 07 09:08:50 UTC 2026","passed","Sat Mar 07 09:08:50 UTC 2026","TestChainId","test_network_parameters","",""
"","1","test_precision[Test for Enjin Relay]","tests","Sat Mar 07 09:10:25 UTC 2026","passed","Sat Mar 07 09:10:25 UTC 2026","TestPrecision","test_network_parameters","",""
"","0","test_chainId[Test for Hydration]","tests","Sat Mar 07 09:09:18 UTC 2026","passed","Sat Mar 07 09:09:18 UTC 2026","TestChainId","test_network_parameters","",""
"","0","test_precision[Test for Nodle Parachain]","tests","Sat Mar 07 09:09:42 UTC 2026","broken","Sat Mar 07 09:09:42 UTC 2026","TestPrecision","test_network_parameters","",""
"","94","test_rpc_method_is_available[Test for Acala, url: wss://acala-rpc.n.dwellir.com]","tests","Sat Mar 07 09:10:27 UTC 2026","passed","Sat Mar 07 09:10:27 UTC 2026","","test_rpc_methods_availability","",""
"","0","test_rpc_node_is_synced[Test for Kusama Relay, url: wss://apps-kusama-rpc.polkadot.io]","tests","Sat Mar 07 09:09:47 UTC 2026","broken","Sat Mar 07 09:09:47 UTC 2026","","test_substrate_node_is_synced","",""
"","1","test_chainId[Test for Shiden]","tests","Sat Mar 07 09:08:51 UTC 2026","passed","Sat Mar 07 09:08:51 UTC 2026","TestChainId","test_network_parameters","",""
"","1","test_address_prefix[Test for Centrifuge Parachain]","tests","Sat Mar 07 09:09:27 UTC 2026","passed","Sat Mar 07 09:09:27 UTC 2026","TestNetworkPrefix","test_network_parameters","",""
"","136","test_rpc_node_is_synced[Test for Polkadot Asset Hub, url: wss://asset-hub-polkadot-rpc.n.dwellir.com]","tests","Sat Mar 07 09:10:30 UTC 2026","passed","Sat Mar 07 09:10:30 UTC 2026","","test_substrate_node_is_synced","",""
"","173","test_rpc_method_is_available[Test for Polkadot Bridge Hub, url: wss://sys.ibp.network/bridgehub-polkadot]","tests","Sat Mar 07 09:11:49 UTC 2026","passed","Sat Mar 07 09:11:50 UTC 2026","","test_rpc_methods_availability","",""
"","167","test_rpc_method_is_available[Test for XX network, url: wss://rpc-hetzner.xx.network]","tests","Sat Mar 07 09:11:15 UTC 2026","passed","Sat Mar 07 09:11:16 UTC 2026","","test_rpc_methods_availability","",""
"","1","test_address_prefix[Test for Vara]","tests","Sat Mar 07 09:10:05 UTC 2026","passed","Sat Mar 07 09:10:05 UTC 2026","TestNetworkPrefix","test_network_parameters","",""
"","98","test_rpc_method_is_available[Test for Hydration, url: wss://hydration.dotters.network]","tests","Sat Mar 07 09:09:45 UTC 2026","passed","Sat Mar 07 09:09:45 UTC 2026","","test_rpc_methods_availability","",""
"","0","test_address_prefix[Test for Cere]","tests","Sat Mar 07 09:10:24 UTC 2026","passed","Sat Mar 07 09:10:24 UTC 2026","TestNetworkPrefix","test_network_parameters","",""
"","0","test_address_prefix[Test for Energy Web X]","tests","Sat Mar 07 09:10:15 UTC 2026","passed","Sat Mar 07 09:10:15 UTC 2026","TestNetworkPrefix","test_network_parameters","",""
"","0","test_chainId[Test for Kreivo]","tests","Sat Mar 07 09:10:23 UTC 2026","passed","Sat Mar 07 09:10:23 UTC 2026","TestChainId","test_network_parameters","",""
"","0","test_address_prefix[Test for Kusama Asset Hub]","tests","Sat Mar 07 09:09:16 UTC 2026","passed","Sat Mar 07 09:09:16 UTC 2026","TestNetworkPrefix","test_network_parameters","",""
"","56","test_rpc_node_is_synced[Test for Polkadot Collectives, url: wss://collectives.public.curie.radiumblock.co/ws]","tests","Sat Mar 07 09:12:09 UTC 2026","passed","Sat Mar 07 09:12:09 UTC 2026","","test_substrate_node_is_synced","",""
"","0","test_rpc_method_is_available[Test for 3DPass, url: wss://rpc.3dpass.org]","tests","Sat Mar 07 09:12:26 UTC 2026","broken","Sat Mar 07 09:12:26 UTC 2026","","test_rpc_methods_availability","",""
"","1","test_chainId[Test for Polkadot Relay]","tests","Sat Mar 07 09:08:47 UTC 2026","passed","Sat Mar 07 09:08:47 UTC 2026","TestChainId","test_network_parameters","",""
"","0","test_chainId[Test for Ajuna]","tests","Sat Mar 07 09:09:46 UTC 2026","passed","Sat Mar 07 09:09:46 UTC 2026","TestChainId","test_network_parameters","",""
"","1","test_address_prefix[Test for Ternoa]","tests","Sat Mar 07 09:09:40 UTC 2026","passed","Sat Mar 07 09:09:40 UTC 2026","TestNetworkPrefix","test_network_parameters","",""
"","179","test_rpc_method_is_available[Test for Polkadot Asset Hub, url: wss://sys.ibp.network/asset-hub-polkadot]","tests","Sat Mar 07 09:11:37 UTC 2026","passed","Sat Mar 07 09:11:37 UTC 2026","","test_rpc_methods_availability","",""
"","43","test_rpc_method_is_available[Test for Bifrost Polkadot, url: wss://hk.p.bifrost-rpc.liebi.com/ws]","tests","Sat Mar 07 09:11:02 UTC 2026","passed","Sat Mar 07 09:11:02 UTC 2026","","test_rpc_methods_availability","",""
"","0","test_rpc_node_is_synced[Test for Nodle Parachain, url: wss://nodle-parachain.api.onfinality.io/public-ws]","tests","Sat Mar 07 09:11:01 UTC 2026","broken","Sat Mar 07 09:11:01 UTC 2026","","test_substrate_node_is_synced","",""
"","51","test_rpc_method_is_available[Test for Moonriver, url: wss://wss.api.moonriver.moonbeam.network]","tests","Sat Mar 07 09:09:36 UTC 2026","passed","Sat Mar 07 09:09:36 UTC 2026","","test_rpc_methods_availability","",""
"","36","test_rpc_node_is_synced[Test for Kusama Bridge Hub, url: wss://bridge-hub-kusama.dotters.network]","tests","Sat Mar 07 09:12:03 UTC 2026","passed","Sat Mar 07 09:12:03 UTC 2026","","test_substrate_node_is_synced","",""
"","0","test_rpc_node_is_synced[Test for KILT, url: wss://kilt.ibp.network]","tests","Sat Mar 07 09:10:31 UTC 2026","broken","Sat Mar 07 09:10:31 UTC 2026","","test_substrate_node_is_synced","",""
"","37","test_rpc_node_is_synced[Test for Polkadot Relay, url: wss://polkadot.dotters.network]","tests","Sat Mar 07 09:09:06 UTC 2026","passed","Sat Mar 07 09:09:06 UTC 2026","","test_substrate_node_is_synced","",""
"","0","test_chainId[Test for Enjin Relay]","tests","Sat Mar 07 09:10:08 UTC 2026","passed","Sat Mar 07 09:10:08 UTC 2026","TestChainId","test_network_parameters","",""
"","154","test_rpc_node_is_synced[Test for Interlay, url: wss://api.interlay.io/parachain]","tests","Sat Mar 07 09:10:45 UTC 2026","passed","Sat Mar 07 09:10:46 UTC 2026","","test_substrate_node_is_synced","",""
"","0","test_address_prefix[Test for Laos]","tests","Sat Mar 07 09:10:34 UTC 2026","passed","Sat Mar 07 09:10:34 UTC 2026","TestNetworkPrefix","test_network_parameters","",""
"","0","test_address_prefix[Test for Robonomics]","tests","Sat Mar 07 09:09:29 UTC 2026","passed","Sat Mar 07 09:09:29 UTC 2026","TestNetworkPrefix","test_network_parameters","",""
"","53","test_rpc_node_is_synced[Test for Kusama Relay, url: wss://rpc-kusama.luckyfriday.io]","tests","Sat Mar 07 09:10:06 UTC 2026","passed","Sat Mar 07 09:10:06 UTC 2026","","test_substrate_node_is_synced","",""
"","147","test_rpc_node_is_synced[Test for Polkadot People, url: wss://polkadot-people-rpc.polkadot.io]","tests","Sat Mar 07 09:09:03 UTC 2026","passed","Sat Mar 07 09:09:03 UTC 2026","","test_substrate_node_is_synced","",""
"","0","test_chainId[Test for Polkadex]","tests","Sat Mar 07 09:09:20 UTC 2026","passed","Sat Mar 07 09:09:20 UTC 2026","TestChainId","test_network_parameters","",""
"","0","test_precision[Test for KILT]","tests","Sat Mar 07 09:08:56 UTC 2026","passed","Sat Mar 07 09:08:56 UTC 2026","TestPrecision","test_network_parameters","",""
"","96","test_rpc_method_is_available[Test for Kusama Coretime, url: wss://coretime-kusama.dotters.network]","tests","Sat Mar 07 09:12:55 UTC 2026","passed","Sat Mar 07 09:12:55 UTC 2026","","test_rpc_methods_availability","",""
"","172","test_rpc_method_is_available[Test for Ternoa, url: wss://mainnet.ternoa.network]","tests","Sat Mar 07 09:11:18 UTC 2026","passed","Sat Mar 07 09:11:18 UTC 2026","","test_rpc_methods_availability","",""
"","135","test_rpc_method_is_available[Test for Kusama Relay, url: wss://rpc.ibp.network/kusama]","tests","Sat Mar 07 09:08:55 UTC 2026","passed","Sat Mar 07 09:08:56 UTC 2026","","test_rpc_methods_availability","",""
"","1","test_chainId[Test for XX network]","tests","Sat Mar 07 09:09:58 UTC 2026","passed","Sat Mar 07 09:09:58 UTC 2026","TestChainId","test_network_parameters","",""
"","1","test_chainId[Test for Darwinia]","tests","Sat Mar 07 09:09:47 UTC 2026","passed","Sat Mar 07 09:09:47 UTC 2026","TestChainId","test_network_parameters","",""
"","0","test_precision[Test for Energy Web X]","tests","Sat Mar 07 09:10:19 UTC 2026","passed","Sat Mar 07 09:10:19 UTC 2026","TestPrecision","test_network_parameters","",""
"","0","test_rpc_node_is_synced[Test for QUARTZ, url: wss://us-ws-quartz.unique.network]","tests","Sat Mar 07 09:09:40 UTC 2026","broken","Sat Mar 07 09:09:40 UTC 2026","","test_substrate_node_is_synced","",""
"","110","test_rpc_node_is_synced[Test for Aventus, url: wss://avn-parachain.mainnet.aventus.io]","tests","Sat Mar 07 09:11:36 UTC 2026","passed","Sat Mar 07 09:11:36 UTC 2026","","test_substrate_node_is_synced","",""
"","36","test_rpc_node_is_synced[Test for Encointer, url: wss://sys.ibp.network/encointer-kusama]","tests","Sat Mar 07 09:10:51 UTC 2026","passed","Sat Mar 07 09:10:51 UTC 2026","","test_substrate_node_is_synced","",""
"","166","test_rpc_node_is_synced[Test for Kusama Relay, url: wss://rpc-kusama-2.novasama-tech.org]","tests","Sat Mar 07 09:08:54 UTC 2026","passed","Sat Mar 07 09:08:55 UTC 2026","","test_substrate_node_is_synced","",""
"","0","test_rpc_method_is_available[Test for Crab, url: wss://crab-rpc.darwinia.network/]","tests","Sat Mar 07 09:11:52 UTC 2026","broken","Sat Mar 07 09:11:52 UTC 2026","","test_rpc_methods_availability","",""
"","0","test_chainId[Test for Kusama Bridge Hub]","tests","Sat Mar 07 09:09:52 UTC 2026","passed","Sat Mar 07 09:09:52 UTC 2026","TestChainId","test_network_parameters","",""
"","48","test_rpc_method_is_available[Test for Avail, url: wss://mainnet.avail-rpc.com/]","tests","Sat Mar 07 09:12:38 UTC 2026","passed","Sat Mar 07 09:12:38 UTC 2026","","test_rpc_methods_availability","",""
"","159","test_rpc_method_is_available[Test for Bittensor, url: wss://entrypoint-finney.opentensor.ai:443]","tests","Sat Mar 07 09:11:56 UTC 2026","passed","Sat Mar 07 09:11:56 UTC 2026","","test_rpc_methods_availability","",""
"","64","test_rpc_method_is_available[Test for Darwinia, url: wss://rpc.darwinia.network]","tests","Sat Mar 07 09:11:39 UTC 2026","passed","Sat Mar 07 09:11:39 UTC 2026","","test_rpc_methods_availability","",""
"","0","test_precision[Test for Crust Shadow]","tests","Sat Mar 07 09:09:16 UTC 2026","passed","Sat Mar 07 09:09:16 UTC 2026","TestPrecision","test_network_parameters","",""
"","0","test_chainId[Test for Polkadot Asset Hub]","tests","Sat Mar 07 09:09:10 UTC 2026","passed","Sat Mar 07 09:09:10 UTC 2026","TestChainId","test_network_parameters","",""
"","76","test_rpc_method_is_available[Test for Karura, url: wss://karura-rpc.n.dwellir.com]","tests","Sat Mar 07 09:09:06 UTC 2026","passed","Sat Mar 07 09:09:06 UTC 2026","","test_rpc_methods_availability","",""
"","0","test_chainId[Test for NeuroWeb]","tests","Sat Mar 07 09:09:25 UTC 2026","passed","Sat Mar 07 09:09:25 UTC 2026","TestChainId","test_network_parameters","",""
"","0","test_precision[Test for Cere]","tests","Sat Mar 07 09:10:43 UTC 2026","passed","Sat Mar 07 09:10:43 UTC 2026","TestPrecision","test_network_parameters","",""
"","99","test_rpc_method_is_available[Test for Interlay, url: wss://api.interlay.io/parachain]","tests","Sat Mar 07 09:09:51 UTC 2026","passed","Sat Mar 07 09:09:51 UTC 2026","","test_rpc_methods_availability","",""
"","1","test_address_prefix[Test for Kintsugi]","tests","Sat Mar 07 09:09:36 UTC 2026","passed","Sat Mar 07 09:09:36 UTC 2026","TestNetworkPrefix","test_network_parameters","",""
"","0","test_chainId[Test for Tangle]","tests","Sat Mar 07 09:10:46 UTC 2026","passed","Sat Mar 07 09:10:46 UTC 2026","TestChainId","test_network_parameters","",""
"","0","test_chainId[Test for KILT]","tests","Sat Mar 07 09:08:53 UTC 2026","passed","Sat Mar 07 09:08:53 UTC 2026","TestChainId","test_network_parameters","",""
"","174","test_rpc_method_is_available[Test for Kusama Relay, url: wss://rpc-kusama.luckyfriday.io]","tests","Sat Mar 07 09:09:11 UTC 2026","passed","Sat Mar 07 09:09:12 UTC 2026","","test_rpc_methods_availability","",""
"","36","test_rpc_node_is_synced[Test for Polkadot Bridge Hub, url: wss://bridge-hub-polkadot.dotters.network]","tests","Sat Mar 07 09:11:57 UTC 2026","passed","Sat Mar 07 09:11:57 UTC 2026","","test_substrate_node_is_synced","",""
"","0","test_precision[Test for Humanode]","tests","Sat Mar 07 09:10:45 UTC 2026","passed","Sat Mar 07 09:10:45 UTC 2026","TestPrecision","test_network_parameters","",""
"","0","test_precision[Test for XX network]","tests","Sat Mar 07 09:10:13 UTC 2026","passed","Sat Mar 07 09:10:13 UTC 2026","TestPrecision","test_network_parameters","",""
"","0","test_address_prefix[Test for Joystream]","tests","Sat Mar 07 09:10:19 UTC 2026","passed","Sat Mar 07 09:10:19 UTC 2026","TestNetworkPrefix","test_network_parameters","",""
"","0","test_chainId[Test for DENTNet]","tests","Sat Mar 07 09:10:21 UTC 2026","passed","Sat Mar 07 09:10:21 UTC 2026","TestChainId","test_network_parameters","",""
"","0","test_rpc_method_is_available[Test for Curio, url: wss://archive.parachain.curioinvest.com]","tests","Sat Mar 07 09:12:25 UTC 2026","broken","Sat Mar 07 09:12:25 UTC 2026","","test_rpc_methods_availability","",""
"","166","test_rpc_method_is_available[Test for Polkadot Relay, url: wss://rpc-polkadot-2.novasama-tech.org]","tests","Sat Mar 07 09:08:55 UTC 2026","passed","Sat Mar 07 09:08:55 UTC 2026","","test_rpc_methods_availability","",""
"","52","test_rpc_method_is_available[Test for Bifrost Polkadot, url: wss://bifrost-polkadot.dotters.network]","tests","Sat Mar 07 09:10:55 UTC 2026","passed","Sat Mar 07 09:10:55 UTC 2026","","test_rpc_methods_availability","",""
"","0","test_rpc_method_is_available[Test for KILT, url: wss://spiritnet.kilt.io/]","tests","Sat Mar 07 09:10:46 UTC 2026","broken","Sat Mar 07 09:10:46 UTC 2026","","test_rpc_methods_availability","",""
"","36","test_rpc_node_is_synced[Test for Polkadot People, url: wss://sys.ibp.network/people-polkadot]","tests","Sat Mar 07 09:09:05 UTC 2026","passed","Sat Mar 07 09:09:05 UTC 2026","","test_substrate_node_is_synced","",""
"","0","test_address_prefix[Test for Creditcoin]","tests","Sat Mar 07 09:10:27 UTC 2026","passed","Sat Mar 07 09:10:27 UTC 2026","TestNetworkPrefix","test_network_parameters","",""
"","179","test_rpc_node_is_synced[Test for JAMTON, url: wss://rpc.jamton.network]","tests","Sat Mar 07 09:12:54 UTC 2026","passed","Sat Mar 07 09:12:54 UTC 2026","","test_substrate_node_is_synced","",""
"","132","test_rpc_node_is_synced[Test for Encointer, url: wss://api.kusama.encointer.org]","tests","Sat Mar 07 09:09:43 UTC 2026","passed","Sat Mar 07 09:09:43 UTC 2026","","test_substrate_node_is_synced","",""
"","138","test_rpc_node_is_synced[Test for NeuroWeb, url: wss://parachain-rpc.origin-trail.network]","tests","Sat Mar 07 09:10:55 UTC 2026","passed","Sat Mar 07 09:10:55 UTC 2026","","test_substrate_node_is_synced","",""
"","123","test_rpc_method_is_available[Test for Bittensor, url: wss://lite.sub.latent.to:443]","tests","Sat Mar 07 09:11:38 UTC 2026","passed","Sat Mar 07 09:11:38 UTC 2026","","test_rpc_methods_availability","",""
"","0","test_chainId[Test for Kusama Coretime]","tests","Sat Mar 07 09:10:39 UTC 2026","passed","Sat Mar 07 09:10:39 UTC 2026","TestChainId","test_network_parameters","",""
"","61","test_rpc_method_is_available[Test for Moonbeam, url: wss://moonbeam.dotters.network]","tests","Sat Mar 07 09:09:19 UTC 2026","passed","Sat Mar 07 09:09:19 UTC 2026","","test_rpc_methods_availability","",""
"","43","test_rpc_method_is_available[Test for Centrifuge Parachain, url: wss://fullnode.centrifuge.io]","tests","Sat Mar 07 09:10:16 UTC 2026","passed","Sat Mar 07 09:10:17 UTC 2026","","test_rpc_methods_availability","",""
"","136","test_rpc_method_is_available[Test for Moonriver, url: wss://moonriver-rpc.publicnode.com]","tests","Sat Mar 07 09:09:22 UTC 2026","passed","Sat Mar 07 09:09:22 UTC 2026","","test_rpc_methods_availability","",""
"","155","test_rpc_node_is_synced[Test for Tangle, url: wss://rpc.tangle.tools]","tests","Sat Mar 07 09:12:57 UTC 2026","passed","Sat Mar 07 09:12:57 UTC 2026","","test_substrate_node_is_synced","",""
"","0","test_chainId[Test for DAO IPCI]","tests","Sat Mar 07 09:09:33 UTC 2026","passed","Sat Mar 07 09:09:33 UTC 2026","TestChainId","test_network_parameters","",""
"","0","test_chainId[Test for 3DPass]","tests","Sat Mar 07 09:09:41 UTC 2026","passed","Sat Mar 07 09:09:41 UTC 2026","TestChainId","test_network_parameters","",""
"","44","test_rpc_method_is_available[Test for Crust Shadow, url: wss://rpc-shadow.crust.network/]","tests","Sat Mar 07 09:10:10 UTC 2026","passed","Sat Mar 07 09:10:10 UTC 2026","","test_rpc_methods_availability","",""
"","117","test_rpc_method_is_available[Test for Polkadot People, url: wss://people-polkadot.public.curie.radiumblock.co/ws]","tests","Sat Mar 07 09:09:02 UTC 2026","passed","Sat Mar 07 09:09:02 UTC 2026","","test_rpc_methods_availability","",""
"","1","test_address_prefix[Test for Enjin Relay]","tests","Sat Mar 07 09:10:21 UTC 2026","passed","Sat Mar 07 09:10:21 UTC 2026","TestNetworkPrefix","test_network_parameters","",""
"","53","test_rpc_node_is_synced[Test for Polkadot Relay, url: wss://rpc-polkadot.luckyfriday.io]","tests","Sat Mar 07 09:09:30 UTC 2026","passed","Sat Mar 07 09:09:30 UTC 2026","","test_substrate_node_is_synced","",""
"","36","test_rpc_node_is_synced[Test for Polkadot Collectives, url: wss://sys.ibp.network/collectives-polkadot]","tests","Sat Mar 07 09:12:11 UTC 2026","passed","Sat Mar 07 09:12:11 UTC 2026","","test_substrate_node_is_synced","",""
"","1","test_chainId[Test for Humanode]","tests","Sat Mar 07 09:10:26 UTC 2026","passed","Sat Mar 07 09:10:26 UTC 2026","TestChainId","test_network_parameters","",""
"","48","test_rpc_node_is_synced[Test for Enjin Relay, url: wss://rpc.relay.blockchain.enjin.io]","tests","Sat Mar 07 09:12:24 UTC 2026","passed","Sat Mar 07 09:12:24 UTC 2026","","test_substrate_node_is_synced","",""
"","179","test_rpc_method_is_available[Test for Manta Atlantic, url: wss://ws.manta.systems]","tests","Sat Mar 07 09:12:08 UTC 2026","passed","Sat Mar 07 09:12:08 UTC 2026","","test_rpc_methods_availability","",""
"","51","test_rpc_node_is_synced[Test for Kusama Coretime, url: wss://rpc-coretime-kusama.luckyfriday.io]","tests","Sat Mar 07 09:13:07 UTC 2026","passed","Sat Mar 07 09:13:07 UTC 2026","","test_substrate_node_is_synced","",""
"","1","test_precision[Test for Frequency]","tests","Sat Mar 07 09:10:07 UTC 2026","passed","Sat Mar 07 09:10:07 UTC 2026","TestPrecision","test_network_parameters","",""
"","0","test_rpc_method_is_available[Test for QUARTZ, url: wss://eu-ws-quartz.unique.network]","tests","Sat Mar 07 09:11:10 UTC 2026","broken","Sat Mar 07 09:11:10 UTC 2026","","test_rpc_methods_availability","",""
"","0","test_address_prefix[Test for QUARTZ]","tests","Sat Mar 07 09:09:16 UTC 2026","broken","Sat Mar 07 09:09:16 UTC 2026","TestNetworkPrefix","test_network_parameters","",""
"","0","test_rpc_node_is_synced[Test for Curio, url: wss://archive.parachain.curioinvest.com]","tests","Sat Mar 07 09:12:37 UTC 2026","broken","Sat Mar 07 09:12:37 UTC 2026","","test_substrate_node_is_synced","",""
"","164","test_rpc_node_is_synced[Test for Hyperbridge Nexus, url: wss://nexus.ibp.network]","tests","Sat Mar 07 09:12:44 UTC 2026","passed","Sat Mar 07 09:12:44 UTC 2026","","test_substrate_node_is_synced","",""
"","0","test_address_prefix[Test for Hyperbridge Nexus]","tests","Sat Mar 07 09:10:23 UTC 2026","passed","Sat Mar 07 09:10:23 UTC 2026","TestNetworkPrefix","test_network_parameters","",""
"","1","test_precision[Test for 3DPass]","tests","Sat Mar 07 09:10:00 UTC 2026","passed","Sat Mar 07 09:10:00 UTC 2026","TestPrecision","test_network_parameters","",""
"","137","test_rpc_node_is_synced[Test for Shiden, url: wss://shiden-rpc.n.dwellir.com]","tests","Sat Mar 07 09:09:47 UTC 2026","passed","Sat Mar 07 09:09:47 UTC 2026","","test_substrate_node_is_synced","",""
"","65","test_rpc_method_is_available[Test for Kintsugi, url: wss://api-kusama.interlay.io/parachain]","tests","Sat Mar 07 09:09:49 UTC 2026","passed","Sat Mar 07 09:09:49 UTC 2026","","test_rpc_methods_availability","",""
"","0","test_address_prefix[Test for Polkadot Bridge Hub]","tests","Sat Mar 07 09:10:01 UTC 2026","passed","Sat Mar 07 09:10:01 UTC 2026","TestNetworkPrefix","test_network_parameters","",""
"","0","test_address_prefix[Test for Darwinia]","tests","Sat Mar 07 09:09:57 UTC 2026","passed","Sat Mar 07 09:09:57 UTC 2026","TestNetworkPrefix","test_network_parameters","",""
"","0","test_rpc_node_is_synced[Test for KILT, url: wss://spiritnet.kilt.io/]","tests","Sat Mar 07 09:10:47 UTC 2026","broken","Sat Mar 07 09:10:47 UTC 2026","","test_substrate_node_is_synced","",""
"","133","test_rpc_node_is_synced[Test for Mythos, url: wss://polkadot-mythos-rpc.polkadot.io]","tests","Sat Mar 07 09:12:36 UTC 2026","passed","Sat Mar 07 09:12:36 UTC 2026","","test_substrate_node_is_synced","",""
"","173","test_rpc_method_is_available[Test for Polkadot Relay, url: wss://rpc-polkadot.luckyfriday.io]","tests","Sat Mar 07 09:09:28 UTC 2026","passed","Sat Mar 07 09:09:29 UTC 2026","","test_rpc_methods_availability","",""
"","100","test_rpc_method_is_available[Test for Polkadex, url: wss://so.polkadex.ee]","tests","Sat Mar 07 09:10:36 UTC 2026","passed","Sat Mar 07 09:10:36 UTC 2026","","test_rpc_methods_availability","",""
"","0","test_precision[Test for Westend (TESTNET)]","tests","Sat Mar 07 09:09:52 UTC 2026","passed","Sat Mar 07 09:09:52 UTC 2026","TestPrecision","test_network_parameters","",""
"","0","test_chainId[Test for CC Enterprise]","tests","Sat Mar 07 09:10:23 UTC 2026","passed","Sat Mar 07 09:10:23 UTC 2026","TestChainId","test_network_parameters","",""
"","135","test_rpc_node_is_synced[Test for Energy Web X, url: wss://public-rpc.mainnet.energywebx.com/]","tests","Sat Mar 07 09:12:29 UTC 2026","passed","Sat Mar 07 09:12:29 UTC 2026","","test_substrate_node_is_synced","",""
"","169","test_rpc_method_is_available[Test for Polkadot People, url: wss://people-polkadot.dotters.network]","tests","Sat Mar 07 09:08:56 UTC 2026","passed","Sat Mar 07 09:08:56 UTC 2026","","test_rpc_methods_availability","",""
"","272","test_rpc_node_is_synced[Test for Ajuna, url: wss://ajuna.ibp.network]","tests","Sat Mar 07 09:12:10 UTC 2026","passed","Sat Mar 07 09:12:10 UTC 2026","","test_substrate_node_is_synced","",""
"","51","test_rpc_node_is_synced[Test for Bittensor, url: wss://entrypoint-finney.opentensor.ai:443]","tests","Sat Mar 07 09:11:56 UTC 2026","passed","Sat Mar 07 09:11:56 UTC 2026","","test_substrate_node_is_synced","",""
"","72","test_rpc_node_is_synced[Test for Ethereum, url: https://ethereum-rpc.publicnode.com]","tests","Sat Mar 07 09:08:53 UTC 2026","broken","Sat Mar 07 09:08:53 UTC 2026","TestETHNodesAvailability","test_eth_nodes_availability","",""
"","1","test_chainId[Test for UNIQUE]","tests","Sat Mar 07 09:09:12 UTC 2026","passed","Sat Mar 07 09:09:12 UTC 2026","TestChainId","test_network_parameters","",""
"","135","test_rpc_node_is_synced[Test for Laos, url: wss://rpc.laos.laosfoundation.io]","tests","Sat Mar 07 09:12:52 UTC 2026","passed","Sat Mar 07 09:12:52 UTC 2026","","test_substrate_node_is_synced","",""
"","0","test_rpc_node_is_synced[Test for 3DPass, url: wss://rpc.3dpass.org]","tests","Sat Mar 07 09:12:26 UTC 2026","broken","Sat Mar 07 09:12:26 UTC 2026","","test_substrate_node_is_synced","",""
"","1","test_address_prefix[Test for Avail]","tests","Sat Mar 07 09:10:24 UTC 2026","passed","Sat Mar 07 09:10:24 UTC 2026","TestNetworkPrefix","test_network_parameters","",""
"","0","test_precision[Test for Bifrost Polkadot]","tests","Sat Mar 07 09:09:37 UTC 2026","passed","Sat Mar 07 09:09:37 UTC 2026","TestPrecision","test_network_parameters","",""
"","174","test_rpc_method_is_available[Test for Shiden, url: wss://rpc.shiden.astar.network]","tests","Sat Mar 07 09:09:35 UTC 2026","passed","Sat Mar 07 09:09:35 UTC 2026","","test_rpc_methods_availability","",""
"","186","test_rpc_node_is_synced[Test for Kintsugi, url: wss://api-kusama.interlay.io/parachain]","tests","Sat Mar 07 09:09:48 UTC 2026","passed","Sat Mar 07 09:09:48 UTC 2026","","test_substrate_node_is_synced","",""
"","0","test_chainId[Test for Joystream]","tests","Sat Mar 07 09:10:00 UTC 2026","passed","Sat Mar 07 09:10:00 UTC 2026","TestChainId","test_network_parameters","",""
"","0","test_address_prefix[Test for Ajuna]","tests","Sat Mar 07 09:09:57 UTC 2026","passed","Sat Mar 07 09:09:57 UTC 2026","TestNetworkPrefix","test_network_parameters","",""
"","133","test_rpc_method_is_available[Test for Kreivo, url: wss://kreivo.kippu.rocks/]","tests","Sat Mar 07 09:12:38 UTC 2026","passed","Sat Mar 07 09:12:38 UTC 2026","","test_rpc_methods_availability","",""
"","105","test_rpc_method_is_available[Test for Bifrost Kusama, url: wss://us.bifrost-rpc.liebi.com/ws]","tests","Sat Mar 07 09:10:05 UTC 2026","passed","Sat Mar 07 09:10:05 UTC 2026","","test_rpc_methods_availability","",""
"","0","test_address_prefix[Test for Polkadot Relay]","tests","Sat Mar 07 09:09:03 UTC 2026","passed","Sat Mar 07 09:09:03 UTC 2026","TestNetworkPrefix","test_network_parameters","",""
"","181","test_rpc_method_is_available[Test for Kusama Bridge Hub, url: wss://ksm-rpc.stakeworld.io/bridgehub]","tests","Sat Mar 07 09:12:01 UTC 2026","passed","Sat Mar 07 09:12:01 UTC 2026","","test_rpc_methods_availability","",""
"","187","test_rpc_node_is_synced[Test for Kusama Relay, url: wss://1rpc.io/ksm]","tests","Sat Mar 07 09:10:13 UTC 2026","passed","Sat Mar 07 09:10:13 UTC 2026","","test_substrate_node_is_synced","",""
"","148","test_rpc_method_is_available[Test for Polkadot Bridge Hub, url: wss://bridge-hub-polkadot.dotters.network]","tests","Sat Mar 07 09:11:53 UTC 2026","passed","Sat Mar 07 09:11:53 UTC 2026","","test_rpc_methods_availability","",""
"","24","test_rpc_node_is_synced[Test for Kusama Relay, url: wss://kusama.public.curie.radiumblock.co/ws]","tests","Sat Mar 07 09:10:19 UTC 2026","passed","Sat Mar 07 09:10:19 UTC 2026","","test_substrate_node_is_synced","",""
"","0","test_precision[Test for Interlay]","tests","Sat Mar 07 09:09:31 UTC 2026","passed","Sat Mar 07 09:09:31 UTC 2026","TestPrecision","test_network_parameters","",""
"","135","test_rpc_node_is_synced[Test for Bifrost Kusama, url: wss://us.bifrost-rpc.liebi.com/ws]","tests","Sat Mar 07 09:10:03 UTC 2026","passed","Sat Mar 07 09:10:03 UTC 2026","","test_substrate_node_is_synced","",""
"","1","test_precision[Test for Polymesh]","tests","Sat Mar 07 09:10:02 UTC 2026","passed","Sat Mar 07 09:10:02 UTC 2026","TestPrecision","test_network_parameters","",""
"","182","test_rpc_node_is_synced[Test for Bifrost Kusama, url: wss://bifrost-rpc.liebi.com/ws]","tests","Sat Mar 07 09:09:57 UTC 2026","passed","Sat Mar 07 09:09:57 UTC 2026","","test_substrate_node_is_synced","",""
"","0","test_chainId[Test for Kusama Relay]","tests","Sat Mar 07 09:08:53 UTC 2026","passed","Sat Mar 07 09:08:53 UTC 2026","TestChainId","test_network_parameters","",""
"","164","test_rpc_method_is_available[Test for Polkadot Collectives, url: wss://collectives.public.curie.radiumblock.co/ws]","tests","Sat Mar 07 09:12:06 UTC 2026","passed","Sat Mar 07 09:12:07 UTC 2026","","test_rpc_methods_availability","",""
"","97","test_rpc_method_is_available[Test for UNIQUE, url: wss://unique.ibp.network]","tests","Sat Mar 07 09:10:57 UTC 2026","passed","Sat Mar 07 09:10:57 UTC 2026","","test_rpc_methods_availability","",""
"","36","test_rpc_node_is_synced[Test for Kusama Coretime, url: wss://coretime-kusama.dotters.network]","tests","Sat Mar 07 09:13:00 UTC 2026","passed","Sat Mar 07 09:13:00 UTC 2026","","test_substrate_node_is_synced","",""
"","129","test_rpc_node_is_synced[Test for Manta Atlantic, url: wss://ws.manta.systems]","tests","Sat Mar 07 09:12:20 UTC 2026","passed","Sat Mar 07 09:12:20 UTC 2026","","test_substrate_node_is_synced","",""
"","27","test_rpc_node_is_synced[Test for Pendulum, url: wss://rpc-pendulum.prd.pendulumchain.tech]","tests","Sat Mar 07 09:11:29 UTC 2026","passed","Sat Mar 07 09:11:29 UTC 2026","","test_substrate_node_is_synced","",""
"","0","test_address_prefix[Test for Aleph Zero]","tests","Sat Mar 07 09:09:29 UTC 2026","broken","Sat Mar 07 09:09:29 UTC 2026","TestNetworkPrefix","test_network_parameters","",""
"","159","test_rpc_method_is_available[Test for Acala, url: wss://acala-rpc-1.aca-api.network]","tests","Sat Mar 07 09:09:55 UTC 2026","passed","Sat Mar 07 09:09:55 UTC 2026","","test_rpc_methods_availability","",""
"","24","test_rpc_node_is_synced[Test for CC Enterprise, url: wss://mainnet.creditcoin.network/ws]","tests","Sat Mar 07 09:12:41 UTC 2026","passed","Sat Mar 07 09:12:41 UTC 2026","","test_substrate_node_is_synced","",""
"","0","test_chainId[Test for Aleph Zero]","tests","Sat Mar 07 09:09:15 UTC 2026","broken","Sat Mar 07 09:09:15 UTC 2026","TestChainId","test_network_parameters","",""
"","99","test_rpc_method_is_available[Test for Acala, url: wss://acala-rpc-3.aca-api.network/ws]","tests","Sat Mar 07 09:10:03 UTC 2026","passed","Sat Mar 07 09:10:03 UTC 2026","","test_rpc_methods_availability","",""
"","1","test_precision[Test for Kusama Asset Hub]","tests","Sat Mar 07 09:09:56 UTC 2026","passed","Sat Mar 07 09:09:56 UTC 2026","TestPrecision","test_network_parameters","",""
"","0","test_precision[Test for Kusama Coretime]","tests","Sat Mar 07 09:10:51 UTC 2026","passed","Sat Mar 07 09:10:51 UTC 2026","TestPrecision","test_network_parameters","",""
"","0","test_address_prefix[Test for KILT]","tests","Sat Mar 07 09:09:04 UTC 2026","passed","Sat Mar 07 09:09:04 UTC 2026","TestNetworkPrefix","test_network_parameters","",""
"","0","test_precision[Test for UNIQUE]","tests","Sat Mar 07 09:09:40 UTC 2026","passed","Sat Mar 07 09:09:40 UTC 2026","TestPrecision","test_network_parameters","",""
"","218","test_rpc_node_is_synced[Test for Crust Shadow, url: wss://rpc-sha-subscan.crustnetwork.xyz]","tests","Sat Mar 07 09:10:00 UTC 2026","passed","Sat Mar 07 09:10:00 UTC 2026","","test_substrate_node_is_synced","",""
"","53","test_rpc_node_is_synced[Test for Altair, url: wss://altair.api.onfinality.io/public-ws]","tests","Sat Mar 07 09:10:20 UTC 2026","passed","Sat Mar 07 09:10:20 UTC 2026","","test_substrate_node_is_synced","",""
"","51","test_rpc_node_is_synced[Test for Moonbeam, url: wss://moonbeam.dotters.network]","tests","Sat Mar 07 09:09:19 UTC 2026","passed","Sat Mar 07 09:09:19 UTC 2026","","test_substrate_node_is_synced","",""
"","0","test_chainId[Test for Polkadot People]","tests","Sat Mar 07 09:08:46 UTC 2026","passed","Sat Mar 07 09:08:46 UTC 2026","TestChainId","test_network_parameters","",""
"","0","test_address_prefix[Test for Kreivo]","tests","Sat Mar 07 09:10:30 UTC 2026","passed","Sat Mar 07 09:10:30 UTC 2026","TestNetworkPrefix","test_network_parameters","",""
"","107","test_rpc_method_is_available[Test for Polkadot Bridge Hub, url: wss://dot-rpc.stakeworld.io/bridgehub]","tests","Sat Mar 07 09:11:57 UTC 2026","passed","Sat Mar 07 09:11:57 UTC 2026","","test_rpc_methods_availability","",""
"","0","test_rpc_node_is_synced[Test for Amplitude, url: wss://rpc-amplitude.pendulumchain.tech]","tests","Sat Mar 07 09:11:37 UTC 2026","broken","Sat Mar 07 09:11:37 UTC 2026","","test_substrate_node_is_synced","",""
"","1","test_precision[Test for Moonbeam]","tests","Sat Mar 07 09:09:12 UTC 2026","passed","Sat Mar 07 09:09:12 UTC 2026","TestPrecision","test_network_parameters","",""
"","0","test_precision[Test for DAO IPCI]","tests","Sat Mar 07 09:09:46 UTC 2026","passed","Sat Mar 07 09:09:46 UTC 2026","TestPrecision","test_network_parameters","",""
"","43","test_rpc_method_is_available[Test for Enjin Matrix, url: wss://rpc.matrix.blockchain.enjin.io]","tests","Sat Mar 07 09:12:09 UTC 2026","passed","Sat Mar 07 09:12:09 UTC 2026","","test_rpc_methods_availability","",""
"","81","test_rpc_node_is_synced[Test for Crust Polkadot Parachain, url: wss://crust-parachain.crustapps.net]","tests","Sat Mar 07 09:11:33 UTC 2026","passed","Sat Mar 07 09:11:33 UTC 2026","","test_substrate_node_is_synced","",""
"","78","test_rpc_method_is_available[Test for Karura, url: wss://karura-rpc-1.aca-api.network]","tests","Sat Mar 07 09:08:52 UTC 2026","passed","Sat Mar 07 09:08:52 UTC 2026","","test_rpc_methods_availability","",""
"","1","test_chainId[Test for Kusama Asset Hub]","tests","Sat Mar 07 09:09:04 UTC 2026","passed","Sat Mar 07 09:09:04 UTC 2026","TestChainId","test_network_parameters","",""
"","98","test_rpc_method_is_available[Test for Aleph Zero, url: wss://ws.azero.dev]","tests","Sat Mar 07 09:10:31 UTC 2026","passed","Sat Mar 07 09:10:31 UTC 2026","","test_rpc_methods_availability","",""
"","99","test_rpc_method_is_available[Test for Phala, url: wss://phala.public.curie.radiumblock.co/ws]","tests","Sat Mar 07 09:10:29 UTC 2026","passed","Sat Mar 07 09:10:29 UTC 2026","","test_rpc_methods_availability","",""
"","127","test_rpc_node_is_synced[Test for Ternoa, url: wss://mainnet.ternoa.network]","tests","Sat Mar 07 09:11:42 UTC 2026","passed","Sat Mar 07 09:11:42 UTC 2026","","test_substrate_node_is_synced","",""
"","54","test_rpc_node_is_synced[Test for Bittensor, url: wss://bittensor-finney.api.onfinality.io/public-ws]","tests","Sat Mar 07 09:11:48 UTC 2026","passed","Sat Mar 07 09:11:48 UTC 2026","","test_substrate_node_is_synced","",""
"","0","test_chainId[Test for Polkadot Collectives]","tests","Sat Mar 07 09:10:02 UTC 2026","passed","Sat Mar 07 09:10:02 UTC 2026","TestChainId","test_network_parameters","",""
"","151","test_rpc_method_is_available[Test for KILT, url: wss://kilt.dotters.network]","tests","Sat Mar 07 09:10:35 UTC 2026","passed","Sat Mar 07 09:10:36 UTC 2026","","test_rpc_methods_availability","",""
"","101","test_rpc_method_is_available[Test for Altair, url: wss://altair.api.onfinality.io/public-ws]","tests","Sat Mar 07 09:10:20 UTC 2026","passed","Sat Mar 07 09:10:20 UTC 2026","","test_rpc_methods_availability","",""
"","274","test_rpc_node_is_synced[Test for Acala, url: wss://acala-rpc-0.aca-api.network]","tests","Sat Mar 07 09:09:44 UTC 2026","passed","Sat Mar 07 09:09:45 UTC 2026","","test_substrate_node_is_synced","",""
"","100","test_rpc_method_is_available[Test for Polkadot Asset Hub, url: wss://asset-hub-polkadot.dotters.network]","tests","Sat Mar 07 09:11:41 UTC 2026","passed","Sat Mar 07 09:11:42 UTC 2026","","test_rpc_methods_availability","",""
"","98","test_rpc_method_is_available[Test for GIANT, url: wss://rpc-anchor-1-mainnet-az-ue1.giantprotocol.org:443]","tests","Sat Mar 07 09:11:43 UTC 2026","passed","Sat Mar 07 09:11:43 UTC 2026","","test_rpc_methods_availability","",""
"","140","test_rpc_node_is_synced[Test for Hyperbridge Nexus, url: wss://hyperbridge-nexus-rpc.blockops.network]","tests","Sat Mar 07 09:12:34 UTC 2026","passed","Sat Mar 07 09:12:34 UTC 2026","","test_substrate_node_is_synced","",""
"","92","test_rpc_node_is_synced[Test for Hyperbridge Nexus, url: wss://nexus.dotters.network]","tests","Sat Mar 07 09:12:50 UTC 2026","passed","Sat Mar 07 09:12:50 UTC 2026","","test_substrate_node_is_synced","",""
"","0","test_chainId[Test for DeepBrain]","tests","Sat Mar 07 09:10:35 UTC 2026","broken","Sat Mar 07 09:10:35 UTC 2026","TestChainId","test_network_parameters","",""
"","43","test_rpc_method_is_available[Test for Laos, url: wss://rpc.laos.laosfoundation.io]","tests","Sat Mar 07 09:12:47 UTC 2026","passed","Sat Mar 07 09:12:47 UTC 2026","","test_rpc_methods_availability","",""
"","103","test_rpc_method_is_available[Test for Polkadot Coretime, url: wss://rpc-coretime-polkadot.luckyfriday.io]","tests","Sat Mar 07 09:12:55 UTC 2026","passed","Sat Mar 07 09:12:55 UTC 2026","","test_rpc_methods_availability","",""
"","0","test_precision[Test for QUARTZ]","tests","Sat Mar 07 09:09:07 UTC 2026","broken","Sat Mar 07 09:09:07 UTC 2026","TestPrecision","test_network_parameters","",""
"","1","test_address_prefix[Test for Humanode]","tests","Sat Mar 07 09:10:35 UTC 2026","passed","Sat Mar 07 09:10:35 UTC 2026","TestNetworkPrefix","test_network_parameters","",""
"","0","test_chainId[Test for Hyperbridge Nexus]","tests","Sat Mar 07 09:10:12 UTC 2026","passed","Sat Mar 07 09:10:12 UTC 2026","TestChainId","test_network_parameters","",""
"","183","test_rpc_method_is_available[Test for Astar, url: wss://astar.public.curie.radiumblock.co/ws]","tests","Sat Mar 07 09:11:25 UTC 2026","passed","Sat Mar 07 09:11:25 UTC 2026","","test_rpc_methods_availability","",""
"","51","test_rpc_node_is_synced[Test for KILT, url: wss://kilt.dotters.network]","tests","Sat Mar 07 09:10:36 UTC 2026","passed","Sat Mar 07 09:10:36 UTC 2026","","test_substrate_node_is_synced","",""
"","0","test_chainId[Test for Cere]","tests","Sat Mar 07 09:10:19 UTC 2026","passed","Sat Mar 07 09:10:19 UTC 2026","TestChainId","test_network_parameters","",""
"","62","test_rpc_method_is_available[Test for Karura, url: wss://karura-rpc-2.aca-api.network/ws]","tests","Sat Mar 07 09:08:56 UTC 2026","passed","Sat Mar 07 09:08:56 UTC 2026","","test_rpc_methods_availability","",""
"","1","test_precision[Test for Ternoa]","tests","Sat Mar 07 09:09:58 UTC 2026","passed","Sat Mar 07 09:09:58 UTC 2026","TestPrecision","test_network_parameters","",""
"","167","test_rpc_node_is_synced[Test for Hydration, url: wss://rpc-hydra.novasama-tech.org]","tests","Sat Mar 07 09:10:25 UTC 2026","passed","Sat Mar 07 09:10:26 UTC 2026","","test_substrate_node_is_synced","",""
"","1","test_chainId[Test for Acurast Canary]","tests","Sat Mar 07 09:10:13 UTC 2026","passed","Sat Mar 07 09:10:13 UTC 2026","TestChainId","test_network_parameters","",""
"","51","test_rpc_method_is_available[Test for Hydration, url: wss://hydration.ibp.network]","tests","Sat Mar 07 09:10:39 UTC 2026","passed","Sat Mar 07 09:10:39 UTC 2026","","test_rpc_methods_availability","",""
"","0","test_precision[Test for Avail]","tests","Sat Mar 07 09:10:33 UTC 2026","passed","Sat Mar 07 09:10:33 UTC 2026","TestPrecision","test_network_parameters","",""
"","143","test_rpc_node_is_synced[Test for Astar, url: wss://astar.public.curie.radiumblock.co/ws]","tests","Sat Mar 07 09:10:22 UTC 2026","passed","Sat Mar 07 09:10:23 UTC 2026","","test_substrate_node_is_synced","",""
"","402","test_rpc_node_is_synced[Test for Acurast Canary, url: wss://public-rpc.canary.acurast.com]","tests","Sat Mar 07 09:12:34 UTC 2026","passed","Sat Mar 07 09:12:34 UTC 2026","","test_substrate_node_is_synced","",""
"","74","test_rpc_node_is_synced[Test for Polymesh, url: wss://mainnet-rpc.polymesh.network]","tests","Sat Mar 07 09:11:48 UTC 2026","passed","Sat Mar 07 09:11:48 UTC 2026","","test_substrate_node_is_synced","",""
"","0","test_address_prefix[Test for Polkadot Asset Hub]","tests","Sat Mar 07 09:09:26 UTC 2026","passed","Sat Mar 07 09:09:26 UTC 2026","TestNetworkPrefix","test_network_parameters","",""
"","0","test_address_prefix[Test for Polkadot Collectives]","tests","Sat Mar 07 09:10:01 UTC 2026","passed","Sat Mar 07 09:10:01 UTC 2026","TestNetworkPrefix","test_network_parameters","",""
"","0","test_chainId[Test for Heima]","tests","Sat Mar 07 09:09:36 UTC 2026","passed","Sat Mar 07 09:09:36 UTC 2026","TestChainId","test_network_parameters","",""
"","51","test_rpc_node_is_synced[Test for UNIQUE, url: wss://unique.dotters.network]","tests","Sat Mar 07 09:11:26 UTC 2026","passed","Sat Mar 07 09:11:26 UTC 2026","","test_substrate_node_is_synced","",""
"","38","test_rpc_node_is_synced[Test for Frequency, url: wss://1.rpc.frequency.xyz]","tests","Sat Mar 07 09:12:09 UTC 2026","passed","Sat Mar 07 09:12:10 UTC 2026","","test_substrate_node_is_synced","",""
"","126","test_rpc_node_is_synced[Test for Creditcoin, url: wss://mainnet3.creditcoin.network]","tests","Sat Mar 07 09:12:47 UTC 2026","passed","Sat Mar 07 09:12:47 UTC 2026","","test_substrate_node_is_synced","",""
"","274","test_rpc_node_is_synced[Test for Acala, url: wss://acala-rpc-2.aca-api.network/ws]","tests","Sat Mar 07 09:09:55 UTC 2026","passed","Sat Mar 07 09:09:55 UTC 2026","","test_substrate_node_is_synced","",""
"","0","test_address_prefix[Test for Basilisk]","tests","Sat Mar 07 09:09:18 UTC 2026","passed","Sat Mar 07 09:09:18 UTC 2026","TestNetworkPrefix","test_network_parameters","",""
"","77","test_rpc_method_is_available[Test for Hyperbridge Nexus, url: wss://nexus.ibp.network]","tests","Sat Mar 07 09:12:28 UTC 2026","passed","Sat Mar 07 09:12:28 UTC 2026","","test_rpc_methods_availability","",""
"","0","test_precision[Test for Polkadot Relay]","tests","Sat Mar 07 09:08:51 UTC 2026","passed","Sat Mar 07 09:08:51 UTC 2026","TestPrecision","test_network_parameters","",""
"","0","test_address_prefix[Test for Acurast]","tests","Sat Mar 07 09:10:45 UTC 2026","passed","Sat Mar 07 09:10:45 UTC 2026","TestNetworkPrefix","test_network_parameters","",""
"","1","test_precision[Test for Basilisk]","tests","Sat Mar 07 09:09:07 UTC 2026","passed","Sat Mar 07 09:09:07 UTC 2026","TestPrecision","test_network_parameters","",""
"","147","test_rpc_method_is_available[Test for Acurast Canary, url: wss://public-rpc.canary.acurast.com]","tests","Sat Mar 07 09:12:32 UTC 2026","passed","Sat Mar 07 09:12:32 UTC 2026","","test_rpc_methods_availability","",""
"","0","test_precision[Test for Tanssi]","tests","Sat Mar 07 09:10:57 UTC 2026","passed","Sat Mar 07 09:10:57 UTC 2026","TestPrecision","test_network_parameters","",""
"","0","test_address_prefix[Test for krest]","tests","Sat Mar 07 09:10:04 UTC 2026","passed","Sat Mar 07 09:10:04 UTC 2026","TestNetworkPrefix","test_network_parameters","",""
"","160","test_rpc_node_is_synced[Test for XX network, url: wss://rpc-hetzner.xx.network]","tests","Sat Mar 07 09:11:26 UTC 2026","passed","Sat Mar 07 09:11:26 UTC 2026","","test_substrate_node_is_synced","",""
"","0","test_precision[Test for Acala]","tests","Sat Mar 07 09:09:10 UTC 2026","passed","Sat Mar 07 09:09:10 UTC 2026","TestPrecision","test_network_parameters","",""
"","0","test_address_prefix[Test for CC Enterprise]","tests","Sat Mar 07 09:10:27 UTC 2026","passed","Sat Mar 07 09:10:27 UTC 2026","TestNetworkPrefix","test_network_parameters","",""
"","112","test_rpc_method_is_available[Test for Shiden, url: wss://shiden-rpc.n.dwellir.com]","tests","Sat Mar 07 09:09:40 UTC 2026","passed","Sat Mar 07 09:09:40 UTC 2026","","test_rpc_methods_availability","",""
"","36","test_rpc_node_is_synced[Test for Kusama Bridge Hub, url: wss://sys.ibp.network/bridgehub-kusama]","tests","Sat Mar 07 09:12:00 UTC 2026","passed","Sat Mar 07 09:12:00 UTC 2026","","test_substrate_node_is_synced","",""
"","0","test_precision[Test for Polkadex]","tests","Sat Mar 07 09:09:28 UTC 2026","passed","Sat Mar 07 09:09:28 UTC 2026","TestPrecision","test_network_parameters","",""
"","0","test_precision[Test for CC Enterprise]","tests","Sat Mar 07 09:10:36 UTC 2026","passed","Sat Mar 07 09:10:36 UTC 2026","TestPrecision","test_network_parameters","",""
"","135","test_rpc_node_is_synced[Test for Kusama Coretime, url: wss://kusama-coretime-rpc.polkadot.io]","tests","Sat Mar 07 09:13:04 UTC 2026","passed","Sat Mar 07 09:13:04 UTC 2026","","test_substrate_node_is_synced","",""
"","151","test_rpc_node_is_synced[Test for Polkadot Relay, url: wss://rpc-polkadot-1.novasama-tech.org]","tests","Sat Mar 07 09:08:53 UTC 2026","passed","Sat Mar 07 09:08:53 UTC 2026","","test_substrate_node_is_synced","",""
"","62","test_rpc_method_is_available[Test for Encointer, url: wss://encointer-kusama.dotters.network]","tests","Sat Mar 07 09:09:38 UTC 2026","passed","Sat Mar 07 09:09:38 UTC 2026","","test_rpc_methods_availability","",""
"","0","test_address_prefix[Test for Phala]","tests","Sat Mar 07 09:09:55 UTC 2026","passed","Sat Mar 07 09:09:55 UTC 2026","TestNetworkPrefix","test_network_parameters","",""
"","133","test_rpc_method_is_available[Test for Kusama Relay, url: wss://rpc-kusama-1.novasama-tech.org]","tests","Sat Mar 07 09:09:34 UTC 2026","passed","Sat Mar 07 09:09:34 UTC 2026","","test_rpc_methods_availability","",""
"","0","test_chainId[Test for Kintsugi]","tests","Sat Mar 07 09:09:23 UTC 2026","passed","Sat Mar 07 09:09:23 UTC 2026","TestChainId","test_network_parameters","",""
"","122","test_rpc_method_is_available[Test for Hyperbridge Nexus, url: wss://hyperbridge-nexus-rpc.blockops.network]","tests","Sat Mar 07 09:12:36 UTC 2026","passed","Sat Mar 07 09:12:36 UTC 2026","","test_rpc_methods_availability","",""
"","0","test_precision[Test for GIANT]","tests","Sat Mar 07 09:10:14 UTC 2026","passed","Sat Mar 07 09:10:14 UTC 2026","TestPrecision","test_network_parameters","",""
"","43","test_rpc_method_is_available[Test for Crust Shadow, url: wss://rpc2-shadow.crust.network/]","tests","Sat Mar 07 09:10:06 UTC 2026","passed","Sat Mar 07 09:10:06 UTC 2026","","test_rpc_methods_availability","",""
"","21","test_rpc_node_is_synced[Test for Moonriver, url: wss://moonriver.public.curie.radiumblock.co/ws]","tests","Sat Mar 07 09:09:36 UTC 2026","passed","Sat Mar 07 09:09:36 UTC 2026","","test_substrate_node_is_synced","",""
"","0","test_chainId[Test for Nodle Parachain]","tests","Sat Mar 07 09:09:34 UTC 2026","broken","Sat Mar 07 09:09:34 UTC 2026","TestChainId","test_network_parameters","",""
"","0","test_precision[Test for Enjin Matrix]","tests","Sat Mar 07 09:10:20 UTC 2026","passed","Sat Mar 07 09:10:20 UTC 2026","TestPrecision","test_network_parameters","",""
"","0","test_address_prefix[Test for Moonriver]","tests","Sat Mar 07 09:09:01 UTC 2026","passed","Sat Mar 07 09:09:01 UTC 2026","TestNetworkPrefix","test_network_parameters","",""
"","0","test_precision[Test for Heima]","tests","Sat Mar 07 09:09:43 UTC 2026","passed","Sat Mar 07 09:09:43 UTC 2026","TestPrecision","test_network_parameters","",""
"","101","test_rpc_method_is_available[Test for Kusama People, url: wss://people-kusama.dotters.network]","tests","Sat Mar 07 09:09:12 UTC 2026","passed","Sat Mar 07 09:09:12 UTC 2026","","test_rpc_methods_availability","",""
"","75","test_rpc_node_is_synced[Test for Moonriver, url: wss://wss.api.moonriver.moonbeam.network]","tests","Sat Mar 07 09:09:30 UTC 2026","passed","Sat Mar 07 09:09:30 UTC 2026","","test_substrate_node_is_synced","",""
"","1","test_address_prefix[Test for Polkadex]","tests","Sat Mar 07 09:09:34 UTC 2026","passed","Sat Mar 07 09:09:34 UTC 2026","TestNetworkPrefix","test_network_parameters","",""
"","137","test_rpc_node_is_synced[Test for Acala, url: wss://acala-rpc.n.dwellir.com]","tests","Sat Mar 07 09:10:05 UTC 2026","passed","Sat Mar 07 09:10:05 UTC 2026","","test_substrate_node_is_synced","",""
"","109","test_rpc_method_is_available[Test for Ajuna, url: wss://ajuna.ibp.network]","tests","Sat Mar 07 09:12:09 UTC 2026","passed","Sat Mar 07 09:12:09 UTC 2026","","test_rpc_methods_availability","",""
"","162","test_rpc_method_is_available[Test for DAO IPCI, url: wss://ipci.rpc.robonomics.network]","tests","Sat Mar 07 09:11:25 UTC 2026","passed","Sat Mar 07 09:11:25 UTC 2026","","test_rpc_methods_availability","",""
"","132","test_rpc_method_is_available[Test for Astar, url: wss://astar-rpc.n.dwellir.com]","tests","Sat Mar 07 09:11:19 UTC 2026","passed","Sat Mar 07 09:11:19 UTC 2026","","test_rpc_methods_availability","",""
"","177","test_rpc_method_is_available[Test for Polkadot Collectives, url: wss://dot-rpc.stakeworld.io/collectives]","tests","Sat Mar 07 09:12:13 UTC 2026","passed","Sat Mar 07 09:12:13 UTC 2026","","test_rpc_methods_availability","",""
"","43","test_rpc_method_is_available[Test for Bifrost Polkadot, url: wss://bifrost-polkadot.ibp.network]","tests","Sat Mar 07 09:10:49 UTC 2026","passed","Sat Mar 07 09:10:49 UTC 2026","","test_rpc_methods_availability","",""
"","0","test_address_prefix[Test for Encointer]","tests","Sat Mar 07 09:09:31 UTC 2026","passed","Sat Mar 07 09:09:31 UTC 2026","TestNetworkPrefix","test_network_parameters","",""
"","0","test_precision[Test for Bittensor]","tests","Sat Mar 07 09:09:57 UTC 2026","passed","Sat Mar 07 09:09:57 UTC 2026","TestPrecision","test_network_parameters","",""
"","1","test_precision[Test for Polkadot Asset Hub]","tests","Sat Mar 07 09:09:18 UTC 2026","passed","Sat Mar 07 09:09:18 UTC 2026","TestPrecision","test_network_parameters","",""
"","46","test_rpc_node_is_synced[Test for 3DPass, url: wss://rpc.p3d.top]","tests","Sat Mar 07 09:12:29 UTC 2026","passed","Sat Mar 07 09:12:29 UTC 2026","","test_substrate_node_is_synced","",""
"","49","test_rpc_node_is_synced[Test for Polkadot People, url: wss://rpc-people-polkadot.luckyfriday.io]","tests","Sat Mar 07 09:09:09 UTC 2026","passed","Sat Mar 07 09:09:09 UTC 2026","","test_substrate_node_is_synced","",""
"","0","test_address_prefix[Test for Bittensor]","tests","Sat Mar 07 09:09:52 UTC 2026","passed","Sat Mar 07 09:09:52 UTC 2026","TestNetworkPrefix","test_network_parameters","",""
"","0","test_precision[Test for Polkadot People]","tests","Sat Mar 07 09:08:56 UTC 2026","passed","Sat Mar 07 09:08:56 UTC 2026","TestPrecision","test_network_parameters","",""
"","0","test_address_prefix[Test for Polkadot People]","tests","Sat Mar 07 09:09:01 UTC 2026","passed","Sat Mar 07 09:09:01 UTC 2026","TestNetworkPrefix","test_network_parameters","",""
"","0","test_precision[Test for Hyperbridge Nexus]","tests","Sat Mar 07 09:10:31 UTC 2026","passed","Sat Mar 07 09:10:31 UTC 2026","TestPrecision","test_network_parameters","",""
"","135","test_rpc_node_is_synced[Test for Westend (TESTNET), url: wss://westend-rpc.polkadot.io]","tests","Sat Mar 07 09:11:08 UTC 2026","passed","Sat Mar 07 09:11:09 UTC 2026","","test_substrate_node_is_synced","",""
"","0","test_rpc_node_is_synced[Test for DeepBrain, url: wss://info.dbcwallet.io]","tests","Sat Mar 07 09:12:53 UTC 2026","broken","Sat Mar 07 09:12:53 UTC 2026","","test_substrate_node_is_synced","",""
"","0","test_address_prefix[Test for Manta Atlantic]","tests","Sat Mar 07 09:10:10 UTC 2026","passed","Sat Mar 07 09:10:10 UTC 2026","TestNetworkPrefix","test_network_parameters","",""
"","0","test_chainId[Test for Polkadot Coretime]","tests","Sat Mar 07 09:10:31 UTC 2026","passed","Sat Mar 07 09:10:31 UTC 2026","TestChainId","test_network_parameters","",""
"","36","test_rpc_node_is_synced[Test for Polkadot Bridge Hub, url: wss://sys.ibp.network/bridgehub-polkadot]","tests","Sat Mar 07 09:11:54 UTC 2026","passed","Sat Mar 07 09:11:54 UTC 2026","","test_substrate_node_is_synced","",""
"","0","test_address_prefix[Test for DeepBrain]","tests","Sat Mar 07 09:10:43 UTC 2026","broken","Sat Mar 07 09:10:43 UTC 2026","TestNetworkPrefix","test_network_parameters","",""
"","0","test_chainId[Test for Crab]","tests","Sat Mar 07 09:09:58 UTC 2026","broken","Sat Mar 07 09:09:58 UTC 2026","TestChainId","test_network_parameters","",""
"","0","test_address_prefix[Test for Acala]","tests","Sat Mar 07 09:09:20 UTC 2026","passed","Sat Mar 07 09:09:20 UTC 2026","TestNetworkPrefix","test_network_parameters","",""
"","1","test_address_prefix[Test for Karura]","tests","Sat Mar 07 09:09:09 UTC 2026","passed","Sat Mar 07 09:09:09 UTC 2026","TestNetworkPrefix","test_network_parameters","",""
"","0","test_address_prefix[Test for Nodle Parachain]","tests","Sat Mar 07 09:09:51 UTC 2026","broken","Sat Mar 07 09:09:51 UTC 2026","TestNetworkPrefix","test_network_parameters","",""
"","50","test_rpc_node_is_synced[Test for Interlay, url: wss://rpc-interlay.luckyfriday.io/]","tests","Sat Mar 07 09:10:50 UTC 2026","passed","Sat Mar 07 09:10:50 UTC 2026","","test_substrate_node_is_synced","",""
"","99","test_rpc_method_is_available[Test for Kusama Relay, url: wss://kusama.public.curie.radiumblock.co/ws]","tests","Sat Mar 07 09:09:24 UTC 2026","passed","Sat Mar 07 09:09:24 UTC 2026","","test_rpc_methods_availability","",""
"","144","test_rpc_method_is_available[Test for Kusama Relay, url: wss://1rpc.io/ksm]","tests","Sat Mar 07 09:09:19 UTC 2026","passed","Sat Mar 07 09:09:19 UTC 2026","","test_rpc_methods_availability","",""
"","0","test_address_prefix[Test for DAO IPCI]","tests","Sat Mar 07 09:09:45 UTC 2026","passed","Sat Mar 07 09:09:45 UTC 2026","TestNetworkPrefix","test_network_parameters","",""
"","0","test_precision[Test for Crust Polkadot Parachain]","tests","Sat Mar 07 09:10:19 UTC 2026","passed","Sat Mar 07 09:10:19 UTC 2026","TestPrecision","test_network_parameters","",""
"","36","test_rpc_node_is_synced[Test for Frequency, url: wss://0.rpc.frequency.xyz]","tests","Sat Mar 07 09:12:07 UTC 2026","passed","Sat Mar 07 09:12:07 UTC 2026","","test_substrate_node_is_synced","",""
"","1","test_precision[Test for Bifrost Kusama]","tests","Sat Mar 07 09:09:02 UTC 2026","passed","Sat Mar 07 09:09:02 UTC 2026","TestPrecision","test_network_parameters","",""
