"DESCRIPTION","DURATION IN MS","NAME","PARENT SUITE","START TIME","STATUS","STOP TIME","SUB SUITE","SUITE","TEST CLASS","TEST METHOD"
"","0","test_can_create_connection[Test for Kusama Relay, url: wss://kusama.dotters.network]","tests","Sun Apr 19 09:19:33 UTC 2026","passed","Sun Apr 19 09:19:33 UTC 2026","","test_nodes_availability","",""
"","137","test_rpc_node_is_synced[Test for CC Enterprise, url: wss://mainnet.creditcoin.network/ws]","tests","Sun Apr 19 09:23:34 UTC 2026","passed","Sun Apr 19 09:23:34 UTC 2026","","test_substrate_node_is_synced","",""
"","0","test_chainId[Test for Cere]","tests","Sun Apr 19 09:20:55 UTC 2026","passed","Sun Apr 19 09:20:55 UTC 2026","TestChainId","test_network_parameters","",""
"","0","test_address_prefix[Test for Ternoa]","tests","Sun Apr 19 09:20:15 UTC 2026","passed","Sun Apr 19 09:20:15 UTC 2026","TestNetworkPrefix","test_network_parameters","",""
"","0","test_can_create_connection[Test for 3DPass, url: wss://rpc.p3d.top]","tests","Sun Apr 19 09:23:30 UTC 2026","broken","Sun Apr 19 09:23:30 UTC 2026","","test_nodes_availability","",""
"","0","test_precision[Test for Cere]","tests","Sun Apr 19 09:21:31 UTC 2026","passed","Sun Apr 19 09:21:31 UTC 2026","TestPrecision","test_network_parameters","",""
"","0","test_chainId[Test for Creditcoin]","tests","Sun Apr 19 09:21:04 UTC 2026","passed","Sun Apr 19 09:21:04 UTC 2026","TestChainId","test_network_parameters","",""
"","0","test_can_create_connection[Test for UNIQUE, url: wss://eu-ws.unique.network/]","tests","Sun Apr 19 09:22:04 UTC 2026","passed","Sun Apr 19 09:22:04 UTC 2026","","test_nodes_availability","",""
"","0","test_can_create_connection[Test for Hydration, url: wss://hydration.ibp.network]","tests","Sun Apr 19 09:21:09 UTC 2026","passed","Sun Apr 19 09:21:09 UTC 2026","","test_nodes_availability","",""
"","0","test_can_create_connection[Test for Polkadot Asset Hub, url: wss://asset-hub-polkadot-rpc.n.dwellir.com]","tests","Sun Apr 19 09:21:08 UTC 2026","passed","Sun Apr 19 09:21:08 UTC 2026","","test_nodes_availability","",""
"","1","test_precision[Test for Kusama Bridge Hub]","tests","Sun Apr 19 09:20:41 UTC 2026","passed","Sun Apr 19 09:20:41 UTC 2026","TestPrecision","test_network_parameters","",""
"","0","test_can_create_connection[Test for Karura, url: wss://karura-rpc.n.dwellir.com]","tests","Sun Apr 19 09:19:38 UTC 2026","passed","Sun Apr 19 09:19:38 UTC 2026","","test_nodes_availability","",""
"","0","test_chainId[Test for Ajuna]","tests","Sun Apr 19 09:20:13 UTC 2026","passed","Sun Apr 19 09:20:13 UTC 2026","TestChainId","test_network_parameters","",""
"","0","test_precision[Test for QUARTZ]","tests","Sun Apr 19 09:19:34 UTC 2026","broken","Sun Apr 19 09:19:34 UTC 2026","TestPrecision","test_network_parameters","",""
"","0","test_precision[Test for Astar]","tests","Sun Apr 19 09:19:42 UTC 2026","passed","Sun Apr 19 09:19:42 UTC 2026","TestPrecision","test_network_parameters","",""
"","0","test_chainId[Test for 3DPass]","tests","Sun Apr 19 09:20:53 UTC 2026","broken","Sun Apr 19 09:20:53 UTC 2026","TestChainId","test_network_parameters","",""
"","0","test_chainId[Test for Robonomics]","tests","Sun Apr 19 09:19:39 UTC 2026","passed","Sun Apr 19 09:19:39 UTC 2026","TestChainId","test_network_parameters","",""
"","0","test_can_create_connection[Test for Crust Shadow, url: wss://rpc-sha-subscan.crustnetwork.xyz]","tests","Sun Apr 19 09:20:34 UTC 2026","passed","Sun Apr 19 09:20:34 UTC 2026","","test_nodes_availability","",""
"","1","test_can_create_connection[Test for Enjin Matrix, url: wss://rpc.matrix.blockchain.enjin.io]","tests","Sun Apr 19 09:22:52 UTC 2026","passed","Sun Apr 19 09:22:52 UTC 2026","","test_nodes_availability","",""
"","0","test_address_prefix[Test for Polkadot Collectives]","tests","Sun Apr 19 09:20:29 UTC 2026","passed","Sun Apr 19 09:20:29 UTC 2026","TestNetworkPrefix","test_network_parameters","",""
"","161","test_rpc_node_is_synced[Test for Polkadot Collectives, url: wss://dot-rpc.stakeworld.io/collectives]","tests","Sun Apr 19 09:22:56 UTC 2026","passed","Sun Apr 19 09:22:56 UTC 2026","","test_substrate_node_is_synced","",""
"","264","test_rpc_node_is_synced[Test for DENTNet, url: wss://rpc.dentnet.io/ws]","tests","Sun Apr 19 09:23:30 UTC 2026","passed","Sun Apr 19 09:23:31 UTC 2026","","test_substrate_node_is_synced","",""
"","1","test_chainId[Test for Bifrost Polkadot]","tests","Sun Apr 19 09:19:54 UTC 2026","passed","Sun Apr 19 09:19:54 UTC 2026","TestChainId","test_network_parameters","",""
"","0","test_precision[Test for 3DPass]","tests","Sun Apr 19 09:20:59 UTC 2026","broken","Sun Apr 19 09:20:59 UTC 2026","TestPrecision","test_network_parameters","",""
"","0","test_address_prefix[Test for Polkadex]","tests","Sun Apr 19 09:19:45 UTC 2026","passed","Sun Apr 19 09:19:45 UTC 2026","TestNetworkPrefix","test_network_parameters","",""
"","158","test_rpc_node_is_synced[Test for Robonomics, url: wss://kusama.rpc.robonomics.network/]","tests","Sun Apr 19 09:21:47 UTC 2026","passed","Sun Apr 19 09:21:47 UTC 2026","","test_substrate_node_is_synced","",""
"","0","test_can_create_connection[Test for Nodle Parachain, url: wss://nodle-parachain.api.onfinality.io/public-ws]","tests","Sun Apr 19 09:20:33 UTC 2026","broken","Sun Apr 19 09:20:33 UTC 2026","","test_nodes_availability","",""
"","0","test_chainId[Test for JAMTON]","tests","Sun Apr 19 09:21:20 UTC 2026","passed","Sun Apr 19 09:21:20 UTC 2026","TestChainId","test_network_parameters","",""
"","756","test_rpc_node_is_synced[Test for Acurast Canary, url: wss://public-rpc.canary.acurast.com]","tests","Sun Apr 19 09:23:15 UTC 2026","passed","Sun Apr 19 09:23:15 UTC 2026","","test_substrate_node_is_synced","",""
"","0","test_can_create_connection[Test for Moonbeam, url: wss://moonbeam.ibp.network]","tests","Sun Apr 19 09:19:48 UTC 2026","passed","Sun Apr 19 09:19:48 UTC 2026","","test_nodes_availability","",""
"","0","test_can_create_connection[Test for Kusama Relay, url: wss://apps-kusama-rpc.polkadot.io]","tests","Sun Apr 19 09:19:39 UTC 2026","passed","Sun Apr 19 09:19:39 UTC 2026","","test_nodes_availability","",""
"","0","test_address_prefix[Test for krest]","tests","Sun Apr 19 09:20:34 UTC 2026","passed","Sun Apr 19 09:20:34 UTC 2026","TestNetworkPrefix","test_network_parameters","",""
"","0","test_can_create_connection[Test for Bifrost Polkadot, url: wss://eu.bifrost-polkadot-rpc.liebi.com/ws]","tests","Sun Apr 19 09:21:48 UTC 2026","passed","Sun Apr 19 09:21:48 UTC 2026","","test_nodes_availability","",""
"","0","test_precision[Test for Polkadot Asset Hub]","tests","Sun Apr 19 09:19:39 UTC 2026","passed","Sun Apr 19 09:19:39 UTC 2026","TestPrecision","test_network_parameters","",""
"","0","test_chainId[Test for Kusama Relay]","tests","Sun Apr 19 09:19:26 UTC 2026","passed","Sun Apr 19 09:19:26 UTC 2026","TestChainId","test_network_parameters","",""
"","1","test_can_create_connection[Test for Hydration, url: wss://rpc-hydra.novasama-tech.org]","tests","Sun Apr 19 09:20:57 UTC 2026","passed","Sun Apr 19 09:20:57 UTC 2026","","test_nodes_availability","",""
"","3","test_rpc_node_is_synced[Test for Kusama People, url: wss://sys.ibp.network/people-kusama]","tests","Sun Apr 19 09:19:45 UTC 2026","passed","Sun Apr 19 09:19:45 UTC 2026","","test_substrate_node_is_synced","",""
"","191","test_rpc_node_is_synced[Test for Crust Shadow, url: wss://rpc-sha-subscan.crustnetwork.xyz]","tests","Sun Apr 19 09:20:32 UTC 2026","passed","Sun Apr 19 09:20:32 UTC 2026","","test_substrate_node_is_synced","",""
"","0","test_address_prefix[Test for Kintsugi]","tests","Sun Apr 19 09:19:49 UTC 2026","passed","Sun Apr 19 09:19:49 UTC 2026","TestNetworkPrefix","test_network_parameters","",""
"","0","test_chainId[Test for Polkadot People]","tests","Sun Apr 19 09:19:21 UTC 2026","passed","Sun Apr 19 09:19:21 UTC 2026","TestChainId","test_network_parameters","",""
"","1","test_chainId[Test for Acurast Canary]","tests","Sun Apr 19 09:20:51 UTC 2026","passed","Sun Apr 19 09:20:51 UTC 2026","TestChainId","test_network_parameters","",""
"","141","test_rpc_node_is_synced[Test for Energy Web X, url: wss://public-rpc.mainnet.energywebx.com/]","tests","Sun Apr 19 09:23:09 UTC 2026","passed","Sun Apr 19 09:23:09 UTC 2026","","test_substrate_node_is_synced","",""
"","379","test_rpc_node_is_synced[Test for Acala, url: wss://acala-rpc-0.aca-api.network]","tests","Sun Apr 19 09:22:20 UTC 2026","passed","Sun Apr 19 09:22:21 UTC 2026","","test_substrate_node_is_synced","",""
"","0","test_rpc_node_is_synced[Test for DeepBrain, url: wss://info.dbcwallet.io]","tests","Sun Apr 19 09:23:51 UTC 2026","broken","Sun Apr 19 09:23:51 UTC 2026","","test_substrate_node_is_synced","",""
"","0","test_chainId[Test for DENTNet]","tests","Sun Apr 19 09:21:01 UTC 2026","passed","Sun Apr 19 09:21:01 UTC 2026","TestChainId","test_network_parameters","",""
"","0","test_address_prefix[Test for Energy Web X]","tests","Sun Apr 19 09:20:44 UTC 2026","passed","Sun Apr 19 09:20:44 UTC 2026","TestNetworkPrefix","test_network_parameters","",""
"","0","test_can_create_connection[Test for Vara, url: wss://rpc.vara-network.io]","tests","Sun Apr 19 09:22:42 UTC 2026","passed","Sun Apr 19 09:22:42 UTC 2026","","test_nodes_availability","",""
"","0","test_chainId[Test for Moonbeam]","tests","Sun Apr 19 09:19:29 UTC 2026","passed","Sun Apr 19 09:19:29 UTC 2026","TestChainId","test_network_parameters","",""
"","0","test_address_prefix[Test for Heima]","tests","Sun Apr 19 09:20:03 UTC 2026","passed","Sun Apr 19 09:20:03 UTC 2026","TestNetworkPrefix","test_network_parameters","",""
"","0","test_address_prefix[Test for peaq]","tests","Sun Apr 19 09:21:23 UTC 2026","passed","Sun Apr 19 09:21:23 UTC 2026","TestNetworkPrefix","test_network_parameters","",""
"","0","test_chainId[Test for Humanode]","tests","Sun Apr 19 09:21:08 UTC 2026","passed","Sun Apr 19 09:21:08 UTC 2026","TestChainId","test_network_parameters","",""
"","1","test_address_prefix[Test for GIANT]","tests","Sun Apr 19 09:21:21 UTC 2026","passed","Sun Apr 19 09:21:21 UTC 2026","TestNetworkPrefix","test_network_parameters","",""
"","0","test_chainId[Test for Encointer]","tests","Sun Apr 19 09:19:42 UTC 2026","passed","Sun Apr 19 09:19:42 UTC 2026","TestChainId","test_network_parameters","",""
"","0","test_address_prefix[Test for 3DPass]","tests","Sun Apr 19 09:20:57 UTC 2026","broken","Sun Apr 19 09:20:57 UTC 2026","TestNetworkPrefix","test_network_parameters","",""
"","0","test_can_create_connection[Test for Hydration, url: wss://hydration.dotters.network]","tests","Sun Apr 19 09:21:14 UTC 2026","passed","Sun Apr 19 09:21:14 UTC 2026","","test_nodes_availability","",""
"","175","test_rpc_node_is_synced[Test for Moonriver, url: wss://moonriver-rpc.publicnode.com]","tests","Sun Apr 19 09:19:57 UTC 2026","passed","Sun Apr 19 09:19:57 UTC 2026","","test_substrate_node_is_synced","",""
"","0","test_rpc_node_is_synced[Test for Hyperbridge Nexus, url: wss://hyperbridge-nexus-rpc.blockops.network]","tests","Sun Apr 19 09:24:00 UTC 2026","broken","Sun Apr 19 09:24:00 UTC 2026","","test_substrate_node_is_synced","",""
"","1","test_precision[Test for Enjin Matrix]","tests","Sun Apr 19 09:20:45 UTC 2026","passed","Sun Apr 19 09:20:45 UTC 2026","TestPrecision","test_network_parameters","",""
"","0","test_address_prefix[Test for Westend (TESTNET)]","tests","Sun Apr 19 09:19:33 UTC 2026","passed","Sun Apr 19 09:19:33 UTC 2026","TestNetworkPrefix","test_network_parameters","",""
"","0","test_can_create_connection[Test for Polkadot Collectives, url: wss://sys.ibp.network/collectives-polkadot]","tests","Sun Apr 19 09:22:48 UTC 2026","passed","Sun Apr 19 09:22:48 UTC 2026","","test_nodes_availability","",""
"","175","test_subquery_is_synced","tests","Sun Apr 19 09:19:28 UTC 2026","broken","Sun Apr 19 09:19:29 UTC 2026","","test_subquery_is_synced","",""
"","0","test_address_prefix[Test for Tanssi]","tests","Sun Apr 19 09:21:51 UTC 2026","passed","Sun Apr 19 09:21:51 UTC 2026","TestNetworkPrefix","test_network_parameters","",""
"","0","test_address_prefix[Test for Humanode]","tests","Sun Apr 19 09:21:19 UTC 2026","passed","Sun Apr 19 09:21:19 UTC 2026","TestNetworkPrefix","test_network_parameters","",""
"","1","test_can_create_connection[Test for DENTNet, url: wss://rpc.dentnet.io/ws]","tests","Sun Apr 19 09:23:24 UTC 2026","passed","Sun Apr 19 09:23:24 UTC 2026","","test_nodes_availability","",""
"","0","test_precision[Test for Kusama Relay]","tests","Sun Apr 19 09:19:29 UTC 2026","passed","Sun Apr 19 09:19:29 UTC 2026","TestPrecision","test_network_parameters","",""
"","0","test_chainId[Test for Avail]","tests","Sun Apr 19 09:20:56 UTC 2026","passed","Sun Apr 19 09:20:56 UTC 2026","TestChainId","test_network_parameters","",""
"","0","test_precision[Test for Bifrost Kusama]","tests","Sun Apr 19 09:19:57 UTC 2026","passed","Sun Apr 19 09:19:57 UTC 2026","TestPrecision","test_network_parameters","",""
"","232","test_rpc_node_is_synced[Test for Ajuna, url: wss://ajuna.ibp.network]","tests","Sun Apr 19 09:22:32 UTC 2026","passed","Sun Apr 19 09:22:33 UTC 2026","","test_substrate_node_is_synced","",""
"","1","test_precision[Test for Basilisk]","tests","Sun Apr 19 09:20:02 UTC 2026","passed","Sun Apr 19 09:20:02 UTC 2026","TestPrecision","test_network_parameters","",""
"","152","test_rpc_node_is_synced[Test for Ajuna, url: wss://rpc-para.ajuna.network]","tests","Sun Apr 19 09:22:18 UTC 2026","passed","Sun Apr 19 09:22:18 UTC 2026","","test_substrate_node_is_synced","",""
"","70","test_rpc_node_is_synced[Test for Polkadot Relay, url: wss://rpc-polkadot.luckyfriday.io]","tests","Sun Apr 19 09:20:02 UTC 2026","passed","Sun Apr 19 09:20:02 UTC 2026","","test_substrate_node_is_synced","",""
"","1","test_can_create_connection[Test for Aventus, url: wss://public-rpc.mainnet.aventus.io]","tests","Sun Apr 19 09:22:23 UTC 2026","passed","Sun Apr 19 09:22:23 UTC 2026","","test_nodes_availability","",""
"","0","test_address_prefix[Test for Centrifuge Parachain]","tests","Sun Apr 19 09:19:43 UTC 2026","passed","Sun Apr 19 09:19:43 UTC 2026","TestNetworkPrefix","test_network_parameters","",""
"","0","test_address_prefix[Test for Bittensor]","tests","Sun Apr 19 09:20:12 UTC 2026","passed","Sun Apr 19 09:20:12 UTC 2026","TestNetworkPrefix","test_network_parameters","",""
"","0","test_can_create_connection[Test for Hyperbridge Nexus, url: wss://hyperbridge-nexus-rpc.blockops.network]","tests","Sun Apr 19 09:23:50 UTC 2026","broken","Sun Apr 19 09:23:50 UTC 2026","","test_nodes_availability","",""
"","0","test_can_create_connection[Test for Kusama Coretime, url: wss://coretime-kusama.dotters.network]","tests","Sun Apr 19 09:23:56 UTC 2026","passed","Sun Apr 19 09:23:56 UTC 2026","","test_nodes_availability","",""
"","1","test_can_create_connection[Test for Crust Shadow, url: wss://rpc2-shadow.crust.network/]","tests","Sun Apr 19 09:20:39 UTC 2026","passed","Sun Apr 19 09:20:39 UTC 2026","","test_nodes_availability","",""
"","1","test_chainId[Test for Hyperbridge Nexus]","tests","Sun Apr 19 09:20:53 UTC 2026","passed","Sun Apr 19 09:20:53 UTC 2026","TestChainId","test_network_parameters","",""
"","0","test_can_create_connection[Test for Heima, url: wss://rpc.litentry-parachain.litentry.io]","tests","Sun Apr 19 09:21:53 UTC 2026","passed","Sun Apr 19 09:21:53 UTC 2026","","test_nodes_availability","",""
"","179","test_rpc_node_is_synced[Test for XX network, url: wss://rpc.xx.network]","tests","Sun Apr 19 09:22:43 UTC 2026","passed","Sun Apr 19 09:22:43 UTC 2026","","test_substrate_node_is_synced","",""
"","0","test_can_create_connection[Test for 3DPass, url: wss://rpc.3dpass.org]","tests","Sun Apr 19 09:22:50 UTC 2026","broken","Sun Apr 19 09:22:50 UTC 2026","","test_nodes_availability","",""
"","391","test_rpc_node_is_synced[Test for Kusama Relay, url: wss://rpc-kusama-2.novasama-tech.org]","tests","Sun Apr 19 09:19:27 UTC 2026","passed","Sun Apr 19 09:19:28 UTC 2026","","test_substrate_node_is_synced","",""
"","55","test_rpc_node_is_synced[Test for Kusama Bridge Hub, url: wss://bridge-hub-kusama.dotters.network]","tests","Sun Apr 19 09:22:53 UTC 2026","passed","Sun Apr 19 09:22:53 UTC 2026","","test_substrate_node_is_synced","",""
"","0","test_can_create_connection[Test for Karura, url: wss://karura-rpc-0.aca-api.network]","tests","Sun Apr 19 09:19:21 UTC 2026","passed","Sun Apr 19 09:19:21 UTC 2026","","test_nodes_availability","",""
"","0","test_can_create_connection[Test for Kusama People, url: wss://people-kusama.dotters.network]","tests","Sun Apr 19 09:19:47 UTC 2026","passed","Sun Apr 19 09:19:47 UTC 2026","","test_nodes_availability","",""
"","0","test_precision[Test for Bifrost Polkadot]","tests","Sun Apr 19 09:19:59 UTC 2026","passed","Sun Apr 19 09:19:59 UTC 2026","TestPrecision","test_network_parameters","",""
"","0","test_address_prefix[Test for Zeitgeist]","tests","Sun Apr 19 09:19:52 UTC 2026","passed","Sun Apr 19 09:19:52 UTC 2026","TestNetworkPrefix","test_network_parameters","",""
"","657","test_rpc_node_work_fast[Test for Ethereum, url: https://1rpc.io/eth]","tests","Sun Apr 19 09:19:18 UTC 2026","passed","Sun Apr 19 09:19:18 UTC 2026","TestETHNodesAvailability","test_eth_nodes_availability","",""
"","0","test_address_prefix[Test for Polkadot Relay]","tests","Sun Apr 19 09:19:22 UTC 2026","passed","Sun Apr 19 09:19:22 UTC 2026","TestNetworkPrefix","test_network_parameters","",""
"","185","test_rpc_node_is_synced[Test for Hydration, url: wss://rpc.hydradx.cloud]","tests","Sun Apr 19 09:21:02 UTC 2026","passed","Sun Apr 19 09:21:02 UTC 2026","","test_substrate_node_is_synced","",""
"","0","test_address_prefix[Test for Acurast Canary]","tests","Sun Apr 19 09:21:00 UTC 2026","passed","Sun Apr 19 09:21:00 UTC 2026","TestNetworkPrefix","test_network_parameters","",""
"","60","test_rpc_node_is_synced[Test for Polkadot Asset Hub, url: wss://asset-hub-polkadot.dotters.network]","tests","Sun Apr 19 09:21:41 UTC 2026","passed","Sun Apr 19 09:21:41 UTC 2026","","test_substrate_node_is_synced","",""
"","0","test_can_create_connection[Test for Joystream, url: wss://rpc.joystream.org]","tests","Sun Apr 19 09:22:57 UTC 2026","passed","Sun Apr 19 09:22:57 UTC 2026","","test_nodes_availability","",""
"","162","test_rpc_node_is_synced[Test for Polkadot Bridge Hub, url: wss://dot-rpc.stakeworld.io/bridgehub]","tests","Sun Apr 19 09:22:52 UTC 2026","passed","Sun Apr 19 09:22:52 UTC 2026","","test_substrate_node_is_synced","",""
"","1","test_address_prefix[Test for Moonbeam]","tests","Sun Apr 19 09:19:32 UTC 2026","passed","Sun Apr 19 09:19:32 UTC 2026","TestNetworkPrefix","test_network_parameters","",""
"","0","test_address_prefix[Test for Darwinia]","tests","Sun Apr 19 09:20:19 UTC 2026","passed","Sun Apr 19 09:20:19 UTC 2026","TestNetworkPrefix","test_network_parameters","",""
"","0","test_can_create_connection[Test for Polkadot Relay, url: wss://rpc-polkadot.luckyfriday.io]","tests","Sun Apr 19 09:20:01 UTC 2026","passed","Sun Apr 19 09:20:01 UTC 2026","","test_nodes_availability","",""
"","224","test_rpc_node_is_synced[Test for Polkadot Relay, url: wss://rpc-polkadot-2.novasama-tech.org]","tests","Sun Apr 19 09:19:28 UTC 2026","passed","Sun Apr 19 09:19:28 UTC 2026","","test_substrate_node_is_synced","",""
"","1","test_chainId[Test for Manta Atlantic]","tests","Sun Apr 19 09:20:32 UTC 2026","passed","Sun Apr 19 09:20:32 UTC 2026","TestChainId","test_network_parameters","",""
"","0","test_address_prefix[Test for DENTNet]","tests","Sun Apr 19 09:21:13 UTC 2026","passed","Sun Apr 19 09:21:13 UTC 2026","TestNetworkPrefix","test_network_parameters","",""
"","1","test_chainId[Test for Acurast]","tests","Sun Apr 19 09:21:20 UTC 2026","passed","Sun Apr 19 09:21:20 UTC 2026","TestChainId","test_network_parameters","",""
"","0","test_can_create_connection[Test for Curio, url: wss://archive.parachain.curioinvest.com]","tests","Sun Apr 19 09:23:12 UTC 2026","broken","Sun Apr 19 09:23:12 UTC 2026","","test_nodes_availability","",""
"","152","test_rpc_node_is_synced[Test for Polkadot People, url: wss://polkadot-people-rpc.polkadot.io]","tests","Sun Apr 19 09:19:27 UTC 2026","passed","Sun Apr 19 09:19:27 UTC 2026","","test_substrate_node_is_synced","",""
"","0","test_chainId[Test for Zeitgeist]","tests","Sun Apr 19 09:19:50 UTC 2026","passed","Sun Apr 19 09:19:50 UTC 2026","TestChainId","test_network_parameters","",""
"","170","test_rpc_node_is_synced[Test for Joystream, url: wss://rpc.joystream.org]","tests","Sun Apr 19 09:23:05 UTC 2026","passed","Sun Apr 19 09:23:05 UTC 2026","","test_substrate_node_is_synced","",""
"","0","test_can_create_connection[Test for NeuroWeb, url: wss://parachain-rpc.origin-trail.network]","tests","Sun Apr 19 09:22:07 UTC 2026","passed","Sun Apr 19 09:22:07 UTC 2026","","test_nodes_availability","",""
"","0","test_can_create_connection[Test for Astar, url: wss://rpc.astar.network]","tests","Sun Apr 19 09:20:25 UTC 2026","passed","Sun Apr 19 09:20:25 UTC 2026","","test_nodes_availability","",""
"","59","test_rpc_node_is_synced[Test for krest, url: wss://krest.api.onfinality.io/public-ws']","tests","Sun Apr 19 09:23:00 UTC 2026","passed","Sun Apr 19 09:23:00 UTC 2026","","test_substrate_node_is_synced","",""
"","0","test_precision[Test for Polkadot Bridge Hub]","tests","Sun Apr 19 09:20:36 UTC 2026","passed","Sun Apr 19 09:20:36 UTC 2026","TestPrecision","test_network_parameters","",""
"","0","test_address_prefix[Test for Basilisk]","tests","Sun Apr 19 09:19:59 UTC 2026","passed","Sun Apr 19 09:19:59 UTC 2026","TestNetworkPrefix","test_network_parameters","",""
"","0","test_chainId[Test for Acala]","tests","Sun Apr 19 09:19:34 UTC 2026","passed","Sun Apr 19 09:19:34 UTC 2026","TestChainId","test_network_parameters","",""
"","0","test_precision[Test for Ternoa]","tests","Sun Apr 19 09:20:17 UTC 2026","passed","Sun Apr 19 09:20:17 UTC 2026","TestPrecision","test_network_parameters","",""
"","0","test_can_create_connection[Test for Ajuna, url: wss://ajuna.dotters.network]","tests","Sun Apr 19 09:22:37 UTC 2026","broken","Sun Apr 19 09:22:37 UTC 2026","","test_nodes_availability","",""
"","0","test_can_create_connection[Test for GIANT, url: wss://rpc-anchor-1-mainnet-az-ue1.giantprotocol.org:443]","tests","Sun Apr 19 09:22:44 UTC 2026","passed","Sun Apr 19 09:22:44 UTC 2026","","test_nodes_availability","",""
"","0","test_rpc_node_is_synced[Test for 3DPass, url: wss://rpc.3dpass.org]","tests","Sun Apr 19 09:22:56 UTC 2026","broken","Sun Apr 19 09:22:56 UTC 2026","","test_substrate_node_is_synced","",""
"","0","test_address_prefix[Test for Robonomics]","tests","Sun Apr 19 09:19:42 UTC 2026","passed","Sun Apr 19 09:19:42 UTC 2026","TestNetworkPrefix","test_network_parameters","",""
"","0","test_can_create_connection[Test for Polkadot People, url: wss://people-polkadot.dotters.network]","tests","Sun Apr 19 09:19:32 UTC 2026","passed","Sun Apr 19 09:19:32 UTC 2026","","test_nodes_availability","",""
"","44","test_rpc_node_is_synced[Test for Phala, url: wss://phala.public.curie.radiumblock.co/ws]","tests","Sun Apr 19 09:21:47 UTC 2026","passed","Sun Apr 19 09:21:47 UTC 2026","","test_substrate_node_is_synced","",""
"","0","test_precision[Test for Joystream]","tests","Sun Apr 19 09:20:50 UTC 2026","passed","Sun Apr 19 09:20:50 UTC 2026","TestPrecision","test_network_parameters","",""
"","0","test_rpc_node_is_synced[Test for Nodle Parachain, url: wss://nodle-parachain.api.onfinality.io/public-ws]","tests","Sun Apr 19 09:20:37 UTC 2026","broken","Sun Apr 19 09:20:37 UTC 2026","","test_substrate_node_is_synced","",""
"","0","test_chainId[Test for Aventus]","tests","Sun Apr 19 09:20:13 UTC 2026","passed","Sun Apr 19 09:20:13 UTC 2026","TestChainId","test_network_parameters","",""
"","0","test_can_create_connection[Test for Polkadot People, url: wss://rpc-people-polkadot.luckyfriday.io]","tests","Sun Apr 19 09:19:35 UTC 2026","passed","Sun Apr 19 09:19:35 UTC 2026","","test_nodes_availability","",""
"","60","test_rpc_node_is_synced[Test for Kusama Asset Hub, url: wss://asset-hub-kusama.dotters.network]","tests","Sun Apr 19 09:19:22 UTC 2026","passed","Sun Apr 19 09:19:22 UTC 2026","","test_substrate_node_is_synced","",""
"","0","test_can_create_connection[Test for peaq, url: wss://peaq-rpc.publicnode.com]","tests","Sun Apr 19 09:23:47 UTC 2026","passed","Sun Apr 19 09:23:47 UTC 2026","","test_nodes_availability","",""
"","0","test_address_prefix[Test for Mythos]","tests","Sun Apr 19 09:20:54 UTC 2026","passed","Sun Apr 19 09:20:54 UTC 2026","TestNetworkPrefix","test_network_parameters","",""
"","0","test_can_create_connection[Test for Westend (TESTNET), url: wss://westend.public.curie.radiumblock.co/ws]","tests","Sun Apr 19 09:20:08 UTC 2026","passed","Sun Apr 19 09:20:08 UTC 2026","","test_nodes_availability","",""
"","0","test_chainId[Test for Interlay]","tests","Sun Apr 19 09:19:52 UTC 2026","passed","Sun Apr 19 09:19:52 UTC 2026","TestChainId","test_network_parameters","",""
"","1","test_chainId[Test for Westend (TESTNET)]","tests","Sun Apr 19 09:19:31 UTC 2026","passed","Sun Apr 19 09:19:31 UTC 2026","TestChainId","test_network_parameters","",""
"","0","test_chainId[Test for krest]","tests","Sun Apr 19 09:20:26 UTC 2026","passed","Sun Apr 19 09:20:26 UTC 2026","TestChainId","test_network_parameters","",""
"","0","test_can_create_connection[Test for JAMTON, url: wss://rpc.jamton.network]","tests","Sun Apr 19 09:23:41 UTC 2026","passed","Sun Apr 19 09:23:41 UTC 2026","","test_nodes_availability","",""
"","53","test_rpc_node_is_synced[Test for GIANT, url: wss://rpc-anchor-1-mainnet-az-ue1.giantprotocol.org:443]","tests","Sun Apr 19 09:22:48 UTC 2026","passed","Sun Apr 19 09:22:48 UTC 2026","","test_substrate_node_is_synced","",""
"","1","test_can_create_connection[Test for Polkadot Bridge Hub, url: wss://sys.ibp.network/bridgehub-polkadot]","tests","Sun Apr 19 09:22:36 UTC 2026","passed","Sun Apr 19 09:22:36 UTC 2026","","test_nodes_availability","",""
"","0","test_can_create_connection[Test for Creditcoin, url: wss://mainnet3.creditcoin.network]","tests","Sun Apr 19 09:23:33 UTC 2026","passed","Sun Apr 19 09:23:33 UTC 2026","","test_nodes_availability","",""
"","0","test_can_create_connection[Test for Acala, url: wss://acala-rpc-2.aca-api.network/ws]","tests","Sun Apr 19 09:20:09 UTC 2026","passed","Sun Apr 19 09:20:09 UTC 2026","","test_nodes_availability","",""
"","1","test_address_prefix[Test for Crust Polkadot Parachain]","tests","Sun Apr 19 09:20:09 UTC 2026","passed","Sun Apr 19 09:20:09 UTC 2026","TestNetworkPrefix","test_network_parameters","",""
"","55","test_rpc_node_is_synced[Test for Altair, url: wss://altair.api.onfinality.io/public-ws]","tests","Sun Apr 19 09:21:43 UTC 2026","passed","Sun Apr 19 09:21:43 UTC 2026","","test_substrate_node_is_synced","",""
"","152","test_rpc_node_is_synced[Test for Polkadot Relay, url: wss://apps-rpc.polkadot.io]","tests","Sun Apr 19 09:19:43 UTC 2026","passed","Sun Apr 19 09:19:43 UTC 2026","","test_substrate_node_is_synced","",""
"","1","test_precision[Test for Centrifuge Parachain]","tests","Sun Apr 19 09:19:46 UTC 2026","passed","Sun Apr 19 09:19:46 UTC 2026","TestPrecision","test_network_parameters","",""
"","0","test_address_prefix[Test for Kusama Relay]","tests","Sun Apr 19 09:19:27 UTC 2026","passed","Sun Apr 19 09:19:27 UTC 2026","TestNetworkPrefix","test_network_parameters","",""
"","1","test_can_create_connection[Test for Kusama Bridge Hub, url: wss://bridge-hub-kusama.dotters.network]","tests","Sun Apr 19 09:22:42 UTC 2026","passed","Sun Apr 19 09:22:42 UTC 2026","","test_nodes_availability","",""
"","0","test_precision[Test for Hydration]","tests","Sun Apr 19 09:20:34 UTC 2026","passed","Sun Apr 19 09:20:34 UTC 2026","TestPrecision","test_network_parameters","",""
"","167","test_rpc_node_is_synced[Test for Heima, url: wss://rpc.litentry-parachain.litentry.io]","tests","Sun Apr 19 09:21:51 UTC 2026","passed","Sun Apr 19 09:21:51 UTC 2026","","test_substrate_node_is_synced","",""
"","0","test_address_prefix[Test for Aventus]","tests","Sun Apr 19 09:20:15 UTC 2026","passed","Sun Apr 19 09:20:15 UTC 2026","TestNetworkPrefix","test_network_parameters","",""
"","0","test_can_create_connection[Test for Moonriver, url: wss://moonriver-rpc.publicnode.com]","tests","Sun Apr 19 09:19:55 UTC 2026","passed","Sun Apr 19 09:19:55 UTC 2026","","test_nodes_availability","",""
"","0","test_can_create_connection[Test for Polkadot Relay, url: wss://rpc-polkadot-2.novasama-tech.org]","tests","Sun Apr 19 09:19:29 UTC 2026","passed","Sun Apr 19 09:19:29 UTC 2026","","test_nodes_availability","",""
"","211","test_rpc_node_is_synced[Test for Basilisk, url: wss://rpc.basilisk.cloud]","tests","Sun Apr 19 09:21:39 UTC 2026","passed","Sun Apr 19 09:21:39 UTC 2026","","test_substrate_node_is_synced","",""
"","66","test_rpc_node_is_synced[Test for Kreivo, url: wss://kreivo.kippu.rocks/]","tests","Sun Apr 19 09:23:19 UTC 2026","passed","Sun Apr 19 09:23:19 UTC 2026","","test_substrate_node_is_synced","",""
"","0","test_can_create_connection[Test for Kusama Coretime, url: wss://kusama-coretime-rpc.polkadot.io]","tests","Sun Apr 19 09:24:00 UTC 2026","passed","Sun Apr 19 09:24:00 UTC 2026","","test_nodes_availability","",""
"","0","test_can_create_connection[Test for Bittensor, url: wss://lite.sub.latent.to:443]","tests","Sun Apr 19 09:22:27 UTC 2026","passed","Sun Apr 19 09:22:27 UTC 2026","","test_nodes_availability","",""
"","612","test_rpc_node_is_synced[Test for Karura, url: wss://karura-rpc-0.aca-api.network]","tests","Sun Apr 19 09:19:20 UTC 2026","passed","Sun Apr 19 09:19:21 UTC 2026","","test_substrate_node_is_synced","",""
"","219","test_rpc_node_is_synced[Test for UNIQUE, url: wss://unique.ibp.network]","tests","Sun Apr 19 09:21:59 UTC 2026","passed","Sun Apr 19 09:21:59 UTC 2026","","test_substrate_node_is_synced","",""
"","0","test_can_create_connection[Test for Polkadot Coretime, url: wss://rpc-coretime-polkadot.luckyfriday.io]","tests","Sun Apr 19 09:23:52 UTC 2026","passed","Sun Apr 19 09:23:52 UTC 2026","","test_nodes_availability","",""
"","0","test_precision[Test for krest]","tests","Sun Apr 19 09:20:46 UTC 2026","passed","Sun Apr 19 09:20:46 UTC 2026","TestPrecision","test_network_parameters","",""
"","43","test_rpc_node_is_synced[Test for Polkadot People, url: wss://people-polkadot.public.curie.radiumblock.co/ws]","tests","Sun Apr 19 09:19:38 UTC 2026","passed","Sun Apr 19 09:19:38 UTC 2026","","test_substrate_node_is_synced","",""
"","0","test_can_create_connection[Test for Kusama Relay, url: wss://1rpc.io/ksm]","tests","Sun Apr 19 09:19:51 UTC 2026","passed","Sun Apr 19 09:19:51 UTC 2026","","test_nodes_availability","",""
"","0","test_can_create_connection[Test for Ajuna, url: wss://rpc-para.ajuna.network]","tests","Sun Apr 19 09:22:19 UTC 2026","passed","Sun Apr 19 09:22:19 UTC 2026","","test_nodes_availability","",""
"","0","test_can_create_connection[Test for Kusama Coretime, url: wss://rpc-coretime-kusama.luckyfriday.io]","tests","Sun Apr 19 09:23:57 UTC 2026","passed","Sun Apr 19 09:23:57 UTC 2026","","test_nodes_availability","",""
"","1","test_can_create_connection[Test for Polkadot Coretime, url: wss://polkadot-coretime-rpc.polkadot.io]","tests","Sun Apr 19 09:23:54 UTC 2026","passed","Sun Apr 19 09:23:54 UTC 2026","","test_nodes_availability","",""
"","0","test_precision[Test for Moonbeam]","tests","Sun Apr 19 09:19:34 UTC 2026","passed","Sun Apr 19 09:19:34 UTC 2026","TestPrecision","test_network_parameters","",""
"","0","test_rpc_node_is_synced[Test for Hyperbridge Nexus, url: wss://nexus.dotters.network]","tests","Sun Apr 19 09:23:40 UTC 2026","broken","Sun Apr 19 09:23:40 UTC 2026","","test_substrate_node_is_synced","",""
"","1","test_precision[Test for Heima]","tests","Sun Apr 19 09:20:05 UTC 2026","passed","Sun Apr 19 09:20:05 UTC 2026","TestPrecision","test_network_parameters","",""
"","0","test_chainId[Test for Kusama People]","tests","Sun Apr 19 09:19:23 UTC 2026","passed","Sun Apr 19 09:19:23 UTC 2026","TestChainId","test_network_parameters","",""
"","1","test_precision[Test for Encointer]","tests","Sun Apr 19 09:19:46 UTC 2026","passed","Sun Apr 19 09:19:46 UTC 2026","TestPrecision","test_network_parameters","",""
"","0","test_address_prefix[Test for Kusama Coretime]","tests","Sun Apr 19 09:21:24 UTC 2026","passed","Sun Apr 19 09:21:24 UTC 2026","TestNetworkPrefix","test_network_parameters","",""
"","220","test_rpc_node_is_synced[Test for Kusama Relay, url: wss://rpc-kusama-1.novasama-tech.org]","tests","Sun Apr 19 09:20:08 UTC 2026","passed","Sun Apr 19 09:20:08 UTC 2026","","test_substrate_node_is_synced","",""
"","59","test_rpc_node_is_synced[Test for Hydration, url: wss://hydration.ibp.network]","tests","Sun Apr 19 09:21:07 UTC 2026","passed","Sun Apr 19 09:21:08 UTC 2026","","test_substrate_node_is_synced","",""
"","60","test_rpc_node_is_synced[Test for Polkadot Collectives, url: wss://collectives-polkadot.dotters.network]","tests","Sun Apr 19 09:23:04 UTC 2026","passed","Sun Apr 19 09:23:04 UTC 2026","","test_substrate_node_is_synced","",""
"","0","test_precision[Test for Pendulum]","tests","Sun Apr 19 09:20:31 UTC 2026","passed","Sun Apr 19 09:20:31 UTC 2026","TestPrecision","test_network_parameters","",""
"","144","test_rpc_node_is_synced[Test for Ternoa, url: wss://mainnet.ternoa.network]","tests","Sun Apr 19 09:22:29 UTC 2026","passed","Sun Apr 19 09:22:29 UTC 2026","","test_substrate_node_is_synced","",""
"","0","test_rpc_node_is_synced[Test for Tangle, url: wss://rpc.tangle.tools]","tests","Sun Apr 19 09:24:03 UTC 2026","broken","Sun Apr 19 09:24:03 UTC 2026","","test_substrate_node_is_synced","",""
"","0","test_chainId[Test for Basilisk]","tests","Sun Apr 19 09:19:37 UTC 2026","passed","Sun Apr 19 09:19:37 UTC 2026","TestChainId","test_network_parameters","",""
"","0","test_chainId[Test for Tanssi]","tests","Sun Apr 19 09:21:31 UTC 2026","passed","Sun Apr 19 09:21:31 UTC 2026","TestChainId","test_network_parameters","",""
"","0","test_can_create_connection[Test for Bittensor, url: wss://bittensor-finney.api.onfinality.io/public-ws]","tests","Sun Apr 19 09:22:29 UTC 2026","passed","Sun Apr 19 09:22:29 UTC 2026","","test_nodes_availability","",""
"","152","test_rpc_node_is_synced[Test for Polkadot Asset Hub, url: wss://asset-hub-polkadot-rpc.n.dwellir.com]","tests","Sun Apr 19 09:21:31 UTC 2026","passed","Sun Apr 19 09:21:32 UTC 2026","","test_substrate_node_is_synced","",""
"","0","test_chainId[Test for Vara]","tests","Sun Apr 19 09:20:17 UTC 2026","passed","Sun Apr 19 09:20:17 UTC 2026","TestChainId","test_network_parameters","",""
"","0","test_address_prefix[Test for Altair]","tests","Sun Apr 19 09:19:21 UTC 2026","passed","Sun Apr 19 09:19:21 UTC 2026","TestNetworkPrefix","test_network_parameters","",""
"","152","test_rpc_node_is_synced[Test for Astar, url: wss://astar-rpc.n.dwellir.com]","tests","Sun Apr 19 09:21:11 UTC 2026","passed","Sun Apr 19 09:21:11 UTC 2026","","test_substrate_node_is_synced","",""
"","0","test_chainId[Test for Enjin Matrix]","tests","Sun Apr 19 09:20:24 UTC 2026","passed","Sun Apr 19 09:20:24 UTC 2026","TestChainId","test_network_parameters","",""
"","1","test_address_prefix[Test for Acala]","tests","Sun Apr 19 09:19:36 UTC 2026","passed","Sun Apr 19 09:19:36 UTC 2026","TestNetworkPrefix","test_network_parameters","",""
"","0","test_chainId[Test for NeuroWeb]","tests","Sun Apr 19 09:19:46 UTC 2026","passed","Sun Apr 19 09:19:46 UTC 2026","TestChainId","test_network_parameters","",""
"","1","test_address_prefix[Test for Creditcoin]","tests","Sun Apr 19 09:21:18 UTC 2026","passed","Sun Apr 19 09:21:18 UTC 2026","TestNetworkPrefix","test_network_parameters","",""
"","0","test_can_create_connection[Test for Astar, url: wss://astar.public.curie.radiumblock.co/ws]","tests","Sun Apr 19 09:20:34 UTC 2026","passed","Sun Apr 19 09:20:34 UTC 2026","","test_nodes_availability","",""
"","0","test_precision[Test for Ajuna]","tests","Sun Apr 19 09:20:18 UTC 2026","passed","Sun Apr 19 09:20:18 UTC 2026","TestPrecision","test_network_parameters","",""
"","0","test_precision[Test for DAO IPCI]","tests","Sun Apr 19 09:20:26 UTC 2026","passed","Sun Apr 19 09:20:26 UTC 2026","TestPrecision","test_network_parameters","",""
"","0","test_can_create_connection[Test for Acala, url: wss://acala-rpc-0.aca-api.network]","tests","Sun Apr 19 09:22:19 UTC 2026","passed","Sun Apr 19 09:22:19 UTC 2026","","test_nodes_availability","",""
"","0","test_can_create_connection[Test for Darwinia, url: wss://rpc.darwinia.network]","tests","Sun Apr 19 09:23:49 UTC 2026","passed","Sun Apr 19 09:23:49 UTC 2026","","test_nodes_availability","",""
"","0","test_can_create_connection[Test for UNIQUE, url: wss://unique.dotters.network]","tests","Sun Apr 19 09:21:44 UTC 2026","broken","Sun Apr 19 09:21:44 UTC 2026","","test_nodes_availability","",""
"","0","test_can_create_connection[Test for Karura, url: wss://karura-rpc-2.aca-api.network/ws]","tests","Sun Apr 19 09:19:28 UTC 2026","passed","Sun Apr 19 09:19:28 UTC 2026","","test_nodes_availability","",""
"","0","test_precision[Test for Moonriver]","tests","Sun Apr 19 09:19:23 UTC 2026","passed","Sun Apr 19 09:19:23 UTC 2026","TestPrecision","test_network_parameters","",""
"","160","test_rpc_node_is_synced[Test for Crust Shadow, url: wss://rpc2-shadow.crust.network/]","tests","Sun Apr 19 09:20:36 UTC 2026","passed","Sun Apr 19 09:20:37 UTC 2026","","test_substrate_node_is_synced","",""
"","1","test_address_prefix[Test for CC Enterprise]","tests","Sun Apr 19 09:21:14 UTC 2026","passed","Sun Apr 19 09:21:14 UTC 2026","TestNetworkPrefix","test_network_parameters","",""
"","0","test_precision[Test for UNIQUE]","tests","Sun Apr 19 09:20:09 UTC 2026","passed","Sun Apr 19 09:20:09 UTC 2026","TestPrecision","test_network_parameters","",""
"","63","test_rpc_node_is_synced[Test for Avail, url: wss://avail.api.onfinality.io/public-ws]","tests","Sun Apr 19 09:23:23 UTC 2026","passed","Sun Apr 19 09:23:23 UTC 2026","","test_substrate_node_is_synced","",""
"","1","test_can_create_connection[Test for Polkadot Relay, url: wss://rpc.ibp.network/polkadot]","tests","Sun Apr 19 09:19:33 UTC 2026","passed","Sun Apr 19 09:19:33 UTC 2026","","test_nodes_availability","",""
"","0","test_can_create_connection[Test for Karura, url: wss://karura-rpc-1.aca-api.network]","tests","Sun Apr 19 09:19:24 UTC 2026","passed","Sun Apr 19 09:19:24 UTC 2026","","test_nodes_availability","",""
"","0","test_can_create_connection[Test for Westend (TESTNET), url: wss://westend-rpc.polkadot.io]","tests","Sun Apr 19 09:20:02 UTC 2026","passed","Sun Apr 19 09:20:02 UTC 2026","","test_nodes_availability","",""
"","0","test_address_prefix[Test for Cere]","tests","Sun Apr 19 09:21:14 UTC 2026","passed","Sun Apr 19 09:21:14 UTC 2026","TestNetworkPrefix","test_network_parameters","",""
"","0","test_can_create_connection[Test for XX network, url: wss://rpc.xx.network]","tests","Sun Apr 19 09:22:33 UTC 2026","passed","Sun Apr 19 09:22:33 UTC 2026","","test_nodes_availability","",""
"","0","test_precision[Test for peaq]","tests","Sun Apr 19 09:21:42 UTC 2026","passed","Sun Apr 19 09:21:42 UTC 2026","TestPrecision","test_network_parameters","",""
"","0","test_address_prefix[Test for Polymesh]","tests","Sun Apr 19 09:20:18 UTC 2026","passed","Sun Apr 19 09:20:18 UTC 2026","TestNetworkPrefix","test_network_parameters","",""
"","0","test_address_prefix[Test for Amplitude]","tests","Sun Apr 19 09:20:10 UTC 2026","broken","Sun Apr 19 09:20:10 UTC 2026","TestNetworkPrefix","test_network_parameters","",""
"","1","test_can_create_connection[Test for Kusama Coretime, url: wss://sys.ibp.network/coretime-kusama]","tests","Sun Apr 19 09:23:54 UTC 2026","passed","Sun Apr 19 09:23:54 UTC 2026","","test_nodes_availability","",""
"","141","test_rpc_node_is_synced[Test for Centrifuge Parachain, url: wss://fullnode.centrifuge.io]","tests","Sun Apr 19 09:20:46 UTC 2026","passed","Sun Apr 19 09:20:46 UTC 2026","","test_substrate_node_is_synced","",""
"","0","test_chainId[Test for Heima]","tests","Sun Apr 19 09:19:58 UTC 2026","passed","Sun Apr 19 09:19:58 UTC 2026","TestChainId","test_network_parameters","",""
"","0","test_can_create_connection[Test for Moonbeam, url: wss://moonbeam.public.curie.radiumblock.co/ws]","tests","Sun Apr 19 09:20:11 UTC 2026","broken","Sun Apr 19 09:20:11 UTC 2026","","test_nodes_availability","",""
"","0","test_precision[Test for Hyperbridge Nexus]","tests","Sun Apr 19 09:21:28 UTC 2026","passed","Sun Apr 19 09:21:28 UTC 2026","TestPrecision","test_network_parameters","",""
"","0","test_chainId[Test for Bifrost Kusama]","tests","Sun Apr 19 09:19:33 UTC 2026","passed","Sun Apr 19 09:19:33 UTC 2026","TestChainId","test_network_parameters","",""
"","163","test_rpc_node_is_synced[Test for Darwinia, url: wss://rpc.darwinia.network]","tests","Sun Apr 19 09:23:56 UTC 2026","passed","Sun Apr 19 09:23:56 UTC 2026","","test_substrate_node_is_synced","",""
"","0","test_precision[Test for NeuroWeb]","tests","Sun Apr 19 09:19:52 UTC 2026","passed","Sun Apr 19 09:19:52 UTC 2026","TestPrecision","test_network_parameters","",""
"","0","test_can_create_connection[Test for Kusama Relay, url: wss://rpc-kusama-2.novasama-tech.org]","tests","Sun Apr 19 09:19:23 UTC 2026","passed","Sun Apr 19 09:19:23 UTC 2026","","test_nodes_availability","",""
"","0","test_can_create_connection[Test for Avail, url: wss://avail.api.onfinality.io/public-ws]","tests","Sun Apr 19 09:23:14 UTC 2026","passed","Sun Apr 19 09:23:14 UTC 2026","","test_nodes_availability","",""
"","0","test_can_create_connection[Test for Curio, url: wss://parachain.curioinvest.com/]","tests","Sun Apr 19 09:23:08 UTC 2026","broken","Sun Apr 19 09:23:08 UTC 2026","","test_nodes_availability","",""
"","151","test_rpc_node_is_synced[Test for Acala, url: wss://acala-rpc.n.dwellir.com]","tests","Sun Apr 19 09:20:20 UTC 2026","passed","Sun Apr 19 09:20:20 UTC 2026","","test_substrate_node_is_synced","",""
"","152","test_rpc_node_is_synced[Test for Polkadot Coretime, url: wss://polkadot-coretime-rpc.polkadot.io]","tests","Sun Apr 19 09:24:03 UTC 2026","passed","Sun Apr 19 09:24:03 UTC 2026","","test_substrate_node_is_synced","",""
"","0","test_precision[Test for Robonomics]","tests","Sun Apr 19 09:19:44 UTC 2026","passed","Sun Apr 19 09:19:44 UTC 2026","TestPrecision","test_network_parameters","",""
"","69","test_rpc_node_is_synced[Test for Polkadot Relay, url: wss://dot-rpc.stakeworld.io]","tests","Sun Apr 19 09:19:48 UTC 2026","passed","Sun Apr 19 09:19:48 UTC 2026","","test_substrate_node_is_synced","",""
"","0","test_can_create_connection[Test for Ajuna, url: wss://ajuna.ibp.network]","tests","Sun Apr 19 09:22:26 UTC 2026","passed","Sun Apr 19 09:22:26 UTC 2026","","test_nodes_availability","",""
"","0","test_rpc_node_is_synced[Test for QUARTZ, url: wss://quartz.unique.network]","tests","Sun Apr 19 09:21:54 UTC 2026","broken","Sun Apr 19 09:21:54 UTC 2026","","test_substrate_node_is_synced","",""
"","0","test_can_create_connection[Test for Kusama Bridge Hub, url: wss://ksm-rpc.stakeworld.io/bridgehub]","tests","Sun Apr 19 09:22:45 UTC 2026","passed","Sun Apr 19 09:22:45 UTC 2026","","test_nodes_availability","",""
"","3","test_rpc_node_is_synced[Test for Polkadot Relay, url: wss://rpc.ibp.network/polkadot]","tests","Sun Apr 19 09:19:32 UTC 2026","passed","Sun Apr 19 09:19:32 UTC 2026","","test_substrate_node_is_synced","",""
"","0","test_can_create_connection[Test for Polkadot Coretime, url: wss://coretime-polkadot.dotters.network]","tests","Sun Apr 19 09:23:49 UTC 2026","passed","Sun Apr 19 09:23:49 UTC 2026","","test_nodes_availability","",""
"","1","test_chainId[Test for CC Enterprise]","tests","Sun Apr 19 09:20:59 UTC 2026","passed","Sun Apr 19 09:20:59 UTC 2026","TestChainId","test_network_parameters","",""
"","0","test_can_create_connection[Test for Humanode, url: wss://explorer-rpc-ws.mainnet.stages.humanode.io]","tests","Sun Apr 19 09:23:30 UTC 2026","passed","Sun Apr 19 09:23:30 UTC 2026","","test_nodes_availability","",""
"","0","test_chainId[Test for peaq]","tests","Sun Apr 19 09:21:12 UTC 2026","passed","Sun Apr 19 09:21:12 UTC 2026","TestChainId","test_network_parameters","",""
"","0","test_precision[Test for Kusama People]","tests","Sun Apr 19 09:19:27 UTC 2026","passed","Sun Apr 19 09:19:27 UTC 2026","TestPrecision","test_network_parameters","",""
"","0","test_address_prefix[Test for DAO IPCI]","tests","Sun Apr 19 09:20:23 UTC 2026","passed","Sun Apr 19 09:20:23 UTC 2026","TestNetworkPrefix","test_network_parameters","",""
"","1","test_can_create_connection[Test for Centrifuge Parachain, url: wss://fullnode.centrifuge.io]","tests","Sun Apr 19 09:20:48 UTC 2026","passed","Sun Apr 19 09:20:48 UTC 2026","","test_nodes_availability","",""
"","0","test_precision[Test for Kintsugi]","tests","Sun Apr 19 09:19:52 UTC 2026","passed","Sun Apr 19 09:19:52 UTC 2026","TestPrecision","test_network_parameters","",""
"","0","test_chainId[Test for QUARTZ]","tests","Sun Apr 19 09:19:31 UTC 2026","broken","Sun Apr 19 09:19:31 UTC 2026","TestChainId","test_network_parameters","",""
"","0","test_can_create_connection[Test for Tanssi, url: wss://services.tanssi-mainnet.network/tanssi]","tests","Sun Apr 19 09:24:05 UTC 2026","passed","Sun Apr 19 09:24:05 UTC 2026","","test_nodes_availability","",""
"","126","test_rpc_node_is_synced[Test for Aventus, url: wss://public-rpc.mainnet.aventus.io]","tests","Sun Apr 19 09:22:27 UTC 2026","passed","Sun Apr 19 09:22:27 UTC 2026","","test_substrate_node_is_synced","",""
"","161","test_rpc_node_is_synced[Test for UNIQUE, url: wss://asia-ws.unique.network/]","tests","Sun Apr 19 09:22:12 UTC 2026","passed","Sun Apr 19 09:22:12 UTC 2026","","test_substrate_node_is_synced","",""
"","177","test_rpc_node_is_synced[Test for XX network, url: wss://rpc-hetzner.xx.network]","tests","Sun Apr 19 09:22:48 UTC 2026","passed","Sun Apr 19 09:22:48 UTC 2026","","test_substrate_node_is_synced","",""
"","0","test_rpc_node_is_synced[Test for Bifrost Polkadot, url: wss://bifrost-polkadot.dotters.network]","tests","Sun Apr 19 09:21:30 UTC 2026","broken","Sun Apr 19 09:21:30 UTC 2026","","test_substrate_node_is_synced","",""
"","0","test_precision[Test for Kreivo]","tests","Sun Apr 19 09:21:22 UTC 2026","passed","Sun Apr 19 09:21:22 UTC 2026","TestPrecision","test_network_parameters","",""
"","0","test_precision[Test for Phala]","tests","Sun Apr 19 09:21:30 UTC 2026","broken","Sun Apr 19 09:21:30 UTC 2026","TestPrecision","test_network_parameters","",""
"","0","test_precision[Test for DeepBrain]","tests","Sun Apr 19 09:21:49 UTC 2026","broken","Sun Apr 19 09:21:49 UTC 2026","TestPrecision","test_network_parameters","",""
"","744","test_rpc_node_is_synced[Test for Karura, url: wss://karura-rpc-3.aca-api.network/ws]","tests","Sun Apr 19 09:19:33 UTC 2026","passed","Sun Apr 19 09:19:34 UTC 2026","","test_substrate_node_is_synced","",""
"","1","test_precision[Test for JAMTON]","tests","Sun Apr 19 09:21:51 UTC 2026","passed","Sun Apr 19 09:21:51 UTC 2026","TestPrecision","test_network_parameters","",""
"","54","test_rpc_node_is_synced[Test for Hydration, url: wss://hydration.dotters.network]","tests","Sun Apr 19 09:21:12 UTC 2026","passed","Sun Apr 19 09:21:12 UTC 2026","","test_substrate_node_is_synced","",""
"","64","test_rpc_node_is_synced[Test for Kusama Relay, url: wss://rpc-kusama.luckyfriday.io]","tests","Sun Apr 19 09:19:47 UTC 2026","passed","Sun Apr 19 09:19:47 UTC 2026","","test_substrate_node_is_synced","",""
"","0","test_precision[Test for Humanode]","tests","Sun Apr 19 09:21:38 UTC 2026","passed","Sun Apr 19 09:21:38 UTC 2026","TestPrecision","test_network_parameters","",""
"","0","test_can_create_connection[Test for Polymesh, url: wss://mainnet-rpc.polymesh.network]","tests","Sun Apr 19 09:22:03 UTC 2026","passed","Sun Apr 19 09:22:03 UTC 2026","","test_nodes_availability","",""
"","0","test_can_create_connection[Test for Encointer, url: wss://encointer-kusama.dotters.network]","tests","Sun Apr 19 09:21:27 UTC 2026","passed","Sun Apr 19 09:21:27 UTC 2026","","test_nodes_availability","",""
"","0","test_can_create_connection[Test for Kusama Coretime, url: wss://ksm-rpc.stakeworld.io/coretime]","tests","Sun Apr 19 09:24:00 UTC 2026","passed","Sun Apr 19 09:24:00 UTC 2026","","test_nodes_availability","",""
"","0","test_can_create_connection[Test for Frequency, url: wss://0.rpc.frequency.xyz]","tests","Sun Apr 19 09:22:35 UTC 2026","passed","Sun Apr 19 09:22:35 UTC 2026","","test_nodes_availability","",""
"","0","test_precision[Test for Vara]","tests","Sun Apr 19 09:20:30 UTC 2026","passed","Sun Apr 19 09:20:30 UTC 2026","TestPrecision","test_network_parameters","",""
"","0","test_rpc_node_is_synced[Test for Amplitude, url: wss://rpc-amplitude.pendulumchain.tech]","tests","Sun Apr 19 09:22:22 UTC 2026","broken","Sun Apr 19 09:22:22 UTC 2026","","test_substrate_node_is_synced","",""
"","1","test_chainId[Test for Crust Polkadot Parachain]","tests","Sun Apr 19 09:20:09 UTC 2026","passed","Sun Apr 19 09:20:09 UTC 2026","TestChainId","test_network_parameters","",""
"","61","test_rpc_node_is_synced[Test for GIANT, url: wss://rpc-anchor-2-mainnet-az-ue1.giantprotocol.org:443]","tests","Sun Apr 19 09:22:42 UTC 2026","passed","Sun Apr 19 09:22:42 UTC 2026","","test_substrate_node_is_synced","",""
"","1","test_can_create_connection[Test for Polkadot Relay, url: wss://apps-rpc.polkadot.io]","tests","Sun Apr 19 09:19:44 UTC 2026","passed","Sun Apr 19 09:19:44 UTC 2026","","test_nodes_availability","",""
"","0","test_rpc_node_is_synced[Test for Curio, url: wss://archive.parachain.curioinvest.com]","tests","Sun Apr 19 09:23:21 UTC 2026","broken","Sun Apr 19 09:23:21 UTC 2026","","test_substrate_node_is_synced","",""
"","0","test_chainId[Test for Polkadot Asset Hub]","tests","Sun Apr 19 09:19:35 UTC 2026","passed","Sun Apr 19 09:19:35 UTC 2026","TestChainId","test_network_parameters","",""
"","3","test_rpc_node_is_synced[Test for Polkadot Coretime, url: wss://sys.ibp.network/coretime-polkadot]","tests","Sun Apr 19 09:24:07 UTC 2026","passed","Sun Apr 19 09:24:07 UTC 2026","","test_substrate_node_is_synced","",""
"","0","test_can_create_connection[Test for Kreivo, url: wss://kreivo.kippu.rocks/]","tests","Sun Apr 19 09:23:10 UTC 2026","passed","Sun Apr 19 09:23:10 UTC 2026","","test_nodes_availability","",""
"","0","test_address_prefix[Test for Kusama Bridge Hub]","tests","Sun Apr 19 09:20:27 UTC 2026","passed","Sun Apr 19 09:20:27 UTC 2026","TestNetworkPrefix","test_network_parameters","",""
"","0","test_precision[Test for Polymesh]","tests","Sun Apr 19 09:20:21 UTC 2026","passed","Sun Apr 19 09:20:21 UTC 2026","TestPrecision","test_network_parameters","",""
"","149","test_rpc_node_is_synced[Test for Astar, url: wss://rpc.astar.network]","tests","Sun Apr 19 09:21:06 UTC 2026","passed","Sun Apr 19 09:21:06 UTC 2026","","test_substrate_node_is_synced","",""
"","0","test_can_create_connection[Test for Kusama Relay, url: wss://kusama.public.curie.radiumblock.co/ws]","tests","Sun Apr 19 09:19:57 UTC 2026","passed","Sun Apr 19 09:19:57 UTC 2026","","test_nodes_availability","",""
"","1","test_can_create_connection[Test for krest, url: wss://krest.api.onfinality.io/public-ws']","tests","Sun Apr 19 09:22:57 UTC 2026","passed","Sun Apr 19 09:22:57 UTC 2026","","test_nodes_availability","",""
"","0","test_chainId[Test for Kusama Asset Hub]","tests","Sun Apr 19 09:19:36 UTC 2026","passed","Sun Apr 19 09:19:36 UTC 2026","TestChainId","test_network_parameters","",""
"","0","test_can_create_connection[Test for Tangle, url: wss://rpc.tangle.tools]","tests","Sun Apr 19 09:23:55 UTC 2026","broken","Sun Apr 19 09:23:55 UTC 2026","","test_nodes_availability","",""
"","0","test_can_create_connection[Test for Phala, url: wss://phala-rpc.n.dwellir.com]","tests","Sun Apr 19 09:20:44 UTC 2026","broken","Sun Apr 19 09:20:44 UTC 2026","","test_nodes_availability","",""
"","0","test_chainId[Test for DeepBrain]","tests","Sun Apr 19 09:21:15 UTC 2026","broken","Sun Apr 19 09:21:15 UTC 2026","TestChainId","test_network_parameters","",""
"","0","test_can_create_connection[Test for Polkadot Collectives, url: wss://dot-rpc.stakeworld.io/collectives]","tests","Sun Apr 19 09:22:53 UTC 2026","passed","Sun Apr 19 09:22:53 UTC 2026","","test_nodes_availability","",""
"","1","test_can_create_connection[Test for Polkadex, url: wss://so.polkadex.ee]","tests","Sun Apr 19 09:21:50 UTC 2026","passed","Sun Apr 19 09:21:50 UTC 2026","","test_nodes_availability","",""
"","0","test_precision[Test for Acala]","tests","Sun Apr 19 09:19:38 UTC 2026","passed","Sun Apr 19 09:19:38 UTC 2026","TestPrecision","test_network_parameters","",""
"","58","test_rpc_node_is_synced[Test for Bittensor, url: wss://bittensor-finney.api.onfinality.io/public-ws]","tests","Sun Apr 19 09:22:35 UTC 2026","passed","Sun Apr 19 09:22:35 UTC 2026","","test_substrate_node_is_synced","",""
"","1","test_address_prefix[Test for Laos]","tests","Sun Apr 19 09:21:24 UTC 2026","passed","Sun Apr 19 09:21:24 UTC 2026","TestNetworkPrefix","test_network_parameters","",""
"","0","test_can_create_connection[Test for Manta Atlantic, url: wss://ws.manta.systems]","tests","Sun Apr 19 09:22:58 UTC 2026","passed","Sun Apr 19 09:22:58 UTC 2026","","test_nodes_availability","",""
"","0","test_rpc_node_is_synced[Test for QUARTZ, url: wss://eu-ws-quartz.unique.network]","tests","Sun Apr 19 09:22:05 UTC 2026","broken","Sun Apr 19 09:22:05 UTC 2026","","test_substrate_node_is_synced","",""
"","0","test_can_create_connection[Test for Heima, url: wss://heima-rpc.n.dwellir.com]","tests","Sun Apr 19 09:21:59 UTC 2026","passed","Sun Apr 19 09:21:59 UTC 2026","","test_nodes_availability","",""
"","0","test_can_create_connection[Test for XX network, url: wss://rpc-hetzner.xx.network]","tests","Sun Apr 19 09:22:38 UTC 2026","passed","Sun Apr 19 09:22:38 UTC 2026","","test_nodes_availability","",""
"","70","test_rpc_node_is_synced[Test for Polymesh, url: wss://mainnet-rpc.polymesh.network]","tests","Sun Apr 19 09:22:33 UTC 2026","passed","Sun Apr 19 09:22:33 UTC 2026","","test_substrate_node_is_synced","",""
"","0","test_rpc_node_is_synced[Test for Curio, url: wss://parachain.curioinvest.com/]","tests","Sun Apr 19 09:23:15 UTC 2026","broken","Sun Apr 19 09:23:15 UTC 2026","","test_substrate_node_is_synced","",""
"","0","test_address_prefix[Test for Joystream]","tests","Sun Apr 19 09:20:43 UTC 2026","passed","Sun Apr 19 09:20:43 UTC 2026","TestNetworkPrefix","test_network_parameters","",""
"","1","test_address_prefix[Test for Hyperbridge Nexus]","tests","Sun Apr 19 09:21:06 UTC 2026","passed","Sun Apr 19 09:21:06 UTC 2026","TestNetworkPrefix","test_network_parameters","",""
"","144","test_rpc_node_is_synced[Test for Humanode, url: wss://explorer-rpc-ws.mainnet.stages.humanode.io]","tests","Sun Apr 19 09:23:38 UTC 2026","passed","Sun Apr 19 09:23:38 UTC 2026","","test_substrate_node_is_synced","",""
"","0","test_chainId[Test for UNIQUE]","tests","Sun Apr 19 09:20:04 UTC 2026","passed","Sun Apr 19 09:20:04 UTC 2026","TestChainId","test_network_parameters","",""
"","82","test_rpc_node_is_synced[Test for Moonriver, url: wss://wss.api.moonriver.moonbeam.network]","tests","Sun Apr 19 09:20:18 UTC 2026","passed","Sun Apr 19 09:20:18 UTC 2026","","test_substrate_node_is_synced","",""
"","45","test_rpc_node_is_synced[Test for Polkadot Collectives, url: wss://collectives.public.curie.radiumblock.co/ws]","tests","Sun Apr 19 09:22:51 UTC 2026","passed","Sun Apr 19 09:22:51 UTC 2026","","test_substrate_node_is_synced","",""
"","0","test_address_prefix[Test for Enjin Relay]","tests","Sun Apr 19 09:20:51 UTC 2026","passed","Sun Apr 19 09:20:51 UTC 2026","TestNetworkPrefix","test_network_parameters","",""
"","0","test_can_create_connection[Test for Karura, url: wss://karura-rpc-3.aca-api.network/ws]","tests","Sun Apr 19 09:19:32 UTC 2026","passed","Sun Apr 19 09:19:32 UTC 2026","","test_nodes_availability","",""
"","2","test_rpc_node_is_synced[Test for Kusama Coretime, url: wss://sys.ibp.network/coretime-kusama]","tests","Sun Apr 19 09:24:21 UTC 2026","passed","Sun Apr 19 09:24:21 UTC 2026","","test_substrate_node_is_synced","",""
"","170","test_rpc_node_is_synced[Test for Kintsugi, url: wss://api-kusama.interlay.io/parachain]","tests","Sun Apr 19 09:20:23 UTC 2026","passed","Sun Apr 19 09:20:24 UTC 2026","","test_substrate_node_is_synced","",""
"","1","test_address_prefix[Test for Polkadot Asset Hub]","tests","Sun Apr 19 09:19:37 UTC 2026","passed","Sun Apr 19 09:19:37 UTC 2026","TestNetworkPrefix","test_network_parameters","",""
"","0","test_chainId[Test for Kusama Bridge Hub]","tests","Sun Apr 19 09:21:13 UTC 2026","passed","Sun Apr 19 09:21:13 UTC 2026","TestChainId","test_network_parameters","",""
"","166","test_rpc_node_is_synced[Test for Kusama Relay, url: wss://kusama.public.curie.radiumblock.co/ws]","tests","Sun Apr 19 09:19:59 UTC 2026","passed","Sun Apr 19 09:20:00 UTC 2026","","test_substrate_node_is_synced","",""
"","233","test_rpc_node_is_synced[Test for Hyperbridge Nexus, url: wss://nexus.ibp.network]","tests","Sun Apr 19 09:23:28 UTC 2026","passed","Sun Apr 19 09:23:28 UTC 2026","","test_substrate_node_is_synced","",""
"","1","test_chainId[Test for Shiden]","tests","Sun Apr 19 09:19:25 UTC 2026","passed","Sun Apr 19 09:19:25 UTC 2026","TestChainId","test_network_parameters","",""
"","0","test_can_create_connection[Test for Bifrost Polkadot, url: wss://hk.p.bifrost-rpc.liebi.com/ws]","tests","Sun Apr 19 09:21:42 UTC 2026","passed","Sun Apr 19 09:21:42 UTC 2026","","test_nodes_availability","",""
"","0","test_can_create_connection[Test for UNIQUE, url: wss://unique.ibp.network]","tests","Sun Apr 19 09:21:33 UTC 2026","passed","Sun Apr 19 09:21:33 UTC 2026","","test_nodes_availability","",""
"","1","test_chainId[Test for Kreivo]","tests","Sun Apr 19 09:20:46 UTC 2026","passed","Sun Apr 19 09:20:46 UTC 2026","TestChainId","test_network_parameters","",""
"","0","test_rpc_node_is_synced[Test for QUARTZ, url: wss://us-ws-quartz.unique.network]","tests","Sun Apr 19 09:22:16 UTC 2026","broken","Sun Apr 19 09:22:16 UTC 2026","","test_substrate_node_is_synced","",""
"","0","test_precision[Test for Polkadex]","tests","Sun Apr 19 09:19:47 UTC 2026","passed","Sun Apr 19 09:19:47 UTC 2026","TestPrecision","test_network_parameters","",""
"","149","test_rpc_node_is_synced[Test for Laos, url: wss://rpc.laos.laosfoundation.io]","tests","Sun Apr 19 09:23:46 UTC 2026","passed","Sun Apr 19 09:23:46 UTC 2026","","test_substrate_node_is_synced","",""
"","233","test_rpc_node_is_synced[Test for Polkadot Asset Hub, url: wss://rpc-assethub.novasama-tech.org]","tests","Sun Apr 19 09:21:23 UTC 2026","passed","Sun Apr 19 09:21:23 UTC 2026","","test_substrate_node_is_synced","",""
"","86","test_rpc_node_is_synced[Test for peaq, url: wss://peaq-rpc.publicnode.com]","tests","Sun Apr 19 09:23:55 UTC 2026","passed","Sun Apr 19 09:23:55 UTC 2026","","test_substrate_node_is_synced","",""
"","0","test_can_create_connection[Test for Acala, url: wss://acala-rpc-3.aca-api.network/ws]","tests","Sun Apr 19 09:20:11 UTC 2026","passed","Sun Apr 19 09:20:11 UTC 2026","","test_nodes_availability","",""
"","3","test_rpc_node_is_synced[Test for Polkadot People, url: wss://sys.ibp.network/people-polkadot]","tests","Sun Apr 19 09:19:29 UTC 2026","passed","Sun Apr 19 09:19:29 UTC 2026","","test_substrate_node_is_synced","",""
"","1","test_chainId[Test for Polkadot Bridge Hub]","tests","Sun Apr 19 09:21:11 UTC 2026","passed","Sun Apr 19 09:21:11 UTC 2026","TestChainId","test_network_parameters","",""
"","0","test_can_create_connection[Test for Phala, url: wss://api.phala.network/ws]","tests","Sun Apr 19 09:21:25 UTC 2026","broken","Sun Apr 19 09:21:25 UTC 2026","","test_nodes_availability","",""
"","0","test_chainId[Test for Moonriver]","tests","Sun Apr 19 09:19:20 UTC 2026","passed","Sun Apr 19 09:19:20 UTC 2026","TestChainId","test_network_parameters","",""
"","0","test_address_prefix[Test for Nodle Parachain]","tests","Sun Apr 19 09:20:07 UTC 2026","broken","Sun Apr 19 09:20:07 UTC 2026","TestNetworkPrefix","test_network_parameters","",""
"","0","test_precision[Test for XX network]","tests","Sun Apr 19 09:20:28 UTC 2026","passed","Sun Apr 19 09:20:28 UTC 2026","TestPrecision","test_network_parameters","",""
"","0","test_chainId[Test for Ternoa]","tests","Sun Apr 19 09:19:56 UTC 2026","passed","Sun Apr 19 09:19:56 UTC 2026","TestChainId","test_network_parameters","",""
"","0","test_chainId[Test for Bittensor]","tests","Sun Apr 19 09:20:07 UTC 2026","passed","Sun Apr 19 09:20:07 UTC 2026","TestChainId","test_network_parameters","",""
"","0","test_can_create_connection[Test for Crust Polkadot Parachain, url: wss://crust-parachain.crustapps.net]","tests","Sun Apr 19 09:22:13 UTC 2026","passed","Sun Apr 19 09:22:13 UTC 2026","","test_nodes_availability","",""
"","0","test_chainId[Test for Polkadot Collectives]","tests","Sun Apr 19 09:20:24 UTC 2026","passed","Sun Apr 19 09:20:24 UTC 2026","TestChainId","test_network_parameters","",""
"","149","test_rpc_node_is_synced[Test for UNIQUE, url: wss://eu-ws.unique.network/]","tests","Sun Apr 19 09:22:03 UTC 2026","passed","Sun Apr 19 09:22:03 UTC 2026","","test_substrate_node_is_synced","",""
"","0","test_chainId[Test for Polymesh]","tests","Sun Apr 19 09:20:00 UTC 2026","passed","Sun Apr 19 09:20:00 UTC 2026","TestChainId","test_network_parameters","",""
"","219","test_rpc_node_is_synced[Test for Moonbeam, url: wss://moonbeam.ibp.network]","tests","Sun Apr 19 09:19:50 UTC 2026","passed","Sun Apr 19 09:19:50 UTC 2026","","test_substrate_node_is_synced","",""
"","183","test_rpc_node_is_synced[Test for Polkadot Relay, url: wss://rpc-polkadot-1.novasama-tech.org]","tests","Sun Apr 19 09:19:22 UTC 2026","passed","Sun Apr 19 09:19:22 UTC 2026","","test_substrate_node_is_synced","",""
"","0","test_chainId[Test for Altair]","tests","Sun Apr 19 09:19:20 UTC 2026","passed","Sun Apr 19 09:19:20 UTC 2026","TestChainId","test_network_parameters","",""
"","0","test_chainId[Test for Enjin Relay]","tests","Sun Apr 19 09:20:37 UTC 2026","passed","Sun Apr 19 09:20:37 UTC 2026","TestChainId","test_network_parameters","",""
"","1","test_chainId[Test for Hydration]","tests","Sun Apr 19 09:19:47 UTC 2026","passed","Sun Apr 19 09:19:47 UTC 2026","TestChainId","test_network_parameters","",""
"","0","test_can_create_connection[Test for Bifrost Polkadot, url: wss://bifrost-polkadot.dotters.network]","tests","Sun Apr 19 09:21:34 UTC 2026","broken","Sun Apr 19 09:21:34 UTC 2026","","test_nodes_availability","",""
"","0","test_precision[Test for Darwinia]","tests","Sun Apr 19 09:21:21 UTC 2026","passed","Sun Apr 19 09:21:21 UTC 2026","TestPrecision","test_network_parameters","",""
"","0","test_precision[Test for Polkadot Coretime]","tests","Sun Apr 19 09:21:58 UTC 2026","passed","Sun Apr 19 09:21:58 UTC 2026","TestPrecision","test_network_parameters","",""
"","0","test_address_prefix[Test for Vara]","tests","Sun Apr 19 09:21:18 UTC 2026","passed","Sun Apr 19 09:21:18 UTC 2026","TestNetworkPrefix","test_network_parameters","",""
"","1","test_can_create_connection[Test for Kusama Relay, url: wss://rpc-kusama.luckyfriday.io]","tests","Sun Apr 19 09:19:43 UTC 2026","passed","Sun Apr 19 09:19:43 UTC 2026","","test_nodes_availability","",""
"","0","test_can_create_connection[Test for Kusama Asset Hub, url: wss://sys.ibp.network/statemine]","tests","Sun Apr 19 09:20:12 UTC 2026","passed","Sun Apr 19 09:20:12 UTC 2026","","test_nodes_availability","",""
"","0","test_can_create_connection[Test for Kusama People, url: wss://kusama-people-rpc.polkadot.io]","tests","Sun Apr 19 09:19:42 UTC 2026","passed","Sun Apr 19 09:19:42 UTC 2026","","test_nodes_availability","",""
"","0","test_can_create_connection[Test for Kusama Asset Hub, url: wss://asset-hub-kusama.dotters.network]","tests","Sun Apr 19 09:19:23 UTC 2026","passed","Sun Apr 19 09:19:23 UTC 2026","","test_nodes_availability","",""
"","212","test_rpc_node_is_synced[Test for Hydration, url: wss://rpc-hydra.novasama-tech.org]","tests","Sun Apr 19 09:20:56 UTC 2026","passed","Sun Apr 19 09:20:56 UTC 2026","","test_substrate_node_is_synced","",""
"","75","test_rpc_node_is_synced[Test for Polkadot People, url: wss://rpc-people-polkadot.luckyfriday.io]","tests","Sun Apr 19 09:19:36 UTC 2026","passed","Sun Apr 19 09:19:36 UTC 2026","","test_substrate_node_is_synced","",""
"","0","test_chainId[Test for Frequency]","tests","Sun Apr 19 09:20:22 UTC 2026","passed","Sun Apr 19 09:20:22 UTC 2026","TestChainId","test_network_parameters","",""
"","1","test_can_create_connection[Test for Kusama Bridge Hub, url: wss://sys.ibp.network/bridgehub-kusama]","tests","Sun Apr 19 09:22:47 UTC 2026","passed","Sun Apr 19 09:22:47 UTC 2026","","test_nodes_availability","",""
"","0","test_precision[Test for Curio]","tests","Sun Apr 19 09:21:09 UTC 2026","broken","Sun Apr 19 09:21:09 UTC 2026","TestPrecision","test_network_parameters","",""
"","0","test_can_create_connection[Test for Amplitude, url: wss://rpc-amplitude.pendulumchain.tech]","tests","Sun Apr 19 09:21:55 UTC 2026","broken","Sun Apr 19 09:21:55 UTC 2026","","test_nodes_availability","",""
"","0","test_can_create_connection[Test for Kusama People, url: wss://sys.ibp.network/people-kusama]","tests","Sun Apr 19 09:19:44 UTC 2026","passed","Sun Apr 19 09:19:44 UTC 2026","","test_nodes_availability","",""
"","210","test_rpc_node_is_synced[Test for Acala, url: wss://acala-rpc-2.aca-api.network/ws]","tests","Sun Apr 19 09:20:11 UTC 2026","passed","Sun Apr 19 09:20:11 UTC 2026","","test_substrate_node_is_synced","",""
"","0","test_can_create_connection[Test for Acurast, url: wss://public-archive.mainnet.acurast.com]","tests","Sun Apr 19 09:24:03 UTC 2026","passed","Sun Apr 19 09:24:03 UTC 2026","","test_nodes_availability","",""
"","0","test_chainId[Test for Amplitude]","tests","Sun Apr 19 09:19:53 UTC 2026","broken","Sun Apr 19 09:19:53 UTC 2026","TestChainId","test_network_parameters","",""
"","0","test_address_prefix[Test for Bifrost Kusama]","tests","Sun Apr 19 09:19:53 UTC 2026","passed","Sun Apr 19 09:19:53 UTC 2026","TestNetworkPrefix","test_network_parameters","",""
"","0","test_can_create_connection[Test for QUARTZ, url: wss://us-ws-quartz.unique.network]","tests","Sun Apr 19 09:22:15 UTC 2026","broken","Sun Apr 19 09:22:15 UTC 2026","","test_nodes_availability","",""
"","63","test_rpc_node_is_synced[Test for Kusama Coretime, url: wss://rpc-coretime-kusama.luckyfriday.io]","tests","Sun Apr 19 09:24:24 UTC 2026","passed","Sun Apr 19 09:24:24 UTC 2026","","test_substrate_node_is_synced","",""
"","0","test_rpc_node_is_synced[Test for Moonbeam, url: wss://moonbeam.public.curie.radiumblock.co/ws]","tests","Sun Apr 19 09:20:13 UTC 2026","broken","Sun Apr 19 09:20:13 UTC 2026","","test_substrate_node_is_synced","",""
"","0","test_precision[Test for Acurast]","tests","Sun Apr 19 09:22:02 UTC 2026","passed","Sun Apr 19 09:22:02 UTC 2026","TestPrecision","test_network_parameters","",""
"","208","test_rpc_node_is_synced[Test for Manta Atlantic, url: wss://ws.manta.systems]","tests","Sun Apr 19 09:23:06 UTC 2026","passed","Sun Apr 19 09:23:06 UTC 2026","","test_substrate_node_is_synced","",""
"","54","test_rpc_node_is_synced[Test for Kusama Relay, url: wss://kusama.dotters.network]","tests","Sun Apr 19 09:19:36 UTC 2026","passed","Sun Apr 19 09:19:36 UTC 2026","","test_substrate_node_is_synced","",""
"","177","test_rpc_node_is_synced[Test for Interlay, url: wss://api.interlay.io/parachain]","tests","Sun Apr 19 09:20:23 UTC 2026","passed","Sun Apr 19 09:20:23 UTC 2026","","test_substrate_node_is_synced","",""
"","44","test_rpc_node_is_synced[Test for Polkadot Relay, url: wss://polkadot.public.curie.radiumblock.co/ws]","tests","Sun Apr 19 09:19:54 UTC 2026","passed","Sun Apr 19 09:19:54 UTC 2026","","test_substrate_node_is_synced","",""
"","50","test_rpc_node_is_synced[Test for Pendulum, url: wss://rpc-pendulum.prd.pendulumchain.tech]","tests","Sun Apr 19 09:22:14 UTC 2026","passed","Sun Apr 19 09:22:14 UTC 2026","","test_substrate_node_is_synced","",""
"","0","test_can_create_connection[Test for Hydration, url: wss://rpc.hydradx.cloud]","tests","Sun Apr 19 09:21:05 UTC 2026","passed","Sun Apr 19 09:21:05 UTC 2026","","test_nodes_availability","",""
"","0","test_can_create_connection[Test for Moonriver, url: wss://moonriver.public.curie.radiumblock.co/ws]","tests","Sun Apr 19 09:20:35 UTC 2026","broken","Sun Apr 19 09:20:35 UTC 2026","","test_nodes_availability","",""
"","0","test_can_create_connection[Test for Kusama Relay, url: wss://rpc-kusama-1.novasama-tech.org]","tests","Sun Apr 19 09:20:06 UTC 2026","passed","Sun Apr 19 09:20:06 UTC 2026","","test_nodes_availability","",""
"","0","test_rpc_node_is_synced[Test for Ajuna, url: wss://ajuna.dotters.network]","tests","Sun Apr 19 09:22:44 UTC 2026","broken","Sun Apr 19 09:22:44 UTC 2026","","test_substrate_node_is_synced","",""
"","0","test_address_prefix[Test for Astar]","tests","Sun Apr 19 09:19:41 UTC 2026","passed","Sun Apr 19 09:19:41 UTC 2026","TestNetworkPrefix","test_network_parameters","",""
"","0","test_chainId[Test for Polkadex]","tests","Sun Apr 19 09:19:42 UTC 2026","passed","Sun Apr 19 09:19:42 UTC 2026","TestChainId","test_network_parameters","",""
"","151","test_rpc_node_is_synced[Test for Karura, url: wss://karura-rpc.n.dwellir.com]","tests","Sun Apr 19 09:19:39 UTC 2026","passed","Sun Apr 19 09:19:39 UTC 2026","","test_substrate_node_is_synced","",""
"","152","test_rpc_node_is_synced[Test for Vara, url: wss://rpc.vara-network.io]","tests","Sun Apr 19 09:22:46 UTC 2026","passed","Sun Apr 19 09:22:46 UTC 2026","","test_substrate_node_is_synced","",""
"","0","test_can_create_connection[Test for DAO IPCI, url: wss://ipci.rpc.robonomics.network]","tests","Sun Apr 19 09:22:08 UTC 2026","passed","Sun Apr 19 09:22:08 UTC 2026","","test_nodes_availability","",""
"","35","test_rpc_node_is_synced[Test for Ethereum, url: https://ethereum-rpc.publicnode.com]","tests","Sun Apr 19 09:19:28 UTC 2026","broken","Sun Apr 19 09:19:29 UTC 2026","TestETHNodesAvailability","test_eth_nodes_availability","",""
"","1","test_can_create_connection[Test for Polkadot Coretime, url: wss://sys.ibp.network/coretime-polkadot]","tests","Sun Apr 19 09:23:58 UTC 2026","passed","Sun Apr 19 09:23:58 UTC 2026","","test_nodes_availability","",""
"","0","test_precision[Test for Crust Shadow]","tests","Sun Apr 19 09:20:01 UTC 2026","passed","Sun Apr 19 09:20:01 UTC 2026","TestPrecision","test_network_parameters","",""
"","0","test_can_create_connection[Test for Polkadot Bridge Hub, url: wss://dot-rpc.stakeworld.io/bridgehub]","tests","Sun Apr 19 09:22:44 UTC 2026","passed","Sun Apr 19 09:22:44 UTC 2026","","test_nodes_availability","",""
"","156","test_rpc_node_is_synced[Test for Bifrost Polkadot, url: wss://hk.p.bifrost-rpc.liebi.com/ws]","tests","Sun Apr 19 09:21:38 UTC 2026","passed","Sun Apr 19 09:21:38 UTC 2026","","test_substrate_node_is_synced","",""
"","1","test_can_create_connection[Test for Acala, url: wss://acala-rpc-1.aca-api.network]","tests","Sun Apr 19 09:22:23 UTC 2026","passed","Sun Apr 19 09:22:23 UTC 2026","","test_nodes_availability","",""
"","1","test_precision[Test for Crust Polkadot Parachain]","tests","Sun Apr 19 09:20:34 UTC 2026","passed","Sun Apr 19 09:20:34 UTC 2026","TestPrecision","test_network_parameters","",""
"","0","test_precision[Test for Acurast Canary]","tests","Sun Apr 19 09:21:25 UTC 2026","passed","Sun Apr 19 09:21:25 UTC 2026","TestPrecision","test_network_parameters","",""
"","151","test_rpc_node_is_synced[Test for Bifrost Polkadot, url: wss://eu.bifrost-polkadot-rpc.liebi.com/ws]","tests","Sun Apr 19 09:21:44 UTC 2026","passed","Sun Apr 19 09:21:45 UTC 2026","","test_substrate_node_is_synced","",""
"","0","test_can_create_connection[Test for GIANT, url: wss://rpc-anchor-2-mainnet-az-ue1.giantprotocol.org:443]","tests","Sun Apr 19 09:22:34 UTC 2026","passed","Sun Apr 19 09:22:34 UTC 2026","","test_nodes_availability","",""
"","54","test_rpc_node_is_synced[Test for Zeitgeist, url: wss://zeitgeist.api.onfinality.io/public-ws]","tests","Sun Apr 19 09:20:28 UTC 2026","passed","Sun Apr 19 09:20:28 UTC 2026","","test_substrate_node_is_synced","",""
"","0","test_can_create_connection[Test for Altair, url: wss://altair.api.onfinality.io/public-ws]","tests","Sun Apr 19 09:21:43 UTC 2026","passed","Sun Apr 19 09:21:43 UTC 2026","","test_nodes_availability","",""
"","0","test_address_prefix[Test for Polkadot Bridge Hub]","tests","Sun Apr 19 09:20:25 UTC 2026","passed","Sun Apr 19 09:20:25 UTC 2026","TestNetworkPrefix","test_network_parameters","",""
"","0","test_precision[Test for Creditcoin]","tests","Sun Apr 19 09:21:42 UTC 2026","passed","Sun Apr 19 09:21:42 UTC 2026","TestPrecision","test_network_parameters","",""
"","0","test_precision[Test for Enjin Relay]","tests","Sun Apr 19 09:21:18 UTC 2026","passed","Sun Apr 19 09:21:18 UTC 2026","TestPrecision","test_network_parameters","",""
"","0","test_can_create_connection[Test for Laos, url: wss://rpc.laos.laosfoundation.io]","tests","Sun Apr 19 09:23:38 UTC 2026","passed","Sun Apr 19 09:23:38 UTC 2026","","test_nodes_availability","",""
"","1","test_chainId[Test for Kusama Coretime]","tests","Sun Apr 19 09:21:15 UTC 2026","passed","Sun Apr 19 09:21:15 UTC 2026","TestChainId","test_network_parameters","",""
"","54","test_rpc_node_is_synced[Test for Bittensor, url: wss://entrypoint-finney.opentensor.ai:443]","tests","Sun Apr 19 09:22:38 UTC 2026","passed","Sun Apr 19 09:22:38 UTC 2026","","test_substrate_node_is_synced","",""
"","2","test_rpc_node_is_synced[Test for Polkadot Bridge Hub, url: wss://sys.ibp.network/bridgehub-polkadot]","tests","Sun Apr 19 09:22:43 UTC 2026","passed","Sun Apr 19 09:22:43 UTC 2026","","test_substrate_node_is_synced","",""
"","223","test_rpc_node_is_synced[Test for Bifrost Polkadot, url: wss://bifrost-polkadot.ibp.network]","tests","Sun Apr 19 09:21:19 UTC 2026","passed","Sun Apr 19 09:21:19 UTC 2026","","test_substrate_node_is_synced","",""
"","74","test_rpc_node_is_synced[Test for Enjin Relay, url: wss://rpc.relay.blockchain.enjin.io]","tests","Sun Apr 19 09:23:10 UTC 2026","passed","Sun Apr 19 09:23:10 UTC 2026","","test_substrate_node_is_synced","",""
"","0","test_can_create_connection[Test for Encointer, url: wss://sys.ibp.network/encointer-kusama]","tests","Sun Apr 19 09:21:24 UTC 2026","passed","Sun Apr 19 09:21:24 UTC 2026","","test_nodes_availability","",""
"","0","test_precision[Test for Westend (TESTNET)]","tests","Sun Apr 19 09:19:36 UTC 2026","passed","Sun Apr 19 09:19:36 UTC 2026","TestPrecision","test_network_parameters","",""
"","44","test_rpc_node_is_synced[Test for Westend (TESTNET), url: wss://westend.public.curie.radiumblock.co/ws]","tests","Sun Apr 19 09:20:11 UTC 2026","passed","Sun Apr 19 09:20:11 UTC 2026","","test_substrate_node_is_synced","",""
"","152","test_rpc_node_is_synced[Test for Heima, url: wss://heima-rpc.n.dwellir.com]","tests","Sun Apr 19 09:21:57 UTC 2026","passed","Sun Apr 19 09:21:57 UTC 2026","","test_substrate_node_is_synced","",""
"","0","test_address_prefix[Test for Kusama People]","tests","Sun Apr 19 09:19:25 UTC 2026","passed","Sun Apr 19 09:19:25 UTC 2026","TestNetworkPrefix","test_network_parameters","",""
"","0","test_can_create_connection[Test for QUARTZ, url: wss://eu-ws-quartz.unique.network]","tests","Sun Apr 19 09:22:04 UTC 2026","broken","Sun Apr 19 09:22:04 UTC 2026","","test_nodes_availability","",""
"","0","test_precision[Test for Kusama Asset Hub]","tests","Sun Apr 19 09:19:41 UTC 2026","passed","Sun Apr 19 09:19:41 UTC 2026","TestPrecision","test_network_parameters","",""
"","0","test_chainId[Test for Aleph Zero]","tests","Sun Apr 19 09:21:02 UTC 2026","passed","Sun Apr 19 09:21:02 UTC 2026","TestChainId","test_network_parameters","",""
"","132","test_rpc_node_is_synced[Test for Cere, url: wss://rpc.mainnet.cere.network/ws]","tests","Sun Apr 19 09:24:19 UTC 2026","passed","Sun Apr 19 09:24:19 UTC 2026","","test_substrate_node_is_synced","",""
"","0","test_precision[Test for Frequency]","tests","Sun Apr 19 09:21:34 UTC 2026","passed","Sun Apr 19 09:21:34 UTC 2026","TestPrecision","test_network_parameters","",""
"","0","test_address_prefix[Test for Ajuna]","tests","Sun Apr 19 09:20:17 UTC 2026","passed","Sun Apr 19 09:20:17 UTC 2026","TestNetworkPrefix","test_network_parameters","",""
"","0","test_can_create_connection[Test for Moonbeam, url: wss://wss.api.moonbeam.network]","tests","Sun Apr 19 09:19:41 UTC 2026","passed","Sun Apr 19 09:19:41 UTC 2026","","test_nodes_availability","",""
"","45","test_rpc_node_is_synced[Test for Shiden, url: wss://shiden.public.curie.radiumblock.co/ws]","tests","Sun Apr 19 09:21:14 UTC 2026","passed","Sun Apr 19 09:21:15 UTC 2026","","test_substrate_node_is_synced","",""
"","59","test_rpc_node_is_synced[Test for Polkadot Bridge Hub, url: wss://bridge-hub-polkadot.dotters.network]","tests","Sun Apr 19 09:22:46 UTC 2026","passed","Sun Apr 19 09:22:46 UTC 2026","","test_substrate_node_is_synced","",""
"","1","test_can_create_connection[Test for Polkadot Relay, url: wss://rpc-polkadot-1.novasama-tech.org]","tests","Sun Apr 19 09:19:23 UTC 2026","passed","Sun Apr 19 09:19:23 UTC 2026","","test_nodes_availability","",""
"","0","test_address_prefix[Test for Crab]","tests","Sun Apr 19 09:20:30 UTC 2026","broken","Sun Apr 19 09:20:30 UTC 2026","TestNetworkPrefix","test_network_parameters","",""
"","0","test_chainId[Test for Centrifuge Parachain]","tests","Sun Apr 19 09:19:41 UTC 2026","passed","Sun Apr 19 09:19:41 UTC 2026","TestChainId","test_network_parameters","",""
"","0","test_address_prefix[Test for Polkadot Coretime]","tests","Sun Apr 19 09:21:26 UTC 2026","passed","Sun Apr 19 09:21:26 UTC 2026","TestNetworkPrefix","test_network_parameters","",""
"","0","test_precision[Test for Mythos]","tests","Sun Apr 19 09:21:19 UTC 2026","passed","Sun Apr 19 09:21:19 UTC 2026","TestPrecision","test_network_parameters","",""
"","1","test_can_create_connection[Test for Hyperbridge Nexus, url: wss://nexus.ibp.network]","tests","Sun Apr 19 09:23:20 UTC 2026","passed","Sun Apr 19 09:23:20 UTC 2026","","test_nodes_availability","",""
"","35","test_rpc_node_is_synced[Test for Ethereum, url: https://1rpc.io/eth]","tests","Sun Apr 19 09:19:28 UTC 2026","broken","Sun Apr 19 09:19:29 UTC 2026","TestETHNodesAvailability","test_eth_nodes_availability","",""
"","164","test_rpc_node_is_synced[Test for Crust Shadow, url: wss://rpc-shadow.crust.network/]","tests","Sun Apr 19 09:20:40 UTC 2026","passed","Sun Apr 19 09:20:40 UTC 2026","","test_substrate_node_is_synced","",""
"","0","test_precision[Test for Manta Atlantic]","tests","Sun Apr 19 09:20:56 UTC 2026","passed","Sun Apr 19 09:20:56 UTC 2026","TestPrecision","test_network_parameters","",""
"","60","test_rpc_node_is_synced[Test for Polkadot Relay, url: wss://polkadot.dotters.network]","tests","Sun Apr 19 09:19:36 UTC 2026","passed","Sun Apr 19 09:19:36 UTC 2026","","test_substrate_node_is_synced","",""
"","1","test_precision[Test for GIANT]","tests","Sun Apr 19 09:20:33 UTC 2026","passed","Sun Apr 19 09:20:33 UTC 2026","TestPrecision","test_network_parameters","",""
"","0","test_can_create_connection[Test for Kusama Relay, url: wss://rpc.ibp.network/kusama]","tests","Sun Apr 19 09:19:28 UTC 2026","passed","Sun Apr 19 09:19:28 UTC 2026","","test_nodes_availability","",""
"","0","test_chainId[Test for Crab]","tests","Sun Apr 19 09:20:19 UTC 2026","broken","Sun Apr 19 09:20:19 UTC 2026","TestChainId","test_network_parameters","",""
"","0","test_can_create_connection[Test for Mythos, url: wss://polkadot-mythos-rpc.polkadot.io]","tests","Sun Apr 19 09:23:13 UTC 2026","passed","Sun Apr 19 09:23:13 UTC 2026","","test_nodes_availability","",""
"","0","test_precision[Test for Polkadot Collectives]","tests","Sun Apr 19 09:20:42 UTC 2026","passed","Sun Apr 19 09:20:42 UTC 2026","TestPrecision","test_network_parameters","",""
"","0","test_can_create_connection[Test for Astar, url: wss://astar-rpc.n.dwellir.com]","tests","Sun Apr 19 09:20:30 UTC 2026","passed","Sun Apr 19 09:20:30 UTC 2026","","test_nodes_availability","",""
"","3","test_rpc_node_is_synced[Test for Encointer, url: wss://sys.ibp.network/encointer-kusama]","tests","Sun Apr 19 09:21:49 UTC 2026","passed","Sun Apr 19 09:21:49 UTC 2026","","test_substrate_node_is_synced","",""
"","167","test_rpc_node_is_synced[Test for Polkadex, url: wss://so.polkadex.ee]","tests","Sun Apr 19 09:21:54 UTC 2026","passed","Sun Apr 19 09:21:54 UTC 2026","","test_substrate_node_is_synced","",""
"","166","test_rpc_node_is_synced[Test for DAO IPCI, url: wss://ipci.rpc.robonomics.network]","tests","Sun Apr 19 09:22:39 UTC 2026","passed","Sun Apr 19 09:22:39 UTC 2026","","test_substrate_node_is_synced","",""
"","0","test_chainId[Test for Phala]","tests","Sun Apr 19 09:20:44 UTC 2026","broken","Sun Apr 19 09:20:44 UTC 2026","TestChainId","test_network_parameters","",""
"","1","test_precision[Test for Karura]","tests","Sun Apr 19 09:19:30 UTC 2026","passed","Sun Apr 19 09:19:30 UTC 2026","TestPrecision","test_network_parameters","",""
"","60","test_rpc_node_is_synced[Test for Encointer, url: wss://encointer-kusama.dotters.network]","tests","Sun Apr 19 09:21:52 UTC 2026","passed","Sun Apr 19 09:21:52 UTC 2026","","test_substrate_node_is_synced","",""
"","0","test_precision[Test for Crab]","tests","Sun Apr 19 09:21:32 UTC 2026","broken","Sun Apr 19 09:21:32 UTC 2026","TestPrecision","test_network_parameters","",""
"","379","test_rpc_node_is_synced[Test for Karura, url: wss://karura-rpc-1.aca-api.network]","tests","Sun Apr 19 09:19:24 UTC 2026","passed","Sun Apr 19 09:19:24 UTC 2026","","test_substrate_node_is_synced","",""
"","0","test_can_create_connection[Test for Encointer, url: wss://api.kusama.encointer.org]","tests","Sun Apr 19 09:20:16 UTC 2026","passed","Sun Apr 19 09:20:16 UTC 2026","","test_nodes_availability","",""
"","0","test_precision[Test for DENTNet]","tests","Sun Apr 19 09:21:38 UTC 2026","passed","Sun Apr 19 09:21:38 UTC 2026","TestPrecision","test_network_parameters","",""
"","0","test_can_create_connection[Test for Moonriver, url: wss://wss.api.moonriver.moonbeam.network]","tests","Sun Apr 19 09:20:15 UTC 2026","passed","Sun Apr 19 09:20:15 UTC 2026","","test_nodes_availability","",""
"","0","test_can_create_connection[Test for Bifrost Kusama, url: wss://us.bifrost-rpc.liebi.com/ws]","tests","Sun Apr 19 09:21:29 UTC 2026","passed","Sun Apr 19 09:21:29 UTC 2026","","test_nodes_availability","",""
"","0","test_can_create_connection[Test for CC Enterprise, url: wss://mainnet.creditcoin.network/ws]","tests","Sun Apr 19 09:23:27 UTC 2026","passed","Sun Apr 19 09:23:27 UTC 2026","","test_nodes_availability","",""
"","1","test_can_create_connection[Test for Polkadot People, url: wss://sys.ibp.network/people-polkadot]","tests","Sun Apr 19 09:19:29 UTC 2026","passed","Sun Apr 19 09:19:29 UTC 2026","","test_nodes_availability","",""
"","0","test_chainId[Test for Polkadot Coretime]","tests","Sun Apr 19 09:21:15 UTC 2026","passed","Sun Apr 19 09:21:15 UTC 2026","TestChainId","test_network_parameters","",""
"","2","test_rpc_node_is_synced[Test for Polkadot Collectives, url: wss://sys.ibp.network/collectives-polkadot]","tests","Sun Apr 19 09:22:59 UTC 2026","passed","Sun Apr 19 09:22:59 UTC 2026","","test_substrate_node_is_synced","",""
"","0","test_address_prefix[Test for Crust Shadow]","tests","Sun Apr 19 09:19:58 UTC 2026","passed","Sun Apr 19 09:19:58 UTC 2026","TestNetworkPrefix","test_network_parameters","",""
"","332","test_rpc_node_is_synced[Test for Shiden, url: wss://rpc.shiden.astar.network]","tests","Sun Apr 19 09:20:59 UTC 2026","passed","Sun Apr 19 09:20:59 UTC 2026","","test_substrate_node_is_synced","",""
"","0","test_rpc_node_is_synced[Test for Moonbeam, url: wss://moonbeam.dotters.network]","tests","Sun Apr 19 09:20:01 UTC 2026","broken","Sun Apr 19 09:20:01 UTC 2026","","test_substrate_node_is_synced","",""
"","0","test_address_prefix[Test for Acurast]","tests","Sun Apr 19 09:21:32 UTC 2026","passed","Sun Apr 19 09:21:32 UTC 2026","TestNetworkPrefix","test_network_parameters","",""
"","0","test_can_create_connection[Test for Polkadot Relay, url: wss://polkadot.public.curie.radiumblock.co/ws]","tests","Sun Apr 19 09:19:52 UTC 2026","passed","Sun Apr 19 09:19:52 UTC 2026","","test_nodes_availability","",""
"","54","test_rpc_node_is_synced[Test for Polkadot People, url: wss://people-polkadot.dotters.network]","tests","Sun Apr 19 09:19:32 UTC 2026","passed","Sun Apr 19 09:19:32 UTC 2026","","test_substrate_node_is_synced","",""
"","1","test_can_create_connection[Test for Zeitgeist, url: wss://zeitgeist.api.onfinality.io/public-ws]","tests","Sun Apr 19 09:20:25 UTC 2026","passed","Sun Apr 19 09:20:25 UTC 2026","","test_nodes_availability","",""
"","0","test_rpc_node_is_synced[Test for Moonriver, url: wss://moonriver.public.curie.radiumblock.co/ws]","tests","Sun Apr 19 09:20:37 UTC 2026","broken","Sun Apr 19 09:20:37 UTC 2026","","test_substrate_node_is_synced","",""
"","157","test_rpc_node_is_synced[Test for Tanssi, url: wss://services.tanssi-mainnet.network/tanssi]","tests","Sun Apr 19 09:24:16 UTC 2026","passed","Sun Apr 19 09:24:16 UTC 2026","","test_substrate_node_is_synced","",""
"","0","test_can_create_connection[Test for Crust Shadow, url: wss://rpc-shadow.crust.network/]","tests","Sun Apr 19 09:20:43 UTC 2026","passed","Sun Apr 19 09:20:43 UTC 2026","","test_nodes_availability","",""
"","0","test_can_create_connection[Test for Interlay, url: wss://rpc-interlay.luckyfriday.io/]","tests","Sun Apr 19 09:20:22 UTC 2026","passed","Sun Apr 19 09:20:22 UTC 2026","","test_nodes_availability","",""
"","0","test_address_prefix[Test for Karura]","tests","Sun Apr 19 09:19:28 UTC 2026","passed","Sun Apr 19 09:19:28 UTC 2026","TestNetworkPrefix","test_network_parameters","",""
"","0","test_can_create_connection[Test for Avail, url: wss://mainnet.avail-rpc.com/]","tests","Sun Apr 19 09:23:16 UTC 2026","passed","Sun Apr 19 09:23:16 UTC 2026","","test_nodes_availability","",""
"","0","test_can_create_connection[Test for Shiden, url: wss://shiden.public.curie.radiumblock.co/ws]","tests","Sun Apr 19 09:21:14 UTC 2026","passed","Sun Apr 19 09:21:14 UTC 2026","","test_nodes_availability","",""
"","0","test_can_create_connection[Test for Interlay, url: wss://api.interlay.io/parachain]","tests","Sun Apr 19 09:20:20 UTC 2026","passed","Sun Apr 19 09:20:20 UTC 2026","","test_nodes_availability","",""
"","239","test_rpc_node_is_synced[Test for Karura, url: wss://karura-rpc-2.aca-api.network/ws]","tests","Sun Apr 19 09:19:28 UTC 2026","passed","Sun Apr 19 09:19:29 UTC 2026","","test_substrate_node_is_synced","",""
"","0","test_precision[Test for CC Enterprise]","tests","Sun Apr 19 09:21:36 UTC 2026","passed","Sun Apr 19 09:21:36 UTC 2026","TestPrecision","test_network_parameters","",""
"","0","test_address_prefix[Test for Pendulum]","tests","Sun Apr 19 09:20:07 UTC 2026","passed","Sun Apr 19 09:20:07 UTC 2026","TestNetworkPrefix","test_network_parameters","",""
"","0","test_can_create_connection[Test for UNIQUE, url: wss://asia-ws.unique.network/]","tests","Sun Apr 19 09:22:13 UTC 2026","passed","Sun Apr 19 09:22:13 UTC 2026","","test_nodes_availability","",""
"","0","test_can_create_connection[Test for Moonbeam, url: wss://moonbeam.dotters.network]","tests","Sun Apr 19 09:19:59 UTC 2026","broken","Sun Apr 19 09:19:59 UTC 2026","","test_nodes_availability","",""
"","0","test_address_prefix[Test for Bifrost Polkadot]","tests","Sun Apr 19 09:19:57 UTC 2026","passed","Sun Apr 19 09:19:57 UTC 2026","TestNetworkPrefix","test_network_parameters","",""
"","165","test_rpc_node_is_synced[Test for Astar, url: wss://astar.public.curie.radiumblock.co/ws]","tests","Sun Apr 19 09:21:17 UTC 2026","passed","Sun Apr 19 09:21:17 UTC 2026","","test_substrate_node_is_synced","",""
"","71","test_rpc_node_is_synced[Test for Centrifuge Parachain, url: wss://rpc-centrifuge.luckyfriday.io]","tests","Sun Apr 19 09:20:50 UTC 2026","passed","Sun Apr 19 09:20:50 UTC 2026","","test_substrate_node_is_synced","",""
"","85","test_rpc_node_is_synced[Test for Polkadot Coretime, url: wss://rpc-coretime-polkadot.luckyfriday.io]","tests","Sun Apr 19 09:23:59 UTC 2026","passed","Sun Apr 19 09:23:59 UTC 2026","","test_substrate_node_is_synced","",""
"","265","test_rpc_node_is_synced[Test for Acala, url: wss://acala-rpc-1.aca-api.network]","tests","Sun Apr 19 09:22:24 UTC 2026","passed","Sun Apr 19 09:22:25 UTC 2026","","test_substrate_node_is_synced","",""
"","136","test_rpc_node_is_synced[Test for Aventus, url: wss://avn-parachain.mainnet.aventus.io]","tests","Sun Apr 19 09:22:23 UTC 2026","passed","Sun Apr 19 09:22:23 UTC 2026","","test_substrate_node_is_synced","",""
"","0","test_rpc_node_is_synced[Test for 3DPass, url: wss://rpc.p3d.top]","tests","Sun Apr 19 09:23:37 UTC 2026","broken","Sun Apr 19 09:23:37 UTC 2026","","test_substrate_node_is_synced","",""
"","0","test_address_prefix[Test for UNIQUE]","tests","Sun Apr 19 09:20:08 UTC 2026","passed","Sun Apr 19 09:20:08 UTC 2026","TestNetworkPrefix","test_network_parameters","",""
"","0","test_chainId[Test for Polkadot Relay]","tests","Sun Apr 19 09:19:22 UTC 2026","passed","Sun Apr 19 09:19:22 UTC 2026","TestChainId","test_network_parameters","",""
"","0","test_address_prefix[Test for DeepBrain]","tests","Sun Apr 19 09:21:27 UTC 2026","broken","Sun Apr 19 09:21:27 UTC 2026","TestNetworkPrefix","test_network_parameters","",""
"","233","test_rpc_node_is_synced[Test for Acala, url: wss://acala-rpc-3.aca-api.network/ws]","tests","Sun Apr 19 09:20:14 UTC 2026","passed","Sun Apr 19 09:20:14 UTC 2026","","test_substrate_node_is_synced","",""
"","0","test_can_create_connection[Test for Polkadot Relay, url: wss://polkadot.dotters.network]","tests","Sun Apr 19 09:19:38 UTC 2026","passed","Sun Apr 19 09:19:38 UTC 2026","","test_nodes_availability","",""
"","0","test_precision[Test for Bittensor]","tests","Sun Apr 19 09:20:13 UTC 2026","passed","Sun Apr 19 09:20:13 UTC 2026","TestPrecision","test_network_parameters","",""
"","0","test_chainId[Test for Laos]","tests","Sun Apr 19 09:21:11 UTC 2026","passed","Sun Apr 19 09:21:11 UTC 2026","TestChainId","test_network_parameters","",""
"","0","test_address_prefix[Test for XX network]","tests","Sun Apr 19 09:20:04 UTC 2026","passed","Sun Apr 19 09:20:04 UTC 2026","TestNetworkPrefix","test_network_parameters","",""
"","0","test_address_prefix[Test for Tangle]","tests","Sun Apr 19 09:21:43 UTC 2026","broken","Sun Apr 19 09:21:43 UTC 2026","TestNetworkPrefix","test_network_parameters","",""
"","206","test_rpc_node_is_synced[Test for Kusama Relay, url: wss://1rpc.io/ksm]","tests","Sun Apr 19 09:19:53 UTC 2026","passed","Sun Apr 19 09:19:54 UTC 2026","","test_substrate_node_is_synced","",""
"","0","test_address_prefix[Test for Phala]","tests","Sun Apr 19 09:20:47 UTC 2026","broken","Sun Apr 19 09:20:47 UTC 2026","TestNetworkPrefix","test_network_parameters","",""
"","3","test_rpc_node_is_synced[Test for Kusama Relay, url: wss://rpc.ibp.network/kusama]","tests","Sun Apr 19 09:19:31 UTC 2026","passed","Sun Apr 19 09:19:31 UTC 2026","","test_substrate_node_is_synced","",""
"","0","test_rpc_node_is_synced[Test for Phala, url: wss://phala-rpc.n.dwellir.com]","tests","Sun Apr 19 09:20:48 UTC 2026","broken","Sun Apr 19 09:20:48 UTC 2026","","test_substrate_node_is_synced","",""
"","0","test_chainId[Test for Darwinia]","tests","Sun Apr 19 09:20:08 UTC 2026","passed","Sun Apr 19 09:20:08 UTC 2026","TestChainId","test_network_parameters","",""
"","153","test_rpc_node_is_synced[Test for UNIQUE, url: wss://us-ws.unique.network/]","tests","Sun Apr 19 09:22:08 UTC 2026","passed","Sun Apr 19 09:22:08 UTC 2026","","test_substrate_node_is_synced","",""
"","1","test_precision[Test for Polkadot Relay]","tests","Sun Apr 19 09:19:25 UTC 2026","passed","Sun Apr 19 09:19:25 UTC 2026","TestPrecision","test_network_parameters","",""
"","1","test_can_create_connection[Test for Bittensor, url: wss://entrypoint-finney.opentensor.ai:443]","tests","Sun Apr 19 09:22:33 UTC 2026","passed","Sun Apr 19 09:22:33 UTC 2026","","test_nodes_availability","",""
"","161","test_rpc_node_is_synced[Test for Kusama Relay, url: wss://apps-kusama-rpc.polkadot.io]","tests","Sun Apr 19 09:19:42 UTC 2026","passed","Sun Apr 19 09:19:43 UTC 2026","","test_substrate_node_is_synced","",""
"","0","test_precision[Test for Laos]","tests","Sun Apr 19 09:21:55 UTC 2026","passed","Sun Apr 19 09:21:55 UTC 2026","TestPrecision","test_network_parameters","",""
"","0","test_precision[Test for Energy Web X]","tests","Sun Apr 19 09:21:12 UTC 2026","passed","Sun Apr 19 09:21:12 UTC 2026","TestPrecision","test_network_parameters","",""
"","0","test_can_create_connection[Test for Cere, url: wss://rpc.mainnet.cere.network/ws]","tests","Sun Apr 19 09:24:11 UTC 2026","passed","Sun Apr 19 09:24:11 UTC 2026","","test_nodes_availability","",""
"","0","test_can_create_connection[Test for Pendulum, url: wss://rpc-pendulum.prd.pendulumchain.tech]","tests","Sun Apr 19 09:22:11 UTC 2026","passed","Sun Apr 19 09:22:11 UTC 2026","","test_nodes_availability","",""
"","1","test_precision[Test for Avail]","tests","Sun Apr 19 09:21:33 UTC 2026","passed","Sun Apr 19 09:21:33 UTC 2026","TestPrecision","test_network_parameters","",""
"","150","test_rpc_node_is_synced[Test for Mythos, url: wss://polkadot-mythos-rpc.polkadot.io]","tests","Sun Apr 19 09:23:20 UTC 2026","passed","Sun Apr 19 09:23:20 UTC 2026","","test_substrate_node_is_synced","",""
"","152","test_rpc_node_is_synced[Test for Bifrost Kusama, url: wss://us.bifrost-rpc.liebi.com/ws]","tests","Sun Apr 19 09:21:28 UTC 2026","passed","Sun Apr 19 09:21:28 UTC 2026","","test_substrate_node_is_synced","",""
"","0","test_chainId[Test for Energy Web X]","tests","Sun Apr 19 09:20:31 UTC 2026","passed","Sun Apr 19 09:20:31 UTC 2026","TestChainId","test_network_parameters","",""
"","0","test_can_create_connection[Test for Bifrost Kusama, url: wss://bifrost-rpc.liebi.com/ws]","tests","Sun Apr 19 09:21:24 UTC 2026","passed","Sun Apr 19 09:21:24 UTC 2026","","test_nodes_availability","",""
"","1","test_address_prefix[Test for Avail]","tests","Sun Apr 19 09:21:07 UTC 2026","passed","Sun Apr 19 09:21:07 UTC 2026","TestNetworkPrefix","test_network_parameters","",""
"","0","test_can_create_connection[Test for Robonomics, url: wss://kusama.rpc.robonomics.network/]","tests","Sun Apr 19 09:21:23 UTC 2026","passed","Sun Apr 19 09:21:23 UTC 2026","","test_nodes_availability","",""
"","2","test_rpc_node_is_synced[Test for Kusama Asset Hub, url: wss://sys.ibp.network/statemine]","tests","Sun Apr 19 09:20:14 UTC 2026","passed","Sun Apr 19 09:20:14 UTC 2026","","test_substrate_node_is_synced","",""
"","151","test_rpc_node_is_synced[Test for NeuroWeb, url: wss://parachain-rpc.origin-trail.network]","tests","Sun Apr 19 09:22:10 UTC 2026","passed","Sun Apr 19 09:22:11 UTC 2026","","test_substrate_node_is_synced","",""
"","0","test_can_create_connection[Test for Enjin Relay, url: wss://rpc.relay.blockchain.enjin.io]","tests","Sun Apr 19 09:23:02 UTC 2026","passed","Sun Apr 19 09:23:02 UTC 2026","","test_nodes_availability","",""
"","0","test_can_create_connection[Test for Polkadot Bridge Hub, url: wss://bridge-hub-polkadot.dotters.network]","tests","Sun Apr 19 09:22:40 UTC 2026","passed","Sun Apr 19 09:22:40 UTC 2026","","test_nodes_availability","",""
"","0","test_precision[Test for Kusama Coretime]","tests","Sun Apr 19 09:21:54 UTC 2026","passed","Sun Apr 19 09:21:54 UTC 2026","TestPrecision","test_network_parameters","",""
"","0","test_chainId[Test for Kintsugi]","tests","Sun Apr 19 09:19:48 UTC 2026","passed","Sun Apr 19 09:19:48 UTC 2026","TestChainId","test_network_parameters","",""
"","152","test_rpc_node_is_synced[Test for Shiden, url: wss://shiden-rpc.n.dwellir.com]","tests","Sun Apr 19 09:21:05 UTC 2026","passed","Sun Apr 19 09:21:05 UTC 2026","","test_substrate_node_is_synced","",""
"","0","test_can_create_connection[Test for Phala, url: wss://phala.public.curie.radiumblock.co/ws]","tests","Sun Apr 19 09:21:44 UTC 2026","passed","Sun Apr 19 09:21:44 UTC 2026","","test_nodes_availability","",""
"","1","test_can_create_connection[Test for Kusama People, url: wss://ksm-rpc.stakeworld.io/people]","tests","Sun Apr 19 09:19:51 UTC 2026","passed","Sun Apr 19 09:19:51 UTC 2026","","test_nodes_availability","",""
"","60","test_rpc_node_is_synced[Test for Polkadot Coretime, url: wss://coretime-polkadot.dotters.network]","tests","Sun Apr 19 09:24:00 UTC 2026","passed","Sun Apr 19 09:24:00 UTC 2026","","test_substrate_node_is_synced","",""
"","1","test_address_prefix[Test for Hydration]","tests","Sun Apr 19 09:19:49 UTC 2026","passed","Sun Apr 19 09:19:49 UTC 2026","TestNetworkPrefix","test_network_parameters","",""
"","0","test_can_create_connection[Test for Acurast Canary, url: wss://public-rpc.canary.acurast.com]","tests","Sun Apr 19 09:23:07 UTC 2026","passed","Sun Apr 19 09:23:07 UTC 2026","","test_nodes_availability","",""
"","155","test_rpc_node_is_synced[Test for Acurast, url: wss://public-archive.mainnet.acurast.com]","tests","Sun Apr 19 09:24:16 UTC 2026","passed","Sun Apr 19 09:24:16 UTC 2026","","test_substrate_node_is_synced","",""
"","0","test_precision[Test for Aleph Zero]","tests","Sun Apr 19 09:21:47 UTC 2026","passed","Sun Apr 19 09:21:47 UTC 2026","TestPrecision","test_network_parameters","",""
"","1","test_address_prefix[Test for Manta Atlantic]","tests","Sun Apr 19 09:20:48 UTC 2026","passed","Sun Apr 19 09:20:48 UTC 2026","TestNetworkPrefix","test_network_parameters","",""
"","152","test_rpc_node_is_synced[Test for Kusama Bridge Hub, url: wss://ksm-rpc.stakeworld.io/bridgehub]","tests","Sun Apr 19 09:22:57 UTC 2026","passed","Sun Apr 19 09:22:57 UTC 2026","","test_substrate_node_is_synced","",""
"","1","test_can_create_connection[Test for Aventus, url: wss://avn-parachain.mainnet.aventus.io]","tests","Sun Apr 19 09:22:19 UTC 2026","passed","Sun Apr 19 09:22:19 UTC 2026","","test_nodes_availability","",""
"","0","test_can_create_connection[Test for QUARTZ, url: wss://quartz.unique.network]","tests","Sun Apr 19 09:21:53 UTC 2026","broken","Sun Apr 19 09:21:53 UTC 2026","","test_nodes_availability","",""
"","0","test_precision[Test for Nodle Parachain]","tests","Sun Apr 19 09:20:50 UTC 2026","broken","Sun Apr 19 09:20:50 UTC 2026","TestPrecision","test_network_parameters","",""
"","0","test_precision[Test for Interlay]","tests","Sun Apr 19 09:20:38 UTC 2026","passed","Sun Apr 19 09:20:38 UTC 2026","TestPrecision","test_network_parameters","",""
"","0","test_address_prefix[Test for Aleph Zero]","tests","Sun Apr 19 09:21:04 UTC 2026","passed","Sun Apr 19 09:21:04 UTC 2026","TestNetworkPrefix","test_network_parameters","",""
"","0","test_precision[Test for Tangle]","tests","Sun Apr 19 09:21:54 UTC 2026","broken","Sun Apr 19 09:21:54 UTC 2026","TestPrecision","test_network_parameters","",""
"","1","test_chainId[Test for Astar]","tests","Sun Apr 19 09:19:42 UTC 2026","passed","Sun Apr 19 09:19:42 UTC 2026","TestChainId","test_network_parameters","",""
"","1","test_chainId[Test for Joystream]","tests","Sun Apr 19 09:20:29 UTC 2026","passed","Sun Apr 19 09:20:29 UTC 2026","TestChainId","test_network_parameters","",""
"","0","test_can_create_connection[Test for Polkadot Relay, url: wss://dot-rpc.stakeworld.io]","tests","Sun Apr 19 09:19:48 UTC 2026","passed","Sun Apr 19 09:19:48 UTC 2026","","test_nodes_availability","",""
"","208","test_rpc_node_is_synced[Test for JAMTON, url: wss://rpc.jamton.network]","tests","Sun Apr 19 09:23:51 UTC 2026","passed","Sun Apr 19 09:23:51 UTC 2026","","test_substrate_node_is_synced","",""
"","54","test_rpc_node_is_synced[Test for Frequency, url: wss://0.rpc.frequency.xyz]","tests","Sun Apr 19 09:22:39 UTC 2026","passed","Sun Apr 19 09:22:39 UTC 2026","","test_substrate_node_is_synced","",""
"","1","test_can_create_connection[Test for Polkadot Collectives, url: wss://collectives.public.curie.radiumblock.co/ws]","tests","Sun Apr 19 09:22:49 UTC 2026","passed","Sun Apr 19 09:22:49 UTC 2026","","test_nodes_availability","",""
"","1","test_can_create_connection[Test for Polkadot Asset Hub, url: wss://sys.ibp.network/asset-hub-polkadot]","tests","Sun Apr 19 09:21:13 UTC 2026","passed","Sun Apr 19 09:21:13 UTC 2026","","test_nodes_availability","",""
"","32","test_rpc_node_is_synced[Test for Aleph Zero, url: wss://ws.azero.dev]","tests","Sun Apr 19 09:21:50 UTC 2026","passed","Sun Apr 19 09:21:50 UTC 2026","","test_substrate_node_is_synced","",""
"","0","test_can_create_connection[Test for Shiden, url: wss://shiden-rpc.n.dwellir.com]","tests","Sun Apr 19 09:21:02 UTC 2026","passed","Sun Apr 19 09:21:02 UTC 2026","","test_nodes_availability","",""
"","0","test_chainId[Test for Curio]","tests","Sun Apr 19 09:20:44 UTC 2026","broken","Sun Apr 19 09:20:44 UTC 2026","TestChainId","test_network_parameters","",""
"","0","test_can_create_connection[Test for Frequency, url: wss://1.rpc.frequency.xyz]","tests","Sun Apr 19 09:22:37 UTC 2026","passed","Sun Apr 19 09:22:37 UTC 2026","","test_nodes_availability","",""
"","152","test_rpc_node_is_synced[Test for Kusama Coretime, url: wss://kusama-coretime-rpc.polkadot.io]","tests","Sun Apr 19 09:24:10 UTC 2026","passed","Sun Apr 19 09:24:10 UTC 2026","","test_substrate_node_is_synced","",""
"","52","test_rpc_node_is_synced[Test for Frequency, url: wss://1.rpc.frequency.xyz]","tests","Sun Apr 19 09:22:41 UTC 2026","passed","Sun Apr 19 09:22:41 UTC 2026","","test_substrate_node_is_synced","",""
"","1","test_can_create_connection[Test for Bifrost Polkadot, url: wss://bifrost-polkadot.ibp.network]","tests","Sun Apr 19 09:21:22 UTC 2026","passed","Sun Apr 19 09:21:22 UTC 2026","","test_nodes_availability","",""
"","151","test_rpc_node_is_synced[Test for Basilisk, url: wss://basilisk-rpc.n.dwellir.com]","tests","Sun Apr 19 09:21:33 UTC 2026","passed","Sun Apr 19 09:21:33 UTC 2026","","test_substrate_node_is_synced","",""
"","0","test_can_create_connection[Test for Energy Web X, url: wss://public-rpc.mainnet.energywebx.com/]","tests","Sun Apr 19 09:23:01 UTC 2026","passed","Sun Apr 19 09:23:01 UTC 2026","","test_nodes_availability","",""
"","90","test_rpc_node_is_synced[Test for Polkadot Relay, url: wss://1rpc.io/dot]","tests","Sun Apr 19 09:19:58 UTC 2026","passed","Sun Apr 19 09:19:58 UTC 2026","","test_substrate_node_is_synced","",""
"","0","test_can_create_connection[Test for Ternoa, url: wss://mainnet.ternoa.network]","tests","Sun Apr 19 09:22:00 UTC 2026","passed","Sun Apr 19 09:22:00 UTC 2026","","test_nodes_availability","",""
"","1","test_precision[Test for Shiden]","tests","Sun Apr 19 09:19:50 UTC 2026","passed","Sun Apr 19 09:19:50 UTC 2026","TestPrecision","test_network_parameters","",""
"","70","test_rpc_node_is_synced[Test for Interlay, url: wss://rpc-interlay.luckyfriday.io/]","tests","Sun Apr 19 09:20:26 UTC 2026","passed","Sun Apr 19 09:20:26 UTC 2026","","test_substrate_node_is_synced","",""
"","0","test_chainId[Test for Pendulum]","tests","Sun Apr 19 09:20:04 UTC 2026","passed","Sun Apr 19 09:20:04 UTC 2026","TestChainId","test_network_parameters","",""
"","0","test_precision[Test for Amplitude]","tests","Sun Apr 19 09:20:13 UTC 2026","broken","Sun Apr 19 09:20:13 UTC 2026","TestPrecision","test_network_parameters","",""
"","0","test_address_prefix[Test for QUARTZ]","tests","Sun Apr 19 09:19:32 UTC 2026","broken","Sun Apr 19 09:19:32 UTC 2026","TestNetworkPrefix","test_network_parameters","",""
"","0","test_chainId[Test for GIANT]","tests","Sun Apr 19 09:20:18 UTC 2026","passed","Sun Apr 19 09:20:18 UTC 2026","TestChainId","test_network_parameters","",""
"","0","test_can_create_connection[Test for Polkadot Asset Hub, url: wss://asset-hub-polkadot.dotters.network]","tests","Sun Apr 19 09:21:18 UTC 2026","passed","Sun Apr 19 09:21:18 UTC 2026","","test_nodes_availability","",""
"","60","test_rpc_node_is_synced[Test for Kusama People, url: wss://people-kusama.dotters.network]","tests","Sun Apr 19 09:19:47 UTC 2026","passed","Sun Apr 19 09:19:47 UTC 2026","","test_substrate_node_is_synced","",""
"","0","test_can_create_connection[Test for Basilisk, url: wss://basilisk-rpc.n.dwellir.com]","tests","Sun Apr 19 09:21:35 UTC 2026","passed","Sun Apr 19 09:21:35 UTC 2026","","test_nodes_availability","",""
"","0","test_can_create_connection[Test for Polkadex, url: wss://polkadex.public.curie.radiumblock.co/ws]","tests","Sun Apr 19 09:22:02 UTC 2026","broken","Sun Apr 19 09:22:02 UTC 2026","","test_nodes_availability","",""
"","0","test_can_create_connection[Test for Crab, url: wss://crab-rpc.darwinia.network/]","tests","Sun Apr 19 09:22:34 UTC 2026","broken","Sun Apr 19 09:22:34 UTC 2026","","test_nodes_availability","",""
"","21","test_rpc_node_is_synced[Test for Avail, url: wss://mainnet.avail-rpc.com/]","tests","Sun Apr 19 09:23:24 UTC 2026","passed","Sun Apr 19 09:23:24 UTC 2026","","test_substrate_node_is_synced","",""
"","0","test_address_prefix[Test for Enjin Matrix]","tests","Sun Apr 19 09:20:38 UTC 2026","passed","Sun Apr 19 09:20:38 UTC 2026","TestNetworkPrefix","test_network_parameters","",""
"","0","test_chainId[Test for XX network]","tests","Sun Apr 19 09:20:01 UTC 2026","passed","Sun Apr 19 09:20:01 UTC 2026","TestChainId","test_network_parameters","",""
"","0","test_rpc_node_is_synced[Test for Crab, url: wss://crab-rpc.darwinia.network/]","tests","Sun Apr 19 09:22:36 UTC 2026","broken","Sun Apr 19 09:22:36 UTC 2026","","test_substrate_node_is_synced","",""
"","1","test_address_prefix[Test for NeuroWeb]","tests","Sun Apr 19 09:19:50 UTC 2026","passed","Sun Apr 19 09:19:50 UTC 2026","TestNetworkPrefix","test_network_parameters","",""
"","149","test_rpc_node_is_synced[Test for Kusama People, url: wss://kusama-people-rpc.polkadot.io]","tests","Sun Apr 19 09:19:43 UTC 2026","passed","Sun Apr 19 09:19:43 UTC 2026","","test_substrate_node_is_synced","",""
"","0","test_precision[Test for Aventus]","tests","Sun Apr 19 09:20:40 UTC 2026","passed","Sun Apr 19 09:20:40 UTC 2026","TestPrecision","test_network_parameters","",""
"","0","test_can_create_connection[Test for Basilisk, url: wss://rpc.basilisk.cloud]","tests","Sun Apr 19 09:21:39 UTC 2026","passed","Sun Apr 19 09:21:39 UTC 2026","","test_nodes_availability","",""
"","0","test_chainId[Test for Tangle]","tests","Sun Apr 19 09:21:24 UTC 2026","broken","Sun Apr 19 09:21:24 UTC 2026","TestChainId","test_network_parameters","",""
"","0","test_address_prefix[Test for JAMTON]","tests","Sun Apr 19 09:21:34 UTC 2026","passed","Sun Apr 19 09:21:34 UTC 2026","TestNetworkPrefix","test_network_parameters","",""
"","0","test_can_create_connection[Test for UNIQUE, url: wss://us-ws.unique.network/]","tests","Sun Apr 19 09:22:10 UTC 2026","passed","Sun Apr 19 09:22:10 UTC 2026","","test_nodes_availability","",""
"","60","test_rpc_node_is_synced[Test for Kusama Coretime, url: wss://coretime-kusama.dotters.network]","tests","Sun Apr 19 09:24:07 UTC 2026","passed","Sun Apr 19 09:24:07 UTC 2026","","test_substrate_node_is_synced","",""
"","0","test_can_create_connection[Test for Polkadot Collectives, url: wss://collectives-polkadot.dotters.network]","tests","Sun Apr 19 09:22:50 UTC 2026","passed","Sun Apr 19 09:22:50 UTC 2026","","test_nodes_availability","",""
"","0","test_rpc_node_is_synced[Test for Polkadex, url: wss://polkadex.public.curie.radiumblock.co/ws]","tests","Sun Apr 19 09:22:06 UTC 2026","broken","Sun Apr 19 09:22:06 UTC 2026","","test_substrate_node_is_synced","",""
"","57","test_rpc_node_is_synced[Test for Crust Polkadot Parachain, url: wss://crust-parachain.crustapps.net]","tests","Sun Apr 19 09:22:17 UTC 2026","passed","Sun Apr 19 09:22:17 UTC 2026","","test_substrate_node_is_synced","",""
"","0","test_precision[Test for Polkadot People]","tests","Sun Apr 19 09:19:24 UTC 2026","passed","Sun Apr 19 09:19:24 UTC 2026","TestPrecision","test_network_parameters","",""
"","0","test_address_prefix[Test for Kreivo]","tests","Sun Apr 19 09:21:10 UTC 2026","passed","Sun Apr 19 09:21:10 UTC 2026","TestNetworkPrefix","test_network_parameters","",""
"","1","test_address_prefix[Test for Interlay]","tests","Sun Apr 19 09:19:55 UTC 2026","passed","Sun Apr 19 09:19:55 UTC 2026","TestNetworkPrefix","test_network_parameters","",""
"","0","test_address_prefix[Test for Curio]","tests","Sun Apr 19 09:21:04 UTC 2026","broken","Sun Apr 19 09:21:04 UTC 2026","TestNetworkPrefix","test_network_parameters","",""
"","0","test_chainId[Test for Nodle Parachain]","tests","Sun Apr 19 09:20:03 UTC 2026","broken","Sun Apr 19 09:20:03 UTC 2026","TestChainId","test_network_parameters","",""
"","0","test_address_prefix[Test for Encointer]","tests","Sun Apr 19 09:19:43 UTC 2026","passed","Sun Apr 19 09:19:43 UTC 2026","TestNetworkPrefix","test_network_parameters","",""
"","0","test_can_create_connection[Test for Polkadot Relay, url: wss://1rpc.io/dot]","tests","Sun Apr 19 09:19:57 UTC 2026","passed","Sun Apr 19 09:19:57 UTC 2026","","test_nodes_availability","",""
"","80","test_rpc_node_is_synced[Test for Bittensor, url: wss://lite.sub.latent.to:443]","tests","Sun Apr 19 09:22:32 UTC 2026","passed","Sun Apr 19 09:22:33 UTC 2026","","test_substrate_node_is_synced","",""
"","0","test_chainId[Test for Mythos]","tests","Sun Apr 19 09:20:42 UTC 2026","passed","Sun Apr 19 09:20:42 UTC 2026","TestChainId","test_network_parameters","",""
"","161","test_rpc_node_is_synced[Test for Kusama Coretime, url: wss://ksm-rpc.stakeworld.io/coretime]","tests","Sun Apr 19 09:24:10 UTC 2026","passed","Sun Apr 19 09:24:10 UTC 2026","","test_substrate_node_is_synced","",""
"","153","test_rpc_node_is_synced[Test for Westend (TESTNET), url: wss://westend-rpc.polkadot.io]","tests","Sun Apr 19 09:20:05 UTC 2026","passed","Sun Apr 19 09:20:05 UTC 2026","","test_substrate_node_is_synced","",""
"","0","test_precision[Test for Zeitgeist]","tests","Sun Apr 19 09:19:55 UTC 2026","passed","Sun Apr 19 09:19:55 UTC 2026","TestPrecision","test_network_parameters","",""
"","77","test_rpc_node_is_synced[Test for Enjin Matrix, url: wss://rpc.matrix.blockchain.enjin.io]","tests","Sun Apr 19 09:22:59 UTC 2026","passed","Sun Apr 19 09:22:59 UTC 2026","","test_substrate_node_is_synced","",""
"","18","test_rpc_node_is_synced[Test for Creditcoin, url: wss://mainnet3.creditcoin.network]","tests","Sun Apr 19 09:23:41 UTC 2026","passed","Sun Apr 19 09:23:41 UTC 2026","","test_substrate_node_is_synced","",""
"","1","test_can_create_connection[Test for Kintsugi, url: wss://api-kusama.interlay.io/parachain]","tests","Sun Apr 19 09:20:20 UTC 2026","passed","Sun Apr 19 09:20:20 UTC 2026","","test_nodes_availability","",""
"","0","test_can_create_connection[Test for Centrifuge Parachain, url: wss://rpc-centrifuge.luckyfriday.io]","tests","Sun Apr 19 09:20:52 UTC 2026","passed","Sun Apr 19 09:20:52 UTC 2026","","test_nodes_availability","",""
"","1","test_address_prefix[Test for Moonriver]","tests","Sun Apr 19 09:19:21 UTC 2026","passed","Sun Apr 19 09:19:21 UTC 2026","TestNetworkPrefix","test_network_parameters","",""
"","0","test_chainId[Test for Crust Shadow]","tests","Sun Apr 19 09:19:57 UTC 2026","passed","Sun Apr 19 09:19:57 UTC 2026","TestChainId","test_network_parameters","",""
"","176","test_rpc_node_is_synced[Test for Bifrost Kusama, url: wss://bifrost-rpc.liebi.com/ws]","tests","Sun Apr 19 09:21:22 UTC 2026","passed","Sun Apr 19 09:21:22 UTC 2026","","test_substrate_node_is_synced","",""
"","0","test_can_create_connection[Test for Hyperbridge Nexus, url: wss://nexus.dotters.network]","tests","Sun Apr 19 09:23:31 UTC 2026","broken","Sun Apr 19 09:23:31 UTC 2026","","test_nodes_availability","",""
"","83","test_rpc_node_is_synced[Test for Moonbeam, url: wss://wss.api.moonbeam.network]","tests","Sun Apr 19 09:19:43 UTC 2026","passed","Sun Apr 19 09:19:43 UTC 2026","","test_substrate_node_is_synced","",""
"","0","test_chainId[Test for DAO IPCI]","tests","Sun Apr 19 09:20:05 UTC 2026","passed","Sun Apr 19 09:20:05 UTC 2026","TestChainId","test_network_parameters","",""
"","0","test_chainId[Test for Karura]","tests","Sun Apr 19 09:19:26 UTC 2026","passed","Sun Apr 19 09:19:26 UTC 2026","TestChainId","test_network_parameters","",""
"","148","test_rpc_node_is_synced[Test for Encointer, url: wss://api.kusama.encointer.org]","tests","Sun Apr 19 09:20:19 UTC 2026","passed","Sun Apr 19 09:20:19 UTC 2026","","test_substrate_node_is_synced","",""
"","0","test_can_create_connection[Test for Aleph Zero, url: wss://ws.azero.dev]","tests","Sun Apr 19 09:21:47 UTC 2026","passed","Sun Apr 19 09:21:47 UTC 2026","","test_nodes_availability","",""
"","0","test_address_prefix[Test for Frequency]","tests","Sun Apr 19 09:20:34 UTC 2026","passed","Sun Apr 19 09:20:34 UTC 2026","TestNetworkPrefix","test_network_parameters","",""
"","0","test_can_create_connection[Test for Shiden, url: wss://rpc.shiden.astar.network]","tests","Sun Apr 19 09:20:57 UTC 2026","passed","Sun Apr 19 09:20:57 UTC 2026","","test_nodes_availability","",""
"","128","test_rpc_node_work_fast[Test for Ethereum, url: https://ethereum-rpc.publicnode.com]","tests","Sun Apr 19 09:19:18 UTC 2026","passed","Sun Apr 19 09:19:18 UTC 2026","TestETHNodesAvailability","test_eth_nodes_availability","",""
"","0","test_can_create_connection[Test for Polkadot People, url: wss://people-polkadot.public.curie.radiumblock.co/ws]","tests","Sun Apr 19 09:19:38 UTC 2026","passed","Sun Apr 19 09:19:38 UTC 2026","","test_nodes_availability","",""
"","3","test_rpc_node_is_synced[Test for Kusama Bridge Hub, url: wss://sys.ibp.network/bridgehub-kusama]","tests","Sun Apr 19 09:22:54 UTC 2026","passed","Sun Apr 19 09:22:54 UTC 2026","","test_substrate_node_is_synced","",""
"","0","test_rpc_node_is_synced[Test for UNIQUE, url: wss://unique.dotters.network]","tests","Sun Apr 19 09:22:10 UTC 2026","broken","Sun Apr 19 09:22:10 UTC 2026","","test_substrate_node_is_synced","",""
"","0","test_can_create_connection[Test for Polkadot People, url: wss://polkadot-people-rpc.polkadot.io]","tests","Sun Apr 19 09:19:27 UTC 2026","passed","Sun Apr 19 09:19:27 UTC 2026","","test_nodes_availability","",""
"","0","test_address_prefix[Test for Shiden]","tests","Sun Apr 19 09:19:47 UTC 2026","passed","Sun Apr 19 09:19:47 UTC 2026","TestNetworkPrefix","test_network_parameters","",""
"","3","test_rpc_node_is_synced[Test for Polkadot Asset Hub, url: wss://sys.ibp.network/asset-hub-polkadot]","tests","Sun Apr 19 09:21:34 UTC 2026","passed","Sun Apr 19 09:21:34 UTC 2026","","test_substrate_node_is_synced","",""
"","0","test_rpc_node_is_synced[Test for Phala, url: wss://api.phala.network/ws]","tests","Sun Apr 19 09:21:29 UTC 2026","broken","Sun Apr 19 09:21:29 UTC 2026","","test_substrate_node_is_synced","",""
"","0","test_can_create_connection[Test for Acala, url: wss://acala-rpc.n.dwellir.com]","tests","Sun Apr 19 09:20:16 UTC 2026","passed","Sun Apr 19 09:20:16 UTC 2026","","test_nodes_availability","",""
"","0","test_can_create_connection[Test for DeepBrain, url: wss://info.dbcwallet.io]","tests","Sun Apr 19 09:23:42 UTC 2026","broken","Sun Apr 19 09:23:42 UTC 2026","","test_nodes_availability","",""
"","0","test_precision[Test for Tanssi]","tests","Sun Apr 19 09:21:55 UTC 2026","passed","Sun Apr 19 09:21:55 UTC 2026","TestPrecision","test_network_parameters","",""
"","0","test_precision[Test for Altair]","tests","Sun Apr 19 09:19:24 UTC 2026","passed","Sun Apr 19 09:19:24 UTC 2026","TestPrecision","test_network_parameters","",""
"","159","test_rpc_node_is_synced[Test for Kusama People, url: wss://ksm-rpc.stakeworld.io/people]","tests","Sun Apr 19 09:19:52 UTC 2026","passed","Sun Apr 19 09:19:52 UTC 2026","","test_substrate_node_is_synced","",""
"","0","test_address_prefix[Test for Kusama Asset Hub]","tests","Sun Apr 19 09:19:37 UTC 2026","passed","Sun Apr 19 09:19:37 UTC 2026","TestNetworkPrefix","test_network_parameters","",""
"","0","test_address_prefix[Test for Polkadot People]","tests","Sun Apr 19 09:19:21 UTC 2026","passed","Sun Apr 19 09:19:21 UTC 2026","TestNetworkPrefix","test_network_parameters","",""
"","0","test_can_create_connection[Test for Polkadot Asset Hub, url: wss://rpc-assethub.novasama-tech.org]","tests","Sun Apr 19 09:21:02 UTC 2026","passed","Sun Apr 19 09:21:02 UTC 2026","","test_nodes_availability","",""
