"DESCRIPTION","DURATION IN MS","NAME","PARENT SUITE","START TIME","STATUS","STOP TIME","SUB SUITE","SUITE","TEST CLASS","TEST METHOD"
"","104","test_rpc_node_is_synced[Test for Shiden, url: wss://shiden-rpc.dwellir.com]","tests","Mon Jul 28 09:10:43 GMT 2025","passed","Mon Jul 28 09:10:43 GMT 2025","","test_substrate_node_is_synced","",""
"","0","test_precision[Test for Polkadot Bridge Hub]","tests","Mon Jul 28 09:10:55 GMT 2025","passed","Mon Jul 28 09:10:55 GMT 2025","TestPrecision","test_network_parameters","",""
"","1","test_can_create_connection[Test for Hyperbridge Nexus, url: wss://nexus.dotters.network]","tests","Mon Jul 28 09:13:12 GMT 2025","passed","Mon Jul 28 09:13:12 GMT 2025","","test_nodes_availability","",""
"","0","test_can_create_connection[Test for Creditcoin, url: wss://mainnet3.creditcoin.network]","tests","Mon Jul 28 09:13:18 GMT 2025","passed","Mon Jul 28 09:13:18 GMT 2025","","test_nodes_availability","",""
"","0","test_can_create_connection[Test for Polkadot, url: wss://polkadot.dotters.network]","tests","Mon Jul 28 09:10:15 GMT 2025","passed","Mon Jul 28 09:10:15 GMT 2025","","test_nodes_availability","",""
"","0","test_precision[Test for Bifrost Polkadot]","tests","Mon Jul 28 09:10:27 GMT 2025","passed","Mon Jul 28 09:10:27 GMT 2025","TestPrecision","test_network_parameters","",""
"","72","test_rpc_method_is_available[Test for Polkadot People, url: wss://people-polkadot.public.curie.radiumblock.co/ws]","tests","Mon Jul 28 09:10:17 GMT 2025","passed","Mon Jul 28 09:10:17 GMT 2025","","test_rpc_methods_availability","",""
"","0","test_rpc_method_is_available[Test for Kusama Bridge Hub, url: wss://sys.ibp.network/bridgehub-kusama]","tests","Mon Jul 28 09:12:55 GMT 2025","broken","Mon Jul 28 09:12:55 GMT 2025","","test_rpc_methods_availability","",""
"","75","test_rpc_method_is_available[Test for Bifrost Polkadot, url: wss://hk.p.bifrost-rpc.liebi.com/ws]","tests","Mon Jul 28 09:11:58 GMT 2025","passed","Mon Jul 28 09:11:58 GMT 2025","","test_rpc_methods_availability","",""
"","0","test_chainId[Test for Shiden]","tests","Mon Jul 28 09:10:04 GMT 2025","passed","Mon Jul 28 09:10:04 GMT 2025","TestChainId","test_network_parameters","",""
"","44","test_rpc_node_is_synced[Test for Moonriver, url: wss://wss.api.moonriver.moonbeam.network]","tests","Mon Jul 28 09:10:38 GMT 2025","passed","Mon Jul 28 09:10:38 GMT 2025","","test_substrate_node_is_synced","",""
"","0","test_address_prefix[Test for Robonomics]","tests","Mon Jul 28 09:10:28 GMT 2025","passed","Mon Jul 28 09:10:28 GMT 2025","TestNetworkPrefix","test_network_parameters","",""
"","1","test_chainId[Test for Curio]","tests","Mon Jul 28 09:10:53 GMT 2025","passed","Mon Jul 28 09:10:53 GMT 2025","TestChainId","test_network_parameters","",""
"","0","test_can_create_connection[Test for Shiden, url: wss://shiden.public.curie.radiumblock.co/ws]","tests","Mon Jul 28 09:10:53 GMT 2025","passed","Mon Jul 28 09:10:53 GMT 2025","","test_nodes_availability","",""
"","25","test_rpc_node_is_synced[Test for Frequency, url: wss://1.rpc.frequency.xyz]","tests","Mon Jul 28 09:12:31 GMT 2025","passed","Mon Jul 28 09:12:31 GMT 2025","","test_substrate_node_is_synced","",""
"","10","test_rpc_node_is_synced[Test for Altair, url: wss://altair.api.onfinality.io/public-ws]","tests","Mon Jul 28 09:11:15 GMT 2025","passed","Mon Jul 28 09:11:15 GMT 2025","","test_substrate_node_is_synced","",""
"","108","test_rpc_method_is_available[Test for Kusama, url: wss://rpc-kusama-1.novasama-tech.org]","tests","Mon Jul 28 09:10:55 GMT 2025","passed","Mon Jul 28 09:10:55 GMT 2025","","test_rpc_methods_availability","",""
"","0","test_can_create_connection[Test for Kusama Asset Hub, url: wss://sys.ibp.network/statemine]","tests","Mon Jul 28 09:10:57 GMT 2025","passed","Mon Jul 28 09:10:57 GMT 2025","","test_nodes_availability","",""
"","120","test_rpc_method_is_available[Test for Phala, url: wss://phala.public.curie.radiumblock.co/ws]","tests","Mon Jul 28 09:11:26 GMT 2025","passed","Mon Jul 28 09:11:26 GMT 2025","","test_rpc_methods_availability","",""
"","0","test_can_create_connection[Test for Polimec, url: wss://rpc.polimec.org]","tests","Mon Jul 28 09:12:56 GMT 2025","passed","Mon Jul 28 09:12:56 GMT 2025","","test_nodes_availability","",""
"","0","test_can_create_connection[Test for Astar, url: wss://astar.public.curie.radiumblock.co/ws]","tests","Mon Jul 28 09:11:27 GMT 2025","passed","Mon Jul 28 09:11:27 GMT 2025","","test_nodes_availability","",""
"","0","test_chainId[Test for Moonriver]","tests","Mon Jul 28 09:10:00 GMT 2025","passed","Mon Jul 28 09:10:00 GMT 2025","TestChainId","test_network_parameters","",""
"","70","test_rpc_method_is_available[Test for Bifrost Kusama, url: wss://us.bifrost-rpc.liebi.com/ws]","tests","Mon Jul 28 09:11:22 GMT 2025","passed","Mon Jul 28 09:11:22 GMT 2025","","test_rpc_methods_availability","",""
"","0","test_can_create_connection[Test for Astar, url: wss://rpc.astar.network]","tests","Mon Jul 28 09:11:15 GMT 2025","passed","Mon Jul 28 09:11:15 GMT 2025","","test_nodes_availability","",""
"","0","test_address_prefix[Test for Polkadot Collectives]","tests","Mon Jul 28 09:11:02 GMT 2025","passed","Mon Jul 28 09:11:02 GMT 2025","TestNetworkPrefix","test_network_parameters","",""
"","7","test_has_new_assets[Test for Westend (TESTNET)]","tests","Mon Jul 28 09:10:15 GMT 2025","passed","Mon Jul 28 09:10:15 GMT 2025","TestAssets","test_check_new_assets","",""
"","5","test_has_new_assets[Test for Nodle Parachain]","tests","Mon Jul 28 09:10:28 GMT 2025","passed","Mon Jul 28 09:10:28 GMT 2025","TestAssets","test_check_new_assets","",""
"","73","test_rpc_node_is_synced[Test for Manta Atlantic, url: wss://ws.manta.systems]","tests","Mon Jul 28 09:12:53 GMT 2025","passed","Mon Jul 28 09:12:53 GMT 2025","","test_substrate_node_is_synced","",""
"","0","test_precision[Test for Polkadot Coretime]","tests","Mon Jul 28 09:11:33 GMT 2025","passed","Mon Jul 28 09:11:33 GMT 2025","TestPrecision","test_network_parameters","",""
"","78","test_rpc_method_is_available[Test for Amplitude, url: wss://rpc-amplitude.pendulumchain.tech]","tests","Mon Jul 28 09:12:43 GMT 2025","passed","Mon Jul 28 09:12:43 GMT 2025","","test_rpc_methods_availability","",""
"","90","test_has_new_assets[Test for Kusama People]","tests","Mon Jul 28 09:10:02 GMT 2025","passed","Mon Jul 28 09:10:03 GMT 2025","TestAssets","test_check_new_assets","",""
"","0","test_can_create_connection[Test for Interlay, url: wss://rpc-interlay.luckyfriday.io/]","tests","Mon Jul 28 09:11:04 GMT 2025","passed","Mon Jul 28 09:11:04 GMT 2025","","test_nodes_availability","",""
"","0","test_address_prefix[Test for Polimec]","tests","Mon Jul 28 09:11:10 GMT 2025","passed","Mon Jul 28 09:11:10 GMT 2025","TestNetworkPrefix","test_network_parameters","",""
"","0","test_address_prefix[Test for Kusama Bridge Hub]","tests","Mon Jul 28 09:11:02 GMT 2025","passed","Mon Jul 28 09:11:02 GMT 2025","TestNetworkPrefix","test_network_parameters","",""
"","0","test_address_prefix[Test for Basilisk]","tests","Mon Jul 28 09:10:23 GMT 2025","passed","Mon Jul 28 09:10:23 GMT 2025","TestNetworkPrefix","test_network_parameters","",""
"","0","test_can_create_connection[Test for Shiden, url: wss://shiden-rpc.dwellir.com]","tests","Mon Jul 28 09:10:42 GMT 2025","passed","Mon Jul 28 09:10:42 GMT 2025","","test_nodes_availability","",""
"","6","test_rpc_node_is_synced[Test for Moonbeam, url: wss://moonbeam.ibp.network]","tests","Mon Jul 28 09:10:23 GMT 2025","passed","Mon Jul 28 09:10:23 GMT 2025","","test_substrate_node_is_synced","",""
"","1","test_chainId[Test for Nodle Parachain]","tests","Mon Jul 28 09:10:16 GMT 2025","passed","Mon Jul 28 09:10:16 GMT 2025","TestChainId","test_network_parameters","",""
"","70","test_rpc_method_is_available[Test for Shiden, url: wss://shiden.public.curie.radiumblock.co/ws]","tests","Mon Jul 28 09:10:51 GMT 2025","passed","Mon Jul 28 09:10:51 GMT 2025","","test_rpc_methods_availability","",""
"","0","test_can_create_connection[Test for GIANT, url: wss://rpc-anchor-1-mainnet-az-ue1.giantprotocol.org:443]","tests","Mon Jul 28 09:12:27 GMT 2025","passed","Mon Jul 28 09:12:27 GMT 2025","","test_nodes_availability","",""
"","0","test_can_create_connection[Test for DeepBrain, url: wss://info.dbcwallet.io]","tests","Mon Jul 28 09:13:24 GMT 2025","passed","Mon Jul 28 09:13:24 GMT 2025","","test_nodes_availability","",""
"","0","test_precision[Test for Frequency]","tests","Mon Jul 28 09:10:51 GMT 2025","passed","Mon Jul 28 09:10:51 GMT 2025","TestPrecision","test_network_parameters","",""
"","87","test_rpc_node_is_synced[Test for CC Enterprise, url: wss://mainnet.creditcoin.network/ws]","tests","Mon Jul 28 09:13:15 GMT 2025","passed","Mon Jul 28 09:13:15 GMT 2025","","test_substrate_node_is_synced","",""
"","0","test_address_prefix[Test for Crust Shadow]","tests","Mon Jul 28 09:10:42 GMT 2025","passed","Mon Jul 28 09:10:42 GMT 2025","TestNetworkPrefix","test_network_parameters","",""
"","6","test_rpc_node_is_synced[Test for Polkadot Collectives, url: wss://sys.ibp.network/collectives-polkadot]","tests","Mon Jul 28 09:12:45 GMT 2025","passed","Mon Jul 28 09:12:45 GMT 2025","","test_substrate_node_is_synced","",""
"","0","test_address_prefix[Test for Kreivo]","tests","Mon Jul 28 09:11:18 GMT 2025","passed","Mon Jul 28 09:11:18 GMT 2025","TestNetworkPrefix","test_network_parameters","",""
"","196","test_rpc_method_is_available[Test for Kusama, url: wss://rpc.ibp.network/kusama]","tests","Mon Jul 28 09:10:04 GMT 2025","passed","Mon Jul 28 09:10:04 GMT 2025","","test_rpc_methods_availability","",""
"","0","test_precision[Test for Joystream]","tests","Mon Jul 28 09:11:06 GMT 2025","passed","Mon Jul 28 09:11:06 GMT 2025","TestPrecision","test_network_parameters","",""
"","0","test_can_create_connection[Test for Polkadot, url: wss://rpc-polkadot.luckyfriday.io]","tests","Mon Jul 28 09:10:50 GMT 2025","passed","Mon Jul 28 09:10:50 GMT 2025","","test_nodes_availability","",""
"","93","test_rpc_node_is_synced[Test for Polkadot, url: wss://apps-rpc.polkadot.io]","tests","Mon Jul 28 09:10:24 GMT 2025","passed","Mon Jul 28 09:10:24 GMT 2025","","test_substrate_node_is_synced","",""
"","8","test_rpc_node_is_synced[Test for Polkadot People, url: wss://rpc-people-polkadot.luckyfriday.io]","tests","Mon Jul 28 09:10:18 GMT 2025","passed","Mon Jul 28 09:10:18 GMT 2025","","test_substrate_node_is_synced","",""
"","102","test_rpc_method_is_available[Test for UNIQUE, url: wss://unique.dotters.network]","tests","Mon Jul 28 09:12:39 GMT 2025","passed","Mon Jul 28 09:12:39 GMT 2025","","test_rpc_methods_availability","",""
"","1","test_address_prefix[Test for NeuroWeb]","tests","Mon Jul 28 09:10:53 GMT 2025","passed","Mon Jul 28 09:10:53 GMT 2025","TestNetworkPrefix","test_network_parameters","",""
"","0","test_can_create_connection[Test for DENTNet, url: wss://rpc.dentnet.io/ws]","tests","Mon Jul 28 09:13:25 GMT 2025","passed","Mon Jul 28 09:13:25 GMT 2025","","test_nodes_availability","",""
"","7","test_rpc_node_is_synced[Test for Kusama Bridge Hub, url: wss://sys.ibp.network/bridgehub-kusama]","tests","Mon Jul 28 09:12:38 GMT 2025","passed","Mon Jul 28 09:12:38 GMT 2025","","test_substrate_node_is_synced","",""
"","7","test_rpc_node_is_synced[Test for KILT, url: wss://kilt.ibp.network]","tests","Mon Jul 28 09:11:17 GMT 2025","passed","Mon Jul 28 09:11:17 GMT 2025","","test_substrate_node_is_synced","",""
"","36","test_rpc_method_is_available[Test for Moonbeam, url: wss://moonbeam.ibp.network]","tests","Mon Jul 28 09:10:19 GMT 2025","passed","Mon Jul 28 09:10:19 GMT 2025","","test_rpc_methods_availability","",""
"","37","test_rpc_node_is_synced[Test for Phala, url: wss://phala.public.curie.radiumblock.co/ws]","tests","Mon Jul 28 09:12:00 GMT 2025","passed","Mon Jul 28 09:12:00 GMT 2025","","test_substrate_node_is_synced","",""
"","118","test_rpc_method_is_available[Test for Polkadot, url: wss://polkadot.public.curie.radiumblock.co/ws]","tests","Mon Jul 28 09:10:36 GMT 2025","passed","Mon Jul 28 09:10:36 GMT 2025","","test_rpc_methods_availability","",""
"","72","test_rpc_method_is_available[Test for Kusama, url: wss://kusama.public.curie.radiumblock.co/ws]","tests","Mon Jul 28 09:10:37 GMT 2025","passed","Mon Jul 28 09:10:37 GMT 2025","","test_rpc_methods_availability","",""
"","0","test_address_prefix[Test for Nodle Parachain]","tests","Mon Jul 28 09:10:38 GMT 2025","passed","Mon Jul 28 09:10:38 GMT 2025","TestNetworkPrefix","test_network_parameters","",""
"","0","test_can_create_connection[Test for Kusama Bridge Hub, url: wss://sys.ibp.network/bridgehub-kusama]","tests","Mon Jul 28 09:12:50 GMT 2025","broken","Mon Jul 28 09:12:50 GMT 2025","","test_nodes_availability","",""
"","448","test_rpc_node_is_synced[Test for Crab, url: wss://crab-rpc.darwinia.network/]","tests","Mon Jul 28 09:12:55 GMT 2025","passed","Mon Jul 28 09:12:55 GMT 2025","","test_substrate_node_is_synced","",""
"","0","test_precision[Test for Enjin Relay]","tests","Mon Jul 28 09:11:12 GMT 2025","passed","Mon Jul 28 09:11:12 GMT 2025","TestPrecision","test_network_parameters","",""
"","7","test_rpc_node_is_synced[Test for Polkadot People, url: wss://people-polkadot.dotters.network]","tests","Mon Jul 28 09:10:16 GMT 2025","passed","Mon Jul 28 09:10:16 GMT 2025","","test_substrate_node_is_synced","",""
"","103","test_rpc_method_is_available[Test for Curio, url: wss://parachain.curioinvest.com/]","tests","Mon Jul 28 09:13:11 GMT 2025","passed","Mon Jul 28 09:13:11 GMT 2025","","test_rpc_methods_availability","",""
"","1","test_chainId[Test for Polkadot Coretime]","tests","Mon Jul 28 09:11:08 GMT 2025","passed","Mon Jul 28 09:11:08 GMT 2025","TestChainId","test_network_parameters","",""
"","7","test_has_new_assets[Test for Avail]","tests","Mon Jul 28 09:11:11 GMT 2025","passed","Mon Jul 28 09:11:11 GMT 2025","TestAssets","test_check_new_assets","",""
"","124","test_rpc_method_is_available[Test for QUARTZ, url: wss://asia-ws-quartz.unique.network]","tests","Mon Jul 28 09:12:10 GMT 2025","passed","Mon Jul 28 09:12:10 GMT 2025","","test_rpc_methods_availability","",""
"","0","test_address_prefix[Test for Polkadot]","tests","Mon Jul 28 09:10:16 GMT 2025","passed","Mon Jul 28 09:10:16 GMT 2025","TestNetworkPrefix","test_network_parameters","",""
"","60","test_rpc_method_is_available[Test for Moonriver, url: wss://moonriver.public.curie.radiumblock.co/ws]","tests","Mon Jul 28 09:10:53 GMT 2025","passed","Mon Jul 28 09:10:53 GMT 2025","","test_rpc_methods_availability","",""
"","0","test_rpc_method_is_available[Test for Kusama, url: wss://1rpc.io/ksm]","tests","Mon Jul 28 09:10:34 GMT 2025","broken","Mon Jul 28 09:10:34 GMT 2025","","test_rpc_methods_availability","",""
"","9","test_has_new_assets[Test for Pendulum]","tests","Mon Jul 28 09:10:36 GMT 2025","passed","Mon Jul 28 09:10:36 GMT 2025","TestAssets","test_check_new_assets","",""
"","309","test_rpc_node_is_synced[Test for Acurast Canary, url: wss://public-rpc.canary.acurast.com]","tests","Mon Jul 28 09:13:11 GMT 2025","passed","Mon Jul 28 09:13:12 GMT 2025","","test_substrate_node_is_synced","",""
"","0","test_address_prefix[Test for Acurast Canary]","tests","Mon Jul 28 09:11:16 GMT 2025","passed","Mon Jul 28 09:11:16 GMT 2025","TestNetworkPrefix","test_network_parameters","",""
"","72","test_rpc_method_is_available[Test for Interlay, url: wss://rpc-interlay.luckyfriday.io/]","tests","Mon Jul 28 09:11:02 GMT 2025","passed","Mon Jul 28 09:11:02 GMT 2025","","test_rpc_methods_availability","",""
"","0","test_precision[Test for Tangle]","tests","Mon Jul 28 09:11:32 GMT 2025","passed","Mon Jul 28 09:11:32 GMT 2025","TestPrecision","test_network_parameters","",""
"","0","test_precision[Test for Astar]","tests","Mon Jul 28 09:10:09 GMT 2025","passed","Mon Jul 28 09:10:09 GMT 2025","TestPrecision","test_network_parameters","",""
"","1","test_address_prefix[Test for Centrifuge Parachain]","tests","Mon Jul 28 09:10:52 GMT 2025","passed","Mon Jul 28 09:10:52 GMT 2025","TestNetworkPrefix","test_network_parameters","",""
"","841","test_rpc_node_is_synced[Test for Ethereum, url: https://1rpc.io/eth]","tests","Mon Jul 28 09:09:51 GMT 2025","passed","Mon Jul 28 09:09:52 GMT 2025","TestETHNodesAvailability","test_eth_nodes_availability","",""
"","0","test_can_create_connection[Test for Polkadot Asset Hub, url: wss://asset-hub-polkadot-rpc.dwellir.com]","tests","Mon Jul 28 09:11:45 GMT 2025","passed","Mon Jul 28 09:11:45 GMT 2025","","test_nodes_availability","",""
"","1","test_chainId[Test for Polimec]","tests","Mon Jul 28 09:10:52 GMT 2025","passed","Mon Jul 28 09:10:52 GMT 2025","TestChainId","test_network_parameters","",""
"","118","test_rpc_method_is_available[Test for KILT, url: wss://kilt.dotters.network]","tests","Mon Jul 28 09:11:45 GMT 2025","passed","Mon Jul 28 09:11:46 GMT 2025","","test_rpc_methods_availability","",""
"","0","test_can_create_connection[Test for Kintsugi, url: wss://api-kusama.interlay.io/parachain]","tests","Mon Jul 28 09:12:16 GMT 2025","passed","Mon Jul 28 09:12:16 GMT 2025","","test_nodes_availability","",""
"","0","test_can_create_connection[Test for QUARTZ, url: wss://us-ws-quartz.unique.network]","tests","Mon Jul 28 09:11:47 GMT 2025","passed","Mon Jul 28 09:11:47 GMT 2025","","test_nodes_availability","",""
"","10","test_has_new_assets[Test for Moonbeam]","tests","Mon Jul 28 09:10:08 GMT 2025","passed","Mon Jul 28 09:10:08 GMT 2025","TestAssets","test_check_new_assets","",""
"","1","test_can_create_connection[Test for Westend (TESTNET), url: wss://westend-rpc.polkadot.io]","tests","Mon Jul 28 09:10:48 GMT 2025","passed","Mon Jul 28 09:10:48 GMT 2025","","test_nodes_availability","",""
"","0","test_address_prefix[Test for Humanode]","tests","Mon Jul 28 09:11:26 GMT 2025","passed","Mon Jul 28 09:11:26 GMT 2025","TestNetworkPrefix","test_network_parameters","",""
"","10","test_has_new_assets[Test for QUARTZ]","tests","Mon Jul 28 09:10:20 GMT 2025","passed","Mon Jul 28 09:10:20 GMT 2025","TestAssets","test_check_new_assets","",""
"","0","test_can_create_connection[Test for UNIQUE, url: wss://eu-ws.unique.network/]","tests","Mon Jul 28 09:12:24 GMT 2025","passed","Mon Jul 28 09:12:24 GMT 2025","","test_nodes_availability","",""
"","74","test_rpc_method_is_available[Test for Energy Web X, url: wss://public-rpc.mainnet.energywebx.com/]","tests","Mon Jul 28 09:12:52 GMT 2025","passed","Mon Jul 28 09:12:52 GMT 2025","","test_rpc_methods_availability","",""
"","103","test_rpc_node_is_synced[Test for Avail, url: wss://mainnet-rpc.avail.so/ws]","tests","Mon Jul 28 09:13:14 GMT 2025","passed","Mon Jul 28 09:13:14 GMT 2025","","test_substrate_node_is_synced","",""
"","115","test_rpc_method_is_available[Test for Bittensor, url: wss://entrypoint-finney.opentensor.ai:443]","tests","Mon Jul 28 09:12:41 GMT 2025","passed","Mon Jul 28 09:12:41 GMT 2025","","test_rpc_methods_availability","",""
"","6","test_rpc_node_is_synced[Test for Polkadot, url: wss://rpc.ibp.network/polkadot]","tests","Mon Jul 28 09:10:17 GMT 2025","passed","Mon Jul 28 09:10:17 GMT 2025","","test_substrate_node_is_synced","",""
"","35","test_rpc_method_is_available[Test for Kusama Coretime, url: wss://sys.ibp.network/coretime-kusama]","tests","Mon Jul 28 09:13:42 GMT 2025","passed","Mon Jul 28 09:13:42 GMT 2025","","test_rpc_methods_availability","",""
"","0","test_address_prefix[Test for Crust Polkadot Parachain]","tests","Mon Jul 28 09:10:50 GMT 2025","passed","Mon Jul 28 09:10:50 GMT 2025","TestNetworkPrefix","test_network_parameters","",""
"","167","test_rpc_method_is_available[Test for Kusama Asset Hub, url: wss://asset-hub-kusama-rpc.dwellir.com]","tests","Mon Jul 28 09:10:05 GMT 2025","passed","Mon Jul 28 09:10:05 GMT 2025","","test_rpc_methods_availability","",""
"","6","test_has_new_assets[Test for Enjin Relay]","tests","Mon Jul 28 09:11:03 GMT 2025","passed","Mon Jul 28 09:11:03 GMT 2025","TestAssets","test_check_new_assets","",""
"","0","test_can_create_connection[Test for Mythos, url: wss://mythos.ibp.network]","tests","Mon Jul 28 09:13:08 GMT 2025","passed","Mon Jul 28 09:13:08 GMT 2025","","test_nodes_availability","",""
"","0","test_chainId[Test for Encointer]","tests","Mon Jul 28 09:10:08 GMT 2025","passed","Mon Jul 28 09:10:08 GMT 2025","TestChainId","test_network_parameters","",""
"","0","test_can_create_connection[Test for Interlay, url: wss://api.interlay.io/parachain]","tests","Mon Jul 28 09:12:01 GMT 2025","passed","Mon Jul 28 09:12:01 GMT 2025","","test_nodes_availability","",""
"","0","test_can_create_connection[Test for GIANT, url: wss://rpc-anchor-2-mainnet-az-ue1.giantprotocol.org:443]","tests","Mon Jul 28 09:12:29 GMT 2025","passed","Mon Jul 28 09:12:29 GMT 2025","","test_nodes_availability","",""
"","254","test_rpc_node_is_synced[Test for Darwinia, url: wss://rpc.darwinia.network]","tests","Mon Jul 28 09:12:47 GMT 2025","passed","Mon Jul 28 09:12:48 GMT 2025","","test_substrate_node_is_synced","",""
"","0","test_can_create_connection[Test for Polkadot, url: wss://polkadot-rpc.dwellir.com]","tests","Mon Jul 28 09:10:26 GMT 2025","passed","Mon Jul 28 09:10:26 GMT 2025","","test_nodes_availability","",""
"","106","test_rpc_node_is_synced[Test for Curio, url: wss://parachain.curioinvest.com/]","tests","Mon Jul 28 09:13:07 GMT 2025","passed","Mon Jul 28 09:13:07 GMT 2025","","test_substrate_node_is_synced","",""
"","10","test_has_new_assets[Test for UNIQUE]","tests","Mon Jul 28 09:10:31 GMT 2025","passed","Mon Jul 28 09:10:31 GMT 2025","TestAssets","test_check_new_assets","",""
"","72","test_rpc_method_is_available[Test for UNIQUE, url: wss://us-ws.unique.network/]","tests","Mon Jul 28 09:12:24 GMT 2025","passed","Mon Jul 28 09:12:24 GMT 2025","","test_rpc_methods_availability","",""
"","103","test_rpc_node_is_synced[Test for Basilisk, url: wss://basilisk-rpc.dwellir.com]","tests","Mon Jul 28 09:11:12 GMT 2025","passed","Mon Jul 28 09:11:12 GMT 2025","","test_substrate_node_is_synced","",""
"","0","test_precision[Test for Avail]","tests","Mon Jul 28 09:11:20 GMT 2025","passed","Mon Jul 28 09:11:20 GMT 2025","TestPrecision","test_network_parameters","",""
"","7","test_has_new_assets[Test for Crust Shadow]","tests","Mon Jul 28 09:10:27 GMT 2025","passed","Mon Jul 28 09:10:27 GMT 2025","TestAssets","test_check_new_assets","",""
"","0","test_can_create_connection[Test for Phala, url: wss://api.phala.network/ws]","tests","Mon Jul 28 09:11:27 GMT 2025","passed","Mon Jul 28 09:11:27 GMT 2025","","test_nodes_availability","",""
"","70","test_rpc_method_is_available[Test for Crust Shadow, url: wss://rpc-sha-subscan.crustnetwork.xyz]","tests","Mon Jul 28 09:11:08 GMT 2025","passed","Mon Jul 28 09:11:08 GMT 2025","","test_rpc_methods_availability","",""
"","39","test_rpc_node_is_synced[Test for Vara, url: wss://rpc.vara-network.io]","tests","Mon Jul 28 09:12:34 GMT 2025","passed","Mon Jul 28 09:12:34 GMT 2025","","test_substrate_node_is_synced","",""
"","1","test_address_prefix[Test for Laos]","tests","Mon Jul 28 09:11:30 GMT 2025","passed","Mon Jul 28 09:11:30 GMT 2025","TestNetworkPrefix","test_network_parameters","",""
"","1","test_precision[Test for Hyperbridge Nexus]","tests","Mon Jul 28 09:11:18 GMT 2025","passed","Mon Jul 28 09:11:18 GMT 2025","TestPrecision","test_network_parameters","",""
"","0","test_precision[Test for Kusama]","tests","Mon Jul 28 09:10:12 GMT 2025","passed","Mon Jul 28 09:10:12 GMT 2025","TestPrecision","test_network_parameters","",""
"","1","test_can_create_connection[Test for Ajuna, url: wss://ajuna.ibp.network]","tests","Mon Jul 28 09:12:11 GMT 2025","passed","Mon Jul 28 09:12:11 GMT 2025","","test_nodes_availability","",""
"","0","test_can_create_connection[Test for Polkadot, url: wss://apps-rpc.polkadot.io]","tests","Mon Jul 28 09:10:21 GMT 2025","passed","Mon Jul 28 09:10:21 GMT 2025","","test_nodes_availability","",""
"","104","test_rpc_node_is_synced[Test for Polkadot Bridge Hub, url: wss://dot-rpc.stakeworld.io/bridgehub]","tests","Mon Jul 28 09:12:35 GMT 2025","passed","Mon Jul 28 09:12:35 GMT 2025","","test_substrate_node_is_synced","",""
"","6","test_has_new_assets[Test for Polkadot Asset Hub]","tests","Mon Jul 28 09:10:13 GMT 2025","passed","Mon Jul 28 09:10:13 GMT 2025","TestAssets","test_check_new_assets","",""
"","239","test_rpc_node_is_synced[Test for Crust Shadow, url: wss://rpc-shadow.crust.network/]","tests","Mon Jul 28 09:11:53 GMT 2025","passed","Mon Jul 28 09:11:53 GMT 2025","","test_substrate_node_is_synced","",""
"","6","test_rpc_node_is_synced[Test for Bifrost Polkadot, url: wss://bifrost-polkadot.dotters.network]","tests","Mon Jul 28 09:12:26 GMT 2025","passed","Mon Jul 28 09:12:26 GMT 2025","","test_substrate_node_is_synced","",""
"","32","test_has_new_assets[Test for Interlay]","tests","Mon Jul 28 09:10:23 GMT 2025","passed","Mon Jul 28 09:10:23 GMT 2025","TestAssets","test_check_new_assets","",""
"","1","test_address_prefix[Test for Kusama Asset Hub]","tests","Mon Jul 28 09:10:28 GMT 2025","passed","Mon Jul 28 09:10:28 GMT 2025","TestNetworkPrefix","test_network_parameters","",""
"","0","test_chainId[Test for Joystream]","tests","Mon Jul 28 09:10:49 GMT 2025","passed","Mon Jul 28 09:10:49 GMT 2025","TestChainId","test_network_parameters","",""
"","7","test_rpc_node_is_synced[Test for Kusama Bridge Hub, url: wss://bridge-hub-kusama.dotters.network]","tests","Mon Jul 28 09:12:40 GMT 2025","passed","Mon Jul 28 09:12:40 GMT 2025","","test_substrate_node_is_synced","",""
"","122","test_rpc_method_is_available[Test for Polkadex, url: wss://polkadex.public.curie.radiumblock.co/ws]","tests","Mon Jul 28 09:11:34 GMT 2025","passed","Mon Jul 28 09:11:35 GMT 2025","","test_rpc_methods_availability","",""
"","9","test_has_new_assets[Test for Ternoa]","tests","Mon Jul 28 09:10:38 GMT 2025","passed","Mon Jul 28 09:10:38 GMT 2025","TestAssets","test_check_new_assets","",""
"","0","test_can_create_connection[Test for Moonbeam, url: wss://moonbeam.dotters.network]","tests","Mon Jul 28 09:10:23 GMT 2025","passed","Mon Jul 28 09:10:23 GMT 2025","","test_nodes_availability","",""
"","7","test_rpc_node_is_synced[Test for Polkadot Coretime, url: wss://rpc-coretime-polkadot.luckyfriday.io]","tests","Mon Jul 28 09:13:30 GMT 2025","passed","Mon Jul 28 09:13:30 GMT 2025","","test_substrate_node_is_synced","",""
"","9","test_has_new_assets[Test for Polymesh]","tests","Mon Jul 28 09:10:25 GMT 2025","passed","Mon Jul 28 09:10:25 GMT 2025","TestAssets","test_check_new_assets","",""
"","70","test_rpc_method_is_available[Test for Kusama Coretime, url: wss://ksm-rpc.stakeworld.io/coretime]","tests","Mon Jul 28 09:13:50 GMT 2025","passed","Mon Jul 28 09:13:50 GMT 2025","","test_rpc_methods_availability","",""
"","48","test_rpc_method_is_available[Test for Acurast Canary, url: wss://public-rpc.canary.acurast.com]","tests","Mon Jul 28 09:13:18 GMT 2025","passed","Mon Jul 28 09:13:18 GMT 2025","","test_rpc_methods_availability","",""
"","106","test_rpc_method_is_available[Test for Humanode, url: wss://explorer-rpc-ws.mainnet.stages.humanode.io]","tests","Mon Jul 28 09:13:30 GMT 2025","passed","Mon Jul 28 09:13:30 GMT 2025","","test_rpc_methods_availability","",""
"","74","test_rpc_method_is_available[Test for Zeitgeist, url: wss://zeitgeist.api.onfinality.io/public-ws]","tests","Mon Jul 28 09:11:04 GMT 2025","passed","Mon Jul 28 09:11:04 GMT 2025","","test_rpc_methods_availability","",""
"","0","test_can_create_connection[Test for Kusama People, url: wss://ksm-rpc.stakeworld.io/people]","tests","Mon Jul 28 09:10:26 GMT 2025","passed","Mon Jul 28 09:10:26 GMT 2025","","test_nodes_availability","",""
"","108","test_rpc_method_is_available[Test for Bifrost Polkadot, url: wss://bifrost-polkadot.dotters.network]","tests","Mon Jul 28 09:11:50 GMT 2025","passed","Mon Jul 28 09:11:50 GMT 2025","","test_rpc_methods_availability","",""
"","103","test_rpc_node_is_synced[Test for NeuroWeb, url: wss://parachain-rpc.origin-trail.network]","tests","Mon Jul 28 09:12:18 GMT 2025","passed","Mon Jul 28 09:12:18 GMT 2025","","test_substrate_node_is_synced","",""
"","0","test_chainId[Test for Creditcoin]","tests","Mon Jul 28 09:11:01 GMT 2025","passed","Mon Jul 28 09:11:01 GMT 2025","TestChainId","test_network_parameters","",""
"","71","test_rpc_method_is_available[Test for XX network, url: wss://rpc-hetzner.xx.network]","tests","Mon Jul 28 09:12:26 GMT 2025","passed","Mon Jul 28 09:12:27 GMT 2025","","test_rpc_methods_availability","",""
"","0","test_can_create_connection[Test for Ajuna, url: wss://rpc-para.ajuna.network]","tests","Mon Jul 28 09:12:08 GMT 2025","passed","Mon Jul 28 09:12:08 GMT 2025","","test_nodes_availability","",""
"","0","test_precision[Test for Darwinia]","tests","Mon Jul 28 09:10:59 GMT 2025","passed","Mon Jul 28 09:10:59 GMT 2025","TestPrecision","test_network_parameters","",""
"","0","test_precision[Test for Polkadot]","tests","Mon Jul 28 09:10:06 GMT 2025","passed","Mon Jul 28 09:10:06 GMT 2025","TestPrecision","test_network_parameters","",""
"","117","test_rpc_node_is_synced[Test for Kusama, url: wss://rpc-kusama-2.novasama-tech.org]","tests","Mon Jul 28 09:10:57 GMT 2025","passed","Mon Jul 28 09:10:57 GMT 2025","","test_substrate_node_is_synced","",""
"","1","test_can_create_connection[Test for UNIQUE, url: wss://unique.ibp.network]","tests","Mon Jul 28 09:12:38 GMT 2025","passed","Mon Jul 28 09:12:38 GMT 2025","","test_nodes_availability","",""
"","0","test_can_create_connection[Test for Centrifuge Parachain, url: wss://rpc-centrifuge.luckyfriday.io]","tests","Mon Jul 28 09:11:30 GMT 2025","passed","Mon Jul 28 09:11:30 GMT 2025","","test_nodes_availability","",""
"","0","test_chainId[Test for Heima]","tests","Mon Jul 28 09:10:17 GMT 2025","passed","Mon Jul 28 09:10:17 GMT 2025","TestChainId","test_network_parameters","",""
"","0","test_precision[Test for Zeitgeist]","tests","Mon Jul 28 09:10:31 GMT 2025","passed","Mon Jul 28 09:10:31 GMT 2025","TestPrecision","test_network_parameters","",""
"","36","test_rpc_method_is_available[Test for Encointer, url: wss://encointer-kusama.dotters.network]","tests","Mon Jul 28 09:12:06 GMT 2025","passed","Mon Jul 28 09:12:06 GMT 2025","","test_rpc_methods_availability","",""
"","6","test_has_new_assets[Test for Polkadex]","tests","Mon Jul 28 09:10:40 GMT 2025","passed","Mon Jul 28 09:10:40 GMT 2025","TestAssets","test_check_new_assets","",""
"","0","test_precision[Test for Polkadex]","tests","Mon Jul 28 09:10:42 GMT 2025","passed","Mon Jul 28 09:10:42 GMT 2025","TestPrecision","test_network_parameters","",""
"","5","test_has_new_assets[Test for Polkadot Bridge Hub]","tests","Mon Jul 28 09:10:47 GMT 2025","passed","Mon Jul 28 09:10:47 GMT 2025","TestAssets","test_check_new_assets","",""
"","32","test_rpc_node_is_synced[Test for Amplitude, url: wss://rpc-amplitude.pendulumchain.tech]","tests","Mon Jul 28 09:12:40 GMT 2025","passed","Mon Jul 28 09:12:40 GMT 2025","","test_substrate_node_is_synced","",""
"","9","test_has_new_assets[Test for Laos]","tests","Mon Jul 28 09:11:17 GMT 2025","passed","Mon Jul 28 09:11:17 GMT 2025","TestAssets","test_check_new_assets","",""
"","0","test_address_prefix[Test for Manta Atlantic]","tests","Mon Jul 28 09:11:11 GMT 2025","passed","Mon Jul 28 09:11:11 GMT 2025","TestNetworkPrefix","test_network_parameters","",""
"","0","test_precision[Test for DeepBrain]","tests","Mon Jul 28 09:11:26 GMT 2025","passed","Mon Jul 28 09:11:26 GMT 2025","TestPrecision","test_network_parameters","",""
"","0","test_can_create_connection[Test for Kusama Coretime, url: wss://rpc-coretime-kusama.luckyfriday.io]","tests","Mon Jul 28 09:13:41 GMT 2025","passed","Mon Jul 28 09:13:41 GMT 2025","","test_nodes_availability","",""
"","8","test_has_new_assets[Test for Manta Atlantic]","tests","Mon Jul 28 09:11:05 GMT 2025","passed","Mon Jul 28 09:11:05 GMT 2025","TestAssets","test_check_new_assets","",""
"","119","test_rpc_node_is_synced[Test for Avail, url: wss://avail.rpc.bountyblok.io]","tests","Mon Jul 28 09:13:16 GMT 2025","passed","Mon Jul 28 09:13:16 GMT 2025","","test_substrate_node_is_synced","",""
"","7","test_has_new_assets[Test for Kusama Bridge Hub]","tests","Mon Jul 28 09:10:49 GMT 2025","passed","Mon Jul 28 09:10:49 GMT 2025","TestAssets","test_check_new_assets","",""
"","0","test_chainId[Test for QUARTZ]","tests","Mon Jul 28 09:10:13 GMT 2025","passed","Mon Jul 28 09:10:13 GMT 2025","TestChainId","test_network_parameters","",""
"","0","test_address_prefix[Test for Shiden]","tests","Mon Jul 28 09:10:29 GMT 2025","passed","Mon Jul 28 09:10:29 GMT 2025","TestNetworkPrefix","test_network_parameters","",""
"","1","test_precision[Test for Encointer]","tests","Mon Jul 28 09:10:19 GMT 2025","passed","Mon Jul 28 09:10:19 GMT 2025","TestPrecision","test_network_parameters","",""
"","0","test_precision[Test for Aventus]","tests","Mon Jul 28 09:10:47 GMT 2025","passed","Mon Jul 28 09:10:47 GMT 2025","TestPrecision","test_network_parameters","",""
"","0","test_can_create_connection[Test for Polimec, url: wss://polimec.ibp.network]","tests","Mon Jul 28 09:13:00 GMT 2025","passed","Mon Jul 28 09:13:00 GMT 2025","","test_nodes_availability","",""
"","0","test_can_create_connection[Test for Westend (TESTNET), url: wss://westend.public.curie.radiumblock.co/ws]","tests","Mon Jul 28 09:10:54 GMT 2025","passed","Mon Jul 28 09:10:54 GMT 2025","","test_nodes_availability","",""
"","0","test_precision[Test for Pendulum]","tests","Mon Jul 28 09:10:40 GMT 2025","passed","Mon Jul 28 09:10:40 GMT 2025","TestPrecision","test_network_parameters","",""
"","0","test_can_create_connection[Test for Frequency, url: wss://0.rpc.frequency.xyz]","tests","Mon Jul 28 09:12:18 GMT 2025","passed","Mon Jul 28 09:12:18 GMT 2025","","test_nodes_availability","",""
"","15","test_rpc_node_is_synced[Test for Kusama, url: wss://rpc-kusama.luckyfriday.io]","tests","Mon Jul 28 09:10:26 GMT 2025","passed","Mon Jul 28 09:10:26 GMT 2025","","test_substrate_node_is_synced","",""
"","110","test_rpc_node_is_synced[Test for Argochain, url: wss://rpc.devolvedai.com]","tests","Mon Jul 28 09:13:35 GMT 2025","passed","Mon Jul 28 09:13:35 GMT 2025","","test_substrate_node_is_synced","",""
"","0","test_can_create_connection[Test for KILT, url: wss://spiritnet.kilt.io/]","tests","Mon Jul 28 09:11:33 GMT 2025","passed","Mon Jul 28 09:11:33 GMT 2025","","test_nodes_availability","",""
"","7","test_has_new_assets[Test for Moonriver]","tests","Mon Jul 28 09:10:11 GMT 2025","passed","Mon Jul 28 09:10:11 GMT 2025","TestAssets","test_check_new_assets","",""
"","0","test_can_create_connection[Test for Crust Shadow, url: wss://rpc-sha-subscan.crustnetwork.xyz]","tests","Mon Jul 28 09:11:08 GMT 2025","passed","Mon Jul 28 09:11:08 GMT 2025","","test_nodes_availability","",""
"","0","test_precision[Test for Basilisk]","tests","Mon Jul 28 09:10:11 GMT 2025","passed","Mon Jul 28 09:10:11 GMT 2025","TestPrecision","test_network_parameters","",""
"","0","test_can_create_connection[Test for Moonbeam, url: wss://moonbeam.ibp.network]","tests","Mon Jul 28 09:10:18 GMT 2025","passed","Mon Jul 28 09:10:18 GMT 2025","","test_nodes_availability","",""
"","0","test_precision[Test for krest]","tests","Mon Jul 28 09:11:05 GMT 2025","passed","Mon Jul 28 09:11:05 GMT 2025","TestPrecision","test_network_parameters","",""
"","115","test_rpc_method_is_available[Test for Polkadot People, url: wss://rpc-people-polkadot.luckyfriday.io]","tests","Mon Jul 28 09:10:15 GMT 2025","passed","Mon Jul 28 09:10:16 GMT 2025","","test_rpc_methods_availability","",""
"","69","test_rpc_method_is_available[Test for Polymesh, url: wss://mainnet-rpc.polymesh.network]","tests","Mon Jul 28 09:12:12 GMT 2025","passed","Mon Jul 28 09:12:12 GMT 2025","","test_rpc_methods_availability","",""
"","129","test_rpc_method_is_available[Test for Polkadot, url: wss://rpc-polkadot-1.novasama-tech.org]","tests","Mon Jul 28 09:10:05 GMT 2025","passed","Mon Jul 28 09:10:05 GMT 2025","","test_rpc_methods_availability","",""
"","60","test_rpc_method_is_available[Test for Ajuna, url: wss://rpc-para.ajuna.network]","tests","Mon Jul 28 09:12:29 GMT 2025","passed","Mon Jul 28 09:12:30 GMT 2025","","test_rpc_methods_availability","",""
"","0","test_chainId[Test for Centrifuge Parachain]","tests","Mon Jul 28 09:10:27 GMT 2025","passed","Mon Jul 28 09:10:27 GMT 2025","TestChainId","test_network_parameters","",""
"","1","test_precision[Test for Acala]","tests","Mon Jul 28 09:10:05 GMT 2025","passed","Mon Jul 28 09:10:05 GMT 2025","TestPrecision","test_network_parameters","",""
"","96","test_rpc_node_is_synced[Test for Kusama Coretime, url: wss://ksm-rpc.stakeworld.io/coretime]","tests","Mon Jul 28 09:13:34 GMT 2025","passed","Mon Jul 28 09:13:35 GMT 2025","","test_substrate_node_is_synced","",""
"","0","test_can_create_connection[Test for Encointer, url: wss://sys.ibp.network/encointer-kusama]","tests","Mon Jul 28 09:12:02 GMT 2025","broken","Mon Jul 28 09:12:02 GMT 2025","","test_nodes_availability","",""
"","105","test_rpc_node_is_synced[Test for Polkadot Asset Hub, url: wss://asset-hub-polkadot-rpc.dwellir.com]","tests","Mon Jul 28 09:11:37 GMT 2025","passed","Mon Jul 28 09:11:37 GMT 2025","","test_substrate_node_is_synced","",""
"","105","test_rpc_method_is_available[Test for Enjin Relay, url: wss://enjin-relay-rpc.dwellir.com]","tests","Mon Jul 28 09:13:20 GMT 2025","passed","Mon Jul 28 09:13:20 GMT 2025","","test_rpc_methods_availability","",""
"","93","test_rpc_method_is_available[Test for Kusama Asset Hub, url: wss://asset-hub-kusama.dotters.network]","tests","Mon Jul 28 09:10:58 GMT 2025","passed","Mon Jul 28 09:10:58 GMT 2025","","test_rpc_methods_availability","",""
"","0","test_can_create_connection[Test for Mythos, url: wss://mythos.dotters.network]","tests","Mon Jul 28 09:13:11 GMT 2025","passed","Mon Jul 28 09:13:11 GMT 2025","","test_nodes_availability","",""
"","7","test_rpc_node_is_synced[Test for Polkadot Collectives, url: wss://collectives-polkadot.dotters.network]","tests","Mon Jul 28 09:12:47 GMT 2025","passed","Mon Jul 28 09:12:47 GMT 2025","","test_substrate_node_is_synced","",""
"","106","test_rpc_node_is_synced[Test for QUARTZ, url: wss://eu-ws-quartz.unique.network]","tests","Mon Jul 28 09:11:31 GMT 2025","passed","Mon Jul 28 09:11:31 GMT 2025","","test_substrate_node_is_synced","",""
"","0","test_address_prefix[Test for Darwinia]","tests","Mon Jul 28 09:11:04 GMT 2025","passed","Mon Jul 28 09:11:04 GMT 2025","TestNetworkPrefix","test_network_parameters","",""
"","96","test_rpc_method_is_available[Test for Vara, url: wss://rpc.vara-network.io]","tests","Mon Jul 28 09:12:29 GMT 2025","passed","Mon Jul 28 09:12:29 GMT 2025","","test_rpc_methods_availability","",""
"","0","test_precision[Test for Xode]","tests","Mon Jul 28 09:11:29 GMT 2025","passed","Mon Jul 28 09:11:29 GMT 2025","TestPrecision","test_network_parameters","",""
"","490","test_rpc_node_is_synced[Test for Aleph Zero, url: wss://ws.azero.dev]","tests","Mon Jul 28 09:12:03 GMT 2025","passed","Mon Jul 28 09:12:03 GMT 2025","","test_substrate_node_is_synced","",""
"","0","test_precision[Test for Bifrost Kusama]","tests","Mon Jul 28 09:10:07 GMT 2025","passed","Mon Jul 28 09:10:07 GMT 2025","TestPrecision","test_network_parameters","",""
"","0","test_chainId[Test for Bifrost Polkadot]","tests","Mon Jul 28 09:10:13 GMT 2025","passed","Mon Jul 28 09:10:13 GMT 2025","TestChainId","test_network_parameters","",""
"","110","test_rpc_method_is_available[Test for Heima, url: wss://rpc.litentry-parachain.litentry.io]","tests","Mon Jul 28 09:12:10 GMT 2025","passed","Mon Jul 28 09:12:10 GMT 2025","","test_rpc_methods_availability","",""
"","106","test_rpc_method_is_available[Test for Kusama, url: wss://rpc-kusama.luckyfriday.io]","tests","Mon Jul 28 09:10:23 GMT 2025","passed","Mon Jul 28 09:10:23 GMT 2025","","test_rpc_methods_availability","",""
"","6","test_rpc_node_is_synced[Test for Bittensor, url: wss://entrypoint-finney.opentensor.ai:443]","tests","Mon Jul 28 09:12:25 GMT 2025","passed","Mon Jul 28 09:12:25 GMT 2025","","test_substrate_node_is_synced","",""
"","0","test_address_prefix[Test for Cere]","tests","Mon Jul 28 09:11:20 GMT 2025","passed","Mon Jul 28 09:11:20 GMT 2025","TestNetworkPrefix","test_network_parameters","",""
"","71","test_rpc_method_is_available[Test for Kusama Coretime, url: wss://coretime-kusama.dotters.network]","tests","Mon Jul 28 09:13:44 GMT 2025","passed","Mon Jul 28 09:13:44 GMT 2025","","test_rpc_methods_availability","",""
"","1","test_can_create_connection[Test for Moonbeam, url: wss://wss.api.moonbeam.network]","tests","Mon Jul 28 09:10:15 GMT 2025","passed","Mon Jul 28 09:10:15 GMT 2025","","test_nodes_availability","",""
"","120","test_rpc_method_is_available[Test for Manta Atlantic, url: wss://ws.manta.systems]","tests","Mon Jul 28 09:13:07 GMT 2025","passed","Mon Jul 28 09:13:08 GMT 2025","","test_rpc_methods_availability","",""
"","5","test_has_new_assets[Test for NeuroWeb]","tests","Mon Jul 28 09:10:44 GMT 2025","passed","Mon Jul 28 09:10:44 GMT 2025","TestAssets","test_check_new_assets","",""
"","372","test_rpc_node_is_synced[Test for Karura, url: wss://karura-rpc-3.aca-api.network/ws]","tests","Mon Jul 28 09:10:13 GMT 2025","passed","Mon Jul 28 09:10:13 GMT 2025","","test_substrate_node_is_synced","",""
"","1","test_address_prefix[Test for Interlay]","tests","Mon Jul 28 09:10:33 GMT 2025","passed","Mon Jul 28 09:10:33 GMT 2025","TestNetworkPrefix","test_network_parameters","",""
"","0","test_can_create_connection[Test for Phala, url: wss://rpc.helikon.io/phala]","tests","Mon Jul 28 09:11:20 GMT 2025","passed","Mon Jul 28 09:11:20 GMT 2025","","test_nodes_availability","",""
"","0","test_chainId[Test for Polkadot Bridge Hub]","tests","Mon Jul 28 09:10:33 GMT 2025","passed","Mon Jul 28 09:10:33 GMT 2025","TestChainId","test_network_parameters","",""
"","0","test_can_create_connection[Test for Hydration, url: wss://rpc-hydra.novasama-tech.org]","tests","Mon Jul 28 09:11:35 GMT 2025","passed","Mon Jul 28 09:11:35 GMT 2025","","test_nodes_availability","",""
"","0","test_can_create_connection[Test for Kusama People, url: wss://sys.ibp.network/people-kusama]","tests","Mon Jul 28 09:10:22 GMT 2025","passed","Mon Jul 28 09:10:22 GMT 2025","","test_nodes_availability","",""
"","0","test_can_create_connection[Test for Kusama People, url: wss://people-kusama.dotters.network]","tests","Mon Jul 28 09:10:23 GMT 2025","passed","Mon Jul 28 09:10:23 GMT 2025","","test_nodes_availability","",""
"","91","test_rpc_node_is_synced[Test for UNIQUE, url: wss://eu-ws.unique.network/]","tests","Mon Jul 28 09:12:19 GMT 2025","passed","Mon Jul 28 09:12:19 GMT 2025","","test_substrate_node_is_synced","",""
"","0","test_can_create_connection[Test for Polkadot Coretime, url: wss://sys.ibp.network/coretime-polkadot]","tests","Mon Jul 28 09:13:30 GMT 2025","passed","Mon Jul 28 09:13:30 GMT 2025","","test_nodes_availability","",""
"","0","test_can_create_connection[Test for Acala, url: wss://acala-rpc-3.aca-api.network/ws]","tests","Mon Jul 28 09:11:04 GMT 2025","passed","Mon Jul 28 09:11:04 GMT 2025","","test_nodes_availability","",""
"","256","test_rpc_node_is_synced[Test for Acala, url: wss://acala-rpc-0.aca-api.network]","tests","Mon Jul 28 09:11:43 GMT 2025","passed","Mon Jul 28 09:11:43 GMT 2025","","test_substrate_node_is_synced","",""
"","0","test_precision[Test for Polimec]","tests","Mon Jul 28 09:11:11 GMT 2025","passed","Mon Jul 28 09:11:11 GMT 2025","TestPrecision","test_network_parameters","",""
"","10","test_has_new_assets[Test for Centrifuge Parachain]","tests","Mon Jul 28 09:10:38 GMT 2025","passed","Mon Jul 28 09:10:38 GMT 2025","TestAssets","test_check_new_assets","",""
"","0","test_can_create_connection[Test for Crab, url: wss://darwiniacrab-rpc.dwellir.com]","tests","Mon Jul 28 09:12:41 GMT 2025","passed","Mon Jul 28 09:12:41 GMT 2025","","test_nodes_availability","",""
"","0","test_can_create_connection[Test for Kusama People, url: wss://kusama-people-rpc.polkadot.io]","tests","Mon Jul 28 09:10:20 GMT 2025","passed","Mon Jul 28 09:10:20 GMT 2025","","test_nodes_availability","",""
"","0","test_address_prefix[Test for Ternoa]","tests","Mon Jul 28 09:10:50 GMT 2025","passed","Mon Jul 28 09:10:50 GMT 2025","TestNetworkPrefix","test_network_parameters","",""
"","0","test_address_prefix[Test for Tanssi]","tests","Mon Jul 28 09:11:37 GMT 2025","passed","Mon Jul 28 09:11:37 GMT 2025","TestNetworkPrefix","test_network_parameters","",""
"","0","test_can_create_connection[Test for Polkadot People, url: wss://people-polkadot.dotters.network]","tests","Mon Jul 28 09:10:11 GMT 2025","passed","Mon Jul 28 09:10:11 GMT 2025","","test_nodes_availability","",""
"","0","test_precision[Test for XX network]","tests","Mon Jul 28 09:10:37 GMT 2025","passed","Mon Jul 28 09:10:37 GMT 2025","TestPrecision","test_network_parameters","",""
"","110","test_rpc_node_is_synced[Test for Polkadot Coretime, url: wss://polkadot-coretime-rpc.polkadot.io]","tests","Mon Jul 28 09:13:29 GMT 2025","passed","Mon Jul 28 09:13:29 GMT 2025","","test_substrate_node_is_synced","",""
"","0","test_can_create_connection[Test for Polkadot Coretime, url: wss://coretime-polkadot.dotters.network]","tests","Mon Jul 28 09:13:33 GMT 2025","passed","Mon Jul 28 09:13:33 GMT 2025","","test_nodes_availability","",""
"","0","test_can_create_connection[Test for CC Enterprise, url: wss://mainnet.creditcoin.network/ws]","tests","Mon Jul 28 09:13:18 GMT 2025","passed","Mon Jul 28 09:13:18 GMT 2025","","test_nodes_availability","",""
"","0","test_can_create_connection[Test for Argochain, url: wss://rpc.devolvedai.com]","tests","Mon Jul 28 09:13:40 GMT 2025","passed","Mon Jul 28 09:13:40 GMT 2025","","test_nodes_availability","",""
"","8","test_has_new_assets[Test for Phala]","tests","Mon Jul 28 09:10:32 GMT 2025","passed","Mon Jul 28 09:10:32 GMT 2025","TestAssets","test_check_new_assets","",""
"","0","test_chainId[Test for Karura]","tests","Mon Jul 28 09:09:55 GMT 2025","passed","Mon Jul 28 09:09:55 GMT 2025","TestChainId","test_network_parameters","",""
"","0","test_chainId[Test for Hydration]","tests","Mon Jul 28 09:10:32 GMT 2025","passed","Mon Jul 28 09:10:32 GMT 2025","TestChainId","test_network_parameters","",""
"","0","test_chainId[Test for Enjin Relay]","tests","Mon Jul 28 09:10:54 GMT 2025","passed","Mon Jul 28 09:10:54 GMT 2025","TestChainId","test_network_parameters","",""
"","0","test_can_create_connection[Test for Kusama, url: wss://rpc-kusama-2.novasama-tech.org]","tests","Mon Jul 28 09:10:59 GMT 2025","passed","Mon Jul 28 09:10:59 GMT 2025","","test_nodes_availability","",""
"","5","test_has_new_assets[Test for Bittensor]","tests","Mon Jul 28 09:10:46 GMT 2025","passed","Mon Jul 28 09:10:46 GMT 2025","TestAssets","test_check_new_assets","",""
"","0","test_chainId[Test for Polkadex]","tests","Mon Jul 28 09:10:28 GMT 2025","passed","Mon Jul 28 09:10:28 GMT 2025","TestChainId","test_network_parameters","",""
"","1","test_precision[Test for Polymesh]","tests","Mon Jul 28 09:10:27 GMT 2025","passed","Mon Jul 28 09:10:27 GMT 2025","TestPrecision","test_network_parameters","",""
"","1","test_can_create_connection[Test for Aventus, url: wss://public-rpc.mainnet.aventus.io]","tests","Mon Jul 28 09:12:33 GMT 2025","passed","Mon Jul 28 09:12:33 GMT 2025","","test_nodes_availability","",""
"","0","test_can_create_connection[Test for XX network, url: wss://rpc.xx.network]","tests","Mon Jul 28 09:12:18 GMT 2025","passed","Mon Jul 28 09:12:18 GMT 2025","","test_nodes_availability","",""
"","19","test_rpc_node_is_synced[Test for Enjin Relay, url: wss://rpc.relay.blockchain.enjin.io]","tests","Mon Jul 28 09:12:57 GMT 2025","passed","Mon Jul 28 09:12:57 GMT 2025","","test_substrate_node_is_synced","",""
"","0","test_address_prefix[Test for Curio]","tests","Mon Jul 28 09:11:17 GMT 2025","passed","Mon Jul 28 09:11:17 GMT 2025","TestNetworkPrefix","test_network_parameters","",""
"","75","test_rpc_method_is_available[Test for Hydration, url: wss://rpc-hydra.novasama-tech.org]","tests","Mon Jul 28 09:11:37 GMT 2025","passed","Mon Jul 28 09:11:37 GMT 2025","","test_rpc_methods_availability","",""
"","0","test_precision[Test for Shiden]","tests","Mon Jul 28 09:10:22 GMT 2025","passed","Mon Jul 28 09:10:22 GMT 2025","TestPrecision","test_network_parameters","",""
"","17","test_rpc_node_is_synced[Test for QUARTZ, url: wss://quartz.unique.network]","tests","Mon Jul 28 09:11:27 GMT 2025","passed","Mon Jul 28 09:11:27 GMT 2025","","test_substrate_node_is_synced","",""
"","120","test_rpc_method_is_available[Test for QUARTZ, url: wss://quartz.unique.network]","tests","Mon Jul 28 09:11:56 GMT 2025","passed","Mon Jul 28 09:11:56 GMT 2025","","test_rpc_methods_availability","",""
"","8","test_has_new_assets[Test for JAMTON]","tests","Mon Jul 28 09:11:23 GMT 2025","passed","Mon Jul 28 09:11:23 GMT 2025","TestAssets","test_check_new_assets","",""
"","0","test_address_prefix[Test for DAO IPCI]","tests","Mon Jul 28 09:10:39 GMT 2025","passed","Mon Jul 28 09:10:39 GMT 2025","TestNetworkPrefix","test_network_parameters","",""
"","99","test_rpc_node_is_synced[Test for Shiden, url: wss://rpc.shiden.astar.network]","tests","Mon Jul 28 09:10:39 GMT 2025","passed","Mon Jul 28 09:10:39 GMT 2025","","test_substrate_node_is_synced","",""
"","1","test_chainId[Test for Crust Polkadot Parachain]","tests","Mon Jul 28 09:10:33 GMT 2025","passed","Mon Jul 28 09:10:33 GMT 2025","TestChainId","test_network_parameters","",""
"","43","test_rpc_method_is_available[Test for Kintsugi, url: wss://api-kusama.interlay.io/parachain]","tests","Mon Jul 28 09:12:17 GMT 2025","passed","Mon Jul 28 09:12:17 GMT 2025","","test_rpc_methods_availability","",""
"","0","test_chainId[Test for Kintsugi]","tests","Mon Jul 28 09:10:08 GMT 2025","passed","Mon Jul 28 09:10:08 GMT 2025","TestChainId","test_network_parameters","",""
"","0","test_precision[Test for Nodle Parachain]","tests","Mon Jul 28 09:10:29 GMT 2025","passed","Mon Jul 28 09:10:29 GMT 2025","TestPrecision","test_network_parameters","",""
"","0","test_can_create_connection[Test for Polkadot Coretime, url: wss://rpc-coretime-polkadot.luckyfriday.io]","tests","Mon Jul 28 09:13:37 GMT 2025","passed","Mon Jul 28 09:13:37 GMT 2025","","test_nodes_availability","",""
"","91","test_rpc_node_is_synced[Test for Centrifuge Parachain, url: wss://fullnode.centrifuge.io]","tests","Mon Jul 28 09:12:02 GMT 2025","passed","Mon Jul 28 09:12:02 GMT 2025","","test_substrate_node_is_synced","",""
"","141","test_rpc_node_is_synced[Test for Kusama, url: wss://kusama.public.curie.radiumblock.co/ws]","tests","Mon Jul 28 09:10:38 GMT 2025","passed","Mon Jul 28 09:10:38 GMT 2025","","test_substrate_node_is_synced","",""
"","69","test_rpc_method_is_available[Test for CC Enterprise, url: wss://mainnet.creditcoin.network/ws]","tests","Mon Jul 28 09:13:21 GMT 2025","passed","Mon Jul 28 09:13:22 GMT 2025","","test_rpc_methods_availability","",""
"","6","test_has_new_assets[Test for Aleph Zero]","tests","Mon Jul 28 09:10:36 GMT 2025","passed","Mon Jul 28 09:10:36 GMT 2025","TestAssets","test_check_new_assets","",""
"","0","test_can_create_connection[Test for Kusama, url: wss://kusama-rpc.dwellir.com]","tests","Mon Jul 28 09:10:16 GMT 2025","passed","Mon Jul 28 09:10:16 GMT 2025","","test_nodes_availability","",""
"","29","test_rpc_node_is_synced[Test for peaq, url: wss://peaq-rpc.publicnode.com]","tests","Mon Jul 28 09:13:18 GMT 2025","passed","Mon Jul 28 09:13:18 GMT 2025","","test_substrate_node_is_synced","",""
"","32","test_rpc_node_is_synced[Test for Pendulum, url: wss://rpc-pendulum.prd.pendulumchain.tech]","tests","Mon Jul 28 09:12:14 GMT 2025","passed","Mon Jul 28 09:12:14 GMT 2025","","test_substrate_node_is_synced","",""
"","7","test_rpc_node_is_synced[Test for Polkadot Bridge Hub, url: wss://sys.ibp.network/bridgehub-polkadot]","tests","Mon Jul 28 09:12:40 GMT 2025","passed","Mon Jul 28 09:12:40 GMT 2025","","test_substrate_node_is_synced","",""
"","6","test_rpc_node_is_synced[Test for GIANT, url: wss://rpc-anchor-2-mainnet-az-ue1.giantprotocol.org:443]","tests","Mon Jul 28 09:12:37 GMT 2025","passed","Mon Jul 28 09:12:37 GMT 2025","","test_substrate_node_is_synced","",""
"","105","test_rpc_node_is_synced[Test for Tangle, url: wss://tangle-mainnet-rpc.dwellir.com]","tests","Mon Jul 28 09:13:29 GMT 2025","passed","Mon Jul 28 09:13:29 GMT 2025","","test_substrate_node_is_synced","",""
"","34","test_rpc_method_is_available[Test for Moonbeam, url: wss://moonbeam.public.blastapi.io]","tests","Mon Jul 28 09:10:38 GMT 2025","passed","Mon Jul 28 09:10:39 GMT 2025","","test_rpc_methods_availability","",""
"","0","test_chainId[Test for Hyperbridge Nexus]","tests","Mon Jul 28 09:10:58 GMT 2025","passed","Mon Jul 28 09:10:58 GMT 2025","TestChainId","test_network_parameters","",""
"","71","test_rpc_method_is_available[Test for Hyperbridge Nexus, url: wss://hyperbridge-nexus-rpc.blockops.network]","tests","Mon Jul 28 09:13:21 GMT 2025","passed","Mon Jul 28 09:13:21 GMT 2025","","test_rpc_methods_availability","",""
"","0","test_can_create_connection[Test for Tangle, url: wss://tangle-mainnet-rpc.dwellir.com]","tests","Mon Jul 28 09:13:32 GMT 2025","passed","Mon Jul 28 09:13:32 GMT 2025","","test_nodes_availability","",""
"","0","test_precision[Test for Argochain]","tests","Mon Jul 28 09:11:37 GMT 2025","passed","Mon Jul 28 09:11:37 GMT 2025","TestPrecision","test_network_parameters","",""
"","6","test_rpc_node_is_synced[Test for UNIQUE, url: wss://unique.dotters.network]","tests","Mon Jul 28 09:12:35 GMT 2025","passed","Mon Jul 28 09:12:36 GMT 2025","","test_substrate_node_is_synced","",""
"","1","test_can_create_connection[Test for Westend (TESTNET), url: wss://westend-rpc.dwellir.com]","tests","Mon Jul 28 09:10:43 GMT 2025","passed","Mon Jul 28 09:10:43 GMT 2025","","test_nodes_availability","",""
"","120","test_rpc_method_is_available[Test for UNIQUE, url: wss://unique.ibp.network]","tests","Mon Jul 28 09:12:35 GMT 2025","passed","Mon Jul 28 09:12:35 GMT 2025","","test_rpc_methods_availability","",""
"","0","test_can_create_connection[Test for Polkadot Bridge Hub, url: wss://dot-rpc.stakeworld.io/bridgehub]","tests","Mon Jul 28 09:12:39 GMT 2025","passed","Mon Jul 28 09:12:39 GMT 2025","","test_nodes_availability","",""
"","98","test_rpc_method_is_available[Test for Kusama, url: wss://apps-kusama-rpc.polkadot.io]","tests","Mon Jul 28 09:10:13 GMT 2025","passed","Mon Jul 28 09:10:13 GMT 2025","","test_rpc_methods_availability","",""
"","112","test_rpc_node_is_synced[Test for Polimec, url: wss://rpc.polimec.org]","tests","Mon Jul 28 09:12:55 GMT 2025","passed","Mon Jul 28 09:12:55 GMT 2025","","test_substrate_node_is_synced","",""
"","26","test_rpc_node_is_synced[Test for Frequency, url: wss://0.rpc.frequency.xyz]","tests","Mon Jul 28 09:12:29 GMT 2025","passed","Mon Jul 28 09:12:29 GMT 2025","","test_substrate_node_is_synced","",""
"","75","test_rpc_method_is_available[Test for Pendulum, url: wss://rpc-pendulum.prd.pendulumchain.tech]","tests","Mon Jul 28 09:12:30 GMT 2025","passed","Mon Jul 28 09:12:30 GMT 2025","","test_rpc_methods_availability","",""
"","0","test_can_create_connection[Test for Karura, url: wss://karura-rpc-2.aca-api.network/ws]","tests","Mon Jul 28 09:10:03 GMT 2025","passed","Mon Jul 28 09:10:03 GMT 2025","","test_nodes_availability","",""
"","1","test_can_create_connection[Test for Avail, url: wss://mainnet-rpc.avail.so/ws]","tests","Mon Jul 28 09:13:14 GMT 2025","passed","Mon Jul 28 09:13:14 GMT 2025","","test_nodes_availability","",""
"","0","test_address_prefix[Test for GIANT]","tests","Mon Jul 28 09:11:00 GMT 2025","passed","Mon Jul 28 09:11:00 GMT 2025","TestNetworkPrefix","test_network_parameters","",""
"","255","test_rpc_node_is_synced[Test for Crust Shadow, url: wss://rpc-sha-subscan.crustnetwork.xyz]","tests","Mon Jul 28 09:11:07 GMT 2025","passed","Mon Jul 28 09:11:07 GMT 2025","","test_substrate_node_is_synced","",""
"","0","test_can_create_connection[Test for Polkadot Collectives, url: wss://sys.ibp.network/collectives-polkadot]","tests","Mon Jul 28 09:13:02 GMT 2025","passed","Mon Jul 28 09:13:02 GMT 2025","","test_nodes_availability","",""
"","0","test_address_prefix[Test for DeepBrain]","tests","Mon Jul 28 09:11:30 GMT 2025","passed","Mon Jul 28 09:11:30 GMT 2025","TestNetworkPrefix","test_network_parameters","",""
"","120","test_rpc_method_is_available[Test for Kusama, url: wss://kusama-rpc.dwellir.com]","tests","Mon Jul 28 09:10:19 GMT 2025","passed","Mon Jul 28 09:10:19 GMT 2025","","test_rpc_methods_availability","",""
"","116","test_rpc_node_is_synced[Test for Xode, url: wss://rpcnodea01.xode.net/n7yoxCmcIrCF6VziCcDmYTwL8R03a/rpc]","tests","Mon Jul 28 09:13:23 GMT 2025","passed","Mon Jul 28 09:13:23 GMT 2025","","test_substrate_node_is_synced","",""
"","8","test_has_new_assets[Test for Hydration]","tests","Mon Jul 28 09:10:43 GMT 2025","passed","Mon Jul 28 09:10:43 GMT 2025","TestAssets","test_check_new_assets","",""
"","6","test_has_new_assets[Test for Argochain]","tests","Mon Jul 28 09:11:26 GMT 2025","passed","Mon Jul 28 09:11:26 GMT 2025","TestAssets","test_check_new_assets","",""
"","70","test_rpc_method_is_available[Test for Kusama People, url: wss://people-kusama.dotters.network]","tests","Mon Jul 28 09:10:24 GMT 2025","passed","Mon Jul 28 09:10:24 GMT 2025","","test_rpc_methods_availability","",""
"","7","test_rpc_node_is_synced[Test for Kusama Asset Hub, url: wss://asset-hub-kusama.dotters.network]","tests","Mon Jul 28 09:10:59 GMT 2025","passed","Mon Jul 28 09:10:59 GMT 2025","","test_substrate_node_is_synced","",""
"","0","test_precision[Test for Manta Atlantic]","tests","Mon Jul 28 09:11:10 GMT 2025","passed","Mon Jul 28 09:11:10 GMT 2025","TestPrecision","test_network_parameters","",""
"","99","test_rpc_node_is_synced[Test for DENTNet, url: wss://rpc.dentnet.io/ws]","tests","Mon Jul 28 09:13:20 GMT 2025","passed","Mon Jul 28 09:13:20 GMT 2025","","test_substrate_node_is_synced","",""
"","0","test_can_create_connection[Test for Tanssi, url: wss://tanssi.tanssi-mainnet.network]","tests","Mon Jul 28 09:13:44 GMT 2025","passed","Mon Jul 28 09:13:44 GMT 2025","","test_nodes_availability","",""
"","0","test_chainId[Test for Integritee Parachain]","tests","Mon Jul 28 09:10:22 GMT 2025","passed","Mon Jul 28 09:10:22 GMT 2025","TestChainId","test_network_parameters","",""
"","0","test_can_create_connection[Test for QUARTZ, url: wss://eu-ws-quartz.unique.network]","tests","Mon Jul 28 09:11:44 GMT 2025","passed","Mon Jul 28 09:11:44 GMT 2025","","test_nodes_availability","",""
"","0","test_can_create_connection[Test for Crust Shadow, url: wss://rpc-shadow.crust.network/]","tests","Mon Jul 28 09:11:16 GMT 2025","passed","Mon Jul 28 09:11:16 GMT 2025","","test_nodes_availability","",""
"","50","test_rpc_method_is_available[Test for Astar, url: wss://astar-rpc.dwellir.com]","tests","Mon Jul 28 09:11:25 GMT 2025","passed","Mon Jul 28 09:11:25 GMT 2025","","test_rpc_methods_availability","",""
"","0","test_address_prefix[Test for Polkadot Bridge Hub]","tests","Mon Jul 28 09:10:58 GMT 2025","passed","Mon Jul 28 09:10:58 GMT 2025","TestNetworkPrefix","test_network_parameters","",""
"","100","test_rpc_node_is_synced[Test for 3DPass, url: wss://rpc.3dpass.org]","tests","Mon Jul 28 09:12:41 GMT 2025","passed","Mon Jul 28 09:12:41 GMT 2025","","test_substrate_node_is_synced","",""
"","9","test_has_new_assets[Test for Heima]","tests","Mon Jul 28 09:10:26 GMT 2025","passed","Mon Jul 28 09:10:26 GMT 2025","TestAssets","test_check_new_assets","",""
"","1","test_precision[Test for Bittensor]","tests","Mon Jul 28 09:10:51 GMT 2025","passed","Mon Jul 28 09:10:51 GMT 2025","TestPrecision","test_network_parameters","",""
"","0","test_chainId[Test for Xode]","tests","Mon Jul 28 09:11:09 GMT 2025","passed","Mon Jul 28 09:11:09 GMT 2025","TestChainId","test_network_parameters","",""
"","8","test_has_new_assets[Test for Kusama]","tests","Mon Jul 28 09:10:09 GMT 2025","passed","Mon Jul 28 09:10:09 GMT 2025","TestAssets","test_check_new_assets","",""
"","34","test_rpc_method_is_available[Test for Kusama Coretime, url: wss://rpc-coretime-kusama.luckyfriday.io]","tests","Mon Jul 28 09:13:44 GMT 2025","passed","Mon Jul 28 09:13:45 GMT 2025","","test_rpc_methods_availability","",""
"","0","test_can_create_connection[Test for Moonbeam, url: wss://moonbeam.public.blastapi.io]","tests","Mon Jul 28 09:10:36 GMT 2025","passed","Mon Jul 28 09:10:36 GMT 2025","","test_nodes_availability","",""
"","100","test_rpc_method_is_available[Test for Basilisk, url: wss://basilisk-rpc.dwellir.com]","tests","Mon Jul 28 09:11:33 GMT 2025","passed","Mon Jul 28 09:11:33 GMT 2025","","test_rpc_methods_availability","",""
"","34","test_rpc_method_is_available[Test for Karura, url: wss://karura-rpc-3.aca-api.network/ws]","tests","Mon Jul 28 09:10:07 GMT 2025","passed","Mon Jul 28 09:10:07 GMT 2025","","test_rpc_methods_availability","",""
"","0","test_address_prefix[Test for Polkadot People]","tests","Mon Jul 28 09:10:30 GMT 2025","passed","Mon Jul 28 09:10:30 GMT 2025","TestNetworkPrefix","test_network_parameters","",""
"","0","test_can_create_connection[Test for Polkadot Collectives, url: wss://collectives-polkadot.dotters.network]","tests","Mon Jul 28 09:13:05 GMT 2025","passed","Mon Jul 28 09:13:05 GMT 2025","","test_nodes_availability","",""
"","101","test_rpc_node_is_synced[Test for Basilisk, url: wss://rpc.basilisk.cloud]","tests","Mon Jul 28 09:11:07 GMT 2025","passed","Mon Jul 28 09:11:07 GMT 2025","","test_substrate_node_is_synced","",""
"","5","test_has_new_assets[Test for DAO IPCI]","tests","Mon Jul 28 09:10:28 GMT 2025","passed","Mon Jul 28 09:10:28 GMT 2025","TestAssets","test_check_new_assets","",""
"","0","test_address_prefix[Test for peaq]","tests","Mon Jul 28 09:11:25 GMT 2025","passed","Mon Jul 28 09:11:25 GMT 2025","TestNetworkPrefix","test_network_parameters","",""
"","0","test_can_create_connection[Test for Humanode, url: wss://explorer-rpc-ws.mainnet.stages.humanode.io]","tests","Mon Jul 28 09:13:23 GMT 2025","passed","Mon Jul 28 09:13:23 GMT 2025","","test_nodes_availability","",""
"","0","test_address_prefix[Test for Joystream]","tests","Mon Jul 28 09:11:08 GMT 2025","passed","Mon Jul 28 09:11:08 GMT 2025","TestNetworkPrefix","test_network_parameters","",""
"","0","test_precision[Test for DAO IPCI]","tests","Mon Jul 28 09:10:30 GMT 2025","passed","Mon Jul 28 09:10:30 GMT 2025","TestPrecision","test_network_parameters","",""
"","123","test_rpc_method_is_available[Test for Phala, url: wss://phala-rpc.dwellir.com]","tests","Mon Jul 28 09:11:11 GMT 2025","passed","Mon Jul 28 09:11:11 GMT 2025","","test_rpc_methods_availability","",""
"","1","test_address_prefix[Test for Bittensor]","tests","Mon Jul 28 09:10:57 GMT 2025","passed","Mon Jul 28 09:10:57 GMT 2025","TestNetworkPrefix","test_network_parameters","",""
"","0","test_can_create_connection[Test for Polkadot Coretime, url: wss://polkadot-coretime-rpc.polkadot.io]","tests","Mon Jul 28 09:13:39 GMT 2025","passed","Mon Jul 28 09:13:39 GMT 2025","","test_nodes_availability","",""
"","74","test_rpc_method_is_available[Test for Karura, url: wss://karura-rpc-0.aca-api.network]","tests","Mon Jul 28 09:10:30 GMT 2025","passed","Mon Jul 28 09:10:31 GMT 2025","","test_rpc_methods_availability","",""
"","0","test_can_create_connection[Test for Moonriver, url: wss://moonriver-rpc.publicnode.com]","tests","Mon Jul 28 09:10:43 GMT 2025","passed","Mon Jul 28 09:10:43 GMT 2025","","test_nodes_availability","",""
"","0","test_can_create_connection[Test for KILT, url: wss://kilt.ibp.network]","tests","Mon Jul 28 09:11:23 GMT 2025","passed","Mon Jul 28 09:11:23 GMT 2025","","test_nodes_availability","",""
"","0","test_address_prefix[Test for Zeitgeist]","tests","Mon Jul 28 09:10:36 GMT 2025","passed","Mon Jul 28 09:10:36 GMT 2025","TestNetworkPrefix","test_network_parameters","",""
"","0","test_can_create_connection[Test for Integritee Parachain, url: wss://kusama.api.integritee.network]","tests","Mon Jul 28 09:11:21 GMT 2025","passed","Mon Jul 28 09:11:21 GMT 2025","","test_nodes_availability","",""
"","7","test_rpc_node_is_synced[Test for Hyperbridge Nexus, url: wss://nexus.dotters.network]","tests","Mon Jul 28 09:13:12 GMT 2025","passed","Mon Jul 28 09:13:12 GMT 2025","","test_substrate_node_is_synced","",""
"","7","test_rpc_node_is_synced[Test for Moonbeam, url: wss://moonbeam.dotters.network]","tests","Mon Jul 28 09:10:26 GMT 2025","passed","Mon Jul 28 09:10:26 GMT 2025","","test_substrate_node_is_synced","",""
"","0","test_can_create_connection[Test for Vara, url: wss://rpc.vara-network.io]","tests","Mon Jul 28 09:12:24 GMT 2025","passed","Mon Jul 28 09:12:24 GMT 2025","","test_nodes_availability","",""
"","113","test_rpc_method_is_available[Test for UNIQUE, url: wss://asia-ws.unique.network/]","tests","Mon Jul 28 09:12:31 GMT 2025","passed","Mon Jul 28 09:12:31 GMT 2025","","test_rpc_methods_availability","",""
"","5","test_has_new_assets[Test for Kusama Coretime]","tests","Mon Jul 28 09:11:27 GMT 2025","passed","Mon Jul 28 09:11:27 GMT 2025","TestAssets","test_check_new_assets","",""
"","76","test_rpc_node_is_synced[Test for Aventus, url: wss://public-rpc.mainnet.aventus.io]","tests","Mon Jul 28 09:12:22 GMT 2025","passed","Mon Jul 28 09:12:22 GMT 2025","","test_substrate_node_is_synced","",""
"","1","test_address_prefix[Test for Crab]","tests","Mon Jul 28 09:11:13 GMT 2025","passed","Mon Jul 28 09:11:13 GMT 2025","TestNetworkPrefix","test_network_parameters","",""
"","106","test_rpc_method_is_available[Test for Curio, url: wss://archive.parachain.curioinvest.com]","tests","Mon Jul 28 09:13:05 GMT 2025","passed","Mon Jul 28 09:13:05 GMT 2025","","test_rpc_methods_availability","",""
"","38","test_rpc_method_is_available[Test for Darwinia, url: wss://rpc.darwinia.network]","tests","Mon Jul 28 09:12:50 GMT 2025","passed","Mon Jul 28 09:12:50 GMT 2025","","test_rpc_methods_availability","",""
"","0","test_can_create_connection[Test for UNIQUE, url: wss://us-ws.unique.network/]","tests","Mon Jul 28 09:12:28 GMT 2025","passed","Mon Jul 28 09:12:28 GMT 2025","","test_nodes_availability","",""
"","96","test_rpc_node_is_synced[Test for Kusama, url: wss://apps-kusama-rpc.polkadot.io]","tests","Mon Jul 28 09:10:17 GMT 2025","passed","Mon Jul 28 09:10:17 GMT 2025","","test_substrate_node_is_synced","",""
"","35","test_rpc_method_is_available[Test for Moonriver, url: wss://moonriver-rpc.publicnode.com]","tests","Mon Jul 28 09:10:46 GMT 2025","passed","Mon Jul 28 09:10:46 GMT 2025","","test_rpc_methods_availability","",""
"","94","test_rpc_method_is_available[Test for Polkadot Coretime, url: wss://polkadot-coretime-rpc.polkadot.io]","tests","Mon Jul 28 09:13:42 GMT 2025","passed","Mon Jul 28 09:13:42 GMT 2025","","test_rpc_methods_availability","",""
"","1","test_can_create_connection[Test for Acala, url: wss://acala-rpc-2.aca-api.network/ws]","tests","Mon Jul 28 09:10:59 GMT 2025","passed","Mon Jul 28 09:10:59 GMT 2025","","test_nodes_availability","",""
"","37","test_rpc_node_is_synced[Test for Polkadot Collectives, url: wss://collectives.public.curie.radiumblock.co/ws]","tests","Mon Jul 28 09:12:46 GMT 2025","passed","Mon Jul 28 09:12:46 GMT 2025","","test_substrate_node_is_synced","",""
"","1","test_chainId[Test for Altair]","tests","Mon Jul 28 09:10:08 GMT 2025","passed","Mon Jul 28 09:10:08 GMT 2025","TestChainId","test_network_parameters","",""
"","0","test_chainId[Test for JAMTON]","tests","Mon Jul 28 09:11:10 GMT 2025","passed","Mon Jul 28 09:11:10 GMT 2025","TestChainId","test_network_parameters","",""
"","1","test_address_prefix[Test for Argochain]","tests","Mon Jul 28 09:11:35 GMT 2025","passed","Mon Jul 28 09:11:35 GMT 2025","TestNetworkPrefix","test_network_parameters","",""
"","42","test_rpc_method_is_available[Test for Acala, url: wss://acala-rpc-2.aca-api.network/ws]","tests","Mon Jul 28 09:11:03 GMT 2025","passed","Mon Jul 28 09:11:03 GMT 2025","","test_rpc_methods_availability","",""
"","107","test_rpc_node_is_synced[Test for Acala, url: wss://acala-rpc.dwellir.com]","tests","Mon Jul 28 09:11:08 GMT 2025","passed","Mon Jul 28 09:11:08 GMT 2025","","test_substrate_node_is_synced","",""
"","59","test_rpc_method_is_available[Test for Polkadot Asset Hub, url: wss://asset-hub-polkadot.dotters.network]","tests","Mon Jul 28 09:11:42 GMT 2025","passed","Mon Jul 28 09:11:42 GMT 2025","","test_rpc_methods_availability","",""
"","0","test_precision[Test for Moonbeam]","tests","Mon Jul 28 09:10:12 GMT 2025","passed","Mon Jul 28 09:10:12 GMT 2025","TestPrecision","test_network_parameters","",""
"","26","test_rpc_node_is_synced[Test for Moonbeam, url: wss://wss.api.moonbeam.network]","tests","Mon Jul 28 09:10:21 GMT 2025","passed","Mon Jul 28 09:10:21 GMT 2025","","test_substrate_node_is_synced","",""
"","0","test_precision[Test for UNIQUE]","tests","Mon Jul 28 09:10:38 GMT 2025","passed","Mon Jul 28 09:10:38 GMT 2025","TestPrecision","test_network_parameters","",""
"","0","test_precision[Test for Phala]","tests","Mon Jul 28 09:10:34 GMT 2025","passed","Mon Jul 28 09:10:34 GMT 2025","TestPrecision","test_network_parameters","",""
"","1","test_chainId[Test for Manta Atlantic]","tests","Mon Jul 28 09:10:49 GMT 2025","passed","Mon Jul 28 09:10:49 GMT 2025","TestChainId","test_network_parameters","",""
"","0","test_can_create_connection[Test for Enjin Relay, url: wss://rpc.relay.blockchain.enjin.io]","tests","Mon Jul 28 09:12:56 GMT 2025","passed","Mon Jul 28 09:12:56 GMT 2025","","test_nodes_availability","",""
"","214","test_rpc_node_is_synced[Test for Bifrost Polkadot, url: wss://hk.p.bifrost-rpc.liebi.com/ws]","tests","Mon Jul 28 09:11:59 GMT 2025","passed","Mon Jul 28 09:11:59 GMT 2025","","test_substrate_node_is_synced","",""
"","0","test_rpc_method_is_available[Test for Encointer, url: wss://sys.ibp.network/encointer-kusama]","tests","Mon Jul 28 09:12:04 GMT 2025","broken","Mon Jul 28 09:12:04 GMT 2025","","test_rpc_methods_availability","",""
"","0","test_precision[Test for Moonriver]","tests","Mon Jul 28 09:10:15 GMT 2025","passed","Mon Jul 28 09:10:15 GMT 2025","TestPrecision","test_network_parameters","",""
"","61","test_rpc_method_is_available[Test for Mythos, url: wss://mythos.dotters.network]","tests","Mon Jul 28 09:13:12 GMT 2025","passed","Mon Jul 28 09:13:12 GMT 2025","","test_rpc_methods_availability","",""
"","26","test_rpc_node_is_synced[Test for Moonriver, url: wss://moonriver-rpc.publicnode.com]","tests","Mon Jul 28 09:10:41 GMT 2025","passed","Mon Jul 28 09:10:41 GMT 2025","","test_substrate_node_is_synced","",""
"","0","test_precision[Test for Mythos]","tests","Mon Jul 28 09:11:15 GMT 2025","passed","Mon Jul 28 09:11:15 GMT 2025","TestPrecision","test_network_parameters","",""
"","7","test_rpc_node_is_synced[Test for Hydration, url: wss://hydration.dotters.network]","tests","Mon Jul 28 09:12:21 GMT 2025","passed","Mon Jul 28 09:12:21 GMT 2025","","test_substrate_node_is_synced","",""
"","0","test_can_create_connection[Test for Avail, url: wss://avail-mainnet.public.blastapi.io/]","tests","Mon Jul 28 09:13:18 GMT 2025","passed","Mon Jul 28 09:13:18 GMT 2025","","test_nodes_availability","",""
"","75","test_rpc_node_is_synced[Test for Mythos, url: wss://mythos.ibp.network]","tests","Mon Jul 28 09:13:04 GMT 2025","passed","Mon Jul 28 09:13:04 GMT 2025","","test_substrate_node_is_synced","",""
"","0","test_chainId[Test for Basilisk]","tests","Mon Jul 28 09:10:04 GMT 2025","passed","Mon Jul 28 09:10:04 GMT 2025","TestChainId","test_network_parameters","",""
"","5","test_has_new_assets[Test for peaq]","tests","Mon Jul 28 09:11:17 GMT 2025","passed","Mon Jul 28 09:11:17 GMT 2025","TestAssets","test_check_new_assets","",""
"","0","test_can_create_connection[Test for Mythos, url: wss://polkadot-mythos-rpc.polkadot.io]","tests","Mon Jul 28 09:13:16 GMT 2025","passed","Mon Jul 28 09:13:16 GMT 2025","","test_nodes_availability","",""
"","0","test_can_create_connection[Test for Enjin Matrix, url: wss://rpc.matrix.blockchain.enjin.io]","tests","Mon Jul 28 09:12:55 GMT 2025","passed","Mon Jul 28 09:12:55 GMT 2025","","test_nodes_availability","",""
"","111","test_rpc_method_is_available[Test for Tangle, url: wss://rpc.tangle.tools]","tests","Mon Jul 28 09:13:39 GMT 2025","passed","Mon Jul 28 09:13:39 GMT 2025","","test_rpc_methods_availability","",""
"","0","test_precision[Test for GIANT]","tests","Mon Jul 28 09:10:56 GMT 2025","passed","Mon Jul 28 09:10:56 GMT 2025","TestPrecision","test_network_parameters","",""
"","0","test_can_create_connection[Test for Ajuna, url: wss://ajuna.dotters.network]","tests","Mon Jul 28 09:12:14 GMT 2025","passed","Mon Jul 28 09:12:14 GMT 2025","","test_nodes_availability","",""
"","0","test_precision[Test for Polkadot Asset Hub]","tests","Mon Jul 28 09:10:13 GMT 2025","passed","Mon Jul 28 09:10:13 GMT 2025","TestPrecision","test_network_parameters","",""
"","0","test_can_create_connection[Test for Moonriver, url: wss://moonriver.public.curie.radiumblock.co/ws]","tests","Mon Jul 28 09:10:49 GMT 2025","passed","Mon Jul 28 09:10:49 GMT 2025","","test_nodes_availability","",""
"","0","test_chainId[Test for peaq]","tests","Mon Jul 28 09:11:06 GMT 2025","passed","Mon Jul 28 09:11:06 GMT 2025","TestChainId","test_network_parameters","",""
"","1","test_address_prefix[Test for Mythos]","tests","Mon Jul 28 09:11:13 GMT 2025","passed","Mon Jul 28 09:11:13 GMT 2025","TestNetworkPrefix","test_network_parameters","",""
"","0","test_precision[Test for Westend (TESTNET)]","tests","Mon Jul 28 09:10:17 GMT 2025","passed","Mon Jul 28 09:10:17 GMT 2025","TestPrecision","test_network_parameters","",""
"","0","test_can_create_connection[Test for Crust Shadow, url: wss://rpc2-shadow.crust.network/]","tests","Mon Jul 28 09:11:11 GMT 2025","passed","Mon Jul 28 09:11:11 GMT 2025","","test_nodes_availability","",""
"","96","test_rpc_node_is_synced[Test for krest, url: wss://wss-krest.peaq.network/]","tests","Mon Jul 28 09:12:54 GMT 2025","passed","Mon Jul 28 09:12:54 GMT 2025","","test_substrate_node_is_synced","",""
"","79","test_rpc_method_is_available[Test for krest, url: wss://wss-krest.peaq.network/]","tests","Mon Jul 28 09:12:51 GMT 2025","passed","Mon Jul 28 09:12:51 GMT 2025","","test_rpc_methods_availability","",""
"","6","test_has_new_assets[Test for Basilisk]","tests","Mon Jul 28 09:10:10 GMT 2025","passed","Mon Jul 28 09:10:10 GMT 2025","TestAssets","test_check_new_assets","",""
"","79","test_rpc_method_is_available[Test for Nodle Parachain, url: wss://nodle-rpc.dwellir.com]","tests","Mon Jul 28 09:11:06 GMT 2025","passed","Mon Jul 28 09:11:06 GMT 2025","","test_rpc_methods_availability","",""
"","0","test_address_prefix[Test for Encointer]","tests","Mon Jul 28 09:10:29 GMT 2025","passed","Mon Jul 28 09:10:29 GMT 2025","TestNetworkPrefix","test_network_parameters","",""
"","61","test_rpc_method_is_available[Test for Moonbeam, url: wss://wss.api.moonbeam.network]","tests","Mon Jul 28 09:10:16 GMT 2025","passed","Mon Jul 28 09:10:16 GMT 2025","","test_rpc_methods_availability","",""
"","1","test_can_create_connection[Test for Heima, url: wss://rpc.litentry-parachain.litentry.io]","tests","Mon Jul 28 09:12:13 GMT 2025","passed","Mon Jul 28 09:12:13 GMT 2025","","test_nodes_availability","",""
"","0","test_can_create_connection[Test for Polymesh, url: wss://mainnet-rpc.polymesh.network]","tests","Mon Jul 28 09:12:08 GMT 2025","passed","Mon Jul 28 09:12:08 GMT 2025","","test_nodes_availability","",""
"","0","test_can_create_connection[Test for Altair, url: wss://altair.api.onfinality.io/public-ws]","tests","Mon Jul 28 09:11:21 GMT 2025","passed","Mon Jul 28 09:11:21 GMT 2025","","test_nodes_availability","",""
"","118","test_rpc_method_is_available[Test for Aventus, url: wss://public-rpc.mainnet.aventus.io]","tests","Mon Jul 28 09:12:37 GMT 2025","passed","Mon Jul 28 09:12:37 GMT 2025","","test_rpc_methods_availability","",""
"","0","test_can_create_connection[Test for Acala, url: wss://acala-rpc.dwellir.com]","tests","Mon Jul 28 09:11:10 GMT 2025","passed","Mon Jul 28 09:11:10 GMT 2025","","test_nodes_availability","",""
"","92","test_rpc_method_is_available[Test for DAO IPCI, url: wss://ipci.rpc.robonomics.network]","tests","Mon Jul 28 09:12:16 GMT 2025","passed","Mon Jul 28 09:12:16 GMT 2025","","test_rpc_methods_availability","",""
"","118","test_rpc_method_is_available[Test for Tangle, url: wss://tangle-mainnet-rpc.dwellir.com]","tests","Mon Jul 28 09:13:41 GMT 2025","passed","Mon Jul 28 09:13:41 GMT 2025","","test_rpc_methods_availability","",""
"","1","test_precision[Test for Crust Polkadot Parachain]","tests","Mon Jul 28 09:10:43 GMT 2025","passed","Mon Jul 28 09:10:43 GMT 2025","TestPrecision","test_network_parameters","",""
"","105","test_rpc_node_is_synced[Test for Westend (TESTNET), url: wss://westend-rpc.dwellir.com]","tests","Mon Jul 28 09:10:42 GMT 2025","passed","Mon Jul 28 09:10:43 GMT 2025","","test_substrate_node_is_synced","",""
"","0","test_address_prefix[Test for Frequency]","tests","Mon Jul 28 09:10:55 GMT 2025","passed","Mon Jul 28 09:10:55 GMT 2025","TestNetworkPrefix","test_network_parameters","",""
"","104","test_rpc_node_is_synced[Test for Mythos, url: wss://polkadot-mythos-rpc.polkadot.io]","tests","Mon Jul 28 09:13:13 GMT 2025","passed","Mon Jul 28 09:13:13 GMT 2025","","test_substrate_node_is_synced","",""
"","0","test_can_create_connection[Test for Bifrost Polkadot, url: wss://bifrost-polkadot.ibp.network]","tests","Mon Jul 28 09:11:46 GMT 2025","passed","Mon Jul 28 09:11:46 GMT 2025","","test_nodes_availability","",""
"","0","test_can_create_connection[Test for Kusama, url: wss://apps-kusama-rpc.polkadot.io]","tests","Mon Jul 28 09:10:10 GMT 2025","passed","Mon Jul 28 09:10:10 GMT 2025","","test_nodes_availability","",""
"","6","test_rpc_node_is_synced[Test for Polkadot Coretime, url: wss://sys.ibp.network/coretime-polkadot]","tests","Mon Jul 28 09:13:26 GMT 2025","passed","Mon Jul 28 09:13:26 GMT 2025","","test_substrate_node_is_synced","",""
"","0","test_chainId[Test for Pendulum]","tests","Mon Jul 28 09:10:29 GMT 2025","passed","Mon Jul 28 09:10:29 GMT 2025","TestChainId","test_network_parameters","",""
"","0","test_can_create_connection[Test for Ternoa, url: wss://mainnet.ternoa.network]","tests","Mon Jul 28 09:12:06 GMT 2025","passed","Mon Jul 28 09:12:06 GMT 2025","","test_nodes_availability","",""
"","6","test_rpc_node_is_synced[Test for KILT, url: wss://kilt.dotters.network]","tests","Mon Jul 28 09:11:20 GMT 2025","passed","Mon Jul 28 09:11:20 GMT 2025","","test_substrate_node_is_synced","",""
"","84","test_rpc_method_is_available[Test for Kusama People, url: wss://kusama-people-rpc.polkadot.io]","tests","Mon Jul 28 09:10:21 GMT 2025","passed","Mon Jul 28 09:10:21 GMT 2025","","test_rpc_methods_availability","",""
"","1","test_chainId[Test for KILT]","tests","Mon Jul 28 09:10:10 GMT 2025","passed","Mon Jul 28 09:10:10 GMT 2025","TestChainId","test_network_parameters","",""
"","46","test_rpc_node_is_synced[Test for Moonbeam, url: wss://moonbeam.public.curie.radiumblock.co/ws]","tests","Mon Jul 28 09:10:31 GMT 2025","passed","Mon Jul 28 09:10:31 GMT 2025","","test_substrate_node_is_synced","",""
"","0","test_can_create_connection[Test for Bifrost Polkadot, url: wss://hk.p.bifrost-rpc.liebi.com/ws]","tests","Mon Jul 28 09:11:58 GMT 2025","passed","Mon Jul 28 09:11:58 GMT 2025","","test_nodes_availability","",""
"","0","test_chainId[Test for Kusama People]","tests","Mon Jul 28 09:09:53 GMT 2025","passed","Mon Jul 28 09:09:53 GMT 2025","TestChainId","test_network_parameters","",""
"","92","test_rpc_node_is_synced[Test for Kusama Coretime, url: wss://kusama-coretime-rpc.polkadot.io]","tests","Mon Jul 28 09:13:35 GMT 2025","passed","Mon Jul 28 09:13:35 GMT 2025","","test_substrate_node_is_synced","",""
"","0","test_can_create_connection[Test for Frequency, url: wss://1.rpc.frequency.xyz]","tests","Mon Jul 28 09:12:20 GMT 2025","passed","Mon Jul 28 09:12:20 GMT 2025","","test_nodes_availability","",""
"","0","test_precision[Test for Kreivo]","tests","Mon Jul 28 09:11:17 GMT 2025","passed","Mon Jul 28 09:11:17 GMT 2025","TestPrecision","test_network_parameters","",""
"","88","test_rpc_node_is_synced[Test for Encointer, url: wss://api.kusama.encointer.org]","tests","Mon Jul 28 09:11:47 GMT 2025","passed","Mon Jul 28 09:11:48 GMT 2025","","test_substrate_node_is_synced","",""
"","1","test_chainId[Test for Darwinia]","tests","Mon Jul 28 09:10:41 GMT 2025","passed","Mon Jul 28 09:10:41 GMT 2025","TestChainId","test_network_parameters","",""
"","108","test_rpc_method_is_available[Test for Polkadot, url: wss://rpc-polkadot-2.novasama-tech.org]","tests","Mon Jul 28 09:10:09 GMT 2025","passed","Mon Jul 28 09:10:10 GMT 2025","","test_rpc_methods_availability","",""
"","71","test_rpc_method_is_available[Test for Shiden, url: wss://rpc.shiden.astar.network]","tests","Mon Jul 28 09:10:38 GMT 2025","passed","Mon Jul 28 09:10:38 GMT 2025","","test_rpc_methods_availability","",""
"","0","test_chainId[Test for Acurast Canary]","tests","Mon Jul 28 09:10:57 GMT 2025","passed","Mon Jul 28 09:10:57 GMT 2025","TestChainId","test_network_parameters","",""
"","0","test_precision[Test for Kusama Asset Hub]","tests","Mon Jul 28 09:10:20 GMT 2025","passed","Mon Jul 28 09:10:20 GMT 2025","TestPrecision","test_network_parameters","",""
"","95","test_rpc_method_is_available[Test for Kusama Bridge Hub, url: wss://bridge-hub-kusama.dotters.network]","tests","Mon Jul 28 09:13:00 GMT 2025","passed","Mon Jul 28 09:13:00 GMT 2025","","test_rpc_methods_availability","",""
"","72","test_rpc_method_is_available[Test for Phala, url: wss://api.phala.network/ws]","tests","Mon Jul 28 09:11:22 GMT 2025","passed","Mon Jul 28 09:11:22 GMT 2025","","test_rpc_methods_availability","",""
"","0","test_chainId[Test for Astar]","tests","Mon Jul 28 09:10:00 GMT 2025","passed","Mon Jul 28 09:10:00 GMT 2025","TestChainId","test_network_parameters","",""
"","8","test_has_new_assets[Test for Aventus]","tests","Mon Jul 28 09:10:44 GMT 2025","passed","Mon Jul 28 09:10:44 GMT 2025","TestAssets","test_check_new_assets","",""
"","0","test_address_prefix[Test for Karura]","tests","Mon Jul 28 09:10:19 GMT 2025","passed","Mon Jul 28 09:10:19 GMT 2025","TestNetworkPrefix","test_network_parameters","",""
"","1","test_precision[Test for Hydration]","tests","Mon Jul 28 09:10:53 GMT 2025","passed","Mon Jul 28 09:10:53 GMT 2025","TestPrecision","test_network_parameters","",""
"","0","test_precision[Test for Interlay]","tests","Mon Jul 28 09:10:24 GMT 2025","passed","Mon Jul 28 09:10:24 GMT 2025","TestPrecision","test_network_parameters","",""
"","242","test_rpc_node_is_synced[Test for Karura, url: wss://karura-rpc-2.aca-api.network/ws]","tests","Mon Jul 28 09:10:10 GMT 2025","passed","Mon Jul 28 09:10:10 GMT 2025","","test_substrate_node_is_synced","",""
"","0","test_can_create_connection[Test for Polkadot People, url: wss://polkadot-people-rpc.polkadot.io]","tests","Mon Jul 28 09:10:07 GMT 2025","passed","Mon Jul 28 09:10:07 GMT 2025","","test_nodes_availability","",""
"","100","test_rpc_node_is_synced[Test for Polymesh, url: wss://mainnet-rpc.polymesh.network]","tests","Mon Jul 28 09:11:59 GMT 2025","passed","Mon Jul 28 09:11:59 GMT 2025","","test_substrate_node_is_synced","",""
"","7","test_has_new_assets[Test for Kreivo]","tests","Mon Jul 28 09:11:08 GMT 2025","passed","Mon Jul 28 09:11:08 GMT 2025","TestAssets","test_check_new_assets","",""
"","5","test_has_new_assets[Test for Energy Web X]","tests","Mon Jul 28 09:10:56 GMT 2025","passed","Mon Jul 28 09:10:56 GMT 2025","TestAssets","test_check_new_assets","",""
"","107","test_rpc_method_is_available[Test for Hydration, url: wss://hydration.dotters.network]","tests","Mon Jul 28 09:11:51 GMT 2025","passed","Mon Jul 28 09:11:51 GMT 2025","","test_rpc_methods_availability","",""
"","0","test_can_create_connection[Test for Energy Web X, url: wss://public-rpc.mainnet.energywebx.com/]","tests","Mon Jul 28 09:12:50 GMT 2025","passed","Mon Jul 28 09:12:50 GMT 2025","","test_nodes_availability","",""
"","0","test_chainId[Test for Mythos]","tests","Mon Jul 28 09:10:55 GMT 2025","passed","Mon Jul 28 09:10:55 GMT 2025","TestChainId","test_network_parameters","",""
"","0","test_can_create_connection[Test for Acala, url: wss://acala-rpc-0.aca-api.network]","tests","Mon Jul 28 09:11:58 GMT 2025","passed","Mon Jul 28 09:11:58 GMT 2025","","test_nodes_availability","",""
"","110","test_rpc_node_is_synced[Test for Polkadot, url: wss://rpc-polkadot-1.novasama-tech.org]","tests","Mon Jul 28 09:10:10 GMT 2025","passed","Mon Jul 28 09:10:11 GMT 2025","","test_substrate_node_is_synced","",""
"","0","test_can_create_connection[Test for peaq, url: wss://peaq-rpc.publicnode.com]","tests","Mon Jul 28 09:13:23 GMT 2025","passed","Mon Jul 28 09:13:23 GMT 2025","","test_nodes_availability","",""
"","0","test_precision[Test for Creditcoin]","tests","Mon Jul 28 09:11:23 GMT 2025","passed","Mon Jul 28 09:11:23 GMT 2025","TestPrecision","test_network_parameters","",""
"","0","test_chainId[Test for DENTNet]","tests","Mon Jul 28 09:11:02 GMT 2025","passed","Mon Jul 28 09:11:02 GMT 2025","TestChainId","test_network_parameters","",""
"","82","test_rpc_method_is_available[Test for Enjin Matrix, url: wss://enjin-matrix-rpc-1.dwellir.com]","tests","Mon Jul 28 09:13:01 GMT 2025","passed","Mon Jul 28 09:13:01 GMT 2025","","test_rpc_methods_availability","",""
"","0","test_can_create_connection[Test for Centrifuge Parachain, url: wss://fullnode.centrifuge.io]","tests","Mon Jul 28 09:11:26 GMT 2025","passed","Mon Jul 28 09:11:26 GMT 2025","","test_nodes_availability","",""
"","1","test_address_prefix[Test for Enjin Matrix]","tests","Mon Jul 28 09:11:04 GMT 2025","passed","Mon Jul 28 09:11:04 GMT 2025","TestNetworkPrefix","test_network_parameters","",""
"","6","test_rpc_node_is_synced[Test for Polimec, url: wss://polimec.dotters.network]","tests","Mon Jul 28 09:12:50 GMT 2025","passed","Mon Jul 28 09:12:50 GMT 2025","","test_substrate_node_is_synced","",""
"","97","test_rpc_node_is_synced[Test for Humanode, url: wss://explorer-rpc-ws.mainnet.stages.humanode.io]","tests","Mon Jul 28 09:13:18 GMT 2025","passed","Mon Jul 28 09:13:18 GMT 2025","","test_substrate_node_is_synced","",""
"","7","test_rpc_node_is_synced[Test for UNIQUE, url: wss://unique.ibp.network]","tests","Mon Jul 28 09:12:33 GMT 2025","passed","Mon Jul 28 09:12:33 GMT 2025","","test_substrate_node_is_synced","",""
"","53217","test_subquery_is_synced","tests","Mon Jul 28 09:09:57 GMT 2025","passed","Mon Jul 28 09:10:50 GMT 2025","","test_subquery_is_synced","",""
"","106","test_rpc_node_is_synced[Test for Moonriver, url: wss://moonriver-rpc.dwellir.com]","tests","Mon Jul 28 09:11:35 GMT 2025","passed","Mon Jul 28 09:11:35 GMT 2025","","test_substrate_node_is_synced","",""
"","0","test_chainId[Test for UNIQUE]","tests","Mon Jul 28 09:10:22 GMT 2025","passed","Mon Jul 28 09:10:22 GMT 2025","TestChainId","test_network_parameters","",""
"","72","test_rpc_method_is_available[Test for Cere, url: wss://rpc.mainnet.cere.network/ws]","tests","Mon Jul 28 09:13:26 GMT 2025","passed","Mon Jul 28 09:13:26 GMT 2025","","test_rpc_methods_availability","",""
"","7","test_rpc_node_is_synced[Test for Polkadot People, url: wss://sys.ibp.network/people-polkadot]","tests","Mon Jul 28 09:10:15 GMT 2025","passed","Mon Jul 28 09:10:15 GMT 2025","","test_substrate_node_is_synced","",""
"","85","test_rpc_method_is_available[Test for Kusama, url: wss://kusama.dotters.network]","tests","Mon Jul 28 09:10:07 GMT 2025","passed","Mon Jul 28 09:10:07 GMT 2025","","test_rpc_methods_availability","",""
"","7","test_has_new_assets[Test for CC Enterprise]","tests","Mon Jul 28 09:11:12 GMT 2025","passed","Mon Jul 28 09:11:12 GMT 2025","TestAssets","test_check_new_assets","",""
"","0","test_precision[Test for Polkadot Collectives]","tests","Mon Jul 28 09:11:00 GMT 2025","passed","Mon Jul 28 09:11:00 GMT 2025","TestPrecision","test_network_parameters","",""
"","107","test_rpc_method_is_available[Test for Altair, url: wss://altair.api.onfinality.io/public-ws]","tests","Mon Jul 28 09:11:37 GMT 2025","passed","Mon Jul 28 09:11:38 GMT 2025","","test_rpc_methods_availability","",""
"","71","test_rpc_method_is_available[Test for Frequency, url: wss://0.rpc.frequency.xyz]","tests","Mon Jul 28 09:12:24 GMT 2025","passed","Mon Jul 28 09:12:24 GMT 2025","","test_rpc_methods_availability","",""
"","36","test_rpc_method_is_available[Test for Astar, url: wss://astar.public.curie.radiumblock.co/ws]","tests","Mon Jul 28 09:11:29 GMT 2025","passed","Mon Jul 28 09:11:29 GMT 2025","","test_rpc_methods_availability","",""
"","0","test_chainId[Test for Laos]","tests","Mon Jul 28 09:11:05 GMT 2025","passed","Mon Jul 28 09:11:05 GMT 2025","TestChainId","test_network_parameters","",""
"","104","test_rpc_method_is_available[Test for Kusama People, url: wss://sys.ibp.network/people-kusama]","tests","Mon Jul 28 09:10:23 GMT 2025","passed","Mon Jul 28 09:10:23 GMT 2025","","test_rpc_methods_availability","",""
"","10","test_has_new_assets[Test for Encointer]","tests","Mon Jul 28 09:10:18 GMT 2025","passed","Mon Jul 28 09:10:18 GMT 2025","TestAssets","test_check_new_assets","",""
"","0","test_can_create_connection[Test for Curio, url: wss://parachain.curioinvest.com/]","tests","Mon Jul 28 09:13:11 GMT 2025","passed","Mon Jul 28 09:13:11 GMT 2025","","test_nodes_availability","",""
"","0","test_can_create_connection[Test for Tangle, url: wss://rpc.tangle.tools]","tests","Mon Jul 28 09:13:33 GMT 2025","passed","Mon Jul 28 09:13:33 GMT 2025","","test_nodes_availability","",""
"","0","test_can_create_connection[Test for Polkadot, url: wss://dot-rpc.stakeworld.io]","tests","Mon Jul 28 09:10:32 GMT 2025","passed","Mon Jul 28 09:10:32 GMT 2025","","test_nodes_availability","",""
"","42","test_rpc_method_is_available[Test for Crab, url: wss://darwiniacrab-rpc.dwellir.com]","tests","Mon Jul 28 09:13:03 GMT 2025","passed","Mon Jul 28 09:13:03 GMT 2025","","test_rpc_methods_availability","",""
"","110","test_rpc_node_is_synced[Test for Karura, url: wss://karura-rpc.dwellir.com]","tests","Mon Jul 28 09:10:18 GMT 2025","passed","Mon Jul 28 09:10:18 GMT 2025","","test_substrate_node_is_synced","",""
"","0","test_precision[Test for Curio]","tests","Mon Jul 28 09:11:11 GMT 2025","passed","Mon Jul 28 09:11:11 GMT 2025","TestPrecision","test_network_parameters","",""
"","0","test_chainId[Test for Kreivo]","tests","Mon Jul 28 09:10:58 GMT 2025","passed","Mon Jul 28 09:10:58 GMT 2025","TestChainId","test_network_parameters","",""
"","0","test_can_create_connection[Test for Hydration, url: wss://rpc.hydradx.cloud]","tests","Mon Jul 28 09:11:40 GMT 2025","passed","Mon Jul 28 09:11:40 GMT 2025","","test_nodes_availability","",""
"","76","test_rpc_method_is_available[Test for Frequency, url: wss://1.rpc.frequency.xyz]","tests","Mon Jul 28 09:12:26 GMT 2025","passed","Mon Jul 28 09:12:26 GMT 2025","","test_rpc_methods_availability","",""
"","94","test_rpc_method_is_available[Test for XX network, url: wss://rpc.xx.network]","tests","Mon Jul 28 09:12:21 GMT 2025","passed","Mon Jul 28 09:12:21 GMT 2025","","test_rpc_methods_availability","",""
"","0","test_rpc_method_is_available[Test for Polkadot, url: wss://1rpc.io/dot]","tests","Mon Jul 28 09:10:47 GMT 2025","broken","Mon Jul 28 09:10:47 GMT 2025","","test_rpc_methods_availability","",""
"","97","test_rpc_node_is_synced[Test for Moonriver, url: wss://moonriver.public.curie.radiumblock.co/ws]","tests","Mon Jul 28 09:11:31 GMT 2025","passed","Mon Jul 28 09:11:31 GMT 2025","","test_substrate_node_is_synced","",""
"","104","test_rpc_node_is_synced[Test for Astar, url: wss://astar-rpc.dwellir.com]","tests","Mon Jul 28 09:11:18 GMT 2025","passed","Mon Jul 28 09:11:18 GMT 2025","","test_substrate_node_is_synced","",""
"","69","test_rpc_method_is_available[Test for Kusama People, url: wss://ksm-rpc.stakeworld.io/people]","tests","Mon Jul 28 09:10:28 GMT 2025","passed","Mon Jul 28 09:10:28 GMT 2025","","test_rpc_methods_availability","",""
"","98","test_rpc_method_is_available[Test for Crust Polkadot Parachain, url: wss://crust-parachain.crustapps.net]","tests","Mon Jul 28 09:12:33 GMT 2025","passed","Mon Jul 28 09:12:33 GMT 2025","","test_rpc_methods_availability","",""
"","145","test_rpc_node_is_synced[Test for Polkadot Asset Hub, url: wss://rpc-assethub.novasama-tech.org]","tests","Mon Jul 28 09:11:27 GMT 2025","passed","Mon Jul 28 09:11:27 GMT 2025","","test_substrate_node_is_synced","",""
"","1","test_chainId[Test for GIANT]","tests","Mon Jul 28 09:10:40 GMT 2025","passed","Mon Jul 28 09:10:40 GMT 2025","TestChainId","test_network_parameters","",""
"","0","test_can_create_connection[Test for Kusama, url: wss://1rpc.io/ksm]","tests","Mon Jul 28 09:10:32 GMT 2025","broken","Mon Jul 28 09:10:32 GMT 2025","","test_nodes_availability","",""
"","1","test_chainId[Test for Amplitude]","tests","Mon Jul 28 09:10:24 GMT 2025","passed","Mon Jul 28 09:10:24 GMT 2025","TestChainId","test_network_parameters","",""
"","0","test_can_create_connection[Test for Karura, url: wss://karura-rpc-3.aca-api.network/ws]","tests","Mon Jul 28 09:10:06 GMT 2025","passed","Mon Jul 28 09:10:06 GMT 2025","","test_nodes_availability","",""
"","0","test_can_create_connection[Test for Basilisk, url: wss://rpc.basilisk.cloud]","tests","Mon Jul 28 09:11:09 GMT 2025","passed","Mon Jul 28 09:11:09 GMT 2025","","test_nodes_availability","",""
"","100","test_rpc_method_is_available[Test for Polkadot Collectives, url: wss://collectives-polkadot.dotters.network]","tests","Mon Jul 28 09:13:09 GMT 2025","passed","Mon Jul 28 09:13:09 GMT 2025","","test_rpc_methods_availability","",""
"","83","test_rpc_node_is_synced[Test for Cere, url: wss://rpc.mainnet.cere.network/ws]","tests","Mon Jul 28 09:13:12 GMT 2025","passed","Mon Jul 28 09:13:12 GMT 2025","","test_substrate_node_is_synced","",""
"","143","test_rpc_method_is_available[Test for Karura, url: wss://karura-rpc-2.aca-api.network/ws]","tests","Mon Jul 28 09:10:04 GMT 2025","passed","Mon Jul 28 09:10:04 GMT 2025","","test_rpc_methods_availability","",""
"","0","test_can_create_connection[Test for Polkadot, url: wss://rpc-polkadot-1.novasama-tech.org]","tests","Mon Jul 28 09:10:04 GMT 2025","passed","Mon Jul 28 09:10:04 GMT 2025","","test_nodes_availability","",""
"","0","test_precision[Test for Laos]","tests","Mon Jul 28 09:11:34 GMT 2025","passed","Mon Jul 28 09:11:34 GMT 2025","TestPrecision","test_network_parameters","",""
"","8","test_has_new_assets[Test for Darwinia]","tests","Mon Jul 28 09:10:51 GMT 2025","passed","Mon Jul 28 09:10:51 GMT 2025","TestAssets","test_check_new_assets","",""
"","48","test_rpc_method_is_available[Test for Avail, url: wss://avail-mainnet.public.blastapi.io/]","tests","Mon Jul 28 09:13:24 GMT 2025","passed","Mon Jul 28 09:13:24 GMT 2025","","test_rpc_methods_availability","",""
"","9","test_has_new_assets[Test for Polimec]","tests","Mon Jul 28 09:11:00 GMT 2025","passed","Mon Jul 28 09:11:00 GMT 2025","TestAssets","test_check_new_assets","",""
"","0","test_can_create_connection[Test for Shiden, url: wss://rpc.shiden.astar.network]","tests","Mon Jul 28 09:10:37 GMT 2025","passed","Mon Jul 28 09:10:37 GMT 2025","","test_nodes_availability","",""
"","0","test_can_create_connection[Test for Manta Atlantic, url: wss://ws.manta.systems]","tests","Mon Jul 28 09:12:52 GMT 2025","passed","Mon Jul 28 09:12:52 GMT 2025","","test_nodes_availability","",""
"","79","test_rpc_method_is_available[Test for GIANT, url: wss://rpc-anchor-2-mainnet-az-ue1.giantprotocol.org:443]","tests","Mon Jul 28 09:12:34 GMT 2025","passed","Mon Jul 28 09:12:34 GMT 2025","","test_rpc_methods_availability","",""
"","26","test_rpc_node_is_synced[Test for Hydration, url: wss://rpc.hydradx.cloud]","tests","Mon Jul 28 09:12:14 GMT 2025","passed","Mon Jul 28 09:12:14 GMT 2025","","test_substrate_node_is_synced","",""
"","0","test_can_create_connection[Test for Kusama Coretime, url: wss://sys.ibp.network/coretime-kusama]","tests","Mon Jul 28 09:13:37 GMT 2025","passed","Mon Jul 28 09:13:37 GMT 2025","","test_nodes_availability","",""
"","72","test_rpc_method_is_available[Test for Polkadot, url: wss://rpc.ibp.network/polkadot]","tests","Mon Jul 28 09:10:13 GMT 2025","passed","Mon Jul 28 09:10:13 GMT 2025","","test_rpc_methods_availability","",""
"","98","test_rpc_method_is_available[Test for Ternoa, url: wss://mainnet.ternoa.network]","tests","Mon Jul 28 09:12:09 GMT 2025","passed","Mon Jul 28 09:12:09 GMT 2025","","test_rpc_methods_availability","",""
"","72","test_rpc_method_is_available[Test for QUARTZ, url: wss://us-ws-quartz.unique.network]","tests","Mon Jul 28 09:12:05 GMT 2025","passed","Mon Jul 28 09:12:05 GMT 2025","","test_rpc_methods_availability","",""
"","0","test_can_create_connection[Test for Polkadot Collectives, url: wss://collectives.public.curie.radiumblock.co/ws]","tests","Mon Jul 28 09:12:41 GMT 2025","passed","Mon Jul 28 09:12:41 GMT 2025","","test_nodes_availability","",""
"","1","test_can_create_connection[Test for Polkadot, url: wss://polkadot.public.curie.radiumblock.co/ws]","tests","Mon Jul 28 09:10:35 GMT 2025","passed","Mon Jul 28 09:10:35 GMT 2025","","test_nodes_availability","",""
"","74","test_rpc_method_is_available[Test for Crust Shadow, url: wss://rpc2-shadow.crust.network/]","tests","Mon Jul 28 09:11:12 GMT 2025","passed","Mon Jul 28 09:11:12 GMT 2025","","test_rpc_methods_availability","",""
"","94","test_rpc_node_is_synced[Test for KILT, url: wss://spiritnet.kilt.io/]","tests","Mon Jul 28 09:11:23 GMT 2025","passed","Mon Jul 28 09:11:23 GMT 2025","","test_substrate_node_is_synced","",""
"","0","test_precision[Test for Karura]","tests","Mon Jul 28 09:10:08 GMT 2025","passed","Mon Jul 28 09:10:08 GMT 2025","TestPrecision","test_network_parameters","",""
"","0","test_can_create_connection[Test for Bifrost Kusama, url: wss://bifrost-rpc.liebi.com/ws]","tests","Mon Jul 28 09:10:58 GMT 2025","passed","Mon Jul 28 09:10:58 GMT 2025","","test_nodes_availability","",""
"","139","test_rpc_node_is_synced[Test for XX network, url: wss://rpc.xx.network]","tests","Mon Jul 28 09:12:07 GMT 2025","passed","Mon Jul 28 09:12:07 GMT 2025","","test_substrate_node_is_synced","",""
"","0","test_chainId[Test for Westend (TESTNET)]","tests","Mon Jul 28 09:10:03 GMT 2025","passed","Mon Jul 28 09:10:03 GMT 2025","TestChainId","test_network_parameters","",""
"","0","test_precision[Test for KILT]","tests","Mon Jul 28 09:10:19 GMT 2025","passed","Mon Jul 28 09:10:19 GMT 2025","TestPrecision","test_network_parameters","",""
"","74","test_rpc_method_is_available[Test for Hydration, url: wss://rpc.hydradx.cloud]","tests","Mon Jul 28 09:11:43 GMT 2025","passed","Mon Jul 28 09:11:43 GMT 2025","","test_rpc_methods_availability","",""
"","0","test_address_prefix[Test for Hydration]","tests","Mon Jul 28 09:10:56 GMT 2025","passed","Mon Jul 28 09:10:56 GMT 2025","TestNetworkPrefix","test_network_parameters","",""
"","77","test_rpc_method_is_available[Test for Kreivo, url: wss://kreivo.kippu.rocks/]","tests","Mon Jul 28 09:13:12 GMT 2025","passed","Mon Jul 28 09:13:12 GMT 2025","","test_rpc_methods_availability","",""
"","0","test_can_create_connection[Test for Bittensor, url: wss://entrypoint-finney.opentensor.ai:443]","tests","Mon Jul 28 09:12:36 GMT 2025","passed","Mon Jul 28 09:12:36 GMT 2025","","test_nodes_availability","",""
"","82","test_rpc_method_is_available[Test for Hydration, url: wss://hydration.ibp.network]","tests","Mon Jul 28 09:11:47 GMT 2025","passed","Mon Jul 28 09:11:47 GMT 2025","","test_rpc_methods_availability","",""
"","52","test_rpc_method_is_available[Test for Ajuna, url: wss://ajuna.ibp.network]","tests","Mon Jul 28 09:12:33 GMT 2025","passed","Mon Jul 28 09:12:33 GMT 2025","","test_rpc_methods_availability","",""
"","1","test_can_create_connection[Test for NeuroWeb, url: wss://parachain-rpc.origin-trail.network]","tests","Mon Jul 28 09:11:41 GMT 2025","passed","Mon Jul 28 09:11:41 GMT 2025","","test_nodes_availability","",""
"","104","test_rpc_node_is_synced[Test for Phala, url: wss://phala-rpc.dwellir.com]","tests","Mon Jul 28 09:11:47 GMT 2025","passed","Mon Jul 28 09:11:47 GMT 2025","","test_substrate_node_is_synced","",""
"","104","test_rpc_node_is_synced[Test for Heima, url: wss://heima-rpc.n.dwellir.com]","tests","Mon Jul 28 09:12:15 GMT 2025","passed","Mon Jul 28 09:12:15 GMT 2025","","test_substrate_node_is_synced","",""
"","36","test_rpc_node_is_synced[Test for Polkadot People, url: wss://people-polkadot.public.curie.radiumblock.co/ws]","tests","Mon Jul 28 09:10:20 GMT 2025","passed","Mon Jul 28 09:10:20 GMT 2025","","test_substrate_node_is_synced","",""
"","119","test_rpc_method_is_available[Test for Westend (TESTNET), url: wss://westend.public.curie.radiumblock.co/ws]","tests","Mon Jul 28 09:10:54 GMT 2025","passed","Mon Jul 28 09:10:54 GMT 2025","","test_rpc_methods_availability","",""
"","0","test_address_prefix[Test for Ajuna]","tests","Mon Jul 28 09:11:00 GMT 2025","passed","Mon Jul 28 09:11:00 GMT 2025","TestNetworkPrefix","test_network_parameters","",""
"","0","test_can_create_connection[Test for Basilisk, url: wss://basilisk-rpc.dwellir.com]","tests","Mon Jul 28 09:11:15 GMT 2025","passed","Mon Jul 28 09:11:15 GMT 2025","","test_nodes_availability","",""
"","8","test_rpc_node_is_synced[Test for Kusama, url: wss://kusama.dotters.network]","tests","Mon Jul 28 09:10:12 GMT 2025","passed","Mon Jul 28 09:10:12 GMT 2025","","test_substrate_node_is_synced","",""
"","0","test_address_prefix[Test for Aleph Zero]","tests","Mon Jul 28 09:10:45 GMT 2025","passed","Mon Jul 28 09:10:45 GMT 2025","TestNetworkPrefix","test_network_parameters","",""
"","1","test_chainId[Test for Tanssi]","tests","Mon Jul 28 09:11:12 GMT 2025","passed","Mon Jul 28 09:11:12 GMT 2025","TestChainId","test_network_parameters","",""
"","7","test_has_new_assets[Test for Frequency]","tests","Mon Jul 28 09:10:45 GMT 2025","passed","Mon Jul 28 09:10:45 GMT 2025","TestAssets","test_check_new_assets","",""
"","1","test_can_create_connection[Test for Polkadex, url: wss://polkadex.public.curie.radiumblock.co/ws]","tests","Mon Jul 28 09:11:36 GMT 2025","passed","Mon Jul 28 09:11:36 GMT 2025","","test_nodes_availability","",""
"","0","test_chainId[Test for Kusama Bridge Hub]","tests","Mon Jul 28 09:10:36 GMT 2025","passed","Mon Jul 28 09:10:36 GMT 2025","TestChainId","test_network_parameters","",""
"","52","test_rpc_method_is_available[Test for Mythos, url: wss://mythos.ibp.network]","tests","Mon Jul 28 09:13:09 GMT 2025","passed","Mon Jul 28 09:13:09 GMT 2025","","test_rpc_methods_availability","",""
"","1","test_can_create_connection[Test for Polkadot People, url: wss://sys.ibp.network/people-polkadot]","tests","Mon Jul 28 09:10:09 GMT 2025","passed","Mon Jul 28 09:10:09 GMT 2025","","test_nodes_availability","",""
"","0","test_precision[Test for Energy Web X]","tests","Mon Jul 28 09:11:05 GMT 2025","passed","Mon Jul 28 09:11:05 GMT 2025","TestPrecision","test_network_parameters","",""
"","267","test_rpc_node_is_synced[Test for Polkadot, url: wss://1rpc.io/dot]","tests","Mon Jul 28 09:10:46 GMT 2025","passed","Mon Jul 28 09:10:47 GMT 2025","","test_substrate_node_is_synced","",""
"","0","test_address_prefix[Test for Aventus]","tests","Mon Jul 28 09:10:53 GMT 2025","passed","Mon Jul 28 09:10:53 GMT 2025","TestNetworkPrefix","test_network_parameters","",""
"","113","test_rpc_node_is_synced[Test for Interlay, url: wss://api.interlay.io/parachain]","tests","Mon Jul 28 09:12:32 GMT 2025","passed","Mon Jul 28 09:12:32 GMT 2025","","test_substrate_node_is_synced","",""
"","49","test_rpc_method_is_available[Test for Encointer, url: wss://api.kusama.encointer.org]","tests","Mon Jul 28 09:12:11 GMT 2025","passed","Mon Jul 28 09:12:11 GMT 2025","","test_rpc_methods_availability","",""
"","23","test_rpc_node_is_synced[Test for Enjin Matrix, url: wss://rpc.matrix.blockchain.enjin.io]","tests","Mon Jul 28 09:12:57 GMT 2025","passed","Mon Jul 28 09:12:57 GMT 2025","","test_substrate_node_is_synced","",""
"","0","test_can_create_connection[Test for krest, url: wss://wss-krest.peaq.network/]","tests","Mon Jul 28 09:12:50 GMT 2025","passed","Mon Jul 28 09:12:50 GMT 2025","","test_nodes_availability","",""
"","1","test_address_prefix[Test for UNIQUE]","tests","Mon Jul 28 09:10:42 GMT 2025","passed","Mon Jul 28 09:10:42 GMT 2025","TestNetworkPrefix","test_network_parameters","",""
"","1","test_chainId[Test for Robonomics]","tests","Mon Jul 28 09:10:06 GMT 2025","passed","Mon Jul 28 09:10:06 GMT 2025","TestChainId","test_network_parameters","",""
"","100","test_has_new_assets[Test for Bifrost Kusama]","tests","Mon Jul 28 09:10:06 GMT 2025","passed","Mon Jul 28 09:10:06 GMT 2025","TestAssets","test_check_new_assets","",""
"","1","test_address_prefix[Test for Integritee Parachain]","tests","Mon Jul 28 09:10:47 GMT 2025","passed","Mon Jul 28 09:10:47 GMT 2025","TestNetworkPrefix","test_network_parameters","",""
"","105","test_rpc_method_is_available[Test for Polkadot Coretime, url: wss://sys.ibp.network/coretime-polkadot]","tests","Mon Jul 28 09:13:37 GMT 2025","passed","Mon Jul 28 09:13:37 GMT 2025","","test_rpc_methods_availability","",""
"","110","test_rpc_node_is_synced[Test for Heima, url: wss://rpc.litentry-parachain.litentry.io]","tests","Mon Jul 28 09:12:10 GMT 2025","passed","Mon Jul 28 09:12:10 GMT 2025","","test_substrate_node_is_synced","",""
"","228","test_rpc_node_is_synced[Test for DeepBrain, url: wss://info.dbcwallet.io]","tests","Mon Jul 28 09:13:22 GMT 2025","passed","Mon Jul 28 09:13:22 GMT 2025","","test_substrate_node_is_synced","",""
"","45","test_has_new_assets[Test for Kintsugi]","tests","Mon Jul 28 09:10:19 GMT 2025","passed","Mon Jul 28 09:10:19 GMT 2025","TestAssets","test_check_new_assets","",""
"","196","test_rpc_node_is_synced[Test for Xode, url: wss://rpc-kr.xode.net]","tests","Mon Jul 28 09:13:28 GMT 2025","passed","Mon Jul 28 09:13:28 GMT 2025","","test_substrate_node_is_synced","",""
"","39","test_rpc_method_is_available[Test for Polkadot Asset Hub, url: wss://asset-hub-polkadot-rpc.dwellir.com]","tests","Mon Jul 28 09:11:47 GMT 2025","passed","Mon Jul 28 09:11:47 GMT 2025","","test_rpc_methods_availability","",""
"","7","test_rpc_node_is_synced[Test for Kusama People, url: wss://people-kusama.dotters.network]","tests","Mon Jul 28 09:10:27 GMT 2025","passed","Mon Jul 28 09:10:27 GMT 2025","","test_substrate_node_is_synced","",""
"","122","test_rpc_method_is_available[Test for KILT, url: wss://kilt.ibp.network]","tests","Mon Jul 28 09:11:41 GMT 2025","passed","Mon Jul 28 09:11:41 GMT 2025","","test_rpc_methods_availability","",""
"","88","test_rpc_node_is_synced[Test for Polkadot People, url: wss://polkadot-people-rpc.polkadot.io]","tests","Mon Jul 28 09:10:13 GMT 2025","passed","Mon Jul 28 09:10:13 GMT 2025","","test_substrate_node_is_synced","",""
"","8","test_has_new_assets[Test for Joystream]","tests","Mon Jul 28 09:10:57 GMT 2025","passed","Mon Jul 28 09:10:57 GMT 2025","TestAssets","test_check_new_assets","",""
"","0","test_chainId[Test for Kusama]","tests","Mon Jul 28 09:09:58 GMT 2025","passed","Mon Jul 28 09:09:58 GMT 2025","TestChainId","test_network_parameters","",""
"","0","test_can_create_connection[Test for Hyperbridge Nexus, url: wss://hyperbridge-nexus-rpc.blockops.network]","tests","Mon Jul 28 09:13:12 GMT 2025","passed","Mon Jul 28 09:13:12 GMT 2025","","test_nodes_availability","",""
"","0","test_chainId[Test for krest]","tests","Mon Jul 28 09:10:43 GMT 2025","passed","Mon Jul 28 09:10:43 GMT 2025","TestChainId","test_network_parameters","",""
"","0","test_can_create_connection[Test for UNIQUE, url: wss://asia-ws.unique.network/]","tests","Mon Jul 28 09:12:35 GMT 2025","passed","Mon Jul 28 09:12:35 GMT 2025","","test_nodes_availability","",""
"","70","test_rpc_method_is_available[Test for Polkadot, url: wss://polkadot-rpc.dwellir.com]","tests","Mon Jul 28 09:10:26 GMT 2025","passed","Mon Jul 28 09:10:26 GMT 2025","","test_rpc_methods_availability","",""
"","7","test_rpc_node_is_synced[Test for Encointer, url: wss://sys.ibp.network/encointer-kusama]","tests","Mon Jul 28 09:11:42 GMT 2025","passed","Mon Jul 28 09:11:42 GMT 2025","","test_substrate_node_is_synced","",""
"","75","test_rpc_method_is_available[Test for Polimec, url: wss://polimec.ibp.network]","tests","Mon Jul 28 09:13:01 GMT 2025","passed","Mon Jul 28 09:13:01 GMT 2025","","test_rpc_methods_availability","",""
"","0","test_can_create_connection[Test for Encointer, url: wss://api.kusama.encointer.org]","tests","Mon Jul 28 09:12:09 GMT 2025","passed","Mon Jul 28 09:12:09 GMT 2025","","test_nodes_availability","",""
"","0","test_can_create_connection[Test for Robonomics, url: wss://kusama.rpc.robonomics.network/]","tests","Mon Jul 28 09:11:50 GMT 2025","passed","Mon Jul 28 09:11:50 GMT 2025","","test_nodes_availability","",""
"","0","test_chainId[Test for Ajuna]","tests","Mon Jul 28 09:10:43 GMT 2025","passed","Mon Jul 28 09:10:43 GMT 2025","TestChainId","test_network_parameters","",""
"","91","test_rpc_node_is_synced[Test for Bifrost Polkadot, url: wss://eu.bifrost-polkadot-rpc.liebi.com/ws]","tests","Mon Jul 28 09:12:06 GMT 2025","passed","Mon Jul 28 09:12:06 GMT 2025","","test_substrate_node_is_synced","",""
"","40","test_rpc_method_is_available[Test for Ajuna, url: wss://ajuna.dotters.network]","tests","Mon Jul 28 09:12:38 GMT 2025","passed","Mon Jul 28 09:12:38 GMT 2025","","test_rpc_methods_availability","",""
"","198","test_rpc_node_is_synced[Test for Astar, url: wss://astar.public.curie.radiumblock.co/ws]","tests","Mon Jul 28 09:11:24 GMT 2025","passed","Mon Jul 28 09:11:24 GMT 2025","","test_substrate_node_is_synced","",""
"","71","test_rpc_method_is_available[Test for Polkadot, url: wss://polkadot.dotters.network]","tests","Mon Jul 28 09:10:16 GMT 2025","passed","Mon Jul 28 09:10:16 GMT 2025","","test_rpc_methods_availability","",""
"","0","test_can_create_connection[Test for XX network, url: wss://rpc-hetzner.xx.network]","tests","Mon Jul 28 09:12:23 GMT 2025","passed","Mon Jul 28 09:12:23 GMT 2025","","test_nodes_availability","",""
"","37","test_rpc_method_is_available[Test for Moonriver, url: wss://moonriver-rpc.dwellir.com]","tests","Mon Jul 28 09:10:59 GMT 2025","passed","Mon Jul 28 09:10:59 GMT 2025","","test_rpc_methods_availability","",""
"","11","test_has_new_assets[Test for Kusama Asset Hub]","tests","Mon Jul 28 09:10:18 GMT 2025","passed","Mon Jul 28 09:10:18 GMT 2025","TestAssets","test_check_new_assets","",""
"","261","test_rpc_node_is_synced[Test for Astar, url: wss://rpc.astar.network]","tests","Mon Jul 28 09:11:14 GMT 2025","passed","Mon Jul 28 09:11:14 GMT 2025","","test_substrate_node_is_synced","",""
"","71","test_rpc_method_is_available[Test for Shiden, url: wss://shiden-rpc.dwellir.com]","tests","Mon Jul 28 09:10:43 GMT 2025","passed","Mon Jul 28 09:10:43 GMT 2025","","test_rpc_methods_availability","",""
"","80","test_rpc_method_is_available[Test for Hydration, url: wss://hydradx-rpc.dwellir.com]","tests","Mon Jul 28 09:11:58 GMT 2025","passed","Mon Jul 28 09:11:58 GMT 2025","","test_rpc_methods_availability","",""
"","1","test_address_prefix[Test for Polymesh]","tests","Mon Jul 28 09:10:35 GMT 2025","passed","Mon Jul 28 09:10:35 GMT 2025","TestNetworkPrefix","test_network_parameters","",""
"","7","test_rpc_node_is_synced[Test for Bifrost Polkadot, url: wss://bifrost-polkadot.ibp.network]","tests","Mon Jul 28 09:12:22 GMT 2025","passed","Mon Jul 28 09:12:22 GMT 2025","","test_substrate_node_is_synced","",""
"","91","test_rpc_method_is_available[Test for Integritee Parachain, url: wss://kusama.api.integritee.network]","tests","Mon Jul 28 09:11:21 GMT 2025","passed","Mon Jul 28 09:11:21 GMT 2025","","test_rpc_methods_availability","",""
"","7","test_rpc_node_is_synced[Test for Polkadot Coretime, url: wss://coretime-polkadot.dotters.network]","tests","Mon Jul 28 09:13:29 GMT 2025","passed","Mon Jul 28 09:13:29 GMT 2025","","test_substrate_node_is_synced","",""
"","97","test_rpc_method_is_available[Test for Kusama, url: wss://rpc-kusama-2.novasama-tech.org]","tests","Mon Jul 28 09:11:01 GMT 2025","passed","Mon Jul 28 09:11:01 GMT 2025","","test_rpc_methods_availability","",""
"","6","test_has_new_assets[Test for Tanssi]","tests","Mon Jul 28 09:11:26 GMT 2025","passed","Mon Jul 28 09:11:26 GMT 2025","TestAssets","test_check_new_assets","",""
"","15","test_rpc_node_is_synced[Test for UNIQUE, url: wss://us-ws.unique.network/]","tests","Mon Jul 28 09:12:23 GMT 2025","passed","Mon Jul 28 09:12:23 GMT 2025","","test_substrate_node_is_synced","",""
"","0","test_can_create_connection[Test for Hyperbridge Nexus, url: wss://nexus.ibp.network]","tests","Mon Jul 28 09:13:07 GMT 2025","passed","Mon Jul 28 09:13:07 GMT 2025","","test_nodes_availability","",""
"","6","test_has_new_assets[Test for Astar]","tests","Mon Jul 28 09:10:09 GMT 2025","passed","Mon Jul 28 09:10:09 GMT 2025","TestAssets","test_check_new_assets","",""
"","91","test_rpc_node_is_synced[Test for Hyperbridge Nexus, url: wss://hyperbridge-nexus-rpc.blockops.network]","tests","Mon Jul 28 09:13:07 GMT 2025","passed","Mon Jul 28 09:13:07 GMT 2025","","test_substrate_node_is_synced","",""
"","68","test_rpc_method_is_available[Test for Tanssi, url: wss://tanssi.tanssi-mainnet.network]","tests","Mon Jul 28 09:13:52 GMT 2025","passed","Mon Jul 28 09:13:52 GMT 2025","","test_rpc_methods_availability","",""
"","0","test_chainId[Test for Acala]","tests","Mon Jul 28 09:09:54 GMT 2025","passed","Mon Jul 28 09:09:54 GMT 2025","TestChainId","test_network_parameters","",""
"","0","test_can_create_connection[Test for JAMTON, url: wss://rpc.jamton.network]","tests","Mon Jul 28 09:13:31 GMT 2025","passed","Mon Jul 28 09:13:31 GMT 2025","","test_nodes_availability","",""
"","1","test_precision[Test for Kintsugi]","tests","Mon Jul 28 09:10:27 GMT 2025","passed","Mon Jul 28 09:10:27 GMT 2025","TestPrecision","test_network_parameters","",""
"","96","test_rpc_method_is_available[Test for Enjin Matrix, url: wss://rpc.matrix.blockchain.enjin.io]","tests","Mon Jul 28 09:12:55 GMT 2025","passed","Mon Jul 28 09:12:55 GMT 2025","","test_rpc_methods_availability","",""
"","89","test_rpc_node_is_synced[Test for Westend (TESTNET), url: wss://westend-rpc.polkadot.io]","tests","Mon Jul 28 09:10:47 GMT 2025","passed","Mon Jul 28 09:10:47 GMT 2025","","test_substrate_node_is_synced","",""
"","121","test_rpc_method_is_available[Test for Bifrost Polkadot, url: wss://bifrost-polkadot.ibp.network]","tests","Mon Jul 28 09:11:44 GMT 2025","passed","Mon Jul 28 09:11:44 GMT 2025","","test_rpc_methods_availability","",""
"","79","test_rpc_method_is_available[Test for Xode, url: wss://rpc-kr.xode.net]","tests","Mon Jul 28 09:13:33 GMT 2025","passed","Mon Jul 28 09:13:33 GMT 2025","","test_rpc_methods_availability","",""
"","8","test_has_new_assets[Test for KILT]","tests","Mon Jul 28 09:10:16 GMT 2025","passed","Mon Jul 28 09:10:16 GMT 2025","TestAssets","test_check_new_assets","",""
"","80","test_rpc_method_is_available[Test for Polkadot Collectives, url: wss://sys.ibp.network/collectives-polkadot]","tests","Mon Jul 28 09:13:06 GMT 2025","passed","Mon Jul 28 09:13:06 GMT 2025","","test_rpc_methods_availability","",""
"","61","test_rpc_method_is_available[Test for Crab, url: wss://crab-rpc.darwinia.network/]","tests","Mon Jul 28 09:12:59 GMT 2025","passed","Mon Jul 28 09:12:59 GMT 2025","","test_rpc_methods_availability","",""
"","0","test_address_prefix[Test for CC Enterprise]","tests","Mon Jul 28 09:11:22 GMT 2025","passed","Mon Jul 28 09:11:22 GMT 2025","TestNetworkPrefix","test_network_parameters","",""
"","0","test_can_create_connection[Test for Nodle Parachain, url: wss://nodle-rpc.dwellir.com]","tests","Mon Jul 28 09:11:09 GMT 2025","passed","Mon Jul 28 09:11:09 GMT 2025","","test_nodes_availability","",""
"","1","test_can_create_connection[Test for Kusama, url: wss://kusama.dotters.network]","tests","Mon Jul 28 09:10:04 GMT 2025","passed","Mon Jul 28 09:10:04 GMT 2025","","test_nodes_availability","",""
"","0","test_address_prefix[Test for Enjin Relay]","tests","Mon Jul 28 09:11:14 GMT 2025","passed","Mon Jul 28 09:11:14 GMT 2025","TestNetworkPrefix","test_network_parameters","",""
"","0","test_can_create_connection[Test for Karura, url: wss://karura-rpc.dwellir.com]","tests","Mon Jul 28 09:10:11 GMT 2025","passed","Mon Jul 28 09:10:11 GMT 2025","","test_nodes_availability","",""
"","3744","test_rpc_node_work_fast[Test for Ethereum, url: https://ethereum-rpc.publicnode.com]","tests","Mon Jul 28 09:09:51 GMT 2025","passed","Mon Jul 28 09:09:55 GMT 2025","TestETHNodesAvailability","test_eth_nodes_availability","",""
"","0","test_chainId[Test for Crab]","tests","Mon Jul 28 09:10:50 GMT 2025","passed","Mon Jul 28 09:10:50 GMT 2025","TestChainId","test_network_parameters","",""
"","6","test_has_new_assets[Test for Amplitude]","tests","Mon Jul 28 09:10:33 GMT 2025","passed","Mon Jul 28 09:10:33 GMT 2025","TestAssets","test_check_new_assets","",""
"","8","test_rpc_node_is_synced[Test for Bifrost Kusama, url: wss://us.bifrost-rpc.liebi.com/ws]","tests","Mon Jul 28 09:11:03 GMT 2025","passed","Mon Jul 28 09:11:03 GMT 2025","","test_substrate_node_is_synced","",""
"","0","test_can_create_connection[Test for Amplitude, url: wss://rpc-amplitude.pendulumchain.tech]","tests","Mon Jul 28 09:12:46 GMT 2025","passed","Mon Jul 28 09:12:46 GMT 2025","","test_nodes_availability","",""
"","1","test_address_prefix[Test for Polkadot Asset Hub]","tests","Mon Jul 28 09:10:24 GMT 2025","passed","Mon Jul 28 09:10:24 GMT 2025","TestNetworkPrefix","test_network_parameters","",""
"","42","test_has_new_assets[Test for Karura]","tests","Mon Jul 28 09:10:06 GMT 2025","passed","Mon Jul 28 09:10:06 GMT 2025","TestAssets","test_check_new_assets","",""
"","314","test_rpc_node_is_synced[Test for Acala, url: wss://acala-rpc-1.aca-api.network]","tests","Mon Jul 28 09:11:46 GMT 2025","passed","Mon Jul 28 09:11:46 GMT 2025","","test_substrate_node_is_synced","",""
"","0","test_can_create_connection[Test for Bifrost Polkadot, url: wss://eu.bifrost-polkadot-rpc.liebi.com/ws]","tests","Mon Jul 28 09:12:07 GMT 2025","passed","Mon Jul 28 09:12:07 GMT 2025","","test_nodes_availability","",""
"","1","test_chainId[Test for Avail]","tests","Mon Jul 28 09:11:00 GMT 2025","passed","Mon Jul 28 09:11:00 GMT 2025","TestChainId","test_network_parameters","",""
"","104","test_rpc_node_is_synced[Test for Kusama Asset Hub, url: wss://asset-hub-kusama-rpc.dwellir.com]","tests","Mon Jul 28 09:10:11 GMT 2025","passed","Mon Jul 28 09:10:11 GMT 2025","","test_substrate_node_is_synced","",""
"","0","test_precision[Test for Acurast Canary]","tests","Mon Jul 28 09:11:17 GMT 2025","passed","Mon Jul 28 09:11:17 GMT 2025","TestPrecision","test_network_parameters","",""
"","254","test_rpc_node_is_synced[Test for Kusama, url: wss://1rpc.io/ksm]","tests","Mon Jul 28 09:10:33 GMT 2025","passed","Mon Jul 28 09:10:33 GMT 2025","","test_substrate_node_is_synced","",""
"","48","test_rpc_method_is_available[Test for Acala, url: wss://acala-rpc.dwellir.com]","tests","Mon Jul 28 09:11:11 GMT 2025","passed","Mon Jul 28 09:11:11 GMT 2025","","test_rpc_methods_availability","",""
"","0","test_precision[Test for Altair]","tests","Mon Jul 28 09:10:16 GMT 2025","passed","Mon Jul 28 09:10:16 GMT 2025","TestPrecision","test_network_parameters","",""
"","0","test_can_create_connection[Test for Bifrost Polkadot, url: wss://bifrost-polkadot.dotters.network]","tests","Mon Jul 28 09:11:52 GMT 2025","passed","Mon Jul 28 09:11:52 GMT 2025","","test_nodes_availability","",""
"","0","test_chainId[Test for Polkadot]","tests","Mon Jul 28 09:09:55 GMT 2025","passed","Mon Jul 28 09:09:55 GMT 2025","TestChainId","test_network_parameters","",""
"","1","test_can_create_connection[Test for Bifrost Kusama, url: wss://us.bifrost-rpc.liebi.com/ws]","tests","Mon Jul 28 09:11:03 GMT 2025","passed","Mon Jul 28 09:11:03 GMT 2025","","test_nodes_availability","",""
"","70","test_rpc_method_is_available[Test for QUARTZ, url: wss://eu-ws-quartz.unique.network]","tests","Mon Jul 28 09:12:01 GMT 2025","passed","Mon Jul 28 09:12:01 GMT 2025","","test_rpc_methods_availability","",""
"","6","test_rpc_node_is_synced[Test for Kusama Asset Hub, url: wss://sys.ibp.network/statemine]","tests","Mon Jul 28 09:10:57 GMT 2025","passed","Mon Jul 28 09:10:57 GMT 2025","","test_substrate_node_is_synced","",""
"","89","test_rpc_node_is_synced[Test for Robonomics, url: wss://kusama.rpc.robonomics.network/]","tests","Mon Jul 28 09:11:40 GMT 2025","passed","Mon Jul 28 09:11:40 GMT 2025","","test_substrate_node_is_synced","",""
"","112","test_rpc_method_is_available[Test for Polkadot, url: wss://apps-rpc.polkadot.io]","tests","Mon Jul 28 09:10:21 GMT 2025","passed","Mon Jul 28 09:10:21 GMT 2025","","test_rpc_methods_availability","",""
"","1","test_can_create_connection[Test for Polkadot Bridge Hub, url: wss://sys.ibp.network/bridgehub-polkadot]","tests","Mon Jul 28 09:12:33 GMT 2025","passed","Mon Jul 28 09:12:33 GMT 2025","","test_nodes_availability","",""
"","1","test_address_prefix[Test for XX network]","tests","Mon Jul 28 09:10:43 GMT 2025","passed","Mon Jul 28 09:10:43 GMT 2025","TestNetworkPrefix","test_network_parameters","",""
"","0","test_precision[Test for 3DPass]","tests","Mon Jul 28 09:10:52 GMT 2025","passed","Mon Jul 28 09:10:52 GMT 2025","TestPrecision","test_network_parameters","",""
"","1","test_address_prefix[Test for DENTNet]","tests","Mon Jul 28 09:11:22 GMT 2025","passed","Mon Jul 28 09:11:22 GMT 2025","TestNetworkPrefix","test_network_parameters","",""
"","6","test_has_new_assets[Test for Vara]","tests","Mon Jul 28 09:10:50 GMT 2025","passed","Mon Jul 28 09:10:50 GMT 2025","TestAssets","test_check_new_assets","",""
"","0","test_can_create_connection[Test for Laos, url: wss://rpc.laos.laosfoundation.io]","tests","Mon Jul 28 09:13:27 GMT 2025","passed","Mon Jul 28 09:13:27 GMT 2025","","test_nodes_availability","",""
"","0","test_can_create_connection[Test for 3DPass, url: wss://rpc.3dpass.org]","tests","Mon Jul 28 09:12:20 GMT 2025","passed","Mon Jul 28 09:12:20 GMT 2025","","test_nodes_availability","",""
"","10","test_rpc_node_is_synced[Test for Avail, url: wss://avail-mainnet.public.blastapi.io/]","tests","Mon Jul 28 09:13:17 GMT 2025","passed","Mon Jul 28 09:13:17 GMT 2025","","test_substrate_node_is_synced","",""
"","75","test_rpc_method_is_available[Test for Polkadot Collectives, url: wss://collectives.public.curie.radiumblock.co/ws]","tests","Mon Jul 28 09:12:42 GMT 2025","passed","Mon Jul 28 09:12:42 GMT 2025","","test_rpc_methods_availability","",""
"","7","test_has_new_assets[Test for DeepBrain]","tests","Mon Jul 28 09:11:19 GMT 2025","passed","Mon Jul 28 09:11:19 GMT 2025","TestAssets","test_check_new_assets","",""
"","6","test_has_new_assets[Test for Polkadot Coretime]","tests","Mon Jul 28 09:11:19 GMT 2025","passed","Mon Jul 28 09:11:19 GMT 2025","TestAssets","test_check_new_assets","",""
"","0","test_can_create_connection[Test for Kusama Asset Hub, url: wss://asset-hub-kusama-rpc.dwellir.com]","tests","Mon Jul 28 09:10:04 GMT 2025","passed","Mon Jul 28 09:10:04 GMT 2025","","test_nodes_availability","",""
"","78","test_rpc_method_is_available[Test for Acala, url: wss://acala-rpc-0.aca-api.network]","tests","Mon Jul 28 09:12:16 GMT 2025","passed","Mon Jul 28 09:12:16 GMT 2025","","test_rpc_methods_availability","",""
"","1","test_can_create_connection[Test for Polimec, url: wss://polimec.dotters.network]","tests","Mon Jul 28 09:12:49 GMT 2025","passed","Mon Jul 28 09:12:49 GMT 2025","","test_nodes_availability","",""
"","0","test_can_create_connection[Test for KILT, url: wss://kilt.dotters.network]","tests","Mon Jul 28 09:11:28 GMT 2025","passed","Mon Jul 28 09:11:28 GMT 2025","","test_nodes_availability","",""
"","104","test_rpc_node_is_synced[Test for Hydration, url: wss://hydradx-rpc.dwellir.com]","tests","Mon Jul 28 09:12:27 GMT 2025","passed","Mon Jul 28 09:12:27 GMT 2025","","test_substrate_node_is_synced","",""
"","1","test_precision[Test for Vara]","tests","Mon Jul 28 09:10:53 GMT 2025","passed","Mon Jul 28 09:10:53 GMT 2025","TestPrecision","test_network_parameters","",""
"","0","test_chainId[Test for Zeitgeist]","tests","Mon Jul 28 09:10:11 GMT 2025","passed","Mon Jul 28 09:10:11 GMT 2025","TestChainId","test_network_parameters","",""
"","0","test_chainId[Test for CC Enterprise]","tests","Mon Jul 28 09:11:03 GMT 2025","passed","Mon Jul 28 09:11:03 GMT 2025","TestChainId","test_network_parameters","",""
"","0","test_can_create_connection[Test for Xode, url: wss://rpcnodea01.xode.net/n7yoxCmcIrCF6VziCcDmYTwL8R03a/rpc]","tests","Mon Jul 28 09:13:27 GMT 2025","passed","Mon Jul 28 09:13:27 GMT 2025","","test_nodes_availability","",""
"","9","test_rpc_node_is_synced[Test for Kusama People, url: wss://sys.ibp.network/people-kusama]","tests","Mon Jul 28 09:10:25 GMT 2025","passed","Mon Jul 28 09:10:25 GMT 2025","","test_substrate_node_is_synced","",""
"","0","test_can_create_connection[Test for Pendulum, url: wss://rpc-pendulum.prd.pendulumchain.tech]","tests","Mon Jul 28 09:12:26 GMT 2025","passed","Mon Jul 28 09:12:26 GMT 2025","","test_nodes_availability","",""
"","1","test_chainId[Test for Humanode]","tests","Mon Jul 28 09:11:04 GMT 2025","passed","Mon Jul 28 09:11:04 GMT 2025","TestChainId","test_network_parameters","",""
"","74","test_rpc_method_is_available[Test for Joystream, url: wss://rpc.joystream.org]","tests","Mon Jul 28 09:12:47 GMT 2025","passed","Mon Jul 28 09:12:48 GMT 2025","","test_rpc_methods_availability","",""
"","0","test_chainId[Test for Tangle]","tests","Mon Jul 28 09:11:17 GMT 2025","passed","Mon Jul 28 09:11:17 GMT 2025","TestChainId","test_network_parameters","",""
"","0","test_precision[Test for Cere]","tests","Mon Jul 28 09:11:21 GMT 2025","passed","Mon Jul 28 09:11:21 GMT 2025","TestPrecision","test_network_parameters","",""
"","6","test_rpc_node_is_synced[Test for Polkadot Asset Hub, url: wss://asset-hub-polkadot.dotters.network]","tests","Mon Jul 28 09:11:32 GMT 2025","passed","Mon Jul 28 09:11:32 GMT 2025","","test_substrate_node_is_synced","",""
"","1","test_address_prefix[Test for Westend (TESTNET)]","tests","Mon Jul 28 09:10:25 GMT 2025","passed","Mon Jul 28 09:10:25 GMT 2025","TestNetworkPrefix","test_network_parameters","",""
"","92","test_rpc_method_is_available[Test for Polkadot Coretime, url: wss://rpc-coretime-polkadot.luckyfriday.io]","tests","Mon Jul 28 09:13:42 GMT 2025","passed","Mon Jul 28 09:13:42 GMT 2025","","test_rpc_methods_availability","",""
"","1","test_can_create_connection[Test for Karura, url: wss://karura-rpc-1.aca-api.network]","tests","Mon Jul 28 09:10:33 GMT 2025","passed","Mon Jul 28 09:10:33 GMT 2025","","test_nodes_availability","",""
"","0","test_can_create_connection[Test for Kusama Coretime, url: wss://ksm-rpc.stakeworld.io/coretime]","tests","Mon Jul 28 09:13:41 GMT 2025","passed","Mon Jul 28 09:13:41 GMT 2025","","test_nodes_availability","",""
"","0","test_can_create_connection[Test for QUARTZ, url: wss://quartz.unique.network]","tests","Mon Jul 28 09:11:38 GMT 2025","passed","Mon Jul 28 09:11:38 GMT 2025","","test_nodes_availability","",""
"","70","test_rpc_method_is_available[Test for Polkadot, url: wss://dot-rpc.stakeworld.io]","tests","Mon Jul 28 09:10:31 GMT 2025","passed","Mon Jul 28 09:10:31 GMT 2025","","test_rpc_methods_availability","",""
"","1","test_address_prefix[Test for Acala]","tests","Mon Jul 28 09:10:17 GMT 2025","passed","Mon Jul 28 09:10:17 GMT 2025","TestNetworkPrefix","test_network_parameters","",""
"","80","test_has_new_assets[Test for Acala]","tests","Mon Jul 28 09:10:03 GMT 2025","passed","Mon Jul 28 09:10:03 GMT 2025","TestAssets","test_check_new_assets","",""
"","7","test_rpc_node_is_synced[Test for Polkadot, url: wss://polkadot.dotters.network]","tests","Mon Jul 28 09:10:20 GMT 2025","passed","Mon Jul 28 09:10:20 GMT 2025","","test_substrate_node_is_synced","",""
"","7","test_rpc_node_is_synced[Test for Polkadot Bridge Hub, url: wss://bridge-hub-polkadot.dotters.network]","tests","Mon Jul 28 09:12:42 GMT 2025","passed","Mon Jul 28 09:12:42 GMT 2025","","test_substrate_node_is_synced","",""
"","0","test_precision[Test for Tanssi]","tests","Mon Jul 28 09:11:39 GMT 2025","passed","Mon Jul 28 09:11:39 GMT 2025","TestPrecision","test_network_parameters","",""
"","0","test_address_prefix[Test for Altair]","tests","Mon Jul 28 09:10:26 GMT 2025","passed","Mon Jul 28 09:10:26 GMT 2025","TestNetworkPrefix","test_network_parameters","",""
"","120","test_rpc_method_is_available[Test for Mythos, url: wss://polkadot-mythos-rpc.polkadot.io]","tests","Mon Jul 28 09:13:16 GMT 2025","passed","Mon Jul 28 09:13:16 GMT 2025","","test_rpc_methods_availability","",""
"","6","test_has_new_assets[Test for Hyperbridge Nexus]","tests","Mon Jul 28 09:11:09 GMT 2025","passed","Mon Jul 28 09:11:09 GMT 2025","TestAssets","test_check_new_assets","",""
"","6","test_rpc_node_is_synced[Test for Mythos, url: wss://mythos.dotters.network]","tests","Mon Jul 28 09:13:06 GMT 2025","passed","Mon Jul 28 09:13:06 GMT 2025","","test_substrate_node_is_synced","",""
"","103","test_rpc_node_is_synced[Test for DAO IPCI, url: wss://ipci.rpc.robonomics.network]","tests","Mon Jul 28 09:12:03 GMT 2025","passed","Mon Jul 28 09:12:03 GMT 2025","","test_substrate_node_is_synced","",""
"","0","test_address_prefix[Test for QUARTZ]","tests","Mon Jul 28 09:10:31 GMT 2025","passed","Mon Jul 28 09:10:31 GMT 2025","TestNetworkPrefix","test_network_parameters","",""
"","0","test_precision[Test for Kusama People]","tests","Mon Jul 28 09:10:05 GMT 2025","passed","Mon Jul 28 09:10:05 GMT 2025","TestPrecision","test_network_parameters","",""
"","1","test_chainId[Test for Polkadot People]","tests","Mon Jul 28 09:10:08 GMT 2025","passed","Mon Jul 28 09:10:08 GMT 2025","TestChainId","test_network_parameters","",""
"","0","test_chainId[Test for NeuroWeb]","tests","Mon Jul 28 09:10:31 GMT 2025","passed","Mon Jul 28 09:10:31 GMT 2025","TestChainId","test_network_parameters","",""
"","5","test_has_new_assets[Test for krest]","tests","Mon Jul 28 09:10:58 GMT 2025","passed","Mon Jul 28 09:10:58 GMT 2025","TestAssets","test_check_new_assets","",""
"","0","test_address_prefix[Test for Polkadot Coretime]","tests","Mon Jul 28 09:11:32 GMT 2025","passed","Mon Jul 28 09:11:32 GMT 2025","TestNetworkPrefix","test_network_parameters","",""
"","135","test_rpc_node_is_synced[Test for XX network, url: wss://rpc-hetzner.xx.network]","tests","Mon Jul 28 09:12:11 GMT 2025","passed","Mon Jul 28 09:12:11 GMT 2025","","test_substrate_node_is_synced","",""
"","7","test_rpc_node_is_synced[Test for Hyperbridge Nexus, url: wss://nexus.ibp.network]","tests","Mon Jul 28 09:13:10 GMT 2025","passed","Mon Jul 28 09:13:10 GMT 2025","","test_substrate_node_is_synced","",""
"","86","test_rpc_node_is_synced[Test for Creditcoin, url: wss://mainnet3.creditcoin.network]","tests","Mon Jul 28 09:13:16 GMT 2025","passed","Mon Jul 28 09:13:16 GMT 2025","","test_substrate_node_is_synced","",""
"","319","test_rpc_node_is_synced[Test for Acala, url: wss://acala-rpc-3.aca-api.network/ws]","tests","Mon Jul 28 09:11:03 GMT 2025","passed","Mon Jul 28 09:11:04 GMT 2025","","test_substrate_node_is_synced","",""
"","69","test_rpc_method_is_available[Test for 3DPass, url: wss://rpc.3dpass.org]","tests","Mon Jul 28 09:12:42 GMT 2025","passed","Mon Jul 28 09:12:42 GMT 2025","","test_rpc_methods_availability","",""
"","117","test_rpc_node_is_synced[Test for Kintsugi, url: wss://api-kusama.interlay.io/parachain]","tests","Mon Jul 28 09:11:51 GMT 2025","passed","Mon Jul 28 09:11:51 GMT 2025","","test_substrate_node_is_synced","",""
"","7","test_has_new_assets[Test for Shiden]","tests","Mon Jul 28 09:10:15 GMT 2025","passed","Mon Jul 28 09:10:15 GMT 2025","TestAssets","test_check_new_assets","",""
"","0","test_can_create_connection[Test for Encointer, url: wss://encointer-kusama.dotters.network]","tests","Mon Jul 28 09:12:05 GMT 2025","passed","Mon Jul 28 09:12:05 GMT 2025","","test_nodes_availability","",""
"","0","test_address_prefix[Test for Bifrost Polkadot]","tests","Mon Jul 28 09:10:34 GMT 2025","passed","Mon Jul 28 09:10:34 GMT 2025","TestNetworkPrefix","test_network_parameters","",""
"","7","test_rpc_node_is_synced[Test for GIANT, url: wss://rpc-anchor-1-mainnet-az-ue1.giantprotocol.org:443]","tests","Mon Jul 28 09:12:36 GMT 2025","passed","Mon Jul 28 09:12:36 GMT 2025","","test_substrate_node_is_synced","",""
"","0","test_chainId[Test for DeepBrain]","tests","Mon Jul 28 09:11:10 GMT 2025","passed","Mon Jul 28 09:11:10 GMT 2025","TestChainId","test_network_parameters","",""
"","0","test_can_create_connection[Test for Acala, url: wss://acala-rpc-1.aca-api.network]","tests","Mon Jul 28 09:12:01 GMT 2025","passed","Mon Jul 28 09:12:01 GMT 2025","","test_nodes_availability","",""
"","532","test_rpc_node_is_synced[Test for Polkadex, url: wss://polkadex.public.curie.radiumblock.co/ws]","tests","Mon Jul 28 09:12:13 GMT 2025","passed","Mon Jul 28 09:12:13 GMT 2025","","test_substrate_node_is_synced","",""
"","37","test_rpc_method_is_available[Test for DeepBrain, url: wss://info.dbcwallet.io]","tests","Mon Jul 28 09:13:32 GMT 2025","passed","Mon Jul 28 09:13:32 GMT 2025","","test_rpc_methods_availability","",""
"","0","test_address_prefix[Test for Moonriver]","tests","Mon Jul 28 09:10:25 GMT 2025","passed","Mon Jul 28 09:10:25 GMT 2025","TestNetworkPrefix","test_network_parameters","",""
"","0","test_address_prefix[Test for Phala]","tests","Mon Jul 28 09:10:41 GMT 2025","passed","Mon Jul 28 09:10:41 GMT 2025","TestNetworkPrefix","test_network_parameters","",""
"","73","test_rpc_method_is_available[Test for Basilisk, url: wss://rpc.basilisk.cloud]","tests","Mon Jul 28 09:11:27 GMT 2025","passed","Mon Jul 28 09:11:27 GMT 2025","","test_rpc_methods_availability","",""
"","67","test_rpc_method_is_available[Test for Hyperbridge Nexus, url: wss://nexus.ibp.network]","tests","Mon Jul 28 09:13:16 GMT 2025","passed","Mon Jul 28 09:13:16 GMT 2025","","test_rpc_methods_availability","",""
"","7","test_rpc_node_is_synced[Test for Interlay, url: wss://rpc-interlay.luckyfriday.io/]","tests","Mon Jul 28 09:11:37 GMT 2025","passed","Mon Jul 28 09:11:37 GMT 2025","","test_substrate_node_is_synced","",""
"","0","test_address_prefix[Test for Astar]","tests","Mon Jul 28 09:10:20 GMT 2025","passed","Mon Jul 28 09:10:20 GMT 2025","TestNetworkPrefix","test_network_parameters","",""
"","0","test_can_create_connection[Test for Kusama Bridge Hub, url: wss://bridge-hub-kusama.dotters.network]","tests","Mon Jul 28 09:12:54 GMT 2025","passed","Mon Jul 28 09:12:54 GMT 2025","","test_nodes_availability","",""
"","104","test_rpc_method_is_available[Test for NeuroWeb, url: wss://parachain-rpc.origin-trail.network]","tests","Mon Jul 28 09:11:40 GMT 2025","passed","Mon Jul 28 09:11:40 GMT 2025","","test_rpc_methods_availability","",""
"","9","test_has_new_assets[Test for Mythos]","tests","Mon Jul 28 09:11:07 GMT 2025","passed","Mon Jul 28 09:11:07 GMT 2025","TestAssets","test_check_new_assets","",""
"","0","test_can_create_connection[Test for Hydration, url: wss://hydration.ibp.network]","tests","Mon Jul 28 09:11:45 GMT 2025","passed","Mon Jul 28 09:11:45 GMT 2025","","test_nodes_availability","",""
"","84","test_rpc_node_is_synced[Test for Crust Polkadot Parachain, url: wss://crust-parachain.crustapps.net]","tests","Mon Jul 28 09:12:18 GMT 2025","passed","Mon Jul 28 09:12:18 GMT 2025","","test_substrate_node_is_synced","",""
"","106","test_rpc_node_is_synced[Test for JAMTON, url: wss://rpc.jamton.network]","tests","Mon Jul 28 09:13:23 GMT 2025","passed","Mon Jul 28 09:13:23 GMT 2025","","test_substrate_node_is_synced","",""
"","0","test_chainId[Test for Frequency]","tests","Mon Jul 28 09:10:34 GMT 2025","passed","Mon Jul 28 09:10:34 GMT 2025","TestChainId","test_network_parameters","",""
"","7","test_rpc_node_is_synced[Test for Ajuna, url: wss://ajuna.ibp.network]","tests","Mon Jul 28 09:12:33 GMT 2025","passed","Mon Jul 28 09:12:33 GMT 2025","","test_substrate_node_is_synced","",""
"","101","test_rpc_node_is_synced[Test for Kusama, url: wss://rpc-kusama-1.novasama-tech.org]","tests","Mon Jul 28 09:10:53 GMT 2025","passed","Mon Jul 28 09:10:53 GMT 2025","","test_substrate_node_is_synced","",""
"","9","test_rpc_node_is_synced[Test for Kusama Coretime, url: wss://rpc-coretime-kusama.luckyfriday.io]","tests","Mon Jul 28 09:13:31 GMT 2025","passed","Mon Jul 28 09:13:32 GMT 2025","","test_substrate_node_is_synced","",""
"","105","test_rpc_node_is_synced[Test for Enjin Relay, url: wss://enjin-relay-rpc.dwellir.com]","tests","Mon Jul 28 09:13:04 GMT 2025","passed","Mon Jul 28 09:13:04 GMT 2025","","test_substrate_node_is_synced","",""
"","692","test_rpc_node_is_synced[Test for Crust Shadow, url: wss://rpc2-shadow.crust.network/]","tests","Mon Jul 28 09:11:40 GMT 2025","passed","Mon Jul 28 09:11:40 GMT 2025","","test_substrate_node_is_synced","",""
"","1","test_address_prefix[Test for 3DPass]","tests","Mon Jul 28 09:10:56 GMT 2025","passed","Mon Jul 28 09:10:56 GMT 2025","TestNetworkPrefix","test_network_parameters","",""
"","117","test_rpc_method_is_available[Test for Polkadot People, url: wss://sys.ibp.network/people-polkadot]","tests","Mon Jul 28 09:10:11 GMT 2025","passed","Mon Jul 28 09:10:11 GMT 2025","","test_rpc_methods_availability","",""
"","94","test_rpc_node_is_synced[Test for Energy Web X, url: wss://public-rpc.mainnet.energywebx.com/]","tests","Mon Jul 28 09:12:50 GMT 2025","passed","Mon Jul 28 09:12:50 GMT 2025","","test_substrate_node_is_synced","",""
"","1","test_can_create_connection[Test for Kusama Bridge Hub, url: wss://ksm-rpc.stakeworld.io/bridgehub]","tests","Mon Jul 28 09:13:00 GMT 2025","passed","Mon Jul 28 09:13:00 GMT 2025","","test_nodes_availability","",""
"","85","test_rpc_method_is_available[Test for Centrifuge Parachain, url: wss://rpc-centrifuge.luckyfriday.io]","tests","Mon Jul 28 09:11:32 GMT 2025","passed","Mon Jul 28 09:11:32 GMT 2025","","test_rpc_methods_availability","",""
"","0","test_chainId[Test for Interlay]","tests","Mon Jul 28 09:10:13 GMT 2025","passed","Mon Jul 28 09:10:13 GMT 2025","TestChainId","test_network_parameters","",""
"","88","test_rpc_method_is_available[Test for UNIQUE, url: wss://eu-ws.unique.network/]","tests","Mon Jul 28 09:12:21 GMT 2025","passed","Mon Jul 28 09:12:21 GMT 2025","","test_rpc_methods_availability","",""
"","9","test_has_new_assets[Test for Altair]","tests","Mon Jul 28 09:10:13 GMT 2025","passed","Mon Jul 28 09:10:13 GMT 2025","TestAssets","test_check_new_assets","",""
"","0","test_precision[Test for DENTNet]","tests","Mon Jul 28 09:11:22 GMT 2025","passed","Mon Jul 28 09:11:22 GMT 2025","TestPrecision","test_network_parameters","",""
"","98","test_rpc_node_is_synced[Test for QUARTZ, url: wss://asia-ws-quartz.unique.network]","tests","Mon Jul 28 09:11:38 GMT 2025","passed","Mon Jul 28 09:11:38 GMT 2025","","test_substrate_node_is_synced","",""
"","97","test_rpc_node_is_synced[Test for Tanssi, url: wss://tanssi.tanssi-mainnet.network]","tests","Mon Jul 28 09:13:37 GMT 2025","passed","Mon Jul 28 09:13:37 GMT 2025","","test_substrate_node_is_synced","",""
"","7","test_has_new_assets[Test for 3DPass]","tests","Mon Jul 28 09:10:43 GMT 2025","passed","Mon Jul 28 09:10:43 GMT 2025","TestAssets","test_check_new_assets","",""
"","240","test_rpc_node_is_synced[Test for Karura, url: wss://karura-rpc-1.aca-api.network]","tests","Mon Jul 28 09:10:36 GMT 2025","passed","Mon Jul 28 09:10:36 GMT 2025","","test_substrate_node_is_synced","",""
"","74","test_rpc_method_is_available[Test for Avail, url: wss://avail.rpc.bountyblok.io]","tests","Mon Jul 28 09:13:26 GMT 2025","passed","Mon Jul 28 09:13:26 GMT 2025","","test_rpc_methods_availability","",""
"","10","test_rpc_node_is_synced[Test for Zeitgeist, url: wss://zeitgeist.api.onfinality.io/public-ws]","tests","Mon Jul 28 09:11:01 GMT 2025","passed","Mon Jul 28 09:11:01 GMT 2025","","test_substrate_node_is_synced","",""
"","0","test_can_create_connection[Test for Polkadot Asset Hub, url: wss://rpc-assethub.novasama-tech.org]","tests","Mon Jul 28 09:11:34 GMT 2025","passed","Mon Jul 28 09:11:34 GMT 2025","","test_nodes_availability","",""
"","7","test_rpc_node_is_synced[Test for Ajuna, url: wss://ajuna.dotters.network]","tests","Mon Jul 28 09:12:37 GMT 2025","passed","Mon Jul 28 09:12:37 GMT 2025","","test_substrate_node_is_synced","",""
"","71","test_rpc_method_is_available[Test for Bifrost Kusama, url: wss://bifrost-rpc.liebi.com/ws]","tests","Mon Jul 28 09:10:56 GMT 2025","passed","Mon Jul 28 09:10:56 GMT 2025","","test_rpc_methods_availability","",""
"","121","test_rpc_node_is_synced[Test for Shiden, url: wss://shiden.public.curie.radiumblock.co/ws]","tests","Mon Jul 28 09:10:48 GMT 2025","passed","Mon Jul 28 09:10:48 GMT 2025","","test_substrate_node_is_synced","",""
"","75","test_rpc_method_is_available[Test for Bifrost Polkadot, url: wss://eu.bifrost-polkadot-rpc.liebi.com/ws]","tests","Mon Jul 28 09:12:03 GMT 2025","passed","Mon Jul 28 09:12:03 GMT 2025","","test_rpc_methods_availability","",""
"","0","test_can_create_connection[Test for DAO IPCI, url: wss://ipci.rpc.robonomics.network]","tests","Mon Jul 28 09:12:13 GMT 2025","passed","Mon Jul 28 09:12:13 GMT 2025","","test_nodes_availability","",""
"","0","test_can_create_connection[Test for Phala, url: wss://phala.public.curie.radiumblock.co/ws]","tests","Mon Jul 28 09:11:30 GMT 2025","passed","Mon Jul 28 09:11:30 GMT 2025","","test_nodes_availability","",""
"","75","test_rpc_method_is_available[Test for Enjin Relay, url: wss://rpc.relay.blockchain.enjin.io]","tests","Mon Jul 28 09:13:13 GMT 2025","passed","Mon Jul 28 09:13:13 GMT 2025","","test_rpc_methods_availability","",""
"","0","test_chainId[Test for Polkadot Collectives]","tests","Mon Jul 28 09:10:39 GMT 2025","passed","Mon Jul 28 09:10:39 GMT 2025","TestChainId","test_network_parameters","",""
"","0","test_address_prefix[Test for Pendulum]","tests","Mon Jul 28 09:10:47 GMT 2025","passed","Mon Jul 28 09:10:47 GMT 2025","TestNetworkPrefix","test_network_parameters","",""
"","123","test_rpc_node_is_synced[Test for Phala, url: wss://rpc.helikon.io/phala]","tests","Mon Jul 28 09:11:51 GMT 2025","passed","Mon Jul 28 09:11:51 GMT 2025","","test_substrate_node_is_synced","",""
"","6","test_rpc_node_is_synced[Test for Encointer, url: wss://encointer-kusama.dotters.network]","tests","Mon Jul 28 09:11:44 GMT 2025","passed","Mon Jul 28 09:11:44 GMT 2025","","test_substrate_node_is_synced","",""
"","4","test_has_new_assets[Test for XX network]","tests","Mon Jul 28 09:10:33 GMT 2025","passed","Mon Jul 28 09:10:33 GMT 2025","TestAssets","test_check_new_assets","",""
"","110","test_rpc_node_is_synced[Test for Curio, url: wss://archive.parachain.curioinvest.com]","tests","Mon Jul 28 09:13:03 GMT 2025","passed","Mon Jul 28 09:13:03 GMT 2025","","test_substrate_node_is_synced","",""
"","0","test_precision[Test for Robonomics]","tests","Mon Jul 28 09:10:17 GMT 2025","passed","Mon Jul 28 09:10:17 GMT 2025","TestPrecision","test_network_parameters","",""
"","0","test_can_create_connection[Test for Xode, url: wss://rpc-kr.xode.net]","tests","Mon Jul 28 09:13:27 GMT 2025","passed","Mon Jul 28 09:13:27 GMT 2025","","test_nodes_availability","",""
"","0","test_can_create_connection[Test for Hydration, url: wss://hydradx-rpc.dwellir.com]","tests","Mon Jul 28 09:11:56 GMT 2025","passed","Mon Jul 28 09:11:56 GMT 2025","","test_nodes_availability","",""
"","8","test_has_new_assets[Test for DENTNet]","tests","Mon Jul 28 09:11:12 GMT 2025","passed","Mon Jul 28 09:11:12 GMT 2025","TestAssets","test_check_new_assets","",""
"","0","test_chainId[Test for Bittensor]","tests","Mon Jul 28 09:10:39 GMT 2025","passed","Mon Jul 28 09:10:39 GMT 2025","TestChainId","test_network_parameters","",""
"","73","test_rpc_method_is_available[Test for Kusama Asset Hub, url: wss://sys.ibp.network/statemine]","tests","Mon Jul 28 09:10:56 GMT 2025","passed","Mon Jul 28 09:10:56 GMT 2025","","test_rpc_methods_availability","",""
"","1","test_can_create_connection[Test for Phala, url: wss://phala-rpc.dwellir.com]","tests","Mon Jul 28 09:11:14 GMT 2025","passed","Mon Jul 28 09:11:14 GMT 2025","","test_nodes_availability","",""
"","0","test_chainId[Test for Energy Web X]","tests","Mon Jul 28 09:10:46 GMT 2025","passed","Mon Jul 28 09:10:46 GMT 2025","TestChainId","test_network_parameters","",""
"","833","test_rpc_node_work_fast[Test for Ethereum, url: https://1rpc.io/eth]","tests","Mon Jul 28 09:09:51 GMT 2025","passed","Mon Jul 28 09:09:52 GMT 2025","TestETHNodesAvailability","test_eth_nodes_availability","",""
"","0","test_address_prefix[Test for Polkadex]","tests","Mon Jul 28 09:10:49 GMT 2025","passed","Mon Jul 28 09:10:49 GMT 2025","TestNetworkPrefix","test_network_parameters","",""
"","35","test_rpc_method_is_available[Test for Moonbeam, url: wss://moonbeam.dotters.network]","tests","Mon Jul 28 09:10:23 GMT 2025","passed","Mon Jul 28 09:10:23 GMT 2025","","test_rpc_methods_availability","",""
"","0","test_chainId[Test for Polymesh]","tests","Mon Jul 28 09:10:17 GMT 2025","passed","Mon Jul 28 09:10:17 GMT 2025","TestChainId","test_network_parameters","",""
"","0","test_chainId[Test for Crust Shadow]","tests","Mon Jul 28 09:10:17 GMT 2025","passed","Mon Jul 28 09:10:17 GMT 2025","TestChainId","test_network_parameters","",""
"","1","test_address_prefix[Test for Xode]","tests","Mon Jul 28 09:11:33 GMT 2025","passed","Mon Jul 28 09:11:33 GMT 2025","TestNetworkPrefix","test_network_parameters","",""
"","1","test_address_prefix[Test for Kusama]","tests","Mon Jul 28 09:10:21 GMT 2025","passed","Mon Jul 28 09:10:21 GMT 2025","TestNetworkPrefix","test_network_parameters","",""
"","106","test_rpc_node_is_synced[Test for Moonbeam, url: wss://moonbeam.public.blastapi.io]","tests","Mon Jul 28 09:10:34 GMT 2025","passed","Mon Jul 28 09:10:34 GMT 2025","","test_substrate_node_is_synced","",""
"","0","test_address_prefix[Test for Hyperbridge Nexus]","tests","Mon Jul 28 09:11:16 GMT 2025","passed","Mon Jul 28 09:11:16 GMT 2025","TestNetworkPrefix","test_network_parameters","",""
"","0","test_can_create_connection[Test for Enjin Relay, url: wss://enjin-relay-rpc.dwellir.com]","tests","Mon Jul 28 09:13:04 GMT 2025","passed","Mon Jul 28 09:13:04 GMT 2025","","test_nodes_availability","",""
"","71","test_rpc_method_is_available[Test for Polkadot, url: wss://rpc-polkadot.luckyfriday.io]","tests","Mon Jul 28 09:10:50 GMT 2025","passed","Mon Jul 28 09:10:50 GMT 2025","","test_rpc_methods_availability","",""
"","104","test_rpc_node_is_synced[Test for Kusama People, url: wss://kusama-people-rpc.polkadot.io]","tests","Mon Jul 28 09:10:23 GMT 2025","passed","Mon Jul 28 09:10:24 GMT 2025","","test_substrate_node_is_synced","",""
"","60","test_rpc_method_is_available[Test for Moonriver, url: wss://wss.api.moonriver.moonbeam.network]","tests","Mon Jul 28 09:10:42 GMT 2025","passed","Mon Jul 28 09:10:42 GMT 2025","","test_rpc_methods_availability","",""
"","1","test_address_prefix[Test for krest]","tests","Mon Jul 28 09:11:06 GMT 2025","passed","Mon Jul 28 09:11:06 GMT 2025","TestNetworkPrefix","test_network_parameters","",""
"","0","test_chainId[Test for Argochain]","tests","Mon Jul 28 09:11:17 GMT 2025","passed","Mon Jul 28 09:11:17 GMT 2025","TestChainId","test_network_parameters","",""
"","94","test_rpc_method_is_available[Test for Crust Shadow, url: wss://rpc-shadow.crust.network/]","tests","Mon Jul 28 09:11:16 GMT 2025","passed","Mon Jul 28 09:11:17 GMT 2025","","test_rpc_methods_availability","",""
"","0","test_can_create_connection[Test for Acurast Canary, url: wss://public-rpc.canary.acurast.com]","tests","Mon Jul 28 09:13:16 GMT 2025","passed","Mon Jul 28 09:13:16 GMT 2025","","test_nodes_availability","",""
"","6","test_has_new_assets[Test for Bifrost Polkadot]","tests","Mon Jul 28 09:10:22 GMT 2025","passed","Mon Jul 28 09:10:23 GMT 2025","TestAssets","test_check_new_assets","",""
"","0","test_can_create_connection[Test for Kusama, url: wss://rpc-kusama-1.novasama-tech.org]","tests","Mon Jul 28 09:10:54 GMT 2025","passed","Mon Jul 28 09:10:54 GMT 2025","","test_nodes_availability","",""
"","78","test_rpc_method_is_available[Test for Westend (TESTNET), url: wss://westend-rpc.polkadot.io]","tests","Mon Jul 28 09:10:48 GMT 2025","passed","Mon Jul 28 09:10:49 GMT 2025","","test_rpc_methods_availability","",""
"","9","test_has_new_assets[Test for Crust Polkadot Parachain]","tests","Mon Jul 28 09:10:41 GMT 2025","passed","Mon Jul 28 09:10:41 GMT 2025","TestAssets","test_check_new_assets","",""
"","0","test_can_create_connection[Test for Polkadot People, url: wss://people-polkadot.public.curie.radiumblock.co/ws]","tests","Mon Jul 28 09:10:16 GMT 2025","passed","Mon Jul 28 09:10:16 GMT 2025","","test_nodes_availability","",""
"","105","test_rpc_node_is_synced[Test for Polkadot, url: wss://polkadot-rpc.dwellir.com]","tests","Mon Jul 28 09:10:29 GMT 2025","passed","Mon Jul 28 09:10:29 GMT 2025","","test_substrate_node_is_synced","",""
"","0","test_chainId[Test for Aventus]","tests","Mon Jul 28 09:10:35 GMT 2025","passed","Mon Jul 28 09:10:35 GMT 2025","TestChainId","test_network_parameters","",""
"","0","test_address_prefix[Test for Moonbeam]","tests","Mon Jul 28 09:10:21 GMT 2025","passed","Mon Jul 28 09:10:21 GMT 2025","TestNetworkPrefix","test_network_parameters","",""
"","105","test_rpc_node_is_synced[Test for Kusama Coretime, url: wss://coretime-kusama-rpc.dwellir.com]","tests","Mon Jul 28 09:13:32 GMT 2025","passed","Mon Jul 28 09:13:32 GMT 2025","","test_substrate_node_is_synced","",""
"","7","test_has_new_assets[Test for Humanode]","tests","Mon Jul 28 09:11:15 GMT 2025","passed","Mon Jul 28 09:11:15 GMT 2025","TestAssets","test_check_new_assets","",""
"","1","test_precision[Test for Crust Shadow]","tests","Mon Jul 28 09:10:35 GMT 2025","passed","Mon Jul 28 09:10:35 GMT 2025","TestPrecision","test_network_parameters","",""
"","34","test_rpc_method_is_available[Test for Argochain, url: wss://rpc.devolvedai.com]","tests","Mon Jul 28 09:13:49 GMT 2025","passed","Mon Jul 28 09:13:49 GMT 2025","","test_rpc_methods_availability","",""
"","0","test_can_create_connection[Test for Moonbeam, url: wss://moonbeam.public.curie.radiumblock.co/ws]","tests","Mon Jul 28 09:10:32 GMT 2025","passed","Mon Jul 28 09:10:32 GMT 2025","","test_nodes_availability","",""
"","120","test_rpc_method_is_available[Test for Polkadot People, url: wss://people-polkadot.dotters.network]","tests","Mon Jul 28 09:10:13 GMT 2025","passed","Mon Jul 28 09:10:13 GMT 2025","","test_rpc_methods_availability","",""
"","7","test_rpc_node_is_synced[Test for Kusama Coretime, url: wss://sys.ibp.network/coretime-kusama]","tests","Mon Jul 28 09:13:30 GMT 2025","passed","Mon Jul 28 09:13:30 GMT 2025","","test_substrate_node_is_synced","",""
"","76","test_rpc_method_is_available[Test for DENTNet, url: wss://rpc.dentnet.io/ws]","tests","Mon Jul 28 09:13:31 GMT 2025","passed","Mon Jul 28 09:13:31 GMT 2025","","test_rpc_methods_availability","",""
"","124","test_rpc_node_is_synced[Test for Ajuna, url: wss://rpc-para.ajuna.network]","tests","Mon Jul 28 09:12:31 GMT 2025","passed","Mon Jul 28 09:12:31 GMT 2025","","test_substrate_node_is_synced","",""
"","90","test_rpc_node_is_synced[Test for Ternoa, url: wss://mainnet.ternoa.network]","tests","Mon Jul 28 09:11:55 GMT 2025","passed","Mon Jul 28 09:11:55 GMT 2025","","test_substrate_node_is_synced","",""
"","0","test_address_prefix[Test for KILT]","tests","Mon Jul 28 09:10:29 GMT 2025","passed","Mon Jul 28 09:10:29 GMT 2025","TestNetworkPrefix","test_network_parameters","",""
"","72","test_rpc_method_is_available[Test for Centrifuge Parachain, url: wss://fullnode.centrifuge.io]","tests","Mon Jul 28 09:11:28 GMT 2025","passed","Mon Jul 28 09:11:28 GMT 2025","","test_rpc_methods_availability","",""
"","320","test_rpc_node_is_synced[Test for Karura, url: wss://karura-rpc-0.aca-api.network]","tests","Mon Jul 28 09:10:33 GMT 2025","passed","Mon Jul 28 09:10:33 GMT 2025","","test_substrate_node_is_synced","",""
"","124","test_rpc_method_is_available[Test for Aleph Zero, url: wss://ws.azero.dev]","tests","Mon Jul 28 09:11:30 GMT 2025","passed","Mon Jul 28 09:11:30 GMT 2025","","test_rpc_methods_availability","",""
"","0","test_chainId[Test for Vara]","tests","Mon Jul 28 09:10:38 GMT 2025","passed","Mon Jul 28 09:10:38 GMT 2025","TestChainId","test_network_parameters","",""
"","103","test_has_new_assets[Test for Polkadot]","tests","Mon Jul 28 09:10:04 GMT 2025","passed","Mon Jul 28 09:10:04 GMT 2025","TestAssets","test_check_new_assets","",""
"","62","test_rpc_method_is_available[Test for Polkadot Asset Hub, url: wss://rpc-assethub.novasama-tech.org]","tests","Mon Jul 28 09:11:35 GMT 2025","passed","Mon Jul 28 09:11:35 GMT 2025","","test_rpc_methods_availability","",""
"","0","test_can_create_connection[Test for Karura, url: wss://karura-rpc-0.aca-api.network]","tests","Mon Jul 28 09:10:30 GMT 2025","passed","Mon Jul 28 09:10:30 GMT 2025","","test_nodes_availability","",""
"","0","test_precision[Test for Humanode]","tests","Mon Jul 28 09:11:25 GMT 2025","passed","Mon Jul 28 09:11:25 GMT 2025","TestPrecision","test_network_parameters","",""
"","36","test_rpc_method_is_available[Test for Acala, url: wss://acala-rpc-3.aca-api.network/ws]","tests","Mon Jul 28 09:11:06 GMT 2025","passed","Mon Jul 28 09:11:06 GMT 2025","","test_rpc_methods_availability","",""
"","0","test_can_create_connection[Test for Moonriver, url: wss://wss.api.moonriver.moonbeam.network]","tests","Mon Jul 28 09:10:39 GMT 2025","passed","Mon Jul 28 09:10:39 GMT 2025","","test_nodes_availability","",""
"","102","test_rpc_method_is_available[Test for Creditcoin, url: wss://mainnet3.creditcoin.network]","tests","Mon Jul 28 09:13:25 GMT 2025","passed","Mon Jul 28 09:13:25 GMT 2025","","test_rpc_methods_availability","",""
"","0","test_precision[Test for Ternoa]","tests","Mon Jul 28 09:10:45 GMT 2025","passed","Mon Jul 28 09:10:45 GMT 2025","TestPrecision","test_network_parameters","",""
"","53","test_rpc_method_is_available[Test for Polkadot Asset Hub, url: wss://sys.ibp.network/asset-hub-polkadot]","tests","Mon Jul 28 09:11:38 GMT 2025","passed","Mon Jul 28 09:11:38 GMT 2025","","test_rpc_methods_availability","",""
"","0","test_precision[Test for Heima]","tests","Mon Jul 28 09:10:32 GMT 2025","passed","Mon Jul 28 09:10:32 GMT 2025","TestPrecision","test_network_parameters","",""
"","117","test_rpc_method_is_available[Test for GIANT, url: wss://rpc-anchor-1-mainnet-az-ue1.giantprotocol.org:443]","tests","Mon Jul 28 09:12:31 GMT 2025","passed","Mon Jul 28 09:12:31 GMT 2025","","test_rpc_methods_availability","",""
"","0","test_address_prefix[Test for JAMTON]","tests","Mon Jul 28 09:11:30 GMT 2025","passed","Mon Jul 28 09:11:30 GMT 2025","TestNetworkPrefix","test_network_parameters","",""
"","73","test_rpc_method_is_available[Test for Polkadot Bridge Hub, url: wss://dot-rpc.stakeworld.io/bridgehub]","tests","Mon Jul 28 09:12:44 GMT 2025","passed","Mon Jul 28 09:12:44 GMT 2025","","test_rpc_methods_availability","",""
"","5","test_has_new_assets[Test for Polkadot Collectives]","tests","Mon Jul 28 09:10:54 GMT 2025","passed","Mon Jul 28 09:10:54 GMT 2025","TestAssets","test_check_new_assets","",""
"","96","test_rpc_node_is_synced[Test for Kusama People, url: wss://ksm-rpc.stakeworld.io/people]","tests","Mon Jul 28 09:10:29 GMT 2025","passed","Mon Jul 28 09:10:29 GMT 2025","","test_substrate_node_is_synced","",""
"","1","test_precision[Test for Kusama Bridge Hub]","tests","Mon Jul 28 09:11:00 GMT 2025","passed","Mon Jul 28 09:11:00 GMT 2025","TestPrecision","test_network_parameters","",""
"","9","test_has_new_assets[Test for Zeitgeist]","tests","Mon Jul 28 09:10:22 GMT 2025","passed","Mon Jul 28 09:10:22 GMT 2025","TestAssets","test_check_new_assets","",""
"","104","test_rpc_node_is_synced[Test for Enjin Matrix, url: wss://enjin-matrix-rpc-1.dwellir.com]","tests","Mon Jul 28 09:13:03 GMT 2025","passed","Mon Jul 28 09:13:03 GMT 2025","","test_substrate_node_is_synced","",""
"","6","test_has_new_assets[Test for Curio]","tests","Mon Jul 28 09:11:02 GMT 2025","passed","Mon Jul 28 09:11:02 GMT 2025","TestAssets","test_check_new_assets","",""
"","1","test_precision[Test for NeuroWeb]","tests","Mon Jul 28 09:10:48 GMT 2025","passed","Mon Jul 28 09:10:48 GMT 2025","TestPrecision","test_network_parameters","",""
"","25","test_rpc_node_is_synced[Test for Phala, url: wss://api.phala.network/ws]","tests","Mon Jul 28 09:11:55 GMT 2025","passed","Mon Jul 28 09:11:55 GMT 2025","","test_substrate_node_is_synced","",""
"","0","test_precision[Test for peaq]","tests","Mon Jul 28 09:11:26 GMT 2025","passed","Mon Jul 28 09:11:26 GMT 2025","TestPrecision","test_network_parameters","",""
"","35","test_rpc_method_is_available[Test for Polkadot Coretime, url: wss://coretime-polkadot.dotters.network]","tests","Mon Jul 28 09:13:38 GMT 2025","passed","Mon Jul 28 09:13:38 GMT 2025","","test_rpc_methods_availability","",""
"","106","test_rpc_node_is_synced[Test for Tangle, url: wss://rpc.tangle.tools]","tests","Mon Jul 28 09:13:26 GMT 2025","passed","Mon Jul 28 09:13:27 GMT 2025","","test_substrate_node_is_synced","",""
"","100","test_rpc_node_is_synced[Test for Polkadot, url: wss://rpc-polkadot-2.novasama-tech.org]","tests","Mon Jul 28 09:10:14 GMT 2025","passed","Mon Jul 28 09:10:14 GMT 2025","","test_substrate_node_is_synced","",""
"","0","test_can_create_connection[Test for Avail, url: wss://avail.rpc.bountyblok.io]","tests","Mon Jul 28 09:13:21 GMT 2025","passed","Mon Jul 28 09:13:21 GMT 2025","","test_nodes_availability","",""
"","0","test_precision[Test for Kusama Coretime]","tests","Mon Jul 28 09:11:34 GMT 2025","passed","Mon Jul 28 09:11:34 GMT 2025","TestPrecision","test_network_parameters","",""
"","1","test_chainId[Test for Cere]","tests","Mon Jul 28 09:10:58 GMT 2025","passed","Mon Jul 28 09:10:58 GMT 2025","TestChainId","test_network_parameters","",""
"","105","test_rpc_method_is_available[Test for Polimec, url: wss://polimec.dotters.network]","tests","Mon Jul 28 09:13:05 GMT 2025","passed","Mon Jul 28 09:13:05 GMT 2025","","test_rpc_methods_availability","",""
"","0","test_can_create_connection[Test for Polkadot Bridge Hub, url: wss://bridge-hub-polkadot.dotters.network]","tests","Mon Jul 28 09:12:35 GMT 2025","passed","Mon Jul 28 09:12:35 GMT 2025","","test_nodes_availability","",""
"","1","test_chainId[Test for Phala]","tests","Mon Jul 28 09:10:22 GMT 2025","passed","Mon Jul 28 09:10:22 GMT 2025","TestChainId","test_network_parameters","",""
"","0","test_precision[Test for Enjin Matrix]","tests","Mon Jul 28 09:11:02 GMT 2025","passed","Mon Jul 28 09:11:02 GMT 2025","TestPrecision","test_network_parameters","",""
"","74","test_rpc_method_is_available[Test for Kusama Coretime, url: wss://kusama-coretime-rpc.polkadot.io]","tests","Mon Jul 28 09:13:47 GMT 2025","passed","Mon Jul 28 09:13:48 GMT 2025","","test_rpc_methods_availability","",""
"","110","test_rpc_node_is_synced[Test for Crab, url: wss://darwiniacrab-rpc.dwellir.com]","tests","Mon Jul 28 09:13:00 GMT 2025","passed","Mon Jul 28 09:13:00 GMT 2025","","test_substrate_node_is_synced","",""
"","106","test_rpc_node_is_synced[Test for Polkadot, url: wss://polkadot.public.curie.radiumblock.co/ws]","tests","Mon Jul 28 09:10:38 GMT 2025","passed","Mon Jul 28 09:10:39 GMT 2025","","test_substrate_node_is_synced","",""
"","0","test_can_create_connection[Test for Hydration, url: wss://hydration.dotters.network]","tests","Mon Jul 28 09:11:50 GMT 2025","passed","Mon Jul 28 09:11:50 GMT 2025","","test_nodes_availability","",""
"","0","test_chainId[Test for Aleph Zero]","tests","Mon Jul 28 09:10:23 GMT 2025","passed","Mon Jul 28 09:10:23 GMT 2025","TestChainId","test_network_parameters","",""
"","0","test_precision[Test for QUARTZ]","tests","Mon Jul 28 09:10:22 GMT 2025","passed","Mon Jul 28 09:10:22 GMT 2025","TestPrecision","test_network_parameters","",""
"","92","test_rpc_node_is_synced[Test for Kusama Bridge Hub, url: wss://ksm-rpc.stakeworld.io/bridgehub]","tests","Mon Jul 28 09:12:43 GMT 2025","passed","Mon Jul 28 09:12:43 GMT 2025","","test_substrate_node_is_synced","",""
"","0","test_address_prefix[Test for Kusama People]","tests","Mon Jul 28 09:10:16 GMT 2025","passed","Mon Jul 28 09:10:16 GMT 2025","TestNetworkPrefix","test_network_parameters","",""
"","96","test_rpc_method_is_available[Test for Interlay, url: wss://api.interlay.io/parachain]","tests","Mon Jul 28 09:12:04 GMT 2025","passed","Mon Jul 28 09:12:04 GMT 2025","","test_rpc_methods_availability","",""
"","6","test_has_new_assets[Test for Tangle]","tests","Mon Jul 28 09:11:22 GMT 2025","passed","Mon Jul 28 09:11:22 GMT 2025","TestAssets","test_check_new_assets","",""
"","6","test_has_new_assets[Test for Ajuna]","tests","Mon Jul 28 09:10:52 GMT 2025","passed","Mon Jul 28 09:10:52 GMT 2025","TestAssets","test_check_new_assets","",""
"","0","test_chainId[Test for XX network]","tests","Mon Jul 28 09:10:25 GMT 2025","passed","Mon Jul 28 09:10:25 GMT 2025","TestChainId","test_network_parameters","",""
"","0","test_can_create_connection[Test for Heima, url: wss://heima-rpc.n.dwellir.com]","tests","Mon Jul 28 09:12:19 GMT 2025","passed","Mon Jul 28 09:12:19 GMT 2025","","test_nodes_availability","",""
"","60","test_rpc_method_is_available[Test for Astar, url: wss://rpc.astar.network]","tests","Mon Jul 28 09:11:19 GMT 2025","passed","Mon Jul 28 09:11:19 GMT 2025","","test_rpc_methods_availability","",""
"","0","test_can_create_connection[Test for Astar, url: wss://astar-rpc.dwellir.com]","tests","Mon Jul 28 09:11:22 GMT 2025","passed","Mon Jul 28 09:11:22 GMT 2025","","test_nodes_availability","",""
"","263","test_rpc_node_is_synced[Test for UNIQUE, url: wss://asia-ws.unique.network/]","tests","Mon Jul 28 09:12:30 GMT 2025","passed","Mon Jul 28 09:12:30 GMT 2025","","test_substrate_node_is_synced","",""
"","58","test_rpc_method_is_available[Test for Robonomics, url: wss://kusama.rpc.robonomics.network/]","tests","Mon Jul 28 09:11:53 GMT 2025","passed","Mon Jul 28 09:11:53 GMT 2025","","test_rpc_methods_availability","",""
"","0","test_chainId[Test for DAO IPCI]","tests","Mon Jul 28 09:10:21 GMT 2025","passed","Mon Jul 28 09:10:21 GMT 2025","TestChainId","test_network_parameters","",""
"","0","test_can_create_connection[Test for Kusama Coretime, url: wss://coretime-kusama-rpc.dwellir.com]","tests","Mon Jul 28 09:13:34 GMT 2025","passed","Mon Jul 28 09:13:34 GMT 2025","","test_nodes_availability","",""
"","0","test_address_prefix[Test for Bifrost Kusama]","tests","Mon Jul 28 09:10:19 GMT 2025","passed","Mon Jul 28 09:10:19 GMT 2025","TestNetworkPrefix","test_network_parameters","",""
"","117","test_rpc_method_is_available[Test for Hyperbridge Nexus, url: wss://nexus.dotters.network]","tests","Mon Jul 28 09:13:20 GMT 2025","passed","Mon Jul 28 09:13:20 GMT 2025","","test_rpc_methods_availability","",""
"","104","test_rpc_node_is_synced[Test for Integritee Parachain, url: wss://kusama.api.integritee.network]","tests","Mon Jul 28 09:11:58 GMT 2025","passed","Mon Jul 28 09:11:58 GMT 2025","","test_substrate_node_is_synced","",""
"","0","test_chainId[Test for Bifrost Kusama]","tests","Mon Jul 28 09:10:01 GMT 2025","passed","Mon Jul 28 09:10:01 GMT 2025","TestChainId","test_network_parameters","",""
"","71","test_rpc_method_is_available[Test for Westend (TESTNET), url: wss://westend-rpc.dwellir.com]","tests","Mon Jul 28 09:10:43 GMT 2025","passed","Mon Jul 28 09:10:44 GMT 2025","","test_rpc_methods_availability","",""
"","0","test_precision[Test for Polkadot People]","tests","Mon Jul 28 09:10:23 GMT 2025","passed","Mon Jul 28 09:10:23 GMT 2025","TestPrecision","test_network_parameters","",""
"","79","test_rpc_method_is_available[Test for Polkadot Collectives, url: wss://dot-rpc.stakeworld.io/collectives]","tests","Mon Jul 28 09:12:46 GMT 2025","passed","Mon Jul 28 09:12:46 GMT 2025","","test_rpc_methods_availability","",""
"","132","test_rpc_node_is_synced[Test for Polkadot, url: wss://dot-rpc.stakeworld.io]","tests","Mon Jul 28 09:10:34 GMT 2025","passed","Mon Jul 28 09:10:34 GMT 2025","","test_substrate_node_is_synced","",""
"","9","test_has_new_assets[Test for Acurast Canary]","tests","Mon Jul 28 09:11:07 GMT 2025","passed","Mon Jul 28 09:11:07 GMT 2025","TestAssets","test_check_new_assets","",""
"","0","test_can_create_connection[Test for Polkadot, url: wss://rpc-polkadot-2.novasama-tech.org]","tests","Mon Jul 28 09:10:09 GMT 2025","passed","Mon Jul 28 09:10:09 GMT 2025","","test_nodes_availability","",""
"","35","test_rpc_method_is_available[Test for Karura, url: wss://karura-rpc.dwellir.com]","tests","Mon Jul 28 09:10:13 GMT 2025","passed","Mon Jul 28 09:10:13 GMT 2025","","test_rpc_methods_availability","",""
"","72","test_rpc_method_is_available[Test for Heima, url: wss://heima-rpc.n.dwellir.com]","tests","Mon Jul 28 09:12:16 GMT 2025","passed","Mon Jul 28 09:12:16 GMT 2025","","test_rpc_methods_availability","",""
"","1","test_address_prefix[Test for Amplitude]","tests","Mon Jul 28 09:10:46 GMT 2025","passed","Mon Jul 28 09:10:46 GMT 2025","TestNetworkPrefix","test_network_parameters","",""
"","70","test_rpc_method_is_available[Test for Kusama Coretime, url: wss://coretime-kusama-rpc.dwellir.com]","tests","Mon Jul 28 09:13:47 GMT 2025","passed","Mon Jul 28 09:13:47 GMT 2025","","test_rpc_methods_availability","",""
"","124","test_rpc_node_is_synced[Test for Hydration, url: wss://rpc-hydra.novasama-tech.org]","tests","Mon Jul 28 09:12:10 GMT 2025","passed","Mon Jul 28 09:12:10 GMT 2025","","test_substrate_node_is_synced","",""
"","6","test_has_new_assets[Test for Cere]","tests","Mon Jul 28 09:11:09 GMT 2025","passed","Mon Jul 28 09:11:09 GMT 2025","TestAssets","test_check_new_assets","",""
"","106","test_rpc_method_is_available[Test for Polkadot Bridge Hub, url: wss://bridge-hub-polkadot.dotters.network]","tests","Mon Jul 28 09:12:39 GMT 2025","passed","Mon Jul 28 09:12:39 GMT 2025","","test_rpc_methods_availability","",""
"","130","test_rpc_node_is_synced[Test for Polkadot Collectives, url: wss://dot-rpc.stakeworld.io/collectives]","tests","Mon Jul 28 09:12:49 GMT 2025","passed","Mon Jul 28 09:12:50 GMT 2025","","test_substrate_node_is_synced","",""
"","0","test_can_create_connection[Test for Polkadot Collectives, url: wss://dot-rpc.stakeworld.io/collectives]","tests","Mon Jul 28 09:12:46 GMT 2025","passed","Mon Jul 28 09:12:46 GMT 2025","","test_nodes_availability","",""
"","6","test_rpc_node_is_synced[Test for Kusama Coretime, url: wss://coretime-kusama.dotters.network]","tests","Mon Jul 28 09:13:31 GMT 2025","passed","Mon Jul 28 09:13:31 GMT 2025","","test_substrate_node_is_synced","",""
"","53","test_rpc_method_is_available[Test for Avail, url: wss://mainnet-rpc.avail.so/ws]","tests","Mon Jul 28 09:13:21 GMT 2025","passed","Mon Jul 28 09:13:21 GMT 2025","","test_rpc_methods_availability","",""
"","36","test_rpc_node_is_synced[Test for Westend (TESTNET), url: wss://westend.public.curie.radiumblock.co/ws]","tests","Mon Jul 28 09:10:55 GMT 2025","passed","Mon Jul 28 09:10:55 GMT 2025","","test_substrate_node_is_synced","",""
"","0","test_address_prefix[Test for Kusama Coretime]","tests","Mon Jul 28 09:11:37 GMT 2025","passed","Mon Jul 28 09:11:37 GMT 2025","TestNetworkPrefix","test_network_parameters","",""
"","6","test_rpc_node_is_synced[Test for Hydration, url: wss://hydration.ibp.network]","tests","Mon Jul 28 09:12:17 GMT 2025","passed","Mon Jul 28 09:12:17 GMT 2025","","test_substrate_node_is_synced","",""
"","7","test_rpc_node_is_synced[Test for Kusama, url: wss://rpc.ibp.network/kusama]","tests","Mon Jul 28 09:10:09 GMT 2025","passed","Mon Jul 28 09:10:09 GMT 2025","","test_substrate_node_is_synced","",""
"","0","test_precision[Test for Aleph Zero]","tests","Mon Jul 28 09:10:38 GMT 2025","passed","Mon Jul 28 09:10:38 GMT 2025","TestPrecision","test_network_parameters","",""
"","0","test_address_prefix[Test for Vara]","tests","Mon Jul 28 09:10:58 GMT 2025","passed","Mon Jul 28 09:10:58 GMT 2025","TestNetworkPrefix","test_network_parameters","",""
"","0","test_can_create_connection[Test for QUARTZ, url: wss://asia-ws-quartz.unique.network]","tests","Mon Jul 28 09:11:53 GMT 2025","passed","Mon Jul 28 09:11:53 GMT 2025","","test_nodes_availability","",""
"","1","test_address_prefix[Test for Kintsugi]","tests","Mon Jul 28 09:10:33 GMT 2025","passed","Mon Jul 28 09:10:33 GMT 2025","TestNetworkPrefix","test_network_parameters","",""
"","1","test_can_create_connection[Test for Crust Polkadot Parachain, url: wss://crust-parachain.crustapps.net]","tests","Mon Jul 28 09:12:29 GMT 2025","passed","Mon Jul 28 09:12:29 GMT 2025","","test_nodes_availability","",""
"","0","test_address_prefix[Test for Creditcoin]","tests","Mon Jul 28 09:11:24 GMT 2025","passed","Mon Jul 28 09:11:24 GMT 2025","TestNetworkPrefix","test_network_parameters","",""
"","9","test_has_new_assets[Test for Integritee Parachain]","tests","Mon Jul 28 09:10:32 GMT 2025","passed","Mon Jul 28 09:10:32 GMT 2025","TestAssets","test_check_new_assets","",""
"","0","test_can_create_connection[Test for UNIQUE, url: wss://unique.dotters.network]","tests","Mon Jul 28 09:12:42 GMT 2025","passed","Mon Jul 28 09:12:42 GMT 2025","","test_nodes_availability","",""
"","0","test_precision[Test for Integritee Parachain]","tests","Mon Jul 28 09:10:41 GMT 2025","passed","Mon Jul 28 09:10:41 GMT 2025","TestPrecision","test_network_parameters","",""
"","0","test_can_create_connection[Test for Kusama, url: wss://rpc-kusama.luckyfriday.io]","tests","Mon Jul 28 09:10:21 GMT 2025","passed","Mon Jul 28 09:10:21 GMT 2025","","test_nodes_availability","",""
"","0","test_can_create_connection[Test for Aleph Zero, url: wss://ws.azero.dev]","tests","Mon Jul 28 09:11:33 GMT 2025","passed","Mon Jul 28 09:11:33 GMT 2025","","test_nodes_availability","",""
"","0","test_can_create_connection[Test for Enjin Matrix, url: wss://enjin-matrix-rpc-1.dwellir.com]","tests","Mon Jul 28 09:13:01 GMT 2025","passed","Mon Jul 28 09:13:01 GMT 2025","","test_nodes_availability","",""
"","7","test_has_new_assets[Test for Enjin Matrix]","tests","Mon Jul 28 09:10:53 GMT 2025","passed","Mon Jul 28 09:10:53 GMT 2025","TestAssets","test_check_new_assets","",""
"","5","test_has_new_assets[Test for Creditcoin]","tests","Mon Jul 28 09:11:13 GMT 2025","passed","Mon Jul 28 09:11:13 GMT 2025","TestAssets","test_check_new_assets","",""
"","79","test_rpc_method_is_available[Test for Polkadot People, url: wss://polkadot-people-rpc.polkadot.io]","tests","Mon Jul 28 09:10:09 GMT 2025","passed","Mon Jul 28 09:10:09 GMT 2025","","test_rpc_methods_availability","",""
"","0","test_precision[Test for JAMTON]","tests","Mon Jul 28 09:11:28 GMT 2025","passed","Mon Jul 28 09:11:28 GMT 2025","TestPrecision","test_network_parameters","",""
"","108","test_rpc_method_is_available[Test for KILT, url: wss://spiritnet.kilt.io/]","tests","Mon Jul 28 09:11:51 GMT 2025","passed","Mon Jul 28 09:11:51 GMT 2025","","test_rpc_methods_availability","",""
"","0","test_can_create_connection[Test for Darwinia, url: wss://rpc.darwinia.network]","tests","Mon Jul 28 09:12:28 GMT 2025","passed","Mon Jul 28 09:12:28 GMT 2025","","test_nodes_availability","",""
"","0","test_can_create_connection[Test for Kusama, url: wss://kusama.public.curie.radiumblock.co/ws]","tests","Mon Jul 28 09:10:37 GMT 2025","passed","Mon Jul 28 09:10:37 GMT 2025","","test_nodes_availability","",""
"","98","test_rpc_method_is_available[Test for Kusama Bridge Hub, url: wss://ksm-rpc.stakeworld.io/bridgehub]","tests","Mon Jul 28 09:13:03 GMT 2025","passed","Mon Jul 28 09:13:03 GMT 2025","","test_rpc_methods_availability","",""
"","118","test_rpc_method_is_available[Test for Acala, url: wss://acala-rpc-1.aca-api.network]","tests","Mon Jul 28 09:12:19 GMT 2025","passed","Mon Jul 28 09:12:19 GMT 2025","","test_rpc_methods_availability","",""
"","0","test_can_create_connection[Test for Kusama, url: wss://rpc.ibp.network/kusama]","tests","Mon Jul 28 09:10:01 GMT 2025","passed","Mon Jul 28 09:10:01 GMT 2025","","test_nodes_availability","",""
"","1","test_can_create_connection[Test for Kusama Coretime, url: wss://coretime-kusama.dotters.network]","tests","Mon Jul 28 09:13:37 GMT 2025","passed","Mon Jul 28 09:13:37 GMT 2025","","test_nodes_availability","",""
"","0","test_can_create_connection[Test for Moonriver, url: wss://moonriver-rpc.dwellir.com]","tests","Mon Jul 28 09:10:56 GMT 2025","passed","Mon Jul 28 09:10:56 GMT 2025","","test_nodes_availability","",""
"","0","test_can_create_connection[Test for Cere, url: wss://rpc.mainnet.cere.network/ws]","tests","Mon Jul 28 09:13:17 GMT 2025","passed","Mon Jul 28 09:13:17 GMT 2025","","test_nodes_availability","",""
"","1","test_address_prefix[Test for Tangle]","tests","Mon Jul 28 09:11:34 GMT 2025","passed","Mon Jul 28 09:11:34 GMT 2025","TestNetworkPrefix","test_network_parameters","",""
"","1","test_chainId[Test for Polkadot Asset Hub]","tests","Mon Jul 28 09:10:03 GMT 2025","passed","Mon Jul 28 09:10:03 GMT 2025","TestChainId","test_network_parameters","",""
"","0","test_address_prefix[Test for Avail]","tests","Mon Jul 28 09:11:22 GMT 2025","passed","Mon Jul 28 09:11:22 GMT 2025","TestNetworkPrefix","test_network_parameters","",""
"","118","test_rpc_method_is_available[Test for Karura, url: wss://karura-rpc-1.aca-api.network]","tests","Mon Jul 28 09:10:34 GMT 2025","passed","Mon Jul 28 09:10:34 GMT 2025","","test_rpc_methods_availability","",""
"","0","test_can_create_connection[Test for Kreivo, url: wss://kreivo.kippu.rocks/]","tests","Mon Jul 28 09:13:03 GMT 2025","passed","Mon Jul 28 09:13:03 GMT 2025","","test_nodes_availability","",""
"","109","test_rpc_method_is_available[Test for Polkadot Bridge Hub, url: wss://sys.ibp.network/bridgehub-polkadot]","tests","Mon Jul 28 09:12:37 GMT 2025","passed","Mon Jul 28 09:12:37 GMT 2025","","test_rpc_methods_availability","",""
"","0","test_chainId[Test for Ternoa]","tests","Mon Jul 28 09:10:29 GMT 2025","passed","Mon Jul 28 09:10:29 GMT 2025","TestChainId","test_network_parameters","",""
"","0","test_address_prefix[Test for Heima]","tests","Mon Jul 28 09:10:39 GMT 2025","passed","Mon Jul 28 09:10:39 GMT 2025","TestNetworkPrefix","test_network_parameters","",""
"","7","test_has_new_assets[Test for Xode]","tests","Mon Jul 28 09:11:24 GMT 2025","passed","Mon Jul 28 09:11:24 GMT 2025","TestAssets","test_check_new_assets","",""
"","0","test_precision[Test for Amplitude]","tests","Mon Jul 28 09:10:41 GMT 2025","passed","Mon Jul 28 09:10:41 GMT 2025","TestPrecision","test_network_parameters","",""
"","122","test_rpc_node_is_synced[Test for Kusama, url: wss://kusama-rpc.dwellir.com]","tests","Mon Jul 28 09:10:22 GMT 2025","passed","Mon Jul 28 09:10:22 GMT 2025","","test_substrate_node_is_synced","",""
"","60","test_rpc_method_is_available[Test for Laos, url: wss://rpc.laos.laosfoundation.io]","tests","Mon Jul 28 09:13:36 GMT 2025","passed","Mon Jul 28 09:13:36 GMT 2025","","test_rpc_methods_availability","",""
"","0","test_address_prefix[Test for Energy Web X]","tests","Mon Jul 28 09:11:06 GMT 2025","passed","Mon Jul 28 09:11:06 GMT 2025","TestNetworkPrefix","test_network_parameters","",""
"","1","test_can_create_connection[Test for Polkadot Asset Hub, url: wss://asset-hub-polkadot.dotters.network]","tests","Mon Jul 28 09:11:40 GMT 2025","passed","Mon Jul 28 09:11:40 GMT 2025","","test_nodes_availability","",""
"","0","test_can_create_connection[Test for Curio, url: wss://archive.parachain.curioinvest.com]","tests","Mon Jul 28 09:13:05 GMT 2025","passed","Mon Jul 28 09:13:05 GMT 2025","","test_nodes_availability","",""
"","0","test_can_create_connection[Test for Polkadot, url: wss://1rpc.io/dot]","tests","Mon Jul 28 09:10:46 GMT 2025","broken","Mon Jul 28 09:10:46 GMT 2025","","test_nodes_availability","",""
"","72","test_rpc_method_is_available[Test for Polimec, url: wss://rpc.polimec.org]","tests","Mon Jul 28 09:12:57 GMT 2025","passed","Mon Jul 28 09:12:57 GMT 2025","","test_rpc_methods_availability","",""
"","13","test_rpc_node_is_synced[Test for QUARTZ, url: wss://us-ws-quartz.unique.network]","tests","Mon Jul 28 09:11:33 GMT 2025","passed","Mon Jul 28 09:11:33 GMT 2025","","test_substrate_node_is_synced","",""
"","8","test_has_new_assets[Test for GIANT]","tests","Mon Jul 28 09:10:52 GMT 2025","passed","Mon Jul 28 09:10:52 GMT 2025","TestAssets","test_check_new_assets","",""
"","48","test_rpc_method_is_available[Test for Moonbeam, url: wss://moonbeam.public.curie.radiumblock.co/ws]","tests","Mon Jul 28 09:10:37 GMT 2025","passed","Mon Jul 28 09:10:37 GMT 2025","","test_rpc_methods_availability","",""
"","0","test_chainId[Test for Kusama Asset Hub]","tests","Mon Jul 28 09:10:06 GMT 2025","passed","Mon Jul 28 09:10:06 GMT 2025","TestChainId","test_network_parameters","",""
"","0","test_can_create_connection[Test for Zeitgeist, url: wss://zeitgeist.api.onfinality.io/public-ws]","tests","Mon Jul 28 09:11:03 GMT 2025","passed","Mon Jul 28 09:11:03 GMT 2025","","test_nodes_availability","",""
"","0","test_precision[Test for Ajuna]","tests","Mon Jul 28 09:10:57 GMT 2025","passed","Mon Jul 28 09:10:57 GMT 2025","TestPrecision","test_network_parameters","",""
"","73","test_rpc_method_is_available[Test for Xode, url: wss://rpcnodea01.xode.net/n7yoxCmcIrCF6VziCcDmYTwL8R03a/rpc]","tests","Mon Jul 28 09:13:35 GMT 2025","passed","Mon Jul 28 09:13:35 GMT 2025","","test_rpc_methods_availability","",""
"","7","test_has_new_assets[Test for Polkadot People]","tests","Mon Jul 28 09:10:21 GMT 2025","passed","Mon Jul 28 09:10:21 GMT 2025","TestAssets","test_check_new_assets","",""
"","0","test_chainId[Test for Enjin Matrix]","tests","Mon Jul 28 09:10:43 GMT 2025","passed","Mon Jul 28 09:10:43 GMT 2025","TestChainId","test_network_parameters","",""
"","304","test_rpc_node_is_synced[Test for Acala, url: wss://acala-rpc-2.aca-api.network/ws]","tests","Mon Jul 28 09:11:00 GMT 2025","passed","Mon Jul 28 09:11:01 GMT 2025","","test_substrate_node_is_synced","",""
"","119","test_rpc_method_is_available[Test for JAMTON, url: wss://rpc.jamton.network]","tests","Mon Jul 28 09:13:35 GMT 2025","passed","Mon Jul 28 09:13:35 GMT 2025","","test_rpc_methods_availability","",""
"","0","test_chainId[Test for Kusama Coretime]","tests","Mon Jul 28 09:11:13 GMT 2025","passed","Mon Jul 28 09:11:13 GMT 2025","TestChainId","test_network_parameters","",""
"","0","test_chainId[Test for 3DPass]","tests","Mon Jul 28 09:10:33 GMT 2025","passed","Mon Jul 28 09:10:33 GMT 2025","TestChainId","test_network_parameters","",""
"","0","test_chainId[Test for Moonbeam]","tests","Mon Jul 28 09:09:58 GMT 2025","passed","Mon Jul 28 09:09:58 GMT 2025","TestChainId","test_network_parameters","",""
"","12","test_rpc_node_is_synced[Test for Centrifuge Parachain, url: wss://rpc-centrifuge.luckyfriday.io]","tests","Mon Jul 28 09:12:05 GMT 2025","passed","Mon Jul 28 09:12:05 GMT 2025","","test_substrate_node_is_synced","",""
"","1","test_can_create_connection[Test for Joystream, url: wss://rpc.joystream.org]","tests","Mon Jul 28 09:12:46 GMT 2025","passed","Mon Jul 28 09:12:46 GMT 2025","","test_nodes_availability","",""
"","106","test_rpc_node_is_synced[Test for Nodle Parachain, url: wss://nodle-rpc.dwellir.com]","tests","Mon Jul 28 09:11:42 GMT 2025","passed","Mon Jul 28 09:11:42 GMT 2025","","test_substrate_node_is_synced","",""
"","6","test_rpc_node_is_synced[Test for Polimec, url: wss://polimec.ibp.network]","tests","Mon Jul 28 09:12:59 GMT 2025","passed","Mon Jul 28 09:12:59 GMT 2025","","test_substrate_node_is_synced","",""
"","0","test_precision[Test for Centrifuge Parachain]","tests","Mon Jul 28 09:10:47 GMT 2025","passed","Mon Jul 28 09:10:47 GMT 2025","TestPrecision","test_network_parameters","",""
"","1","test_precision[Test for CC Enterprise]","tests","Mon Jul 28 09:11:19 GMT 2025","passed","Mon Jul 28 09:11:19 GMT 2025","TestPrecision","test_network_parameters","",""
"","0","test_can_create_connection[Test for Polkadot, url: wss://rpc.ibp.network/polkadot]","tests","Mon Jul 28 09:10:12 GMT 2025","passed","Mon Jul 28 09:10:12 GMT 2025","","test_nodes_availability","",""
"","1","test_can_create_connection[Test for Polkadot People, url: wss://rpc-people-polkadot.luckyfriday.io]","tests","Mon Jul 28 09:10:14 GMT 2025","passed","Mon Jul 28 09:10:14 GMT 2025","","test_nodes_availability","",""
"","7","test_rpc_node_is_synced[Test for Polkadot Asset Hub, url: wss://sys.ibp.network/asset-hub-polkadot]","tests","Mon Jul 28 09:11:30 GMT 2025","passed","Mon Jul 28 09:11:30 GMT 2025","","test_substrate_node_is_synced","",""
"","1","test_can_create_connection[Test for Crab, url: wss://crab-rpc.darwinia.network/]","tests","Mon Jul 28 09:12:35 GMT 2025","passed","Mon Jul 28 09:12:35 GMT 2025","","test_nodes_availability","",""
"","4057","test_rpc_node_is_synced[Test for Ethereum, url: https://ethereum-rpc.publicnode.com]","tests","Mon Jul 28 09:09:51 GMT 2025","passed","Mon Jul 28 09:09:56 GMT 2025","TestETHNodesAvailability","test_eth_nodes_availability","",""
"","0","test_can_create_connection[Test for Kusama Asset Hub, url: wss://asset-hub-kusama.dotters.network]","tests","Mon Jul 28 09:11:00 GMT 2025","passed","Mon Jul 28 09:11:00 GMT 2025","","test_nodes_availability","",""
"","107","test_rpc_node_is_synced[Test for Laos, url: wss://rpc.laos.laosfoundation.io]","tests","Mon Jul 28 09:13:22 GMT 2025","passed","Mon Jul 28 09:13:22 GMT 2025","","test_substrate_node_is_synced","",""
"","7","test_rpc_node_is_synced[Test for Polkadot, url: wss://rpc-polkadot.luckyfriday.io]","tests","Mon Jul 28 09:10:49 GMT 2025","passed","Mon Jul 28 09:10:49 GMT 2025","","test_substrate_node_is_synced","",""
"","9","test_has_new_assets[Test for Robonomics]","tests","Mon Jul 28 09:10:16 GMT 2025","passed","Mon Jul 28 09:10:16 GMT 2025","TestAssets","test_check_new_assets","",""
"","0","test_precision[Test for Crab]","tests","Mon Jul 28 09:11:05 GMT 2025","passed","Mon Jul 28 09:11:05 GMT 2025","TestPrecision","test_network_parameters","",""
"","9","test_has_new_assets[Test for Crab]","tests","Mon Jul 28 09:11:01 GMT 2025","passed","Mon Jul 28 09:11:01 GMT 2025","TestAssets","test_check_new_assets","",""
"","111","test_rpc_node_is_synced[Test for Joystream, url: wss://rpc.joystream.org]","tests","Mon Jul 28 09:12:47 GMT 2025","passed","Mon Jul 28 09:12:47 GMT 2025","","test_substrate_node_is_synced","",""
"","46","test_rpc_node_is_synced[Test for Kreivo, url: wss://kreivo.kippu.rocks/]","tests","Mon Jul 28 09:13:07 GMT 2025","passed","Mon Jul 28 09:13:07 GMT 2025","","test_substrate_node_is_synced","",""
"","215","test_rpc_node_is_synced[Test for Bifrost Kusama, url: wss://bifrost-rpc.liebi.com/ws]","tests","Mon Jul 28 09:10:55 GMT 2025","passed","Mon Jul 28 09:10:55 GMT 2025","","test_substrate_node_is_synced","",""
"","0","test_can_create_connection[Test for Polkadot Asset Hub, url: wss://sys.ibp.network/asset-hub-polkadot]","tests","Mon Jul 28 09:11:36 GMT 2025","passed","Mon Jul 28 09:11:36 GMT 2025","","test_nodes_availability","",""
"","83","test_rpc_method_is_available[Test for Phala, url: wss://rpc.helikon.io/phala]","tests","Mon Jul 28 09:11:17 GMT 2025","passed","Mon Jul 28 09:11:17 GMT 2025","","test_rpc_methods_availability","",""
"","121","test_rpc_method_is_available[Test for peaq, url: wss://peaq-rpc.publicnode.com]","tests","Mon Jul 28 09:13:29 GMT 2025","passed","Mon Jul 28 09:13:29 GMT 2025","","test_rpc_methods_availability","",""
"","0","test_can_create_connection[Test for Kusama Coretime, url: wss://kusama-coretime-rpc.polkadot.io]","tests","Mon Jul 28 09:13:40 GMT 2025","passed","Mon Jul 28 09:13:40 GMT 2025","","test_nodes_availability","",""
