"DESCRIPTION","DURATION IN MS","NAME","PARENT SUITE","START TIME","STATUS","STOP TIME","SUB SUITE","SUITE","TEST CLASS","TEST METHOD"
"","120","test_has_new_assets[Test for Altair]","tests","Wed May 13 15:54:15 UTC 2026","passed","Wed May 13 15:54:15 UTC 2026","TestAssets","test_check_new_assets","",""
"","0","test_chainId[Test for Centrifuge Parachain]","tests","Wed May 13 15:54:34 UTC 2026","passed","Wed May 13 15:54:34 UTC 2026","TestChainId","test_network_parameters","",""
"","0","test_address_prefix[Test for Westend (TESTNET)]","tests","Wed May 13 15:54:37 UTC 2026","passed","Wed May 13 15:54:37 UTC 2026","TestNetworkPrefix","test_network_parameters","",""
"","0","test_can_create_connection[Test for Phala, url: wss://phala.public.curie.radiumblock.co/ws]","tests","Wed May 13 15:56:53 UTC 2026","passed","Wed May 13 15:56:53 UTC 2026","","test_nodes_availability","",""
"","98","test_rpc_method_is_available[Test for Polkadot People, url: wss://people-polkadot.public.curie.radiumblock.co/ws]","tests","Wed May 13 15:54:38 UTC 2026","passed","Wed May 13 15:54:38 UTC 2026","","test_rpc_methods_availability","",""
"","203","test_rpc_node_is_synced[Test for JAMTON, url: wss://rpc.jamton.network]","tests","Wed May 13 15:59:16 UTC 2026","passed","Wed May 13 15:59:16 UTC 2026","","test_substrate_node_is_synced","",""
"","315","test_rpc_method_is_available[Test for Kusama Asset Hub, url: wss://asset-hub-kusama.dotters.network]","tests","Wed May 13 15:54:21 UTC 2026","passed","Wed May 13 15:54:21 UTC 2026","","test_rpc_methods_availability","",""
"","0","test_can_create_connection[Test for Moonbeam, url: wss://moonbeam.public.curie.radiumblock.co/ws]","tests","Wed May 13 15:55:18 UTC 2026","broken","Wed May 13 15:55:18 UTC 2026","","test_nodes_availability","",""
"","191","test_rpc_node_is_synced[Test for XX network, url: wss://rpc-hetzner.xx.network]","tests","Wed May 13 15:57:58 UTC 2026","passed","Wed May 13 15:57:58 UTC 2026","","test_substrate_node_is_synced","",""
"","0","test_has_new_assets[Test for Crab]","tests","Wed May 13 15:55:42 UTC 2026","broken","Wed May 13 15:55:42 UTC 2026","TestAssets","test_check_new_assets","",""
"","109","test_rpc_method_is_available[Test for Polkadot Asset Hub, url: wss://rpc-assethub.novasama-tech.org]","tests","Wed May 13 15:56:31 UTC 2026","passed","Wed May 13 15:56:31 UTC 2026","","test_rpc_methods_availability","",""
"","0","test_address_prefix[Test for Bifrost Kusama]","tests","Wed May 13 15:54:52 UTC 2026","passed","Wed May 13 15:54:52 UTC 2026","TestNetworkPrefix","test_network_parameters","",""
"","0","test_rpc_node_is_synced[Test for UNIQUE, url: wss://unique.dotters.network]","tests","Wed May 13 15:56:46 UTC 2026","broken","Wed May 13 15:56:46 UTC 2026","","test_substrate_node_is_synced","",""
"","0","test_can_create_connection[Test for Polkadot Coretime, url: wss://sys.ibp.network/coretime-polkadot]","tests","Wed May 13 15:59:39 UTC 2026","passed","Wed May 13 15:59:39 UTC 2026","","test_nodes_availability","",""
"","0","test_can_create_connection[Test for Bittensor, url: wss://bittensor-finney.api.onfinality.io/public-ws]","tests","Wed May 13 15:57:44 UTC 2026","passed","Wed May 13 15:57:44 UTC 2026","","test_nodes_availability","",""
"","0","test_address_prefix[Test for Bifrost Polkadot]","tests","Wed May 13 15:54:57 UTC 2026","passed","Wed May 13 15:54:57 UTC 2026","TestNetworkPrefix","test_network_parameters","",""
"","9","test_has_new_assets[Test for Tanssi]","tests","Wed May 13 15:56:50 UTC 2026","passed","Wed May 13 15:56:50 UTC 2026","TestAssets","test_check_new_assets","",""
"","169","test_rpc_node_is_synced[Test for Bifrost Kusama, url: wss://bifrost-rpc.liebi.com/ws]","tests","Wed May 13 15:56:35 UTC 2026","passed","Wed May 13 15:56:35 UTC 2026","","test_substrate_node_is_synced","",""
"","0","test_rpc_node_is_synced[Test for Nodle Parachain, url: wss://nodle-parachain.api.onfinality.io/public-ws]","tests","Wed May 13 15:55:47 UTC 2026","broken","Wed May 13 15:55:47 UTC 2026","","test_substrate_node_is_synced","",""
"","179","test_rpc_method_is_available[Test for Kusama Relay, url: wss://rpc-kusama.luckyfriday.io]","tests","Wed May 13 15:54:44 UTC 2026","passed","Wed May 13 15:54:44 UTC 2026","","test_rpc_methods_availability","",""
"","0","test_can_create_connection[Test for Kusama Relay, url: wss://1rpc.io/ksm]","tests","Wed May 13 15:54:48 UTC 2026","passed","Wed May 13 15:54:48 UTC 2026","","test_nodes_availability","",""
"","61","test_rpc_node_is_synced[Test for Polkadot Coretime, url: wss://coretime-polkadot.dotters.network]","tests","Wed May 13 15:59:19 UTC 2026","passed","Wed May 13 15:59:19 UTC 2026","","test_substrate_node_is_synced","",""
"","0","test_address_prefix[Test for peaq]","tests","Wed May 13 15:56:27 UTC 2026","passed","Wed May 13 15:56:27 UTC 2026","TestNetworkPrefix","test_network_parameters","",""
"","129","test_rpc_method_is_available[Test for Polkadot Relay, url: wss://rpc-polkadot-2.novasama-tech.org]","tests","Wed May 13 15:54:27 UTC 2026","passed","Wed May 13 15:54:28 UTC 2026","","test_rpc_methods_availability","",""
"","0","test_rpc_node_is_synced[Test for Ajuna, url: wss://ajuna.dotters.network]","tests","Wed May 13 15:57:50 UTC 2026","broken","Wed May 13 15:57:50 UTC 2026","","test_substrate_node_is_synced","",""
"","102","test_rpc_method_is_available[Test for Polkadex, url: wss://so.polkadex.ee]","tests","Wed May 13 15:56:58 UTC 2026","passed","Wed May 13 15:56:58 UTC 2026","","test_rpc_methods_availability","",""
"","0","test_chainId[Test for Tangle]","tests","Wed May 13 15:56:35 UTC 2026","broken","Wed May 13 15:56:35 UTC 2026","TestChainId","test_network_parameters","",""
"","164","test_rpc_node_is_synced[Test for Ajuna, url: wss://rpc-para.ajuna.network]","tests","Wed May 13 15:57:28 UTC 2026","passed","Wed May 13 15:57:28 UTC 2026","","test_substrate_node_is_synced","",""
"","95","test_rpc_method_is_available[Test for Avail, url: wss://mainnet.avail-rpc.com/]","tests","Wed May 13 15:58:58 UTC 2026","passed","Wed May 13 15:58:58 UTC 2026","","test_rpc_methods_availability","",""
"","0","test_chainId[Test for Kusama People]","tests","Wed May 13 15:54:17 UTC 2026","passed","Wed May 13 15:54:17 UTC 2026","TestChainId","test_network_parameters","",""
"","65","test_rpc_node_is_synced[Test for Bittensor, url: wss://bittensor-finney.api.onfinality.io/public-ws]","tests","Wed May 13 15:57:43 UTC 2026","passed","Wed May 13 15:57:43 UTC 2026","","test_substrate_node_is_synced","",""
"","6","test_has_new_assets[Test for Creditcoin]","tests","Wed May 13 15:56:18 UTC 2026","passed","Wed May 13 15:56:18 UTC 2026","TestAssets","test_check_new_assets","",""
"","108","test_rpc_method_is_available[Test for Bittensor, url: wss://bittensor-finney.api.onfinality.io/public-ws]","tests","Wed May 13 15:57:38 UTC 2026","passed","Wed May 13 15:57:39 UTC 2026","","test_rpc_methods_availability","",""
"","1","test_address_prefix[Test for Moonriver]","tests","Wed May 13 15:54:21 UTC 2026","passed","Wed May 13 15:54:21 UTC 2026","TestNetworkPrefix","test_network_parameters","",""
"","0","test_can_create_connection[Test for Moonriver, url: wss://moonriver.public.curie.radiumblock.co/ws]","tests","Wed May 13 15:55:38 UTC 2026","broken","Wed May 13 15:55:38 UTC 2026","","test_nodes_availability","",""
"","156","test_rpc_node_is_synced[Test for Creditcoin, url: wss://mainnet3.creditcoin.network]","tests","Wed May 13 15:58:56 UTC 2026","passed","Wed May 13 15:58:56 UTC 2026","","test_substrate_node_is_synced","",""
"","0","test_precision[Test for UNIQUE]","tests","Wed May 13 15:55:00 UTC 2026","passed","Wed May 13 15:55:00 UTC 2026","TestPrecision","test_network_parameters","",""
"","0","test_has_new_assets[Test for Tangle]","tests","Wed May 13 15:56:47 UTC 2026","broken","Wed May 13 15:56:47 UTC 2026","TestAssets","test_check_new_assets","",""
"","171","test_rpc_node_is_synced[Test for Astar, url: wss://astar-rpc.n.dwellir.com]","tests","Wed May 13 15:55:35 UTC 2026","passed","Wed May 13 15:55:35 UTC 2026","","test_substrate_node_is_synced","",""
"","156","test_rpc_node_is_synced[Test for Humanode, url: wss://explorer-rpc-ws.mainnet.stages.humanode.io]","tests","Wed May 13 15:59:00 UTC 2026","passed","Wed May 13 15:59:00 UTC 2026","","test_substrate_node_is_synced","",""
"","0","test_can_create_connection[Test for Polkadot Coretime, url: wss://polkadot-coretime-rpc.polkadot.io]","tests","Wed May 13 15:59:45 UTC 2026","passed","Wed May 13 15:59:45 UTC 2026","","test_nodes_availability","",""
"","0","test_chainId[Test for Shiden]","tests","Wed May 13 15:54:17 UTC 2026","passed","Wed May 13 15:54:17 UTC 2026","TestChainId","test_network_parameters","",""
"","0","test_can_create_connection[Test for Polkadot People, url: wss://rpc-people-polkadot.luckyfriday.io]","tests","Wed May 13 15:54:33 UTC 2026","passed","Wed May 13 15:54:33 UTC 2026","","test_nodes_availability","",""
"","0","test_can_create_connection[Test for Kusama Relay, url: wss://apps-kusama-rpc.polkadot.io]","tests","Wed May 13 15:54:36 UTC 2026","passed","Wed May 13 15:54:36 UTC 2026","","test_nodes_availability","",""
"","61","test_rpc_node_is_synced[Test for Polkadot People, url: wss://people-polkadot.dotters.network]","tests","Wed May 13 15:54:33 UTC 2026","passed","Wed May 13 15:54:33 UTC 2026","","test_substrate_node_is_synced","",""
"","0","test_chainId[Test for Amplitude]","tests","Wed May 13 15:54:52 UTC 2026","broken","Wed May 13 15:54:52 UTC 2026","TestChainId","test_network_parameters","",""
"","1","test_chainId[Test for Moonriver]","tests","Wed May 13 15:54:14 UTC 2026","passed","Wed May 13 15:54:14 UTC 2026","TestChainId","test_network_parameters","",""
"","102","test_rpc_method_is_available[Test for Crust Shadow, url: wss://rpc-sha-subscan.crustnetwork.xyz]","tests","Wed May 13 15:55:36 UTC 2026","passed","Wed May 13 15:55:36 UTC 2026","","test_rpc_methods_availability","",""
"","0","test_address_prefix[Test for Polkadot Bridge Hub]","tests","Wed May 13 15:55:25 UTC 2026","passed","Wed May 13 15:55:25 UTC 2026","TestNetworkPrefix","test_network_parameters","",""
"","7","test_has_new_assets[Test for Kusama Relay]","tests","Wed May 13 15:54:22 UTC 2026","passed","Wed May 13 15:54:22 UTC 2026","TestAssets","test_check_new_assets","",""
"","104","test_rpc_method_is_available[Test for Kusama Relay, url: wss://apps-kusama-rpc.polkadot.io]","tests","Wed May 13 15:54:39 UTC 2026","passed","Wed May 13 15:54:39 UTC 2026","","test_rpc_methods_availability","",""
"","176","test_rpc_node_is_synced[Test for Interlay, url: wss://api.interlay.io/parachain]","tests","Wed May 13 15:55:33 UTC 2026","passed","Wed May 13 15:55:34 UTC 2026","","test_substrate_node_is_synced","",""
"","0","test_precision[Test for Curio]","tests","Wed May 13 15:55:46 UTC 2026","broken","Wed May 13 15:55:46 UTC 2026","TestPrecision","test_network_parameters","",""
"","1","test_can_create_connection[Test for Westend (TESTNET), url: wss://westend-rpc.polkadot.io]","tests","Wed May 13 15:55:00 UTC 2026","passed","Wed May 13 15:55:00 UTC 2026","","test_nodes_availability","",""
"","104","test_rpc_method_is_available[Test for UNIQUE, url: wss://asia-ws.unique.network/]","tests","Wed May 13 15:57:24 UTC 2026","passed","Wed May 13 15:57:24 UTC 2026","","test_rpc_methods_availability","",""
"","0","test_address_prefix[Test for Interlay]","tests","Wed May 13 15:55:16 UTC 2026","passed","Wed May 13 15:55:16 UTC 2026","TestNetworkPrefix","test_network_parameters","",""
"","150","test_rpc_node_is_synced[Test for Astar, url: wss://astar.public.curie.radiumblock.co/ws]","tests","Wed May 13 15:55:40 UTC 2026","passed","Wed May 13 15:55:40 UTC 2026","","test_substrate_node_is_synced","",""
"","108","test_rpc_method_is_available[Test for Bifrost Polkadot, url: wss://eu.bifrost-polkadot-rpc.liebi.com/ws]","tests","Wed May 13 15:56:57 UTC 2026","passed","Wed May 13 15:56:57 UTC 2026","","test_rpc_methods_availability","",""
"","0","test_address_prefix[Test for Amplitude]","tests","Wed May 13 15:55:09 UTC 2026","broken","Wed May 13 15:55:09 UTC 2026","TestNetworkPrefix","test_network_parameters","",""
"","98","test_rpc_method_is_available[Test for Polkadot Asset Hub, url: wss://asset-hub-polkadot.dotters.network]","tests","Wed May 13 15:56:48 UTC 2026","passed","Wed May 13 15:56:48 UTC 2026","","test_rpc_methods_availability","",""
"","180","test_rpc_method_is_available[Test for Hydration, url: wss://hydration.dotters.network]","tests","Wed May 13 15:56:19 UTC 2026","passed","Wed May 13 15:56:19 UTC 2026","","test_rpc_methods_availability","",""
"","0","test_precision[Test for Kusama People]","tests","Wed May 13 15:54:19 UTC 2026","passed","Wed May 13 15:54:19 UTC 2026","TestPrecision","test_network_parameters","",""
"","93","test_rpc_method_is_available[Test for Humanode, url: wss://explorer-rpc-ws.mainnet.stages.humanode.io]","tests","Wed May 13 15:59:07 UTC 2026","passed","Wed May 13 15:59:07 UTC 2026","","test_rpc_methods_availability","",""
"","0","test_precision[Test for peaq]","tests","Wed May 13 15:55:59 UTC 2026","passed","Wed May 13 15:55:59 UTC 2026","TestPrecision","test_network_parameters","",""
"","0","test_rpc_method_is_available[Test for Moonbeam, url: wss://moonbeam.ibp.network]","tests","Wed May 13 15:54:53 UTC 2026","broken","Wed May 13 15:54:53 UTC 2026","","test_rpc_methods_availability","",""
"","0","test_precision[Test for Heima]","tests","Wed May 13 15:54:55 UTC 2026","passed","Wed May 13 15:54:55 UTC 2026","TestPrecision","test_network_parameters","",""
"","0","test_address_prefix[Test for Crab]","tests","Wed May 13 15:55:33 UTC 2026","broken","Wed May 13 15:55:33 UTC 2026","TestNetworkPrefix","test_network_parameters","",""
"","0","test_precision[Test for Kusama Coretime]","tests","Wed May 13 15:56:15 UTC 2026","passed","Wed May 13 15:56:15 UTC 2026","TestPrecision","test_network_parameters","",""
"","0","test_chainId[Test for Polymesh]","tests","Wed May 13 15:55:00 UTC 2026","passed","Wed May 13 15:55:00 UTC 2026","TestChainId","test_network_parameters","",""
"","100","test_rpc_method_is_available[Test for NeuroWeb, url: wss://parachain-rpc.origin-trail.network]","tests","Wed May 13 15:57:15 UTC 2026","passed","Wed May 13 15:57:15 UTC 2026","","test_rpc_methods_availability","",""
"","0","test_precision[Test for Moonbeam]","tests","Wed May 13 15:54:25 UTC 2026","passed","Wed May 13 15:54:25 UTC 2026","TestPrecision","test_network_parameters","",""
"","0","test_chainId[Test for DENTNet]","tests","Wed May 13 15:56:07 UTC 2026","passed","Wed May 13 15:56:07 UTC 2026","TestChainId","test_network_parameters","",""
"","0","test_precision[Test for Kusama Asset Hub]","tests","Wed May 13 15:54:31 UTC 2026","passed","Wed May 13 15:54:31 UTC 2026","TestPrecision","test_network_parameters","",""
"","0","test_chainId[Test for Frequency]","tests","Wed May 13 15:55:34 UTC 2026","passed","Wed May 13 15:55:34 UTC 2026","TestChainId","test_network_parameters","",""
"","93","test_rpc_method_is_available[Test for Enjin Matrix, url: wss://rpc.matrix.blockchain.enjin.io]","tests","Wed May 13 15:58:28 UTC 2026","passed","Wed May 13 15:58:28 UTC 2026","","test_rpc_methods_availability","",""
"","74","test_rpc_node_is_synced[Test for Bittensor, url: wss://entrypoint-finney.opentensor.ai:443]","tests","Wed May 13 15:57:46 UTC 2026","passed","Wed May 13 15:57:46 UTC 2026","","test_substrate_node_is_synced","",""
"","103","test_rpc_method_is_available[Test for Frequency, url: wss://1.rpc.frequency.xyz]","tests","Wed May 13 15:57:57 UTC 2026","passed","Wed May 13 15:57:57 UTC 2026","","test_rpc_methods_availability","",""
"","0","test_can_create_connection[Test for Karura, url: wss://karura-rpc.n.dwellir.com]","tests","Wed May 13 15:54:38 UTC 2026","passed","Wed May 13 15:54:38 UTC 2026","","test_nodes_availability","",""
"","229","test_rpc_node_is_synced[Test for Crust Shadow, url: wss://rpc2-shadow.crust.network/]","tests","Wed May 13 15:55:44 UTC 2026","passed","Wed May 13 15:55:44 UTC 2026","","test_substrate_node_is_synced","",""
"","95","test_rpc_method_is_available[Test for Darwinia, url: wss://rpc.darwinia.network]","tests","Wed May 13 15:58:11 UTC 2026","passed","Wed May 13 15:58:11 UTC 2026","","test_rpc_methods_availability","",""
"","0","test_can_create_connection[Test for Centrifuge Parachain, url: wss://rpc-centrifuge.luckyfriday.io]","tests","Wed May 13 15:55:57 UTC 2026","passed","Wed May 13 15:55:57 UTC 2026","","test_nodes_availability","",""
"","0","test_can_create_connection[Test for Hydration, url: wss://hydration.dotters.network]","tests","Wed May 13 15:56:19 UTC 2026","passed","Wed May 13 15:56:19 UTC 2026","","test_nodes_availability","",""
"","0","test_chainId[Test for JAMTON]","tests","Wed May 13 15:56:16 UTC 2026","passed","Wed May 13 15:56:16 UTC 2026","TestChainId","test_network_parameters","",""
"","22","test_rpc_node_is_synced[Test for Encointer, url: wss://sys.ibp.network/encointer-kusama]","tests","Wed May 13 15:56:12 UTC 2026","passed","Wed May 13 15:56:12 UTC 2026","","test_substrate_node_is_synced","",""
"","99","test_rpc_method_is_available[Test for Crust Shadow, url: wss://rpc-shadow.crust.network/]","tests","Wed May 13 15:55:46 UTC 2026","passed","Wed May 13 15:55:46 UTC 2026","","test_rpc_methods_availability","",""
"","9","test_has_new_assets[Test for Acurast]","tests","Wed May 13 15:56:52 UTC 2026","passed","Wed May 13 15:56:52 UTC 2026","TestAssets","test_check_new_assets","",""
"","102","test_rpc_method_is_available[Test for Heima, url: wss://rpc.litentry-parachain.litentry.io]","tests","Wed May 13 15:57:03 UTC 2026","passed","Wed May 13 15:57:03 UTC 2026","","test_rpc_methods_availability","",""
"","1","test_chainId[Test for Humanode]","tests","Wed May 13 15:56:10 UTC 2026","passed","Wed May 13 15:56:10 UTC 2026","TestChainId","test_network_parameters","",""
"","9","test_has_new_assets[Test for Cere]","tests","Wed May 13 15:56:08 UTC 2026","passed","Wed May 13 15:56:08 UTC 2026","TestAssets","test_check_new_assets","",""
"","97","test_rpc_method_is_available[Test for Tanssi, url: wss://services.tanssi-mainnet.network/tanssi]","tests","Wed May 13 15:59:42 UTC 2026","passed","Wed May 13 15:59:42 UTC 2026","","test_rpc_methods_availability","",""
"","0","test_rpc_method_is_available[Test for DAO IPCI, url: wss://ipci.rpc.robonomics.network]","tests","Wed May 13 15:58:00 UTC 2026","broken","Wed May 13 15:58:00 UTC 2026","","test_rpc_methods_availability","",""
"","196","test_rpc_node_is_synced[Test for XX network, url: wss://rpc.xx.network]","tests","Wed May 13 15:57:52 UTC 2026","passed","Wed May 13 15:57:52 UTC 2026","","test_substrate_node_is_synced","",""
"","0","test_can_create_connection[Test for Polkadex, url: wss://polkadex.public.curie.radiumblock.co/ws]","tests","Wed May 13 15:57:11 UTC 2026","broken","Wed May 13 15:57:11 UTC 2026","","test_nodes_availability","",""
"","1","test_address_prefix[Test for Polkadot Asset Hub]","tests","Wed May 13 15:54:38 UTC 2026","passed","Wed May 13 15:54:38 UTC 2026","TestNetworkPrefix","test_network_parameters","",""
"","157","test_rpc_node_is_synced[Test for Polkadex, url: wss://so.polkadex.ee]","tests","Wed May 13 15:57:05 UTC 2026","passed","Wed May 13 15:57:05 UTC 2026","","test_substrate_node_is_synced","",""
"","0","test_address_prefix[Test for Polkadot Coretime]","tests","Wed May 13 15:56:29 UTC 2026","passed","Wed May 13 15:56:29 UTC 2026","TestNetworkPrefix","test_network_parameters","",""
"","161","test_rpc_node_is_synced[Test for Darwinia, url: wss://rpc.darwinia.network]","tests","Wed May 13 15:58:21 UTC 2026","passed","Wed May 13 15:58:22 UTC 2026","","test_substrate_node_is_synced","",""
"","124","test_rpc_method_is_available[Test for Polkadot Relay, url: wss://polkadot.public.curie.radiumblock.co/ws]","tests","Wed May 13 15:54:53 UTC 2026","passed","Wed May 13 15:54:53 UTC 2026","","test_rpc_methods_availability","",""
"","163","test_rpc_node_is_synced[Test for NeuroWeb, url: wss://parachain-rpc.origin-trail.network]","tests","Wed May 13 15:57:22 UTC 2026","passed","Wed May 13 15:57:22 UTC 2026","","test_substrate_node_is_synced","",""
"","1","test_can_create_connection[Test for Kusama Coretime, url: wss://ksm-rpc.stakeworld.io/coretime]","tests","Wed May 13 15:59:49 UTC 2026","passed","Wed May 13 15:59:49 UTC 2026","","test_nodes_availability","",""
"","0","test_can_create_connection[Test for Karura, url: wss://karura-rpc-1.aca-api.network]","tests","Wed May 13 15:54:22 UTC 2026","passed","Wed May 13 15:54:22 UTC 2026","","test_nodes_availability","",""
"","0","test_can_create_connection[Test for Acala, url: wss://acala-rpc-3.aca-api.network/ws]","tests","Wed May 13 15:55:15 UTC 2026","passed","Wed May 13 15:55:15 UTC 2026","","test_nodes_availability","",""
"","174","test_rpc_node_is_synced[Test for Kintsugi, url: wss://api-kusama.interlay.io/parachain]","tests","Wed May 13 15:55:23 UTC 2026","passed","Wed May 13 15:55:23 UTC 2026","","test_substrate_node_is_synced","",""
"","0","test_can_create_connection[Test for Encointer, url: wss://api.kusama.encointer.org]","tests","Wed May 13 15:55:16 UTC 2026","passed","Wed May 13 15:55:16 UTC 2026","","test_nodes_availability","",""
"","0","test_rpc_method_is_available[Test for UNIQUE, url: wss://unique.dotters.network]","tests","Wed May 13 15:57:23 UTC 2026","broken","Wed May 13 15:57:23 UTC 2026","","test_rpc_methods_availability","",""
"","0","test_rpc_node_is_synced[Test for Curio, url: wss://archive.parachain.curioinvest.com]","tests","Wed May 13 15:58:43 UTC 2026","broken","Wed May 13 15:58:43 UTC 2026","","test_substrate_node_is_synced","",""
"","0","test_can_create_connection[Test for Centrifuge Parachain, url: wss://fullnode.centrifuge.io]","tests","Wed May 13 15:55:53 UTC 2026","passed","Wed May 13 15:55:53 UTC 2026","","test_nodes_availability","",""
"","175","test_rpc_node_is_synced[Test for Shiden, url: wss://rpc.shiden.astar.network]","tests","Wed May 13 15:55:59 UTC 2026","passed","Wed May 13 15:55:59 UTC 2026","","test_substrate_node_is_synced","",""
"","104","test_rpc_method_is_available[Test for Bifrost Polkadot, url: wss://hk.p.bifrost-rpc.liebi.com/ws]","tests","Wed May 13 15:56:48 UTC 2026","passed","Wed May 13 15:56:48 UTC 2026","","test_rpc_methods_availability","",""
"","0","test_rpc_method_is_available[Test for Hyperbridge Nexus, url: wss://hyperbridge-nexus-rpc.blockops.network]","tests","Wed May 13 15:59:34 UTC 2026","broken","Wed May 13 15:59:34 UTC 2026","","test_rpc_methods_availability","",""
"","1","test_precision[Test for Enjin Matrix]","tests","Wed May 13 15:55:22 UTC 2026","passed","Wed May 13 15:55:22 UTC 2026","TestPrecision","test_network_parameters","",""
"","1","test_can_create_connection[Test for Interlay, url: wss://rpc-interlay.luckyfriday.io/]","tests","Wed May 13 15:55:31 UTC 2026","passed","Wed May 13 15:55:31 UTC 2026","","test_nodes_availability","",""
"","100","test_rpc_method_is_available[Test for Polkadot Bridge Hub, url: wss://sys.ibp.network/bridgehub-polkadot]","tests","Wed May 13 15:58:10 UTC 2026","passed","Wed May 13 15:58:10 UTC 2026","","test_rpc_methods_availability","",""
"","0","test_address_prefix[Test for Acurast Canary]","tests","Wed May 13 15:55:55 UTC 2026","passed","Wed May 13 15:55:55 UTC 2026","TestNetworkPrefix","test_network_parameters","",""
"","9","test_has_new_assets[Test for Enjin Matrix]","tests","Wed May 13 15:55:50 UTC 2026","passed","Wed May 13 15:55:50 UTC 2026","TestAssets","test_check_new_assets","",""
"","0","test_can_create_connection[Test for Amplitude, url: wss://rpc-amplitude.pendulumchain.tech]","tests","Wed May 13 15:57:07 UTC 2026","broken","Wed May 13 15:57:07 UTC 2026","","test_nodes_availability","",""
"","9","test_has_new_assets[Test for Darwinia]","tests","Wed May 13 15:55:31 UTC 2026","passed","Wed May 13 15:55:31 UTC 2026","TestAssets","test_check_new_assets","",""
"","0","test_has_new_assets[Test for Amplitude]","tests","Wed May 13 15:55:04 UTC 2026","broken","Wed May 13 15:55:04 UTC 2026","TestAssets","test_check_new_assets","",""
"","0","test_can_create_connection[Test for Crust Polkadot Parachain, url: wss://crust-parachain.crustapps.net]","tests","Wed May 13 15:57:26 UTC 2026","passed","Wed May 13 15:57:26 UTC 2026","","test_nodes_availability","",""
"","98","test_rpc_method_is_available[Test for Kreivo, url: wss://kreivo.kippu.rocks/]","tests","Wed May 13 15:58:55 UTC 2026","passed","Wed May 13 15:58:55 UTC 2026","","test_rpc_methods_availability","",""
"","65","test_rpc_node_is_synced[Test for Kusama Relay, url: wss://rpc-kusama.luckyfriday.io]","tests","Wed May 13 15:54:44 UTC 2026","passed","Wed May 13 15:54:44 UTC 2026","","test_substrate_node_is_synced","",""
"","0","test_can_create_connection[Test for Energy Web X, url: wss://public-rpc.mainnet.energywebx.com/]","tests","Wed May 13 15:58:56 UTC 2026","passed","Wed May 13 15:58:56 UTC 2026","","test_nodes_availability","",""
"","0","test_address_prefix[Test for krest]","tests","Wed May 13 15:55:34 UTC 2026","passed","Wed May 13 15:55:34 UTC 2026","TestNetworkPrefix","test_network_parameters","",""
"","0","test_precision[Test for 3DPass]","tests","Wed May 13 15:55:11 UTC 2026","passed","Wed May 13 15:55:11 UTC 2026","TestPrecision","test_network_parameters","",""
"","0","test_can_create_connection[Test for Kusama Relay, url: wss://kusama.public.curie.radiumblock.co/ws]","tests","Wed May 13 15:54:53 UTC 2026","passed","Wed May 13 15:54:53 UTC 2026","","test_nodes_availability","",""
"","0","test_address_prefix[Test for QUARTZ]","tests","Wed May 13 15:54:32 UTC 2026","broken","Wed May 13 15:54:32 UTC 2026","TestNetworkPrefix","test_network_parameters","",""
"","0","test_precision[Test for Polkadot Coretime]","tests","Wed May 13 15:56:04 UTC 2026","passed","Wed May 13 15:56:04 UTC 2026","TestPrecision","test_network_parameters","",""
"","0","test_can_create_connection[Test for Bifrost Polkadot, url: wss://bifrost-polkadot.dotters.network]","tests","Wed May 13 15:56:42 UTC 2026","broken","Wed May 13 15:56:42 UTC 2026","","test_nodes_availability","",""
"","62","test_rpc_node_is_synced[Test for 3DPass, url: wss://rpc.p3d.top]","tests","Wed May 13 15:58:16 UTC 2026","failed","Wed May 13 15:58:16 UTC 2026","","test_substrate_node_is_synced","",""
"","0","test_precision[Test for Joystream]","tests","Wed May 13 15:55:26 UTC 2026","passed","Wed May 13 15:55:26 UTC 2026","TestPrecision","test_network_parameters","",""
"","0","test_can_create_connection[Test for GIANT, url: wss://rpc-anchor-2-mainnet-az-ue1.giantprotocol.org:443]","tests","Wed May 13 15:57:51 UTC 2026","passed","Wed May 13 15:57:51 UTC 2026","","test_nodes_availability","",""
"","107","test_rpc_method_is_available[Test for Karura, url: wss://karura-rpc-1.aca-api.network]","tests","Wed May 13 15:54:23 UTC 2026","passed","Wed May 13 15:54:23 UTC 2026","","test_rpc_methods_availability","",""
"","0","test_can_create_connection[Test for Shiden, url: wss://shiden.public.curie.radiumblock.co/ws]","tests","Wed May 13 15:57:03 UTC 2026","passed","Wed May 13 15:57:03 UTC 2026","","test_nodes_availability","",""
"","1","test_can_create_connection[Test for Aleph Zero, url: wss://ws.azero.dev]","tests","Wed May 13 15:56:55 UTC 2026","passed","Wed May 13 15:56:55 UTC 2026","","test_nodes_availability","",""
"","0","test_has_new_assets[Test for Curio]","tests","Wed May 13 15:56:07 UTC 2026","broken","Wed May 13 15:56:07 UTC 2026","TestAssets","test_check_new_assets","",""
"","0","test_can_create_connection[Test for Acala, url: wss://acala-rpc-0.aca-api.network]","tests","Wed May 13 15:59:15 UTC 2026","passed","Wed May 13 15:59:15 UTC 2026","","test_nodes_availability","",""
"","0","test_precision[Test for krest]","tests","Wed May 13 15:55:23 UTC 2026","passed","Wed May 13 15:55:23 UTC 2026","TestPrecision","test_network_parameters","",""
"","0","test_can_create_connection[Test for Aventus, url: wss://avn-parachain.mainnet.aventus.io]","tests","Wed May 13 15:57:30 UTC 2026","passed","Wed May 13 15:57:30 UTC 2026","","test_nodes_availability","",""
"","0","test_precision[Test for Acurast]","tests","Wed May 13 15:56:15 UTC 2026","passed","Wed May 13 15:56:15 UTC 2026","TestPrecision","test_network_parameters","",""
"","0","test_address_prefix[Test for Ajuna]","tests","Wed May 13 15:55:19 UTC 2026","passed","Wed May 13 15:55:19 UTC 2026","TestNetworkPrefix","test_network_parameters","",""
"","7","test_has_new_assets[Test for Encointer]","tests","Wed May 13 15:54:37 UTC 2026","passed","Wed May 13 15:54:37 UTC 2026","TestAssets","test_check_new_assets","",""
"","142","test_rpc_method_is_available[Test for Polkadot Collectives, url: wss://collectives.public.curie.radiumblock.co/ws]","tests","Wed May 13 15:58:24 UTC 2026","passed","Wed May 13 15:58:24 UTC 2026","","test_rpc_methods_availability","",""
"","0","test_rpc_node_is_synced[Test for Bifrost Kusama, url: wss://us.bifrost-rpc.liebi.com/ws]","tests","Wed May 13 15:57:29 UTC 2026","broken","Wed May 13 15:57:29 UTC 2026","","test_substrate_node_is_synced","",""
"","0","test_rpc_node_is_synced[Test for Bifrost Polkadot, url: wss://bifrost-polkadot.ibp.network]","tests","Wed May 13 15:56:25 UTC 2026","broken","Wed May 13 15:56:25 UTC 2026","","test_substrate_node_is_synced","",""
"","63","test_rpc_node_is_synced[Test for Kusama Bridge Hub, url: wss://bridge-hub-kusama.dotters.network]","tests","Wed May 13 15:58:11 UTC 2026","passed","Wed May 13 15:58:12 UTC 2026","","test_substrate_node_is_synced","",""
"","0","test_address_prefix[Test for Aleph Zero]","tests","Wed May 13 15:56:25 UTC 2026","passed","Wed May 13 15:56:25 UTC 2026","TestNetworkPrefix","test_network_parameters","",""
"","93","test_rpc_method_is_available[Test for Kusama Bridge Hub, url: wss://bridge-hub-kusama.dotters.network]","tests","Wed May 13 15:58:14 UTC 2026","passed","Wed May 13 15:58:14 UTC 2026","","test_rpc_methods_availability","",""
"","1","test_can_create_connection[Test for Kintsugi, url: wss://api-kusama.interlay.io/parachain]","tests","Wed May 13 15:55:21 UTC 2026","passed","Wed May 13 15:55:21 UTC 2026","","test_nodes_availability","",""
"","92","test_rpc_method_is_available[Test for Mythos, url: wss://mythos-rpc.dmarket.com]","tests","Wed May 13 15:58:56 UTC 2026","passed","Wed May 13 15:58:56 UTC 2026","","test_rpc_methods_availability","",""
"","0","test_can_create_connection[Test for Polkadot People, url: wss://people-polkadot.dotters.network]","tests","Wed May 13 15:54:29 UTC 2026","passed","Wed May 13 15:54:29 UTC 2026","","test_nodes_availability","",""
"","100","test_rpc_method_is_available[Test for Polkadot Relay, url: wss://dot-rpc.stakeworld.io]","tests","Wed May 13 15:54:47 UTC 2026","passed","Wed May 13 15:54:47 UTC 2026","","test_rpc_methods_availability","",""
"","0","test_address_prefix[Test for CC Enterprise]","tests","Wed May 13 15:56:11 UTC 2026","passed","Wed May 13 15:56:11 UTC 2026","TestNetworkPrefix","test_network_parameters","",""
"","10","test_has_new_assets[Test for Kusama Bridge Hub]","tests","Wed May 13 15:55:44 UTC 2026","passed","Wed May 13 15:55:44 UTC 2026","TestAssets","test_check_new_assets","",""
"","1","test_chainId[Test for Basilisk]","tests","Wed May 13 15:54:29 UTC 2026","passed","Wed May 13 15:54:29 UTC 2026","TestChainId","test_network_parameters","",""
"","0","test_address_prefix[Test for Shiden]","tests","Wed May 13 15:54:45 UTC 2026","passed","Wed May 13 15:54:45 UTC 2026","TestNetworkPrefix","test_network_parameters","",""
"","0","test_chainId[Test for Crust Shadow]","tests","Wed May 13 15:54:49 UTC 2026","passed","Wed May 13 15:54:49 UTC 2026","TestChainId","test_network_parameters","",""
"","0","test_rpc_method_is_available[Test for Phala, url: wss://api.phala.network/ws]","tests","Wed May 13 15:56:32 UTC 2026","broken","Wed May 13 15:56:32 UTC 2026","","test_rpc_methods_availability","",""
"","118","test_rpc_method_is_available[Test for Kusama People, url: wss://kusama-people-rpc.polkadot.io]","tests","Wed May 13 15:54:43 UTC 2026","passed","Wed May 13 15:54:43 UTC 2026","","test_rpc_methods_availability","",""
"","0","test_rpc_method_is_available[Test for Curio, url: wss://parachain.curioinvest.com/]","tests","Wed May 13 15:58:51 UTC 2026","broken","Wed May 13 15:58:51 UTC 2026","","test_rpc_methods_availability","",""
"","0","test_can_create_connection[Test for Kusama Asset Hub, url: wss://asset-hub-kusama.dotters.network]","tests","Wed May 13 15:54:19 UTC 2026","passed","Wed May 13 15:54:19 UTC 2026","","test_nodes_availability","",""
"","0","test_can_create_connection[Test for XX network, url: wss://rpc-hetzner.xx.network]","tests","Wed May 13 15:57:45 UTC 2026","passed","Wed May 13 15:57:45 UTC 2026","","test_nodes_availability","",""
"","155","test_rpc_node_is_synced[Test for Ternoa, url: wss://mainnet.ternoa.network]","tests","Wed May 13 15:57:03 UTC 2026","passed","Wed May 13 15:57:03 UTC 2026","","test_substrate_node_is_synced","",""
"","7","test_has_new_assets[Test for NeuroWeb]","tests","Wed May 13 15:55:08 UTC 2026","passed","Wed May 13 15:55:08 UTC 2026","TestAssets","test_check_new_assets","",""
"","0","test_precision[Test for Bifrost Kusama]","tests","Wed May 13 15:54:28 UTC 2026","passed","Wed May 13 15:54:28 UTC 2026","TestPrecision","test_network_parameters","",""
"","0","test_can_create_connection[Test for Polkadot Bridge Hub, url: wss://bridge-hub-polkadot.dotters.network]","tests","Wed May 13 15:57:57 UTC 2026","passed","Wed May 13 15:57:57 UTC 2026","","test_nodes_availability","",""
"","0","test_rpc_node_is_synced[Test for Bifrost Polkadot, url: wss://bifrost-polkadot.dotters.network]","tests","Wed May 13 15:56:37 UTC 2026","broken","Wed May 13 15:56:37 UTC 2026","","test_substrate_node_is_synced","",""
"","0","test_precision[Test for Laos]","tests","Wed May 13 15:56:18 UTC 2026","broken","Wed May 13 15:56:18 UTC 2026","TestPrecision","test_network_parameters","",""
"","0","test_can_create_connection[Test for Hyperbridge Nexus, url: wss://nexus.dotters.network]","tests","Wed May 13 15:59:07 UTC 2026","broken","Wed May 13 15:59:07 UTC 2026","","test_nodes_availability","",""
"","1","test_can_create_connection[Test for Polkadot Coretime, url: wss://coretime-polkadot.dotters.network]","tests","Wed May 13 15:59:45 UTC 2026","passed","Wed May 13 15:59:45 UTC 2026","","test_nodes_availability","",""
"","0","test_can_create_connection[Test for Zeitgeist, url: wss://zeitgeist.api.onfinality.io/public-ws]","tests","Wed May 13 15:55:32 UTC 2026","passed","Wed May 13 15:55:32 UTC 2026","","test_nodes_availability","",""
"","67","test_rpc_node_is_synced[Test for GIANT, url: wss://rpc-anchor-2-mainnet-az-ue1.giantprotocol.org:443]","tests","Wed May 13 15:58:00 UTC 2026","passed","Wed May 13 15:58:00 UTC 2026","","test_substrate_node_is_synced","",""
"","7","test_has_new_assets[Test for Bifrost Polkadot]","tests","Wed May 13 15:55:15 UTC 2026","passed","Wed May 13 15:55:15 UTC 2026","TestAssets","test_check_new_assets","",""
"","0","test_can_create_connection[Test for Polkadot Collectives, url: wss://sys.ibp.network/collectives-polkadot]","tests","Wed May 13 15:58:16 UTC 2026","passed","Wed May 13 15:58:16 UTC 2026","","test_nodes_availability","",""
"","1","test_address_prefix[Test for Crust Polkadot Parachain]","tests","Wed May 13 15:55:12 UTC 2026","passed","Wed May 13 15:55:12 UTC 2026","TestNetworkPrefix","test_network_parameters","",""
"","104","test_rpc_method_is_available[Test for Acala, url: wss://acala-rpc.n.dwellir.com]","tests","Wed May 13 15:55:20 UTC 2026","passed","Wed May 13 15:55:20 UTC 2026","","test_rpc_methods_availability","",""
"","0","test_address_prefix[Test for Humanode]","tests","Wed May 13 15:56:15 UTC 2026","passed","Wed May 13 15:56:15 UTC 2026","TestNetworkPrefix","test_network_parameters","",""
"","10","test_has_new_assets[Test for Frequency]","tests","Wed May 13 15:55:45 UTC 2026","passed","Wed May 13 15:55:45 UTC 2026","TestAssets","test_check_new_assets","",""
"","822","test_rpc_node_is_synced[Test for Acurast Canary, url: wss://public-rpc.canary.acurast.com]","tests","Wed May 13 15:58:43 UTC 2026","passed","Wed May 13 15:58:43 UTC 2026","","test_substrate_node_is_synced","",""
"","96","test_rpc_method_is_available[Test for 3DPass, url: wss://rpc.p3d.top]","tests","Wed May 13 15:58:06 UTC 2026","passed","Wed May 13 15:58:07 UTC 2026","","test_rpc_methods_availability","",""
"","0","test_can_create_connection[Test for QUARTZ, url: wss://us-ws-quartz.unique.network]","tests","Wed May 13 15:59:08 UTC 2026","broken","Wed May 13 15:59:08 UTC 2026","","test_nodes_availability","",""
"","0","test_chainId[Test for Polkadot Collectives]","tests","Wed May 13 15:55:32 UTC 2026","passed","Wed May 13 15:55:32 UTC 2026","TestChainId","test_network_parameters","",""
"","100","test_rpc_method_is_available[Test for Crust Shadow, url: wss://rpc2-shadow.crust.network/]","tests","Wed May 13 15:55:42 UTC 2026","passed","Wed May 13 15:55:42 UTC 2026","","test_rpc_methods_availability","",""
"","0","test_can_create_connection[Test for Kusama Coretime, url: wss://kusama-coretime-rpc.polkadot.io]","tests","Wed May 13 15:59:48 UTC 2026","passed","Wed May 13 15:59:48 UTC 2026","","test_nodes_availability","",""
"","0","test_can_create_connection[Test for Kusama Asset Hub, url: wss://sys.ibp.network/statemine]","tests","Wed May 13 15:55:11 UTC 2026","passed","Wed May 13 15:55:11 UTC 2026","","test_nodes_availability","",""
"","9","test_has_new_assets[Test for Moonbeam]","tests","Wed May 13 15:54:26 UTC 2026","passed","Wed May 13 15:54:26 UTC 2026","TestAssets","test_check_new_assets","",""
"","0","test_chainId[Test for Polkadot Bridge Hub]","tests","Wed May 13 15:55:24 UTC 2026","passed","Wed May 13 15:55:24 UTC 2026","TestChainId","test_network_parameters","",""
"","7","test_has_new_assets[Test for Mythos]","tests","Wed May 13 15:55:58 UTC 2026","passed","Wed May 13 15:55:58 UTC 2026","TestAssets","test_check_new_assets","",""
"","0","test_chainId[Test for Pendulum]","tests","Wed May 13 15:55:50 UTC 2026","passed","Wed May 13 15:55:50 UTC 2026","TestChainId","test_network_parameters","",""
"","1","test_precision[Test for Altair]","tests","Wed May 13 15:54:15 UTC 2026","passed","Wed May 13 15:54:15 UTC 2026","TestPrecision","test_network_parameters","",""
"","1","test_can_create_connection[Test for Polkadot Bridge Hub, url: wss://dot-rpc.stakeworld.io/bridgehub]","tests","Wed May 13 15:58:01 UTC 2026","passed","Wed May 13 15:58:01 UTC 2026","","test_nodes_availability","",""
"","9","test_has_new_assets[Test for Hydration]","tests","Wed May 13 15:54:42 UTC 2026","passed","Wed May 13 15:54:42 UTC 2026","TestAssets","test_check_new_assets","",""
"","0","test_can_create_connection[Test for Enjin Relay, url: wss://rpc.relay.blockchain.enjin.io]","tests","Wed May 13 15:58:31 UTC 2026","passed","Wed May 13 15:58:31 UTC 2026","","test_nodes_availability","",""
"","7","test_has_new_assets[Test for UNIQUE]","tests","Wed May 13 15:55:25 UTC 2026","passed","Wed May 13 15:55:25 UTC 2026","TestAssets","test_check_new_assets","",""
"","0","test_precision[Test for Kusama Bridge Hub]","tests","Wed May 13 15:55:16 UTC 2026","passed","Wed May 13 15:55:16 UTC 2026","TestPrecision","test_network_parameters","",""
"","0","test_can_create_connection[Test for Humanode, url: wss://explorer-rpc-ws.mainnet.stages.humanode.io]","tests","Wed May 13 15:59:21 UTC 2026","passed","Wed May 13 15:59:21 UTC 2026","","test_nodes_availability","",""
"","0","test_rpc_method_is_available[Test for Crab, url: wss://crab-rpc.darwinia.network/]","tests","Wed May 13 15:57:53 UTC 2026","broken","Wed May 13 15:57:53 UTC 2026","","test_rpc_methods_availability","",""
"","0","test_rpc_node_is_synced[Test for Hyperbridge Nexus, url: wss://nexus.dotters.network]","tests","Wed May 13 15:59:09 UTC 2026","broken","Wed May 13 15:59:09 UTC 2026","","test_substrate_node_is_synced","",""
"","99","test_rpc_method_is_available[Test for Crust Polkadot Parachain, url: wss://crust-parachain.crustapps.net]","tests","Wed May 13 15:57:21 UTC 2026","passed","Wed May 13 15:57:21 UTC 2026","","test_rpc_methods_availability","",""
"","0","test_can_create_connection[Test for Encointer, url: wss://encointer-kusama.dotters.network]","tests","Wed May 13 15:56:32 UTC 2026","passed","Wed May 13 15:56:32 UTC 2026","","test_nodes_availability","",""
"","107","test_rpc_method_is_available[Test for Polkadot Relay, url: wss://1rpc.io/dot]","tests","Wed May 13 15:54:57 UTC 2026","passed","Wed May 13 15:54:57 UTC 2026","","test_rpc_methods_availability","",""
"","0","test_can_create_connection[Test for Acala, url: wss://acala-rpc-1.aca-api.network]","tests","Wed May 13 15:59:20 UTC 2026","passed","Wed May 13 15:59:20 UTC 2026","","test_nodes_availability","",""
"","107","test_rpc_method_is_available[Test for Bifrost Kusama, url: wss://bifrost-rpc.liebi.com/ws]","tests","Wed May 13 15:56:35 UTC 2026","passed","Wed May 13 15:56:35 UTC 2026","","test_rpc_methods_availability","",""
"","22","test_rpc_node_is_synced[Test for Kusama Relay, url: wss://rpc.ibp.network/kusama]","tests","Wed May 13 15:54:26 UTC 2026","passed","Wed May 13 15:54:27 UTC 2026","","test_substrate_node_is_synced","",""
"","0","test_can_create_connection[Test for Polkadot Bridge Hub, url: wss://sys.ibp.network/bridgehub-polkadot]","tests","Wed May 13 15:57:53 UTC 2026","passed","Wed May 13 15:57:53 UTC 2026","","test_nodes_availability","",""
"","0","test_can_create_connection[Test for Kusama Relay, url: wss://kusama.dotters.network]","tests","Wed May 13 15:54:29 UTC 2026","passed","Wed May 13 15:54:29 UTC 2026","","test_nodes_availability","",""
"","1","test_address_prefix[Test for Pendulum]","tests","Wed May 13 15:55:07 UTC 2026","passed","Wed May 13 15:55:07 UTC 2026","TestNetworkPrefix","test_network_parameters","",""
"","0","test_chainId[Test for Encointer]","tests","Wed May 13 15:54:35 UTC 2026","passed","Wed May 13 15:54:35 UTC 2026","TestChainId","test_network_parameters","",""
"","71","test_rpc_node_is_synced[Test for Polkadot Relay, url: wss://polkadot.dotters.network]","tests","Wed May 13 15:54:37 UTC 2026","passed","Wed May 13 15:54:37 UTC 2026","","test_substrate_node_is_synced","",""
"","0","test_precision[Test for Humanode]","tests","Wed May 13 15:56:47 UTC 2026","passed","Wed May 13 15:56:47 UTC 2026","TestPrecision","test_network_parameters","",""
"","0","test_address_prefix[Test for Kreivo]","tests","Wed May 13 15:56:06 UTC 2026","passed","Wed May 13 15:56:06 UTC 2026","TestNetworkPrefix","test_network_parameters","",""
"","55","test_rpc_node_is_synced[Test for Polkadot Relay, url: wss://polkadot.public.curie.radiumblock.co/ws]","tests","Wed May 13 15:54:53 UTC 2026","passed","Wed May 13 15:54:53 UTC 2026","","test_substrate_node_is_synced","",""
"","168","test_rpc_node_is_synced[Test for Bifrost Polkadot, url: wss://eu.bifrost-polkadot-rpc.liebi.com/ws]","tests","Wed May 13 15:56:51 UTC 2026","passed","Wed May 13 15:56:51 UTC 2026","","test_substrate_node_is_synced","",""
"","0","test_rpc_method_is_available[Test for Phala, url: wss://phala-rpc.n.dwellir.com]","tests","Wed May 13 15:55:51 UTC 2026","broken","Wed May 13 15:55:51 UTC 2026","","test_rpc_methods_availability","",""
"","0","test_rpc_method_is_available[Test for Hyperbridge Nexus, url: wss://nexus.ibp.network]","tests","Wed May 13 15:59:03 UTC 2026","broken","Wed May 13 15:59:03 UTC 2026","","test_rpc_methods_availability","",""
"","0","test_can_create_connection[Test for Crab, url: wss://crab-rpc.darwinia.network/]","tests","Wed May 13 15:57:56 UTC 2026","broken","Wed May 13 15:57:56 UTC 2026","","test_nodes_availability","",""
"","209","test_has_new_assets[Test for CC Enterprise]","tests","Wed May 13 15:56:17 UTC 2026","passed","Wed May 13 15:56:17 UTC 2026","TestAssets","test_check_new_assets","",""
"","0","test_rpc_node_is_synced[Test for Crab, url: wss://crab-rpc.darwinia.network/]","tests","Wed May 13 15:57:57 UTC 2026","broken","Wed May 13 15:57:57 UTC 2026","","test_substrate_node_is_synced","",""
"","142","test_rpc_method_is_available[Test for Ajuna, url: wss://rpc-para.ajuna.network]","tests","Wed May 13 15:57:30 UTC 2026","passed","Wed May 13 15:57:30 UTC 2026","","test_rpc_methods_availability","",""
"","165","test_rpc_method_is_available[Test for XX network, url: wss://rpc-hetzner.xx.network]","tests","Wed May 13 15:58:54 UTC 2026","passed","Wed May 13 15:58:54 UTC 2026","","test_rpc_methods_availability","",""
"","163","test_rpc_node_is_synced[Test for Kusama People, url: wss://ksm-rpc.stakeworld.io/people]","tests","Wed May 13 15:54:53 UTC 2026","passed","Wed May 13 15:54:53 UTC 2026","","test_substrate_node_is_synced","",""
"","1","test_can_create_connection[Test for Kreivo, url: wss://kreivo.kippu.rocks/]","tests","Wed May 13 15:59:07 UTC 2026","passed","Wed May 13 15:59:07 UTC 2026","","test_nodes_availability","",""
"","115","test_has_new_assets[Test for Moonriver]","tests","Wed May 13 15:54:15 UTC 2026","passed","Wed May 13 15:54:15 UTC 2026","TestAssets","test_check_new_assets","",""
"","96","test_rpc_method_is_available[Test for Ternoa, url: wss://mainnet.ternoa.network]","tests","Wed May 13 15:57:40 UTC 2026","passed","Wed May 13 15:57:40 UTC 2026","","test_rpc_methods_availability","",""
"","0","test_can_create_connection[Test for GIANT, url: wss://rpc-anchor-1-mainnet-az-ue1.giantprotocol.org:443]","tests","Wed May 13 15:58:09 UTC 2026","passed","Wed May 13 15:58:09 UTC 2026","","test_nodes_availability","",""
"","0","test_chainId[Test for UNIQUE]","tests","Wed May 13 15:55:01 UTC 2026","passed","Wed May 13 15:55:01 UTC 2026","TestChainId","test_network_parameters","",""
"","0","test_rpc_method_is_available[Test for 3DPass, url: wss://rpc.3dpass.org]","tests","Wed May 13 15:58:03 UTC 2026","broken","Wed May 13 15:58:03 UTC 2026","","test_rpc_methods_availability","",""
"","60","test_rpc_node_is_synced[Test for Hydration, url: wss://hydration.dotters.network]","tests","Wed May 13 15:56:24 UTC 2026","passed","Wed May 13 15:56:24 UTC 2026","","test_substrate_node_is_synced","",""
"","0","test_rpc_method_is_available[Test for Moonbeam, url: wss://moonbeam.public.curie.radiumblock.co/ws]","tests","Wed May 13 15:55:17 UTC 2026","broken","Wed May 13 15:55:17 UTC 2026","","test_rpc_methods_availability","",""
"","21","test_rpc_node_is_synced[Test for Kusama Asset Hub, url: wss://sys.ibp.network/statemine]","tests","Wed May 13 15:55:12 UTC 2026","passed","Wed May 13 15:55:12 UTC 2026","","test_substrate_node_is_synced","",""
"","0","test_can_create_connection[Test for Tangle, url: wss://rpc.tangle.tools]","tests","Wed May 13 15:59:39 UTC 2026","broken","Wed May 13 15:59:39 UTC 2026","","test_nodes_availability","",""
"","0","test_chainId[Test for CC Enterprise]","tests","Wed May 13 15:56:55 UTC 2026","passed","Wed May 13 15:56:55 UTC 2026","TestChainId","test_network_parameters","",""
"","0","test_address_prefix[Test for NeuroWeb]","tests","Wed May 13 15:54:50 UTC 2026","passed","Wed May 13 15:54:50 UTC 2026","TestNetworkPrefix","test_network_parameters","",""
"","100","test_rpc_method_is_available[Test for Kusama Coretime, url: wss://ksm-rpc.stakeworld.io/coretime]","tests","Wed May 13 15:59:37 UTC 2026","passed","Wed May 13 15:59:37 UTC 2026","","test_rpc_methods_availability","",""
"","0","test_chainId[Test for Astar]","tests","Wed May 13 15:54:37 UTC 2026","passed","Wed May 13 15:54:37 UTC 2026","TestChainId","test_network_parameters","",""
"","99","test_rpc_method_is_available[Test for krest, url: wss://krest.api.onfinality.io/public-ws']","tests","Wed May 13 15:58:32 UTC 2026","passed","Wed May 13 15:58:32 UTC 2026","","test_rpc_methods_availability","",""
"","0","test_can_create_connection[Test for Acurast, url: wss://public-archive.mainnet.acurast.com]","tests","Wed May 13 15:59:53 UTC 2026","passed","Wed May 13 15:59:53 UTC 2026","","test_nodes_availability","",""
"","0","test_chainId[Test for Bittensor]","tests","Wed May 13 15:55:05 UTC 2026","passed","Wed May 13 15:55:05 UTC 2026","TestChainId","test_network_parameters","",""
"","259","test_rpc_node_work_fast[Test for Ethereum, url: https://ethereum-rpc.publicnode.com]","tests","Wed May 13 15:54:23 UTC 2026","passed","Wed May 13 15:54:23 UTC 2026","TestETHNodesAvailability","test_eth_nodes_availability","",""
"","6","test_rpc_node_is_synced[Test for CC Enterprise, url: wss://mainnet.creditcoin.network/ws]","tests","Wed May 13 15:58:52 UTC 2026","passed","Wed May 13 15:58:52 UTC 2026","","test_substrate_node_is_synced","",""
"","11","test_has_new_assets[Test for Aventus]","tests","Wed May 13 15:55:31 UTC 2026","passed","Wed May 13 15:55:32 UTC 2026","TestAssets","test_check_new_assets","",""
"","0","test_precision[Test for Amplitude]","tests","Wed May 13 15:54:49 UTC 2026","broken","Wed May 13 15:54:49 UTC 2026","TestPrecision","test_network_parameters","",""
"","176","test_rpc_method_is_available[Test for Polkadot People, url: wss://rpc-people-polkadot.luckyfriday.io]","tests","Wed May 13 15:54:35 UTC 2026","passed","Wed May 13 15:54:35 UTC 2026","","test_rpc_methods_availability","",""
"","1","test_chainId[Test for Aleph Zero]","tests","Wed May 13 15:55:55 UTC 2026","passed","Wed May 13 15:55:55 UTC 2026","TestChainId","test_network_parameters","",""
"","0","test_can_create_connection[Test for Kusama Bridge Hub, url: wss://bridge-hub-kusama.dotters.network]","tests","Wed May 13 15:58:08 UTC 2026","passed","Wed May 13 15:58:08 UTC 2026","","test_nodes_availability","",""
"","318","test_rpc_method_is_available[Test for Karura, url: wss://karura-rpc-0.aca-api.network]","tests","Wed May 13 15:54:19 UTC 2026","passed","Wed May 13 15:54:19 UTC 2026","","test_rpc_methods_availability","",""
"","108","test_rpc_method_is_available[Test for Kusama People, url: wss://sys.ibp.network/people-kusama]","tests","Wed May 13 15:54:45 UTC 2026","passed","Wed May 13 15:54:45 UTC 2026","","test_rpc_methods_availability","",""
"","102","test_rpc_method_is_available[Test for Polkadot Coretime, url: wss://coretime-polkadot.dotters.network]","tests","Wed May 13 15:59:31 UTC 2026","passed","Wed May 13 15:59:31 UTC 2026","","test_rpc_methods_availability","",""
"","0","test_can_create_connection[Test for Hyperbridge Nexus, url: wss://hyperbridge-nexus-rpc.blockops.network]","tests","Wed May 13 15:59:19 UTC 2026","broken","Wed May 13 15:59:19 UTC 2026","","test_nodes_availability","",""
"","0","test_rpc_node_is_synced[Test for Polkadex, url: wss://polkadex.public.curie.radiumblock.co/ws]","tests","Wed May 13 15:57:17 UTC 2026","broken","Wed May 13 15:57:17 UTC 2026","","test_substrate_node_is_synced","",""
"","0","test_precision[Test for Polkadot Collectives]","tests","Wed May 13 15:55:20 UTC 2026","passed","Wed May 13 15:55:20 UTC 2026","TestPrecision","test_network_parameters","",""
"","0","test_can_create_connection[Test for Aventus, url: wss://public-rpc.mainnet.aventus.io]","tests","Wed May 13 15:57:36 UTC 2026","passed","Wed May 13 15:57:36 UTC 2026","","test_nodes_availability","",""
"","9","test_has_new_assets[Test for Polkadot Asset Hub]","tests","Wed May 13 15:54:31 UTC 2026","passed","Wed May 13 15:54:31 UTC 2026","TestAssets","test_check_new_assets","",""
"","12","test_has_new_assets[Test for Vara]","tests","Wed May 13 15:55:35 UTC 2026","passed","Wed May 13 15:55:35 UTC 2026","TestAssets","test_check_new_assets","",""
"","0","test_chainId[Test for Avail]","tests","Wed May 13 15:56:01 UTC 2026","passed","Wed May 13 15:56:01 UTC 2026","TestChainId","test_network_parameters","",""
"","69","test_rpc_node_is_synced[Test for GIANT, url: wss://rpc-anchor-1-mainnet-az-ue1.giantprotocol.org:443]","tests","Wed May 13 15:58:09 UTC 2026","passed","Wed May 13 15:58:09 UTC 2026","","test_substrate_node_is_synced","",""
"","0","test_precision[Test for Acurast Canary]","tests","Wed May 13 15:55:39 UTC 2026","passed","Wed May 13 15:55:39 UTC 2026","TestPrecision","test_network_parameters","",""
"","7","test_has_new_assets[Test for Crust Shadow]","tests","Wed May 13 15:54:52 UTC 2026","passed","Wed May 13 15:54:52 UTC 2026","TestAssets","test_check_new_assets","",""
"","160","test_rpc_method_is_available[Test for Polkadot Coretime, url: wss://polkadot-coretime-rpc.polkadot.io]","tests","Wed May 13 15:59:31 UTC 2026","passed","Wed May 13 15:59:32 UTC 2026","","test_rpc_methods_availability","",""
"","0","test_has_new_assets[Test for QUARTZ]","tests","Wed May 13 15:54:26 UTC 2026","broken","Wed May 13 15:54:26 UTC 2026","TestAssets","test_check_new_assets","",""
"","53","test_has_new_assets[Test for Bifrost Kusama]","tests","Wed May 13 15:54:48 UTC 2026","passed","Wed May 13 15:54:48 UTC 2026","TestAssets","test_check_new_assets","",""
"","0","test_chainId[Test for Kintsugi]","tests","Wed May 13 15:54:40 UTC 2026","passed","Wed May 13 15:54:40 UTC 2026","TestChainId","test_network_parameters","",""
"","11","test_has_new_assets[Test for Energy Web X]","tests","Wed May 13 15:56:42 UTC 2026","passed","Wed May 13 15:56:42 UTC 2026","TestAssets","test_check_new_assets","",""
"","0","test_precision[Test for Hydration]","tests","Wed May 13 15:54:44 UTC 2026","passed","Wed May 13 15:54:44 UTC 2026","TestPrecision","test_network_parameters","",""
"","0","test_rpc_method_is_available[Test for Polkadex, url: wss://polkadex.public.curie.radiumblock.co/ws]","tests","Wed May 13 15:57:09 UTC 2026","broken","Wed May 13 15:57:09 UTC 2026","","test_rpc_methods_availability","",""
"","11","test_has_new_assets[Test for GIANT]","tests","Wed May 13 15:55:39 UTC 2026","passed","Wed May 13 15:55:39 UTC 2026","TestAssets","test_check_new_assets","",""
"","110","test_rpc_method_is_available[Test for Polkadot Bridge Hub, url: wss://bridge-hub-polkadot.dotters.network]","tests","Wed May 13 15:58:12 UTC 2026","passed","Wed May 13 15:58:12 UTC 2026","","test_rpc_methods_availability","",""
"","99","test_rpc_method_is_available[Test for Pendulum, url: wss://rpc-pendulum.prd.pendulumchain.tech]","tests","Wed May 13 15:57:19 UTC 2026","passed","Wed May 13 15:57:19 UTC 2026","","test_rpc_methods_availability","",""
"","0","test_precision[Test for Darwinia]","tests","Wed May 13 15:55:18 UTC 2026","passed","Wed May 13 15:55:18 UTC 2026","TestPrecision","test_network_parameters","",""
"","0","test_rpc_method_is_available[Test for DeepBrain, url: wss://info.dbcwallet.io]","tests","Wed May 13 15:59:28 UTC 2026","broken","Wed May 13 15:59:28 UTC 2026","","test_rpc_methods_availability","",""
"","0","test_can_create_connection[Test for Polkadex, url: wss://so.polkadex.ee]","tests","Wed May 13 15:57:00 UTC 2026","passed","Wed May 13 15:57:00 UTC 2026","","test_nodes_availability","",""
"","0","test_address_prefix[Test for Tanssi]","tests","Wed May 13 15:56:35 UTC 2026","passed","Wed May 13 15:56:35 UTC 2026","TestNetworkPrefix","test_network_parameters","",""
"","109","test_rpc_method_is_available[Test for Kusama People, url: wss://people-kusama.dotters.network]","tests","Wed May 13 15:54:48 UTC 2026","passed","Wed May 13 15:54:48 UTC 2026","","test_rpc_methods_availability","",""
"","98","test_rpc_method_is_available[Test for Avail, url: wss://avail.api.onfinality.io/public-ws]","tests","Wed May 13 15:58:56 UTC 2026","passed","Wed May 13 15:58:57 UTC 2026","","test_rpc_methods_availability","",""
"","44","test_rpc_node_is_synced[Test for Shiden, url: wss://shiden.public.curie.radiumblock.co/ws]","tests","Wed May 13 15:56:28 UTC 2026","passed","Wed May 13 15:56:28 UTC 2026","","test_substrate_node_is_synced","",""
"","68","test_rpc_node_is_synced[Test for Kusama Relay, url: wss://kusama.dotters.network]","tests","Wed May 13 15:54:32 UTC 2026","passed","Wed May 13 15:54:32 UTC 2026","","test_substrate_node_is_synced","",""
"","69","test_rpc_node_is_synced[Test for Polkadot Relay, url: wss://rpc-polkadot.luckyfriday.io]","tests","Wed May 13 15:55:01 UTC 2026","passed","Wed May 13 15:55:01 UTC 2026","","test_substrate_node_is_synced","",""
"","81","test_rpc_node_is_synced[Test for Bittensor, url: wss://lite.sub.latent.to:443]","tests","Wed May 13 15:57:39 UTC 2026","passed","Wed May 13 15:57:39 UTC 2026","","test_substrate_node_is_synced","",""
"","57","test_has_new_assets[Test for Interlay]","tests","Wed May 13 15:54:46 UTC 2026","passed","Wed May 13 15:54:46 UTC 2026","TestAssets","test_check_new_assets","",""
"","0","test_precision[Test for JAMTON]","tests","Wed May 13 15:56:02 UTC 2026","passed","Wed May 13 15:56:02 UTC 2026","TestPrecision","test_network_parameters","",""
"","0","test_can_create_connection[Test for Polkadot Relay, url: wss://rpc.ibp.network/polkadot]","tests","Wed May 13 15:54:31 UTC 2026","passed","Wed May 13 15:54:31 UTC 2026","","test_nodes_availability","",""
"","1284","test_rpc_node_is_synced[Test for Zeitgeist, url: wss://zeitgeist.api.onfinality.io/public-ws]","tests","Wed May 13 15:55:33 UTC 2026","passed","Wed May 13 15:55:35 UTC 2026","","test_substrate_node_is_synced","",""
"","93","test_rpc_method_is_available[Test for Polkadot Collectives, url: wss://collectives-polkadot.dotters.network]","tests","Wed May 13 15:58:24 UTC 2026","passed","Wed May 13 15:58:24 UTC 2026","","test_rpc_methods_availability","",""
"","0","test_rpc_method_is_available[Test for QUARTZ, url: wss://eu-ws-quartz.unique.network]","tests","Wed May 13 15:58:22 UTC 2026","broken","Wed May 13 15:58:22 UTC 2026","","test_rpc_methods_availability","",""
"","7","test_has_new_assets[Test for Polkadot Collectives]","tests","Wed May 13 15:55:47 UTC 2026","passed","Wed May 13 15:55:47 UTC 2026","TestAssets","test_check_new_assets","",""
"","9","test_has_new_assets[Test for Ajuna]","tests","Wed May 13 15:55:37 UTC 2026","passed","Wed May 13 15:55:37 UTC 2026","TestAssets","test_check_new_assets","",""
"","22","test_rpc_node_is_synced[Test for Kusama People, url: wss://sys.ibp.network/people-kusama]","tests","Wed May 13 15:54:46 UTC 2026","passed","Wed May 13 15:54:46 UTC 2026","","test_substrate_node_is_synced","",""
"","0","test_chainId[Test for DAO IPCI]","tests","Wed May 13 15:55:15 UTC 2026","broken","Wed May 13 15:55:15 UTC 2026","TestChainId","test_network_parameters","",""
"","1","test_can_create_connection[Test for Polkadot Collectives, url: wss://dot-rpc.stakeworld.io/collectives]","tests","Wed May 13 15:58:19 UTC 2026","passed","Wed May 13 15:58:19 UTC 2026","","test_nodes_availability","",""
"","10","test_has_new_assets[Test for Aleph Zero]","tests","Wed May 13 15:55:57 UTC 2026","passed","Wed May 13 15:55:57 UTC 2026","TestAssets","test_check_new_assets","",""
"","75","test_rpc_node_is_synced[Test for Ethereum, url: https://1rpc.io/eth]","tests","Wed May 13 15:54:33 UTC 2026","broken","Wed May 13 15:54:33 UTC 2026","TestETHNodesAvailability","test_eth_nodes_availability","",""
"","0","test_address_prefix[Test for Enjin Matrix]","tests","Wed May 13 15:55:38 UTC 2026","passed","Wed May 13 15:55:38 UTC 2026","TestNetworkPrefix","test_network_parameters","",""
"","163","test_rpc_node_is_synced[Test for Karura, url: wss://karura-rpc.n.dwellir.com]","tests","Wed May 13 15:54:43 UTC 2026","passed","Wed May 13 15:54:43 UTC 2026","","test_substrate_node_is_synced","",""
"","293","test_rpc_node_is_synced[Test for Karura, url: wss://karura-rpc-3.aca-api.network/ws]","tests","Wed May 13 15:54:36 UTC 2026","passed","Wed May 13 15:54:36 UTC 2026","","test_substrate_node_is_synced","",""
"","254","test_rpc_node_is_synced[Test for DENTNet, url: wss://rpc.dentnet.io/ws]","tests","Wed May 13 15:58:57 UTC 2026","passed","Wed May 13 15:58:58 UTC 2026","","test_substrate_node_is_synced","",""
"","10","test_has_new_assets[Test for Joystream]","tests","Wed May 13 15:55:54 UTC 2026","passed","Wed May 13 15:55:54 UTC 2026","TestAssets","test_check_new_assets","",""
"","1","test_precision[Test for Creditcoin]","tests","Wed May 13 15:55:53 UTC 2026","passed","Wed May 13 15:55:53 UTC 2026","TestPrecision","test_network_parameters","",""
"","0","test_precision[Test for Westend (TESTNET)]","tests","Wed May 13 15:54:27 UTC 2026","passed","Wed May 13 15:54:27 UTC 2026","TestPrecision","test_network_parameters","",""
"","121","test_rpc_node_is_synced[Test for Enjin Matrix, url: wss://rpc.matrix.blockchain.enjin.io]","tests","Wed May 13 15:58:25 UTC 2026","passed","Wed May 13 15:58:25 UTC 2026","","test_substrate_node_is_synced","",""
"","0","test_address_prefix[Test for Heima]","tests","Wed May 13 15:55:03 UTC 2026","passed","Wed May 13 15:55:03 UTC 2026","TestNetworkPrefix","test_network_parameters","",""
"","112","test_rpc_method_is_available[Test for Shiden, url: wss://shiden-rpc.n.dwellir.com]","tests","Wed May 13 15:56:25 UTC 2026","passed","Wed May 13 15:56:25 UTC 2026","","test_rpc_methods_availability","",""
"","102","test_rpc_method_is_available[Test for Vara, url: wss://rpc.vara-network.io]","tests","Wed May 13 15:58:02 UTC 2026","passed","Wed May 13 15:58:02 UTC 2026","","test_rpc_methods_availability","",""
"","7","test_has_new_assets[Test for Acurast Canary]","tests","Wed May 13 15:56:02 UTC 2026","passed","Wed May 13 15:56:02 UTC 2026","TestAssets","test_check_new_assets","",""
"","0","test_can_create_connection[Test for Acala, url: wss://acala-rpc.n.dwellir.com]","tests","Wed May 13 15:55:39 UTC 2026","passed","Wed May 13 15:55:39 UTC 2026","","test_nodes_availability","",""
"","95","test_rpc_method_is_available[Test for Polkadot Collectives, url: wss://sys.ibp.network/collectives-polkadot]","tests","Wed May 13 15:58:20 UTC 2026","passed","Wed May 13 15:58:20 UTC 2026","","test_rpc_methods_availability","",""
"","0","test_address_prefix[Test for Phala]","tests","Wed May 13 15:56:07 UTC 2026","broken","Wed May 13 15:56:07 UTC 2026","TestNetworkPrefix","test_network_parameters","",""
"","0","test_rpc_node_is_synced[Test for Hyperbridge Nexus, url: wss://hyperbridge-nexus-rpc.blockops.network]","tests","Wed May 13 15:59:24 UTC 2026","broken","Wed May 13 15:59:24 UTC 2026","","test_substrate_node_is_synced","",""
"","0","test_address_prefix[Test for Kusama Coretime]","tests","Wed May 13 15:56:40 UTC 2026","passed","Wed May 13 15:56:40 UTC 2026","TestNetworkPrefix","test_network_parameters","",""
"","0","test_can_create_connection[Test for Polymesh, url: wss://mainnet-rpc.polymesh.network]","tests","Wed May 13 15:57:17 UTC 2026","passed","Wed May 13 15:57:17 UTC 2026","","test_nodes_availability","",""
"","0","test_precision[Test for DAO IPCI]","tests","Wed May 13 15:55:12 UTC 2026","broken","Wed May 13 15:55:12 UTC 2026","TestPrecision","test_network_parameters","",""
"","16","test_rpc_node_is_synced[Test for Aleph Zero, url: wss://ws.azero.dev]","tests","Wed May 13 15:57:00 UTC 2026","passed","Wed May 13 15:57:00 UTC 2026","","test_substrate_node_is_synced","",""
"","0","test_address_prefix[Test for Acurast]","tests","Wed May 13 15:56:38 UTC 2026","passed","Wed May 13 15:56:38 UTC 2026","TestNetworkPrefix","test_network_parameters","",""
"","1","test_can_create_connection[Test for Astar, url: wss://rpc.astar.network]","tests","Wed May 13 15:55:46 UTC 2026","passed","Wed May 13 15:55:46 UTC 2026","","test_nodes_availability","",""
"","518","test_rpc_node_is_synced[Test for Karura, url: wss://karura-rpc-0.aca-api.network]","tests","Wed May 13 15:54:22 UTC 2026","passed","Wed May 13 15:54:22 UTC 2026","","test_substrate_node_is_synced","",""
"","440","test_rpc_node_is_synced[Test for Acala, url: wss://acala-rpc-2.aca-api.network/ws]","tests","Wed May 13 15:55:11 UTC 2026","passed","Wed May 13 15:55:11 UTC 2026","","test_substrate_node_is_synced","",""
"","0","test_precision[Test for Hyperbridge Nexus]","tests","Wed May 13 15:56:28 UTC 2026","broken","Wed May 13 15:56:28 UTC 2026","TestPrecision","test_network_parameters","",""
"","0","test_rpc_node_is_synced[Test for Moonbeam, url: wss://moonbeam.ibp.network]","tests","Wed May 13 15:55:00 UTC 2026","broken","Wed May 13 15:55:00 UTC 2026","","test_substrate_node_is_synced","",""
"","0","test_address_prefix[Test for DeepBrain]","tests","Wed May 13 15:56:21 UTC 2026","broken","Wed May 13 15:56:21 UTC 2026","TestNetworkPrefix","test_network_parameters","",""
"","0","test_address_prefix[Test for Manta Atlantic]","tests","Wed May 13 15:55:49 UTC 2026","passed","Wed May 13 15:55:49 UTC 2026","TestNetworkPrefix","test_network_parameters","",""
"","22","test_rpc_node_is_synced[Test for Polkadot Asset Hub, url: wss://sys.ibp.network/asset-hub-polkadot]","tests","Wed May 13 15:55:59 UTC 2026","passed","Wed May 13 15:55:59 UTC 2026","","test_substrate_node_is_synced","",""
"","0","test_address_prefix[Test for Crust Shadow]","tests","Wed May 13 15:54:59 UTC 2026","passed","Wed May 13 15:54:59 UTC 2026","TestNetworkPrefix","test_network_parameters","",""
"","0","test_can_create_connection[Test for XX network, url: wss://rpc.xx.network]","tests","Wed May 13 15:57:40 UTC 2026","passed","Wed May 13 15:57:40 UTC 2026","","test_nodes_availability","",""
"","0","test_rpc_node_is_synced[Test for Amplitude, url: wss://rpc-amplitude.pendulumchain.tech]","tests","Wed May 13 15:56:57 UTC 2026","broken","Wed May 13 15:56:57 UTC 2026","","test_substrate_node_is_synced","",""
"","0","test_rpc_node_is_synced[Test for DAO IPCI, url: wss://ipci.rpc.robonomics.network]","tests","Wed May 13 15:57:25 UTC 2026","broken","Wed May 13 15:57:25 UTC 2026","","test_substrate_node_is_synced","",""
"","0","test_precision[Test for Astar]","tests","Wed May 13 15:54:37 UTC 2026","passed","Wed May 13 15:54:37 UTC 2026","TestPrecision","test_network_parameters","",""
"","71","test_rpc_node_is_synced[Test for Polkadot People, url: wss://rpc-people-polkadot.luckyfriday.io]","tests","Wed May 13 15:54:37 UTC 2026","passed","Wed May 13 15:54:37 UTC 2026","","test_substrate_node_is_synced","",""
"","173","test_rpc_method_is_available[Test for Karura, url: wss://karura-rpc.n.dwellir.com]","tests","Wed May 13 15:54:38 UTC 2026","passed","Wed May 13 15:54:38 UTC 2026","","test_rpc_methods_availability","",""
"","0","test_can_create_connection[Test for Moonriver, url: wss://moonriver-rpc.publicnode.com]","tests","Wed May 13 15:54:57 UTC 2026","passed","Wed May 13 15:54:57 UTC 2026","","test_nodes_availability","",""
"","1","test_can_create_connection[Test for Polkadot Asset Hub, url: wss://rpc-assethub.novasama-tech.org]","tests","Wed May 13 15:56:04 UTC 2026","passed","Wed May 13 15:56:04 UTC 2026","","test_nodes_availability","",""
"","164","test_rpc_node_is_synced[Test for Heima, url: wss://rpc.litentry-parachain.litentry.io]","tests","Wed May 13 15:56:57 UTC 2026","passed","Wed May 13 15:56:57 UTC 2026","","test_substrate_node_is_synced","",""
"","165","test_rpc_node_is_synced[Test for Heima, url: wss://heima-rpc.n.dwellir.com]","tests","Wed May 13 15:57:03 UTC 2026","passed","Wed May 13 15:57:03 UTC 2026","","test_substrate_node_is_synced","",""
"","0","test_can_create_connection[Test for Joystream, url: wss://rpc.joystream.org]","tests","Wed May 13 15:58:30 UTC 2026","passed","Wed May 13 15:58:30 UTC 2026","","test_nodes_availability","",""
"","20","test_rpc_node_is_synced[Test for Polkadot People, url: wss://sys.ibp.network/people-polkadot]","tests","Wed May 13 15:54:30 UTC 2026","passed","Wed May 13 15:54:30 UTC 2026","","test_substrate_node_is_synced","",""
"","0","test_chainId[Test for Mythos]","tests","Wed May 13 15:55:50 UTC 2026","passed","Wed May 13 15:55:50 UTC 2026","TestChainId","test_network_parameters","",""
"","0","test_can_create_connection[Test for DAO IPCI, url: wss://ipci.rpc.robonomics.network]","tests","Wed May 13 15:57:32 UTC 2026","broken","Wed May 13 15:57:32 UTC 2026","","test_nodes_availability","",""
"","65","test_rpc_node_is_synced[Test for Altair, url: wss://altair.api.onfinality.io/public-ws]","tests","Wed May 13 15:58:01 UTC 2026","passed","Wed May 13 15:58:01 UTC 2026","","test_substrate_node_is_synced","",""
"","1","test_precision[Test for Frequency]","tests","Wed May 13 15:55:31 UTC 2026","passed","Wed May 13 15:55:31 UTC 2026","TestPrecision","test_network_parameters","",""
"","62","test_rpc_node_is_synced[Test for Hydration, url: wss://hydration.ibp.network]","tests","Wed May 13 15:56:19 UTC 2026","passed","Wed May 13 15:56:19 UTC 2026","","test_substrate_node_is_synced","",""
"","0","test_can_create_connection[Test for Manta Atlantic, url: wss://ws.manta.systems]","tests","Wed May 13 15:58:25 UTC 2026","passed","Wed May 13 15:58:25 UTC 2026","","test_nodes_availability","",""
"","101","test_rpc_method_is_available[Test for Kusama Relay, url: wss://rpc.ibp.network/kusama]","tests","Wed May 13 15:54:27 UTC 2026","passed","Wed May 13 15:54:27 UTC 2026","","test_rpc_methods_availability","",""
"","1","test_address_prefix[Test for Centrifuge Parachain]","tests","Wed May 13 15:55:06 UTC 2026","passed","Wed May 13 15:55:06 UTC 2026","TestNetworkPrefix","test_network_parameters","",""
"","169","test_rpc_node_is_synced[Test for Polkadot Collectives, url: wss://dot-rpc.stakeworld.io/collectives]","tests","Wed May 13 15:58:23 UTC 2026","passed","Wed May 13 15:58:23 UTC 2026","","test_substrate_node_is_synced","",""
"","0","test_precision[Test for Ajuna]","tests","Wed May 13 15:55:09 UTC 2026","passed","Wed May 13 15:55:09 UTC 2026","TestPrecision","test_network_parameters","",""
"","0","test_can_create_connection[Test for Ajuna, url: wss://ajuna.ibp.network]","tests","Wed May 13 15:57:46 UTC 2026","broken","Wed May 13 15:57:46 UTC 2026","","test_nodes_availability","",""
"","6","test_has_new_assets[Test for Polkadot Coretime]","tests","Wed May 13 15:56:53 UTC 2026","passed","Wed May 13 15:56:53 UTC 2026","TestAssets","test_check_new_assets","",""
"","1","test_can_create_connection[Test for Avail, url: wss://avail.api.onfinality.io/public-ws]","tests","Wed May 13 15:59:10 UTC 2026","passed","Wed May 13 15:59:10 UTC 2026","","test_nodes_availability","",""
"","0","test_chainId[Test for krest]","tests","Wed May 13 15:55:34 UTC 2026","passed","Wed May 13 15:55:34 UTC 2026","TestChainId","test_network_parameters","",""
"","0","test_can_create_connection[Test for Basilisk, url: wss://rpc.basilisk.cloud]","tests","Wed May 13 15:58:28 UTC 2026","passed","Wed May 13 15:58:28 UTC 2026","","test_nodes_availability","",""
"","0","test_address_prefix[Test for Curio]","tests","Wed May 13 15:55:59 UTC 2026","broken","Wed May 13 15:55:59 UTC 2026","TestNetworkPrefix","test_network_parameters","",""
"","59","test_rpc_node_work_fast[Test for Ethereum, url: https://1rpc.io/eth]","tests","Wed May 13 15:54:33 UTC 2026","failed","Wed May 13 15:54:33 UTC 2026","TestETHNodesAvailability","test_eth_nodes_availability","",""
"","64","test_rpc_node_is_synced[Test for Encointer, url: wss://encointer-kusama.dotters.network]","tests","Wed May 13 15:56:14 UTC 2026","passed","Wed May 13 15:56:14 UTC 2026","","test_substrate_node_is_synced","",""
"","0","test_precision[Test for Crust Shadow]","tests","Wed May 13 15:54:54 UTC 2026","passed","Wed May 13 15:54:54 UTC 2026","TestPrecision","test_network_parameters","",""
"","77","test_rpc_node_is_synced[Test for peaq, url: wss://peaq-rpc.publicnode.com]","tests","Wed May 13 15:59:13 UTC 2026","passed","Wed May 13 15:59:13 UTC 2026","","test_substrate_node_is_synced","",""
"","99","test_rpc_method_is_available[Test for Kintsugi, url: wss://api-kusama.interlay.io/parachain]","tests","Wed May 13 15:55:22 UTC 2026","passed","Wed May 13 15:55:22 UTC 2026","","test_rpc_methods_availability","",""
"","0","test_can_create_connection[Test for Encointer, url: wss://sys.ibp.network/encointer-kusama]","tests","Wed May 13 15:56:30 UTC 2026","passed","Wed May 13 15:56:30 UTC 2026","","test_nodes_availability","",""
"","1","test_precision[Test for Polkadot People]","tests","Wed May 13 15:54:16 UTC 2026","passed","Wed May 13 15:54:16 UTC 2026","TestPrecision","test_network_parameters","",""
"","0","test_can_create_connection[Test for Polkadot Relay, url: wss://polkadot.public.curie.radiumblock.co/ws]","tests","Wed May 13 15:54:54 UTC 2026","passed","Wed May 13 15:54:54 UTC 2026","","test_nodes_availability","",""
"","74","test_rpc_node_is_synced[Test for Kreivo, url: wss://kreivo.kippu.rocks/]","tests","Wed May 13 15:58:47 UTC 2026","passed","Wed May 13 15:58:47 UTC 2026","","test_substrate_node_is_synced","",""
"","0","test_address_prefix[Test for Vara]","tests","Wed May 13 15:55:37 UTC 2026","passed","Wed May 13 15:55:37 UTC 2026","TestNetworkPrefix","test_network_parameters","",""
"","59","test_rpc_node_is_synced[Test for Phala, url: wss://phala.public.curie.radiumblock.co/ws]","tests","Wed May 13 15:56:58 UTC 2026","passed","Wed May 13 15:56:58 UTC 2026","","test_substrate_node_is_synced","",""
"","1","test_can_create_connection[Test for UNIQUE, url: wss://eu-ws.unique.network/]","tests","Wed May 13 15:57:18 UTC 2026","passed","Wed May 13 15:57:18 UTC 2026","","test_nodes_availability","",""
"","0","test_can_create_connection[Test for Altair, url: wss://altair.api.onfinality.io/public-ws]","tests","Wed May 13 15:58:34 UTC 2026","passed","Wed May 13 15:58:34 UTC 2026","","test_nodes_availability","",""
"","170","test_rpc_node_is_synced[Test for Shiden, url: wss://shiden-rpc.n.dwellir.com]","tests","Wed May 13 15:56:04 UTC 2026","passed","Wed May 13 15:56:05 UTC 2026","","test_substrate_node_is_synced","",""
"","0","test_address_prefix[Test for Karura]","tests","Wed May 13 15:54:28 UTC 2026","passed","Wed May 13 15:54:28 UTC 2026","TestNetworkPrefix","test_network_parameters","",""
"","163","test_rpc_node_is_synced[Test for Polkadot Asset Hub, url: wss://asset-hub-polkadot-rpc.n.dwellir.com]","tests","Wed May 13 15:55:54 UTC 2026","passed","Wed May 13 15:55:55 UTC 2026","","test_substrate_node_is_synced","",""
"","21","test_rpc_node_is_synced[Test for Polkadot Bridge Hub, url: wss://sys.ibp.network/bridgehub-polkadot]","tests","Wed May 13 15:58:04 UTC 2026","passed","Wed May 13 15:58:04 UTC 2026","","test_substrate_node_is_synced","",""
"","0","test_can_create_connection[Test for Kusama People, url: wss://sys.ibp.network/people-kusama]","tests","Wed May 13 15:54:43 UTC 2026","passed","Wed May 13 15:54:43 UTC 2026","","test_nodes_availability","",""
"","1","test_address_prefix[Test for Kusama Relay]","tests","Wed May 13 15:54:32 UTC 2026","passed","Wed May 13 15:54:32 UTC 2026","TestNetworkPrefix","test_network_parameters","",""
"","0","test_can_create_connection[Test for Kusama Relay, url: wss://rpc-kusama-1.novasama-tech.org]","tests","Wed May 13 15:55:07 UTC 2026","passed","Wed May 13 15:55:07 UTC 2026","","test_nodes_availability","",""
"","0","test_rpc_node_is_synced[Test for QUARTZ, url: wss://quartz.unique.network]","tests","Wed May 13 15:58:12 UTC 2026","broken","Wed May 13 15:58:12 UTC 2026","","test_substrate_node_is_synced","",""
"","206","test_rpc_node_is_synced[Test for Manta Atlantic, url: wss://ws.manta.systems]","tests","Wed May 13 15:58:26 UTC 2026","passed","Wed May 13 15:58:27 UTC 2026","","test_substrate_node_is_synced","",""
"","24","test_rpc_node_is_synced[Test for Polymesh, url: wss://mainnet-rpc.polymesh.network]","tests","Wed May 13 15:57:06 UTC 2026","passed","Wed May 13 15:57:06 UTC 2026","","test_substrate_node_is_synced","",""
"","0","test_can_create_connection[Test for Interlay, url: wss://api.interlay.io/parachain]","tests","Wed May 13 15:55:28 UTC 2026","passed","Wed May 13 15:55:28 UTC 2026","","test_nodes_availability","",""
"","0","test_can_create_connection[Test for Moonbeam, url: wss://moonbeam.ibp.network]","tests","Wed May 13 15:54:54 UTC 2026","broken","Wed May 13 15:54:54 UTC 2026","","test_nodes_availability","",""
"","73","test_rpc_node_is_synced[Test for Polkadot Coretime, url: wss://rpc-coretime-polkadot.luckyfriday.io]","tests","Wed May 13 15:59:30 UTC 2026","passed","Wed May 13 15:59:30 UTC 2026","","test_substrate_node_is_synced","",""
"","106","test_rpc_method_is_available[Test for Creditcoin, url: wss://mainnet3.creditcoin.network]","tests","Wed May 13 15:59:07 UTC 2026","passed","Wed May 13 15:59:07 UTC 2026","","test_rpc_methods_availability","",""
"","0","test_address_prefix[Test for Tangle]","tests","Wed May 13 15:56:37 UTC 2026","broken","Wed May 13 15:56:37 UTC 2026","TestNetworkPrefix","test_network_parameters","",""
"","0","test_rpc_method_is_available[Test for Moonriver, url: wss://moonriver.public.curie.radiumblock.co/ws]","tests","Wed May 13 15:55:39 UTC 2026","broken","Wed May 13 15:55:39 UTC 2026","","test_rpc_methods_availability","",""
"","0","test_precision[Test for DeepBrain]","tests","Wed May 13 15:56:05 UTC 2026","broken","Wed May 13 15:56:05 UTC 2026","TestPrecision","test_network_parameters","",""
"","0","test_can_create_connection[Test for Polkadot Relay, url: wss://1rpc.io/dot]","tests","Wed May 13 15:54:58 UTC 2026","passed","Wed May 13 15:54:58 UTC 2026","","test_nodes_availability","",""
"","0","test_precision[Test for Crab]","tests","Wed May 13 15:55:29 UTC 2026","broken","Wed May 13 15:55:29 UTC 2026","TestPrecision","test_network_parameters","",""
"","0","test_can_create_connection[Test for Curio, url: wss://parachain.curioinvest.com/]","tests","Wed May 13 15:58:35 UTC 2026","broken","Wed May 13 15:58:35 UTC 2026","","test_nodes_availability","",""
"","7","test_has_new_assets[Test for Basilisk]","tests","Wed May 13 15:54:53 UTC 2026","passed","Wed May 13 15:54:53 UTC 2026","TestAssets","test_check_new_assets","",""
"","0","test_rpc_node_is_synced[Test for Curio, url: wss://parachain.curioinvest.com/]","tests","Wed May 13 15:58:43 UTC 2026","broken","Wed May 13 15:58:43 UTC 2026","","test_substrate_node_is_synced","",""
"","67","test_rpc_node_is_synced[Test for Avail, url: wss://avail.api.onfinality.io/public-ws]","tests","Wed May 13 15:58:52 UTC 2026","passed","Wed May 13 15:58:52 UTC 2026","","test_substrate_node_is_synced","",""
"","798","test_rpc_node_is_synced[Test for Acala, url: wss://acala-rpc-3.aca-api.network/ws]","tests","Wed May 13 15:55:14 UTC 2026","passed","Wed May 13 15:55:15 UTC 2026","","test_substrate_node_is_synced","",""
"","162","test_rpc_node_is_synced[Test for UNIQUE, url: wss://asia-ws.unique.network/]","tests","Wed May 13 15:57:19 UTC 2026","passed","Wed May 13 15:57:19 UTC 2026","","test_substrate_node_is_synced","",""
"","0","test_precision[Test for Centrifuge Parachain]","tests","Wed May 13 15:54:36 UTC 2026","passed","Wed May 13 15:54:36 UTC 2026","TestPrecision","test_network_parameters","",""
"","1","test_chainId[Test for Polkadot Relay]","tests","Wed May 13 15:54:15 UTC 2026","passed","Wed May 13 15:54:15 UTC 2026","TestChainId","test_network_parameters","",""
"","0","test_chainId[Test for Tanssi]","tests","Wed May 13 15:56:28 UTC 2026","passed","Wed May 13 15:56:28 UTC 2026","TestChainId","test_network_parameters","",""
"","0","test_rpc_method_is_available[Test for Ajuna, url: wss://ajuna.ibp.network]","tests","Wed May 13 15:57:41 UTC 2026","broken","Wed May 13 15:57:41 UTC 2026","","test_rpc_methods_availability","",""
"","103","test_rpc_method_is_available[Test for Hydration, url: wss://hydration.ibp.network]","tests","Wed May 13 15:56:14 UTC 2026","passed","Wed May 13 15:56:14 UTC 2026","","test_rpc_methods_availability","",""
"","11","test_has_new_assets[Test for Zeitgeist]","tests","Wed May 13 15:54:46 UTC 2026","passed","Wed May 13 15:54:46 UTC 2026","TestAssets","test_check_new_assets","",""
"","0","test_address_prefix[Test for DAO IPCI]","tests","Wed May 13 15:55:32 UTC 2026","broken","Wed May 13 15:55:32 UTC 2026","TestNetworkPrefix","test_network_parameters","",""
"","0","test_chainId[Test for Kreivo]","tests","Wed May 13 15:56:09 UTC 2026","passed","Wed May 13 15:56:09 UTC 2026","TestChainId","test_network_parameters","",""
"","0","test_rpc_node_is_synced[Test for Moonriver, url: wss://moonriver.public.curie.radiumblock.co/ws]","tests","Wed May 13 15:55:38 UTC 2026","broken","Wed May 13 15:55:38 UTC 2026","","test_substrate_node_is_synced","",""
"","65","test_rpc_node_is_synced[Test for krest, url: wss://krest.api.onfinality.io/public-ws']","tests","Wed May 13 15:58:32 UTC 2026","passed","Wed May 13 15:58:32 UTC 2026","","test_substrate_node_is_synced","",""
"","101","test_rpc_method_is_available[Test for Westend (TESTNET), url: wss://westend-rpc.polkadot.io]","tests","Wed May 13 15:55:02 UTC 2026","passed","Wed May 13 15:55:02 UTC 2026","","test_rpc_methods_availability","",""
"","1","test_precision[Test for CC Enterprise]","tests","Wed May 13 15:55:54 UTC 2026","passed","Wed May 13 15:55:54 UTC 2026","TestPrecision","test_network_parameters","",""
"","92","test_rpc_method_is_available[Test for peaq, url: wss://peaq-rpc.publicnode.com]","tests","Wed May 13 15:59:11 UTC 2026","passed","Wed May 13 15:59:11 UTC 2026","","test_rpc_methods_availability","",""
"","0","test_address_prefix[Test for Altair]","tests","Wed May 13 15:54:21 UTC 2026","passed","Wed May 13 15:54:21 UTC 2026","TestNetworkPrefix","test_network_parameters","",""
"","0","test_can_create_connection[Test for JAMTON, url: wss://rpc.jamton.network]","tests","Wed May 13 15:59:39 UTC 2026","passed","Wed May 13 15:59:39 UTC 2026","","test_nodes_availability","",""
"","1","test_has_new_assets[Test for Hyperbridge Nexus]","tests","Wed May 13 15:56:38 UTC 2026","broken","Wed May 13 15:56:38 UTC 2026","TestAssets","test_check_new_assets","",""
"","1","test_chainId[Test for Acurast Canary]","tests","Wed May 13 15:55:57 UTC 2026","passed","Wed May 13 15:55:57 UTC 2026","TestChainId","test_network_parameters","",""
"","1","test_can_create_connection[Test for Heima, url: wss://heima-rpc.n.dwellir.com]","tests","Wed May 13 15:57:11 UTC 2026","passed","Wed May 13 15:57:11 UTC 2026","","test_nodes_availability","",""
"","398","test_rpc_node_is_synced[Test for Acala, url: wss://acala-rpc-1.aca-api.network]","tests","Wed May 13 15:58:43 UTC 2026","passed","Wed May 13 15:58:43 UTC 2026","","test_substrate_node_is_synced","",""
"","97","test_rpc_method_is_available[Test for Interlay, url: wss://api.interlay.io/parachain]","tests","Wed May 13 15:55:27 UTC 2026","passed","Wed May 13 15:55:27 UTC 2026","","test_rpc_methods_availability","",""
"","1","test_precision[Test for Bittensor]","tests","Wed May 13 15:55:02 UTC 2026","passed","Wed May 13 15:55:02 UTC 2026","TestPrecision","test_network_parameters","",""
"","1","test_precision[Test for Kusama Relay]","tests","Wed May 13 15:54:22 UTC 2026","passed","Wed May 13 15:54:22 UTC 2026","TestPrecision","test_network_parameters","",""
"","163","test_rpc_node_is_synced[Test for Acala, url: wss://acala-rpc.n.dwellir.com]","tests","Wed May 13 15:55:21 UTC 2026","passed","Wed May 13 15:55:21 UTC 2026","","test_substrate_node_is_synced","",""
"","0","test_can_create_connection[Test for Ajuna, url: wss://rpc-para.ajuna.network]","tests","Wed May 13 15:57:35 UTC 2026","passed","Wed May 13 15:57:35 UTC 2026","","test_nodes_availability","",""
"","20","test_rpc_node_is_synced[Test for Kusama Bridge Hub, url: wss://sys.ibp.network/bridgehub-kusama]","tests","Wed May 13 15:58:15 UTC 2026","passed","Wed May 13 15:58:15 UTC 2026","","test_substrate_node_is_synced","",""
"","164","test_rpc_node_is_synced[Test for UNIQUE, url: wss://us-ws.unique.network/]","tests","Wed May 13 15:57:13 UTC 2026","passed","Wed May 13 15:57:14 UTC 2026","","test_substrate_node_is_synced","",""
"","94","test_rpc_method_is_available[Test for Kusama Bridge Hub, url: wss://ksm-rpc.stakeworld.io/bridgehub]","tests","Wed May 13 15:58:18 UTC 2026","passed","Wed May 13 15:58:18 UTC 2026","","test_rpc_methods_availability","",""
"","106","test_rpc_method_is_available[Test for Altair, url: wss://altair.api.onfinality.io/public-ws]","tests","Wed May 13 15:57:59 UTC 2026","passed","Wed May 13 15:57:59 UTC 2026","","test_rpc_methods_availability","",""
"","0","test_chainId[Test for Crust Polkadot Parachain]","tests","Wed May 13 15:55:53 UTC 2026","passed","Wed May 13 15:55:53 UTC 2026","TestChainId","test_network_parameters","",""
"","0","test_rpc_method_is_available[Test for Astar, url: wss://rpc.astar.network]","tests","Wed May 13 15:56:00 UTC 2026","broken","Wed May 13 15:56:00 UTC 2026","","test_rpc_methods_availability","",""
"","0","test_can_create_connection[Test for Polkadot People, url: wss://sys.ibp.network/people-polkadot]","tests","Wed May 13 15:54:26 UTC 2026","passed","Wed May 13 15:54:26 UTC 2026","","test_nodes_availability","",""
"","99","test_rpc_method_is_available[Test for Bittensor, url: wss://lite.sub.latent.to:443]","tests","Wed May 13 15:57:35 UTC 2026","passed","Wed May 13 15:57:35 UTC 2026","","test_rpc_methods_availability","",""
"","172","test_rpc_method_is_available[Test for Karura, url: wss://karura-rpc-2.aca-api.network/ws]","tests","Wed May 13 15:54:27 UTC 2026","passed","Wed May 13 15:54:27 UTC 2026","","test_rpc_methods_availability","",""
"","0","test_can_create_connection[Test for Bifrost Polkadot, url: wss://hk.p.bifrost-rpc.liebi.com/ws]","tests","Wed May 13 15:56:49 UTC 2026","passed","Wed May 13 15:56:49 UTC 2026","","test_nodes_availability","",""
"","157","test_rpc_node_is_synced[Test for Kusama Relay, url: wss://apps-kusama-rpc.polkadot.io]","tests","Wed May 13 15:54:38 UTC 2026","passed","Wed May 13 15:54:38 UTC 2026","","test_substrate_node_is_synced","",""
"","0","test_can_create_connection[Test for Moonbeam, url: wss://wss.api.moonbeam.network]","tests","Wed May 13 15:54:42 UTC 2026","passed","Wed May 13 15:54:42 UTC 2026","","test_nodes_availability","",""
"","513","test_rpc_node_is_synced[Test for Karura, url: wss://karura-rpc-2.aca-api.network/ws]","tests","Wed May 13 15:54:31 UTC 2026","passed","Wed May 13 15:54:32 UTC 2026","","test_substrate_node_is_synced","",""
"","0","test_chainId[Test for Zeitgeist]","tests","Wed May 13 15:54:43 UTC 2026","passed","Wed May 13 15:54:43 UTC 2026","TestChainId","test_network_parameters","",""
"","0","test_rpc_node_is_synced[Test for Phala, url: wss://phala-rpc.n.dwellir.com]","tests","Wed May 13 15:55:59 UTC 2026","broken","Wed May 13 15:55:59 UTC 2026","","test_substrate_node_is_synced","",""
"","47","test_rpc_node_is_synced[Test for Westend (TESTNET), url: wss://westend.public.curie.radiumblock.co/ws]","tests","Wed May 13 15:55:08 UTC 2026","passed","Wed May 13 15:55:08 UTC 2026","","test_substrate_node_is_synced","",""
"","99","test_rpc_method_is_available[Test for Polkadot Coretime, url: wss://rpc-coretime-polkadot.luckyfriday.io]","tests","Wed May 13 15:59:27 UTC 2026","passed","Wed May 13 15:59:27 UTC 2026","","test_rpc_methods_availability","",""
"","57","test_has_new_assets[Test for Karura]","tests","Wed May 13 15:54:22 UTC 2026","passed","Wed May 13 15:54:22 UTC 2026","TestAssets","test_check_new_assets","",""
"","91","test_has_new_assets[Test for Polkadot Relay]","tests","Wed May 13 15:54:17 UTC 2026","passed","Wed May 13 15:54:17 UTC 2026","TestAssets","test_check_new_assets","",""
"","0","test_chainId[Test for Laos]","tests","Wed May 13 15:56:22 UTC 2026","broken","Wed May 13 15:56:22 UTC 2026","TestChainId","test_network_parameters","",""
"","0","test_address_prefix[Test for Energy Web X]","tests","Wed May 13 15:55:43 UTC 2026","passed","Wed May 13 15:55:43 UTC 2026","TestNetworkPrefix","test_network_parameters","",""
"","0","test_can_create_connection[Test for Moonbeam, url: wss://moonbeam.dotters.network]","tests","Wed May 13 15:55:06 UTC 2026","broken","Wed May 13 15:55:06 UTC 2026","","test_nodes_availability","",""
"","0","test_precision[Test for Pendulum]","tests","Wed May 13 15:55:01 UTC 2026","passed","Wed May 13 15:55:01 UTC 2026","TestPrecision","test_network_parameters","",""
"","0","test_address_prefix[Test for GIANT]","tests","Wed May 13 15:55:40 UTC 2026","passed","Wed May 13 15:55:40 UTC 2026","TestNetworkPrefix","test_network_parameters","",""
"","0","test_precision[Test for Bifrost Polkadot]","tests","Wed May 13 15:54:50 UTC 2026","passed","Wed May 13 15:54:50 UTC 2026","TestPrecision","test_network_parameters","",""
"","1","test_precision[Test for Moonriver]","tests","Wed May 13 15:54:15 UTC 2026","passed","Wed May 13 15:54:15 UTC 2026","TestPrecision","test_network_parameters","",""
"","0","test_chainId[Test for Polkadex]","tests","Wed May 13 15:54:41 UTC 2026","passed","Wed May 13 15:54:41 UTC 2026","TestChainId","test_network_parameters","",""
"","0","test_address_prefix[Test for Creditcoin]","tests","Wed May 13 15:56:08 UTC 2026","passed","Wed May 13 15:56:08 UTC 2026","TestNetworkPrefix","test_network_parameters","",""
"","151","test_rpc_node_is_synced[Test for Mythos, url: wss://mythos-rpc.dmarket.com]","tests","Wed May 13 15:58:46 UTC 2026","passed","Wed May 13 15:58:47 UTC 2026","","test_substrate_node_is_synced","",""
"","100","test_rpc_method_is_available[Test for JAMTON, url: wss://rpc.jamton.network]","tests","Wed May 13 15:59:24 UTC 2026","passed","Wed May 13 15:59:24 UTC 2026","","test_rpc_methods_availability","",""
"","1","test_precision[Test for XX network]","tests","Wed May 13 15:54:58 UTC 2026","passed","Wed May 13 15:54:58 UTC 2026","TestPrecision","test_network_parameters","",""
"","0","test_chainId[Test for Curio]","tests","Wed May 13 15:56:03 UTC 2026","broken","Wed May 13 15:56:03 UTC 2026","TestChainId","test_network_parameters","",""
"","75","test_rpc_node_is_synced[Test for Frequency, url: wss://1.rpc.frequency.xyz]","tests","Wed May 13 15:58:02 UTC 2026","passed","Wed May 13 15:58:02 UTC 2026","","test_substrate_node_is_synced","",""
"","0","test_can_create_connection[Test for UNIQUE, url: wss://asia-ws.unique.network/]","tests","Wed May 13 15:57:28 UTC 2026","passed","Wed May 13 15:57:28 UTC 2026","","test_nodes_availability","",""
"","0","test_can_create_connection[Test for Bifrost Polkadot, url: wss://bifrost-polkadot.ibp.network]","tests","Wed May 13 15:56:31 UTC 2026","broken","Wed May 13 15:56:31 UTC 2026","","test_nodes_availability","",""
"","143","test_rpc_method_is_available[Test for Polkadot People, url: wss://people-polkadot.dotters.network]","tests","Wed May 13 15:54:32 UTC 2026","passed","Wed May 13 15:54:32 UTC 2026","","test_rpc_methods_availability","",""
"","97","test_rpc_method_is_available[Test for Polymesh, url: wss://mainnet-rpc.polymesh.network]","tests","Wed May 13 15:57:45 UTC 2026","passed","Wed May 13 15:57:45 UTC 2026","","test_rpc_methods_availability","",""
"","182","test_rpc_node_is_synced[Test for Crust Shadow, url: wss://rpc-sha-subscan.crustnetwork.xyz]","tests","Wed May 13 15:55:39 UTC 2026","passed","Wed May 13 15:55:39 UTC 2026","","test_substrate_node_is_synced","",""
"","0","test_chainId[Test for Hydration]","tests","Wed May 13 15:54:40 UTC 2026","passed","Wed May 13 15:54:40 UTC 2026","TestChainId","test_network_parameters","",""
"","0","test_can_create_connection[Test for Polkadot Relay, url: wss://apps-rpc.polkadot.io]","tests","Wed May 13 15:54:43 UTC 2026","passed","Wed May 13 15:54:43 UTC 2026","","test_nodes_availability","",""
"","0","test_rpc_node_is_synced[Test for Moonbeam, url: wss://moonbeam.public.curie.radiumblock.co/ws]","tests","Wed May 13 15:55:23 UTC 2026","broken","Wed May 13 15:55:23 UTC 2026","","test_substrate_node_is_synced","",""
"","0","test_can_create_connection[Test for Kusama Coretime, url: wss://coretime-kusama.dotters.network]","tests","Wed May 13 15:59:48 UTC 2026","passed","Wed May 13 15:59:48 UTC 2026","","test_nodes_availability","",""
"","0","test_can_create_connection[Test for Heima, url: wss://rpc.litentry-parachain.litentry.io]","tests","Wed May 13 15:57:04 UTC 2026","passed","Wed May 13 15:57:04 UTC 2026","","test_nodes_availability","",""
"","101","test_rpc_method_is_available[Test for Encointer, url: wss://api.kusama.encointer.org]","tests","Wed May 13 15:55:18 UTC 2026","passed","Wed May 13 15:55:18 UTC 2026","","test_rpc_methods_availability","",""
"","61","test_rpc_node_is_synced[Test for Polkadot Asset Hub, url: wss://asset-hub-polkadot.dotters.network]","tests","Wed May 13 15:56:04 UTC 2026","passed","Wed May 13 15:56:05 UTC 2026","","test_substrate_node_is_synced","",""
"","148","test_rpc_node_is_synced[Test for Cere, url: wss://rpc.mainnet.cere.network/ws]","tests","Wed May 13 15:59:44 UTC 2026","passed","Wed May 13 15:59:44 UTC 2026","","test_substrate_node_is_synced","",""
"","183","test_rpc_node_is_synced[Test for Polkadot Asset Hub, url: wss://rpc-assethub.novasama-tech.org]","tests","Wed May 13 15:55:45 UTC 2026","passed","Wed May 13 15:55:45 UTC 2026","","test_substrate_node_is_synced","",""
"","0","test_precision[Test for Cere]","tests","Wed May 13 15:55:44 UTC 2026","passed","Wed May 13 15:55:44 UTC 2026","TestPrecision","test_network_parameters","",""
"","0","test_precision[Test for Vara]","tests","Wed May 13 15:55:13 UTC 2026","passed","Wed May 13 15:55:13 UTC 2026","TestPrecision","test_network_parameters","",""
"","97","test_rpc_method_is_available[Test for Acurast Canary, url: wss://public-rpc.canary.acurast.com]","tests","Wed May 13 15:58:50 UTC 2026","passed","Wed May 13 15:58:50 UTC 2026","","test_rpc_methods_availability","",""
"","0","test_address_prefix[Test for Robonomics]","tests","Wed May 13 15:54:41 UTC 2026","passed","Wed May 13 15:54:41 UTC 2026","TestNetworkPrefix","test_network_parameters","",""
"","102","test_rpc_method_is_available[Test for Basilisk, url: wss://basilisk-rpc.n.dwellir.com]","tests","Wed May 13 15:57:50 UTC 2026","passed","Wed May 13 15:57:50 UTC 2026","","test_rpc_methods_availability","",""
"","0","test_can_create_connection[Test for UNIQUE, url: wss://us-ws.unique.network/]","tests","Wed May 13 15:57:22 UTC 2026","passed","Wed May 13 15:57:22 UTC 2026","","test_nodes_availability","",""
"","6","test_has_new_assets[Test for Avail]","tests","Wed May 13 15:56:59 UTC 2026","passed","Wed May 13 15:56:59 UTC 2026","TestAssets","test_check_new_assets","",""
"","0","test_can_create_connection[Test for Phala, url: wss://phala-rpc.n.dwellir.com]","tests","Wed May 13 15:55:54 UTC 2026","broken","Wed May 13 15:55:54 UTC 2026","","test_nodes_availability","",""
"","0","test_rpc_node_is_synced[Test for Moonbeam, url: wss://moonbeam.dotters.network]","tests","Wed May 13 15:55:11 UTC 2026","broken","Wed May 13 15:55:11 UTC 2026","","test_substrate_node_is_synced","",""
"","0","test_chainId[Test for Interlay]","tests","Wed May 13 15:54:45 UTC 2026","passed","Wed May 13 15:54:45 UTC 2026","TestChainId","test_network_parameters","",""
"","0","test_chainId[Test for QUARTZ]","tests","Wed May 13 15:54:25 UTC 2026","broken","Wed May 13 15:54:25 UTC 2026","TestChainId","test_network_parameters","",""
"","0","test_can_create_connection[Test for Cere, url: wss://rpc.mainnet.cere.network/ws]","tests","Wed May 13 15:59:40 UTC 2026","passed","Wed May 13 15:59:40 UTC 2026","","test_nodes_availability","",""
"","165","test_rpc_method_is_available[Test for Aleph Zero, url: wss://ws.azero.dev]","tests","Wed May 13 15:56:53 UTC 2026","passed","Wed May 13 15:56:53 UTC 2026","","test_rpc_methods_availability","",""
"","99","test_rpc_method_is_available[Test for Polkadot Asset Hub, url: wss://asset-hub-polkadot-rpc.n.dwellir.com]","tests","Wed May 13 15:56:38 UTC 2026","passed","Wed May 13 15:56:38 UTC 2026","","test_rpc_methods_availability","",""
"","0","test_address_prefix[Test for Polkadot Relay]","tests","Wed May 13 15:54:24 UTC 2026","passed","Wed May 13 15:54:24 UTC 2026","TestNetworkPrefix","test_network_parameters","",""
"","430","test_rpc_node_is_synced[Test for Acala, url: wss://acala-rpc-0.aca-api.network]","tests","Wed May 13 15:58:38 UTC 2026","passed","Wed May 13 15:58:38 UTC 2026","","test_substrate_node_is_synced","",""
"","0","test_can_create_connection[Test for QUARTZ, url: wss://quartz.unique.network]","tests","Wed May 13 15:58:45 UTC 2026","broken","Wed May 13 15:58:45 UTC 2026","","test_nodes_availability","",""
"","1","test_can_create_connection[Test for Avail, url: wss://mainnet.avail-rpc.com/]","tests","Wed May 13 15:59:22 UTC 2026","passed","Wed May 13 15:59:22 UTC 2026","","test_nodes_availability","",""
"","0","test_has_new_assets[Test for Nodle Parachain]","tests","Wed May 13 15:54:57 UTC 2026","broken","Wed May 13 15:54:57 UTC 2026","TestAssets","test_check_new_assets","",""
"","0","test_can_create_connection[Test for Polkadot People, url: wss://polkadot-people-rpc.polkadot.io]","tests","Wed May 13 15:54:23 UTC 2026","passed","Wed May 13 15:54:23 UTC 2026","","test_nodes_availability","",""
"","0","test_can_create_connection[Test for Bittensor, url: wss://entrypoint-finney.opentensor.ai:443]","tests","Wed May 13 15:57:47 UTC 2026","passed","Wed May 13 15:57:47 UTC 2026","","test_nodes_availability","",""
"","0","test_precision[Test for Shiden]","tests","Wed May 13 15:54:20 UTC 2026","passed","Wed May 13 15:54:20 UTC 2026","TestPrecision","test_network_parameters","",""
"","103","test_rpc_method_is_available[Test for Zeitgeist, url: wss://zeitgeist.api.onfinality.io/public-ws]","tests","Wed May 13 15:55:31 UTC 2026","passed","Wed May 13 15:55:31 UTC 2026","","test_rpc_methods_availability","",""
"","0","test_precision[Test for Avail]","tests","Wed May 13 15:55:48 UTC 2026","passed","Wed May 13 15:55:48 UTC 2026","TestPrecision","test_network_parameters","",""
"","165","test_rpc_method_is_available[Test for Karura, url: wss://karura-rpc-3.aca-api.network/ws]","tests","Wed May 13 15:54:31 UTC 2026","passed","Wed May 13 15:54:31 UTC 2026","","test_rpc_methods_availability","",""
"","1","test_precision[Test for Enjin Relay]","tests","Wed May 13 15:55:40 UTC 2026","passed","Wed May 13 15:55:40 UTC 2026","TestPrecision","test_network_parameters","",""
"","0","test_can_create_connection[Test for Kusama People, url: wss://people-kusama.dotters.network]","tests","Wed May 13 15:54:47 UTC 2026","passed","Wed May 13 15:54:47 UTC 2026","","test_nodes_availability","",""
"","99","test_rpc_method_is_available[Test for Acala, url: wss://acala-rpc-3.aca-api.network/ws]","tests","Wed May 13 15:55:14 UTC 2026","passed","Wed May 13 15:55:14 UTC 2026","","test_rpc_methods_availability","",""
"","21","test_rpc_node_is_synced[Test for Polkadot Coretime, url: wss://sys.ibp.network/coretime-polkadot]","tests","Wed May 13 15:59:15 UTC 2026","passed","Wed May 13 15:59:15 UTC 2026","","test_substrate_node_is_synced","",""
"","0","test_rpc_node_is_synced[Test for Tangle, url: wss://rpc.tangle.tools]","tests","Wed May 13 15:59:25 UTC 2026","broken","Wed May 13 15:59:25 UTC 2026","","test_substrate_node_is_synced","",""
"","74","test_rpc_node_is_synced[Test for Kusama Coretime, url: wss://rpc-coretime-kusama.luckyfriday.io]","tests","Wed May 13 15:59:26 UTC 2026","passed","Wed May 13 15:59:27 UTC 2026","","test_substrate_node_is_synced","",""
"","0","test_address_prefix[Test for UNIQUE]","tests","Wed May 13 15:55:08 UTC 2026","passed","Wed May 13 15:55:08 UTC 2026","TestNetworkPrefix","test_network_parameters","",""
"","0","test_can_create_connection[Test for Bifrost Kusama, url: wss://bifrost-rpc.liebi.com/ws]","tests","Wed May 13 15:57:11 UTC 2026","passed","Wed May 13 15:57:11 UTC 2026","","test_nodes_availability","",""
"","1","test_precision[Test for Basilisk]","tests","Wed May 13 15:54:33 UTC 2026","passed","Wed May 13 15:54:33 UTC 2026","TestPrecision","test_network_parameters","",""
"","0","test_can_create_connection[Test for DeepBrain, url: wss://info.dbcwallet.io]","tests","Wed May 13 15:59:33 UTC 2026","broken","Wed May 13 15:59:33 UTC 2026","","test_nodes_availability","",""
"","1","test_precision[Test for DENTNet]","tests","Wed May 13 15:55:50 UTC 2026","passed","Wed May 13 15:55:50 UTC 2026","TestPrecision","test_network_parameters","",""
"","0","test_can_create_connection[Test for Creditcoin, url: wss://mainnet3.creditcoin.network]","tests","Wed May 13 15:59:13 UTC 2026","passed","Wed May 13 15:59:13 UTC 2026","","test_nodes_availability","",""
"","0","test_can_create_connection[Test for Polkadot Relay, url: wss://rpc-polkadot.luckyfriday.io]","tests","Wed May 13 15:55:02 UTC 2026","passed","Wed May 13 15:55:02 UTC 2026","","test_nodes_availability","",""
"","0","test_chainId[Test for Moonbeam]","tests","Wed May 13 15:54:23 UTC 2026","passed","Wed May 13 15:54:23 UTC 2026","TestChainId","test_network_parameters","",""
"","101","test_rpc_method_is_available[Test for UNIQUE, url: wss://us-ws.unique.network/]","tests","Wed May 13 15:57:19 UTC 2026","passed","Wed May 13 15:57:19 UTC 2026","","test_rpc_methods_availability","",""
"","0","test_rpc_node_is_synced[Test for QUARTZ, url: wss://us-ws-quartz.unique.network]","tests","Wed May 13 15:58:33 UTC 2026","broken","Wed May 13 15:58:33 UTC 2026","","test_substrate_node_is_synced","",""
"","102","test_rpc_method_is_available[Test for Acala, url: wss://acala-rpc-2.aca-api.network/ws]","tests","Wed May 13 15:55:11 UTC 2026","passed","Wed May 13 15:55:11 UTC 2026","","test_rpc_methods_availability","",""
"","0","test_address_prefix[Test for DENTNet]","tests","Wed May 13 15:57:04 UTC 2026","passed","Wed May 13 15:57:04 UTC 2026","TestNetworkPrefix","test_network_parameters","",""
"","0","test_can_create_connection[Test for UNIQUE, url: wss://unique.ibp.network]","tests","Wed May 13 15:56:43 UTC 2026","broken","Wed May 13 15:56:43 UTC 2026","","test_nodes_availability","",""
"","100","test_rpc_method_is_available[Test for Bittensor, url: wss://entrypoint-finney.opentensor.ai:443]","tests","Wed May 13 15:57:42 UTC 2026","passed","Wed May 13 15:57:42 UTC 2026","","test_rpc_methods_availability","",""
"","98","test_rpc_method_is_available[Test for Polkadot Bridge Hub, url: wss://dot-rpc.stakeworld.io/bridgehub]","tests","Wed May 13 15:58:18 UTC 2026","passed","Wed May 13 15:58:18 UTC 2026","","test_rpc_methods_availability","",""
"","107","test_rpc_method_is_available[Test for Moonriver, url: wss://moonriver-rpc.publicnode.com]","tests","Wed May 13 15:54:58 UTC 2026","passed","Wed May 13 15:54:58 UTC 2026","","test_rpc_methods_availability","",""
"","0","test_can_create_connection[Test for Polkadot Relay, url: wss://dot-rpc.stakeworld.io]","tests","Wed May 13 15:54:48 UTC 2026","passed","Wed May 13 15:54:48 UTC 2026","","test_nodes_availability","",""
"","0","test_can_create_connection[Test for Kusama Relay, url: wss://rpc.ibp.network/kusama]","tests","Wed May 13 15:54:24 UTC 2026","passed","Wed May 13 15:54:24 UTC 2026","","test_nodes_availability","",""
"","20","test_rpc_node_is_synced[Test for Kusama Coretime, url: wss://sys.ibp.network/coretime-kusama]","tests","Wed May 13 15:59:21 UTC 2026","passed","Wed May 13 15:59:21 UTC 2026","","test_substrate_node_is_synced","",""
"","1","test_chainId[Test for Kusama Bridge Hub]","tests","Wed May 13 15:55:27 UTC 2026","passed","Wed May 13 15:55:27 UTC 2026","TestChainId","test_network_parameters","",""
"","7","test_has_new_assets[Test for Polkadot Bridge Hub]","tests","Wed May 13 15:55:41 UTC 2026","passed","Wed May 13 15:55:41 UTC 2026","TestAssets","test_check_new_assets","",""
"","1","test_can_create_connection[Test for Astar, url: wss://astar.public.curie.radiumblock.co/ws]","tests","Wed May 13 15:55:58 UTC 2026","passed","Wed May 13 15:55:58 UTC 2026","","test_nodes_availability","",""
"","0","test_precision[Test for Kintsugi]","tests","Wed May 13 15:54:44 UTC 2026","passed","Wed May 13 15:54:44 UTC 2026","TestPrecision","test_network_parameters","",""
"","0","test_rpc_method_is_available[Test for Bifrost Polkadot, url: wss://bifrost-polkadot.dotters.network]","tests","Wed May 13 15:56:41 UTC 2026","broken","Wed May 13 15:56:41 UTC 2026","","test_rpc_methods_availability","",""
"","0","test_can_create_connection[Test for Hydration, url: wss://hydration.ibp.network]","tests","Wed May 13 15:56:15 UTC 2026","passed","Wed May 13 15:56:15 UTC 2026","","test_nodes_availability","",""
"","0","test_can_create_connection[Test for Shiden, url: wss://shiden-rpc.n.dwellir.com]","tests","Wed May 13 15:56:55 UTC 2026","passed","Wed May 13 15:56:55 UTC 2026","","test_nodes_availability","",""
"","0","test_can_create_connection[Test for Tanssi, url: wss://services.tanssi-mainnet.network/tanssi]","tests","Wed May 13 15:59:54 UTC 2026","passed","Wed May 13 15:59:54 UTC 2026","","test_nodes_availability","",""
"","0","test_has_new_assets[Test for Phala]","tests","Wed May 13 15:55:38 UTC 2026","broken","Wed May 13 15:55:38 UTC 2026","TestAssets","test_check_new_assets","",""
"","10","test_has_new_assets[Test for DENTNet]","tests","Wed May 13 15:56:14 UTC 2026","passed","Wed May 13 15:56:14 UTC 2026","TestAssets","test_check_new_assets","",""
"","0","test_rpc_node_is_synced[Test for UNIQUE, url: wss://unique.ibp.network]","tests","Wed May 13 15:56:35 UTC 2026","broken","Wed May 13 15:56:35 UTC 2026","","test_substrate_node_is_synced","",""
"","0","test_address_prefix[Test for Polymesh]","tests","Wed May 13 15:55:19 UTC 2026","passed","Wed May 13 15:55:19 UTC 2026","TestNetworkPrefix","test_network_parameters","",""
"","0","test_rpc_method_is_available[Test for QUARTZ, url: wss://us-ws-quartz.unique.network]","tests","Wed May 13 15:58:36 UTC 2026","broken","Wed May 13 15:58:36 UTC 2026","","test_rpc_methods_availability","",""
"","0","test_has_new_assets[Test for DeepBrain]","tests","Wed May 13 15:56:29 UTC 2026","broken","Wed May 13 15:56:29 UTC 2026","TestAssets","test_check_new_assets","",""
"","157","test_rpc_method_is_available[Test for DENTNet, url: wss://rpc.dentnet.io/ws]","tests","Wed May 13 15:59:03 UTC 2026","passed","Wed May 13 15:59:03 UTC 2026","","test_rpc_methods_availability","",""
"","0","test_chainId[Test for Polkadot Coretime]","tests","Wed May 13 15:56:19 UTC 2026","passed","Wed May 13 15:56:19 UTC 2026","TestChainId","test_network_parameters","",""
"","22","test_rpc_node_is_synced[Test for Polkadot Collectives, url: wss://sys.ibp.network/collectives-polkadot]","tests","Wed May 13 15:58:18 UTC 2026","passed","Wed May 13 15:58:18 UTC 2026","","test_substrate_node_is_synced","",""
"","0","test_address_prefix[Test for Basilisk]","tests","Wed May 13 15:54:57 UTC 2026","passed","Wed May 13 15:54:57 UTC 2026","TestNetworkPrefix","test_network_parameters","",""
"","151","test_rpc_method_is_available[Test for Moonbeam, url: wss://wss.api.moonbeam.network]","tests","Wed May 13 15:54:42 UTC 2026","passed","Wed May 13 15:54:42 UTC 2026","","test_rpc_methods_availability","",""
"","104","test_rpc_method_is_available[Test for UNIQUE, url: wss://eu-ws.unique.network/]","tests","Wed May 13 15:57:13 UTC 2026","passed","Wed May 13 15:57:13 UTC 2026","","test_rpc_methods_availability","",""
"","0","test_can_create_connection[Test for 3DPass, url: wss://rpc.3dpass.org]","tests","Wed May 13 15:58:09 UTC 2026","broken","Wed May 13 15:58:09 UTC 2026","","test_nodes_availability","",""
"","0","test_can_create_connection[Test for Phala, url: wss://api.phala.network/ws]","tests","Wed May 13 15:56:34 UTC 2026","broken","Wed May 13 15:56:34 UTC 2026","","test_nodes_availability","",""
"","0","test_rpc_node_is_synced[Test for 3DPass, url: wss://rpc.3dpass.org]","tests","Wed May 13 15:58:03 UTC 2026","broken","Wed May 13 15:58:03 UTC 2026","","test_substrate_node_is_synced","",""
"","0","test_precision[Test for Mythos]","tests","Wed May 13 15:55:35 UTC 2026","passed","Wed May 13 15:55:35 UTC 2026","TestPrecision","test_network_parameters","",""
"","1","test_can_create_connection[Test for Hydration, url: wss://rpc.hydradx.cloud]","tests","Wed May 13 15:56:10 UTC 2026","passed","Wed May 13 15:56:10 UTC 2026","","test_nodes_availability","",""
"","0","test_can_create_connection[Test for Basilisk, url: wss://basilisk-rpc.n.dwellir.com]","tests","Wed May 13 15:58:22 UTC 2026","passed","Wed May 13 15:58:22 UTC 2026","","test_nodes_availability","",""
"","7","test_has_new_assets[Test for 3DPass]","tests","Wed May 13 15:55:41 UTC 2026","passed","Wed May 13 15:55:41 UTC 2026","TestAssets","test_check_new_assets","",""
"","0","test_can_create_connection[Test for Kusama Coretime, url: wss://sys.ibp.network/coretime-kusama]","tests","Wed May 13 15:59:42 UTC 2026","passed","Wed May 13 15:59:42 UTC 2026","","test_nodes_availability","",""
"","75","test_rpc_node_is_synced[Test for Moonriver, url: wss://wss.api.moonriver.moonbeam.network]","tests","Wed May 13 15:55:27 UTC 2026","passed","Wed May 13 15:55:27 UTC 2026","","test_substrate_node_is_synced","",""
"","0","test_chainId[Test for Energy Web X]","tests","Wed May 13 15:55:44 UTC 2026","passed","Wed May 13 15:55:44 UTC 2026","TestChainId","test_network_parameters","",""
"","0","test_chainId[Test for Ajuna]","tests","Wed May 13 15:55:09 UTC 2026","passed","Wed May 13 15:55:09 UTC 2026","TestChainId","test_network_parameters","",""
"","0","test_can_create_connection[Test for Enjin Matrix, url: wss://rpc.matrix.blockchain.enjin.io]","tests","Wed May 13 15:58:24 UTC 2026","passed","Wed May 13 15:58:24 UTC 2026","","test_nodes_availability","",""
"","104","test_rpc_method_is_available[Test for Kusama People, url: wss://ksm-rpc.stakeworld.io/people]","tests","Wed May 13 15:54:53 UTC 2026","passed","Wed May 13 15:54:53 UTC 2026","","test_rpc_methods_availability","",""
"","0","test_chainId[Test for Crab]","tests","Wed May 13 15:55:32 UTC 2026","broken","Wed May 13 15:55:32 UTC 2026","TestChainId","test_network_parameters","",""
"","7","test_has_new_assets[Test for Kusama People]","tests","Wed May 13 15:54:19 UTC 2026","passed","Wed May 13 15:54:19 UTC 2026","TestAssets","test_check_new_assets","",""
"","0","test_can_create_connection[Test for Astar, url: wss://astar-rpc.n.dwellir.com]","tests","Wed May 13 15:55:53 UTC 2026","passed","Wed May 13 15:55:53 UTC 2026","","test_nodes_availability","",""
"","95","test_rpc_method_is_available[Test for Astar, url: wss://astar.public.curie.radiumblock.co/ws]","tests","Wed May 13 15:56:26 UTC 2026","passed","Wed May 13 15:56:26 UTC 2026","","test_rpc_methods_availability","",""
"","52","test_rpc_node_is_synced[Test for Pendulum, url: wss://rpc-pendulum.prd.pendulumchain.tech]","tests","Wed May 13 15:57:23 UTC 2026","passed","Wed May 13 15:57:23 UTC 2026","","test_substrate_node_is_synced","",""
"","0","test_address_prefix[Test for Hyperbridge Nexus]","tests","Wed May 13 15:56:42 UTC 2026","broken","Wed May 13 15:56:42 UTC 2026","TestNetworkPrefix","test_network_parameters","",""
"","0","test_chainId[Test for Phala]","tests","Wed May 13 15:55:37 UTC 2026","broken","Wed May 13 15:55:37 UTC 2026","TestChainId","test_network_parameters","",""
"","11","test_has_new_assets[Test for Centrifuge Parachain]","tests","Wed May 13 15:54:36 UTC 2026","passed","Wed May 13 15:54:36 UTC 2026","TestAssets","test_check_new_assets","",""
"","0","test_rpc_method_is_available[Test for Amplitude, url: wss://rpc-amplitude.pendulumchain.tech]","tests","Wed May 13 15:57:35 UTC 2026","broken","Wed May 13 15:57:35 UTC 2026","","test_rpc_methods_availability","",""
"","0","test_can_create_connection[Test for Bittensor, url: wss://lite.sub.latent.to:443]","tests","Wed May 13 15:57:39 UTC 2026","passed","Wed May 13 15:57:39 UTC 2026","","test_nodes_availability","",""
"","1","test_precision[Test for Polkadex]","tests","Wed May 13 15:54:37 UTC 2026","passed","Wed May 13 15:54:37 UTC 2026","TestPrecision","test_network_parameters","",""
"","69","test_rpc_node_is_synced[Test for Polkadot Relay, url: wss://dot-rpc.stakeworld.io]","tests","Wed May 13 15:54:48 UTC 2026","passed","Wed May 13 15:54:48 UTC 2026","","test_substrate_node_is_synced","",""
"","104","test_rpc_method_is_available[Test for Centrifuge Parachain, url: wss://fullnode.centrifuge.io]","tests","Wed May 13 15:55:52 UTC 2026","passed","Wed May 13 15:55:52 UTC 2026","","test_rpc_methods_availability","",""
"","1","test_can_create_connection[Test for Polkadot Collectives, url: wss://collectives-polkadot.dotters.network]","tests","Wed May 13 15:58:20 UTC 2026","passed","Wed May 13 15:58:20 UTC 2026","","test_nodes_availability","",""
"","0","test_precision[Test for Karura]","tests","Wed May 13 15:54:22 UTC 2026","passed","Wed May 13 15:54:22 UTC 2026","TestPrecision","test_network_parameters","",""
"","0","test_chainId[Test for Bifrost Polkadot]","tests","Wed May 13 15:54:53 UTC 2026","passed","Wed May 13 15:54:53 UTC 2026","TestChainId","test_network_parameters","",""
"","0","test_precision[Test for Acala]","tests","Wed May 13 15:54:29 UTC 2026","passed","Wed May 13 15:54:29 UTC 2026","TestPrecision","test_network_parameters","",""
"","0","test_chainId[Test for Enjin Relay]","tests","Wed May 13 15:55:49 UTC 2026","passed","Wed May 13 15:55:49 UTC 2026","TestChainId","test_network_parameters","",""
"","152","test_rpc_node_is_synced[Test for Robonomics, url: wss://kusama.rpc.robonomics.network/]","tests","Wed May 13 15:56:09 UTC 2026","passed","Wed May 13 15:56:09 UTC 2026","","test_substrate_node_is_synced","",""
"","1","test_chainId[Test for Kusama Relay]","tests","Wed May 13 15:54:30 UTC 2026","passed","Wed May 13 15:54:30 UTC 2026","TestChainId","test_network_parameters","",""
"","152","test_rpc_node_is_synced[Test for Bifrost Polkadot, url: wss://hk.p.bifrost-rpc.liebi.com/ws]","tests","Wed May 13 15:56:43 UTC 2026","passed","Wed May 13 15:56:44 UTC 2026","","test_substrate_node_is_synced","",""
"","101","test_rpc_method_is_available[Test for Encointer, url: wss://sys.ibp.network/encointer-kusama]","tests","Wed May 13 15:56:56 UTC 2026","passed","Wed May 13 15:56:56 UTC 2026","","test_rpc_methods_availability","",""
"","0","test_can_create_connection[Test for UNIQUE, url: wss://unique.dotters.network]","tests","Wed May 13 15:56:55 UTC 2026","broken","Wed May 13 15:56:55 UTC 2026","","test_nodes_availability","",""
"","22","test_rpc_node_is_synced[Test for Avail, url: wss://mainnet.avail-rpc.com/]","tests","Wed May 13 15:58:49 UTC 2026","passed","Wed May 13 15:58:49 UTC 2026","","test_substrate_node_is_synced","",""
"","1","test_can_create_connection[Test for Kusama People, url: wss://kusama-people-rpc.polkadot.io]","tests","Wed May 13 15:54:41 UTC 2026","passed","Wed May 13 15:54:41 UTC 2026","","test_nodes_availability","",""
"","149","test_rpc_node_is_synced[Test for Kusama Relay, url: wss://kusama.public.curie.radiumblock.co/ws]","tests","Wed May 13 15:54:56 UTC 2026","passed","Wed May 13 15:54:56 UTC 2026","","test_substrate_node_is_synced","",""
"","97","test_rpc_method_is_available[Test for Kusama Bridge Hub, url: wss://sys.ibp.network/bridgehub-kusama]","tests","Wed May 13 15:58:20 UTC 2026","passed","Wed May 13 15:58:20 UTC 2026","","test_rpc_methods_availability","",""
"","253","test_rpc_node_is_synced[Test for Crust Shadow, url: wss://rpc-shadow.crust.network/]","tests","Wed May 13 15:55:50 UTC 2026","passed","Wed May 13 15:55:50 UTC 2026","","test_substrate_node_is_synced","",""
"","36","test_has_new_assets[Test for Acala]","tests","Wed May 13 15:54:31 UTC 2026","passed","Wed May 13 15:54:31 UTC 2026","TestAssets","test_check_new_assets","",""
"","0","test_can_create_connection[Test for krest, url: wss://krest.api.onfinality.io/public-ws']","tests","Wed May 13 15:58:23 UTC 2026","passed","Wed May 13 15:58:23 UTC 2026","","test_nodes_availability","",""
"","0","test_precision[Test for Tangle]","tests","Wed May 13 15:56:11 UTC 2026","broken","Wed May 13 15:56:11 UTC 2026","TestPrecision","test_network_parameters","",""
"","10","test_has_new_assets[Test for krest]","tests","Wed May 13 15:55:50 UTC 2026","passed","Wed May 13 15:55:50 UTC 2026","TestAssets","test_check_new_assets","",""
"","8","test_has_new_assets[Test for Kusama Coretime]","tests","Wed May 13 15:56:44 UTC 2026","passed","Wed May 13 15:56:44 UTC 2026","TestAssets","test_check_new_assets","",""
"","0","test_can_create_connection[Test for Moonriver, url: wss://wss.api.moonriver.moonbeam.network]","tests","Wed May 13 15:55:23 UTC 2026","passed","Wed May 13 15:55:23 UTC 2026","","test_nodes_availability","",""
"","0","test_precision[Test for Polkadot Asset Hub]","tests","Wed May 13 15:54:32 UTC 2026","passed","Wed May 13 15:54:32 UTC 2026","TestPrecision","test_network_parameters","",""
"","0","test_can_create_connection[Test for Polkadot Coretime, url: wss://rpc-coretime-polkadot.luckyfriday.io]","tests","Wed May 13 15:59:42 UTC 2026","passed","Wed May 13 15:59:42 UTC 2026","","test_nodes_availability","",""
"","0","test_precision[Test for Manta Atlantic]","tests","Wed May 13 15:55:33 UTC 2026","passed","Wed May 13 15:55:33 UTC 2026","TestPrecision","test_network_parameters","",""
"","34","test_has_new_assets[Test for Kintsugi]","tests","Wed May 13 15:54:43 UTC 2026","passed","Wed May 13 15:54:43 UTC 2026","TestAssets","test_check_new_assets","",""
"","1","test_can_create_connection[Test for Frequency, url: wss://1.rpc.frequency.xyz]","tests","Wed May 13 15:58:02 UTC 2026","passed","Wed May 13 15:58:02 UTC 2026","","test_nodes_availability","",""
"","0","test_can_create_connection[Test for Crust Shadow, url: wss://rpc2-shadow.crust.network/]","tests","Wed May 13 15:55:41 UTC 2026","passed","Wed May 13 15:55:41 UTC 2026","","test_nodes_availability","",""
"","0","test_address_prefix[Test for Frequency]","tests","Wed May 13 15:55:36 UTC 2026","passed","Wed May 13 15:55:36 UTC 2026","TestNetworkPrefix","test_network_parameters","",""
"","74","test_rpc_node_is_synced[Test for Ethereum, url: https://ethereum-rpc.publicnode.com]","tests","Wed May 13 15:54:33 UTC 2026","broken","Wed May 13 15:54:33 UTC 2026","TestETHNodesAvailability","test_eth_nodes_availability","",""
"","7","test_has_new_assets[Test for Pendulum]","tests","Wed May 13 15:55:23 UTC 2026","passed","Wed May 13 15:55:23 UTC 2026","TestAssets","test_check_new_assets","",""
"","0","test_can_create_connection[Test for Bifrost Kusama, url: wss://us.bifrost-rpc.liebi.com/ws]","tests","Wed May 13 15:57:52 UTC 2026","broken","Wed May 13 15:57:52 UTC 2026","","test_nodes_availability","",""
"","1","test_can_create_connection[Test for Karura, url: wss://karura-rpc-2.aca-api.network/ws]","tests","Wed May 13 15:54:27 UTC 2026","passed","Wed May 13 15:54:27 UTC 2026","","test_nodes_availability","",""
"","166","test_rpc_node_is_synced[Test for Basilisk, url: wss://basilisk-rpc.n.dwellir.com]","tests","Wed May 13 15:57:50 UTC 2026","passed","Wed May 13 15:57:50 UTC 2026","","test_substrate_node_is_synced","",""
"","95","test_rpc_method_is_available[Test for Polkadot Asset Hub, url: wss://sys.ibp.network/asset-hub-polkadot]","tests","Wed May 13 15:56:42 UTC 2026","passed","Wed May 13 15:56:42 UTC 2026","","test_rpc_methods_availability","",""
"","0","test_can_create_connection[Test for Frequency, url: wss://0.rpc.frequency.xyz]","tests","Wed May 13 15:57:59 UTC 2026","passed","Wed May 13 15:57:59 UTC 2026","","test_nodes_availability","",""
"","143","test_rpc_method_is_available[Test for Kusama Relay, url: wss://kusama.public.curie.radiumblock.co/ws]","tests","Wed May 13 15:54:57 UTC 2026","passed","Wed May 13 15:54:57 UTC 2026","","test_rpc_methods_availability","",""
"","0","test_can_create_connection[Test for Acala, url: wss://acala-rpc-2.aca-api.network/ws]","tests","Wed May 13 15:55:11 UTC 2026","passed","Wed May 13 15:55:11 UTC 2026","","test_nodes_availability","",""
"","0","test_precision[Test for Nodle Parachain]","tests","Wed May 13 15:54:58 UTC 2026","broken","Wed May 13 15:54:58 UTC 2026","TestPrecision","test_network_parameters","",""
"","0","test_can_create_connection[Test for 3DPass, url: wss://rpc.p3d.top]","tests","Wed May 13 15:58:13 UTC 2026","passed","Wed May 13 15:58:13 UTC 2026","","test_nodes_availability","",""
"","489","test_rpc_node_is_synced[Test for Encointer, url: wss://api.kusama.encointer.org]","tests","Wed May 13 15:55:17 UTC 2026","passed","Wed May 13 15:55:17 UTC 2026","","test_substrate_node_is_synced","",""
"","1","test_can_create_connection[Test for NeuroWeb, url: wss://parachain-rpc.origin-trail.network]","tests","Wed May 13 15:57:17 UTC 2026","passed","Wed May 13 15:57:17 UTC 2026","","test_nodes_availability","",""
"","180","test_rpc_node_is_synced[Test for Hydration, url: wss://rpc.hydradx.cloud]","tests","Wed May 13 15:56:14 UTC 2026","passed","Wed May 13 15:56:14 UTC 2026","","test_substrate_node_is_synced","",""
"","98","test_rpc_method_is_available[Test for Manta Atlantic, url: wss://ws.manta.systems]","tests","Wed May 13 15:58:35 UTC 2026","passed","Wed May 13 15:58:35 UTC 2026","","test_rpc_methods_availability","",""
"","0","test_chainId[Test for Vara]","tests","Wed May 13 15:55:17 UTC 2026","passed","Wed May 13 15:55:17 UTC 2026","TestChainId","test_network_parameters","",""
"","10","test_has_new_assets[Test for JAMTON]","tests","Wed May 13 15:56:41 UTC 2026","passed","Wed May 13 15:56:41 UTC 2026","TestAssets","test_check_new_assets","",""
"","136","test_rpc_method_is_available[Test for Polkadot Relay, url: wss://polkadot.dotters.network]","tests","Wed May 13 15:54:37 UTC 2026","passed","Wed May 13 15:54:37 UTC 2026","","test_rpc_methods_availability","",""
"","123","test_rpc_method_is_available[Test for Frequency, url: wss://0.rpc.frequency.xyz]","tests","Wed May 13 15:57:55 UTC 2026","passed","Wed May 13 15:57:55 UTC 2026","","test_rpc_methods_availability","",""
"","6","test_has_new_assets[Test for Bittensor]","tests","Wed May 13 15:55:32 UTC 2026","passed","Wed May 13 15:55:32 UTC 2026","TestAssets","test_check_new_assets","",""
"","7","test_has_new_assets[Test for Heima]","tests","Wed May 13 15:55:21 UTC 2026","passed","Wed May 13 15:55:21 UTC 2026","TestAssets","test_check_new_assets","",""
"","6","test_has_new_assets[Test for Polymesh]","tests","Wed May 13 15:55:11 UTC 2026","passed","Wed May 13 15:55:11 UTC 2026","TestAssets","test_check_new_assets","",""
"","109","test_rpc_method_is_available[Test for Acurast, url: wss://public-archive.mainnet.acurast.com]","tests","Wed May 13 15:59:40 UTC 2026","passed","Wed May 13 15:59:40 UTC 2026","","test_rpc_methods_availability","",""
"","0","test_chainId[Test for NeuroWeb]","tests","Wed May 13 15:54:45 UTC 2026","passed","Wed May 13 15:54:45 UTC 2026","TestChainId","test_network_parameters","",""
"","185","test_rpc_method_is_available[Test for Polkadot Relay, url: wss://rpc-polkadot-1.novasama-tech.org]","tests","Wed May 13 15:54:22 UTC 2026","passed","Wed May 13 15:54:22 UTC 2026","","test_rpc_methods_availability","",""
"","0","test_rpc_method_is_available[Test for Tangle, url: wss://rpc.tangle.tools]","tests","Wed May 13 15:59:23 UTC 2026","broken","Wed May 13 15:59:23 UTC 2026","","test_rpc_methods_availability","",""
"","148","test_rpc_node_is_synced[Test for Polkadot Bridge Hub, url: wss://dot-rpc.stakeworld.io/bridgehub]","tests","Wed May 13 15:58:11 UTC 2026","passed","Wed May 13 15:58:11 UTC 2026","","test_substrate_node_is_synced","",""
"","62","test_rpc_node_is_synced[Test for Polkadot Collectives, url: wss://collectives-polkadot.dotters.network]","tests","Wed May 13 15:58:21 UTC 2026","passed","Wed May 13 15:58:21 UTC 2026","","test_substrate_node_is_synced","",""
"","1","test_precision[Test for Zeitgeist]","tests","Wed May 13 15:54:47 UTC 2026","passed","Wed May 13 15:54:47 UTC 2026","TestPrecision","test_network_parameters","",""
"","1","test_address_prefix[Test for Moonbeam]","tests","Wed May 13 15:54:33 UTC 2026","passed","Wed May 13 15:54:33 UTC 2026","TestNetworkPrefix","test_network_parameters","",""
"","167","test_rpc_node_is_synced[Test for Joystream, url: wss://rpc.joystream.org]","tests","Wed May 13 15:58:30 UTC 2026","passed","Wed May 13 15:58:30 UTC 2026","","test_substrate_node_is_synced","",""
"","103","test_rpc_method_is_available[Test for Enjin Relay, url: wss://rpc.relay.blockchain.enjin.io]","tests","Wed May 13 15:58:40 UTC 2026","passed","Wed May 13 15:58:40 UTC 2026","","test_rpc_methods_availability","",""
"","0","test_address_prefix[Test for Enjin Relay]","tests","Wed May 13 15:55:45 UTC 2026","passed","Wed May 13 15:55:45 UTC 2026","TestNetworkPrefix","test_network_parameters","",""
"","7","test_has_new_assets[Test for Polkadex]","tests","Wed May 13 15:55:03 UTC 2026","passed","Wed May 13 15:55:03 UTC 2026","TestAssets","test_check_new_assets","",""
"","7","test_has_new_assets[Test for Ternoa]","tests","Wed May 13 15:55:08 UTC 2026","passed","Wed May 13 15:55:08 UTC 2026","TestAssets","test_check_new_assets","",""
"","0","test_rpc_method_is_available[Test for Laos, url: wss://rpc.laos.laosfoundation.io]","tests","Wed May 13 15:59:18 UTC 2026","broken","Wed May 13 15:59:18 UTC 2026","","test_rpc_methods_availability","",""
"","0","test_can_create_connection[Test for Ternoa, url: wss://mainnet.ternoa.network]","tests","Wed May 13 15:57:12 UTC 2026","passed","Wed May 13 15:57:12 UTC 2026","","test_nodes_availability","",""
"","1","test_chainId[Test for Manta Atlantic]","tests","Wed May 13 15:55:47 UTC 2026","passed","Wed May 13 15:55:47 UTC 2026","TestChainId","test_network_parameters","",""
"","0","test_precision[Test for Polkadot Relay]","tests","Wed May 13 15:54:17 UTC 2026","passed","Wed May 13 15:54:17 UTC 2026","TestPrecision","test_network_parameters","",""
"","0","test_chainId[Test for Altair]","tests","Wed May 13 15:54:14 UTC 2026","passed","Wed May 13 15:54:14 UTC 2026","TestChainId","test_network_parameters","",""
"","1","test_precision[Test for Encointer]","tests","Wed May 13 15:54:39 UTC 2026","passed","Wed May 13 15:54:39 UTC 2026","TestPrecision","test_network_parameters","",""
"","78","test_rpc_node_is_synced[Test for Enjin Relay, url: wss://rpc.relay.blockchain.enjin.io]","tests","Wed May 13 15:58:32 UTC 2026","passed","Wed May 13 15:58:32 UTC 2026","","test_substrate_node_is_synced","",""
"","112","test_rpc_method_is_available[Test for GIANT, url: wss://rpc-anchor-2-mainnet-az-ue1.giantprotocol.org:443]","tests","Wed May 13 15:58:06 UTC 2026","passed","Wed May 13 15:58:06 UTC 2026","","test_rpc_methods_availability","",""
"","7","test_has_new_assets[Test for Enjin Relay]","tests","Wed May 13 15:55:54 UTC 2026","passed","Wed May 13 15:55:54 UTC 2026","TestAssets","test_check_new_assets","",""
"","7","test_has_new_assets[Test for peaq]","tests","Wed May 13 15:56:35 UTC 2026","passed","Wed May 13 15:56:35 UTC 2026","TestAssets","test_check_new_assets","",""
"","0","test_chainId[Test for DeepBrain]","tests","Wed May 13 15:56:17 UTC 2026","broken","Wed May 13 15:56:17 UTC 2026","TestChainId","test_network_parameters","",""
"","0","test_can_create_connection[Test for Polkadot Relay, url: wss://rpc-polkadot-1.novasama-tech.org]","tests","Wed May 13 15:54:22 UTC 2026","passed","Wed May 13 15:54:22 UTC 2026","","test_nodes_availability","",""
"","0","test_can_create_connection[Test for CC Enterprise, url: wss://mainnet.creditcoin.network/ws]","tests","Wed May 13 15:59:12 UTC 2026","passed","Wed May 13 15:59:12 UTC 2026","","test_nodes_availability","",""
"","1","test_can_create_connection[Test for Robonomics, url: wss://kusama.rpc.robonomics.network/]","tests","Wed May 13 15:56:26 UTC 2026","passed","Wed May 13 15:56:26 UTC 2026","","test_nodes_availability","",""
"","0","test_can_create_connection[Test for Hyperbridge Nexus, url: wss://nexus.ibp.network]","tests","Wed May 13 15:58:54 UTC 2026","broken","Wed May 13 15:58:54 UTC 2026","","test_nodes_availability","",""
"","0","test_chainId[Test for Cere]","tests","Wed May 13 15:56:00 UTC 2026","passed","Wed May 13 15:56:00 UTC 2026","TestChainId","test_network_parameters","",""
"","0","test_rpc_method_is_available[Test for Bifrost Polkadot, url: wss://bifrost-polkadot.ibp.network]","tests","Wed May 13 15:56:30 UTC 2026","broken","Wed May 13 15:56:30 UTC 2026","","test_rpc_methods_availability","",""
"","104","test_rpc_method_is_available[Test for GIANT, url: wss://rpc-anchor-1-mainnet-az-ue1.giantprotocol.org:443]","tests","Wed May 13 15:58:04 UTC 2026","passed","Wed May 13 15:58:04 UTC 2026","","test_rpc_methods_availability","",""
"","89","test_rpc_method_is_available[Test for XX network, url: wss://rpc.xx.network]","tests","Wed May 13 15:58:47 UTC 2026","passed","Wed May 13 15:58:47 UTC 2026","","test_rpc_methods_availability","",""
"","0","test_can_create_connection[Test for Polkadot Collectives, url: wss://collectives.public.curie.radiumblock.co/ws]","tests","Wed May 13 15:58:14 UTC 2026","passed","Wed May 13 15:58:14 UTC 2026","","test_nodes_availability","",""
"","102","test_rpc_method_is_available[Test for CC Enterprise, url: wss://mainnet.creditcoin.network/ws]","tests","Wed May 13 15:59:03 UTC 2026","passed","Wed May 13 15:59:03 UTC 2026","","test_rpc_methods_availability","",""
"","174","test_rpc_node_is_synced[Test for Kusama Relay, url: wss://rpc-kusama-2.novasama-tech.org]","tests","Wed May 13 15:54:23 UTC 2026","passed","Wed May 13 15:54:23 UTC 2026","","test_substrate_node_is_synced","",""
"","71","test_rpc_node_is_synced[Test for Centrifuge Parachain, url: wss://rpc-centrifuge.luckyfriday.io]","tests","Wed May 13 15:56:01 UTC 2026","passed","Wed May 13 15:56:01 UTC 2026","","test_substrate_node_is_synced","",""
"","1","test_can_create_connection[Test for Bifrost Polkadot, url: wss://eu.bifrost-polkadot-rpc.liebi.com/ws]","tests","Wed May 13 15:56:57 UTC 2026","passed","Wed May 13 15:56:57 UTC 2026","","test_nodes_availability","",""
"","0","test_chainId[Test for Joystream]","tests","Wed May 13 15:55:42 UTC 2026","passed","Wed May 13 15:55:42 UTC 2026","TestChainId","test_network_parameters","",""
"","7","test_has_new_assets[Test for Astar]","tests","Wed May 13 15:54:59 UTC 2026","passed","Wed May 13 15:54:59 UTC 2026","TestAssets","test_check_new_assets","",""
"","0","test_can_create_connection[Test for Polkadot Asset Hub, url: wss://sys.ibp.network/asset-hub-polkadot]","tests","Wed May 13 15:56:17 UTC 2026","passed","Wed May 13 15:56:17 UTC 2026","","test_nodes_availability","",""
"","49","test_rpc_node_is_synced[Test for Polkadot People, url: wss://people-polkadot.public.curie.radiumblock.co/ws]","tests","Wed May 13 15:54:39 UTC 2026","passed","Wed May 13 15:54:39 UTC 2026","","test_substrate_node_is_synced","",""
"","173","test_rpc_node_is_synced[Test for Kusama People, url: wss://kusama-people-rpc.polkadot.io]","tests","Wed May 13 15:54:44 UTC 2026","passed","Wed May 13 15:54:44 UTC 2026","","test_substrate_node_is_synced","",""
"","69","test_rpc_node_is_synced[Test for Polkadot Relay, url: wss://1rpc.io/dot]","tests","Wed May 13 15:54:57 UTC 2026","passed","Wed May 13 15:54:57 UTC 2026","","test_substrate_node_is_synced","",""
"","0","test_chainId[Test for Acala]","tests","Wed May 13 15:54:28 UTC 2026","passed","Wed May 13 15:54:28 UTC 2026","TestChainId","test_network_parameters","",""
"","208","test_rpc_node_is_synced[Test for Hydration, url: wss://rpc-hydra.novasama-tech.org]","tests","Wed May 13 15:56:07 UTC 2026","passed","Wed May 13 15:56:07 UTC 2026","","test_substrate_node_is_synced","",""
"","97","test_rpc_method_is_available[Test for Joystream, url: wss://rpc.joystream.org]","tests","Wed May 13 15:58:34 UTC 2026","passed","Wed May 13 15:58:34 UTC 2026","","test_rpc_methods_availability","",""
"","1","test_chainId[Test for Kusama Coretime]","tests","Wed May 13 15:56:20 UTC 2026","passed","Wed May 13 15:56:20 UTC 2026","TestChainId","test_network_parameters","",""
"","0","test_can_create_connection[Test for Shiden, url: wss://rpc.shiden.astar.network]","tests","Wed May 13 15:56:33 UTC 2026","broken","Wed May 13 15:56:33 UTC 2026","","test_nodes_availability","",""
"","101","test_rpc_method_is_available[Test for Westend (TESTNET), url: wss://westend.public.curie.radiumblock.co/ws]","tests","Wed May 13 15:55:08 UTC 2026","passed","Wed May 13 15:55:08 UTC 2026","","test_rpc_methods_availability","",""
"","0","test_address_prefix[Test for Astar]","tests","Wed May 13 15:55:00 UTC 2026","passed","Wed May 13 15:55:00 UTC 2026","TestNetworkPrefix","test_network_parameters","",""
"","81","test_rpc_node_is_synced[Test for Moonbeam, url: wss://wss.api.moonbeam.network]","tests","Wed May 13 15:54:47 UTC 2026","passed","Wed May 13 15:54:47 UTC 2026","","test_substrate_node_is_synced","",""
"","0","test_can_create_connection[Test for Crust Shadow, url: wss://rpc-shadow.crust.network/]","tests","Wed May 13 15:55:47 UTC 2026","passed","Wed May 13 15:55:47 UTC 2026","","test_nodes_availability","",""
"","0","test_chainId[Test for XX network]","tests","Wed May 13 15:55:30 UTC 2026","broken","Wed May 13 15:55:30 UTC 2026","TestChainId","test_network_parameters","",""
"","0","test_precision[Test for Tanssi]","tests","Wed May 13 15:56:10 UTC 2026","passed","Wed May 13 15:56:10 UTC 2026","TestPrecision","test_network_parameters","",""
"","103","test_rpc_method_is_available[Test for Shiden, url: wss://rpc.shiden.astar.network]","tests","Wed May 13 15:56:20 UTC 2026","passed","Wed May 13 15:56:20 UTC 2026","","test_rpc_methods_availability","",""
"","0","test_can_create_connection[Test for DENTNet, url: wss://rpc.dentnet.io/ws]","tests","Wed May 13 15:59:27 UTC 2026","passed","Wed May 13 15:59:27 UTC 2026","","test_nodes_availability","",""
"","60","test_rpc_node_is_synced[Test for Polkadot Bridge Hub, url: wss://bridge-hub-polkadot.dotters.network]","tests","Wed May 13 15:58:07 UTC 2026","passed","Wed May 13 15:58:07 UTC 2026","","test_substrate_node_is_synced","",""
"","150","test_rpc_node_is_synced[Test for Kusama Coretime, url: wss://kusama-coretime-rpc.polkadot.io]","tests","Wed May 13 15:59:25 UTC 2026","passed","Wed May 13 15:59:25 UTC 2026","","test_substrate_node_is_synced","",""
"","0","test_address_prefix[Test for Kusama Asset Hub]","tests","Wed May 13 15:54:40 UTC 2026","passed","Wed May 13 15:54:40 UTC 2026","TestNetworkPrefix","test_network_parameters","",""
"","0","test_rpc_node_is_synced[Test for QUARTZ, url: wss://eu-ws-quartz.unique.network]","tests","Wed May 13 15:58:23 UTC 2026","broken","Wed May 13 15:58:23 UTC 2026","","test_substrate_node_is_synced","",""
"","131","test_rpc_node_is_synced[Test for Aventus, url: wss://avn-parachain.mainnet.aventus.io]","tests","Wed May 13 15:57:30 UTC 2026","passed","Wed May 13 15:57:31 UTC 2026","","test_substrate_node_is_synced","",""
"","100","test_rpc_method_is_available[Test for Polkadot Relay, url: wss://rpc-polkadot.luckyfriday.io]","tests","Wed May 13 15:55:01 UTC 2026","passed","Wed May 13 15:55:01 UTC 2026","","test_rpc_methods_availability","",""
"","0","test_rpc_method_is_available[Test for Hyperbridge Nexus, url: wss://nexus.dotters.network]","tests","Wed May 13 15:59:14 UTC 2026","broken","Wed May 13 15:59:14 UTC 2026","","test_rpc_methods_availability","",""
"","0","test_precision[Test for Phala]","tests","Wed May 13 15:55:39 UTC 2026","broken","Wed May 13 15:55:39 UTC 2026","TestPrecision","test_network_parameters","",""
"","0","test_can_create_connection[Test for QUARTZ, url: wss://eu-ws-quartz.unique.network]","tests","Wed May 13 15:58:56 UTC 2026","broken","Wed May 13 15:58:56 UTC 2026","","test_nodes_availability","",""
"","0","test_chainId[Test for 3DPass]","tests","Wed May 13 15:55:13 UTC 2026","passed","Wed May 13 15:55:13 UTC 2026","TestChainId","test_network_parameters","",""
"","0","test_rpc_node_is_synced[Test for Hyperbridge Nexus, url: wss://nexus.ibp.network]","tests","Wed May 13 15:58:54 UTC 2026","broken","Wed May 13 15:58:54 UTC 2026","","test_substrate_node_is_synced","",""
"","155","test_rpc_node_is_synced[Test for Energy Web X, url: wss://public-rpc.mainnet.energywebx.com/]","tests","Wed May 13 15:58:36 UTC 2026","passed","Wed May 13 15:58:36 UTC 2026","","test_substrate_node_is_synced","",""
"","0","test_precision[Test for Polkadot Bridge Hub]","tests","Wed May 13 15:55:14 UTC 2026","passed","Wed May 13 15:55:14 UTC 2026","TestPrecision","test_network_parameters","",""
"","0","test_address_prefix[Test for XX network]","tests","Wed May 13 15:55:04 UTC 2026","passed","Wed May 13 15:55:04 UTC 2026","TestNetworkPrefix","test_network_parameters","",""
"","0","test_can_create_connection[Test for Hydration, url: wss://rpc-hydra.novasama-tech.org]","tests","Wed May 13 15:56:03 UTC 2026","passed","Wed May 13 15:56:03 UTC 2026","","test_nodes_availability","",""
"","0","test_precision[Test for Aleph Zero]","tests","Wed May 13 15:55:58 UTC 2026","passed","Wed May 13 15:55:58 UTC 2026","TestPrecision","test_network_parameters","",""
"","158","test_rpc_method_is_available[Test for Kusama Relay, url: wss://1rpc.io/ksm]","tests","Wed May 13 15:54:51 UTC 2026","passed","Wed May 13 15:54:51 UTC 2026","","test_rpc_methods_availability","",""
"","0","test_can_create_connection[Test for Darwinia, url: wss://rpc.darwinia.network]","tests","Wed May 13 15:58:18 UTC 2026","passed","Wed May 13 15:58:18 UTC 2026","","test_nodes_availability","",""
"","110","test_rpc_method_is_available[Test for Robonomics, url: wss://kusama.rpc.robonomics.network/]","tests","Wed May 13 15:56:54 UTC 2026","passed","Wed May 13 15:56:54 UTC 2026","","test_rpc_methods_availability","",""
"","0","test_precision[Test for Robonomics]","tests","Wed May 13 15:54:36 UTC 2026","passed","Wed May 13 15:54:36 UTC 2026","TestPrecision","test_network_parameters","",""
"","159","test_rpc_node_is_synced[Test for UNIQUE, url: wss://eu-ws.unique.network/]","tests","Wed May 13 15:57:09 UTC 2026","passed","Wed May 13 15:57:09 UTC 2026","","test_substrate_node_is_synced","",""
"","0","test_rpc_node_is_synced[Test for Ajuna, url: wss://ajuna.ibp.network]","tests","Wed May 13 15:57:39 UTC 2026","broken","Wed May 13 15:57:39 UTC 2026","","test_substrate_node_is_synced","",""
"","101","test_rpc_method_is_available[Test for Hydration, url: wss://rpc-hydra.novasama-tech.org]","tests","Wed May 13 15:56:02 UTC 2026","passed","Wed May 13 15:56:02 UTC 2026","","test_rpc_methods_availability","",""
"","1","test_can_create_connection[Test for Crust Shadow, url: wss://rpc-sha-subscan.crustnetwork.xyz]","tests","Wed May 13 15:55:37 UTC 2026","passed","Wed May 13 15:55:37 UTC 2026","","test_nodes_availability","",""
"","1","test_chainId[Test for Westend (TESTNET)]","tests","Wed May 13 15:54:36 UTC 2026","passed","Wed May 13 15:54:36 UTC 2026","TestChainId","test_network_parameters","",""
"","1","test_precision[Test for Crust Polkadot Parachain]","tests","Wed May 13 15:55:05 UTC 2026","passed","Wed May 13 15:55:05 UTC 2026","TestPrecision","test_network_parameters","",""
"","0","test_can_create_connection[Test for Polkadot Asset Hub, url: wss://asset-hub-polkadot-rpc.n.dwellir.com]","tests","Wed May 13 15:56:12 UTC 2026","passed","Wed May 13 15:56:12 UTC 2026","","test_nodes_availability","",""
"","98","test_rpc_method_is_available[Test for Kusama Coretime, url: wss://kusama-coretime-rpc.polkadot.io]","tests","Wed May 13 15:59:37 UTC 2026","passed","Wed May 13 15:59:37 UTC 2026","","test_rpc_methods_availability","",""
"","100","test_rpc_method_is_available[Test for Kusama Relay, url: wss://kusama.dotters.network]","tests","Wed May 13 15:54:33 UTC 2026","passed","Wed May 13 15:54:33 UTC 2026","","test_rpc_methods_availability","",""
"","0","test_rpc_node_is_synced[Test for Laos, url: wss://rpc.laos.laosfoundation.io]","tests","Wed May 13 15:59:12 UTC 2026","broken","Wed May 13 15:59:12 UTC 2026","","test_substrate_node_is_synced","",""
"","0","test_address_prefix[Test for Laos]","tests","Wed May 13 15:56:27 UTC 2026","broken","Wed May 13 15:56:27 UTC 2026","TestNetworkPrefix","test_network_parameters","",""
"","0","test_address_prefix[Test for Bittensor]","tests","Wed May 13 15:55:14 UTC 2026","passed","Wed May 13 15:55:14 UTC 2026","TestNetworkPrefix","test_network_parameters","",""
"","102","test_rpc_method_is_available[Test for Heima, url: wss://heima-rpc.n.dwellir.com]","tests","Wed May 13 15:57:08 UTC 2026","passed","Wed May 13 15:57:08 UTC 2026","","test_rpc_methods_availability","",""
"","176","test_rpc_node_is_synced[Test for Polkadot Coretime, url: wss://polkadot-coretime-rpc.polkadot.io]","tests","Wed May 13 15:59:19 UTC 2026","passed","Wed May 13 15:59:20 UTC 2026","","test_substrate_node_is_synced","",""
"","1","test_address_prefix[Test for Mythos]","tests","Wed May 13 15:56:02 UTC 2026","passed","Wed May 13 15:56:02 UTC 2026","TestNetworkPrefix","test_network_parameters","",""
"","152","test_rpc_node_is_synced[Test for Tanssi, url: wss://services.tanssi-mainnet.network/tanssi]","tests","Wed May 13 15:59:32 UTC 2026","passed","Wed May 13 15:59:33 UTC 2026","","test_substrate_node_is_synced","",""
"","174","test_rpc_method_is_available[Test for Polkadot People, url: wss://polkadot-people-rpc.polkadot.io]","tests","Wed May 13 15:54:25 UTC 2026","passed","Wed May 13 15:54:26 UTC 2026","","test_rpc_methods_availability","",""
"","0","test_can_create_connection[Test for peaq, url: wss://peaq-rpc.publicnode.com]","tests","Wed May 13 15:59:25 UTC 2026","passed","Wed May 13 15:59:25 UTC 2026","","test_nodes_availability","",""
"","0","test_can_create_connection[Test for Kusama People, url: wss://ksm-rpc.stakeworld.io/people]","tests","Wed May 13 15:54:52 UTC 2026","passed","Wed May 13 15:54:52 UTC 2026","","test_nodes_availability","",""
"","0","test_has_new_assets[Test for Laos]","tests","Wed May 13 15:56:35 UTC 2026","broken","Wed May 13 15:56:35 UTC 2026","TestAssets","test_check_new_assets","",""
"","7","test_has_new_assets[Test for Humanode]","tests","Wed May 13 15:56:22 UTC 2026","passed","Wed May 13 15:56:22 UTC 2026","TestAssets","test_check_new_assets","",""
"","197","test_rpc_node_is_synced[Test for Kusama Relay, url: wss://1rpc.io/ksm]","tests","Wed May 13 15:54:51 UTC 2026","passed","Wed May 13 15:54:51 UTC 2026","","test_substrate_node_is_synced","",""
"","1","test_address_prefix[Test for Ternoa]","tests","Wed May 13 15:55:14 UTC 2026","passed","Wed May 13 15:55:14 UTC 2026","TestNetworkPrefix","test_network_parameters","",""
"","0","test_precision[Test for Energy Web X]","tests","Wed May 13 15:55:32 UTC 2026","passed","Wed May 13 15:55:32 UTC 2026","TestPrecision","test_network_parameters","",""
"","0","test_chainId[Test for Kusama Asset Hub]","tests","Wed May 13 15:54:41 UTC 2026","passed","Wed May 13 15:54:41 UTC 2026","TestChainId","test_network_parameters","",""
"","11","test_has_new_assets[Test for Kreivo]","tests","Wed May 13 15:56:12 UTC 2026","passed","Wed May 13 15:56:12 UTC 2026","TestAssets","test_check_new_assets","",""
"","99","test_rpc_method_is_available[Test for Polkadot Relay, url: wss://apps-rpc.polkadot.io]","tests","Wed May 13 15:54:43 UTC 2026","passed","Wed May 13 15:54:43 UTC 2026","","test_rpc_methods_availability","",""
"","0","test_address_prefix[Test for Polkadot Collectives]","tests","Wed May 13 15:55:31 UTC 2026","passed","Wed May 13 15:55:31 UTC 2026","TestNetworkPrefix","test_network_parameters","",""
"","104","test_rpc_method_is_available[Test for Kusama Relay, url: wss://rpc-kusama-1.novasama-tech.org]","tests","Wed May 13 15:55:08 UTC 2026","passed","Wed May 13 15:55:08 UTC 2026","","test_rpc_methods_availability","",""
"","1","test_can_create_connection[Test for Kusama Relay, url: wss://rpc-kusama.luckyfriday.io]","tests","Wed May 13 15:54:41 UTC 2026","passed","Wed May 13 15:54:41 UTC 2026","","test_nodes_availability","",""
"","0","test_can_create_connection[Test for Karura, url: wss://karura-rpc-0.aca-api.network]","tests","Wed May 13 15:54:17 UTC 2026","passed","Wed May 13 15:54:17 UTC 2026","","test_nodes_availability","",""
"","0","test_can_create_connection[Test for Karura, url: wss://karura-rpc-3.aca-api.network/ws]","tests","Wed May 13 15:54:31 UTC 2026","passed","Wed May 13 15:54:31 UTC 2026","","test_nodes_availability","",""
"","7","test_has_new_assets[Test for Robonomics]","tests","Wed May 13 15:54:34 UTC 2026","passed","Wed May 13 15:54:34 UTC 2026","TestAssets","test_check_new_assets","",""
"","0","test_address_prefix[Test for JAMTON]","tests","Wed May 13 15:56:33 UTC 2026","passed","Wed May 13 15:56:33 UTC 2026","TestNetworkPrefix","test_network_parameters","",""
"","206","test_rpc_node_is_synced[Test for Kusama Relay, url: wss://rpc-kusama-1.novasama-tech.org]","tests","Wed May 13 15:55:06 UTC 2026","passed","Wed May 13 15:55:07 UTC 2026","","test_substrate_node_is_synced","",""
"","209","test_rpc_node_is_synced[Test for Polkadot Relay, url: wss://rpc-polkadot-1.novasama-tech.org]","tests","Wed May 13 15:54:23 UTC 2026","passed","Wed May 13 15:54:23 UTC 2026","","test_substrate_node_is_synced","",""
"","12","test_has_new_assets[Test for XX network]","tests","Wed May 13 15:55:18 UTC 2026","passed","Wed May 13 15:55:18 UTC 2026","TestAssets","test_check_new_assets","",""
"","162","test_rpc_node_is_synced[Test for Moonriver, url: wss://moonriver-rpc.publicnode.com]","tests","Wed May 13 15:54:58 UTC 2026","passed","Wed May 13 15:54:58 UTC 2026","","test_substrate_node_is_synced","",""
"","381","test_subquery_is_synced","tests","Wed May 13 15:54:33 UTC 2026","broken","Wed May 13 15:54:34 UTC 2026","","test_subquery_is_synced","",""
"","1","test_precision[Test for Ternoa]","tests","Wed May 13 15:54:52 UTC 2026","passed","Wed May 13 15:54:52 UTC 2026","TestPrecision","test_network_parameters","",""
"","0","test_address_prefix[Test for Nodle Parachain]","tests","Wed May 13 15:55:27 UTC 2026","broken","Wed May 13 15:55:27 UTC 2026","TestNetworkPrefix","test_network_parameters","",""
"","102","test_rpc_method_is_available[Test for Kusama Coretime, url: wss://coretime-kusama.dotters.network]","tests","Wed May 13 15:59:32 UTC 2026","passed","Wed May 13 15:59:32 UTC 2026","","test_rpc_methods_availability","",""
"","0","test_address_prefix[Test for Acala]","tests","Wed May 13 15:54:35 UTC 2026","passed","Wed May 13 15:54:35 UTC 2026","TestNetworkPrefix","test_network_parameters","",""
"","173","test_rpc_method_is_available[Test for Polkadot People, url: wss://sys.ibp.network/people-polkadot]","tests","Wed May 13 15:54:28 UTC 2026","passed","Wed May 13 15:54:28 UTC 2026","","test_rpc_methods_availability","",""
"","0","test_rpc_method_is_available[Test for Nodle Parachain, url: wss://nodle-parachain.api.onfinality.io/public-ws]","tests","Wed May 13 15:55:40 UTC 2026","broken","Wed May 13 15:55:40 UTC 2026","","test_rpc_methods_availability","",""
"","7","test_has_new_assets[Test for Kusama Asset Hub]","tests","Wed May 13 15:54:31 UTC 2026","passed","Wed May 13 15:54:31 UTC 2026","TestAssets","test_check_new_assets","",""
"","101","test_rpc_method_is_available[Test for Hydration, url: wss://rpc.hydradx.cloud]","tests","Wed May 13 15:56:09 UTC 2026","passed","Wed May 13 15:56:09 UTC 2026","","test_rpc_methods_availability","",""
"","0","test_chainId[Test for Aventus]","tests","Wed May 13 15:55:59 UTC 2026","passed","Wed May 13 15:55:59 UTC 2026","TestChainId","test_network_parameters","",""
"","0","test_can_create_connection[Test for Kusama Relay, url: wss://rpc-kusama-2.novasama-tech.org]","tests","Wed May 13 15:54:21 UTC 2026","passed","Wed May 13 15:54:21 UTC 2026","","test_nodes_availability","",""
"","98","test_rpc_method_is_available[Test for Polkadot Relay, url: wss://rpc.ibp.network/polkadot]","tests","Wed May 13 15:54:32 UTC 2026","passed","Wed May 13 15:54:32 UTC 2026","","test_rpc_methods_availability","",""
"","0","test_can_create_connection[Test for Nodle Parachain, url: wss://nodle-parachain.api.onfinality.io/public-ws]","tests","Wed May 13 15:55:42 UTC 2026","broken","Wed May 13 15:55:42 UTC 2026","","test_nodes_availability","",""
"","0","test_rpc_method_is_available[Test for UNIQUE, url: wss://unique.ibp.network]","tests","Wed May 13 15:57:11 UTC 2026","broken","Wed May 13 15:57:11 UTC 2026","","test_rpc_methods_availability","",""
"","0","test_can_create_connection[Test for Kusama Coretime, url: wss://rpc-coretime-kusama.luckyfriday.io]","tests","Wed May 13 15:59:46 UTC 2026","passed","Wed May 13 15:59:46 UTC 2026","","test_nodes_availability","",""
"","0","test_chainId[Test for peaq]","tests","Wed May 13 15:56:21 UTC 2026","passed","Wed May 13 15:56:21 UTC 2026","TestChainId","test_network_parameters","",""
"","0","test_chainId[Test for Acurast]","tests","Wed May 13 15:56:25 UTC 2026","passed","Wed May 13 15:56:25 UTC 2026","TestChainId","test_network_parameters","",""
"","1","test_address_prefix[Test for Aventus]","tests","Wed May 13 15:55:17 UTC 2026","passed","Wed May 13 15:55:17 UTC 2026","TestNetworkPrefix","test_network_parameters","",""
"","0","test_can_create_connection[Test for Polkadot People, url: wss://people-polkadot.public.curie.radiumblock.co/ws]","tests","Wed May 13 15:54:36 UTC 2026","passed","Wed May 13 15:54:36 UTC 2026","","test_nodes_availability","",""
"","154","test_rpc_node_is_synced[Test for Vara, url: wss://rpc.vara-network.io]","tests","Wed May 13 15:58:06 UTC 2026","passed","Wed May 13 15:58:06 UTC 2026","","test_substrate_node_is_synced","",""
"","0","test_precision[Test for GIANT]","tests","Wed May 13 15:55:15 UTC 2026","passed","Wed May 13 15:55:15 UTC 2026","TestPrecision","test_network_parameters","",""
"","0","test_chainId[Test for Darwinia]","tests","Wed May 13 15:55:21 UTC 2026","passed","Wed May 13 15:55:21 UTC 2026","TestChainId","test_network_parameters","",""
"","1","test_can_create_connection[Test for Vara, url: wss://rpc.vara-network.io]","tests","Wed May 13 15:58:07 UTC 2026","passed","Wed May 13 15:58:07 UTC 2026","","test_nodes_availability","",""
"","22","test_rpc_node_is_synced[Test for Crust Polkadot Parachain, url: wss://crust-parachain.crustapps.net]","tests","Wed May 13 15:57:25 UTC 2026","passed","Wed May 13 15:57:25 UTC 2026","","test_substrate_node_is_synced","",""
"","0","test_rpc_method_is_available[Test for Curio, url: wss://archive.parachain.curioinvest.com]","tests","Wed May 13 15:58:51 UTC 2026","broken","Wed May 13 15:58:51 UTC 2026","","test_rpc_methods_availability","",""
"","0","test_can_create_connection[Test for Polkadot Asset Hub, url: wss://asset-hub-polkadot.dotters.network]","tests","Wed May 13 15:56:23 UTC 2026","passed","Wed May 13 15:56:23 UTC 2026","","test_nodes_availability","",""
"","94","test_rpc_method_is_available[Test for Cere, url: wss://rpc.mainnet.cere.network/ws]","tests","Wed May 13 15:59:54 UTC 2026","passed","Wed May 13 15:59:54 UTC 2026","","test_rpc_methods_availability","",""
"","0","test_address_prefix[Test for Encointer]","tests","Wed May 13 15:54:44 UTC 2026","passed","Wed May 13 15:54:44 UTC 2026","TestNetworkPrefix","test_network_parameters","",""
"","171","test_rpc_node_is_synced[Test for Westend (TESTNET), url: wss://westend-rpc.polkadot.io]","tests","Wed May 13 15:55:02 UTC 2026","passed","Wed May 13 15:55:02 UTC 2026","","test_substrate_node_is_synced","",""
"","99","test_rpc_method_is_available[Test for Centrifuge Parachain, url: wss://rpc-centrifuge.luckyfriday.io]","tests","Wed May 13 15:55:56 UTC 2026","passed","Wed May 13 15:55:56 UTC 2026","","test_rpc_methods_availability","",""
"","67","test_rpc_node_is_synced[Test for Interlay, url: wss://rpc-interlay.luckyfriday.io/]","tests","Wed May 13 15:55:37 UTC 2026","passed","Wed May 13 15:55:37 UTC 2026","","test_substrate_node_is_synced","",""
"","101","test_rpc_method_is_available[Test for Kusama Asset Hub, url: wss://sys.ibp.network/statemine]","tests","Wed May 13 15:55:13 UTC 2026","passed","Wed May 13 15:55:13 UTC 2026","","test_rpc_methods_availability","",""
"","0","test_chainId[Test for Heima]","tests","Wed May 13 15:54:58 UTC 2026","passed","Wed May 13 15:54:58 UTC 2026","TestChainId","test_network_parameters","",""
"","8","test_has_new_assets[Test for Westend (TESTNET)]","tests","Wed May 13 15:54:27 UTC 2026","passed","Wed May 13 15:54:27 UTC 2026","TestAssets","test_check_new_assets","",""
"","101","test_rpc_method_is_available[Test for Aventus, url: wss://avn-parachain.mainnet.aventus.io]","tests","Wed May 13 15:57:26 UTC 2026","passed","Wed May 13 15:57:26 UTC 2026","","test_rpc_methods_availability","",""
"","0","test_can_create_connection[Test for Mythos, url: wss://mythos-rpc.dmarket.com]","tests","Wed May 13 15:58:38 UTC 2026","passed","Wed May 13 15:58:38 UTC 2026","","test_nodes_availability","",""
"","0","test_chainId[Test for Polkadot People]","tests","Wed May 13 15:54:14 UTC 2026","passed","Wed May 13 15:54:14 UTC 2026","TestChainId","test_network_parameters","",""
"","93","test_rpc_method_is_available[Test for Kusama Coretime, url: wss://rpc-coretime-kusama.luckyfriday.io]","tests","Wed May 13 15:59:34 UTC 2026","passed","Wed May 13 15:59:34 UTC 2026","","test_rpc_methods_availability","",""
"","290","test_rpc_node_is_synced[Test for Karura, url: wss://karura-rpc-1.aca-api.network]","tests","Wed May 13 15:54:26 UTC 2026","passed","Wed May 13 15:54:27 UTC 2026","","test_substrate_node_is_synced","",""
"","68","test_rpc_node_is_synced[Test for Kusama Asset Hub, url: wss://asset-hub-kusama.dotters.network]","tests","Wed May 13 15:54:23 UTC 2026","passed","Wed May 13 15:54:23 UTC 2026","","test_substrate_node_is_synced","",""
"","157","test_rpc_node_is_synced[Test for Polkadot Relay, url: wss://apps-rpc.polkadot.io]","tests","Wed May 13 15:54:43 UTC 2026","passed","Wed May 13 15:54:44 UTC 2026","","test_substrate_node_is_synced","",""
"","0","test_rpc_node_is_synced[Test for DeepBrain, url: wss://info.dbcwallet.io]","tests","Wed May 13 15:59:11 UTC 2026","broken","Wed May 13 15:59:11 UTC 2026","","test_substrate_node_is_synced","",""
"","12","test_has_new_assets[Test for Shiden]","tests","Wed May 13 15:54:41 UTC 2026","passed","Wed May 13 15:54:41 UTC 2026","TestAssets","test_check_new_assets","",""
"","0","test_address_prefix[Test for Kusama People]","tests","Wed May 13 15:54:25 UTC 2026","passed","Wed May 13 15:54:25 UTC 2026","TestNetworkPrefix","test_network_parameters","",""
"","22","test_rpc_node_is_synced[Test for Polkadot Relay, url: wss://rpc.ibp.network/polkadot]","tests","Wed May 13 15:54:32 UTC 2026","passed","Wed May 13 15:54:32 UTC 2026","","test_substrate_node_is_synced","",""
"","0","test_chainId[Test for Hyperbridge Nexus]","tests","Wed May 13 15:56:37 UTC 2026","broken","Wed May 13 15:56:37 UTC 2026","TestChainId","test_network_parameters","",""
"","0","test_can_create_connection[Test for Westend (TESTNET), url: wss://westend.public.curie.radiumblock.co/ws]","tests","Wed May 13 15:55:07 UTC 2026","passed","Wed May 13 15:55:07 UTC 2026","","test_nodes_availability","",""
"","0","test_can_create_connection[Test for Curio, url: wss://archive.parachain.curioinvest.com]","tests","Wed May 13 15:58:42 UTC 2026","broken","Wed May 13 15:58:42 UTC 2026","","test_nodes_availability","",""
"","0","test_address_prefix[Test for Kusama Bridge Hub]","tests","Wed May 13 15:55:29 UTC 2026","passed","Wed May 13 15:55:29 UTC 2026","TestNetworkPrefix","test_network_parameters","",""
"","183","test_rpc_method_is_available[Test for Kusama Relay, url: wss://rpc-kusama-2.novasama-tech.org]","tests","Wed May 13 15:54:22 UTC 2026","passed","Wed May 13 15:54:22 UTC 2026","","test_rpc_methods_availability","",""
"","1","test_address_prefix[Test for Cere]","tests","Wed May 13 15:56:03 UTC 2026","passed","Wed May 13 15:56:03 UTC 2026","TestNetworkPrefix","test_network_parameters","",""
"","97","test_rpc_method_is_available[Test for Astar, url: wss://astar-rpc.n.dwellir.com]","tests","Wed May 13 15:56:21 UTC 2026","passed","Wed May 13 15:56:21 UTC 2026","","test_rpc_methods_availability","",""
"","0","test_can_create_connection[Test for Ajuna, url: wss://ajuna.dotters.network]","tests","Wed May 13 15:57:57 UTC 2026","broken","Wed May 13 15:57:57 UTC 2026","","test_nodes_availability","",""
"","1","test_address_prefix[Test for Polkadot People]","tests","Wed May 13 15:54:22 UTC 2026","passed","Wed May 13 15:54:22 UTC 2026","TestNetworkPrefix","test_network_parameters","",""
"","98","test_rpc_method_is_available[Test for Polkadot Collectives, url: wss://dot-rpc.stakeworld.io/collectives]","tests","Wed May 13 15:58:29 UTC 2026","passed","Wed May 13 15:58:29 UTC 2026","","test_rpc_methods_availability","",""
"","0","test_can_create_connection[Test for Kusama Bridge Hub, url: wss://sys.ibp.network/bridgehub-kusama]","tests","Wed May 13 15:58:05 UTC 2026","passed","Wed May 13 15:58:05 UTC 2026","","test_nodes_availability","",""
"","1","test_precision[Test for Interlay]","tests","Wed May 13 15:54:48 UTC 2026","passed","Wed May 13 15:54:48 UTC 2026","TestPrecision","test_network_parameters","",""
"","0","test_chainId[Test for Bifrost Kusama]","tests","Wed May 13 15:54:24 UTC 2026","passed","Wed May 13 15:54:24 UTC 2026","TestChainId","test_network_parameters","",""
"","0","test_has_new_assets[Test for DAO IPCI]","tests","Wed May 13 15:55:25 UTC 2026","broken","Wed May 13 15:55:25 UTC 2026","TestAssets","test_check_new_assets","",""
"","333","test_rpc_node_is_synced[Test for Astar, url: wss://rpc.astar.network]","tests","Wed May 13 15:55:28 UTC 2026","passed","Wed May 13 15:55:29 UTC 2026","","test_substrate_node_is_synced","",""
"","0","test_precision[Test for Aventus]","tests","Wed May 13 15:55:10 UTC 2026","passed","Wed May 13 15:55:10 UTC 2026","TestPrecision","test_network_parameters","",""
"","154","test_rpc_node_is_synced[Test for Centrifuge Parachain, url: wss://fullnode.centrifuge.io]","tests","Wed May 13 15:55:56 UTC 2026","passed","Wed May 13 15:55:56 UTC 2026","","test_substrate_node_is_synced","",""
"","0","test_rpc_method_is_available[Test for Moonbeam, url: wss://moonbeam.dotters.network]","tests","Wed May 13 15:55:05 UTC 2026","broken","Wed May 13 15:55:05 UTC 2026","","test_rpc_methods_availability","",""
"","96","test_has_new_assets[Test for Polkadot People]","tests","Wed May 13 15:54:16 UTC 2026","passed","Wed May 13 15:54:16 UTC 2026","TestAssets","test_check_new_assets","",""
"","0","test_address_prefix[Test for Hydration]","tests","Wed May 13 15:55:11 UTC 2026","passed","Wed May 13 15:55:11 UTC 2026","TestNetworkPrefix","test_network_parameters","",""
"","0","test_address_prefix[Test for Avail]","tests","Wed May 13 15:56:06 UTC 2026","passed","Wed May 13 15:56:06 UTC 2026","TestNetworkPrefix","test_network_parameters","",""
"","0","test_chainId[Test for Robonomics]","tests","Wed May 13 15:54:31 UTC 2026","passed","Wed May 13 15:54:31 UTC 2026","TestChainId","test_network_parameters","",""
"","0","test_address_prefix[Test for Polkadex]","tests","Wed May 13 15:54:45 UTC 2026","passed","Wed May 13 15:54:45 UTC 2026","TestNetworkPrefix","test_network_parameters","",""
"","138","test_rpc_method_is_available[Test for Energy Web X, url: wss://public-rpc.mainnet.energywebx.com/]","tests","Wed May 13 15:58:38 UTC 2026","passed","Wed May 13 15:58:39 UTC 2026","","test_rpc_methods_availability","",""
"","99","test_rpc_method_is_available[Test for Aventus, url: wss://public-rpc.mainnet.aventus.io]","tests","Wed May 13 15:57:32 UTC 2026","passed","Wed May 13 15:57:32 UTC 2026","","test_rpc_methods_availability","",""
"","0","test_address_prefix[Test for Darwinia]","tests","Wed May 13 15:55:21 UTC 2026","passed","Wed May 13 15:55:21 UTC 2026","TestNetworkPrefix","test_network_parameters","",""
"","0","test_chainId[Test for Creditcoin]","tests","Wed May 13 15:56:04 UTC 2026","passed","Wed May 13 15:56:04 UTC 2026","TestChainId","test_network_parameters","",""
"","64","test_rpc_node_is_synced[Test for Kusama Coretime, url: wss://coretime-kusama.dotters.network]","tests","Wed May 13 15:59:23 UTC 2026","passed","Wed May 13 15:59:23 UTC 2026","","test_substrate_node_is_synced","",""
"","103","test_rpc_method_is_available[Test for Basilisk, url: wss://rpc.basilisk.cloud]","tests","Wed May 13 15:57:55 UTC 2026","passed","Wed May 13 15:57:56 UTC 2026","","test_rpc_methods_availability","",""
"","99","test_rpc_method_is_available[Test for Acala, url: wss://acala-rpc-0.aca-api.network]","tests","Wed May 13 15:58:40 UTC 2026","passed","Wed May 13 15:58:40 UTC 2026","","test_rpc_methods_availability","",""
"","160","test_rpc_node_is_synced[Test for Acurast, url: wss://public-archive.mainnet.acurast.com]","tests","Wed May 13 15:59:35 UTC 2026","passed","Wed May 13 15:59:35 UTC 2026","","test_substrate_node_is_synced","",""
"","0","test_chainId[Test for Enjin Matrix]","tests","Wed May 13 15:55:37 UTC 2026","passed","Wed May 13 15:55:37 UTC 2026","TestChainId","test_network_parameters","",""
"","0","test_chainId[Test for Polkadot Asset Hub]","tests","Wed May 13 15:54:28 UTC 2026","passed","Wed May 13 15:54:28 UTC 2026","TestChainId","test_network_parameters","",""
"","105","test_rpc_method_is_available[Test for Acala, url: wss://acala-rpc-1.aca-api.network]","tests","Wed May 13 15:58:44 UTC 2026","passed","Wed May 13 15:58:44 UTC 2026","","test_rpc_methods_availability","",""
"","0","test_precision[Test for NeuroWeb]","tests","Wed May 13 15:54:42 UTC 2026","passed","Wed May 13 15:54:42 UTC 2026","TestPrecision","test_network_parameters","",""
"","0","test_precision[Test for QUARTZ]","tests","Wed May 13 15:54:26 UTC 2026","broken","Wed May 13 15:54:26 UTC 2026","TestPrecision","test_network_parameters","",""
"","7","test_has_new_assets[Test for Crust Polkadot Parachain]","tests","Wed May 13 15:55:26 UTC 2026","passed","Wed May 13 15:55:26 UTC 2026","TestAssets","test_check_new_assets","",""
"","1","test_chainId[Test for Ternoa]","tests","Wed May 13 15:54:57 UTC 2026","passed","Wed May 13 15:54:57 UTC 2026","TestChainId","test_network_parameters","",""
"","162","test_rpc_node_is_synced[Test for Polkadot People, url: wss://polkadot-people-rpc.polkadot.io]","tests","Wed May 13 15:54:28 UTC 2026","passed","Wed May 13 15:54:28 UTC 2026","","test_substrate_node_is_synced","",""
"","0","test_can_create_connection[Test for Laos, url: wss://rpc.laos.laosfoundation.io]","tests","Wed May 13 15:59:36 UTC 2026","broken","Wed May 13 15:59:36 UTC 2026","","test_nodes_availability","",""
"","0","test_precision[Test for Kreivo]","tests","Wed May 13 15:55:44 UTC 2026","passed","Wed May 13 15:55:44 UTC 2026","TestPrecision","test_network_parameters","",""
"","147","test_rpc_node_is_synced[Test for Kusama Bridge Hub, url: wss://ksm-rpc.stakeworld.io/bridgehub]","tests","Wed May 13 15:58:15 UTC 2026","passed","Wed May 13 15:58:15 UTC 2026","","test_substrate_node_is_synced","",""
"","60","test_rpc_node_is_synced[Test for Frequency, url: wss://0.rpc.frequency.xyz]","tests","Wed May 13 15:57:59 UTC 2026","passed","Wed May 13 15:57:59 UTC 2026","","test_substrate_node_is_synced","",""
"","0","test_can_create_connection[Test for Kusama Bridge Hub, url: wss://ksm-rpc.stakeworld.io/bridgehub]","tests","Wed May 13 15:58:11 UTC 2026","passed","Wed May 13 15:58:11 UTC 2026","","test_nodes_availability","",""
"","7","test_has_new_assets[Test for Manta Atlantic]","tests","Wed May 13 15:56:47 UTC 2026","passed","Wed May 13 15:56:47 UTC 2026","TestAssets","test_check_new_assets","",""
"","0","test_rpc_method_is_available[Test for Bifrost Kusama, url: wss://us.bifrost-rpc.liebi.com/ws]","tests","Wed May 13 15:57:29 UTC 2026","broken","Wed May 13 15:57:29 UTC 2026","","test_rpc_methods_availability","",""
"","1","test_can_create_connection[Test for Polkadot Relay, url: wss://rpc-polkadot-2.novasama-tech.org]","tests","Wed May 13 15:54:27 UTC 2026","passed","Wed May 13 15:54:27 UTC 2026","","test_nodes_availability","",""
"","0","test_precision[Test for Polymesh]","tests","Wed May 13 15:54:56 UTC 2026","passed","Wed May 13 15:54:56 UTC 2026","TestPrecision","test_network_parameters","",""
"","1","test_can_create_connection[Test for Polkadot Relay, url: wss://polkadot.dotters.network]","tests","Wed May 13 15:54:37 UTC 2026","passed","Wed May 13 15:54:37 UTC 2026","","test_nodes_availability","",""
"","0","test_address_prefix[Test for Kintsugi]","tests","Wed May 13 15:54:49 UTC 2026","passed","Wed May 13 15:54:49 UTC 2026","TestNetworkPrefix","test_network_parameters","",""
"","0","test_address_prefix[Test for Joystream]","tests","Wed May 13 15:55:46 UTC 2026","passed","Wed May 13 15:55:46 UTC 2026","TestNetworkPrefix","test_network_parameters","",""
"","101","test_rpc_method_is_available[Test for Kusama Coretime, url: wss://sys.ibp.network/coretime-kusama]","tests","Wed May 13 15:59:29 UTC 2026","passed","Wed May 13 15:59:29 UTC 2026","","test_rpc_methods_availability","",""
"","0","test_can_create_connection[Test for Pendulum, url: wss://rpc-pendulum.prd.pendulumchain.tech]","tests","Wed May 13 15:57:22 UTC 2026","passed","Wed May 13 15:57:22 UTC 2026","","test_nodes_availability","",""
"","146","test_rpc_node_is_synced[Test for Kusama Coretime, url: wss://ksm-rpc.stakeworld.io/coretime]","tests","Wed May 13 15:59:29 UTC 2026","passed","Wed May 13 15:59:29 UTC 2026","","test_substrate_node_is_synced","",""
"","0","test_chainId[Test for GIANT]","tests","Wed May 13 15:55:18 UTC 2026","passed","Wed May 13 15:55:18 UTC 2026","TestChainId","test_network_parameters","",""
"","0","test_chainId[Test for Karura]","tests","Wed May 13 15:54:19 UTC 2026","passed","Wed May 13 15:54:19 UTC 2026","TestChainId","test_network_parameters","",""
"","101","test_rpc_method_is_available[Test for Phala, url: wss://phala.public.curie.radiumblock.co/ws]","tests","Wed May 13 15:56:50 UTC 2026","passed","Wed May 13 15:56:51 UTC 2026","","test_rpc_methods_availability","",""
"","63","test_rpc_node_is_synced[Test for Kusama People, url: wss://people-kusama.dotters.network]","tests","Wed May 13 15:54:49 UTC 2026","passed","Wed May 13 15:54:49 UTC 2026","","test_substrate_node_is_synced","",""
"","1","test_address_prefix[Test for 3DPass]","tests","Wed May 13 15:55:22 UTC 2026","passed","Wed May 13 15:55:22 UTC 2026","TestNetworkPrefix","test_network_parameters","",""
"","93","test_rpc_method_is_available[Test for Polkadot Coretime, url: wss://sys.ibp.network/coretime-polkadot]","tests","Wed May 13 15:59:28 UTC 2026","passed","Wed May 13 15:59:28 UTC 2026","","test_rpc_methods_availability","",""
"","0","test_rpc_method_is_available[Test for QUARTZ, url: wss://quartz.unique.network]","tests","Wed May 13 15:58:11 UTC 2026","broken","Wed May 13 15:58:11 UTC 2026","","test_rpc_methods_availability","",""
"","172","test_rpc_node_is_synced[Test for Basilisk, url: wss://rpc.basilisk.cloud]","tests","Wed May 13 15:57:56 UTC 2026","passed","Wed May 13 15:57:56 UTC 2026","","test_substrate_node_is_synced","",""
"","0","test_can_create_connection[Test for Acurast Canary, url: wss://public-rpc.canary.acurast.com]","tests","Wed May 13 15:59:03 UTC 2026","passed","Wed May 13 15:59:03 UTC 2026","","test_nodes_availability","",""
"","148","test_rpc_node_is_synced[Test for Polkadot Relay, url: wss://rpc-polkadot-2.novasama-tech.org]","tests","Wed May 13 15:54:28 UTC 2026","passed","Wed May 13 15:54:28 UTC 2026","","test_substrate_node_is_synced","",""
"","0","test_rpc_method_is_available[Test for Ajuna, url: wss://ajuna.dotters.network]","tests","Wed May 13 15:57:52 UTC 2026","broken","Wed May 13 15:57:52 UTC 2026","","test_rpc_methods_availability","",""
"","0","test_address_prefix[Test for Zeitgeist]","tests","Wed May 13 15:54:52 UTC 2026","passed","Wed May 13 15:54:52 UTC 2026","TestNetworkPrefix","test_network_parameters","",""
"","56","test_rpc_node_is_synced[Test for Polkadot Collectives, url: wss://collectives.public.curie.radiumblock.co/ws]","tests","Wed May 13 15:58:18 UTC 2026","passed","Wed May 13 15:58:18 UTC 2026","","test_substrate_node_is_synced","",""
"","102","test_rpc_method_is_available[Test for Interlay, url: wss://rpc-interlay.luckyfriday.io/]","tests","Wed May 13 15:55:30 UTC 2026","passed","Wed May 13 15:55:30 UTC 2026","","test_rpc_methods_availability","",""
"","0","test_chainId[Test for Nodle Parachain]","tests","Wed May 13 15:54:56 UTC 2026","broken","Wed May 13 15:54:56 UTC 2026","TestChainId","test_network_parameters","",""
"","132","test_rpc_node_is_synced[Test for Aventus, url: wss://public-rpc.mainnet.aventus.io]","tests","Wed May 13 15:57:36 UTC 2026","passed","Wed May 13 15:57:36 UTC 2026","","test_substrate_node_is_synced","",""
"","105","test_rpc_method_is_available[Test for Moonriver, url: wss://wss.api.moonriver.moonbeam.network]","tests","Wed May 13 15:55:22 UTC 2026","passed","Wed May 13 15:55:22 UTC 2026","","test_rpc_methods_availability","",""
"","102","test_rpc_method_is_available[Test for Shiden, url: wss://shiden.public.curie.radiumblock.co/ws]","tests","Wed May 13 15:56:27 UTC 2026","passed","Wed May 13 15:56:28 UTC 2026","","test_rpc_methods_availability","",""
"","0","test_rpc_node_is_synced[Test for Phala, url: wss://api.phala.network/ws]","tests","Wed May 13 15:56:40 UTC 2026","broken","Wed May 13 15:56:40 UTC 2026","","test_substrate_node_is_synced","",""
"","96","test_rpc_method_is_available[Test for Encointer, url: wss://encointer-kusama.dotters.network]","tests","Wed May 13 15:56:59 UTC 2026","passed","Wed May 13 15:56:59 UTC 2026","","test_rpc_methods_availability","",""
